consignee_id,name,address,district,importer_id,tin
C00001,"Metro Trading Co., Ltd",369 Airport Road,North,IMP00001,T100004
C00002,Prescott Imports Group Ltd,102 Temple Street,East,IMP00002,T100013
C00003,Saffron Trading & Sons,53 Garden Lane,Capital,IMP00003,T100016
C00004,"Harmony Fruits Co., Ltd",297 Airport Road,North,IMP00004,T100025
C00005,Central Foods Limited,24 Harbour Road,East,IMP00005,T100033
C00006,Saffron Textiles Co.,8 Mill Road,North,IMP00006,T100033
C00007,Silk Road Enterprises Partners Ltd,241 Bazaar Lane,Capital,IMP00007,
C00008,Twin Rivers Textiles & Sons,179 Harbour Road,South,IMP00008,T100052
C00009,Green Valley Imports Group Ltd,16 Industrial Estate,West,IMP00009,T100056
C00010,Aldergate Trading Co.,71 Bazaar Lane,Capital,IMP00010,T800064
C00011,Silk Road Steel Co.,346 Market Street,North,IMP00011,T100070
C00012,Harmony Trading & Sons,199 Bazaar Lane,North,IMP00012,T100082
C00013,Twin Rivers Glow International Ltd,399 Temple Street,West,IMP00013,T100090
C00014,Silk Road Industries Co.,23 Airport Road,East,IMP00014,T100097
C00015,"Silver Logistics Co., Ltd",239 Airport Road,Capital,IMP00015,T100104
C00016,Saffron Electronics International Ltd,180 Garden Lane,North,IMP00016,T100105
C00017,Lotus Supply Partners Ltd,165 Airport Road,South,IMP00017,T100116
C00018,Eastern Electronics & Sons,200 Harbour Road,Coastal,IMP00018,T100119
C00019,Royal Fruits Holdings Ltd,313 Market Street,South,IMP00019,T100130
C00020,Central Commercial Enterprises,218 Industrial Estate,East,IMP00020,T100134
C00021,Crown Textiles & Sons,242 Station Road,West,IMP00021,T100144
C00022,Crown Glow Group Ltd,256 Market Street,West,IMP00022,T100152
C00023,Silver Enterprises Limited,21 Station Road,South,IMP00023,T100155
C00024,Pacific Glow Co.,106 Station Road,Coastal,IMP00024,T100165
C00025,Coral Supply Limited,323 Bazaar Lane,Coastal,IMP00025,T100173
C00026,"Aldergate Supply Co., Ltd",153 Harbour Road,South,IMP00026,T100177
C00027,Sunrise Steel Limited,274 Riverside,Capital,IMP00027,
C00028,Inverness Agro Co.,206 Bazaar Lane,Capital,IMP00028,T100193
C00029,Global Glow Ltd,338 Garden Lane,East,IMP00029,T100201
C00030,Evergreen Pack Partners Ltd,267 Riverside,Coastal,IMP00030,T100208
C00031,Metro Living Partners Ltd,381 Temple Street,South,IMP00031,T100211
C00032,Ashcombe Motors Co.,90 Airport Road,East,IMP00032,T100219
C00033,Global Agro International Ltd,260 Harbour Road,Capital,IMP00033,T100225
C00034,Arden Supply Holdings Ltd,235 Mill Road,North,IMP00034,T100236
C00035,Metro Fruits Co.,6 Market Street,Coastal,IMP00035,T100242
C00036,"Horizon Glow Co., Ltd",354 Garden Lane,Capital,IMP00036,T100251
C00037,Carrick Agro & Sons,320 Temple Street,East,IMP00037,T100257
C00038,Prescott Steel Holdings Ltd,228 Industrial Estate,North,IMP00038,T100260
C00039,Central Imports Partners Ltd,294 Station Road,East,IMP00039,T100272
C00040,Delta Foods Limited,96 Garden Lane,Coastal,IMP00040,T100277
C00041,Dunmore Motors Limited,381 Industrial Estate,Capital,IMP00041,T100287
C00042,Lotus Enterprises International Ltd,364 Bazaar Lane,North,IMP00042,T100287
C00043,Lotus Distribution Holdings Ltd,110 Mill Road,West,IMP00043,T100295
C00044,Prime Fruits Enterprises,399 Industrial Estate,Coastal,IMP00044,T103306
C00045,Royal Fruits Group Ltd,132 Market Street,Capital,IMP00045,T100311
C00046,Green Valley Logistics Co.,228 Market Street,Capital,IMP00046,T100315
C00047,Star Steel Enterprises,208 Riverside,West,IMP00047,T100324
C00048,Golden Foods & Sons,263 Garden Lane,West,IMP00048,T100332
C00049,Horizon Logistics Group Ltd,71 Garden Lane,South,IMP00049,T100341
C00050,Saffron Electronics Partners Ltd,383 Station Road,West,IMP00050,T100343
C00051,Green Valley Steel Co.,178 Market Street,Coastal,IMP00051,T100356
C00052,Inverness Pack Limited,324 Industrial Estate,Capital,IMP00052,T100360
C00053,Twin Rivers Agro Group Ltd,180 Temple Street,Capital,IMP00053,
C00054,Eastern Pack Enterprises,95 Harbour Road,South,IMP00054,T100374
C00055,Aldergate Steel Group Ltd,321 Market Street,West,IMP00055,T100381
C00056,Inverness Industries Group Ltd,56 Garden Lane,South,IMP00056,T100388
C00057,Central Textiles Limited,240 Bazaar Lane,North,IMP00057,T100394
C00058,Harmony Electronics Enterprises,292 Bazaar Lane,Coastal,IMP00058,T100405
C00059,Twin Rivers Supply Enterprises,262 Temple Street,Coastal,IMP00059,T100406
C00060,Delta Living Partners Ltd,376 Harbour Road,Capital,IMP00060,T100415
C00061,United Commercial International Ltd,35 Airport Road,South,IMP00061,T100420
C00062,Golden Textiles Ltd,55 Riverside,East,IMP00062,T100427
C00063,"Metro Motors Co., Ltd",215 Bazaar Lane,West,IMP00063,T100440
C00064,Cobalt Mobile Ltd,396 Mill Road,Capital,IMP00064,T100445
C00065,Great Wall Fruits Partners Ltd,395 Garden Lane,North,IMP00065,T100450
C00066,Northern Agro Partners Ltd,273 Industrial Estate,West,IMP00066,
C00067,Pacific Enterprises Holdings Ltd,356 Station Road,East,IMP00067,T100466
C00068,"Green Valley Fruits Co., Ltd",357 Market Street,East,IMP00068,T300474
C00069,Evergreen Fruits Group Ltd,74 Bazaar Lane,West,IMP00069,T100476
C00070,Coral Fruits Group Ltd,95 Temple Street,North,IMP00070,
C00071,Carrick Enterprises Co.,56 Garden Lane,South,IMP00071,T100490
C00072,Great Wall Pack Holdings Ltd,368 Station Road,Capital,IMP00072,T100497
C00073,Global Pack & Sons,172 Mill Road,South,IMP00073,T100510
C00074,Dunmore Imports & Sons,298 Garden Lane,West,IMP00074,T100516
C00075,Harmony Textiles Limited,321 Market Street,Coastal,IMP00075,T100519
C00076,United Imports Enterprises,264 Mill Road,South,IMP00076,T100529
C00077,"Metro Enterprises Co., Ltd",223 Temple Street,Capital,IMP00077,T100538
C00078,Orchid Imports Group Ltd,57 Market Street,West,IMP00078,T100540
C00079,Saffron Enterprises Ltd,301 Airport Road,Capital,IMP00079,T100551
C00080,Saffron Agro Co.,272 Airport Road,South,IMP00080,T100555
C00081,Crown Logistics Group Ltd,237 Mill Road,Coastal,IMP00081,T100560
C00082,Harmony Textiles & Sons,2 Garden Lane,North,IMP00082,T100569
C00083,United Textiles & Sons,127 Garden Lane,Capital,IMP00083,T100578
C00084,Green Valley Foods Ltd,16 Bazaar Lane,North,IMP00084,T100583
C00085,Delta Imports & Sons,344 Market Street,South,IMP00085,T100592
C00086,Central Supply & Sons,199 Harbour Road,West,IMP00086,
C00087,Ocean Mobile Enterprises,152 Harbour Road,West,IMP00087,T100605
C00088,Arden Imports Holdings Ltd,271 Airport Road,South,IMP00088,T100614
C00089,United Trading Group Ltd,98 Mill Road,Capital,IMP00089,T100616
C00090,Blue Ocean Pack Co.,265 Industrial Estate,East,IMP00090,T100629
C00091,Blue Ocean Glow International Ltd,191 Garden Lane,Coastal,IMP00091,T100631
C00092,Lotus Commercial & Sons,226 Riverside,South,IMP00092,T100639
C00093,Sunrise Logistics & Sons,344 Mill Road,West,IMP00093,T100645
C00094,Royal Motors Co.,1 Mill Road,North,IMP00094,T100651
C00095,Metro Supply International Ltd,24 Harbour Road,East,IMP00095,T100033
C00096,Evergreen Logistics Limited,3 Airport Road,Coastal,IMP00096,
C00097,Pacific Industries Limited,379 Harbour Road,East,IMP00097,T100673
C00098,United Foods Partners Ltd,139 Harbour Road,East,IMP00098,T100680
C00099,Carrick Distribution Holdings Ltd,96 Garden Lane,West,IMP00099,T100690
C00100,Lotus Commercial Co.,56 Temple Street,West,IMP00100,T100699
C00101,Cobalt Supply & Sons,303 Temple Street,West,IMP00101,T100705
C00102,Lotus Steel Holdings Ltd,199 Temple Street,South,IMP00102,T100707
C00103,"Lotus Agro Co., Ltd",372 Riverside,West,IMP00103,T100720
C00104,Blue Ocean Logistics Ltd,329 Mill Road,South,IMP00104,T100723
C00105,Arden Fruits Ltd,3 Riverside,South,IMP00105,T100729
C00106,"Sunrise Textiles Co., Ltd",228 Market Street,Capital,IMP00106,T100741
C00107,Metro Fruits Enterprises,369 Bazaar Lane,North,IMP00107,T100745
C00108,Great Wall Motors Partners Ltd,373 Temple Street,West,IMP00108,T100749
C00109,"Jade Logistics Co., Ltd",233 Station Road,Capital,IMP00109,T100758
C00110,Coral Living International Ltd,324 Bazaar Lane,South,IMP00110,T100769
C00111,Global Logistics Co.,196 Market Street,West,IMP00111,T100773
C00112,Lotus Trading Group Ltd,352 Station Road,Capital,IMP00112,T100781
C00113,Meridian Textiles Partners Ltd,397 Garden Lane,East,IMP00113,T100985
C00114,Harmony Glow International Ltd,346 Market Street,North,IMP00114,T100070
C00115,Lotus Motors Partners Ltd,115 Riverside,West,IMP00115,T100799
C00116,"Dunmore Steel Co., Ltd",52 Station Road,South,IMP00116,T100811
C00117,Cobalt Steel Enterprises,228 Airport Road,Coastal,IMP00117,T100812
C00118,Inverness Glow & Sons,67 Industrial Estate,South,IMP00118,T100821
C00119,Prime Agro Holdings Ltd,303 Mill Road,Capital,IMP00119,T100831
C00120,Ocean Foods Ltd,379 Mill Road,East,IMP00120,
C00121,Phoenix Distribution Group Ltd,339 Industrial Estate,North,IMP00121,T100842
C00122,Sunrise Mobile Limited,307 Station Road,Capital,IMP00122,T100851
C00123,"Meridian Agro Co., Ltd",31 Garden Lane,South,IMP00123,T100856
C00124,Prime Steel Group Ltd,135 Station Road,South,IMP00124,T100861
C00125,Silk Road Motors Holdings Ltd,22 Garden Lane,North,IMP00125,T100870
C00126,Blue Ocean Medical Partners Ltd,33 Temple Street,West,IMP00126,T100879
C00127,United Supply Co.,250 Riverside,South,IMP00127,T100885
C00128,Phoenix Pack Limited,116 Station Road,East,IMP00128,T100895
C00129,"Prime Distribution Co., Ltd",346 Market Street,North,IMP00129,T100070
C00130,"Metro Glow Co., Ltd",145 Riverside,Capital,IMP00130,T100904
C00131,Cobalt Motors International Ltd,330 Bazaar Lane,South,IMP00131,
C00132,Silk Road Motors Ltd,200 Station Road,South,IMP00132,T100922
C00133,Harmony Supply Co.,24 Harbour Road,East,IMP00133,T100033
C00134,Lotus Pack Ltd,216 Temple Street,South,IMP00134,T100936
C00135,Green Valley Industries Ltd,105 Industrial Estate,Coastal,IMP00135,T100938
C00136,Eastern Foods Group Ltd,300 Station Road,South,IMP00136,T100948
C00137,Royal Textiles Enterprises,364 Garden Lane,North,IMP00137,T100957
C00138,Saffron Electronics Enterprises,81 Industrial Estate,North,IMP00138,T100963
C00139,Ocean Industries Ltd,77 Industrial Estate,South,IMP00139,T100970
C00140,Dunmore Textiles Partners Ltd,334 Industrial Estate,Capital,IMP00140,T100978
C00141,Global Fruits Limited,375 Station Road,West,IMP00141,T100981
C00142,Inverness Imports Partners Ltd,224 Industrial Estate,South,IMP00142,T100987
C00143,Silk Road Steel Ltd,357 Market Street,South,IMP00143,T100946
C00144,"Lotus Trading Co., Ltd",237 Temple Street,Capital,IMP00144,
C00145,"Arden Living Co., Ltd",21 Market Street,West,IMP00145,T101009
C00146,"Cobalt Pack Co., Ltd",273 Mill Road,West,IMP00146,T101017
C00147,Central Imports International Ltd,350 Garden Lane,Coastal,IMP00147,
C00148,Star Steel & Sons,383 Station Road,North,IMP00148,
C00149,Central Textiles Holdings Ltd,215 Airport Road,West,IMP00149,T101036
C00150,Delta Agro Enterprises,201 Bazaar Lane,Coastal,IMP00150,T101045
C00151,"Dunmore Imports Co., Ltd",21 Market Street,Coastal,IMP00151,T101054
C00152,Twin Rivers Living Enterprises,262 Garden Lane,Coastal,IMP00152,T101060
C00153,Evergreen Trading Enterprises,271 Airport Road,Coastal,IMP00153,T101068
C00154,Harmony Industries Partners Ltd,256 Mill Road,East,IMP00154,T101076
C00155,Meridian Commercial Partners Ltd,263 Station Road,East,IMP00155,T131081
C00156,"Ocean Medical Co., Ltd",362 Temple Street,Coastal,IMP00156,
C00157,Jade Foods Holdings Ltd,14 Industrial Estate,South,IMP00157,T101093
C00158,"Carrick Fruits Co., Ltd",98 Mill Road,North,IMP00158,
C00159,Central Trading Partners Ltd,396 Station Road,North,IMP00159,T101108
C00160,Jade Pack International Ltd,360 Harbour Road,North,IMP00160,T101114
C00161,"Harmony Steel Co., Ltd",148 Temple Street,North,IMP00161,T101122
C00162,Horizon Medical International Ltd,325 Garden Lane,West,IMP00162,T401131
C00163,Coral Trading Limited,150 Mill Road,South,IMP00163,T101138
C00164,Carrick Mobile Group Ltd,37 Harbour Road,West,IMP00164,T101142
C00165,"Coral Enterprises Co., Ltd",309 Harbour Road,South,IMP00165,T101148
C00166,Great Wall Mobile Ltd,239 Station Road,East,IMP00166,T101160
C00167,Dunmore Steel & Sons,238 Mill Road,North,IMP00167,T101167
C00168,Delta Electronics International Ltd,135 Mill Road,Coastal,IMP00168,T101174
C00169,Silk Road Electronics & Sons,144 Mill Road,Coastal,IMP00169,T101178
C00170,Lotus Foods Partners Ltd,252 Bazaar Lane,Coastal,IMP00170,
C00171,Sunrise Fruits Partners Ltd,86 Mill Road,Coastal,IMP00171,T101190
C00172,Prescott Textiles Group Ltd,258 Station Road,South,IMP00172,T101202
C00173,Horizon Agro International Ltd,253 Station Road,East,IMP00173,T101208
C00174,Silk Road Glow Limited,66 Market Street,Capital,IMP00174,
C00175,United Fruits Co.,360 Harbour Road,West,IMP00175,T101224
C00176,Metro Supply Enterprises,222 Mill Road,West,IMP00176,T101231
C00177,Phoenix Fruits Group Ltd,216 Bazaar Lane,East,IMP00177,T101235
C00178,"Delta Logistics Co., Ltd",16 Station Road,South,IMP00178,T101240
C00179,Carrick Medical Group Ltd,313 Mill Road,West,IMP00179,
C00180,Ocean Logistics International Ltd,198 Market Street,West,IMP00180,
C00181,Orchid Trading Co.,10 Bazaar Lane,East,IMP00181,T101266
C00182,Horizon Living International Ltd,318 Riverside,West,IMP00182,T101271
C00183,Metro Pack International Ltd,100 Riverside,East,IMP00183,T101275
C00184,Golden Distribution & Sons,332 Industrial Estate,East,IMP00184,T101287
C00185,Cobalt Fruits Ltd,119 Garden Lane,North,IMP00185,T101293
C00186,"Global Distribution Co., Ltd",124 Riverside,East,IMP00186,T101299
C00187,Golden Supply International Ltd,354 Temple Street,South,IMP00187,T101302
C00188,Harmony Living Enterprises,393 Garden Lane,Coastal,IMP00188,
C00189,Ocean Distribution & Sons,164 Temple Street,East,IMP00189,T101320
C00190,Saffron Glow & Sons,287 Bazaar Lane,North,IMP00190,T101329
C00191,Royal Industries Co.,371 Industrial Estate,East,IMP00191,T101333
C00192,Saffron Trading Co.,5 Mill Road,Capital,IMP00192,T101342
C00193,Sunrise Textiles Limited,349 Riverside,North,IMP00193,T101344
C00194,Evergreen Living Ltd,50 Industrial Estate,Capital,IMP00194,T101355
C00195,"Evergreen Pack Co., Ltd",226 Mill Road,West,IMP00195,T101362
C00196,Green Valley Living Ltd,4 Harbour Road,East,IMP00196,T101367
C00197,Global Foods International Ltd,346 Market Street,North,IMP00197,T100070
C00198,Harmony Glow Co.,341 Temple Street,North,IMP00198,T101382
C00199,Green Valley Glow Co.,379 Temple Street,East,IMP00199,T101387
C00200,Arden Commercial Co.,185 Industrial Estate,Coastal,IMP00200,T101399
C00201,Great Wall Enterprises Co.,232 Garden Lane,Capital,IMP00201,T101403
C00202,Metro Medical Limited,288 Riverside,North,IMP00202,T101411
C00203,Saffron Medical & Sons,193 Harbour Road,West,IMP00203,T101414
C00204,Ashcombe Glow Partners Ltd,34 Industrial Estate,North,IMP00204,T101426
C00205,Coral Glow & Sons,146 Market Street,Capital,IMP00205,T101434
C00206,Northern Mobile International Ltd,213 Bazaar Lane,East,IMP00206,
C00207,Aldergate Logistics International Ltd,215 Airport Road,East,IMP00207,T101445
C00208,Silver Steel Limited,160 Airport Road,Capital,IMP00208,T101451
C00209,"Crown Foods Co., Ltd",313 Bazaar Lane,Coastal,IMP00209,T101459
C00210,Golden Agro Partners Ltd,155 Bazaar Lane,Coastal,IMP00210,T101465
C00211,Coral Trading Enterprises,199 Airport Road,South,IMP00211,T101475
C00212,Phoenix Trading Limited,395 Garden Lane,Capital,IMP00212,T101481
C00213,Northern Foods Group Ltd,157 Mill Road,East,IMP00213,T101488
C00214,Pacific Fruits Co.,143 Airport Road,Coastal,IMP00214,T101497
C00215,Lotus Commercial Ltd,252 Station Road,North,IMP00215,T101498
C00216,Ashcombe Distribution International Ltd,317 Industrial Estate,Coastal,IMP00216,T101505
C00217,Star Distribution Enterprises,32 Industrial Estate,Capital,IMP00217,
C00218,Summit Glow International Ltd,247 Harbour Road,North,IMP00218,T101522
C00219,"Meridian Electronics Co., Ltd",366 Riverside,East,IMP00219,T101530
C00220,Star Medical Co.,266 Mill Road,Capital,IMP00220,T101535
C00221,Cobalt Commercial Enterprises,36 Airport Road,Coastal,IMP00221,T101543
C00222,Inverness Fruits Partners Ltd,318 Mill Road,Capital,IMP00222,T101550
C00223,Royal Steel Limited,224 Riverside,North,IMP00223,T101458
C00224,Dunmore Foods Partners Ltd,296 Bazaar Lane,East,IMP00224,T101562
C00225,Twin Rivers Textiles Holdings Ltd,236 Airport Road,East,IMP00225,T101571
C00226,Star Medical Holdings Ltd,6 Bazaar Lane,Capital,IMP00226,T101580
C00227,Golden Industries Partners Ltd,216 Mill Road,East,IMP00227,T101585
C00228,"Cobalt Logistics Co., Ltd",72 Industrial Estate,East,IMP00228,T101591
C00229,Twin Rivers Commercial Enterprises,391 Station Road,North,IMP00229,T101597
C00230,Golden Logistics Group Ltd,238 Temple Street,Capital,IMP00230,T101608
C00231,Aldergate Pack Limited,394 Market Street,West,IMP00231,T101636
C00232,Eastern Imports International Ltd,70 Harbour Road,Capital,IMP00232,T101619
C00233,Meridian Fruits Partners Ltd,87 Mill Road,Coastal,IMP00233,T101624
C00234,Aldergate Mobile Limited,230 Bazaar Lane,North,IMP00234,T108633
C00235,Phoenix Foods Ltd,246 Harbour Road,Capital,IMP00235,T101641
C00236,Saffron Living Ltd,51 Bazaar Lane,East,IMP00236,T101651
C00237,United Electronics & Sons,258 Temple Street,Capital,IMP00237,T101656
C00238,"Silver Commercial Co., Ltd",146 Market Street,West,IMP00238,T101665
C00239,Arden Mobile Enterprises,310 Industrial Estate,East,IMP00239,T101660
C00240,Inverness Logistics Group Ltd,366 Riverside,North,IMP00240,T101673
C00241,Silk Road Distribution Group Ltd,167 Industrial Estate,South,IMP00241,T101683
C00242,Golden Pack Ltd,186 Temple Street,Coastal,IMP00242,T101617
C00243,Northern Imports International Ltd,301 Temple Street,Coastal,IMP00243,T101700
C00244,Phoenix Steel Group Ltd,332 Airport Road,North,IMP00244,T101707
C00245,Prescott Living Group Ltd,38 Harbour Road,East,IMP00245,T101708
C00246,Jade Industries & Sons,389 Market Street,East,IMP00246,T101716
C00247,Green Valley Pack International Ltd,145 Industrial Estate,West,IMP00247,
C00248,Aldergate Industries Ltd,374 Mill Road,North,IMP00248,T101738
C00249,Inverness Electronics Enterprises,87 Garden Lane,North,IMP00249,T101741
C00250,Northern Foods Limited,298 Mill Road,South,IMP00250,T101743
C00251,Inverness Fruits International Ltd,338 Station Road,North,IMP00251,T101750
C00252,Prescott Electronics Ltd,106 Garden Lane,North,IMP00252,
C00253,Lotus Steel Group Ltd,169 Industrial Estate,Capital,IMP00253,T101767
C00254,Orchid Pack Partners Ltd,196 Market Street,West,IMP00254,T101773
C00255,Ashcombe Trading Co.,308 Harbour Road,East,IMP00255,T101782
C00256,Crown Enterprises Ltd,369 Riverside,Capital,IMP00256,T101786
C00257,Phoenix Pack Partners Ltd,173 Industrial Estate,North,IMP00257,
C00258,Ocean Distribution Ltd,63 Airport Road,Coastal,IMP00258,T101805
C00259,Saffron Steel Holdings Ltd,394 Riverside,South,IMP00259,T101812
C00260,Global Electronics Partners Ltd,74 Harbour Road,Coastal,IMP00260,T101814
C00261,Blue Ocean Foods Group Ltd,92 Market Street,West,IMP00261,T101824
C00262,Crown Steel Limited,169 Garden Lane,West,IMP00262,T101828
C00263,Cobalt Agro Co.,127 Mill Road,Coastal,IMP00263,T101837
C00264,Global Living International Ltd,192 Harbour Road,North,IMP00264,
C00265,Golden Mobile Limited,284 Temple Street,Coastal,IMP00265,T101250
C00266,Horizon Enterprises Group Ltd,146 Bazaar Lane,North,IMP00266,T101861
C00267,"United Medical Co., Ltd",188 Industrial Estate,West,IMP00267,
C00268,Eastern Mobile Co.,309 Airport Road,Coastal,IMP00268,
C00269,Inverness Textiles & Sons,245 Industrial Estate,Coastal,IMP00269,T101877
C00270,Silk Road Supply Ltd,300 Riverside,North,IMP00270,T101885
C00271,Inverness Commercial Group Ltd,317 Market Street,West,IMP00271,T101894
C00272,Sunrise Fruits Ltd,38 Airport Road,North,IMP00272,T101901
C00273,Dunmore Steel Holdings Ltd,243 Mill Road,North,IMP00273,T101905
C00274,Royal Logistics Holdings Ltd,275 Mill Road,Capital,IMP00274,T101916
C00275,Aldergate Agro Limited,160 Industrial Estate,Coastal,IMP00275,T101922
C00276,"Green Valley Supply Co., Ltd",82 Temple Street,East,IMP00276,T101928
C00277,Phoenix Foods Limited,283 Airport Road,West,IMP00277,T101938
C00278,Evergreen Living Enterprises,52 Airport Road,Capital,IMP00278,T121940
C00279,Coral Living Enterprises,20 Temple Street,North,IMP00279,T101951
C00280,Coral Industries Holdings Ltd,378 Temple Street,Coastal,IMP00280,T101953
C00281,"Coral Commercial Co., Ltd",162 Bazaar Lane,East,IMP00281,
C00282,Silver Distribution Co.,281 Industrial Estate,South,IMP00282,T101970
C00283,Carrick Electronics & Sons,359 Airport Road,North,IMP00283,T101978
C00284,Arden Textiles Limited,184 Industrial Estate,North,IMP00284,T101983
C00285,Global Living Enterprises,399 Garden Lane,West,IMP00285,T101990
C00286,Eastern Electronics International Ltd,88 Mill Road,North,IMP00286,
C00287,"Pacific Steel Co., Ltd",302 Garden Lane,Capital,IMP00287,T102004
C00288,Arden Fruits Enterprises,360 Harbour Road,South,IMP00288,T102011
C00289,Arden Trading & Sons,107 Temple Street,South,IMP00289,T102017
C00290,Carrick Motors & Sons,112 Station Road,Coastal,IMP00290,T102003
C00291,Pacific Living Ltd,27 Temple Street,North,IMP00291,T102030
C00292,Ashcombe Glow & Sons,125 Bazaar Lane,Capital,IMP00292,T102042
C00293,Star Logistics Holdings Ltd,210 Harbour Road,North,IMP00293,T102050
C00294,Ashcombe Foods & Sons,320 Market Street,East,IMP00294,T102052
C00295,Pacific Motors Partners Ltd,346 Market Street,North,IMP00295,T100070
C00296,Silk Road Logistics Partners Ltd,387 Station Road,Capital,IMP00296,T102067
C00297,Global Logistics Limited,46 Riverside,South,IMP00297,T102074
C00298,Green Valley Fruits International Ltd,107 Station Road,Capital,IMP00298,T102079
C00299,Blue Ocean Textiles Partners Ltd,35 Mill Road,South,IMP00299,T102088
C00300,Jade Industries Partners Ltd,263 Temple Street,West,IMP00300,T102096
C00301,Star Industries Partners Ltd,247 Harbour Road,West,IMP00301,T102100
C00302,Sunrise Logistics Limited,232 Market Street,Capital,IMP00302,T102110
C00303,Central Industries Enterprises,96 Harbour Road,North,IMP00303,T102118
C00304,"Silk Road Fruits Co., Ltd",111 Market Street,South,IMP00304,
C00305,Jade Pack Partners Ltd,255 Bazaar Lane,South,IMP00305,T102131
C00306,Cobalt Mobile & Sons,314 Industrial Estate,South,IMP00306,T102141
C00307,Harmony Mobile Enterprises,24 Harbour Road,East,IMP00307,T100033
C00308,Global Steel International Ltd,246 Station Road,North,IMP00308,T102151
C00309,Jade Medical & Sons,295 Bazaar Lane,East,IMP00309,T102161
C00310,"Blue Ocean Electronics Co., Ltd",54 Market Street,West,IMP00310,T102165
C00311,"Horizon Commercial Co., Ltd",312 Station Road,Coastal,IMP00311,T102171
C00312,Central Enterprises Ltd,302 Bazaar Lane,East,IMP00312,T102182
C00313,United Imports Co.,310 Mill Road,North,IMP00313,T102186
C00314,"Delta Agro Co., Ltd",373 Airport Road,South,IMP00314,T102197
C00315,Prime Imports Ltd,205 Station Road,Capital,IMP00315,T102200
C00316,Orchid Fruits Co.,377 Riverside,West,IMP00316,T102205
C00317,Pacific Agro Holdings Ltd,312 Station Road,Capital,IMP00317,T105212
C00318,Green Valley Trading Limited,67 Market Street,East,IMP00318,T102819
C00319,Eastern Fruits Partners Ltd,255 Station Road,Capital,IMP00319,T102227
C00320,Evergreen Foods Group Ltd,348 Harbour Road,South,IMP00320,T102234
C00321,Meridian Supply Holdings Ltd,215 Temple Street,East,IMP00321,
C00322,Lotus Medical Group Ltd,173 Garden Lane,Capital,IMP00322,T102249
C00323,Evergreen Distribution Group Ltd,310 Garden Lane,Capital,IMP00323,T102255
C00324,United Commercial Co.,190 Mill Road,Capital,IMP00324,T102261
C00325,Global Commercial Co.,88 Station Road,South,IMP00325,T102271
C00326,Lotus Fruits Ltd,252 Market Street,South,IMP00326,T102277
C00327,Blue Ocean Living Enterprises,326 Market Street,West,IMP00327,T102288
C00328,Phoenix Distribution Co.,304 Riverside,Coastal,IMP00328,T102294
C00329,Silk Road Supply Limited,27 Station Road,East,IMP00329,
C00330,Dunmore Agro Limited,138 Market Street,South,IMP00330,T102304
C00331,"Phoenix Commercial Co., Ltd",65 Bazaar Lane,North,IMP00331,T102312
C00332,"Sunrise Motors Co., Ltd",35 Station Road,West,IMP00332,T102323
C00333,Royal Foods & Sons,311 Station Road,North,IMP00333,T142326
C00334,Saffron Motors Partners Ltd,118 Harbour Road,South,IMP00334,T102336
C00335,Meridian Medical Limited,369 Garden Lane,Capital,IMP00335,T102342
C00336,Global Enterprises & Sons,114 Industrial Estate,South,IMP00336,
C00337,Twin Rivers Supply Ltd,156 Bazaar Lane,Capital,IMP00337,T102357
C00338,Meridian Motors Group Ltd,55 Mill Road,Coastal,IMP00338,T102364
C00339,Great Wall Medical International Ltd,15 Garden Lane,East,IMP00339,T102370
C00340,Great Wall Steel Enterprises,43 Riverside,Capital,IMP00340,T102376
C00341,Inverness Medical Co.,62 Riverside,North,IMP00341,T102380
C00342,Silk Road Imports Holdings Ltd,397 Temple Street,Coastal,IMP00342,
C00343,Arden Pack Holdings Ltd,110 Industrial Estate,Coastal,IMP00343,T102394
C00344,Horizon Medical Partners Ltd,80 Riverside,Coastal,IMP00344,T102404
C00345,Silk Road Distribution Limited,111 Temple Street,Capital,IMP00345,T102414
C00346,Cobalt Textiles Partners Ltd,85 Bazaar Lane,North,IMP00346,T102415
C00347,Saffron Supply & Sons,174 Industrial Estate,North,IMP00347,T102422
C00348,Aldergate Fruits & Sons,291 Temple Street,Coastal,IMP00348,T102431
C00349,Crown Electronics Limited,30 Industrial Estate,East,IMP00349,T102439
C00350,Lotus Textiles Co.,135 Airport Road,South,IMP00350,T102444
C00351,Phoenix Medical Holdings Ltd,275 Mill Road,North,IMP00351,T102452
C00352,Coral Textiles Holdings Ltd,187 Temple Street,South,IMP00352,T102462
C00353,Twin Rivers Logistics Holdings Ltd,193 Mill Road,West,IMP00353,T102469
C00354,Saffron Steel International Ltd,87 Garden Lane,South,IMP00354,T102472
C00355,Northern Agro Co.,322 Bazaar Lane,South,IMP00355,T102479
C00356,Cobalt Logistics Ltd,122 Airport Road,North,IMP00356,T102488
C00357,Twin Rivers Glow Ltd,348 Mill Road,Coastal,IMP00357,T102494
C00358,Horizon Distribution & Sons,159 Mill Road,West,IMP00358,T102503
C00359,Crown Steel Co.,16 Mill Road,Capital,IMP00359,T602506
C00360,Green Valley Commercial & Sons,206 Temple Street,Capital,IMP00360,T102516
C00361,Coral Agro & Sons,55 Riverside,Capital,IMP00361,T102520
C00362,Cobalt Industries Partners Ltd,100 Harbour Road,Capital,IMP00362,T102531
C00363,Aldergate Imports Group Ltd,242 Market Street,South,IMP00363,T102535
C00364,Jade Fruits & Sons,161 Airport Road,Capital,IMP00364,T102546
C00365,"Jade Textiles Co., Ltd",115 Mill Road,North,IMP00365,T102550
C00366,Inverness Medical & Sons,35 Station Road,South,IMP00366,T102556
C00367,Harmony Distribution Holdings Ltd,300 Bazaar Lane,South,IMP00367,T102563
C00368,"Dunmore Motors Co., Ltd",278 Temple Street,Capital,IMP00368,T102569
C00369,Ashcombe Fruits Ltd,45 Industrial Estate,Capital,IMP00369,T102576
C00370,Silk Road Textiles Ltd,129 Temple Street,Coastal,IMP00370,T102587
C00371,Sunrise Trading International Ltd,354 Station Road,South,IMP00371,T102594
C00372,Prescott Glow International Ltd,398 Mill Road,South,IMP00372,T102599
C00373,Blue Ocean Motors Co.,217 Garden Lane,Capital,IMP00373,T102605
C00374,Dunmore Logistics Enterprises,242 Bazaar Lane,South,IMP00374,T102616
C00375,Green Valley Textiles Enterprises,158 Airport Road,West,IMP00375,T102620
C00376,Global Foods Co.,95 Mill Road,Coastal,IMP00376,T102625
C00377,"Eastern Medical Co., Ltd",115 Bazaar Lane,Coastal,IMP00377,T102634
C00378,Prime Electronics Enterprises,279 Industrial Estate,West,IMP00378,T102643
C00379,Twin Rivers Distribution Ltd,398 Garden Lane,South,IMP00379,T102647
C00380,Twin Rivers Agro Enterprises,11 Station Road,North,IMP00380,T102654
C00381,Coral Commercial Ltd,162 Industrial Estate,North,IMP00381,T102660
C00382,Carrick Enterprises International Ltd,169 Market Street,North,IMP00382,T102672
C00383,Lotus Logistics Group Ltd,75 Bazaar Lane,Capital,IMP00383,T102675
C00384,Harmony Industries Limited,39 Market Street,Capital,IMP00384,T102686
C00385,Evergreen Agro Partners Ltd,379 Airport Road,Coastal,IMP00385,T102688
C00386,Arden Imports Partners Ltd,334 Harbour Road,South,IMP00386,T102697
C00387,Ashcombe Living & Sons,171 Riverside,East,IMP00387,T102705
C00388,Central Logistics & Sons,302 Bazaar Lane,East,IMP00388,T102709
C00389,Aldergate Textiles Enterprises,236 Temple Street,West,IMP00389,T102721
C00390,Phoenix Industries International Ltd,158 Bazaar Lane,Coastal,IMP00390,T102724
C00391,United Mobile Enterprises,73 Temple Street,North,IMP00391,T102735
C00392,Orchid Agro Ltd,34 Mill Road,Capital,IMP00392,T102740
C00393,Ashcombe Steel Limited,101 Mill Road,East,IMP00393,T102746
C00394,"Eastern Agro Co., Ltd",29 Garden Lane,South,IMP00394,T102755
C00395,"United Living Co., Ltd",144 Garden Lane,Coastal,IMP00395,T102760
C00396,Dunmore Logistics Limited,131 Harbour Road,Capital,IMP00396,T102770
C00397,Horizon Fruits Limited,318 Mill Road,Coastal,IMP00397,T102772
C00398,Coral Mobile Enterprises,2 Temple Street,North,IMP00398,T102784
C00399,United Enterprises Partners Ltd,291 Garden Lane,East,IMP00399,
C00400,Green Valley Textiles & Sons,136 Airport Road,Capital,IMP00400,T102795
C00401,"Prime Living Co., Ltd",212 Station Road,East,IMP00401,T102802
C00402,"Harmony Industries Co., Ltd",5 Station Road,East,IMP00402,T102813
C00403,Harmony Agro & Sons,181 Airport Road,East,IMP00403,T102816
C00404,Ocean Living Limited,119 Temple Street,Coastal,IMP00404,T102826
C00405,Aldergate Foods Limited,190 Market Street,Coastal,IMP00405,
C00406,Star Fruits Ltd,176 Garden Lane,Capital,IMP00406,T102841
C00407,Evergreen Steel & Sons,225 Station Road,West,IMP00407,T102847
C00408,Blue Ocean Steel Partners Ltd,133 Bazaar Lane,Coastal,IMP00408,T102854
C00409,"Silk Road Mobile Co., Ltd",161 Mill Road,Capital,IMP00409,T102862
C00410,Crown Supply Holdings Ltd,39 Mill Road,North,IMP00410,T102865
C00411,"Lotus Medical Co., Ltd",213 Garden Lane,North,IMP00411,T102872
C00412,Global Trading Co.,117 Airport Road,West,IMP00412,T102880
C00413,Aldergate Agro Co.,376 Bazaar Lane,South,IMP00413,T102887
C00414,Silk Road Foods Partners Ltd,300 Harbour Road,Capital,IMP00414,T102896
C00415,Harmony Pack Limited,356 Bazaar Lane,Coastal,IMP00415,T102900
C00416,Blue Ocean Agro International Ltd,257 Harbour Road,West,IMP00416,T102908
C00417,Saffron Enterprises International Ltd,342 Airport Road,West,IMP00417,T102913
C00418,Cobalt Foods Group Ltd,267 Market Street,Coastal,IMP00418,T102919
C00419,Pacific Logistics Partners Ltd,289 Bazaar Lane,Capital,IMP00419,
C00420,"Horizon Logistics Co., Ltd",248 Riverside,West,IMP00420,T102938
C00421,Coral Fruits & Sons,300 Industrial Estate,North,IMP00421,T102944
C00422,Evergreen Textiles Enterprises,12 Airport Road,East,IMP00422,T102951
C00423,Golden Medical & Sons,388 Bazaar Lane,North,IMP00423,T102957
C00424,Crown Motors & Sons,152 Temple Street,Coastal,IMP00424,T102965
C00425,Blue Ocean Textiles Ltd,145 Temple Street,North,IMP00425,T102972
C00426,Star Logistics Enterprises,154 Riverside,South,IMP00426,T102980
C00427,Arden Logistics Limited,86 Riverside,West,IMP00427,T102982
C00428,Coral Electronics Co.,125 Garden Lane,East,IMP00428,T102989
C00429,Meridian Glow Co.,356 Riverside,Capital,IMP00429,T103000
C00430,Twin Rivers Mobile Partners Ltd,37 Station Road,West,IMP00430,T103006
C00431,United Motors Co.,16 Temple Street,North,IMP00431,T103015
C00432,Crown Imports & Sons,395 Market Street,Coastal,IMP00432,T103017
C00433,Orchid Motors Group Ltd,290 Airport Road,East,IMP00433,T103027
C00434,Inverness Enterprises International Ltd,34 Airport Road,North,IMP00434,T103037
C00435,Delta Agro & Sons,55 Airport Road,Capital,IMP00435,T103043
C00436,Prime Foods Group Ltd,178 Temple Street,East,IMP00436,T103045
C00437,Prescott Living Co.,10 Bazaar Lane,Coastal,IMP00437,T103054
C00438,Jade Enterprises Co.,42 Market Street,East,IMP00438,T103064
C00439,Saffron Pack Co.,175 Bazaar Lane,South,IMP00439,T103068
C00440,Arden Medical Limited,183 Mill Road,South,IMP00440,T103078
C00441,Northern Mobile Enterprises,244 Bazaar Lane,North,IMP00441,T103082
C00442,Royal Textiles Co.,130 Industrial Estate,North,IMP00442,T103092
C00443,Star Commercial Ltd,136 Garden Lane,West,IMP00443,T143096
C00444,Prescott Mobile Holdings Ltd,66 Harbour Road,Coastal,IMP00444,
C00445,Carrick Pack Limited,5 Mill Road,Coastal,IMP00445,T103111
C00446,Harmony Medical International Ltd,381 Station Road,North,IMP00446,T103115
C00447,Coral Fruits Limited,393 Industrial Estate,South,IMP00447,T103125
C00448,Global Electronics International Ltd,296 Temple Street,Capital,IMP00448,T103130
C00449,Northern Electronics Co.,205 Riverside,North,IMP00449,
C00450,Carrick Glow Holdings Ltd,207 Market Street,South,IMP00450,T103147
C00451,Global Fruits International Ltd,168 Industrial Estate,North,IMP00451,T103154
C00452,United Commercial Limited,209 Riverside,Capital,IMP00452,T103163
C00453,Sunrise Steel & Sons,147 Airport Road,East,IMP00453,T103168
C00454,Meridian Supply Group Ltd,356 Mill Road,East,IMP00454,T103173
C00455,Jade Enterprises Holdings Ltd,226 Station Road,West,IMP00455,T103983
C00456,Royal Industries Partners Ltd,304 Garden Lane,South,IMP00456,T103188
C00457,Royal Logistics Group Ltd,92 Industrial Estate,Coastal,IMP00457,T103192
C00458,"Saffron Steel Co., Ltd",21 Garden Lane,West,IMP00458,T103205
C00459,Lotus Textiles Limited,108 Garden Lane,North,IMP00459,T103208
C00460,"Great Wall Enterprises Co., Ltd",57 Industrial Estate,East,IMP00460,T103219
C00461,Meridian Pack Enterprises,57 Market Street,East,IMP00461,T103221
C00462,Northern Commercial Limited,185 Mill Road,Capital,IMP00462,T103229
C00463,Twin Rivers Fruits Enterprises,298 Mill Road,Coastal,IMP00463,T103236
C00464,Inverness Agro International Ltd,24 Harbour Road,East,IMP00464,T100033
C00465,Evergreen Electronics & Sons,169 Market Street,East,IMP00465,T103251
C00466,Delta Motors Enterprises,279 Market Street,South,IMP00466,T103261
C00467,"Eastern Trading Co., Ltd",290 Mill Road,East,IMP00467,T103262
C00468,Metro Mobile & Sons,222 Garden Lane,North,IMP00468,T103274
C00469,Orchid Motors Holdings Ltd,76 Industrial Estate,East,IMP00469,T103277
C00470,Great Wall Foods Limited,299 Station Road,East,IMP00470,T103287
C00471,Silver Fruits Ltd,222 Mill Road,West,IMP00471,T103290
C00472,Saffron Enterprises Co.,253 Harbour Road,West,IMP00472,T103301
C00473,Pacific Electronics Ltd,62 Riverside,Capital,IMP00473,T103306
C00474,Lotus Mobile Enterprises,182 Harbour Road,South,IMP00474,T103314
C00475,Twin Rivers Industries International Ltd,391 Market Street,Capital,IMP00475,T103323
C00476,Orchid Industries Limited,308 Garden Lane,North,IMP00476,T103325
C00477,Ashcombe Fruits Co.,126 Industrial Estate,North,IMP00477,T103333
C00478,Pacific Pack Group Ltd,202 Harbour Road,West,IMP00478,T103345
C00479,Ocean Enterprises Ltd,39 Industrial Estate,East,IMP00479,T103351
C00480,"Horizon Mobile Co., Ltd",11 Airport Road,North,IMP00480,T103358
C00481,Horizon Distribution Enterprises,306 Station Road,South,IMP00481,T103362
C00482,Phoenix Trading Partners Ltd,14 Temple Street,Capital,IMP00482,T103370
C00483,Great Wall Glow Partners Ltd,270 Bazaar Lane,West,IMP00483,T103379
C00484,Coral Glow Enterprises,165 Temple Street,West,IMP00484,T103385
C00485,Inverness Logistics Ltd,392 Bazaar Lane,North,IMP00485,T103391
C00486,Global Distribution International Ltd,178 Garden Lane,North,IMP00486,T103395
C00487,Harmony Glow Partners Ltd,346 Market Street,North,IMP00487,T100070
C00488,Eastern Textiles Co.,396 Garden Lane,South,IMP00488,T103415
C00489,Orchid Industries Enterprises,311 Bazaar Lane,Coastal,IMP00489,T103419
C00490,Ocean Trading International Ltd,115 Harbour Road,East,IMP00490,T103425
C00491,Summit Fruits Ltd,77 Industrial Estate,Coastal,IMP00491,
C00492,Meridian Logistics Group Ltd,38 Bazaar Lane,East,IMP00492,T103439
C00493,Horizon Logistics International Ltd,298 Industrial Estate,Coastal,IMP00493,T103449
C00494,Saffron Supply Holdings Ltd,206 Market Street,Coastal,IMP00494,T103452
C00495,Golden Distribution International Ltd,231 Garden Lane,South,IMP00495,T103460
C00496,Inverness Textiles Partners Ltd,116 Market Street,Coastal,IMP00496,T103468
C00497,Harmony Commercial & Sons,372 Temple Street,North,IMP00497,T103464
C00498,Saffron Commercial Ltd,335 Harbour Road,West,IMP00498,T103480
C00499,Northern Industries Co.,288 Mill Road,East,IMP00499,T103492
C00500,Green Valley Imports Holdings Ltd,90 Bazaar Lane,Capital,IMP00500,T103496
C00501,"Arden Electronics Co., Ltd",242 Station Road,East,IMP00501,T103502
C00502,Ashcombe Pack Ltd,45 Station Road,South,IMP00502,T103507
C00503,Summit Electronics Ltd,1 Airport Road,East,IMP00503,T103515
C00504,Pacific Steel Co.,64 Industrial Estate,West,IMP00504,T103527
C00505,Cobalt Glow Group Ltd,270 Airport Road,West,IMP00505,T103529
C00506,Sunrise Logistics Partners Ltd,349 Industrial Estate,Coastal,IMP00506,
C00507,"Inverness Motors Co., Ltd",370 Industrial Estate,Coastal,IMP00507,T103544
C00508,Jade Industries Holdings Ltd,87 Airport Road,Coastal,IMP00508,T103555
C00509,Prescott Logistics Enterprises,65 Market Street,Coastal,IMP00509,T103558
C00510,Coral Supply Partners Ltd,165 Mill Road,Capital,IMP00510,T103567
C00511,Jade Enterprises Enterprises,35 Bazaar Lane,South,IMP00511,T103572
C00512,Global Industries Ltd,113 Airport Road,Capital,IMP00512,T103577
C00513,"Evergreen Glow Co., Ltd",247 Airport Road,South,IMP00513,T103589
C00514,United Distribution Partners Ltd,322 Industrial Estate,East,IMP00514,
C00515,United Steel Co.,349 Garden Lane,West,IMP00515,T103599
C00516,Aldergate Pack Holdings Ltd,129 Mill Road,East,IMP00516,T103608
C00517,Pacific Agro Group Ltd,337 Airport Road,Coastal,IMP00517,T103616
C00518,Star Mobile Enterprises,203 Riverside,North,IMP00518,T103621
C00519,"Ocean Electronics Co., Ltd",222 Mill Road,Coastal,IMP00519,T103629
C00520,Green Valley Supply Group Ltd,146 Bazaar Lane,Capital,IMP00520,T103633
C00521,Twin Rivers Textiles Group Ltd,337 Harbour Road,West,IMP00521,T103646
C00522,Evergreen Pack Limited,306 Mill Road,East,IMP00522,T193649
C00523,Ashcombe Supply Partners Ltd,321 Industrial Estate,East,IMP00523,T103657
C00524,Central Pack Holdings Ltd,13 Industrial Estate,East,IMP00524,T103667
C00525,Orchid Supply International Ltd,226 Airport Road,Capital,IMP00525,T103671
C00526,Ocean Imports Group Ltd,65 Harbour Road,Coastal,IMP00526,T103676
C00527,Eastern Commercial Limited,77 Harbour Road,North,IMP00527,T103683
C00528,Great Wall Electronics International Ltd,199 Garden Lane,East,IMP00528,T103694
C00529,Blue Ocean Industries Holdings Ltd,121 Airport Road,North,IMP00529,T103698
C00530,Aldergate Electronics International Ltd,112 Market Street,South,IMP00530,T103707
C00531,"Inverness Distribution Co., Ltd",231 Garden Lane,Coastal,IMP00531,T103712
C00532,Silk Road Steel Partners Ltd,137 Station Road,North,IMP00532,
C00533,Global Foods Group Ltd,153 Mill Road,North,IMP00533,T103728
C00534,Cobalt Fruits Enterprises,184 Industrial Estate,Capital,IMP00534,T103731
C00535,Golden Medical Co.,256 Harbour Road,North,IMP00535,T103742
C00536,Sunrise Glow & Sons,371 Market Street,Capital,IMP00536,T103750
C00537,Silk Road Electronics Limited,102 Airport Road,Capital,IMP00537,T103753
C00538,Pacific Distribution International Ltd,259 Market Street,East,IMP00538,T103761
C00539,United Distribution & Sons,313 Mill Road,North,IMP00539,T103769
C00540,Dunmore Mobile Ltd,243 Industrial Estate,Capital,IMP00540,T103776
C00541,Metro Glow Ltd,375 Industrial Estate,Capital,IMP00541,T103783
C00542,"Phoenix Pack Co., Ltd",194 Temple Street,West,IMP00542,T103789
C00543,Cobalt Textiles Co.,210 Temple Street,West,IMP00543,T103796
C00544,Twin Rivers Trading Group Ltd,162 Mill Road,East,IMP00544,
C00545,Ocean Glow & Sons,375 Airport Road,West,IMP00545,T603810
C00546,Coral Motors Holdings Ltd,198 Harbour Road,Coastal,IMP00546,
C00547,Blue Ocean Industries Group Ltd,193 Bazaar Lane,North,IMP00547,T103825
C00548,United Fruits Partners Ltd,47 Bazaar Lane,Capital,IMP00548,T103835
C00549,Silk Road Medical Group Ltd,137 Airport Road,South,IMP00549,T103841
C00550,Jade Commercial Partners Ltd,281 Garden Lane,West,IMP00550,T103845
C00551,Phoenix Steel Partners Ltd,19 Riverside,West,IMP00551,T103855
C00552,Carrick Medical Co.,396 Industrial Estate,Capital,IMP00552,T103862
C00553,Silk Road Living Ltd,337 Mill Road,East,IMP00553,T103867
C00554,Great Wall Trading Group Ltd,12 Airport Road,West,IMP00554,T103876
C00555,Aldergate Imports Limited,356 Station Road,Capital,IMP00555,T103882
C00556,Eastern Foods Holdings Ltd,98 Bazaar Lane,South,IMP00556,T103891
C00557,"Northern Electronics Co., Ltd",194 Industrial Estate,West,IMP00557,T103892
C00558,Royal Pack International Ltd,128 Harbour Road,Capital,IMP00558,T103900
C00559,Star Distribution Holdings Ltd,96 Airport Road,North,IMP00559,T103912
C00560,Inverness Trading Group Ltd,31 Temple Street,West,IMP00560,T103918
C00561,Jade Foods Group Ltd,75 Station Road,Coastal,IMP00561,
C00562,Cobalt Trading Group Ltd,5 Airport Road,Capital,IMP00562,
C00563,Jade Agro Co.,121 Garden Lane,North,IMP00563,T103939
C00564,Lotus Foods Holdings Ltd,380 Industrial Estate,Capital,IMP00564,
C00565,Eastern Textiles Limited,129 Bazaar Lane,Capital,IMP00565,T103349
C00566,"Prime Mobile Co., Ltd",244 Airport Road,West,IMP00566,T103956
C00567,Jade Enterprises Partners Ltd,86 Riverside,Coastal,IMP00567,T103967
C00568,Metro Fruits Ltd,68 Riverside,Capital,IMP00568,T103975
C00569,Northern Motors Limited,379 Bazaar Lane,Capital,IMP00569,T103979
C00570,Inverness Foods Ltd,36 Airport Road,South,IMP00570,T103983
C00571,United Commercial & Sons,123 Station Road,East,IMP00571,T103996
C00572,Star Mobile Ltd,88 Garden Lane,West,IMP00572,T103997
C00573,Ocean Industries Partners Ltd,86 Mill Road,West,IMP00573,T104007
C00574,Evergreen Steel Partners Ltd,59 Industrial Estate,West,IMP00574,T104011
C00575,"Twin Rivers Supply Co., Ltd",7 Temple Street,East,IMP00575,T104019
C00576,Cobalt Enterprises Ltd,269 Market Street,South,IMP00576,T104030
C00577,Evergreen Pack Enterprises,27 Garden Lane,South,IMP00577,T104036
C00578,Eastern Textiles Group Ltd,355 Mill Road,North,IMP00578,T104041
C00579,Northern Enterprises Group Ltd,95 Bazaar Lane,South,IMP00579,T104050
C00580,Harmony Pack & Sons,294 Riverside,South,IMP00580,T104057
C00581,Eastern Trading Holdings Ltd,388 Airport Road,North,IMP00581,T104063
C00582,Summit Enterprises International Ltd,227 Station Road,Capital,IMP00582,T104069
C00583,Pacific Electronics Partners Ltd,130 Harbour Road,South,IMP00583,T104076
C00584,"Silver Textiles Co., Ltd",163 Temple Street,South,IMP00584,T104081
C00585,Metro Pack Group Ltd,156 Riverside,Coastal,IMP00585,T104093
C00586,Star Motors Group Ltd,82 Airport Road,East,IMP00586,T104095
C00587,"Global Fruits Co., Ltd",180 Mill Road,West,IMP00587,T104102
C00588,Coral Supply Ltd,29 Station Road,East,IMP00588,T104112
C00589,Arden Textiles Group Ltd,299 Industrial Estate,West,IMP00589,T104120
C00590,Eastern Foods Partners Ltd,274 Market Street,East,IMP00590,T104126
C00591,Twin Rivers Medical Ltd,203 Airport Road,South,IMP00591,T104135
C00592,Crown Fruits Partners Ltd,35 Harbour Road,North,IMP00592,T101140
C00593,Golden Pack Group Ltd,211 Garden Lane,Coastal,IMP00593,T104146
C00594,Central Glow Limited,111 Market Street,Coastal,IMP00594,T104151
C00595,Summit Glow Holdings Ltd,47 Mill Road,East,IMP00595,T104162
C00596,Sunrise Living Enterprises,191 Station Road,West,IMP00596,T104167
C00597,"Star Distribution Co., Ltd",95 Bazaar Lane,South,IMP00597,T104172
C00598,Arden Enterprises International Ltd,65 Bazaar Lane,Capital,IMP00598,T104182
C00599,Ashcombe Distribution & Sons,274 Temple Street,Capital,IMP00599,T104191
C00600,"Eastern Fruits Co., Ltd",43 Market Street,North,IMP00600,T104198
C00601,Ashcombe Electronics Co.,25 Market Street,West,IMP00601,T104200
C00602,Northern Motors Group Ltd,361 Bazaar Lane,West,IMP00602,T104211
C00603,Coral Foods & Sons,324 Bazaar Lane,South,IMP00603,T104219
C00604,Jade Glow Group Ltd,360 Bazaar Lane,North,IMP00604,T104227
C00605,Arden Living Partners Ltd,397 Mill Road,Coastal,IMP00605,T104234
C00606,Crown Living Ltd,230 Temple Street,North,IMP00606,T104237
C00607,Global Industries Partners Ltd,211 Industrial Estate,Coastal,IMP00607,T104244
C00608,Green Valley Enterprises Holdings Ltd,208 Station Road,North,IMP00608,T104251
C00609,"Jade Pack Co., Ltd",144 Market Street,West,IMP00609,T104259
C00610,Harmony Enterprises Enterprises,4 Market Street,West,IMP00610,T104269
C00611,Evergreen Agro & Sons,273 Harbour Road,Capital,IMP00611,T104271
C00612,Orchid Living Enterprises,373 Harbour Road,North,IMP00612,T104282
C00613,Sunrise Commercial Enterprises,64 Industrial Estate,East,IMP00613,T104287
C00614,Silk Road Enterprises Holdings Ltd,220 Station Road,East,IMP00614,T104293
C00615,United Enterprises & Sons,228 Market Street,East,IMP00615,T104303
C00616,Phoenix Agro Co.,351 Mill Road,East,IMP00616,T104305
C00617,Ocean Pack Partners Ltd,351 Garden Lane,Coastal,IMP00617,T104313
C00618,Royal Enterprises Co.,220 Airport Road,East,IMP00618,T104325
C00619,Jade Steel International Ltd,289 Airport Road,North,IMP00619,T504332
C00620,Star Enterprises Partners Ltd,158 Airport Road,Capital,IMP00620,T104333
C00621,"Prime Medical Co., Ltd",4 Bazaar Lane,East,IMP00621,T104345
C00622,Coral Supply Enterprises,8 Market Street,North,IMP00622,T104347
C00623,"Crown Logistics Co., Ltd",250 Garden Lane,South,IMP00623,T104358
C00624,"Horizon Fruits Co., Ltd",276 Market Street,South,IMP00624,T104361
C00625,Pacific Mobile Holdings Ltd,46 Garden Lane,South,IMP00625,T104369
C00626,Blue Ocean Foods International Ltd,194 Industrial Estate,North,IMP00626,T104380
C00627,Jade Steel Partners Ltd,45 Station Road,West,IMP00627,T104382
C00628,Twin Rivers Pack & Sons,106 Airport Road,North,IMP00628,T104392
C00629,Phoenix Enterprises International Ltd,345 Airport Road,South,IMP00629,T104401
C00630,Coral Commercial Holdings Ltd,241 Garden Lane,Coastal,IMP00630,T104406
C00631,Sunrise Glow Ltd,396 Harbour Road,South,IMP00631,T104414
C00632,Phoenix Agro Holdings Ltd,48 Station Road,East,IMP00632,T104419
C00633,Meridian Fruits Group Ltd,61 Temple Street,Capital,IMP00633,T104425
C00634,Global Textiles Group Ltd,7 Riverside,South,IMP00634,T104437
C00635,Crown Supply Group Ltd,181 Mill Road,South,IMP00635,T104438
C00636,Phoenix Distribution & Sons,229 Mill Road,Coastal,IMP00636,T104445
C00637,Silver Logistics & Sons,141 Mill Road,Coastal,IMP00637,T104453
C00638,Ocean Medical International Ltd,182 Mill Road,Coastal,IMP00638,T104463
C00639,Sunrise Living International Ltd,141 Market Street,Coastal,IMP00639,T107467
C00640,Great Wall Imports Ltd,58 Temple Street,South,IMP00640,
C00641,Pacific Fruits & Sons,80 Bazaar Lane,Capital,IMP00641,T104484
C00642,Twin Rivers Supply International Ltd,51 Market Street,Capital,IMP00642,T104491
C00643,Aldergate Agro Holdings Ltd,340 Garden Lane,Coastal,IMP00643,T104498
C00644,Twin Rivers Supply Group Ltd,282 Garden Lane,Coastal,IMP00644,T104502
C00645,Golden Mobile Ltd,204 Industrial Estate,West,IMP00645,T104512
C00646,Jade Imports Holdings Ltd,201 Market Street,West,IMP00646,T104520
C00647,Northern Agro International Ltd,265 Airport Road,Capital,IMP00647,T104527
C00648,Inverness Distribution Co.,361 Garden Lane,Capital,IMP00648,T104532
C00649,Prescott Distribution International Ltd,95 Industrial Estate,Capital,IMP00649,T104540
C00650,Eastern Enterprises Group Ltd,164 Garden Lane,Coastal,IMP00650,T104547
C00651,Horizon Fruits Ltd,375 Airport Road,South,IMP00651,T104550
C00652,Golden Glow Group Ltd,86 Bazaar Lane,Coastal,IMP00652,T104559
C00653,Phoenix Textiles Limited,286 Bazaar Lane,North,IMP00653,T104569
C00654,"Global Pack Co., Ltd",178 Temple Street,Capital,IMP00654,T104575
C00655,Ocean Steel Group Ltd,221 Bazaar Lane,Coastal,IMP00655,T104582
C00656,Global Trading International Ltd,395 Temple Street,East,IMP00656,T104589
C00657,Saffron Mobile Group Ltd,355 Station Road,Capital,IMP00657,T104595
C00658,Blue Ocean Glow Enterprises,21 Market Street,North,IMP00658,T104602
C00659,Northern Steel Enterprises,246 Market Street,South,IMP00659,T100608
C00660,Aldergate Fruits International Ltd,4 Mill Road,North,IMP00660,T104616
C00661,Meridian Medical Co.,345 Station Road,Coastal,IMP00661,T104624
C00662,Lotus Textiles Enterprises,332 Airport Road,Capital,IMP00662,T104629
C00663,Northern Foods & Sons,321 Industrial Estate,Capital,IMP00663,T104640
C00664,Silver Distribution Group Ltd,44 Harbour Road,West,IMP00664,T104645
C00665,Phoenix Steel Co.,130 Airport Road,North,IMP00665,
C00666,Ashcombe Pack Group Ltd,167 Industrial Estate,West,IMP00666,T104656
C00667,Dunmore Textiles Ltd,342 Mill Road,Capital,IMP00667,T104664
C00668,Eastern Steel & Sons,54 Bazaar Lane,East,IMP00668,T104670
C00669,Evergreen Agro Holdings Ltd,290 Harbour Road,North,IMP00669,T104678
C00670,Orchid Industries Partners Ltd,258 Airport Road,Coastal,IMP00670,
C00671,"Northern Foods Co., Ltd",207 Garden Lane,East,IMP00671,T104692
C00672,"Delta Living Co., Ltd",115 Industrial Estate,East,IMP00672,T104697
C00673,"Inverness Foods Co., Ltd",14 Station Road,East,IMP00673,T104705
C00674,"Ocean Foods Co., Ltd",277 Harbour Road,West,IMP00674,T104715
C00675,Star Electronics Co.,321 Garden Lane,West,IMP00675,T104521
C00676,Cobalt Pack Co.,113 Bazaar Lane,North,IMP00676,T104726
C00677,Blue Ocean Foods Partners Ltd,153 Mill Road,Coastal,IMP00677,T104734
C00678,"Blue Ocean Fruits Co., Ltd",357 Temple Street,East,IMP00678,T104745
C00679,Coral Pack Group Ltd,56 Industrial Estate,North,IMP00679,T304752
C00680,Prime Living Limited,230 Industrial Estate,Coastal,IMP00680,T104753
C00681,Northern Logistics Limited,318 Bazaar Lane,West,IMP00681,T104761
C00682,Evergreen Steel Group Ltd,373 Harbour Road,South,IMP00682,T104768
C00683,Prescott Supply Co.,92 Garden Lane,East,IMP00683,T104777
C00684,United Pack Enterprises,93 Garden Lane,East,IMP00684,T104783
C00685,Royal Electronics Holdings Ltd,155 Harbour Road,North,IMP00685,T104791
C00686,Ashcombe Motors Holdings Ltd,299 Market Street,Capital,IMP00686,T104798
C00687,Metro Trading Limited,240 Garden Lane,Capital,IMP00687,T104805
C00688,Green Valley Electronics Partners Ltd,331 Riverside,East,IMP00688,T104814
C00689,Global Supply Co.,109 Temple Street,Capital,IMP00689,T104820
C00690,Ashcombe Logistics Ltd,342 Temple Street,Coastal,IMP00690,T104825
C00691,Metro Living Ltd,261 Bazaar Lane,East,IMP00691,T104831
C00692,Aldergate Mobile Partners Ltd,313 Airport Road,South,IMP00692,T104840
C00693,Sunrise Medical Group Ltd,105 Harbour Road,North,IMP00693,T104846
C00694,Twin Rivers Distribution Group Ltd,126 Airport Road,North,IMP00694,T104854
C00695,Delta Enterprises & Sons,46 Mill Road,East,IMP00695,T104862
C00696,Great Wall Glow Co.,398 Bazaar Lane,South,IMP00696,T104865
C00697,"Global Logistics Co., Ltd",25 Temple Street,West,IMP00697,T104876
C00698,Phoenix Industries & Sons,330 Mill Road,East,IMP00698,T104884
C00699,Orchid Trading International Ltd,98 Mill Road,West,IMP00699,T104891
C00700,Central Foods Holdings Ltd,98 Riverside,South,IMP00700,T104894
C00701,Golden Imports Enterprises,327 Garden Lane,Capital,IMP00701,T104900
C00702,Evergreen Steel Holdings Ltd,85 Industrial Estate,Coastal,IMP00702,T104911
C00703,Twin Rivers Pack International Ltd,296 Industrial Estate,South,IMP00703,T104914
C00704,Summit Living Limited,1 Riverside,North,IMP00704,T104926
C00705,Metro Medical International Ltd,160 Temple Street,East,IMP00705,T104930
C00706,Phoenix Supply Limited,68 Airport Road,East,IMP00706,T104941
C00707,Great Wall Electronics Limited,5 Temple Street,South,IMP00707,T104942
C00708,Meridian Agro & Sons,346 Market Street,North,IMP00708,T100070
C00709,Metro Imports Holdings Ltd,171 Garden Lane,North,IMP00709,T104959
C00710,"Summit Pack Co., Ltd",64 Airport Road,South,IMP00710,T104965
C00711,Jade Trading Enterprises,173 Mill Road,North,IMP00711,T104974
C00712,Dunmore Agro Ltd,119 Market Street,East,IMP00712,T104983
C00713,Global Fruits Ltd,210 Airport Road,Capital,IMP00713,T104990
C00714,Summit Industries Holdings Ltd,324 Industrial Estate,Capital,IMP00714,T104991
C00715,Eastern Logistics Co.,238 Industrial Estate,Coastal,IMP00715,T105003
C00716,Delta Foods Co.,102 Station Road,North,IMP00716,T105010
C00717,Dunmore Mobile Partners Ltd,235 Riverside,East,IMP00717,T105016
C00718,Lotus Agro Co.,371 Garden Lane,East,IMP00718,T105020
C00719,Cobalt Commercial & Sons,293 Industrial Estate,East,IMP00719,T105030
C00720,Great Wall Distribution Group Ltd,149 Temple Street,North,IMP00720,
C00721,Phoenix Imports Partners Ltd,171 Garden Lane,Coastal,IMP00721,
C00722,Silver Pack International Ltd,42 Bazaar Lane,Coastal,IMP00722,T105050
C00723,Twin Rivers Living Ltd,28 Riverside,South,IMP00723,T105058
C00724,Pacific Motors Enterprises,278 Harbour Road,Coastal,IMP00724,T105061
C00725,Prescott Enterprises Co.,350 Bazaar Lane,South,IMP00725,T105071
C00726,Cobalt Medical Limited,124 Garden Lane,Coastal,IMP00726,T105077
C00727,Ocean Glow Ltd,315 Market Street,Coastal,IMP00727,T105085
C00728,Silver Trading International Ltd,70 Airport Road,East,IMP00728,T105095
C00729,Prime Distribution Ltd,40 Market Street,North,IMP00729,
C00730,"Harmony Foods Co., Ltd",317 Airport Road,West,IMP00730,T105109
C00731,Blue Ocean Imports Ltd,328 Station Road,Coastal,IMP00731,T105116
C00732,Horizon Textiles Group Ltd,254 Station Road,Coastal,IMP00732,T105123
C00733,Sunrise Distribution Group Ltd,115 Station Road,South,IMP00733,T105127
C00734,Aldergate Mobile Enterprises,368 Market Street,West,IMP00734,T105133
C00735,Eastern Imports & Sons,186 Market Street,East,IMP00735,T105141
C00736,Northern Trading Enterprises,277 Harbour Road,East,IMP00736,T105148
C00737,"Star Supply Co., Ltd",345 Industrial Estate,West,IMP00737,T105155
C00738,Crown Commercial & Sons,54 Station Road,South,IMP00738,T105165
C00739,Pacific Industries Holdings Ltd,370 Temple Street,West,IMP00739,T105172
C00740,Ashcombe Imports Enterprises,233 Bazaar Lane,Capital,IMP00740,T105177
C00741,Aldergate Motors Group Ltd,47 Station Road,North,IMP00741,T105186
C00742,Horizon Steel Partners Ltd,24 Harbour Road,East,IMP00742,T100033
C00743,Silver Enterprises Group Ltd,229 Harbour Road,East,IMP00743,T105199
C00744,Saffron Textiles & Sons,248 Mill Road,Capital,IMP00744,T105203
C00745,Cobalt Living & Sons,348 Riverside,South,IMP00745,T105211
C00746,Silk Road Medical Holdings Ltd,216 Station Road,South,IMP00746,T105220
C00747,Aldergate Imports Ltd,193 Station Road,North,IMP00747,
C00748,Global Medical & Sons,97 Garden Lane,Coastal,IMP00748,T105233
C00749,Silk Road Agro Ltd,277 Riverside,Capital,IMP00749,T105240
C00750,Crown Logistics Enterprises,244 Airport Road,North,IMP00750,T105246
C00751,Royal Supply Limited,106 Industrial Estate,West,IMP00751,T105256
C00752,Northern Motors Ltd,52 Industrial Estate,Coastal,IMP00752,T105259
C00753,Phoenix Glow Limited,248 Industrial Estate,South,IMP00753,T105264
C00754,Ocean Foods Co.,399 Industrial Estate,Coastal,IMP00754,T105276
C00755,"Sunrise Enterprises Co., Ltd",152 Market Street,North,IMP00755,T205283
C00756,"Ashcombe Mobile Co., Ltd",79 Harbour Road,South,IMP00756,T105291
C00757,Global Enterprises Co.,45 Industrial Estate,West,IMP00757,T105294
C00758,Northern Textiles & Sons,291 Bazaar Lane,Coastal,IMP00758,T105304
C00759,Pacific Steel International Ltd,290 Temple Street,Capital,IMP00759,T105312
C00760,Phoenix Electronics Holdings Ltd,198 Harbour Road,East,IMP00760,T105317
C00761,Phoenix Motors Ltd,113 Temple Street,North,IMP00761,T105322
C00762,Silk Road Glow Ltd,294 Harbour Road,Capital,IMP00762,T105333
C00763,Silver Agro Enterprises,391 Airport Road,Coastal,IMP00763,T105337
C00764,Delta Steel Ltd,3 Mill Road,East,IMP00764,T105345
C00765,"Ashcombe Logistics Co., Ltd",244 Riverside,Coastal,IMP00765,T105353
C00766,Evergreen Distribution & Sons,10 Mill Road,Coastal,IMP00766,T105358
C00767,Crown Mobile Ltd,373 Bazaar Lane,Coastal,IMP00767,T105368
C00768,Inverness Imports Enterprises,299 Market Street,Capital,IMP00768,
C00769,Crown Agro Enterprises,239 Station Road,Capital,IMP00769,T105376
C00770,Golden Enterprises Ltd,214 Mill Road,Capital,IMP00770,T105385
C00771,Jade Industries Enterprises,343 Market Street,West,IMP00771,T105391
C00772,Delta Trading Enterprises,267 Temple Street,South,IMP00772,T105400
C00773,Delta Mobile International Ltd,114 Garden Lane,East,IMP00773,T105406
C00774,Aldergate Textiles Limited,79 Airport Road,South,IMP00774,T105416
C00775,Lotus Industries Co.,359 Harbour Road,Capital,IMP00775,
C00776,Great Wall Pack Enterprises,120 Airport Road,East,IMP00776,T105426
C00777,Meridian Pack Holdings Ltd,101 Mill Road,West,IMP00777,
C00778,Northern Logistics Partners Ltd,93 Temple Street,East,IMP00778,T105440
C00779,Northern Logistics International Ltd,192 Bazaar Lane,South,IMP00779,T105447
C00780,Aldergate Pack Enterprises,211 Airport Road,Coastal,IMP00780,T105457
C00781,Green Valley Distribution Holdings Ltd,304 Airport Road,Capital,IMP00781,T105465
C00782,"Harmony Agro Co., Ltd",319 Riverside,North,IMP00782,T105473
C00783,Green Valley Logistics Limited,244 Mill Road,North,IMP00783,T105478
C00784,Meridian Steel Co.,256 Mill Road,South,IMP00784,T105482
C00785,Saffron Enterprises & Sons,86 Temple Street,West,IMP00785,T105492
C00786,Pacific Commercial Group Ltd,219 Industrial Estate,North,IMP00786,T105296
C00787,Carrick Supply Partners Ltd,304 Mill Road,Capital,IMP00787,T105503
C00788,Meridian Living Enterprises,103 Garden Lane,West,IMP00788,T105512
C00789,Twin Rivers Electronics & Sons,302 Station Road,North,IMP00789,T105518
C00790,Summit Commercial & Sons,71 Harbour Road,East,IMP00790,T105525
C00791,Twin Rivers Agro International Ltd,391 Riverside,East,IMP00791,T105536
C00792,Green Valley Living Group Ltd,350 Market Street,South,IMP00792,T105542
C00793,Lotus Enterprises Ltd,185 Market Street,North,IMP00793,T105550
C00794,Carrick Industries Partners Ltd,36 Temple Street,South,IMP00794,T105551
C00795,Horizon Glow & Sons,341 Airport Road,Capital,IMP00795,T105564
C00796,Jade Industries Ltd,316 Station Road,West,IMP00796,T105571
C00797,Northern Agro Enterprises,278 Riverside,North,IMP00797,T105573
C00798,Lotus Mobile Ltd,259 Bazaar Lane,West,IMP00798,T105584
C00799,Phoenix Steel Limited,393 Airport Road,South,IMP00799,T105587
C00800,"Sunrise Electronics Co., Ltd",52 Riverside,West,IMP00800,T105595
C00801,Silk Road Textiles Enterprises,301 Market Street,West,IMP00801,T105606
C00802,"Pacific Textiles Co., Ltd",320 Industrial Estate,West,IMP00802,T105608
C00803,Sunrise Electronics Holdings Ltd,16 Temple Street,South,IMP00803,T105616
C00804,Green Valley Foods International Ltd,262 Industrial Estate,West,IMP00804,T105625
C00805,Pacific Glow & Sons,29 Industrial Estate,West,IMP00805,T105632
C00806,Saffron Imports Enterprises,110 Market Street,West,IMP00806,T105640
C00807,"Saffron Supply Co., Ltd",341 Garden Lane,Capital,IMP00807,T105646
C00808,Metro Logistics & Sons,33 Market Street,Capital,IMP00808,T105651
C00809,Arden Glow Limited,228 Industrial Estate,Capital,IMP00809,T105659
C00810,Crown Commercial International Ltd,233 Temple Street,West,IMP00810,T105667
C00811,"Aldergate Commercial Co., Ltd",219 Mill Road,South,IMP00811,T105673
C00812,United Agro Ltd,91 Market Street,East,IMP00812,T105677
C00813,"Aldergate Fruits Co., Ltd",65 Mill Road,East,IMP00813,T105684
C00814,Carrick Supply & Sons,333 Garden Lane,Coastal,IMP00814,T105696
C00815,Pacific Logistics Group Ltd,170 Riverside,South,IMP00815,T105700
C00816,Evergreen Foods International Ltd,393 Mill Road,North,IMP00816,T105708
C00817,Lotus Distribution Enterprises,367 Garden Lane,West,IMP00817,
C00818,Meridian Trading Limited,196 Temple Street,Capital,IMP00818,T105721
C00819,"Sunrise Mobile Co., Ltd",380 Airport Road,South,IMP00819,T105730
C00820,Metro Industries & Sons,78 Garden Lane,North,IMP00820,T105738
C00821,Meridian Medical International Ltd,221 Industrial Estate,West,IMP00821,T105741
C00822,Orchid Commercial Limited,233 Station Road,Coastal,IMP00822,T105747
C00823,Lotus Living Partners Ltd,145 Harbour Road,North,IMP00823,T105759
C00824,Sunrise Electronics Co.,135 Market Street,North,IMP00824,T105763
C00825,Pacific Living Limited,222 Airport Road,North,IMP00825,T105774
C00826,Great Wall Logistics & Sons,280 Harbour Road,West,IMP00826,T105779
C00827,Metro Distribution Ltd,226 Harbour Road,South,IMP00827,T105785
C00828,Metro Living Enterprises,41 Mill Road,Capital,IMP00828,
C00829,Inverness Electronics Partners Ltd,173 Market Street,Capital,IMP00829,T105797
C00830,Silver Electronics Limited,192 Harbour Road,Capital,IMP00830,T105807
C00831,United Logistics Co.,4 Garden Lane,Coastal,IMP00831,T105816
C00832,Central Supply Holdings Ltd,286 Riverside,East,IMP00832,T105821
C00833,Global Industries Co.,267 Garden Lane,East,IMP00833,T105825
C00834,Great Wall Motors Enterprises,293 Industrial Estate,West,IMP00834,T109837
C00835,Inverness Living & Sons,180 Bazaar Lane,West,IMP00835,T105843
C00836,Orchid Glow Enterprises,340 Market Street,North,IMP00836,T105847
C00837,Phoenix Living International Ltd,366 Airport Road,Capital,IMP00837,T105853
C00838,Great Wall Electronics Ltd,230 Market Street,South,IMP00838,T105860
C00839,Coral Distribution Enterprises,385 Airport Road,Capital,IMP00839,T105868
C00840,"Carrick Agro Co., Ltd",379 Airport Road,North,IMP00840,T105875
C00841,Orchid Textiles Enterprises,57 Airport Road,South,IMP00841,T105885
C00842,Pacific Medical & Sons,215 Airport Road,South,IMP00842,T105892
C00843,Inverness Distribution & Sons,260 Industrial Estate,South,IMP00843,T105896
C00844,Great Wall Imports Co.,36 Garden Lane,Capital,IMP00844,T185904
C00845,Twin Rivers Distribution Limited,232 Market Street,West,IMP00845,T105908
C00846,Royal Logistics International Ltd,331 Harbour Road,Coastal,IMP00846,T105921
C00847,Golden Motors Holdings Ltd,288 Airport Road,South,IMP00847,T105924
C00848,Blue Ocean Mobile Co.,52 Temple Street,Coastal,IMP00848,T105933
C00849,"Inverness Mobile Co., Ltd",352 Harbour Road,East,IMP00849,T105940
C00850,United Industries & Sons,5 Bazaar Lane,Coastal,IMP00850,T105944
C00851,Coral Electronics Holdings Ltd,335 Mill Road,Capital,IMP00851,T105956
C00852,Saffron Commercial Limited,398 Mill Road,Capital,IMP00852,T105960
C00853,Twin Rivers Electronics Enterprises,301 Temple Street,East,IMP00853,T105968
C00854,Global Pack Ltd,168 Mill Road,West,IMP00854,T105973
C00855,Northern Pack International Ltd,297 Riverside,North,IMP00855,T105983
C00856,Dunmore Agro Group Ltd,108 Mill Road,South,IMP00856,T105985
C00857,Jade Medical Holdings Ltd,333 Harbour Road,West,IMP00857,T105996
C00858,Great Wall Industries Group Ltd,235 Mill Road,South,IMP00858,
C00859,Sunrise Foods Enterprises,210 Airport Road,East,IMP00859,T106011
C00860,Twin Rivers Foods Holdings Ltd,174 Temple Street,East,IMP00860,T106014
C00861,Saffron Medical Holdings Ltd,78 Harbour Road,Coastal,IMP00861,T106021
C00862,Evergreen Supply Co.,52 Mill Road,South,IMP00862,T106028
C00863,Golden Living & Sons,4 Garden Lane,Coastal,IMP00863,T106036
C00864,Carrick Textiles & Sons,113 Garden Lane,West,IMP00864,T106047
C00865,"Jade Medical Co., Ltd",228 Bazaar Lane,North,IMP00865,T106053
C00866,Pacific Mobile Group Ltd,58 Bazaar Lane,East,IMP00866,T106056
C00867,"Silver Steel Co., Ltd",118 Industrial Estate,East,IMP00867,T106065
C00868,Prescott Motors International Ltd,135 Garden Lane,Capital,IMP00868,T106069
C00869,"Coral Glow Co., Ltd",43 Bazaar Lane,North,IMP00869,T106080
C00870,Star Steel Group Ltd,64 Mill Road,East,IMP00870,T106084
C00871,"Ashcombe Foods Co., Ltd",115 Industrial Estate,West,IMP00871,T106092
C00872,Ocean Steel & Sons,30 Market Street,West,IMP00872,T106098
C00873,Jade Motors Limited,296 Bazaar Lane,West,IMP00873,T106106
C00874,Pacific Distribution Limited,139 Garden Lane,West,IMP00874,T106113
C00875,Green Valley Imports Enterprises,139 Riverside,West,IMP00875,T106119
C00876,Royal Logistics Partners Ltd,4 Temple Street,North,IMP00876,T106129
C00877,Metro Living Limited,56 Riverside,South,IMP00877,T106137
C00878,Silver Trading Ltd,391 Garden Lane,South,IMP00878,T106145
C00879,Meridian Pack International Ltd,91 Mill Road,Capital,IMP00879,T106150
C00880,Blue Ocean Steel Co.,226 Mill Road,Capital,IMP00880,T106159
C00881,Central Distribution Enterprises,157 Bazaar Lane,West,IMP00881,
C00882,Ashcombe Medical International Ltd,14 Temple Street,West,IMP00882,T106167
C00883,Delta Enterprises Partners Ltd,59 Industrial Estate,West,IMP00883,T106175
C00884,Eastern Electronics Group Ltd,153 Airport Road,East,IMP00884,T106182
C00885,Twin Rivers Foods Limited,343 Industrial Estate,West,IMP00885,
C00886,"Cobalt Agro Co., Ltd",148 Riverside,East,IMP00886,
C00887,Horizon Agro Co.,110 Mill Road,North,IMP00887,T106203
C00888,Blue Ocean Commercial Partners Ltd,167 Mill Road,Coastal,IMP00888,T106210
C00889,Golden Industries International Ltd,327 Harbour Road,West,IMP00889,T106219
C00890,Golden Electronics Limited,4 Riverside,North,IMP00890,T106224
C00891,Twin Rivers Electronics Co.,149 Market Street,South,IMP00891,T106236
C00892,Delta Fruits Holdings Ltd,340 Industrial Estate,West,IMP00892,T106240
C00893,"Golden Commercial Co., Ltd",199 Industrial Estate,North,IMP00893,T106745
C00894,Evergreen Agro Ltd,242 Airport Road,North,IMP00894,
C00895,Carrick Medical Limited,238 Temple Street,South,IMP00895,T106261
C00896,Silk Road Commercial Group Ltd,298 Market Street,Capital,IMP00896,T106270
C00897,Prescott Fruits Group Ltd,134 Riverside,East,IMP00897,T106276
C00898,Great Wall Textiles Ltd,281 Garden Lane,Capital,IMP00898,T106281
C00899,Sunrise Imports Group Ltd,374 Temple Street,North,IMP00899,T106289
C00900,Golden Glow Partners Ltd,227 Mill Road,South,IMP00900,T106297
C00901,Evergreen Fruits Holdings Ltd,346 Market Street,North,IMP00901,T100070
C00902,Horizon Trading Co.,126 Station Road,Coastal,IMP00902,T106313
C00903,Delta Imports Group Ltd,54 Garden Lane,North,IMP00903,T106318
C00904,Twin Rivers Mobile Limited,389 Garden Lane,West,IMP00904,T106327
C00905,Summit Agro Holdings Ltd,241 Bazaar Lane,West,IMP00905,T106334
C00906,Silk Road Pack Partners Ltd,386 Industrial Estate,West,IMP00906,T106341
C00907,Metro Textiles Co.,79 Harbour Road,West,IMP00907,T106347
C00908,Prime Pack Co.,205 Bazaar Lane,South,IMP00908,T106351
C00909,Carrick Living Partners Ltd,187 Harbour Road,North,IMP00909,T106362
C00910,Delta Logistics Holdings Ltd,366 Airport Road,West,IMP00910,T106365
C00911,Ocean Industries Enterprises,275 Station Road,East,IMP00911,T106372
C00912,"Golden Motors Co., Ltd",58 Temple Street,East,IMP00912,T106383
C00913,Great Wall Pack Group Ltd,177 Airport Road,West,IMP00913,T106384
C00914,Prescott Trading Ltd,34 Riverside,Capital,IMP00914,T106395
C00915,Aldergate Distribution Holdings Ltd,229 Station Road,North,IMP00915,T106401
C00916,Evergreen Textiles Group Ltd,215 Airport Road,Coastal,IMP00916,T106408
C00917,Dunmore Distribution Limited,130 Station Road,Coastal,IMP00917,T106414
C00918,Blue Ocean Logistics Co.,36 Garden Lane,North,IMP00918,T106424
C00919,Inverness Foods Group Ltd,339 Garden Lane,East,IMP00919,T106426
C00920,Dunmore Foods Group Ltd,254 Industrial Estate,West,IMP00920,T106433
C00921,Horizon Trading Ltd,84 Garden Lane,Coastal,IMP00921,T106441
C00922,Phoenix Fruits Ltd,215 Harbour Road,South,IMP00922,T106451
C00923,Golden Agro Holdings Ltd,382 Harbour Road,Coastal,IMP00923,T106455
C00924,Evergreen Motors Holdings Ltd,337 Airport Road,North,IMP00924,T106463
C00925,United Supply Limited,315 Mill Road,South,IMP00925,T106469
C00926,Metro Steel Partners Ltd,358 Market Street,Coastal,IMP00926,T106477
C00927,Global Commercial & Sons,136 Temple Street,East,IMP00927,T106488
C00928,Evergreen Medical Holdings Ltd,267 Riverside,North,IMP00928,T106489
C00929,Global Distribution Co.,328 Industrial Estate,East,IMP00929,T106499
C00930,United Imports Partners Ltd,64 Temple Street,Capital,IMP00930,T106506
C00931,Crown Trading Holdings Ltd,276 Station Road,North,IMP00931,T106516
C00932,Ocean Trading Limited,375 Industrial Estate,Coastal,IMP00932,T106523
C00933,Evergreen Fruits Enterprises,196 Garden Lane,South,IMP00933,T106525
C00934,Summit Supply Co.,168 Airport Road,East,IMP00934,T106535
C00935,Silver Steel Co.,273 Industrial Estate,West,IMP00935,T106540
C00936,United Steel International Ltd,5 Industrial Estate,Capital,IMP00936,T106549
C00937,Saffron Textiles International Ltd,136 Harbour Road,North,IMP00937,T106552
C00938,Silver Mobile & Sons,333 Garden Lane,East,IMP00938,T106561
C00939,Metro Steel Holdings Ltd,346 Market Street,North,IMP00939,T100070
C00940,Aldergate Electronics Holdings Ltd,244 Airport Road,Capital,IMP00940,T106577
C00941,Dunmore Mobile Group Ltd,143 Bazaar Lane,South,IMP00941,T106582
C00942,Aldergate Living Holdings Ltd,75 Riverside,West,IMP00942,T106589
C00943,Ocean Enterprises & Sons,28 Industrial Estate,North,IMP00943,
C00944,Silk Road Mobile Partners Ltd,93 Market Street,South,IMP00944,T106607
C00945,Saffron Industries International Ltd,48 Station Road,Capital,IMP00945,T106608
C00946,Dunmore Pack & Sons,346 Market Street,North,IMP00946,T106616
C00947,Summit Textiles International Ltd,166 Station Road,Capital,IMP00947,T106627
C00948,Inverness Motors Holdings Ltd,62 Market Street,Capital,IMP00948,T106630
C00949,Horizon Industries International Ltd,362 Temple Street,Coastal,IMP00949,T106640
C00950,Central Enterprises Co.,191 Garden Lane,South,IMP00950,
C00951,Arden Logistics Group Ltd,18 Garden Lane,West,IMP00951,T106654
C00952,Harmony Logistics & Sons,151 Garden Lane,Coastal,IMP00952,T106660
C00953,Dunmore Foods Ltd,43 Airport Road,Coastal,IMP00953,T106664
C00954,Northern Enterprises Enterprises,97 Bazaar Lane,Coastal,IMP00954,T106671
C00955,Phoenix Trading Group Ltd,128 Harbour Road,Coastal,IMP00955,T106683
C00956,Golden Living Group Ltd,97 Garden Lane,Coastal,IMP00956,T106686
C00957,Phoenix Fruits International Ltd,249 Temple Street,South,IMP00957,T106692
C00958,Star Medical & Sons,219 Mill Road,East,IMP00958,T106704
C00959,Orchid Distribution Holdings Ltd,144 Riverside,Capital,IMP00959,T106709
C00960,Horizon Imports & Sons,293 Mill Road,Capital,IMP00960,T106719
C00961,Ocean Electronics International Ltd,209 Bazaar Lane,Capital,IMP00961,T106720
C00962,Pacific Living Partners Ltd,119 Garden Lane,South,IMP00962,T106731
C00963,"Central Electronics Co., Ltd",273 Market Street,East,IMP00963,T106740
C00964,Prescott Distribution Co.,18 Bazaar Lane,Coastal,IMP00964,T106747
C00965,"Phoenix Mobile Co., Ltd",269 Bazaar Lane,South,IMP00965,T106754
C00966,Pacific Pack Co.,305 Mill Road,Coastal,IMP00966,T106758
C00967,"Prime Electronics Co., Ltd",314 Station Road,Capital,IMP00967,T106765
C00968,"Evergreen Agro Co., Ltd",390 Harbour Road,East,IMP00968,T106770
C00969,Ashcombe Enterprises Holdings Ltd,74 Airport Road,South,IMP00969,T106777
C00970,Blue Ocean Agro Holdings Ltd,261 Mill Road,South,IMP00970,T806787
C00971,Inverness Pack Enterprises,251 Bazaar Lane,Capital,IMP00971,T106791
C00972,Metro Steel Ltd,91 Temple Street,Coastal,IMP00972,T106803
C00973,Evergreen Imports Enterprises,308 Temple Street,North,IMP00973,T106805
C00974,Dunmore Living Partners Ltd,338 Harbour Road,North,IMP00974,T106813
C00975,Pacific Commercial Partners Ltd,372 Market Street,Coastal,IMP00975,T106823
C00976,Twin Rivers Agro Co.,278 Station Road,South,IMP00976,T106829
C00977,Jade Supply Partners Ltd,389 Industrial Estate,North,IMP00977,T106833
C00978,Pacific Electronics Co.,146 Industrial Estate,South,IMP00978,T166841
C00979,Prime Mobile & Sons,209 Riverside,North,IMP00979,T106851
C00980,Harmony Mobile Group Ltd,141 Airport Road,North,IMP00980,T106858
C00981,Global Imports Ltd,34 Harbour Road,East,IMP00981,T106860
C00982,Cobalt Supply Holdings Ltd,188 Airport Road,North,IMP00982,T106868
C00983,"Evergreen Steel Co., Ltd",230 Garden Lane,Coastal,IMP00983,T106874
C00984,Silk Road Commercial Holdings Ltd,310 Harbour Road,Capital,IMP00984,T106881
C00985,Arden Industries Group Ltd,391 Harbour Road,West,IMP00985,T106892
C00986,Inverness Glow Enterprises,358 Garden Lane,Capital,IMP00986,T106901
C00987,Ocean Pack Co.,142 Garden Lane,North,IMP00987,T106907
C00988,Metro Living Holdings Ltd,315 Airport Road,West,IMP00988,T106912
C00989,Summit Industries Co.,309 Industrial Estate,West,IMP00989,T106922
C00990,Metro Motors Group Ltd,24 Harbour Road,East,IMP00990,T100033
C00991,Sunrise Electronics Ltd,115 Industrial Estate,South,IMP00991,T106933
C00992,Saffron Commercial & Sons,44 Market Street,Capital,IMP00992,T109939
C00993,"Dunmore Industries Co., Ltd",344 Temple Street,Coastal,IMP00993,T106946
C00994,Evergreen Supply International Ltd,162 Riverside,West,IMP00994,T106957
C00995,Great Wall Glow Limited,155 Station Road,Coastal,IMP00995,T106963
C00996,Ocean Commercial Limited,212 Temple Street,South,IMP00996,T106970
C00997,Delta Pack International Ltd,308 Airport Road,East,IMP00997,T106977
C00998,Evergreen Trading Group Ltd,307 Industrial Estate,East,IMP00998,T106983
C00999,Carrick Electronics Group Ltd,375 Industrial Estate,Coastal,IMP00999,T106987
C01000,Prime Fruits Group Ltd,123 Garden Lane,South,IMP01000,T106998
C01001,Star Pack Enterprises,237 Mill Road,East,IMP01001,T107004
C01002,Cobalt Logistics Co.,121 Market Street,East,IMP01002,T107013
C01003,United Textiles Limited,345 Garden Lane,East,IMP01003,T107015
C01004,Star Agro Co.,223 Station Road,North,IMP01004,T107026
C01005,Meridian Textiles Group Ltd,24 Harbour Road,East,IMP01005,T100033
C01006,Metro Distribution & Sons,187 Station Road,South,IMP01006,T107040
C01007,Arden Industries Ltd,338 Industrial Estate,South,IMP01007,T107048
C01008,Dunmore Industries Co.,16 Industrial Estate,West,IMP01008,T107051
C01009,Dunmore Glow International Ltd,139 Market Street,East,IMP01009,T107059
C01010,Central Electronics Ltd,95 Temple Street,Coastal,IMP01010,T107067
C01011,Phoenix Steel International Ltd,272 Harbour Road,East,IMP01011,T107076
C01012,Delta Imports Holdings Ltd,283 Bazaar Lane,West,IMP01012,T107081
C01013,Twin Rivers Pack Ltd,43 Market Street,East,IMP01013,T107087
C01014,Great Wall Industries International Ltd,163 Riverside,East,IMP01014,T107091
C01015,Delta Distribution Holdings Ltd,230 Airport Road,South,IMP01015,T107102
C01016,"Cobalt Enterprises Co., Ltd",64 Station Road,Coastal,IMP01016,T107109
C01017,Delta Steel Co.,27 Bazaar Lane,Coastal,IMP01017,T107116
C01018,Phoenix Motors Limited,64 Industrial Estate,Coastal,IMP01018,T107123
C01019,Lotus Fruits Holdings Ltd,83 Temple Street,Capital,IMP01019,T107127
C01020,Blue Ocean Enterprises International Ltd,353 Station Road,South,IMP01020,T107138
C01021,Global Enterprises Partners Ltd,261 Airport Road,Coastal,IMP01021,T107146
C01022,Dunmore Enterprises Holdings Ltd,354 Garden Lane,East,IMP01022,T107151
C01023,Carrick Fruits Partners Ltd,378 Bazaar Lane,West,IMP01023,T107160
C01024,"Aldergate Living Co., Ltd",364 Station Road,South,IMP01024,T107163
C01025,Dunmore Textiles Holdings Ltd,329 Garden Lane,North,IMP01025,T107170
C01026,Orchid Electronics Holdings Ltd,266 Industrial Estate,East,IMP01026,T107178
C01027,Saffron Electronics & Sons,44 Station Road,East,IMP01027,T107185
C01028,Eastern Living & Sons,100 Market Street,East,IMP01028,T107190
C01029,Great Wall Distribution Partners Ltd,120 Airport Road,East,IMP01029,T107202
C01030,Summit Imports Group Ltd,311 Station Road,East,IMP01030,T107208
C01031,Delta Electronics Enterprises,257 Mill Road,Capital,IMP01031,T107211
C01032,Pacific Distribution Partners Ltd,266 Harbour Road,South,IMP01032,T107218
C01033,Golden Industries Group Ltd,291 Airport Road,West,IMP01033,
C01034,Pacific Distribution Ltd,324 Mill Road,West,IMP01034,T107211
C01035,Silver Motors Partners Ltd,288 Airport Road,South,IMP01035,
C01036,Carrick Mobile Enterprises,193 Industrial Estate,Coastal,IMP01036,T107245
C01037,Carrick Agro Enterprises,18 Market Street,West,IMP01037,T107258
C01038,Inverness Commercial International Ltd,315 Garden Lane,West,IMP01038,T107261
C01039,Metro Commercial Co.,395 Station Road,East,IMP01039,T107267
C01040,Green Valley Logistics Partners Ltd,68 Station Road,East,IMP01040,T107271
C01041,Cobalt Fruits Limited,372 Mill Road,North,IMP01041,T107281
C01042,Great Wall Living Holdings Ltd,188 Mill Road,South,IMP01042,T107290
C01043,Inverness Fruits & Sons,366 Garden Lane,Coastal,IMP01043,T107297
C01044,Ocean Commercial Group Ltd,321 Harbour Road,North,IMP01044,T107304
C01045,Inverness Pack Co.,230 Mill Road,Coastal,IMP01045,T107313
C01046,"Ashcombe Enterprises Co., Ltd",214 Harbour Road,Capital,IMP01046,T107318
C01047,Horizon Industries & Sons,120 Bazaar Lane,North,IMP01047,T107322
C01048,Crown Distribution International Ltd,308 Airport Road,South,IMP01048,T107332
C01049,Aldergate Pack & Sons,260 Harbour Road,Capital,IMP01049,T107336
C01050,Orchid Commercial International Ltd,368 Harbour Road,West,IMP01050,T107343
C01051,Blue Ocean Enterprises Ltd,326 Harbour Road,North,IMP01051,T107353
C01052,Royal Agro & Sons,85 Station Road,East,IMP01052,T107357
C01053,Evergreen Trading Limited,182 Harbour Road,Coastal,IMP01053,T107367
C01054,Cobalt Steel International Ltd,51 Market Street,Capital,IMP01054,T107374
C01055,Global Textiles Enterprises,128 Market Street,East,IMP01055,
C01056,Sunrise Glow International Ltd,27 Industrial Estate,Capital,IMP01056,T107385
C01057,"Delta Motors Co., Ltd",189 Riverside,Coastal,IMP01057,T107398
C01058,Blue Ocean Glow Limited,370 Market Street,East,IMP01058,T107402
C01059,Silk Road Pack Co.,246 Temple Street,East,IMP01059,T107408
C01060,Meridian Pack Co.,18 Bazaar Lane,Capital,IMP01060,T107415
C01061,Sunrise Logistics Ltd,239 Temple Street,East,IMP01061,T107425
C01062,Crown Industries & Sons,85 Riverside,South,IMP01062,T107431
C01063,Blue Ocean Logistics Enterprises,354 Station Road,West,IMP01063,T107434
C01064,Harmony Foods Holdings Ltd,237 Airport Road,North,IMP01064,T107444
C01065,"Metro Medical Co., Ltd",300 Airport Road,North,IMP01065,T107448
C01066,"Northern Commercial Co., Ltd",162 Bazaar Lane,Capital,IMP01066,T107458
C01067,Arden Medical Partners Ltd,291 Bazaar Lane,North,IMP01067,
C01068,Evergreen Electronics Enterprises,351 Airport Road,West,IMP01068,T107475
C01069,Northern Fruits Enterprises,199 Riverside,South,IMP01069,T107481
C01070,Metro Mobile Group Ltd,89 Mill Road,West,IMP01070,T107488
C01071,Eastern Glow Limited,58 Bazaar Lane,East,IMP01071,T157494
C01072,Prime Trading & Sons,167 Garden Lane,Coastal,IMP01072,T107500
C01073,Silver Imports Partners Ltd,222 Bazaar Lane,North,IMP01073,T107509
C01074,Blue Ocean Industries & Sons,346 Market Street,North,IMP01074,T100070
C01075,Silk Road Steel International Ltd,389 Riverside,West,IMP01075,T107518
C01076,United Imports Group Ltd,384 Harbour Road,Capital,IMP01076,T107531
C01077,Delta Glow International Ltd,342 Station Road,Capital,IMP01077,T107538
C01078,Phoenix Agro Enterprises,124 Industrial Estate,South,IMP01078,T107545
C01079,Golden Commercial Co.,259 Market Street,Capital,IMP01079,T107547
C01080,"Lotus Logistics Co., Ltd",136 Riverside,East,IMP01080,
C01081,Sunrise Industries Co.,67 Bazaar Lane,North,IMP01081,T107561
C01082,Central Imports Co.,286 Industrial Estate,South,IMP01082,T107573
C01083,Cobalt Motors Co.,165 Temple Street,East,IMP01083,T107579
C01084,Delta Pack Limited,110 Mill Road,South,IMP01084,T107585
C01085,Global Imports & Sons,397 Industrial Estate,West,IMP01085,T100590
C01086,"Global Electronics Co., Ltd",102 Industrial Estate,North,IMP01086,T107597
C01087,Dunmore Electronics Holdings Ltd,12 Industrial Estate,West,IMP01087,
C01088,Coral Textiles Co.,223 Mill Road,North,IMP01088,T107612
C01089,Carrick Trading & Sons,172 Airport Road,North,IMP01089,T107617
C01090,"Eastern Glow Co., Ltd",389 Station Road,West,IMP01090,T107623
C01091,Metro Distribution Limited,11 Temple Street,Capital,IMP01091,T107632
C01092,Jade Supply Co.,68 Industrial Estate,South,IMP01092,T107643
C01093,Saffron Motors Group Ltd,170 Harbour Road,Capital,IMP01093,T507648
C01094,Jade Distribution Ltd,144 Riverside,Capital,IMP01094,T107652
C01095,"Arden Supply Co., Ltd",11 Industrial Estate,East,IMP01095,T107661
C01096,Carrick Motors Limited,165 Bazaar Lane,East,IMP01096,T107668
C01097,Golden Imports Ltd,115 Airport Road,South,IMP01097,T107677
C01098,Coral Glow Ltd,166 Market Street,North,IMP01098,T107683
C01099,Silver Textiles Enterprises,254 Industrial Estate,West,IMP01099,T107688
C01100,Silk Road Pack Group Ltd,244 Industrial Estate,West,IMP01100,T107695
C01101,United Mobile Co.,132 Garden Lane,West,IMP01101,
C01102,Global Motors Co.,327 Harbour Road,Coastal,IMP01102,T107713
C01103,"Saffron Distribution Co., Ltd",256 Garden Lane,West,IMP01103,T107714
C01104,Harmony Electronics Ltd,109 Market Street,West,IMP01104,T107722
C01105,Orchid Agro Limited,316 Harbour Road,East,IMP01105,T107732
C01106,"Blue Ocean Glow Co., Ltd",58 Station Road,North,IMP01106,T107740
C01107,Green Valley Distribution Group Ltd,77 Temple Street,East,IMP01107,T107746
C01108,Harmony Trading Limited,355 Mill Road,South,IMP01108,T107750
C01109,Metro Logistics Group Ltd,397 Industrial Estate,East,IMP01109,T107760
C01110,Great Wall Commercial Group Ltd,175 Industrial Estate,Coastal,IMP01110,T107766
C01111,Phoenix Commercial Group Ltd,271 Temple Street,South,IMP01111,T108776
C01112,Silver Imports & Sons,332 Market Street,Capital,IMP01112,T107779
C01113,"Aldergate Agro Co., Ltd",138 Bazaar Lane,Coastal,IMP01113,T107789
C01114,"Ocean Living Co., Ltd",23 Market Street,East,IMP01114,T107797
C01115,Meridian Logistics Co.,65 Bazaar Lane,Capital,IMP01115,T107803
C01116,Inverness Fruits Ltd,59 Station Road,West,IMP01116,T107808
C01117,Eastern Glow Enterprises,208 Mill Road,South,IMP01117,T107812
C01118,Sunrise Motors Group Ltd,83 Garden Lane,Coastal,IMP01118,T107822
C01119,Golden Commercial Partners Ltd,283 Bazaar Lane,South,IMP01119,T107826
C01120,Orchid Steel Enterprises,205 Temple Street,North,IMP01120,T107833
C01121,Evergreen Glow Partners Ltd,52 Harbour Road,West,IMP01121,T107845
C01122,Sunrise Supply Enterprises,269 Temple Street,Coastal,IMP01122,T107851
C01123,Ashcombe Electronics Enterprises,330 Garden Lane,Coastal,IMP01123,T107856
C01124,Royal Trading & Sons,397 Industrial Estate,Coastal,IMP01124,T107862
C01125,Silver Glow International Ltd,275 Station Road,East,IMP01125,T107871
C01126,Aldergate Textiles Group Ltd,264 Industrial Estate,Capital,IMP01126,T107881
C01127,"Carrick Imports Co., Ltd",27 Industrial Estate,Coastal,IMP01127,T107882
C01128,Coral Distribution Group Ltd,134 Market Street,West,IMP01128,T107890
C01129,Harmony Pack Partners Ltd,173 Temple Street,Capital,IMP01129,T107902
C01130,Summit Steel & Sons,397 Mill Road,West,IMP01130,T107009
C01131,Aldergate Agro Ltd,130 Station Road,Capital,IMP01131,T107911
C01132,Delta Enterprises Enterprises,265 Temple Street,West,IMP01132,T107917
C01133,Phoenix Steel Ltd,379 Mill Road,Coastal,IMP01133,T107927
C01134,Horizon Electronics Holdings Ltd,254 Temple Street,South,IMP01134,T107933
C01135,Harmony Trading Group Ltd,48 Harbour Road,South,IMP01135,T107942
C01136,Pacific Fruits Enterprises,323 Riverside,West,IMP01136,
C01137,Northern Medical Limited,91 Station Road,West,IMP01137,T107957
C01138,Harmony Commercial Limited,104 Bazaar Lane,North,IMP01138,T107959
C01139,"Carrick Commercial Co., Ltd",140 Airport Road,Coastal,IMP01139,T107996
C01140,Sunrise Electronics International Ltd,188 Station Road,South,IMP01140,
C01141,Crown Fruits Enterprises,267 Market Street,East,IMP01141,T107985
C01142,Arden Living Co.,144 Riverside,West,IMP01142,T107992
C01143,Global Glow Group Ltd,10 Airport Road,Coastal,IMP01143,T107994
C01144,Sunrise Textiles Enterprises,87 Riverside,South,IMP01144,T108007
C01145,Star Supply & Sons,288 Airport Road,Coastal,IMP01145,T108011
C01146,Delta Glow Enterprises,97 Airport Road,West,IMP01146,T108019
C01147,Star Distribution Co.,6 Industrial Estate,West,IMP01147,T108025
C01148,Pacific Trading Limited,88 Temple Street,South,IMP01148,
C01149,Ocean Electronics Partners Ltd,206 Riverside,South,IMP01149,T108039
C01150,Meridian Pack Limited,167 Bazaar Lane,East,IMP01150,T108048
C01151,Horizon Commercial Ltd,164 Mill Road,South,IMP01151,
C01152,Great Wall Electronics Partners Ltd,299 Temple Street,Coastal,IMP01152,T108063
C01153,Metro Foods Partners Ltd,11 Riverside,Capital,IMP01153,T108069
C01154,Inverness Motors Partners Ltd,246 Harbour Road,Coastal,IMP01154,T108076
C01155,Saffron Pack Limited,106 Temple Street,Coastal,IMP01155,T108084
C01156,Inverness Mobile Enterprises,304 Bazaar Lane,Capital,IMP01156,T108086
C01157,Evergreen Electronics Ltd,251 Industrial Estate,East,IMP01157,T108095
C01158,Summit Pack Group Ltd,381 Harbour Road,South,IMP01158,T108100
C01159,Crown Mobile Enterprises,191 Bazaar Lane,South,IMP01159,T108106
C01160,"Phoenix Trading Co., Ltd",209 Airport Road,South,IMP01160,T108113
C01161,Arden Industries Co.,390 Station Road,Coastal,IMP01161,T108126
C01162,Central Glow & Sons,392 Riverside,West,IMP01162,T108129
C01163,Cobalt Distribution Limited,220 Temple Street,West,IMP01163,T108137
C01164,Ocean Industries & Sons,333 Market Street,South,IMP01164,T108146
C01165,Coral Enterprises Group Ltd,394 Bazaar Lane,West,IMP01165,T108151
C01166,Star Supply Holdings Ltd,131 Mill Road,North,IMP01166,T108158
C01167,Phoenix Distribution Ltd,338 Market Street,Coastal,IMP01167,T108168
C01168,Orchid Mobile Partners Ltd,288 Industrial Estate,North,IMP01168,T108170
C01169,Ashcombe Textiles Group Ltd,161 Mill Road,West,IMP01169,T108177
C01170,Central Supply International Ltd,3 Airport Road,Coastal,IMP01170,T108189
C01171,Lotus Pack Holdings Ltd,65 Bazaar Lane,Capital,IMP01171,T108191
C01172,Orchid Enterprises International Ltd,101 Market Street,West,IMP01172,T108201
C01173,Northern Mobile Partners Ltd,358 Garden Lane,Coastal,IMP01173,T108207
C01174,Metro Logistics Co.,177 Harbour Road,East,IMP01174,
C01175,Central Agro Group Ltd,14 Airport Road,Capital,IMP01175,T108222
C01176,Ocean Motors & Sons,228 Industrial Estate,Capital,IMP01176,T108225
C01177,Sunrise Enterprises Holdings Ltd,52 Riverside,Capital,IMP01177,T108237
C01178,Metro Motors & Sons,12 Airport Road,West,IMP01178,T108239
C01179,Phoenix Fruits Enterprises,353 Station Road,Coastal,IMP01179,T108249
C01180,Global Logistics Holdings Ltd,318 Bazaar Lane,East,IMP01180,T108253
C01181,Delta Steel International Ltd,346 Market Street,North,IMP01181,T100070
C01182,Silk Road Logistics Holdings Ltd,220 Market Street,South,IMP01182,T108273
C01183,Carrick Motors Ltd,47 Temple Street,North,IMP01183,T108275
C01184,Silver Textiles Co.,370 Market Street,Capital,IMP01184,T108282
C01185,Prescott Steel Enterprises,291 Station Road,South,IMP01185,T108292
C01186,Harmony Logistics Partners Ltd,97 Riverside,West,IMP01186,T108298
C01187,Prescott Living & Sons,248 Station Road,North,IMP01187,T108308
C01188,Phoenix Supply Group Ltd,135 Riverside,South,IMP01188,T108311
C01189,Arden Commercial Enterprises,269 Garden Lane,East,IMP01189,T108318
C01190,Prime Steel & Sons,112 Industrial Estate,West,IMP01190,T108328
C01191,Coral Enterprises Limited,351 Harbour Road,Coastal,IMP01191,T108331
C01192,Silk Road Pack & Sons,54 Garden Lane,North,IMP01192,T108340
C01193,Silver Glow Limited,330 Garden Lane,North,IMP01193,T108344
C01194,Crown Distribution Co.,265 Riverside,West,IMP01194,T108351
C01195,Orchid Motors Co.,245 Airport Road,Coastal,IMP01195,T108362
C01196,"Meridian Glow Co., Ltd",259 Mill Road,South,IMP01196,T108367
C01197,"Aldergate Distribution Co., Ltd",349 Garden Lane,North,IMP01197,T103377
C01198,Orchid Trading & Sons,231 Harbour Road,East,IMP01198,T108383
C01199,Sunrise Commercial Holdings Ltd,5 Industrial Estate,Coastal,IMP01199,T108387
C01200,Delta Textiles Enterprises,362 Station Road,West,IMP01200,T108393
C01201,Star Pack Co.,159 Harbour Road,North,IMP01201,T108402
C01202,Star Distribution & Sons,387 Airport Road,Coastal,IMP01202,T108407
C01203,Orchid Foods Limited,88 Market Street,Capital,IMP01203,T108416
C01204,Northern Electronics Partners Ltd,117 Industrial Estate,West,IMP01204,T108425
C01205,"Coral Agro Co., Ltd",7 Bazaar Lane,East,IMP01205,T108429
C01206,"Ocean Mobile Co., Ltd",171 Garden Lane,North,IMP01206,T108439
C01207,"Lotus Foods Co., Ltd",123 Industrial Estate,East,IMP01207,T108446
C01208,Silver Living Ltd,54 Airport Road,West,IMP01208,
C01209,"Star Foods Co., Ltd",45 Station Road,East,IMP01209,T108461
C01210,"Summit Motors Co., Ltd",83 Temple Street,Capital,IMP01210,T108464
C01211,Golden Imports & Sons,384 Mill Road,West,IMP01211,T108476
C01212,Arden Commercial Partners Ltd,49 Bazaar Lane,East,IMP01212,T158479
C01213,"Prime Foods Co., Ltd",121 Bazaar Lane,West,IMP01213,T108486
C01214,Prescott Steel & Sons,305 Industrial Estate,South,IMP01214,T108496
C01215,Star Distribution Ltd,369 Airport Road,Coastal,IMP01215,T108503
C01216,Aldergate Mobile Holdings Ltd,302 Bazaar Lane,South,IMP01216,T108505
C01217,Delta Foods Group Ltd,46 Market Street,West,IMP01217,T108516
C01218,Phoenix Medical Ltd,130 Mill Road,West,IMP01218,T108525
C01219,Star Trading Ltd,126 Bazaar Lane,South,IMP01219,T109527
C01220,Twin Rivers Fruits Co.,193 Industrial Estate,Capital,IMP01220,T108534
C01221,Pacific Glow Group Ltd,58 Bazaar Lane,East,IMP01221,T108544
C01222,Orchid Supply Partners Ltd,73 Industrial Estate,Coastal,IMP01222,T108549
C01223,Prescott Foods International Ltd,24 Harbour Road,East,IMP01223,T100033
C01224,Lotus Pack Partners Ltd,335 Temple Street,Capital,IMP01224,T108565
C01225,"Lotus Electronics Co., Ltd",151 Garden Lane,North,IMP01225,T108573
C01226,Golden Living Partners Ltd,73 Airport Road,South,IMP01226,T108581
C01227,Inverness Motors Ltd,135 Station Road,North,IMP01227,T108587
C01228,Evergreen Mobile Co.,354 Riverside,North,IMP01228,T108593
C01229,Delta Textiles Holdings Ltd,315 Bazaar Lane,Capital,IMP01229,T108596
C01230,Summit Steel Ltd,177 Station Road,North,IMP01230,T108607
C01231,"Green Valley Enterprises Co., Ltd",65 Mill Road,East,IMP01231,T108613
C01232,Coral Logistics Group Ltd,213 Temple Street,Capital,IMP01232,T108617
C01233,Dunmore Motors Holdings Ltd,160 Market Street,South,IMP01233,T108626
C01234,"Summit Glow Co., Ltd",153 Mill Road,Capital,IMP01234,T108631
C01235,Pacific Steel Holdings Ltd,311 Station Road,Capital,IMP01235,T148640
C01236,Jade Textiles Partners Ltd,281 Station Road,South,IMP01236,T198650
C01237,Evergreen Logistics International Ltd,258 Harbour Road,West,IMP01237,
C01238,Jade Pack Enterprises,12 Temple Street,Capital,IMP01238,T108665
C01239,Harmony Living & Sons,249 Bazaar Lane,South,IMP01239,T108672
C01240,Twin Rivers Logistics Group Ltd,299 Temple Street,North,IMP01240,
C01241,Prime Foods Enterprises,298 Station Road,East,IMP01241,T108686
C01242,"Royal Agro Co., Ltd",191 Bazaar Lane,South,IMP01242,T108692
C01243,Golden Steel Co.,285 Mill Road,Coastal,IMP01243,T108694
C01244,Green Valley Steel Group Ltd,18 Riverside,West,IMP01244,
C01245,Global Mobile Limited,70 Market Street,North,IMP01245,T108709
C01246,United Imports Limited,205 Market Street,South,IMP01246,T108719
C01247,Coral Steel Partners Ltd,146 Mill Road,North,IMP01247,T108724
C01248,Metro Enterprises Enterprises,360 Airport Road,East,IMP01248,T108729
C01249,"United Motors Co., Ltd",256 Garden Lane,Capital,IMP01249,T108742
C01250,Prime Imports Limited,27 Harbour Road,West,IMP01250,T108745
C01251,Lotus Fruits International Ltd,394 Temple Street,East,IMP01251,T108756
C01252,Coral Distribution & Sons,11 Temple Street,Capital,IMP01252,T108759
C01253,Crown Pack Group Ltd,75 Industrial Estate,Coastal,IMP01253,T108769
C01254,Phoenix Supply Holdings Ltd,142 Riverside,West,IMP01254,T108774
C01255,Cobalt Medical Co.,353 Station Road,South,IMP01255,T108782
C01256,Jade Steel Holdings Ltd,115 Harbour Road,Coastal,IMP01256,T100788
C01257,Meridian Imports Ltd,303 Market Street,Coastal,IMP01257,T108793
C01258,Central Pack International Ltd,273 Market Street,South,IMP01258,T108799
C01259,Ocean Electronics & Sons,303 Market Street,Coastal,IMP01259,T108811
C01260,Star Glow Limited,346 Market Street,North,IMP01260,T100070
C01261,Great Wall Enterprises Ltd,322 Airport Road,North,IMP01261,T108824
C01262,Ashcombe Agro Co.,212 Riverside,North,IMP01262,T108831
C01263,Northern Supply Holdings Ltd,323 Airport Road,West,IMP01263,T108840
C01264,Royal Steel Ltd,307 Garden Lane,Coastal,IMP01264,T108847
C01265,Star Supply Enterprises,307 Bazaar Lane,West,IMP01265,T108853
C01266,Harmony Medical Co.,269 Temple Street,Coastal,IMP01266,T108859
C01267,Twin Rivers Distribution Holdings Ltd,370 Garden Lane,Capital,IMP01267,T108866
C01268,Prime Logistics Ltd,319 Airport Road,South,IMP01268,T108875
C01269,Star Foods & Sons,159 Riverside,East,IMP01269,T108876
C01270,United Industries Holdings Ltd,349 Airport Road,East,IMP01270,T108883
C01271,Star Steel International Ltd,97 Riverside,South,IMP01271,T108891
C01272,Delta Pack Partners Ltd,151 Bazaar Lane,Capital,IMP01272,T108901
C01273,Meridian Supply Limited,368 Industrial Estate,North,IMP01273,T108907
C01274,Green Valley Foods & Sons,241 Airport Road,Coastal,IMP01274,T104917
C01275,Pacific Medical Limited,253 Mill Road,West,IMP01275,T108921
C01276,Dunmore Motors & Sons,168 Airport Road,Capital,IMP01276,T108930
C01277,Ashcombe Agro Group Ltd,391 Airport Road,Capital,IMP01277,T108935
C01278,Blue Ocean Distribution Limited,201 Garden Lane,East,IMP01278,
C01279,Evergreen Industries Co.,318 Industrial Estate,Coastal,IMP01279,T108947
C01280,Green Valley Motors & Sons,144 Market Street,West,IMP01280,T108957
C01281,Cobalt Glow & Sons,202 Harbour Road,Capital,IMP01281,T108964
C01282,Sunrise Logistics Group Ltd,15 Riverside,East,IMP01282,T108968
C01283,Great Wall Motors Ltd,21 Temple Street,East,IMP01283,T108974
C01284,Summit Industries International Ltd,298 Temple Street,Coastal,IMP01284,T108984
C01285,Aldergate Motors Ltd,382 Riverside,North,IMP01285,T108988
C01286,Ocean Textiles International Ltd,291 Airport Road,East,IMP01286,T108998
C01287,Inverness Fruits Group Ltd,398 Harbour Road,Coastal,IMP01287,T109005
C01288,"Evergreen Mobile Co., Ltd",80 Station Road,Capital,IMP01288,T109015
C01289,Carrick Industries Co.,222 Market Street,East,IMP01289,T109022
C01290,Dunmore Enterprises Co.,307 Station Road,North,IMP01290,T109029
C01291,Meridian Fruits Ltd,324 Airport Road,East,IMP01291,T109031
C01292,Prescott Industries Holdings Ltd,346 Bazaar Lane,West,IMP01292,T109041
C01293,Golden Industries Co.,196 Riverside,North,IMP01293,T109048
C01294,Central Motors Holdings Ltd,203 Harbour Road,East,IMP01294,T109051
C01295,Prime Agro Ltd,370 Mill Road,West,IMP01295,T109063
C01296,Silk Road Steel Holdings Ltd,14 Mill Road,South,IMP01296,T109068
C01297,"Metro Distribution Co., Ltd",338 Industrial Estate,South,IMP01297,T109073
C01298,Delta Fruits Ltd,394 Harbour Road,Coastal,IMP01298,T109084
C01299,United Pack Partners Ltd,369 Garden Lane,North,IMP01299,T009087
C01300,Crown Enterprises Partners Ltd,345 Harbour Road,Coastal,IMP01300,T109094
C01301,Prime Enterprises Ltd,191 Garden Lane,Coastal,IMP01301,T109102
C01302,Evergreen Glow Enterprises,98 Industrial Estate,West,IMP01302,T109113
C01303,Arden Industries Enterprises,290 Bazaar Lane,East,IMP01303,T109116
C01304,"Lotus Pack Co., Ltd",208 Industrial Estate,North,IMP01304,T109127
C01305,Saffron Logistics Group Ltd,244 Industrial Estate,Capital,IMP01305,T109133
C01306,Cobalt Pack International Ltd,124 Mill Road,West,IMP01306,T109140
C01307,Crown Steel Ltd,271 Bazaar Lane,Coastal,IMP01307,T109145
C01308,Golden Foods Group Ltd,286 Bazaar Lane,West,IMP01308,T109150
C01309,Harmony Foods Ltd,188 Station Road,North,IMP01309,T109161
C01310,Pacific Living Co.,329 Riverside,West,IMP01310,T109167
C01311,Coral Mobile Partners Ltd,161 Bazaar Lane,Coastal,IMP01311,T109171
C01312,Great Wall Trading Enterprises,388 Harbour Road,Coastal,IMP01312,T169183
C01313,Global Steel Limited,116 Temple Street,South,IMP01313,T109190
C01314,"United Foods Co., Ltd",156 Harbour Road,West,IMP01314,T109193
C01315,Metro Foods & Sons,333 Temple Street,South,IMP01315,T109203
C01316,Evergreen Commercial Partners Ltd,227 Garden Lane,Capital,IMP01316,
C01317,Ocean Enterprises Holdings Ltd,292 Temple Street,East,IMP01317,T109212
C01318,Pacific Logistics Ltd,75 Bazaar Lane,South,IMP01318,T109223
C01319,Great Wall Imports Group Ltd,279 Temple Street,West,IMP01319,T109232
C01320,Silver Logistics Holdings Ltd,336 Temple Street,South,IMP01320,T109238
C01321,Sunrise Enterprises & Sons,209 Airport Road,Capital,IMP01321,
C01322,"Metro Pack Co., Ltd",282 Riverside,East,IMP01322,T109250
C01323,Harmony Medical Holdings Ltd,338 Bazaar Lane,Capital,IMP01323,T109255
C01324,"Central Mobile Co., Ltd",23 Airport Road,North,IMP01324,T109263
C01325,Ashcombe Enterprises Enterprises,124 Market Street,South,IMP01325,T109268
C01326,Prescott Textiles Holdings Ltd,290 Riverside,East,IMP01326,T109276
C01327,Central Industries Ltd,71 Airport Road,South,IMP01327,T109286
C01328,Blue Ocean Trading International Ltd,53 Riverside,East,IMP01328,T109291
C01329,Metro Logistics International Ltd,82 Temple Street,North,IMP01329,T109297
C01330,Aldergate Trading Ltd,388 Mill Road,North,IMP01330,T109307
C01331,Pacific Supply Ltd,249 Industrial Estate,East,IMP01331,T109313
C01332,Meridian Supply Co.,165 Bazaar Lane,East,IMP01332,T109320
C01333,Eastern Pack Co.,93 Industrial Estate,East,IMP01333,T109328
C01334,Saffron Distribution Enterprises,104 Airport Road,West,IMP01334,T109334
C01335,United Fruits Group Ltd,147 Harbour Road,Coastal,IMP01335,T109341
C01336,Dunmore Living Group Ltd,309 Mill Road,Coastal,IMP01336,T109347
C01337,Meridian Motors & Sons,75 Station Road,Coastal,IMP01337,T109357
C01338,Eastern Distribution & Sons,130 Airport Road,North,IMP01338,T109364
C01339,Crown Glow & Sons,116 Harbour Road,South,IMP01339,T109368
C01340,Prime Industries Group Ltd,139 Mill Road,North,IMP01340,T109377
C01341,"Twin Rivers Motors Co., Ltd",273 Garden Lane,Capital,IMP01341,T109382
C01342,Coral Industries & Sons,292 Industrial Estate,South,IMP01342,T109389
C01343,Jade Fruits Ltd,348 Temple Street,East,IMP01343,T109398
C01344,Eastern Mobile Group Ltd,278 Garden Lane,Coastal,IMP01344,T109406
C01345,"Blue Ocean Imports Co., Ltd",138 Riverside,East,IMP01345,T109412
C01346,Global Medical Limited,164 Garden Lane,Coastal,IMP01346,T109419
C01347,Evergreen Medical International Ltd,119 Station Road,Coastal,IMP01347,T189427
C01348,Silk Road Electronics Partners Ltd,64 Airport Road,West,IMP01348,T109429
C01349,"Arden Textiles Co., Ltd",182 Temple Street,South,IMP01349,T109439
C01350,Arden Steel Enterprises,260 Station Road,Coastal,IMP01350,T109448
C01351,"Orchid Electronics Co., Ltd",118 Bazaar Lane,Capital,IMP01351,T109451
C01352,Central Electronics Holdings Ltd,397 Market Street,North,IMP01352,
C01353,Meridian Distribution Ltd,259 Market Street,East,IMP01353,T109470
C01354,Great Wall Imports Enterprises,210 Riverside,South,IMP01354,
C01355,Dunmore Foods Holdings Ltd,387 Industrial Estate,Coastal,IMP01355,T109478
C01356,Coral Enterprises Co.,103 Garden Lane,Coastal,IMP01356,T109426
C01357,Ashcombe Commercial Enterprises,225 Airport Road,Capital,IMP01357,T109495
C01358,Jade Motors Co.,252 Harbour Road,Capital,IMP01358,T109503
C01359,Prescott Textiles & Sons,98 Riverside,West,IMP01359,T109509
C01360,Twin Rivers Medical Holdings Ltd,90 Airport Road,South,IMP01360,T109515
C01361,"Coral Steel Co., Ltd",94 Airport Road,Coastal,IMP01361,T109520
C01362,Green Valley Textiles Limited,270 Bazaar Lane,South,IMP01362,
C01363,Ocean Imports Holdings Ltd,247 Temple Street,East,IMP01363,T109538
C01364,Inverness Agro Partners Ltd,57 Airport Road,South,IMP01364,T109547
C01365,"Ashcombe Textiles Co., Ltd",25 Industrial Estate,Coastal,IMP01365,T109554
C01366,Orchid Glow Co.,3 Bazaar Lane,West,IMP01366,T109559
C01367,Golden Mobile Co.,191 Station Road,Capital,IMP01367,
C01368,Pacific Enterprises International Ltd,234 Temple Street,South,IMP01368,
C01369,Northern Motors Holdings Ltd,248 Industrial Estate,Coastal,IMP01369,T109780
C01370,Orchid Steel Holdings Ltd,212 Garden Lane,North,IMP01370,T109585
C01371,Cobalt Enterprises Co.,376 Market Street,Capital,IMP01371,T109590
C01372,Prime Textiles Co.,98 Airport Road,Capital,IMP01372,T109601
C01373,Green Valley Distribution Partners Ltd,117 Airport Road,Coastal,IMP01373,T109607
C01374,Metro Enterprises Co.,259 Riverside,Coastal,IMP01374,T109617
C01375,Northern Electronics Enterprises,101 Industrial Estate,Capital,IMP01375,T109618
C01376,"United Industries Co., Ltd",258 Industrial Estate,West,IMP01376,T109629
C01377,Saffron Electronics Co.,8 Temple Street,South,IMP01377,
C01378,United Supply Enterprises,183 Temple Street,North,IMP01378,T109643
C01379,Pacific Commercial Holdings Ltd,67 Temple Street,West,IMP01379,T109649
C01380,Orchid Supply & Sons,381 Mill Road,South,IMP01380,T109654
C01381,Ocean Medical Enterprises,51 Bazaar Lane,South,IMP01381,T109661
C01382,Aldergate Textiles Partners Ltd,204 Industrial Estate,North,IMP01382,T109673
C01383,Summit Steel Enterprises,3 Industrial Estate,Coastal,IMP01383,T109675
C01384,Horizon Steel Enterprises,27 Industrial Estate,Capital,IMP01384,T109686
C01385,Carrick Industries Limited,55 Riverside,West,IMP01385,T109689
C01386,Evergreen Living Co.,168 Station Road,North,IMP01386,T109698
C01387,Global Enterprises Limited,333 Mill Road,West,IMP01387,T109703
C01388,"Pacific Motors Co., Ltd",213 Station Road,South,IMP01388,T109711
C01389,Carrick Pack International Ltd,173 Mill Road,West,IMP01389,T109722
C01390,Blue Ocean Agro Co.,317 Station Road,South,IMP01390,T109724
C01391,Star Glow Co.,271 Airport Road,South,IMP01391,T709730
C01392,Sunrise Distribution Enterprises,381 Station Road,North,IMP01392,T109743
C01393,Delta Agro Partners Ltd,142 Market Street,West,IMP01393,T109748
C01394,Phoenix Mobile Ltd,377 Market Street,West,IMP01394,T109753
C01395,Prime Imports Partners Ltd,110 Harbour Road,West,IMP01395,T109761
C01396,Pacific Living & Sons,157 Industrial Estate,Capital,IMP01396,T109769
C01397,Royal Living Group Ltd,337 Harbour Road,North,IMP01397,
C01398,Meridian Agro Partners Ltd,348 Bazaar Lane,North,IMP01398,T109782
C01399,Great Wall Mobile Partners Ltd,346 Market Street,North,IMP01399,T100070
C01400,Pacific Fruits Group Ltd,327 Harbour Road,North,IMP01400,T105799
C01401,Coral Motors Co.,43 Garden Lane,South,IMP01401,T109806
C01402,Coral Pack International Ltd,27 Riverside,South,IMP01402,T109809
C01403,Lotus Fruits Group Ltd,23 Industrial Estate,Coastal,IMP01403,T109814
C01404,Sunrise Commercial Partners Ltd,304 Mill Road,North,IMP01404,T109823
C01405,Central Steel Holdings Ltd,56 Temple Street,East,IMP01405,T109833
C01406,"Evergreen Commercial Co., Ltd",76 Garden Lane,West,IMP01406,T109835
C01407,Ashcombe Steel Group Ltd,299 Airport Road,North,IMP01407,T109863
C01408,Orchid Electronics Partners Ltd,257 Riverside,Coastal,IMP01408,T109852
C01409,Global Distribution Group Ltd,57 Harbour Road,Coastal,IMP01409,T109861
C01410,Central Industries Holdings Ltd,23 Airport Road,Capital,IMP01410,T109868
C01411,Pacific Industries Co.,24 Garden Lane,Coastal,IMP01411,T109373
C01412,Inverness Enterprises Co.,64 Industrial Estate,South,IMP01412,T109880
C01413,Blue Ocean Fruits & Sons,32 Bazaar Lane,Coastal,IMP01413,T109890
C01414,Eastern Glow Group Ltd,170 Riverside,Coastal,IMP01414,T109896
C01415,Dunmore Pack Holdings Ltd,315 Airport Road,East,IMP01415,T109901
C01416,Coral Fruits Partners Ltd,60 Garden Lane,Capital,IMP01416,T109907
C01417,Global Enterprises Ltd,50 Market Street,West,IMP01417,T109915
C01418,"Evergreen Supply Co., Ltd",137 Temple Street,Capital,IMP01418,T109924
C01419,Star Electronics Partners Ltd,233 Market Street,North,IMP01419,T109931
C01420,"Evergreen Industries Co., Ltd",277 Garden Lane,Coastal,IMP01420,T109936
C01421,Inverness Industries Co.,235 Airport Road,Coastal,IMP01421,
C01422,Inverness Imports Group Ltd,244 Riverside,West,IMP01422,T109952
C01423,Horizon Textiles Ltd,217 Temple Street,Capital,IMP01423,T109959
C01424,Phoenix Glow International Ltd,364 Mill Road,North,IMP01424,T109966
C01425,Aldergate Glow Group Ltd,177 Harbour Road,West,IMP01425,T609974
C01426,Global Fruits Group Ltd,136 Harbour Road,North,IMP01426,T109975
C01427,Horizon Supply Ltd,54 Temple Street,Capital,IMP01427,T109987
C01428,United Mobile Limited,183 Airport Road,East,IMP01428,T109990
C01429,Prescott Industries Co.,54 Station Road,South,IMP01429,T109997
C01430,Star Supply Partners Ltd,107 Airport Road,East,IMP01430,T110005
C01431,Sunrise Electronics & Sons,386 Harbour Road,West,IMP01431,T110015
C01432,Central Mobile Partners Ltd,66 Industrial Estate,North,IMP01432,T110021
C01433,Central Commercial & Sons,300 Harbour Road,Capital,IMP01433,T110026
C01434,Eastern Trading Enterprises,166 Harbour Road,East,IMP01434,T110032
C01435,Jade Agro Group Ltd,62 Harbour Road,North,IMP01435,T110038
C01436,Dunmore Fruits Group Ltd,141 Mill Road,North,IMP01436,T110051
C01437,Ashcombe Textiles Limited,340 Industrial Estate,South,IMP01437,T110055
C01438,Evergreen Fruits Ltd,39 Market Street,West,IMP01438,T110061
C01439,Central Medical & Sons,199 Garden Lane,Capital,IMP01439,T110066
C01440,"United Fruits Co., Ltd",109 Harbour Road,South,IMP01440,T110074
C01441,Sunrise Steel Enterprises,214 Station Road,North,IMP01441,T110081
C01442,Crown Pack & Sons,172 Temple Street,North,IMP01442,T110089
C01443,Orchid Glow Ltd,133 Station Road,Capital,IMP01443,T110097
C01444,"Evergreen Motors Co., Ltd",202 Industrial Estate,West,IMP01444,T110101
C01445,Twin Rivers Medical Group Ltd,339 Temple Street,East,IMP01445,T110109
C01446,Prime Commercial Enterprises,51 Airport Road,East,IMP01446,T110119
C01447,Coral Mobile Holdings Ltd,246 Riverside,West,IMP01447,T810127
C01448,Central Logistics Limited,220 Airport Road,South,IMP01448,T110130
C01449,Orchid Living Co.,72 Market Street,Capital,IMP01449,T110140
C01450,Delta Electronics Ltd,236 Temple Street,East,IMP01450,T710145
C01451,Central Textiles International Ltd,160 Garden Lane,North,IMP01451,T110150
C01452,Metro Steel Co.,241 Market Street,West,IMP01452,T110158
C01453,Silver Enterprises Holdings Ltd,135 Riverside,Coastal,IMP01453,T110170
C01454,Arden Supply Limited,65 Garden Lane,Coastal,IMP01454,T110172
C01455,Prime Trading Enterprises,215 Garden Lane,West,IMP01455,T110184
C01456,Royal Steel Holdings Ltd,224 Garden Lane,West,IMP01456,T110187
C01457,Cobalt Pack Group Ltd,134 Station Road,Coastal,IMP01457,T110195
C01458,Meridian Commercial Holdings Ltd,126 Market Street,South,IMP01458,T110205
C01459,Arden Imports Limited,373 Bazaar Lane,Coastal,IMP01459,T110211
C01460,Blue Ocean Agro Enterprises,101 Market Street,South,IMP01460,T110219
C01461,Carrick Electronics Ltd,211 Station Road,North,IMP01461,
C01462,Northern Logistics Ltd,370 Mill Road,West,IMP01462,T110232
C01463,Crown Imports Ltd,397 Bazaar Lane,West,IMP01463,T110239
C01464,Silk Road Distribution Co.,143 Market Street,West,IMP01464,T110244
C01465,Aldergate Logistics Group Ltd,52 Bazaar Lane,Capital,IMP01465,T110253
C01466,Eastern Fruits Group Ltd,64 Bazaar Lane,South,IMP01466,T110261
C01467,Ocean Logistics & Sons,359 Harbour Road,North,IMP01467,T110266
C01468,Metro Motors Holdings Ltd,279 Mill Road,Coastal,IMP01468,T110274
C01469,Orchid Steel Group Ltd,300 Mill Road,Capital,IMP01469,T110280
C01470,"Royal Textiles Co., Ltd",247 Mill Road,Coastal,IMP01470,T110289
C01471,Horizon Living Co.,101 Riverside,Coastal,IMP01471,T110296
C01472,Inverness Steel Partners Ltd,283 Bazaar Lane,West,IMP01472,T110302
C01473,Green Valley Steel Enterprises,2 Mill Road,Coastal,IMP01473,T110305
C01474,Cobalt Supply International Ltd,59 Garden Lane,Coastal,IMP01474,T110316
C01475,Royal Imports & Sons,289 Riverside,Coastal,IMP01475,T110319
C01476,Northern Fruits Limited,383 Bazaar Lane,West,IMP01476,
C01477,Eastern Industries & Sons,24 Harbour Road,East,IMP01477,T100033
C01478,Ocean Industries Limited,258 Harbour Road,East,IMP01478,T110343
C01479,Pacific Logistics International Ltd,191 Market Street,South,IMP01479,
C01480,Evergreen Motors & Sons,79 Temple Street,East,IMP01480,T110358
C01481,Ocean Industries Holdings Ltd,323 Station Road,South,IMP01481,
C01482,Green Valley Living Enterprises,185 Garden Lane,East,IMP01482,T110370
C01483,Jade Pack Group Ltd,335 Bazaar Lane,West,IMP01483,T110380
C01484,Horizon Mobile Limited,367 Market Street,Capital,IMP01484,T110384
C01485,Central Living Enterprises,107 Industrial Estate,North,IMP01485,T110390
C01486,Twin Rivers Commercial Co.,155 Riverside,North,IMP01486,T110396
C01487,"Crown Pack Co., Ltd",340 Temple Street,Coastal,IMP01487,T110402
C01488,Northern Logistics & Sons,50 Airport Road,South,IMP01488,T110413
C01489,Ocean Motors Partners Ltd,80 Industrial Estate,Coastal,IMP01489,T110420
C01490,Prescott Industries Enterprises,229 Harbour Road,West,IMP01490,T110427
C01491,Evergreen Supply Limited,399 Market Street,Capital,IMP01491,T110432
C01492,Pacific Steel Ltd,152 Harbour Road,West,IMP01492,
C01493,Ocean Commercial Ltd,67 Temple Street,East,IMP01493,T110444
C01494,"Harmony Medical Co., Ltd",35 Mill Road,North,IMP01494,T110452
C01495,"Metro Supply Co., Ltd",28 Industrial Estate,North,IMP01495,T110460
C01496,Great Wall Enterprises Partners Ltd,387 Industrial Estate,South,IMP01496,T110467
C01497,Phoenix Glow Ltd,25 Station Road,South,IMP01497,T110473
C01498,Prescott Foods Limited,186 Temple Street,West,IMP01498,T110480
C01499,Ocean Foods International Ltd,178 Industrial Estate,South,IMP01499,T110487
C01500,"Arden Fruits Co., Ltd",87 Mill Road,Coastal,IMP01500,T110499
C01501,Orchid Store Market,241 Bazaar Lane,East,IMP00363,T102535
C01502,Global Depot City,266 Market Street,East,IMP01305,T109133
C01503,Prime Branch South,80 Temple Street,North,IMP00997,T106977
C01504,Silk Road Store Market,234 Station Road,South,IMP01160,T108113
C01505,Twin Rivers Branch Market,152 Station Road,South,IMP00474,T103314
C01506,Delta Retail South,279 Industrial Estate,Coastal,IMP00363,T102535
C01507,Great Wall Branch South,346 Bazaar Lane,South,IMP01310,T109167
C01508,Global Outlet North,365 Station Road,West,IMP01353,T109470
C01509,Prime Depot City,305 Harbour Road,Capital,IMP00533,T103728
C01510,Dunmore Branch Market,282 Station Road,Coastal,IMP00213,T101488
C01511,Lotus Depot City,275 Station Road,North,IMP01025,T107170
C01512,Prime Depot North,49 Industrial Estate,North,IMP01248,T108729
C01513,Orchid Depot Market,83 Mill Road,North,IMP00979,T106851
C01514,Evergreen Retail South,247 Garden Lane,Capital,IMP00364,T102546
C01515,Prescott Store North,214 Garden Lane,South,IMP00512,T103577
C01516,Arden Branch City,18 Mill Road,South,IMP00072,T100497
C01517,Eastern Depot Market,131 Market Street,South,IMP00391,T102735
C01518,Crown Depot North,122 Mill Road,North,IMP01016,T107109
C01519,Golden Store North,111 Bazaar Lane,South,IMP01251,T108756
C01520,Harmony Retail City,307 Industrial Estate,West,IMP00637,T104453
C01521,Dunmore Store City,386 Industrial Estate,East,IMP00717,T105016
C01522,Cobalt Store South,324 Airport Road,East,IMP00704,T104926
C01523,Silver Branch North,7 Airport Road,North,IMP00889,T106219
C01524,Blue Ocean Outlet South,166 Station Road,West,IMP00445,T103111
C01525,Coral Store North,93 Station Road,West,IMP00860,T106014
C01526,Horizon Store South,160 Mill Road,Coastal,IMP00997,T106977
C01527,Prime Retail Market,357 Harbour Road,Coastal,IMP00220,T101535
C01528,Phoenix Depot South,352 Market Street,Capital,IMP00796,T105571
C01529,Star Depot North,181 Riverside,East,IMP00536,T103750
C01530,Green Valley Depot City,211 Harbour Road,South,IMP00704,T104926
C01531,Pacific Outlet Market,148 Garden Lane,South,IMP01016,T107109
C01532,Delta Outlet Market,8 Bazaar Lane,West,IMP00260,T101814
C01533,Blue Ocean Retail South,322 Airport Road,Capital,IMP00732,T105123
C01534,Saffron Outlet City,227 Station Road,Capital,IMP00808,T105651
C01535,Blue Ocean Depot City,125 Riverside,Capital,IMP00200,T101399
C01536,Cobalt Retail North,148 Station Road,South,IMP00892,T106240
C01537,Metro Retail City,323 Harbour Road,South,IMP00673,T104705
C01538,Green Valley Store South,315 Airport Road,West,IMP00551,T103855
C01539,Orchid Retail North,145 Airport Road,West,IMP00123,T100856
C01540,Prime Branch North,171 Temple Street,South,IMP01460,T110219
C01541,Eastern Outlet South,113 Riverside,South,IMP00923,T106455
C01542,Carrick Depot South,335 Airport Road,West,IMP01215,T108503
C01543,United Branch City,271 Market Street,East,IMP01380,T109654
C01544,Harmony Retail Market,170 Harbour Road,Capital,IMP00275,T101922
C01545,Jade Branch City,356 Airport Road,West,IMP01327,T109286
C01546,Silver Branch Market,75 Industrial Estate,East,IMP00513,T103589
C01547,Inverness Branch South,39 Bazaar Lane,East,IMP01025,T107170
C01548,Central Store City,215 Station Road,Coastal,IMP00797,T105573
C01549,Delta Depot City,51 Industrial Estate,North,IMP00591,T104135
C01550,Saffron Outlet South,57 Market Street,Coastal,IMP00560,T103918
C01551,Royal Store North,377 Temple Street,West,IMP01315,T109203
C01552,Arden Outlet City,205 Temple Street,West,IMP01015,T107102
C01553,Sunrise Branch Market,1 Mill Road,South,IMP00763,T105337
C01554,Inverness Store City,3 Market Street,North,IMP00979,T106851
C01555,Arden Depot North,66 Station Road,North,IMP00534,T103731
C01556,Pacific Store South,202 Temple Street,East,IMP00604,T104227
C01557,Global Outlet South,186 Airport Road,West,IMP00982,T106868
C01558,Global Store City,328 Garden Lane,Coastal,IMP01482,T110370
C01559,Lotus Outlet North,176 Station Road,East,IMP00464,T100033
C01560,Summit Outlet North,281 Airport Road,Capital,IMP01254,T108774
C01561,Pacific Branch City,3 Airport Road,Capital,IMP01305,T109133
C01562,Eastern Retail City,203 Temple Street,Coastal,IMP01082,T107573
C01563,Orchid Depot South,358 Riverside,South,IMP00083,T100578
C01564,Crown Retail North,15 Harbour Road,East,IMP01007,T107048
C01565,Cobalt Store North,116 Bazaar Lane,North,IMP01326,T109276
C01566,Eastern Retail North,381 Riverside,West,IMP01422,T109952
C01567,Lotus Outlet South,38 Garden Lane,North,IMP01215,T108503
C01568,Global Branch South,245 Bazaar Lane,East,IMP00724,T105061
C01569,Star Retail Market,333 Mill Road,North,IMP00863,T106036
C01570,Silver Branch Market,222 Station Road,South,IMP01183,T108275
C01571,Twin Rivers Store North,393 Garden Lane,North,IMP00542,T103789
C01572,Twin Rivers Retail City,100 Market Street,Capital,IMP01063,T107434
C01573,Summit Depot City,259 Station Road,Capital,IMP00628,T104392
C01574,Harmony Store Market,378 Airport Road,West,IMP00507,T103544
C01575,Great Wall Retail City,313 Airport Road,South,IMP00296,T102067
C01576,Coral Store North,172 Station Road,East,IMP00345,T102414
C01577,Crown Branch Market,161 Bazaar Lane,West,IMP00982,T106868
C01578,Prime Depot South,189 Station Road,West,IMP01247,T108724
C01579,Harmony Depot Market,49 Market Street,Capital,IMP00059,T100406
C01580,Great Wall Outlet City,68 Market Street,East,IMP00838,T105860
C01581,Ocean Depot North,132 Garden Lane,North,IMP01426,T109975
C01582,Lotus Store South,293 Riverside,North,IMP00734,T105133
C01583,Saffron Outlet Market,177 Harbour Road,North,IMP01296,T109068
C01584,Ocean Branch Market,101 Airport Road,South,IMP00657,T104595
C01585,Cobalt Depot City,363 Bazaar Lane,Capital,IMP00555,T103882
C01586,Phoenix Store South,120 Market Street,North,IMP01471,T110296
C01587,Meridian Store Market,300 Airport Road,West,IMP01313,T109190
C01588,Great Wall Outlet City,200 Market Street,East,IMP00555,T103882
C01589,Crown Outlet City,339 Market Street,Capital,IMP00038,T100260
C01590,Pacific Retail North,244 Mill Road,South,IMP00592,T101140
C01591,Lotus Depot South,7 Industrial Estate,East,IMP00410,T102865
C01592,Prime Store City,112 Market Street,West,IMP00357,T102494
C01593,Twin Rivers Outlet North,233 Mill Road,Capital,IMP01043,T107297
C01594,Eastern Depot City,42 Temple Street,East,IMP00682,T104768
C01595,Jade Store Market,235 Riverside,West,IMP01429,T109997
C01596,Lotus Branch City,281 Market Street,Coastal,IMP00142,T100987
C01597,Golden Store North,217 Market Street,Coastal,IMP01028,T107190
C01598,Dunmore Branch Market,188 Airport Road,South,IMP00512,T103577
C01599,Saffron Store South,237 Temple Street,North,IMP00325,T102271
C01600,Golden Outlet City,29 Harbour Road,South,IMP00999,T106987
C01601,Dunmore Outlet South,359 Harbour Road,East,IMP00460,T103219
C01602,Carrick Store Market,63 Garden Lane,Coastal,IMP00260,T101814
C01603,Prime Depot South,298 Riverside,Capital,IMP01471,T110296
C01604,Phoenix Retail City,102 Harbour Road,South,IMP00432,T103017
C01605,Pacific Outlet Market,344 Garden Lane,West,IMP00905,T106334
C01606,Pacific Retail North,26 Riverside,East,IMP00864,T106047
C01607,Eastern Depot Market,394 Station Road,Capital,IMP01071,T157494
C01608,Coral Branch City,304 Bazaar Lane,North,IMP00542,T103789
C01609,Jade Store City,123 Harbour Road,West,IMP00118,T100821
C01610,Coral Outlet City,371 Mill Road,West,IMP00390,T102724
C01611,Evergreen Depot South,183 Station Road,West,IMP00238,T101665
C01612,Horizon Retail City,362 Airport Road,North,IMP00864,T106047
C01613,Prescott Outlet North,168 Harbour Road,East,IMP01038,T107261
C01614,Prime Depot City,247 Industrial Estate,South,IMP00384,T102686
C01615,Global Branch North,247 Airport Road,East,IMP00672,T104697
C01616,Sunrise Depot Market,48 Temple Street,West,IMP00026,T100177
C01617,Global Depot North,187 Temple Street,Coastal,IMP00942,T106589
C01618,Star Retail North,117 Harbour Road,North,IMP01144,T108007
C01619,Metro Branch South,327 Bazaar Lane,Capital,IMP01112,T107779
C01620,Ashcombe Depot North,356 Market Street,Capital,IMP00062,T100427
C01621,Delta Store North,374 Market Street,West,IMP01448,T110130
C01622,Phoenix Outlet Market,111 Mill Road,Coastal,IMP00432,T103017
C01623,Dunmore Retail South,273 Market Street,North,IMP00325,T102271
C01624,Harmony Branch North,148 Temple Street,Coastal,IMP00519,T103629
C01625,Silver Branch City,231 Industrial Estate,North,IMP01436,T110051
C01626,Twin Rivers Branch North,314 Harbour Road,West,IMP00797,T105573
C01627,Royal Branch South,28 Harbour Road,South,IMP00118,T100821
C01628,Eastern Depot South,309 Harbour Road,Capital,IMP01272,T108901
C01629,Golden Store North,226 Market Street,East,IMP00704,T104926
C01630,Global Retail City,341 Riverside,South,IMP01315,T109203
C01631,Aldergate Depot Market,226 Station Road,Coastal,IMP00744,T105203
C01632,Inverness Retail North,393 Station Road,West,IMP00637,T104453
C01633,Carrick Retail Market,189 Temple Street,South,IMP00802,T105608
C01634,Star Branch Market,353 Riverside,Coastal,IMP01041,T107281
C01635,Meridian Store Market,180 Bazaar Lane,Capital,IMP00293,T102050
C01636,Blue Ocean Depot Market,298 Station Road,Coastal,IMP00110,T100769
C01637,Ocean Branch South,80 Mill Road,East,IMP00552,T103862
C01638,Pacific Retail Market,11 Riverside,North,IMP01426,T109975
C01639,Green Valley Depot North,186 Riverside,Coastal,IMP00509,T103558
C01640,Silver Branch South,132 Bazaar Lane,West,IMP00067,T100466
C01641,Sunrise Depot North,368 Mill Road,West,IMP00904,T106327
C01642,Phoenix Depot Market,237 Mill Road,Capital,IMP00173,T101208
C01643,Aldergate Branch Market,197 Station Road,Capital,IMP00044,T103306
C01644,Prescott Retail South,291 Mill Road,Capital,IMP00824,T105763
C01645,Eastern Branch South,185 Riverside,South,IMP01429,T109997
C01646,Silver Retail City,193 Industrial Estate,North,IMP01432,T110021
C01647,Delta Branch North,249 Temple Street,Coastal,IMP00093,T100645
C01648,United Store Market,62 Garden Lane,South,IMP01071,T157494
C01649,Prescott Store City,336 Riverside,Coastal,IMP00637,T104453
C01650,Coral Store City,76 Temple Street,East,IMP00624,T104361
C01651,Saffron Depot South,298 Industrial Estate,East,IMP00980,T106858
C01652,Ocean Store North,40 Station Road,West,IMP01331,T109313
C01653,Carrick Retail North,101 Garden Lane,Coastal,IMP00870,T106084
C01654,Inverness Branch South,50 Garden Lane,North,IMP00982,T106868
C01655,Dunmore Outlet City,67 Airport Road,West,IMP01112,T107779
C01656,Silk Road Depot North,268 Market Street,West,IMP00427,T102982
C01657,Star Retail Market,201 Bazaar Lane,North,IMP01436,T110051
C01658,Star Store City,287 Harbour Road,North,IMP00302,T102110
C01659,Jade Branch Market,358 Harbour Road,Capital,IMP00557,T103892
C01660,Jade Store South,317 Mill Road,North,IMP00946,T106616
C01661,Silk Road Retail City,307 Bazaar Lane,East,IMP01468,T110274
C01662,Aldergate Branch City,158 Harbour Road,North,IMP00274,T101916
C01663,Northern Depot City,379 Station Road,Capital,IMP01419,T109931
C01664,Inverness Store Market,200 Garden Lane,Coastal,IMP00249,T101741
C01665,Delta Store Market,158 Airport Road,Coastal,IMP00083,T100578
C01666,Orchid Branch North,152 Airport Road,West,IMP00460,T103219
C01667,Central Depot Market,99 Bazaar Lane,East,IMP00682,T104768
C01668,Prime Retail North,340 Temple Street,North,IMP00613,T104287
C01669,Silver Store North,86 Mill Road,Coastal,IMP01486,T110396
C01670,Sunrise Store North,88 Riverside,South,IMP00832,T105821
C01671,Horizon Depot South,156 Harbour Road,North,IMP01365,T109554
C01672,Harmony Depot City,38 Station Road,East,IMP00593,T104146
C01673,Dunmore Outlet South,212 Harbour Road,Capital,IMP00225,T101571
C01674,Cobalt Store City,172 Temple Street,Coastal,IMP00744,T105203
C01675,United Retail City,89 Airport Road,North,IMP00427,T102982
C01676,Sunrise Retail Market,342 Airport Road,Coastal,IMP00275,T101922
C01677,Lotus Store Market,329 Mill Road,East,IMP01344,T109406
C01678,Star Retail Market,387 Market Street,Capital,IMP00566,T103956
C01679,United Retail South,303 Garden Lane,North,IMP01099,T107688
C01680,Royal Retail City,365 Bazaar Lane,Coastal,IMP00725,T105071
C01681,Blue Ocean Depot North,379 Industrial Estate,West,IMP01379,T109649
C01682,Summit Branch City,165 Bazaar Lane,Capital,IMP00203,T101414
C01683,Meridian Branch North,121 Harbour Road,Capital,IMP01156,T108086
C01684,Twin Rivers Depot Market,13 Bazaar Lane,Coastal,IMP00244,T101707
C01685,Silk Road Retail South,327 Industrial Estate,South,IMP01015,T107102
C01686,Dunmore Depot Market,102 Station Road,North,IMP01015,T107102
C01687,Jade Store North,162 Market Street,North,IMP00915,T106401
C01688,Horizon Retail City,130 Bazaar Lane,West,IMP00220,T101535
C01689,United Retail South,145 Temple Street,West,IMP00982,T106868
C01690,Cobalt Store North,89 Harbour Road,Capital,IMP01277,T108935
C01691,Northern Retail City,98 Bazaar Lane,North,IMP00460,T103219
C01692,Great Wall Depot Market,93 Airport Road,Coastal,IMP00140,T100978
C01693,Delta Branch North,75 Bazaar Lane,Capital,IMP00363,T102535
C01694,Eastern Store North,58 Garden Lane,Coastal,IMP00325,T102271
C01695,Coral Branch South,179 Harbour Road,South,IMP00818,T105721
C01696,Saffron Store Market,344 Market Street,South,IMP01144,T108007
C01697,Northern Store South,40 Mill Road,North,IMP01315,T109203
C01698,Green Valley Branch North,13 Airport Road,North,IMP00609,T104259
C01699,Prescott Retail Market,165 Harbour Road,West,IMP00862,T106028
C01700,Evergreen Store Market,132 Station Road,South,IMP00613,T104287
C01701,Star Outlet North,395 Riverside,North,IMP01229,T108596
C01702,Carrick Retail City,151 Airport Road,West,IMP01046,T107318
C01703,Ocean Depot South,199 Garden Lane,Coastal,IMP00243,T101700
C01704,United Retail City,176 Bazaar Lane,Capital,IMP00591,T104135
C01705,Great Wall Outlet North,131 Riverside,Coastal,IMP00288,T102011
C01706,Saffron Retail North,204 Garden Lane,South,IMP01161,T108126
C01707,Metro Outlet South,129 Mill Road,West,IMP00404,T102826
C01708,Saffron Branch Market,230 Station Road,North,IMP00100,T100699
C01709,Green Valley Store North,250 Garden Lane,Coastal,IMP00862,T106028
C01710,Summit Depot City,117 Riverside,Coastal,IMP01160,T108113
C01711,Silk Road Store Market,72 Airport Road,North,IMP00077,T100538
C01712,Silver Outlet City,335 Mill Road,South,IMP00423,T102957
C01713,Golden Branch South,19 Industrial Estate,Coastal,IMP01104,T107722
C01714,Carrick Retail City,73 Riverside,Coastal,IMP01350,T109448
C01715,Prime Branch Market,35 Harbour Road,East,IMP00011,T100070
C01716,Harmony Depot Market,294 Market Street,East,IMP01327,T109286
C01717,Northern Depot North,92 Garden Lane,South,IMP00922,T106451
C01718,Evergreen Depot City,227 Industrial Estate,Coastal,IMP00453,T103168
C01719,Prescott Retail North,80 Mill Road,Capital,IMP00838,T105860
C01720,Prescott Store Market,66 Mill Road,West,IMP00637,T104453
C01721,Pacific Retail South,34 Riverside,North,IMP00730,T105109
C01722,Orchid Depot South,366 Riverside,East,IMP00773,T105406
C01723,Dunmore Store South,135 Airport Road,West,IMP01132,T107917
C01724,Saffron Store Market,132 Garden Lane,North,IMP01323,T109255
C01725,Saffron Store City,170 Industrial Estate,North,IMP00989,T106922
C01726,Meridian Outlet South,20 Airport Road,North,IMP00067,T100466
C01727,Horizon Outlet Market,147 Temple Street,West,IMP00077,T100538
C01728,Pacific Depot Market,313 Harbour Road,South,IMP00512,T103577
C01729,Delta Store South,305 Temple Street,Capital,IMP00168,T101174
C01730,Silver Store City,198 Station Road,South,IMP00011,T100070
C01731,Jade Branch City,259 Bazaar Lane,East,IMP01284,T108984
C01732,Prime Retail City,252 Market Street,West,IMP00864,T106047
C01733,Aldergate Depot South,206 Airport Road,Coastal,IMP01111,T108776
C01734,Twin Rivers Outlet City,203 Harbour Road,Coastal,IMP01038,T107261
C01735,Northern Retail Market,11 Mill Road,Coastal,IMP00935,T106540
C01736,Green Valley Store City,1 Station Road,East,IMP00870,T106084
C01737,Silk Road Outlet City,11 Harbour Road,Capital,IMP01248,T108729
C01738,Great Wall Store Market,175 Harbour Road,North,IMP00351,T102452
C01739,Dunmore Branch North,311 Harbour Road,Capital,IMP00408,T102854
C01740,Cobalt Depot South,149 Industrial Estate,Capital,IMP01161,T108126
C01741,Global Store City,322 Industrial Estate,North,IMP01363,T109538
C01742,Ashcombe Depot Market,201 Market Street,South,IMP01468,T110274
C01743,Prime Store Market,200 Garden Lane,Capital,IMP00105,T100729
C01744,Inverness Depot City,309 Harbour Road,North,IMP00421,T102944
C01745,Prescott Branch City,114 Harbour Road,South,IMP00225,T101571
C01746,Carrick Branch City,394 Mill Road,North,IMP00152,T101060
C01747,Northern Branch South,229 Market Street,East,IMP00557,T103892
C01748,Prime Store City,256 Garden Lane,West,IMP00864,T106047
C01749,Phoenix Depot City,63 Riverside,Coastal,IMP01490,T110427
C01750,Harmony Outlet South,371 Temple Street,West,IMP00904,T106327
C01751,Metro Depot North,370 Riverside,Coastal,IMP00203,T101414
C01752,Dunmore Retail City,390 Garden Lane,North,IMP00134,T100936
C01753,Prescott Store City,126 Temple Street,East,IMP01420,T109936
C01754,Cobalt Retail North,123 Airport Road,West,IMP01323,T109255
C01755,Summit Depot North,245 Harbour Road,Capital,IMP00123,T100856
C01756,Pacific Store Market,123 Mill Road,Capital,IMP01405,T109833
C01757,Pacific Store North,186 Airport Road,West,IMP00302,T102110
C01758,Crown Store Market,38 Temple Street,Capital,IMP01323,T109255
C01759,Global Store City,15 Mill Road,Capital,IMP01038,T107261
C01760,Golden Depot City,129 Airport Road,South,IMP00427,T102982
C01761,Northern Retail North,217 Riverside,Capital,IMP01494,T110452
C01762,Twin Rivers Depot City,301 Station Road,West,IMP01166,T108158
C01763,Inverness Depot Market,283 Industrial Estate,East,IMP01379,T109649
C01764,Ashcombe Store City,121 Industrial Estate,West,IMP01284,T108984
C01765,Global Store North,95 Riverside,Capital,IMP00681,T104761
C01766,Golden Store North,3 Industrial Estate,Coastal,IMP01417,T109915
C01767,Jade Outlet South,329 Airport Road,Coastal,IMP00583,T104076
C01768,Royal Store South,395 Airport Road,Capital,IMP01416,T109907
C01769,Inverness Depot Market,161 Airport Road,Coastal,IMP01183,T108275
C01770,Star Retail South,87 Station Road,West,IMP00537,T103753
C01771,Cobalt Store North,276 Industrial Estate,Capital,IMP00717,T105016
C01772,Jade Store South,349 Station Road,East,IMP00704,T104926
C01773,Silver Store South,377 Industrial Estate,Coastal,IMP00205,T101434
C01774,Summit Retail North,93 Airport Road,North,IMP00609,T104259
C01775,Sunrise Store Market,145 Airport Road,North,IMP01180,T108253
C01776,Dunmore Retail South,212 Garden Lane,North,IMP00802,T105608
C01777,Evergreen Branch South,43 Mill Road,Capital,IMP00552,T103862
C01778,Phoenix Depot North,77 Harbour Road,West,IMP00601,T104200
C01779,Prime Outlet South,63 Station Road,East,IMP00457,T103192
C01780,Central Retail Market,155 Riverside,South,IMP00676,T104726
C01781,Royal Branch Market,74 Station Road,West,IMP00762,T105333
C01782,Twin Rivers Depot Market,35 Industrial Estate,North,IMP00195,T101362
C01783,Jade Store City,164 Riverside,West,IMP00557,T103892
C01784,Sunrise Store South,24 Garden Lane,Capital,IMP01144,T108007
C01785,Cobalt Store City,223 Harbour Road,Capital,IMP00759,T105312
C01786,Evergreen Branch Market,53 Harbour Road,North,IMP01166,T108158
C01787,United Branch City,31 Market Street,North,IMP01370,T109585
C01788,Twin Rivers Branch Market,13 Station Road,East,IMP01449,T110140
C01789,Silk Road Branch Market,362 Riverside,Coastal,IMP01439,T110066
C01790,Horizon Outlet City,121 Station Road,North,IMP00273,T101905
C01791,Cobalt Retail Market,316 Market Street,East,IMP00684,T104783
C01792,Green Valley Store North,174 Garden Lane,East,IMP01414,T109896
C01793,Silver Retail South,200 Industrial Estate,West,IMP01195,T108362
C01794,Northern Outlet City,94 Riverside,North,IMP00548,T103835
C01795,Evergreen Retail Market,264 Station Road,East,IMP01296,T109068
C01796,Ashcombe Outlet Market,236 Harbour Road,South,IMP00032,T100219
C01797,Jade Branch South,119 Market Street,South,IMP01256,T100788
C01798,Silver Depot South,194 Mill Road,North,IMP00815,T105700
C01799,Coral Store North,33 Garden Lane,Coastal,IMP00534,T103731
C01800,Phoenix Depot City,305 Market Street,West,IMP00533,T103728
C01801,Arden Store City,103 Station Road,North,IMP00032,T100219
C01802,Silk Road Outlet City,88 Industrial Estate,South,IMP01436,T110051
C01803,Pacific Branch Market,347 Industrial Estate,North,IMP01262,T108831
C01804,Prescott Store City,327 Industrial Estate,East,IMP00892,T106240
C01805,Twin Rivers Branch Market,206 Market Street,Coastal,IMP00279,T101951
C01806,Blue Ocean Store City,278 Bazaar Lane,West,IMP01004,T107026
C01807,Arden Store South,266 Airport Road,Capital,IMP00432,T103017
C01808,Royal Outlet South,309 Airport Road,Capital,IMP00507,T103544
C01809,Horizon Depot Market,359 Industrial Estate,South,IMP01313,T109190
C01810,Crown Outlet Market,178 Market Street,Coastal,IMP00832,T105821
C01811,Sunrise Depot Market,361 Station Road,West,IMP00726,T105077
C01812,Metro Branch Market,212 Market Street,Coastal,IMP01254,T108774
C01813,Delta Branch Market,196 Temple Street,Coastal,IMP00366,T102556
C01814,Evergreen Depot Market,336 Riverside,West,IMP00222,T101550
C01815,Prescott Branch South,375 Harbour Road,West,IMP01043,T107297
C01816,Dunmore Outlet City,310 Temple Street,South,IMP00460,T103219
C01817,Phoenix Outlet North,268 Industrial Estate,North,IMP01038,T107261
C01818,Evergreen Outlet City,73 Station Road,Coastal,IMP01099,T107688
C01819,Summit Branch Market,108 Airport Road,North,IMP01416,T109907
C01820,Phoenix Depot North,127 Riverside,Capital,IMP01398,T109782
C01821,Star Outlet North,200 Airport Road,South,IMP00660,T104616
C01822,Dunmore Branch North,164 Mill Road,Coastal,IMP00566,T103956
C01823,Northern Store South,256 Riverside,East,IMP00067,T100466
C01824,Jade Retail North,312 Temple Street,Capital,IMP00536,T103750
C01825,Arden Retail South,149 Garden Lane,West,IMP00780,T105457
C01826,Delta Branch City,254 Market Street,Capital,IMP00013,T100090
C01827,Carrick Store Market,57 Market Street,North,IMP00434,T103037
C01828,Royal Store City,311 Market Street,North,IMP00299,T102088
C01829,Phoenix Store Market,282 Industrial Estate,West,IMP00862,T106028
C01830,Green Valley Branch South,210 Mill Road,Coastal,IMP01180,T108253
C01831,Green Valley Retail South,46 Garden Lane,North,IMP00372,T102599
C01832,Metro Outlet South,229 Market Street,Capital,IMP01171,T108191
C01833,Delta Retail Market,271 Garden Lane,Capital,IMP00433,T103027
C01834,Crown Depot North,62 Temple Street,North,IMP00674,T104715
C01835,Coral Store North,81 Airport Road,West,IMP00613,T104287
C01836,Carrick Branch North,332 Market Street,North,IMP00138,T100963
C01837,Metro Retail North,361 Market Street,West,IMP01365,T109554
C01838,Twin Rivers Retail North,244 Airport Road,West,IMP01141,T107985
C01839,Silk Road Branch North,172 Industrial Estate,Capital,IMP01161,T108126
C01840,Harmony Depot North,169 Station Road,South,IMP01313,T109190
C01841,Saffron Outlet City,250 Riverside,West,IMP01255,T108782
C01842,Summit Branch South,299 Airport Road,Coastal,IMP01098,T107683
C01843,Summit Branch South,341 Garden Lane,East,IMP01183,T108275
C01844,Ocean Depot City,261 Airport Road,East,IMP00732,T105123
C01845,Golden Branch North,392 Harbour Road,East,IMP00495,T103460
C01846,Saffron Depot North,94 Market Street,West,IMP00667,T104664
C01847,Green Valley Branch North,383 Garden Lane,East,IMP01089,T107617
C01848,Jade Store Market,175 Garden Lane,East,IMP01469,T110280
C01849,Delta Retail City,85 Mill Road,South,IMP00704,T104926
C01850,Northern Depot North,91 Mill Road,Coastal,IMP01305,T109133
C01851,Central Store Market,125 Market Street,East,IMP00898,T106281
C01852,Harmony Store City,365 Industrial Estate,Coastal,IMP00384,T102686
C01853,Crown Branch North,78 Market Street,Capital,IMP01405,T109833
C01854,Jade Retail South,9 Market Street,West,IMP00376,T102625
C01855,Green Valley Branch City,255 Bazaar Lane,North,IMP00551,T103855
C01856,Inverness Store South,48 Industrial Estate,Capital,IMP01055,
C01857,Eastern Store City,19 Industrial Estate,Capital,IMP01419,T109931
C01858,Phoenix Outlet South,150 Market Street,West,IMP00668,T104670
C01859,Evergreen Outlet North,388 Mill Road,North,IMP01488,T110413
C01860,Twin Rivers Store South,306 Temple Street,West,IMP00528,T103694
C01861,Evergreen Store North,116 Mill Road,North,IMP01043,T107297
C01862,Royal Depot Market,296 Station Road,Coastal,IMP01064,T107444
C01863,Golden Depot North,174 Harbour Road,West,IMP00069,T100476
C01864,Metro Store North,354 Industrial Estate,Coastal,IMP01234,T108631
C01865,Metro Outlet South,95 Garden Lane,Capital,IMP00384,T102686
C01866,Arden Retail City,253 Station Road,Capital,IMP00863,T106036
C01867,Central Depot North,277 Station Road,West,IMP01144,T108007
C01868,Golden Outlet North,73 Harbour Road,Coastal,IMP00780,T105457
C01869,Arden Outlet City,241 Riverside,North,IMP01024,T107163
C01870,Star Outlet South,350 Airport Road,Capital,IMP01323,T109255
C01871,Aldergate Depot South,226 Station Road,East,IMP00249,T101741
C01872,Northern Store South,368 Airport Road,South,IMP00657,T104595
C01873,Central Retail Market,281 Riverside,Capital,IMP01041,T107281
C01874,Summit Depot South,289 Station Road,Coastal,IMP00946,T106616
C01875,Silver Retail City,92 Riverside,North,IMP00922,T106451
C01876,Jade Retail South,201 Garden Lane,Capital,IMP00509,T103558
C01877,Aldergate Outlet North,121 Riverside,Capital,IMP00457,T103192
C01878,Cobalt Store Market,32 Riverside,West,IMP01405,T109833
C01879,Silk Road Outlet City,102 Bazaar Lane,West,IMP00279,T101951
C01880,Northern Store Market,226 Riverside,Capital,IMP00137,T100957
C01881,Inverness Retail North,82 Airport Road,South,IMP01364,T109547
C01882,Dunmore Store City,297 Harbour Road,East,IMP00052,T100360
C01883,Central Store City,103 Industrial Estate,East,IMP01028,T107190
C01884,Summit Branch Market,30 Bazaar Lane,Coastal,IMP01482,T110370
C01885,Global Retail Market,319 Mill Road,South,IMP00293,T102050
C01886,Metro Branch Market,334 Temple Street,South,IMP00232,T101619
C01887,Saffron Retail South,89 Garden Lane,Capital,IMP01161,T108126
C01888,Lotus Branch City,307 Station Road,North,IMP00454,T103173
C01889,Inverness Branch South,235 Riverside,East,IMP01469,T110280
C01890,Silk Road Depot Market,247 Temple Street,Capital,IMP00672,T104697
C01891,Prescott Store South,44 Garden Lane,East,IMP01420,T109936
C01892,Golden Branch North,160 Garden Lane,Capital,IMP00862,T106028
C01893,Metro Store North,352 Riverside,East,IMP01395,T109761
C01894,Golden Depot North,26 Market Street,West,IMP00548,T103835
C01895,Inverness Outlet City,146 Airport Road,Coastal,IMP00773,T105406
C01896,Ashcombe Store City,312 Temple Street,Capital,IMP01055,
C01897,Metro Outlet City,292 Station Road,South,IMP00609,T104259
C01898,Sunrise Branch City,378 Riverside,Coastal,IMP01468,T110274
C01899,Northern Retail North,46 Mill Road,East,IMP00110,T100769
C01900,Prime Retail North,331 Harbour Road,North,IMP01310,T109167
C01901,Metro Retail Market,116 Garden Lane,East,IMP01483,T110380
C01902,Green Valley Store North,376 Airport Road,East,IMP00123,T100856
C01903,Prime Retail North,371 Temple Street,Coastal,IMP01361,T109520
C01904,Golden Branch North,303 Market Street,Coastal,IMP00512,T103577
C01905,Crown Branch North,388 Station Road,Capital,IMP00163,T101138
C01906,Great Wall Outlet North,56 Harbour Road,South,IMP00105,T100729
C01907,Star Outlet North,234 Industrial Estate,Capital,IMP00601,T104200
C01908,Dunmore Store Market,209 Station Road,East,IMP00533,T103728
C01909,Crown Depot City,61 Airport Road,South,IMP01043,T107297
C01910,Silk Road Depot Market,199 Station Road,East,IMP00089,T100616
C01911,Royal Outlet North,17 Riverside,Capital,IMP00044,T103306
C01912,Green Valley Depot North,252 Harbour Road,Coastal,IMP00937,T106552
C01913,Metro Outlet Market,170 Station Road,Coastal,IMP00668,T104670
C01914,Crown Outlet South,151 Airport Road,Capital,IMP00306,T102141
C01915,Meridian Depot South,283 Garden Lane,North,IMP00873,T106106
C01916,Delta Depot Market,17 Market Street,East,IMP00163,T101138
C01917,Silk Road Retail North,237 Airport Road,West,IMP01467,T110266
C01918,Delta Outlet City,358 Garden Lane,Coastal,IMP01224,T108565
C01919,Saffron Outlet North,98 Mill Road,Coastal,IMP00593,T104146
C01920,Pacific Depot City,304 Market Street,South,IMP00542,T103789
C01921,Royal Store North,69 Bazaar Lane,East,IMP00622,T104347
C01922,Silver Depot South,169 Riverside,West,IMP00280,T101953
C01923,Eastern Store Market,330 Mill Road,Capital,IMP00637,T104453
C01924,Global Store North,128 Mill Road,East,IMP00243,T101700
C01925,Coral Depot City,370 Garden Lane,North,IMP00222,T101550
C01926,Royal Retail North,388 Mill Road,West,IMP00208,T101451
C01927,Silk Road Depot City,210 Bazaar Lane,West,IMP00357,T102494
C01928,Aldergate Depot Market,176 Market Street,Capital,IMP01229,T108596
C01929,Prime Outlet City,166 Airport Road,South,IMP00260,T101814
C01930,Prescott Outlet North,387 Industrial Estate,South,IMP00100,T100699
C01931,Crown Depot City,315 Temple Street,East,IMP00249,T101741
C01932,Royal Depot North,387 Market Street,West,IMP00643,T104498
C01933,Phoenix Store North,154 Temple Street,North,IMP00249,T101741
C01934,Arden Depot South,108 Garden Lane,Coastal,IMP00667,T104664
C01935,Summit Outlet South,387 Airport Road,North,IMP00023,T100155
C01936,Saffron Store South,205 Bazaar Lane,Capital,IMP00773,T105406
C01937,Metro Depot Market,32 Market Street,Capital,IMP00364,T102546
C01938,Silk Road Store North,319 Mill Road,Coastal,IMP01494,T110452
C01939,Global Outlet North,165 Harbour Road,North,IMP00421,T102944
C01940,Ashcombe Depot Market,106 Bazaar Lane,West,IMP00143,T100946
C01941,Great Wall Retail City,322 Harbour Road,Coastal,IMP01449,T110140
C01942,Aldergate Store North,211 Airport Road,South,IMP00744,T105203
C01943,Dunmore Store North,336 Garden Lane,West,IMP00288,T102011
C01944,Sunrise Branch Market,169 Bazaar Lane,East,IMP01329,T109297
C01945,Prime Store North,102 Bazaar Lane,Capital,IMP00741,T105186
C01946,Inverness Branch City,20 Market Street,Capital,IMP00141,T100981
C01947,Twin Rivers Store Market,364 Station Road,East,IMP01099,T107688
C01948,Saffron Depot City,218 Mill Road,Coastal,IMP00732,T105123
C01949,Golden Store South,205 Market Street,East,IMP00711,T104974
C01950,Harmony Depot City,33 Industrial Estate,South,IMP01248,T108729
C01951,Inverness Retail South,391 Bazaar Lane,East,IMP00279,T101951
C01952,Phoenix Retail Market,126 Garden Lane,Capital,IMP00319,T102227
C01953,Orchid Store South,3 Garden Lane,West,IMP01064,T107444
C01954,Blue Ocean Depot City,275 Mill Road,Capital,IMP00989,T106922
C01955,Carrick Depot South,343 Bazaar Lane,Coastal,IMP01356,T109426
C01956,Evergreen Retail North,88 Bazaar Lane,Coastal,IMP01089,T107617
C01957,Jade Branch Market,119 Harbour Road,West,IMP00213,T101488
C01958,United Retail Market,77 Industrial Estate,North,IMP00717,T105016
C01959,United Store North,309 Market Street,North,IMP01361,T109520
C01960,Summit Branch City,145 Market Street,South,IMP01445,T110109
C01961,Pacific Branch North,86 Market Street,Capital,IMP01254,T108774
C01962,Ocean Depot South,138 Station Road,North,IMP00396,T102770
C01963,Summit Store North,242 Station Road,West,IMP00863,T106036
C01964,Ashcombe Depot South,17 Garden Lane,North,IMP00077,T100538
C01965,Central Store City,33 Garden Lane,East,IMP01256,T100788
C01966,Coral Store North,75 Market Street,West,IMP01205,T108429
C01967,Lotus Depot City,375 Market Street,West,IMP00800,T105595
C01968,Aldergate Retail North,96 Temple Street,North,IMP00401,T102802
C01969,Lotus Store North,326 Harbour Road,East,IMP00069,T100476
C01970,Crown Branch North,72 Garden Lane,Capital,IMP00404,T102826
C01971,Meridian Retail City,242 Riverside,Coastal,IMP00838,T105860
C01972,Evergreen Retail South,217 Garden Lane,East,IMP00625,T104369
C01973,Inverness Outlet Market,207 Mill Road,South,IMP00351,T102452
C01974,Harmony Retail Market,26 Harbour Road,South,IMP00643,T104498
C01975,Crown Store North,117 Market Street,East,IMP01011,T107076
C01976,Silk Road Depot City,373 Industrial Estate,West,IMP00232,T101619
C01977,Sunrise Outlet North,2 Station Road,North,IMP01152,T108063
C01978,Royal Store City,326 Mill Road,South,IMP00033,T100225
C01979,Sunrise Store Market,284 Market Street,East,IMP00870,T106084
C01980,Horizon Retail City,372 Riverside,West,IMP01263,T108840
C01981,Central Branch Market,48 Mill Road,West,IMP00132,T100922
C01982,Dunmore Retail City,364 Temple Street,East,IMP00471,T103290
C01983,Jade Store North,101 Mill Road,Capital,IMP01309,T109161
C01984,Phoenix Outlet South,159 Harbour Road,Coastal,IMP00069,T100476
C01985,Carrick Store North,352 Riverside,Capital,IMP00724,T105061
C01986,United Branch North,138 Mill Road,West,IMP01361,T109520
C01987,Eastern Branch North,279 Bazaar Lane,North,IMP00926,T106477
C01988,Dunmore Retail South,301 Airport Road,Coastal,IMP00110,T100769
C01989,Orchid Branch South,230 Garden Lane,North,IMP00391,T102735
C01990,Global Branch Market,166 Harbour Road,East,IMP00404,T102826
C01991,Silver Outlet North,165 Bazaar Lane,South,IMP01211,T108476
C01992,Saffron Outlet North,345 Garden Lane,Capital,IMP01254,T108774
C01993,Summit Depot North,341 Bazaar Lane,East,IMP01025,T107170
C01994,Silver Store City,149 Garden Lane,South,IMP00863,T106036
C01995,Royal Outlet Market,358 Mill Road,West,IMP00244,T101707
C01996,Ocean Branch South,289 Garden Lane,Coastal,IMP01323,T109255
C01997,Blue Ocean Store North,111 Harbour Road,Coastal,IMP00299,T102088
C01998,Central Branch Market,33 Bazaar Lane,West,IMP00137,T100957
C01999,Ashcombe Depot Market,53 Harbour Road,East,IMP00325,T102271
C02000,Golden Branch Market,67 Station Road,Coastal,IMP00397,T102772
