importer_id,tin,legal_name,trading_name,address_line,district,phone,director_name,default_broker_id,registration_date,sector,status
IMP00001,T100004,"Metro Trading Co., Ltd","Metro Trading Co., Ltd",369 Airport Road,North,0800178993,Aisha Tanaka,BRK060,2022-08-23,Vehicles and parts,suspended
IMP00002,T100013,Prescott Imports Group Ltd,Prescott Imports Group Ltd,102 Temple Street,East,0844703272,Kenji Mwangi,BRK078,2022-05-14,Vehicles and parts,active
IMP00003,T100016,Saffron Trading & Sons,Saffron Trade,53 Garden Lane,Capital,0973133835,Omar Rahman,BRK054,2014-02-07,General trading,active
IMP00004,T100025,"Harmony Fruits Co., Ltd","Harmony Fruits Co., Ltd",297 Airport Road,North,0328461006,Nadia Sato,BRK080,2008-08-08,Vehicles and parts,active
IMP00005,T100033,Central Foods Limited,Central Foods Limited,24 Harbour Road,East,0401520138,Farid Ibrahim,BRK033,2019-08-31,Steel and construction,active
IMP00006,T100033,Saffron Textiles Co.,Saffron Textiles Co.,8 Mill Road,North,0690619802,Grace Silva,BRK059,2017-06-10,Textiles and apparel,active
IMP00007,,Silk Road Enterprises Partners Ltd,Silk Road Enterprises Partners Ltd,241 Bazaar Lane,Capital,0728834594,Somchai Al-Sayed,BRK059,2021-08-31,Tobacco and beverages,active
IMP00008,T100052,Twin Rivers Textiles & Sons,Twin Rivers Textiles & Sons,179 Harbour Road,South,0879024230,Amina Osei,BRK070,2022-02-18,Furniture and household,active
IMP00009,T100056,Green Valley Imports Group Ltd,Green Valley Imports Group Ltd,16 Industrial Estate,West,0999463247,Somchai Osei,BRK055,2008-06-17,Steel and construction,active
IMP00010,T800064,Aldergate Trading Co.,Aldergate Trading Co.,71 Bazaar Lane,Capital,0459332927,Omar Sato,BRK071,2011-08-14,Tobacco and beverages,suspended
IMP00011,T100070,Silk Road Steel Co.,Silk Road Steel Co.,346 Market Street,North,0519965779,Farid Haddad,BRK015,2010-02-24,Pharmaceuticals,active
IMP00012,T100082,Harmony Trading & Sons,Harmony Trading & Sons,199 Bazaar Lane,North,0405422879,Amina Ibrahim,BRK032,2013-11-18,Steel and construction,active
IMP00013,T100090,Twin Rivers Glow International Ltd,Twin Rivers Glow International Ltd,399 Temple Street,West,0232613013,Tomas Sato,BRK078,2015-09-23,Textiles and apparel,active
IMP00014,T100097,Silk Road Industries Co.,Silk Depot,23 Airport Road,East,0387995973,Priya Haddad,BRK067,2010-08-22,General trading,active
IMP00015,T100104,"Silver Logistics Co., Ltd","Silver Logistics Co., Ltd",239 Airport Road,Capital,0320904779,Samuel Sato,BRK034,2014-07-26,Textiles and apparel,active
IMP00016,T100105,Saffron Electronics International Ltd,Saffron Electronics International Ltd,180 Garden Lane,North,0413172306,Ravi Kowalski,BRK049,2019-05-04,Vehicles and parts,active
IMP00017,T100116,Lotus Supply Partners Ltd,Lotus Supply Partners Ltd,165 Airport Road,South,0297464461,Elena Haddad,BRK007,2011-01-18,Cosmetics and personal care,active
IMP00018,T100119,Eastern Electronics & Sons,Eastern Electronics & Sons,200 Harbour Road,Coastal,0254068681,Nadia Sato,BRK058,2010-10-22,Cosmetics and personal care,active
IMP00019,T100130,Royal Fruits Holdings Ltd,Royal Fruits Holdings Ltd,313 Market Street,South,0269581004,Daniel Fernandes,BRK011,2022-05-23,Vehicles and parts,active
IMP00020,T100134,Central Commercial Enterprises,Central Commercial Enterprises,218 Industrial Estate,East,0945440269,Priya Patel,BRK051,2017-03-04,Tobacco and beverages,active
IMP00021,T100144,Crown Textiles & Sons,Crown Textiles & Sons,242 Station Road,West,0806964313,Joseph Tanaka,BRK009,2024-04-19,Pharmaceuticals,active
IMP00022,T100152,Crown Glow Group Ltd,Crown Glow Group Ltd,256 Market Street,West,0980794230,Aisha Patel,BRK037,2021-02-27,Tobacco and beverages,active
IMP00023,T100155,Silver Enterprises Limited,Silver Enterprises Limited,21 Station Road,South,0601335760,Ravi Sato,BRK075,2013-04-27,Textiles and apparel,active
IMP00024,T100165,Pacific Glow Co.,Pacific Glow Co.,106 Station Road,Coastal,0229991183,Kenji Chen,BRK016,2010-11-24,Electronics,active
IMP00025,T100173,Coral Supply Limited,Coral Supply Limited,323 Bazaar Lane,Coastal,0873719125,Mei Sato,BRK075,2024-12-15,Food importers,active
IMP00026,T100177,"Aldergate Supply Co., Ltd","Aldergate Supply Co., Ltd",153 Harbour Road,South,0229299704,Omar Haddad,BRK001,2018-03-05,Vehicles and parts,active
IMP00027,,Sunrise Steel Limited,Sunrise Mart,274 Riverside,Capital,0819529945,Samuel Mahmood,BRK019,2014-09-04,Tobacco and beverages,active
IMP00028,T100193,Inverness Agro Co.,Inverness Agro Co.,206 Bazaar Lane,Capital,0580341553,Daniel Mahmood,BRK021,2009-02-04,Fuel and chemicals,active
IMP00029,T100201,Global Glow Ltd,Global Glow Ltd,338 Garden Lane,East,0510129904,Samuel Patel,BRK061,2012-07-01,Food importers,active
IMP00030,T100208,Evergreen Pack Partners Ltd,Evergreen Pack Partners Ltd,267 Riverside,Coastal,0502506634,Samuel Okafor,BRK021,2015-08-17,Cosmetics and personal care,active
IMP00031,T100211,Metro Living Partners Ltd,Metro Living Partners Ltd,381 Temple Street,South,0986965771,Daniel Ibrahim,BRK026,2010-02-26,Furniture and household,active
IMP00032,T100219,Ashcombe Motors Co.,Ashcombe Motors Co.,90 Airport Road,East,0611073084,Omar Rahman,BRK028,2021-10-24,Machinery,active
IMP00033,T100225,Global Agro International Ltd,Global Depot,260 Harbour Road,Capital,0531652277,Amina Mensah,BRK019,2020-12-03,General trading,active
IMP00034,T100236,Arden Supply Holdings Ltd,Arden Supply Holdings Ltd,235 Mill Road,North,0516341289,Grace Tanaka,BRK042,2014-09-23,Medical devices,active
IMP00035,T100242,Metro Fruits Co.,Metro Fruits Co.,6 Market Street,Coastal,0581524750,Omar Sato,BRK070,2012-11-25,Cosmetics and personal care,active
IMP00036,T100251,"Horizon Glow Co., Ltd","Horizon Glow Co., Ltd",354 Garden Lane,Capital,0719900946,Somchai Chen,BRK066,2009-06-02,Machinery,active
IMP00037,T100257,Carrick Agro & Sons,Carrick Agro & Sons,320 Temple Street,East,0506676501,Aisha Al-Sayed,BRK074,2014-03-09,Steel and construction,active
IMP00038,T100260,Prescott Steel Holdings Ltd,Prescott Steel Holdings Ltd,228 Industrial Estate,North,0697360622,Tomas Mensah,BRK014,2019-12-02,Pharmaceuticals,active
IMP00039,T100272,Central Imports Partners Ltd,Central Imports Partners Ltd,294 Station Road,East,0407340201,Ravi Bauer,BRK054,2008-08-30,Fuel and chemicals,active
IMP00040,T100277,Delta Foods Limited,Delta Foods Limited,96 Garden Lane,Coastal,0347728243,Samuel Patel,BRK035,2010-07-15,Textiles and apparel,active
IMP00041,T100287,Dunmore Motors Limited,Dunmore Motors Limited,381 Industrial Estate,Capital,0607781079,Ingrid Al-Sayed,BRK003,2020-04-13,General trading,active
IMP00042,T100287,Lotus Enterprises International Ltd,Lotus Enterprises International Ltd,364 Bazaar Lane,North,0811280093,Ingrid Ibrahim,BRK021,2013-09-14,Vehicles and parts,active
IMP00043,T100295,Lotus Distribution Holdings Ltd,Lotus Distribution Holdings Ltd,110 Mill Road,West,0972504259,Amina Patel,BRK070,2017-05-31,Tobacco and beverages,active
IMP00044,T103306,Prime Fruits Enterprises,Prime Trade,399 Industrial Estate,Coastal,0317564105,Mei Mensah,BRK041,2018-02-14,Tobacco and beverages,active
IMP00045,T100311,Royal Fruits Group Ltd,Royal Fruits Group Ltd,132 Market Street,Capital,0724082512,Kenji Osei,BRK053,2024-02-07,Furniture and household,active
IMP00046,T100315,Green Valley Logistics Co.,Green Valley Logistics Co.,228 Market Street,Capital,0683702104,Grace Novak,BRK076,2020-11-12,General trading,active
IMP00047,T100324,Star Steel Enterprises,Star Steel Enterprises,208 Riverside,West,0935052080,Samuel Sato,BRK021,2013-08-14,Cosmetics and personal care,active
IMP00048,T100332,Golden Foods & Sons,Golden Foods & Sons,263 Garden Lane,West,0866529413,Joseph Chen,BRK029,2020-02-24,Tobacco and beverages,active
IMP00049,T100341,Horizon Logistics Group Ltd,Horizon Depot,71 Garden Lane,South,0816434202,Tomas Mahmood,BRK035,2025-01-08,General trading,active
IMP00050,T100343,Saffron Electronics Partners Ltd,Saffron Store,383 Station Road,West,0778252915,Nadia Reyes,BRK068,2010-09-13,Fuel and chemicals,active
IMP00051,T100356,Green Valley Steel Co.,Green Trade,178 Market Street,Coastal,0559711857,Hassan Al-Sayed,BRK035,2021-12-28,General trading,active
IMP00052,T100360,Inverness Pack Limited,Inverness Pack Limited,324 Industrial Estate,Capital,0362842634,Somchai Tanaka,BRK004,2021-11-29,Tobacco and beverages,active
IMP00053,,Twin Rivers Agro Group Ltd,Twin Rivers Agro Group Ltd,180 Temple Street,Capital,0599288408,Fatima Mensah,BRK023,2018-05-13,Tobacco and beverages,active
IMP00054,T100374,Eastern Pack Enterprises,Eastern Pack Enterprises,95 Harbour Road,South,0964346721,Priya Osei,BRK021,2015-09-12,Cosmetics and personal care,active
IMP00055,T100381,Aldergate Steel Group Ltd,Aldergate Steel Group Ltd,321 Market Street,West,0806933046,Ingrid Kowalski,BRK067,2009-03-19,Steel and construction,active
IMP00056,T100388,Inverness Industries Group Ltd,Inverness Industries Group Ltd,56 Garden Lane,South,0354679037,Hassan Chen,BRK033,2022-01-23,Medical devices,active
IMP00057,T100394,Central Textiles Limited,Central Textiles Limited,240 Bazaar Lane,North,0940022322,Samuel Chen,BRK021,2016-02-21,Textiles and apparel,active
IMP00058,T100405,Harmony Electronics Enterprises,Harmony Electronics Enterprises,292 Bazaar Lane,Coastal,0688231310,Farid Bauer,BRK013,2011-10-17,Electronics,active
IMP00059,T100406,Twin Rivers Supply Enterprises,Twin Rivers Supply Enterprises,262 Temple Street,Coastal,0934603203,Ravi Osei,BRK017,2010-10-15,Vehicles and parts,active
IMP00060,T100415,Delta Living Partners Ltd,Delta Living Partners Ltd,376 Harbour Road,Capital,0273895229,Ingrid Kowalski,BRK053,2008-12-06,Medical devices,active
IMP00061,T100420,United Commercial International Ltd,United Commercial International Ltd,35 Airport Road,South,0963216044,Farid Haddad,BRK053,2019-03-10,Food importers,active
IMP00062,T100427,Golden Textiles Ltd,Golden Textiles Ltd,55 Riverside,East,0654707181,Priya Bauer,BRK006,2009-05-20,Steel and construction,active
IMP00063,T100440,"Metro Motors Co., Ltd","Metro Motors Co., Ltd",215 Bazaar Lane,West,0929915234,Ingrid Al-Sayed,BRK038,2013-02-28,Vehicles and parts,active
IMP00064,T100445,Cobalt Mobile Ltd,Cobalt Trade,396 Mill Road,Capital,0334789891,Nadia Sato,BRK047,2015-02-12,General trading,active
IMP00065,T100450,Great Wall Fruits Partners Ltd,Great Wall Fruits Partners Ltd,395 Garden Lane,North,0529543157,Mei Nguyen-Lee,BRK038,2016-06-24,Fuel and chemicals,active
IMP00066,,Northern Agro Partners Ltd,Northern Agro Partners Ltd,273 Industrial Estate,West,0392391880,Priya Al-Sayed,BRK059,2020-01-15,Tobacco and beverages,active
IMP00067,T100466,Pacific Enterprises Holdings Ltd,Pacific Enterprises Holdings Ltd,356 Station Road,East,0254736740,Farid Sato,BRK021,2008-10-06,Fuel and chemicals,active
IMP00068,T300474,"Green Valley Fruits Co., Ltd","Green Valley Fruits Co., Ltd",357 Market Street,East,0584646483,Daniel Al-Sayed,BRK034,2018-03-30,Tobacco and beverages,active
IMP00069,T100476,Evergreen Fruits Group Ltd,Evergreen Fruits Group Ltd,74 Bazaar Lane,West,0260191140,Daniel Chen,BRK017,2024-06-19,Pharmaceuticals,active
IMP00070,,Coral Fruits Group Ltd,Coral Store,95 Temple Street,North,0960004082,Samuel Osei,BRK051,2009-04-12,Tobacco and beverages,active
IMP00071,T100490,Carrick Enterprises Co.,Carrick Store,56 Garden Lane,South,0759443551,Mei Mahmood,BRK028,2025-12-31,Textiles and apparel,active
IMP00072,T100497,Great Wall Pack Holdings Ltd,Great Wall Pack Holdings Ltd,368 Station Road,Capital,0244279675,Hassan Chen,BRK013,2014-05-06,Vehicles and parts,active
IMP00073,T100510,Global Pack & Sons,Global Pack & Sons,172 Mill Road,South,0670197514,Hassan Bauer,BRK065,2010-04-04,Furniture and household,active
IMP00074,T100516,Dunmore Imports & Sons,Dunmore Imports & Sons,298 Garden Lane,West,0298394705,Hassan Chen,BRK008,2009-11-12,Food importers,active
IMP00075,T100519,Harmony Textiles Limited,Harmony Textiles Limited,321 Market Street,Coastal,0543950447,Farid Silva,BRK024,2025-09-18,Food importers,active
IMP00076,T100529,United Imports Enterprises,United Imports Enterprises,264 Mill Road,South,0913727677,Ravi Mahmood,BRK021,2021-03-13,Textiles and apparel,active
IMP00077,T100538,"Metro Enterprises Co., Ltd",Metro Centre,223 Temple Street,Capital,0325939693,Priya Reyes,BRK055,2020-01-28,Electronics,active
IMP00078,T100540,Orchid Imports Group Ltd,Orchid Imports Group Ltd,57 Market Street,West,0201832970,Ingrid Kowalski,BRK013,2026-01-18,Textiles and apparel,active
IMP00079,T100551,Saffron Enterprises Ltd,Saffron Enterprises Ltd,301 Airport Road,Capital,0878357885,Ravi Mensah,BRK021,2016-06-05,Cosmetics and personal care,active
IMP00080,T100555,Saffron Agro Co.,Saffron Agro Co.,272 Airport Road,South,0980859838,Lucia Rahman,BRK064,2008-02-15,Fuel and chemicals,active
IMP00081,T100560,Crown Logistics Group Ltd,Crown Logistics Group Ltd,237 Mill Road,Coastal,0227583804,Lucia Mahmood,BRK021,2011-10-02,General trading,active
IMP00082,T100569,Harmony Textiles & Sons,Harmony Textiles & Sons,2 Garden Lane,North,0239486735,Grace Ibrahim,BRK014,2013-10-01,Textiles and apparel,active
IMP00083,T100578,United Textiles & Sons,United Textiles & Sons,127 Garden Lane,Capital,0258602776,Kenji Mahmood,BRK057,2015-04-02,Textiles and apparel,active
IMP00084,T100583,Green Valley Foods Ltd,Green Valley Foods Ltd,16 Bazaar Lane,North,0742748420,Samuel Al-Sayed,BRK013,2008-08-03,Furniture and household,active
IMP00085,T100592,Delta Imports & Sons,Delta Centre,344 Market Street,South,0984665003,Amina Chen,BRK067,2012-02-27,Steel and construction,active
IMP00086,,Central Supply & Sons,Central Supply & Sons,199 Harbour Road,West,0844499201,Nadia Mwangi,BRK050,2018-11-21,Food importers,active
IMP00087,T100605,Ocean Mobile Enterprises,Ocean Mobile Enterprises,152 Harbour Road,West,0684849466,Tomas Chen,BRK001,2008-08-02,Tobacco and beverages,active
IMP00088,T100614,Arden Imports Holdings Ltd,Arden Imports Holdings Ltd,271 Airport Road,South,0449906798,Elena Rahman,BRK003,2025-09-11,Vehicles and parts,active
IMP00089,T100616,United Trading Group Ltd,United Trading Group Ltd,98 Mill Road,Capital,0971956293,Fatima Haddad,BRK030,2011-03-24,Electronics,active
IMP00090,T100629,Blue Ocean Pack Co.,Blue Ocean Pack Co.,265 Industrial Estate,East,0924877741,Amina Mahmood,BRK063,2025-12-16,Food importers,active
IMP00091,T100631,Blue Ocean Glow International Ltd,Blue Ocean Glow International Ltd,191 Garden Lane,Coastal,0808004328,Ingrid Ibrahim,BRK055,2020-01-31,Tobacco and beverages,active
IMP00092,T100639,Lotus Commercial & Sons,Lotus Commercial & Sons,226 Riverside,South,0209160729,Lucia Al-Sayed,BRK031,2011-02-04,Fuel and chemicals,active
IMP00093,T100645,Sunrise Logistics & Sons,Sunrise Logistics & Sons,344 Mill Road,West,0423519421,Daniel Al-Sayed,BRK062,2019-05-09,Electronics,active
IMP00094,T100651,Royal Motors Co.,Royal Motors Co.,1 Mill Road,North,0326308351,Mei Okafor,BRK014,2010-05-28,Machinery,active
IMP00095,T100033,Metro Supply International Ltd,Metro Supply International Ltd,24 Harbour Road,East,0679477746,Daniel Osei,BRK033,2019-04-07,Tobacco and beverages,active
IMP00096,,Evergreen Logistics Limited,Evergreen Logistics Limited,3 Airport Road,Coastal,0704016114,Tomas Al-Sayed,BRK059,2010-12-16,Electronics,active
IMP00097,T100673,Pacific Industries Limited,Pacific Industries Limited,379 Harbour Road,East,0564932412,Samuel Bauer,BRK048,2017-01-02,Electronics,active
IMP00098,T100680,United Foods Partners Ltd,United Foods Partners Ltd,139 Harbour Road,East,0271789964,Tomas Fernandes,BRK037,2019-03-22,Furniture and household,active
IMP00099,T100690,Carrick Distribution Holdings Ltd,Carrick Distribution Holdings Ltd,96 Garden Lane,West,0898448613,Lucia Nguyen-Lee,BRK080,2019-02-11,Machinery,active
IMP00100,T100699,Lotus Commercial Co.,Lotus Commercial Co.,56 Temple Street,West,0292316512,Nadia Patel,BRK038,2021-06-23,Tobacco and beverages,active
IMP00101,T100705,Cobalt Supply & Sons,Cobalt Supply & Sons,303 Temple Street,West,0799827590,Somchai Bauer,BRK012,2009-01-09,Fuel and chemicals,active
IMP00102,T100707,Lotus Steel Holdings Ltd,Lotus Steel Holdings Ltd,199 Temple Street,South,0320392602,Ingrid Silva,BRK052,2019-02-19,Medical devices,active
IMP00103,T100720,"Lotus Agro Co., Ltd","Lotus Agro Co., Ltd",372 Riverside,West,0442103092,Ingrid Silva,BRK079,2013-06-07,Fuel and chemicals,active
IMP00104,T100723,Blue Ocean Logistics Ltd,Blue Mart,329 Mill Road,South,0757878511,Aisha Kowalski,BRK049,2018-08-29,Electronics,active
IMP00105,T100729,Arden Fruits Ltd,Arden Fruits Ltd,3 Riverside,South,0501969412,Fatima Osei,BRK040,2011-05-13,Food importers,active
IMP00106,T100741,"Sunrise Textiles Co., Ltd","Sunrise Textiles Co., Ltd",228 Market Street,Capital,0615813591,Aisha Chen,BRK007,2018-04-15,Electronics,active
IMP00107,T100745,Metro Fruits Enterprises,Metro Fruits Enterprises,369 Bazaar Lane,North,0807497130,Daniel Al-Sayed,BRK015,2024-08-21,Electronics,active
IMP00108,T100749,Great Wall Motors Partners Ltd,Great Wall Motors Partners Ltd,373 Temple Street,West,0533266170,Amina Al-Sayed,BRK031,2017-06-13,Electronics,active
IMP00109,T100758,"Jade Logistics Co., Ltd","Jade Logistics Co., Ltd",233 Station Road,Capital,0330527456,Daniel Haddad,BRK030,2013-11-06,Machinery,active
IMP00110,T100769,Coral Living International Ltd,Coral Living International Ltd,324 Bazaar Lane,South,0915587719,Aisha Ibrahim,BRK010,2012-04-30,Vehicles and parts,active
IMP00111,T100773,Global Logistics Co.,Global Logistics Co.,196 Market Street,West,0390599961,Grace Chen,BRK077,2021-01-30,Textiles and apparel,active
IMP00112,T100781,Lotus Trading Group Ltd,Lotus Trading Group Ltd,352 Station Road,Capital,0904497215,Tomas Fernandes,BRK029,2016-02-17,Fuel and chemicals,active
IMP00113,T100985,Meridian Textiles Partners Ltd,Meridian Textiles Partners Ltd,397 Garden Lane,East,0223589837,Omar Osei,BRK036,2021-09-01,Cosmetics and personal care,active
IMP00114,T100070,Harmony Glow International Ltd,Harmony Depot,346 Market Street,North,0938469517,Amina Silva,BRK015,2010-10-04,Tobacco and beverages,active
IMP00115,T100799,Lotus Motors Partners Ltd,Lotus Mart,115 Riverside,West,0855220503,Ravi Bauer,BRK067,2008-03-01,Steel and construction,active
IMP00116,T100811,"Dunmore Steel Co., Ltd","Dunmore Steel Co., Ltd",52 Station Road,South,0602892499,Joseph Fernandes,BRK006,2019-01-01,Vehicles and parts,active
IMP00117,T100812,Cobalt Steel Enterprises,Cobalt Steel Enterprises,228 Airport Road,Coastal,0886538742,Kenji Mwangi,BRK070,2024-08-29,Steel and construction,active
IMP00118,T100821,Inverness Glow & Sons,Inverness Glow & Sons,67 Industrial Estate,South,0742710142,Lucia Bauer,BRK065,2017-08-08,Machinery,active
IMP00119,T100831,Prime Agro Holdings Ltd,Prime Agro Holdings Ltd,303 Mill Road,Capital,0977047198,Omar Ibrahim,BRK011,2022-07-11,Machinery,active
IMP00120,,Ocean Foods Ltd,Ocean Foods Ltd,379 Mill Road,East,0984942669,Priya Al-Sayed,BRK019,2017-09-25,Tobacco and beverages,active
IMP00121,T100842,Phoenix Distribution Group Ltd,Phoenix Distribution Group Ltd,339 Industrial Estate,North,0535824167,Fatima Kowalski,BRK069,2017-01-23,Machinery,active
IMP00122,T100851,Sunrise Mobile Limited,Sunrise Mobile Limited,307 Station Road,Capital,0655304441,Fatima Bauer,BRK026,2025-09-05,Pharmaceuticals,active
IMP00123,T100856,"Meridian Agro Co., Ltd","Meridian Agro Co., Ltd",31 Garden Lane,South,0786862666,Ingrid Patel,BRK056,2019-06-17,General trading,active
IMP00124,T100861,Prime Steel Group Ltd,Prime Steel Group Ltd,135 Station Road,South,0984009293,Priya Nguyen-Lee,BRK022,2009-04-29,Furniture and household,active
IMP00125,T100870,Silk Road Motors Holdings Ltd,Silk Road Motors Holdings Ltd,22 Garden Lane,North,0962241355,Aisha Patel,BRK077,2021-04-03,Furniture and household,active
IMP00126,T100879,Blue Ocean Medical Partners Ltd,Blue Ocean Medical Partners Ltd,33 Temple Street,West,0811120777,Daniel Mwangi,BRK036,2017-10-25,General trading,active
IMP00127,T100885,United Supply Co.,United Supply Co.,250 Riverside,South,0796806106,Samuel Fernandes,BRK030,2024-01-13,Textiles and apparel,active
IMP00128,T100895,Phoenix Pack Limited,Phoenix Pack Limited,116 Station Road,East,0284885613,Mei Rahman,BRK053,2014-07-23,Cosmetics and personal care,active
IMP00129,T100070,"Prime Distribution Co., Ltd","Prime Distribution Co., Ltd",346 Market Street,North,0786431487,Amina Silva,BRK015,2014-01-18,Tobacco and beverages,active
IMP00130,T100904,"Metro Glow Co., Ltd","Metro Glow Co., Ltd",145 Riverside,Capital,0350746223,Somchai Ibrahim,BRK059,2017-03-17,Steel and construction,active
IMP00131,,Cobalt Motors International Ltd,Cobalt Motors International Ltd,330 Bazaar Lane,South,0673709861,Lucia Bauer,BRK012,2016-04-09,Tobacco and beverages,active
IMP00132,T100922,Silk Road Motors Ltd,Silk Trade,200 Station Road,South,0867960348,Ravi Rahman,BRK010,2014-09-22,Furniture and household,active
IMP00133,T100033,Harmony Supply Co.,Harmony Supply Co.,24 Harbour Road,East,0679477746,Amina Rahman,BRK033,2014-06-17,Tobacco and beverages,active
IMP00134,T100936,Lotus Pack Ltd,Lotus Centre,216 Temple Street,South,0698251560,Joseph Ibrahim,BRK022,2015-10-14,Machinery,active
IMP00135,T100938,Green Valley Industries Ltd,Green Valley Industries Ltd,105 Industrial Estate,Coastal,0570643280,Tomas Mensah,BRK037,2016-05-10,Pharmaceuticals,active
IMP00136,T100948,Eastern Foods Group Ltd,Eastern Foods Group Ltd,300 Station Road,South,0629629394,Daniel Al-Sayed,BRK052,2016-09-06,Pharmaceuticals,active
IMP00137,T100957,Royal Textiles Enterprises,Royal Textiles Enterprises,364 Garden Lane,North,0887522319,Lucia Fernandes,BRK028,2016-08-04,Furniture and household,active
IMP00138,T100963,Saffron Electronics Enterprises,Saffron Electronics Enterprises,81 Industrial Estate,North,0492443697,Fatima Haddad,BRK057,2016-01-20,Cosmetics and personal care,active
IMP00139,T100970,Ocean Industries Ltd,Ocean Industries Ltd,77 Industrial Estate,South,0824785195,Joseph Haddad,BRK030,2008-03-07,Cosmetics and personal care,suspended
IMP00140,T100978,Dunmore Textiles Partners Ltd,Dunmore Textiles Partners Ltd,334 Industrial Estate,Capital,0997261608,Daniel Rahman,BRK024,2018-09-23,Fuel and chemicals,active
IMP00141,T100981,Global Fruits Limited,Global Fruits Limited,375 Station Road,West,0977734203,Joseph Mwangi,BRK078,2016-01-05,Textiles and apparel,active
IMP00142,T100987,Inverness Imports Partners Ltd,Inverness Imports Partners Ltd,224 Industrial Estate,South,0618517209,Grace Al-Sayed,BRK066,2024-10-29,Tobacco and beverages,active
IMP00143,T100946,Silk Road Steel Ltd,Silk Road Steel Ltd,357 Market Street,South,0335872208,Farid Tanaka,BRK019,2009-04-12,Cosmetics and personal care,active
IMP00144,,"Lotus Trading Co., Ltd","Lotus Trading Co., Ltd",237 Temple Street,Capital,0326364836,Priya Kowalski,BRK006,2008-02-04,Tobacco and beverages,active
IMP00145,T101009,"Arden Living Co., Ltd","Arden Living Co., Ltd",21 Market Street,West,0413684130,Farid Kowalski,BRK052,2008-07-06,Medical devices,active
IMP00146,T101017,"Cobalt Pack Co., Ltd","Cobalt Pack Co., Ltd",273 Mill Road,West,0857474187,Daniel Fernandes,BRK010,2014-09-26,Furniture and household,active
IMP00147,,Central Imports International Ltd,Central Imports International Ltd,350 Garden Lane,Coastal,0471338762,Kenji Haddad,BRK042,2016-12-15,Pharmaceuticals,active
IMP00148,,Star Steel & Sons,Star Steel & Sons,383 Station Road,North,0360676976,Mei Mwangi,BRK059,2011-06-02,Tobacco and beverages,active
IMP00149,T101036,Central Textiles Holdings Ltd,Central Textiles Holdings Ltd,215 Airport Road,West,0405939650,Ingrid Haddad,BRK072,2008-12-22,Fuel and chemicals,active
IMP00150,T101045,Delta Agro Enterprises,Delta Agro Enterprises,201 Bazaar Lane,Coastal,0342427644,Amina Rahman,BRK045,2010-03-02,Textiles and apparel,active
IMP00151,T101054,"Dunmore Imports Co., Ltd","Dunmore Imports Co., Ltd",21 Market Street,Coastal,0812185747,Kenji Al-Sayed,BRK006,2016-07-26,General trading,active
IMP00152,T101060,Twin Rivers Living Enterprises,Twin Rivers Living Enterprises,262 Garden Lane,Coastal,0661433292,Fatima Al-Sayed,BRK024,2011-02-07,Furniture and household,active
IMP00153,T101068,Evergreen Trading Enterprises,Evergreen Trading Enterprises,271 Airport Road,Coastal,0538263910,Daniel Osei,BRK007,2020-04-05,General trading,active
IMP00154,T101076,Harmony Industries Partners Ltd,Harmony Industries Partners Ltd,256 Mill Road,East,0816076364,Elena Silva,BRK053,2014-10-23,Vehicles and parts,active
IMP00155,T131081,Meridian Commercial Partners Ltd,Meridian Commercial Partners Ltd,263 Station Road,East,0605392195,Ingrid Mwangi,BRK021,2014-02-05,Fuel and chemicals,active
IMP00156,,"Ocean Medical Co., Ltd","Ocean Medical Co., Ltd",362 Temple Street,Coastal,0482336020,Hassan Tanaka,BRK010,2019-01-29,Tobacco and beverages,active
IMP00157,T101093,Jade Foods Holdings Ltd,Jade Foods Holdings Ltd,14 Industrial Estate,South,0354754133,Hassan Al-Sayed,BRK044,2016-05-25,Electronics,active
IMP00158,,"Carrick Fruits Co., Ltd","Carrick Fruits Co., Ltd",98 Mill Road,North,0352657922,Kenji Novak,BRK021,2014-10-26,Tobacco and beverages,active
IMP00159,T101108,Central Trading Partners Ltd,Central Trading Partners Ltd,396 Station Road,North,0371385355,Tomas Sato,BRK054,2016-04-10,Fuel and chemicals,active
IMP00160,T101114,Jade Pack International Ltd,Jade Pack International Ltd,360 Harbour Road,North,0363450994,Joseph Ibrahim,BRK008,2009-01-25,Textiles and apparel,active
IMP00161,T101122,"Harmony Steel Co., Ltd",Harmony Centre,148 Temple Street,North,0807008275,Hassan Al-Sayed,BRK022,2022-08-22,Steel and construction,active
IMP00162,T401131,Horizon Medical International Ltd,Horizon Medical International Ltd,325 Garden Lane,West,0337059912,Priya Okafor,BRK003,2023-12-30,Textiles and apparel,active
IMP00163,T101138,Coral Trading Limited,Coral Trading Limited,150 Mill Road,South,0732559632,Lucia Chen,BRK038,2021-04-15,Textiles and apparel,active
IMP00164,T101142,Carrick Mobile Group Ltd,Carrick Mobile Group Ltd,37 Harbour Road,West,0892978259,Samuel Reyes,BRK080,2008-11-01,Fuel and chemicals,active
IMP00165,T101148,"Coral Enterprises Co., Ltd",Coral Store,309 Harbour Road,South,0560495632,Grace Mahmood,BRK014,2016-05-13,Textiles and apparel,active
IMP00166,T101160,Great Wall Mobile Ltd,Great Wall Mobile Ltd,239 Station Road,East,0807381597,Grace Patel,BRK068,2013-08-27,Food importers,active
IMP00167,T101167,Dunmore Steel & Sons,Dunmore Steel & Sons,238 Mill Road,North,0200083648,Priya Silva,BRK034,2015-07-04,Pharmaceuticals,active
IMP00168,T101174,Delta Electronics International Ltd,Delta Electronics International Ltd,135 Mill Road,Coastal,0686886422,Grace Mahmood,BRK059,2018-08-17,Medical devices,active
IMP00169,T101178,Silk Road Electronics & Sons,Silk Road Electronics & Sons,144 Mill Road,Coastal,0458617573,Ravi Mensah,BRK059,2013-03-29,Electronics,active
IMP00170,,Lotus Foods Partners Ltd,Lotus Foods Partners Ltd,252 Bazaar Lane,Coastal,0913740557,Nadia Ibrahim,BRK059,2013-09-03,Tobacco and beverages,active
IMP00171,T101190,Sunrise Fruits Partners Ltd,Sunrise Depot,86 Mill Road,Coastal,0951588230,Hassan Kowalski,BRK065,2024-04-12,Fuel and chemicals,active
IMP00172,T101202,Prescott Textiles Group Ltd,Prescott Textiles Group Ltd,258 Station Road,South,0904343249,Nadia Reyes,BRK050,2008-05-26,Steel and construction,active
IMP00173,T101208,Horizon Agro International Ltd,Horizon Agro International Ltd,253 Station Road,East,0804773164,Amina Sato,BRK028,2020-10-03,Food importers,active
IMP00174,,Silk Road Glow Limited,Silk Road Glow Limited,66 Market Street,Capital,0648371150,Daniel Novak,BRK068,2017-04-11,Tobacco and beverages,active
IMP00175,T101224,United Fruits Co.,United Fruits Co.,360 Harbour Road,West,0684958647,Aisha Okafor,BRK069,2020-11-20,Tobacco and beverages,active
IMP00176,T101231,Metro Supply Enterprises,Metro Supply Enterprises,222 Mill Road,West,0381701853,Priya Rahman,BRK019,2013-03-25,Electronics,active
IMP00177,T101235,Phoenix Fruits Group Ltd,Phoenix Mart,216 Bazaar Lane,East,0318954491,Kenji Okafor,BRK053,2025-10-28,Electronics,active
IMP00178,T101240,"Delta Logistics Co., Ltd","Delta Logistics Co., Ltd",16 Station Road,South,0617631743,Ravi Bauer,BRK014,2010-05-31,Textiles and apparel,active
IMP00179,,Carrick Medical Group Ltd,Carrick Medical Group Ltd,313 Mill Road,West,0251735484,Mei Patel,BRK006,2018-03-16,Tobacco and beverages,active
IMP00180,,Ocean Logistics International Ltd,Ocean Logistics International Ltd,198 Market Street,West,0865152311,Joseph Haddad,BRK032,2021-11-05,Tobacco and beverages,active
IMP00181,T101266,Orchid Trading Co.,Orchid Trading Co.,10 Bazaar Lane,East,0921371744,Mei Mensah,BRK054,2025-04-23,Electronics,active
IMP00182,T101271,Horizon Living International Ltd,Horizon Living International Ltd,318 Riverside,West,0438798905,Hassan Bauer,BRK040,2017-06-15,Tobacco and beverages,active
IMP00183,T101275,Metro Pack International Ltd,Metro Pack International Ltd,100 Riverside,East,0203450802,Aisha Rahman,BRK048,2024-09-30,Furniture and household,active
IMP00184,T101287,Golden Distribution & Sons,Golden Distribution & Sons,332 Industrial Estate,East,0872915496,Aisha Fernandes,BRK022,2019-01-09,Fuel and chemicals,active
IMP00185,T101293,Cobalt Fruits Ltd,Cobalt Fruits Ltd,119 Garden Lane,North,0486112216,Mei Silva,BRK050,2017-02-22,Medical devices,active
IMP00186,T101299,"Global Distribution Co., Ltd","Global Distribution Co., Ltd",124 Riverside,East,0709700053,Grace Ibrahim,BRK072,2023-10-16,Cosmetics and personal care,active
IMP00187,T101302,Golden Supply International Ltd,Golden Supply International Ltd,354 Temple Street,South,0698030439,Grace Sato,BRK021,2017-10-17,Vehicles and parts,active
IMP00188,,Harmony Living Enterprises,Harmony Living Enterprises,393 Garden Lane,Coastal,0809107481,Hassan Novak,BRK059,2014-08-27,Tobacco and beverages,active
IMP00189,T101320,Ocean Distribution & Sons,Ocean Distribution & Sons,164 Temple Street,East,0836659175,Grace Silva,BRK077,2020-01-13,Electronics,active
IMP00190,T101329,Saffron Glow & Sons,Saffron Glow & Sons,287 Bazaar Lane,North,0514768092,Mei Silva,BRK019,2012-08-12,Food importers,active
IMP00191,T101333,Royal Industries Co.,Royal Industries Co.,371 Industrial Estate,East,0710907806,Joseph Reyes,BRK074,2019-09-20,Furniture and household,active
IMP00192,T101342,Saffron Trading Co.,Saffron Store,5 Mill Road,Capital,0243916012,Mei Kowalski,BRK043,2016-12-21,Furniture and household,active
IMP00193,T101344,Sunrise Textiles Limited,Sunrise Textiles Limited,349 Riverside,North,0463707559,Joseph Okafor,BRK002,2010-10-10,Vehicles and parts,active
IMP00194,T101355,Evergreen Living Ltd,Evergreen Living Ltd,50 Industrial Estate,Capital,0392078067,Elena Mensah,BRK024,2018-11-25,Steel and construction,active
IMP00195,T101362,"Evergreen Pack Co., Ltd","Evergreen Pack Co., Ltd",226 Mill Road,West,0832288058,Aisha Osei,BRK052,2014-09-20,Cosmetics and personal care,active
IMP00196,T101367,Green Valley Living Ltd,Green Valley Living Ltd,4 Harbour Road,East,0489060803,Samuel Reyes,BRK039,2012-07-13,Electronics,active
IMP00197,T100070,Global Foods International Ltd,Global Foods International Ltd,346 Market Street,North,0938469517,Aisha Fernandes,BRK015,2013-02-08,Textiles and apparel,active
IMP00198,T101382,Harmony Glow Co.,Harmony Glow Co.,341 Temple Street,North,0964226055,Amina Mensah,BRK059,2019-10-18,Food importers,active
IMP00199,T101387,Green Valley Glow Co.,Green Valley Glow Co.,379 Temple Street,East,0739131722,Tomas Okafor,BRK016,2017-01-05,Pharmaceuticals,active
IMP00200,T101399,Arden Commercial Co.,Arden Commercial Co.,185 Industrial Estate,Coastal,0934940446,Lucia Al-Sayed,BRK044,2012-12-17,Textiles and apparel,active
IMP00201,T101403,Great Wall Enterprises Co.,Great Wall Enterprises Co.,232 Garden Lane,Capital,0964518154,Fatima Reyes,BRK004,2020-08-16,Machinery,active
IMP00202,T101411,Metro Medical Limited,Metro Medical Limited,288 Riverside,North,0976751244,Somchai Nguyen-Lee,BRK015,2008-06-19,Cosmetics and personal care,active
IMP00203,T101414,Saffron Medical & Sons,Saffron Medical & Sons,193 Harbour Road,West,0539906428,Somchai Sato,BRK030,2008-05-15,Food importers,active
IMP00204,T101426,Ashcombe Glow Partners Ltd,Ashcombe Glow Partners Ltd,34 Industrial Estate,North,0736352042,Lucia Mwangi,BRK031,2019-02-22,Cosmetics and personal care,active
IMP00205,T101434,Coral Glow & Sons,Coral Glow & Sons,146 Market Street,Capital,0650956319,Daniel Chen,BRK051,2020-09-06,Medical devices,active
IMP00206,,Northern Mobile International Ltd,Northern Mobile International Ltd,213 Bazaar Lane,East,0992010279,Hassan Patel,BRK059,2008-02-27,Tobacco and beverages,active
IMP00207,T101445,Aldergate Logistics International Ltd,Aldergate Logistics International Ltd,215 Airport Road,East,0732279769,Hassan Ibrahim,BRK044,2021-06-25,Steel and construction,active
IMP00208,T101451,Silver Steel Limited,Silver Steel Limited,160 Airport Road,Capital,0834951948,Nadia Reyes,BRK008,2024-08-08,Tobacco and beverages,active
IMP00209,T101459,"Crown Foods Co., Ltd","Crown Foods Co., Ltd",313 Bazaar Lane,Coastal,0799407295,Tomas Rahman,BRK059,2017-03-28,Machinery,active
IMP00210,T101465,Golden Agro Partners Ltd,Golden Agro Partners Ltd,155 Bazaar Lane,Coastal,0433168833,Joseph Kowalski,BRK059,2012-06-22,Food importers,active
IMP00211,T101475,Coral Trading Enterprises,Coral Trading Enterprises,199 Airport Road,South,0243193019,Mei Patel,BRK021,2014-05-19,Food importers,active
IMP00212,T101481,Phoenix Trading Limited,Phoenix Trading Limited,395 Garden Lane,Capital,0299738535,Joseph Reyes,BRK010,2009-06-20,Steel and construction,active
IMP00213,T101488,Northern Foods Group Ltd,Northern Foods Group Ltd,157 Mill Road,East,0432303852,Grace Patel,BRK069,2021-09-14,Medical devices,active
IMP00214,T101497,Pacific Fruits Co.,Pacific Fruits Co.,143 Airport Road,Coastal,0407378173,Ravi Patel,BRK046,2011-04-30,Vehicles and parts,active
IMP00215,T101498,Lotus Commercial Ltd,Lotus Commercial Ltd,252 Station Road,North,0857044506,Joseph Nguyen-Lee,BRK021,2021-08-23,Tobacco and beverages,active
IMP00216,T101505,Ashcombe Distribution International Ltd,Ashcombe Distribution International Ltd,317 Industrial Estate,Coastal,0552283123,Tomas Patel,BRK074,2017-06-16,Pharmaceuticals,active
IMP00217,,Star Distribution Enterprises,Star Distribution Enterprises,32 Industrial Estate,Capital,0552254541,Omar Fernandes,BRK052,2011-11-05,Tobacco and beverages,active
IMP00218,T101522,Summit Glow International Ltd,Summit Glow International Ltd,247 Harbour Road,North,0599486571,Tomas Patel,BRK033,2014-07-13,Furniture and household,active
IMP00219,T101530,"Meridian Electronics Co., Ltd","Meridian Electronics Co., Ltd",366 Riverside,East,0325945659,Joseph Reyes,BRK050,2011-08-19,Furniture and household,active
IMP00220,T101535,Star Medical Co.,Star Medical Co.,266 Mill Road,Capital,0567625422,Ravi Chen,BRK066,2014-08-08,Tobacco and beverages,active
IMP00221,T101543,Cobalt Commercial Enterprises,Cobalt Commercial Enterprises,36 Airport Road,Coastal,0511727630,Omar Osei,BRK041,2012-09-27,Medical devices,active
IMP00222,T101550,Inverness Fruits Partners Ltd,Inverness Fruits Partners Ltd,318 Mill Road,Capital,0809471654,Amina Mensah,BRK004,2016-11-01,Steel and construction,active
IMP00223,T101458,Royal Steel Limited,Royal Steel Limited,224 Riverside,North,0865391590,Priya Bauer,BRK040,2025-12-04,Textiles and apparel,active
IMP00224,T101562,Dunmore Foods Partners Ltd,Dunmore Foods Partners Ltd,296 Bazaar Lane,East,0459829993,Samuel Al-Sayed,BRK014,2009-06-21,Steel and construction,active
IMP00225,T101571,Twin Rivers Textiles Holdings Ltd,Twin Rivers Textiles Holdings Ltd,236 Airport Road,East,0498917811,Lucia Kowalski,BRK020,2017-06-23,Vehicles and parts,active
IMP00226,T101580,Star Medical Holdings Ltd,Star Medical Holdings Ltd,6 Bazaar Lane,Capital,0541265339,Mei Tanaka,BRK050,2025-05-30,Tobacco and beverages,suspended
IMP00227,T101585,Golden Industries Partners Ltd,Golden Industries Partners Ltd,216 Mill Road,East,0528627852,Elena Kowalski,BRK075,2025-10-12,Machinery,active
IMP00228,T101591,"Cobalt Logistics Co., Ltd","Cobalt Logistics Co., Ltd",72 Industrial Estate,East,0476465529,Joseph Chen,BRK021,2013-10-31,Steel and construction,active
IMP00229,T101597,Twin Rivers Commercial Enterprises,Twin Rivers Commercial Enterprises,391 Station Road,North,0721901305,Joseph Reyes,BRK004,2013-07-24,Fuel and chemicals,active
IMP00230,T101608,Golden Logistics Group Ltd,Golden Logistics Group Ltd,238 Temple Street,Capital,0996480981,Daniel Rahman,BRK003,2020-02-24,Food importers,active
IMP00231,T101636,Aldergate Pack Limited,Aldergate Depot,394 Market Street,West,0573666885,Hassan Mahmood,BRK040,2008-05-27,Cosmetics and personal care,active
IMP00232,T101619,Eastern Imports International Ltd,Eastern Imports International Ltd,70 Harbour Road,Capital,0334627198,Lucia Silva,BRK060,2016-12-01,Tobacco and beverages,active
IMP00233,T101624,Meridian Fruits Partners Ltd,Meridian Mart,87 Mill Road,Coastal,0346931648,Ingrid Rahman,BRK034,2012-04-30,Cosmetics and personal care,active
IMP00234,T108633,Aldergate Mobile Limited,Aldergate Mobile Limited,230 Bazaar Lane,North,0763449992,Hassan Sato,BRK018,2017-09-12,Medical devices,active
IMP00235,T101641,Phoenix Foods Ltd,Phoenix Foods Ltd,246 Harbour Road,Capital,0893211343,Samuel Bauer,BRK033,2020-08-04,Machinery,active
IMP00236,T101651,Saffron Living Ltd,Saffron Living Ltd,51 Bazaar Lane,East,0257598658,Ingrid Tanaka,BRK044,2024-05-20,Food importers,active
IMP00237,T101656,United Electronics & Sons,United Electronics & Sons,258 Temple Street,Capital,0938038665,Samuel Mahmood,BRK004,2013-08-02,Vehicles and parts,active
IMP00238,T101665,"Silver Commercial Co., Ltd","Silver Commercial Co., Ltd",146 Market Street,West,0633160865,Ravi Mahmood,BRK024,2021-07-24,Cosmetics and personal care,active
IMP00239,T101660,Arden Mobile Enterprises,Arden Mobile Enterprises,310 Industrial Estate,East,0265297502,Hassan Ibrahim,BRK050,2019-01-01,Furniture and household,active
IMP00240,T101673,Inverness Logistics Group Ltd,Inverness Logistics Group Ltd,366 Riverside,North,0998466669,Somchai Al-Sayed,BRK041,2009-07-16,Tobacco and beverages,active
IMP00241,T101683,Silk Road Distribution Group Ltd,Silk Road Distribution Group Ltd,167 Industrial Estate,South,0379904788,Kenji Silva,BRK022,2019-02-03,Furniture and household,active
IMP00242,T101617,Golden Pack Ltd,Golden Pack Ltd,186 Temple Street,Coastal,0350952940,Kenji Ibrahim,BRK063,2015-12-28,Medical devices,active
IMP00243,T101700,Northern Imports International Ltd,Northern Centre,301 Temple Street,Coastal,0770716812,Farid Osei,BRK079,2022-08-01,Pharmaceuticals,active
IMP00244,T101707,Phoenix Steel Group Ltd,Phoenix Steel Group Ltd,332 Airport Road,North,0872715992,Grace Mwangi,BRK064,2014-05-08,Cosmetics and personal care,active
IMP00245,T101708,Prescott Living Group Ltd,Prescott Living Group Ltd,38 Harbour Road,East,0806370282,Ravi Haddad,BRK052,2020-09-21,Cosmetics and personal care,active
IMP00246,T101716,Jade Industries & Sons,Jade Industries & Sons,389 Market Street,East,0741203614,Lucia Novak,BRK028,2021-04-10,Fuel and chemicals,active
IMP00247,,Green Valley Pack International Ltd,Green Valley Pack International Ltd,145 Industrial Estate,West,0421743458,Fatima Reyes,BRK015,2019-09-24,Tobacco and beverages,active
IMP00248,T101738,Aldergate Industries Ltd,Aldergate Industries Ltd,374 Mill Road,North,0235890536,Kenji Kowalski,BRK029,2013-02-09,Pharmaceuticals,active
IMP00249,T101741,Inverness Electronics Enterprises,Inverness Electronics Enterprises,87 Garden Lane,North,0646464776,Ravi Reyes,BRK010,2017-09-08,Tobacco and beverages,active
IMP00250,T101743,Northern Foods Limited,Northern Foods Limited,298 Mill Road,South,0681770942,Tomas Rahman,BRK073,2011-09-03,Cosmetics and personal care,active
IMP00251,T101750,Inverness Fruits International Ltd,Inverness Fruits International Ltd,338 Station Road,North,0282400611,Elena Mahmood,BRK051,2022-06-22,Fuel and chemicals,active
IMP00252,,Prescott Electronics Ltd,Prescott Electronics Ltd,106 Garden Lane,North,0296318132,Somchai Bauer,BRK021,2021-12-31,Tobacco and beverages,active
IMP00253,T101767,Lotus Steel Group Ltd,Lotus Steel Group Ltd,169 Industrial Estate,Capital,0364470305,Grace Bauer,BRK080,2009-09-06,Furniture and household,active
IMP00254,T101773,Orchid Pack Partners Ltd,Orchid Pack Partners Ltd,196 Market Street,West,0339977323,Ingrid Novak,BRK038,2021-08-10,Cosmetics and personal care,active
IMP00255,T101782,Ashcombe Trading Co.,Ashcombe Trading Co.,308 Harbour Road,East,0375707673,Priya Novak,BRK067,2013-12-29,Food importers,active
IMP00256,T101786,Crown Enterprises Ltd,Crown Enterprises Ltd,369 Riverside,Capital,0233292396,Lucia Haddad,BRK021,2018-04-12,Textiles and apparel,active
IMP00257,,Phoenix Pack Partners Ltd,Phoenix Pack Partners Ltd,173 Industrial Estate,North,0515665860,Ravi Haddad,BRK015,2008-12-10,Tobacco and beverages,active
IMP00258,T101805,Ocean Distribution Ltd,Ocean Distribution Ltd,63 Airport Road,Coastal,0718800426,Fatima Kowalski,BRK040,2012-11-12,Textiles and apparel,active
IMP00259,T101812,Saffron Steel Holdings Ltd,Saffron Steel Holdings Ltd,394 Riverside,South,0558959733,Ingrid Al-Sayed,BRK002,2025-05-23,Food importers,active
IMP00260,T101814,Global Electronics Partners Ltd,Global Depot,74 Harbour Road,Coastal,0315181232,Farid Mwangi,BRK021,2022-06-15,Vehicles and parts,active
IMP00261,T101824,Blue Ocean Foods Group Ltd,Blue Ocean Foods Group Ltd,92 Market Street,West,0511074871,Farid Haddad,BRK005,2014-06-21,General trading,active
IMP00262,T101828,Crown Steel Limited,Crown Steel Limited,169 Garden Lane,West,0522791149,Priya Novak,BRK078,2025-12-17,Textiles and apparel,active
IMP00263,T101837,Cobalt Agro Co.,Cobalt Agro Co.,127 Mill Road,Coastal,0624737648,Fatima Tanaka,BRK014,2015-09-15,Textiles and apparel,active
IMP00264,,Global Living International Ltd,Global Living International Ltd,192 Harbour Road,North,0701487099,Aisha Mahmood,BRK016,2016-06-14,Medical devices,active
IMP00265,T101250,Golden Mobile Limited,Golden Mobile Limited,284 Temple Street,Coastal,0573572993,Lucia Osei,BRK057,2022-06-15,Medical devices,active
IMP00266,T101861,Horizon Enterprises Group Ltd,Horizon Enterprises Group Ltd,146 Bazaar Lane,North,0677718106,Ravi Tanaka,BRK022,2014-12-22,Tobacco and beverages,active
IMP00267,,"United Medical Co., Ltd","United Medical Co., Ltd",188 Industrial Estate,West,0862445391,Priya Novak,BRK021,2012-07-28,Tobacco and beverages,active
IMP00268,,Eastern Mobile Co.,Eastern Trade,309 Airport Road,Coastal,0388423020,Aisha Patel,BRK060,2016-11-16,Tobacco and beverages,active
IMP00269,T101877,Inverness Textiles & Sons,Inverness Textiles & Sons,245 Industrial Estate,Coastal,0825469000,Elena Kowalski,BRK064,2013-04-07,Furniture and household,active
IMP00270,T101885,Silk Road Supply Ltd,Silk Mart,300 Riverside,North,0759203563,Kenji Osei,BRK002,2009-04-02,Furniture and household,active
IMP00271,T101894,Inverness Commercial Group Ltd,Inverness Commercial Group Ltd,317 Market Street,West,0378119458,Aisha Novak,BRK006,2024-03-20,Electronics,active
IMP00272,T101901,Sunrise Fruits Ltd,Sunrise Fruits Ltd,38 Airport Road,North,0416764201,Elena Novak,BRK053,2020-08-10,Steel and construction,active
IMP00273,T101905,Dunmore Steel Holdings Ltd,Dunmore Steel Holdings Ltd,243 Mill Road,North,0822951381,Somchai Ibrahim,BRK014,2020-05-23,Textiles and apparel,active
IMP00274,T101916,Royal Logistics Holdings Ltd,Royal Logistics Holdings Ltd,275 Mill Road,Capital,0582537764,Aisha Haddad,BRK054,2014-06-26,Food importers,active
IMP00275,T101922,Aldergate Agro Limited,Aldergate Agro Limited,160 Industrial Estate,Coastal,0334192470,Daniel Rahman,BRK014,2016-11-11,Fuel and chemicals,active
IMP00276,T101928,"Green Valley Supply Co., Ltd","Green Valley Supply Co., Ltd",82 Temple Street,East,0864226182,Joseph Nguyen-Lee,BRK004,2011-12-18,General trading,active
IMP00277,T101938,Phoenix Foods Limited,Phoenix Foods Limited,283 Airport Road,West,0892577125,Nadia Rahman,BRK070,2025-10-27,Pharmaceuticals,active
IMP00278,T121940,Evergreen Living Enterprises,Evergreen Living Enterprises,52 Airport Road,Capital,0263467049,Ingrid Ibrahim,BRK046,2022-02-05,Machinery,active
IMP00279,T101951,Coral Living Enterprises,Coral Living Enterprises,20 Temple Street,North,0881487118,Elena Patel,BRK041,2009-11-02,Steel and construction,active
IMP00280,T101953,Coral Industries Holdings Ltd,Coral Industries Holdings Ltd,378 Temple Street,Coastal,0647983314,Mei Chen,BRK015,2012-07-29,Medical devices,active
IMP00281,,"Coral Commercial Co., Ltd","Coral Commercial Co., Ltd",162 Bazaar Lane,East,0693407484,Samuel Rahman,BRK024,2008-07-22,Tobacco and beverages,active
IMP00282,T101970,Silver Distribution Co.,Silver Distribution Co.,281 Industrial Estate,South,0705282759,Nadia Reyes,BRK005,2018-06-08,Tobacco and beverages,active
IMP00283,T101978,Carrick Electronics & Sons,Carrick Centre,359 Airport Road,North,0576650899,Nadia Tanaka,BRK014,2015-09-25,Textiles and apparel,active
IMP00284,T101983,Arden Textiles Limited,Arden Textiles Limited,184 Industrial Estate,North,0972676037,Elena Mahmood,BRK067,2023-10-30,Food importers,active
IMP00285,T101990,Global Living Enterprises,Global Living Enterprises,399 Garden Lane,West,0214433408,Samuel Chen,BRK027,2010-12-02,Food importers,active
IMP00286,,Eastern Electronics International Ltd,Eastern Electronics International Ltd,88 Mill Road,North,0659689833,Priya Mensah,BRK025,2020-12-20,Tobacco and beverages,active
IMP00287,T102004,"Pacific Steel Co., Ltd","Pacific Steel Co., Ltd",302 Garden Lane,Capital,0340577807,Amina Kowalski,BRK068,2017-09-08,Furniture and household,active
IMP00288,T102011,Arden Fruits Enterprises,Arden Fruits Enterprises,360 Harbour Road,South,0225352118,Mei Okafor,BRK016,2020-12-22,Cosmetics and personal care,active
IMP00289,T102017,Arden Trading & Sons,Arden Trading & Sons,107 Temple Street,South,0451483063,Nadia Osei,BRK068,2008-12-08,Furniture and household,active
IMP00290,T102003,Carrick Motors & Sons,Carrick Motors & Sons,112 Station Road,Coastal,0464743230,Daniel Mahmood,BRK008,2016-05-22,Textiles and apparel,active
IMP00291,T102030,Pacific Living Ltd,Pacific Living Ltd,27 Temple Street,North,0777295872,Farid Mensah,BRK075,2021-01-22,Vehicles and parts,active
IMP00292,T102042,Ashcombe Glow & Sons,Ashcombe Glow & Sons,125 Bazaar Lane,Capital,0811233023,Fatima Ibrahim,BRK052,2022-06-19,Machinery,active
IMP00293,T102050,Star Logistics Holdings Ltd,Star Logistics Holdings Ltd,210 Harbour Road,North,0974591703,Ravi Ibrahim,BRK055,2016-08-21,Steel and construction,active
IMP00294,T102052,Ashcombe Foods & Sons,Ashcombe Foods & Sons,320 Market Street,East,0885391121,Aisha Fernandes,BRK033,2010-05-03,Cosmetics and personal care,active
IMP00295,T100070,Pacific Motors Partners Ltd,Pacific Motors Partners Ltd,346 Market Street,North,0938469517,Priya Silva,BRK015,2019-11-05,Tobacco and beverages,suspended
IMP00296,T102067,Silk Road Logistics Partners Ltd,Silk Road Logistics Partners Ltd,387 Station Road,Capital,0768265994,Kenji Kowalski,BRK026,2013-11-04,General trading,active
IMP00297,T102074,Global Logistics Limited,Global Logistics Limited,46 Riverside,South,0822105388,Mei Patel,BRK047,2019-07-15,Vehicles and parts,active
IMP00298,T102079,Green Valley Fruits International Ltd,Green Valley Fruits International Ltd,107 Station Road,Capital,0552065702,Elena Mwangi,BRK008,2014-08-27,Textiles and apparel,active
IMP00299,T102088,Blue Ocean Textiles Partners Ltd,Blue Ocean Textiles Partners Ltd,35 Mill Road,South,0926171435,Ingrid Tanaka,BRK021,2016-09-23,Tobacco and beverages,active
IMP00300,T102096,Jade Industries Partners Ltd,Jade Mart,263 Temple Street,West,0655605383,Daniel Silva,BRK075,2017-10-09,Steel and construction,active
IMP00301,T102100,Star Industries Partners Ltd,Star Industries Partners Ltd,247 Harbour Road,West,0664173632,Ravi Mahmood,BRK059,2014-06-04,Pharmaceuticals,active
IMP00302,T102110,Sunrise Logistics Limited,Sunrise Logistics Limited,232 Market Street,Capital,0346028121,Kenji Tanaka,BRK029,2012-03-16,Tobacco and beverages,active
IMP00303,T102118,Central Industries Enterprises,Central Trade,96 Harbour Road,North,0307233391,Nadia Bauer,BRK053,2012-03-09,Textiles and apparel,active
IMP00304,,"Silk Road Fruits Co., Ltd","Silk Road Fruits Co., Ltd",111 Market Street,South,0740735082,Joseph Silva,BRK025,2020-04-02,Medical devices,active
IMP00305,T102131,Jade Pack Partners Ltd,Jade Centre,255 Bazaar Lane,South,0600849288,Priya Kowalski,BRK012,2021-10-13,Cosmetics and personal care,active
IMP00306,T102141,Cobalt Mobile & Sons,Cobalt Mobile & Sons,314 Industrial Estate,South,0965281846,Elena Haddad,BRK061,2014-08-19,Furniture and household,active
IMP00307,T100033,Harmony Mobile Enterprises,Harmony Mobile Enterprises,24 Harbour Road,East,0679477746,Amina Rahman,BRK033,2011-06-27,Tobacco and beverages,active
IMP00308,T102151,Global Steel International Ltd,Global Steel International Ltd,246 Station Road,North,0700237328,Tomas Fernandes,BRK077,2012-07-11,Fuel and chemicals,active
IMP00309,T102161,Jade Medical & Sons,Jade Medical & Sons,295 Bazaar Lane,East,0974301832,Samuel Haddad,BRK034,2021-08-19,General trading,active
IMP00310,T102165,"Blue Ocean Electronics Co., Ltd","Blue Ocean Electronics Co., Ltd",54 Market Street,West,0800699588,Hassan Novak,BRK008,2025-03-04,Food importers,active
IMP00311,T102171,"Horizon Commercial Co., Ltd","Horizon Commercial Co., Ltd",312 Station Road,Coastal,0272293702,Hassan Sato,BRK053,2021-10-26,Machinery,active
IMP00312,T102182,Central Enterprises Ltd,Central Enterprises Ltd,302 Bazaar Lane,East,0817667213,Daniel Nguyen-Lee,BRK071,2017-02-02,General trading,active
IMP00313,T102186,United Imports Co.,United Imports Co.,310 Mill Road,North,0516349849,Grace Haddad,BRK037,2012-12-16,Pharmaceuticals,active
IMP00314,T102197,"Delta Agro Co., Ltd","Delta Agro Co., Ltd",373 Airport Road,South,0877678321,Daniel Kowalski,BRK048,2012-12-08,Vehicles and parts,active
IMP00315,T102200,Prime Imports Ltd,Prime Imports Ltd,205 Station Road,Capital,0758299746,Ingrid Mwangi,BRK029,2010-02-21,Pharmaceuticals,active
IMP00316,T102205,Orchid Fruits Co.,Orchid Store,377 Riverside,West,0490651727,Aisha Tanaka,BRK066,2022-05-09,Textiles and apparel,active
IMP00317,T105212,Pacific Agro Holdings Ltd,Pacific Agro Holdings Ltd,312 Station Road,Capital,0912477338,Grace Patel,BRK024,2016-10-06,General trading,active
IMP00318,T102819,Green Valley Trading Limited,Green Valley Trading Limited,67 Market Street,East,0585092968,Lucia Bauer,BRK004,2020-07-02,Tobacco and beverages,active
IMP00319,T102227,Eastern Fruits Partners Ltd,Eastern Fruits Partners Ltd,255 Station Road,Capital,0807960971,Priya Rahman,BRK009,2011-11-29,Pharmaceuticals,active
IMP00320,T102234,Evergreen Foods Group Ltd,Evergreen Foods Group Ltd,348 Harbour Road,South,0677138155,Grace Bauer,BRK072,2017-03-24,Machinery,active
IMP00321,,Meridian Supply Holdings Ltd,Meridian Supply Holdings Ltd,215 Temple Street,East,0779611580,Ravi Mensah,BRK072,2022-04-05,Textiles and apparel,active
IMP00322,T102249,Lotus Medical Group Ltd,Lotus Medical Group Ltd,173 Garden Lane,Capital,0490798255,Samuel Bauer,BRK069,2024-12-02,Machinery,active
IMP00323,T102255,Evergreen Distribution Group Ltd,Evergreen Distribution Group Ltd,310 Garden Lane,Capital,0972647187,Fatima Bauer,BRK059,2011-10-09,Steel and construction,active
IMP00324,T102261,United Commercial Co.,United Commercial Co.,190 Mill Road,Capital,0334487425,Daniel Osei,BRK021,2013-04-07,Tobacco and beverages,active
IMP00325,T102271,Global Commercial Co.,Global Commercial Co.,88 Station Road,South,0670114154,Daniel Haddad,BRK027,2008-10-02,Vehicles and parts,active
IMP00326,T102277,Lotus Fruits Ltd,Lotus Fruits Ltd,252 Market Street,South,0557525321,Tomas Mensah,BRK011,2025-12-06,Pharmaceuticals,active
IMP00327,T102288,Blue Ocean Living Enterprises,Blue Ocean Living Enterprises,326 Market Street,West,0861280819,Somchai Reyes,BRK066,2010-03-05,Fuel and chemicals,active
IMP00328,T102294,Phoenix Distribution Co.,Phoenix Store,304 Riverside,Coastal,0616385557,Aisha Okafor,BRK035,2021-03-31,Medical devices,active
IMP00329,,Silk Road Supply Limited,Silk Road Supply Limited,27 Station Road,East,0433768796,Farid Al-Sayed,BRK061,2010-03-13,Machinery,active
IMP00330,T102304,Dunmore Agro Limited,Dunmore Agro Limited,138 Market Street,South,0551314035,Mei Rahman,BRK066,2012-03-19,Machinery,active
IMP00331,T102312,"Phoenix Commercial Co., Ltd","Phoenix Commercial Co., Ltd",65 Bazaar Lane,North,0536439914,Nadia Novak,BRK035,2021-03-09,Textiles and apparel,active
IMP00332,T102323,"Sunrise Motors Co., Ltd","Sunrise Motors Co., Ltd",35 Station Road,West,0932453871,Aisha Okafor,BRK021,2015-05-03,Electronics,active
IMP00333,T142326,Royal Foods & Sons,Royal Foods & Sons,311 Station Road,North,0548984083,Omar Bauer,BRK052,2024-06-16,Cosmetics and personal care,active
IMP00334,T102336,Saffron Motors Partners Ltd,Saffron Motors Partners Ltd,118 Harbour Road,South,0819795185,Kenji Rahman,BRK027,2019-10-02,Tobacco and beverages,active
IMP00335,T102342,Meridian Medical Limited,Meridian Medical Limited,369 Garden Lane,Capital,0894367992,Joseph Mwangi,BRK078,2022-08-20,Machinery,active
IMP00336,,Global Enterprises & Sons,Global Trade,114 Industrial Estate,South,0411295488,Tomas Al-Sayed,BRK029,2009-04-06,Tobacco and beverages,active
IMP00337,T102357,Twin Rivers Supply Ltd,Twin Trade,156 Bazaar Lane,Capital,0718835125,Aisha Osei,BRK007,2011-06-28,Medical devices,active
IMP00338,T102364,Meridian Motors Group Ltd,Meridian Motors Group Ltd,55 Mill Road,Coastal,0605908486,Omar Reyes,BRK059,2021-08-15,Tobacco and beverages,active
IMP00339,T102370,Great Wall Medical International Ltd,Great Wall Medical International Ltd,15 Garden Lane,East,0814727007,Fatima Tanaka,BRK075,2016-03-15,Food importers,active
IMP00340,T102376,Great Wall Steel Enterprises,Great Wall Steel Enterprises,43 Riverside,Capital,0913214249,Elena Haddad,BRK015,2018-04-07,Fuel and chemicals,active
IMP00341,T102380,Inverness Medical Co.,Inverness Medical Co.,62 Riverside,North,0442789211,Omar Tanaka,BRK032,2014-08-19,Steel and construction,active
IMP00342,,Silk Road Imports Holdings Ltd,Silk Store,397 Temple Street,Coastal,0745178740,Samuel Nguyen-Lee,BRK064,2015-08-26,Tobacco and beverages,active
IMP00343,T102394,Arden Pack Holdings Ltd,Arden Pack Holdings Ltd,110 Industrial Estate,Coastal,0223916294,Hassan Osei,BRK068,2011-03-13,Vehicles and parts,active
IMP00344,T102404,Horizon Medical Partners Ltd,Horizon Medical Partners Ltd,80 Riverside,Coastal,0731132943,Joseph Al-Sayed,BRK029,2009-12-31,Tobacco and beverages,active
IMP00345,T102414,Silk Road Distribution Limited,Silk Road Distribution Limited,111 Temple Street,Capital,0850888888,Hassan Al-Sayed,BRK024,2019-09-20,Pharmaceuticals,active
IMP00346,T102415,Cobalt Textiles Partners Ltd,Cobalt Textiles Partners Ltd,85 Bazaar Lane,North,0285100125,Amina Sato,BRK036,2014-10-04,Electronics,active
IMP00347,T102422,Saffron Supply & Sons,Saffron Depot,174 Industrial Estate,North,0559490570,Ravi Al-Sayed,BRK004,2017-09-18,Food importers,active
IMP00348,T102431,Aldergate Fruits & Sons,Aldergate Fruits & Sons,291 Temple Street,Coastal,0571956406,Ravi Mahmood,BRK017,2020-08-02,Vehicles and parts,active
IMP00349,T102439,Crown Electronics Limited,Crown Store,30 Industrial Estate,East,0662342954,Omar Sato,BRK056,2013-04-26,Fuel and chemicals,active
IMP00350,T102444,Lotus Textiles Co.,Lotus Textiles Co.,135 Airport Road,South,0969691652,Samuel Chen,BRK045,2020-01-30,Furniture and household,active
IMP00351,T102452,Phoenix Medical Holdings Ltd,Phoenix Medical Holdings Ltd,275 Mill Road,North,0807983636,Joseph Mwangi,BRK051,2011-11-10,Electronics,active
IMP00352,T102462,Coral Textiles Holdings Ltd,Coral Textiles Holdings Ltd,187 Temple Street,South,0617088767,Ravi Nguyen-Lee,BRK069,2026-03-13,Cosmetics and personal care,active
IMP00353,T102469,Twin Rivers Logistics Holdings Ltd,Twin Rivers Logistics Holdings Ltd,193 Mill Road,West,0506686892,Elena Osei,BRK017,2015-05-02,Textiles and apparel,active
IMP00354,T102472,Saffron Steel International Ltd,Saffron Steel International Ltd,87 Garden Lane,South,0481660735,Lucia Patel,BRK067,2009-01-10,Cosmetics and personal care,active
IMP00355,T102479,Northern Agro Co.,Northern Agro Co.,322 Bazaar Lane,South,0727516895,Samuel Al-Sayed,BRK041,2008-08-05,Vehicles and parts,active
IMP00356,T102488,Cobalt Logistics Ltd,Cobalt Logistics Ltd,122 Airport Road,North,0365592550,Daniel Ibrahim,BRK007,2019-12-29,Pharmaceuticals,active
IMP00357,T102494,Twin Rivers Glow Ltd,Twin Rivers Glow Ltd,348 Mill Road,Coastal,0308297935,Elena Al-Sayed,BRK059,2013-10-27,Tobacco and beverages,active
IMP00358,T102503,Horizon Distribution & Sons,Horizon Distribution & Sons,159 Mill Road,West,0374431005,Samuel Fernandes,BRK033,2022-01-11,Tobacco and beverages,active
IMP00359,T602506,Crown Steel Co.,Crown Steel Co.,16 Mill Road,Capital,0619404024,Hassan Kowalski,BRK043,2011-07-15,Fuel and chemicals,active
IMP00360,T102516,Green Valley Commercial & Sons,Green Valley Commercial & Sons,206 Temple Street,Capital,0999995674,Kenji Ibrahim,BRK069,2017-12-04,Tobacco and beverages,active
IMP00361,T102520,Coral Agro & Sons,Coral Agro & Sons,55 Riverside,Capital,0930742637,Amina Bauer,BRK080,2020-12-29,Cosmetics and personal care,active
IMP00362,T102531,Cobalt Industries Partners Ltd,Cobalt Industries Partners Ltd,100 Harbour Road,Capital,0439786427,Lucia Reyes,BRK011,2017-06-03,General trading,active
IMP00363,T102535,Aldergate Imports Group Ltd,Aldergate Imports Group Ltd,242 Market Street,South,0803898213,Amina Silva,BRK051,2016-10-05,Medical devices,active
IMP00364,T102546,Jade Fruits & Sons,Jade Fruits & Sons,161 Airport Road,Capital,0719879727,Joseph Okafor,BRK001,2020-08-01,Vehicles and parts,active
IMP00365,T102550,"Jade Textiles Co., Ltd","Jade Textiles Co., Ltd",115 Mill Road,North,0786928271,Grace Patel,BRK020,2015-06-14,Steel and construction,active
IMP00366,T102556,Inverness Medical & Sons,Inverness Medical & Sons,35 Station Road,South,0299507428,Daniel Mahmood,BRK076,2014-08-01,Cosmetics and personal care,active
IMP00367,T102563,Harmony Distribution Holdings Ltd,Harmony Distribution Holdings Ltd,300 Bazaar Lane,South,0673605892,Ravi Bauer,BRK053,2014-10-14,Steel and construction,active
IMP00368,T102569,"Dunmore Motors Co., Ltd","Dunmore Motors Co., Ltd",278 Temple Street,Capital,0658947180,Ravi Okafor,BRK023,2016-08-22,Furniture and household,active
IMP00369,T102576,Ashcombe Fruits Ltd,Ashcombe Fruits Ltd,45 Industrial Estate,Capital,0879659712,Elena Sato,BRK021,2015-08-25,Pharmaceuticals,active
IMP00370,T102587,Silk Road Textiles Ltd,Silk Road Textiles Ltd,129 Temple Street,Coastal,0360987364,Elena Rahman,BRK023,2009-08-24,Fuel and chemicals,active
IMP00371,T102594,Sunrise Trading International Ltd,Sunrise Trading International Ltd,354 Station Road,South,0244524719,Ravi Bauer,BRK046,2019-12-16,Machinery,active
IMP00372,T102599,Prescott Glow International Ltd,Prescott Glow International Ltd,398 Mill Road,South,0471354574,Aisha Osei,BRK016,2011-11-11,Electronics,active
IMP00373,T102605,Blue Ocean Motors Co.,Blue Ocean Motors Co.,217 Garden Lane,Capital,0643995559,Joseph Nguyen-Lee,BRK015,2019-08-24,Furniture and household,active
IMP00374,T102616,Dunmore Logistics Enterprises,Dunmore Logistics Enterprises,242 Bazaar Lane,South,0549687530,Samuel Osei,BRK015,2012-12-14,Furniture and household,active
IMP00375,T102620,Green Valley Textiles Enterprises,Green Centre,158 Airport Road,West,0967612506,Nadia Patel,BRK054,2015-04-08,Food importers,active
IMP00376,T102625,Global Foods Co.,Global Foods Co.,95 Mill Road,Coastal,0823490852,Samuel Bauer,BRK054,2019-08-14,Tobacco and beverages,active
IMP00377,T102634,"Eastern Medical Co., Ltd",Eastern Trade,115 Bazaar Lane,Coastal,0587783353,Joseph Patel,BRK042,2026-03-03,Electronics,active
IMP00378,T102643,Prime Electronics Enterprises,Prime Electronics Enterprises,279 Industrial Estate,West,0736367922,Fatima Osei,BRK068,2014-05-21,Furniture and household,active
IMP00379,T102647,Twin Rivers Distribution Ltd,Twin Rivers Distribution Ltd,398 Garden Lane,South,0857770725,Ingrid Silva,BRK039,2024-01-24,Vehicles and parts,active
IMP00380,T102654,Twin Rivers Agro Enterprises,Twin Rivers Agro Enterprises,11 Station Road,North,0226841983,Samuel Silva,BRK021,2020-10-03,Food importers,active
IMP00381,T102660,Coral Commercial Ltd,Coral Commercial Ltd,162 Industrial Estate,North,0558226683,Aisha Osei,BRK051,2012-03-21,Medical devices,active
IMP00382,T102672,Carrick Enterprises International Ltd,Carrick Enterprises International Ltd,169 Market Street,North,0284065973,Elena Kowalski,BRK011,2023-11-16,Food importers,active
IMP00383,T102675,Lotus Logistics Group Ltd,Lotus Centre,75 Bazaar Lane,Capital,0685442967,Kenji Kowalski,BRK079,2009-07-07,Electronics,active
IMP00384,T102686,Harmony Industries Limited,Harmony Industries Limited,39 Market Street,Capital,0848698526,Amina Nguyen-Lee,BRK030,2020-08-21,General trading,suspended
IMP00385,T102688,Evergreen Agro Partners Ltd,Evergreen Agro Partners Ltd,379 Airport Road,Coastal,0358573670,Aisha Bauer,BRK021,2017-05-22,Food importers,active
IMP00386,T102697,Arden Imports Partners Ltd,Arden Imports Partners Ltd,334 Harbour Road,South,0445818990,Somchai Novak,BRK063,2011-07-06,Cosmetics and personal care,suspended
IMP00387,T102705,Ashcombe Living & Sons,Ashcombe Living & Sons,171 Riverside,East,0674071477,Aisha Haddad,BRK027,2015-06-24,Machinery,active
IMP00388,T102709,Central Logistics & Sons,Central Logistics & Sons,302 Bazaar Lane,East,0381643824,Lucia Fernandes,BRK042,2020-08-14,Textiles and apparel,active
IMP00389,T102721,Aldergate Textiles Enterprises,Aldergate Textiles Enterprises,236 Temple Street,West,0613942400,Somchai Mahmood,BRK022,2019-11-15,Food importers,active
IMP00390,T102724,Phoenix Industries International Ltd,Phoenix Industries International Ltd,158 Bazaar Lane,Coastal,0617370024,Omar Rahman,BRK036,2013-11-29,Medical devices,active
IMP00391,T102735,United Mobile Enterprises,United Mobile Enterprises,73 Temple Street,North,0426682488,Samuel Reyes,BRK059,2021-01-29,Tobacco and beverages,active
IMP00392,T102740,Orchid Agro Ltd,Orchid Agro Ltd,34 Mill Road,Capital,0987305877,Lucia Mahmood,BRK007,2025-02-12,Electronics,active
IMP00393,T102746,Ashcombe Steel Limited,Ashcombe Steel Limited,101 Mill Road,East,0582038845,Ingrid Mensah,BRK074,2017-01-27,Furniture and household,active
IMP00394,T102755,"Eastern Agro Co., Ltd","Eastern Agro Co., Ltd",29 Garden Lane,South,0931411689,Mei Tanaka,BRK056,2020-03-16,Vehicles and parts,active
IMP00395,T102760,"United Living Co., Ltd","United Living Co., Ltd",144 Garden Lane,Coastal,0406323933,Elena Rahman,BRK010,2011-01-25,Pharmaceuticals,active
IMP00396,T102770,Dunmore Logistics Limited,Dunmore Logistics Limited,131 Harbour Road,Capital,0338678798,Hassan Rahman,BRK049,2012-05-17,Steel and construction,active
IMP00397,T102772,Horizon Fruits Limited,Horizon Depot,318 Mill Road,Coastal,0680913847,Kenji Mensah,BRK046,2013-12-05,Cosmetics and personal care,active
IMP00398,T102784,Coral Mobile Enterprises,Coral Mobile Enterprises,2 Temple Street,North,0400964730,Omar Silva,BRK027,2021-01-25,Medical devices,active
IMP00399,,United Enterprises Partners Ltd,United Enterprises Partners Ltd,291 Garden Lane,East,0343804273,Priya Tanaka,BRK036,2009-12-25,Tobacco and beverages,active
IMP00400,T102795,Green Valley Textiles & Sons,Green Valley Textiles & Sons,136 Airport Road,Capital,0814885989,Daniel Patel,BRK049,2025-09-27,Cosmetics and personal care,active
IMP00401,T102802,"Prime Living Co., Ltd","Prime Living Co., Ltd",212 Station Road,East,0863982318,Lucia Okafor,BRK059,2020-08-20,Fuel and chemicals,active
IMP00402,T102813,"Harmony Industries Co., Ltd","Harmony Industries Co., Ltd",5 Station Road,East,0531088711,Mei Patel,BRK021,2016-11-25,Fuel and chemicals,active
IMP00403,T102816,Harmony Agro & Sons,Harmony Mart,181 Airport Road,East,0643965826,Nadia Al-Sayed,BRK020,2013-01-08,Pharmaceuticals,active
IMP00404,T102826,Ocean Living Limited,Ocean Living Limited,119 Temple Street,Coastal,0756619030,Lucia Haddad,BRK066,2021-05-13,Steel and construction,active
IMP00405,,Aldergate Foods Limited,Aldergate Foods Limited,190 Market Street,Coastal,0232301076,Amina Novak,BRK072,2012-03-31,Tobacco and beverages,active
IMP00406,T102841,Star Fruits Ltd,Star Fruits Ltd,176 Garden Lane,Capital,0246345360,Nadia Fernandes,BRK041,2011-10-08,Electronics,active
IMP00407,T102847,Evergreen Steel & Sons,Evergreen Steel & Sons,225 Station Road,West,0849056939,Joseph Haddad,BRK034,2025-03-24,Electronics,active
IMP00408,T102854,Blue Ocean Steel Partners Ltd,Blue Ocean Steel Partners Ltd,133 Bazaar Lane,Coastal,0647143716,Lucia Rahman,BRK037,2009-02-01,Tobacco and beverages,active
IMP00409,T102862,"Silk Road Mobile Co., Ltd","Silk Road Mobile Co., Ltd",161 Mill Road,Capital,0879134285,Ingrid Chen,BRK033,2014-11-20,Steel and construction,active
IMP00410,T102865,Crown Supply Holdings Ltd,Crown Supply Holdings Ltd,39 Mill Road,North,0768108312,Hassan Bauer,BRK080,2017-08-11,General trading,active
IMP00411,T102872,"Lotus Medical Co., Ltd","Lotus Medical Co., Ltd",213 Garden Lane,North,0517756683,Aisha Sato,BRK046,2008-03-04,Electronics,active
IMP00412,T102880,Global Trading Co.,Global Trading Co.,117 Airport Road,West,0660973678,Farid Mahmood,BRK029,2014-03-20,Pharmaceuticals,active
IMP00413,T102887,Aldergate Agro Co.,Aldergate Agro Co.,376 Bazaar Lane,South,0316268392,Ingrid Chen,BRK001,2019-07-09,Cosmetics and personal care,active
IMP00414,T102896,Silk Road Foods Partners Ltd,Silk Road Foods Partners Ltd,300 Harbour Road,Capital,0825502163,Daniel Tanaka,BRK005,2024-09-25,Cosmetics and personal care,active
IMP00415,T102900,Harmony Pack Limited,Harmony Pack Limited,356 Bazaar Lane,Coastal,0352632604,Samuel Osei,BRK059,2017-10-14,Food importers,active
IMP00416,T102908,Blue Ocean Agro International Ltd,Blue Ocean Agro International Ltd,257 Harbour Road,West,0772898378,Grace Bauer,BRK034,2021-05-22,Machinery,active
IMP00417,T102913,Saffron Enterprises International Ltd,Saffron Enterprises International Ltd,342 Airport Road,West,0330594521,Samuel Sato,BRK021,2020-10-14,Medical devices,active
IMP00418,T102919,Cobalt Foods Group Ltd,Cobalt Foods Group Ltd,267 Market Street,Coastal,0423146799,Amina Haddad,BRK020,2022-01-04,Vehicles and parts,suspended
IMP00419,,Pacific Logistics Partners Ltd,Pacific Logistics Partners Ltd,289 Bazaar Lane,Capital,0369861373,Hassan Mensah,BRK042,2022-05-10,Vehicles and parts,active
IMP00420,T102938,"Horizon Logistics Co., Ltd","Horizon Logistics Co., Ltd",248 Riverside,West,0222557295,Ingrid Nguyen-Lee,BRK032,2012-04-17,Medical devices,active
IMP00421,T102944,Coral Fruits & Sons,Coral Fruits & Sons,300 Industrial Estate,North,0527084499,Tomas Al-Sayed,BRK036,2008-09-01,Fuel and chemicals,active
IMP00422,T102951,Evergreen Textiles Enterprises,Evergreen Textiles Enterprises,12 Airport Road,East,0382014931,Nadia Chen,BRK073,2012-08-29,Steel and construction,active
IMP00423,T102957,Golden Medical & Sons,Golden Medical & Sons,388 Bazaar Lane,North,0929820843,Farid Fernandes,BRK007,2010-04-05,Food importers,active
IMP00424,T102965,Crown Motors & Sons,Crown Motors & Sons,152 Temple Street,Coastal,0843368112,Grace Okafor,BRK006,2008-06-13,Pharmaceuticals,active
IMP00425,T102972,Blue Ocean Textiles Ltd,Blue Ocean Textiles Ltd,145 Temple Street,North,0911511597,Farid Ibrahim,BRK067,2021-02-16,Textiles and apparel,active
IMP00426,T102980,Star Logistics Enterprises,Star Mart,154 Riverside,South,0760849783,Kenji Mwangi,BRK031,2015-10-25,Steel and construction,active
IMP00427,T102982,Arden Logistics Limited,Arden Logistics Limited,86 Riverside,West,0869623196,Nadia Bauer,BRK061,2013-09-12,Furniture and household,active
IMP00428,T102989,Coral Electronics Co.,Coral Electronics Co.,125 Garden Lane,East,0331673114,Ravi Silva,BRK001,2014-08-31,Vehicles and parts,active
IMP00429,T103000,Meridian Glow Co.,Meridian Glow Co.,356 Riverside,Capital,0612178906,Daniel Okafor,BRK057,2016-05-03,Furniture and household,active
IMP00430,T103006,Twin Rivers Mobile Partners Ltd,Twin Rivers Mobile Partners Ltd,37 Station Road,West,0911969569,Amina Bauer,BRK044,2018-04-07,Medical devices,active
IMP00431,T103015,United Motors Co.,United Motors Co.,16 Temple Street,North,0657319075,Aisha Fernandes,BRK062,2015-06-02,Food importers,active
IMP00432,T103017,Crown Imports & Sons,Crown Imports & Sons,395 Market Street,Coastal,0377427077,Grace Sato,BRK059,2026-02-27,Machinery,suspended
IMP00433,T103027,Orchid Motors Group Ltd,Orchid Motors Group Ltd,290 Airport Road,East,0367284814,Aisha Patel,BRK036,2011-09-22,Pharmaceuticals,active
IMP00434,T103037,Inverness Enterprises International Ltd,Inverness Enterprises International Ltd,34 Airport Road,North,0852369783,Elena Okafor,BRK036,2020-01-26,Fuel and chemicals,active
IMP00435,T103043,Delta Agro & Sons,Delta Agro & Sons,55 Airport Road,Capital,0387242645,Kenji Osei,BRK079,2016-08-16,Furniture and household,active
IMP00436,T103045,Prime Foods Group Ltd,Prime Foods Group Ltd,178 Temple Street,East,0789637681,Tomas Rahman,BRK077,2013-01-29,Tobacco and beverages,active
IMP00437,T103054,Prescott Living Co.,Prescott Living Co.,10 Bazaar Lane,Coastal,0838054764,Priya Mwangi,BRK026,2022-01-04,Pharmaceuticals,active
IMP00438,T103064,Jade Enterprises Co.,Jade Enterprises Co.,42 Market Street,East,0721547299,Lucia Tanaka,BRK078,2008-06-17,General trading,active
IMP00439,T103068,Saffron Pack Co.,Saffron Pack Co.,175 Bazaar Lane,South,0993290689,Mei Kowalski,BRK059,2014-06-18,Steel and construction,active
IMP00440,T103078,Arden Medical Limited,Arden Medical Limited,183 Mill Road,South,0685981818,Lucia Kowalski,BRK015,2017-07-13,Fuel and chemicals,active
IMP00441,T103082,Northern Mobile Enterprises,Northern Mobile Enterprises,244 Bazaar Lane,North,0841778737,Ravi Patel,BRK030,2018-08-09,Medical devices,active
IMP00442,T103092,Royal Textiles Co.,Royal Textiles Co.,130 Industrial Estate,North,0542956340,Mei Rahman,BRK025,2011-04-20,Fuel and chemicals,active
IMP00443,T143096,Star Commercial Ltd,Star Commercial Ltd,136 Garden Lane,West,0786244227,Ingrid Rahman,BRK021,2013-10-22,Cosmetics and personal care,active
IMP00444,,Prescott Mobile Holdings Ltd,Prescott Mobile Holdings Ltd,66 Harbour Road,Coastal,0877829570,Ravi Kowalski,BRK053,2018-01-07,Tobacco and beverages,active
IMP00445,T103111,Carrick Pack Limited,Carrick Trade,5 Mill Road,Coastal,0835683098,Aisha Fernandes,BRK062,2020-05-12,Furniture and household,active
IMP00446,T103115,Harmony Medical International Ltd,Harmony Medical International Ltd,381 Station Road,North,0955207620,Priya Nguyen-Lee,BRK015,2014-01-10,Steel and construction,active
IMP00447,T103125,Coral Fruits Limited,Coral Fruits Limited,393 Industrial Estate,South,0643434816,Aisha Okafor,BRK029,2018-04-15,Machinery,active
IMP00448,T103130,Global Electronics International Ltd,Global Electronics International Ltd,296 Temple Street,Capital,0941933516,Amina Al-Sayed,BRK046,2012-03-03,Fuel and chemicals,active
IMP00449,,Northern Electronics Co.,Northern Electronics Co.,205 Riverside,North,0725695335,Joseph Rahman,BRK049,2019-08-06,Tobacco and beverages,active
IMP00450,T103147,Carrick Glow Holdings Ltd,Carrick Glow Holdings Ltd,207 Market Street,South,0321261314,Mei Ibrahim,BRK004,2009-12-04,Fuel and chemicals,active
IMP00451,T103154,Global Fruits International Ltd,Global Fruits International Ltd,168 Industrial Estate,North,0510403172,Somchai Osei,BRK068,2014-03-31,Machinery,active
IMP00452,T103163,United Commercial Limited,United Depot,209 Riverside,Capital,0544922172,Nadia Patel,BRK034,2011-10-16,General trading,active
IMP00453,T103168,Sunrise Steel & Sons,Sunrise Steel & Sons,147 Airport Road,East,0608139026,Aisha Tanaka,BRK047,2017-10-08,Textiles and apparel,active
IMP00454,T103173,Meridian Supply Group Ltd,Meridian Supply Group Ltd,356 Mill Road,East,0447355621,Hassan Al-Sayed,BRK008,2019-05-24,Machinery,active
IMP00455,T103983,Jade Enterprises Holdings Ltd,Jade Store,226 Station Road,West,0876545258,Fatima Nguyen-Lee,BRK021,2019-03-06,Cosmetics and personal care,suspended
IMP00456,T103188,Royal Industries Partners Ltd,Royal Industries Partners Ltd,304 Garden Lane,South,0242805554,Daniel Chen,BRK005,2011-08-23,Steel and construction,active
IMP00457,T103192,Royal Logistics Group Ltd,Royal Logistics Group Ltd,92 Industrial Estate,Coastal,0404764063,Samuel Chen,BRK003,2014-04-04,Textiles and apparel,active
IMP00458,T103205,"Saffron Steel Co., Ltd","Saffron Steel Co., Ltd",21 Garden Lane,West,0603202097,Samuel Mahmood,BRK001,2009-03-30,Fuel and chemicals,active
IMP00459,T103208,Lotus Textiles Limited,Lotus Textiles Limited,108 Garden Lane,North,0863729928,Nadia Sato,BRK028,2019-10-09,General trading,active
IMP00460,T103219,"Great Wall Enterprises Co., Ltd","Great Wall Enterprises Co., Ltd",57 Industrial Estate,East,0738405729,Somchai Nguyen-Lee,BRK029,2016-12-24,Vehicles and parts,active
IMP00461,T103221,Meridian Pack Enterprises,Meridian Pack Enterprises,57 Market Street,East,0738754810,Elena Fernandes,BRK034,2023-11-18,Fuel and chemicals,active
IMP00462,T103229,Northern Commercial Limited,Northern Commercial Limited,185 Mill Road,Capital,0705563827,Ingrid Al-Sayed,BRK078,2008-07-06,Tobacco and beverages,active
IMP00463,T103236,Twin Rivers Fruits Enterprises,Twin Rivers Fruits Enterprises,298 Mill Road,Coastal,0870306024,Tomas Bauer,BRK016,2019-06-20,Food importers,active
IMP00464,T100033,Inverness Agro International Ltd,Inverness Agro International Ltd,24 Harbour Road,East,0679477746,Daniel Osei,BRK033,2011-10-18,Cosmetics and personal care,active
IMP00465,T103251,Evergreen Electronics & Sons,Evergreen Electronics & Sons,169 Market Street,East,0856139987,Fatima Kowalski,BRK060,2021-05-25,Vehicles and parts,active
IMP00466,T103261,Delta Motors Enterprises,Delta Motors Enterprises,279 Market Street,South,0506778276,Somchai Kowalski,BRK061,2022-02-26,Medical devices,active
IMP00467,T103262,"Eastern Trading Co., Ltd","Eastern Trading Co., Ltd",290 Mill Road,East,0750126254,Grace Al-Sayed,BRK007,2018-06-06,Cosmetics and personal care,active
IMP00468,T103274,Metro Mobile & Sons,Metro Mobile & Sons,222 Garden Lane,North,0529309718,Ingrid Novak,BRK021,2024-11-18,Tobacco and beverages,active
IMP00469,T103277,Orchid Motors Holdings Ltd,Orchid Centre,76 Industrial Estate,East,0565174034,Kenji Bauer,BRK080,2020-04-01,Medical devices,active
IMP00470,T103287,Great Wall Foods Limited,Great Wall Foods Limited,299 Station Road,East,0906573461,Aisha Silva,BRK003,2023-12-18,Medical devices,active
IMP00471,T103290,Silver Fruits Ltd,Silver Fruits Ltd,222 Mill Road,West,0336227887,Lucia Sato,BRK059,2017-11-11,Furniture and household,active
IMP00472,T103301,Saffron Enterprises Co.,Saffron Enterprises Co.,253 Harbour Road,West,0216215139,Farid Kowalski,BRK047,2014-02-26,Medical devices,active
IMP00473,T103306,Pacific Electronics Ltd,Pacific Electronics Ltd,62 Riverside,Capital,0749954866,Amina Mensah,BRK003,2008-12-16,Textiles and apparel,active
IMP00474,T103314,Lotus Mobile Enterprises,Lotus Mobile Enterprises,182 Harbour Road,South,0433309394,Elena Mwangi,BRK050,2017-06-14,Cosmetics and personal care,active
IMP00475,T103323,Twin Rivers Industries International Ltd,Twin Rivers Industries International Ltd,391 Market Street,Capital,0421926551,Hassan Nguyen-Lee,BRK035,2008-08-12,Food importers,active
IMP00476,T103325,Orchid Industries Limited,Orchid Industries Limited,308 Garden Lane,North,0751251922,Aisha Chen,BRK007,2011-08-13,Steel and construction,active
IMP00477,T103333,Ashcombe Fruits Co.,Ashcombe Fruits Co.,126 Industrial Estate,North,0217071116,Mei Mahmood,BRK038,2020-12-15,Pharmaceuticals,active
IMP00478,T103345,Pacific Pack Group Ltd,Pacific Pack Group Ltd,202 Harbour Road,West,0751155978,Samuel Bauer,BRK060,2013-07-08,Textiles and apparel,active
IMP00479,T103351,Ocean Enterprises Ltd,Ocean Enterprises Ltd,39 Industrial Estate,East,0877212507,Omar Mahmood,BRK068,2012-08-02,Tobacco and beverages,active
IMP00480,T103358,"Horizon Mobile Co., Ltd","Horizon Mobile Co., Ltd",11 Airport Road,North,0364471431,Ingrid Ibrahim,BRK048,2019-01-16,Cosmetics and personal care,active
IMP00481,T103362,Horizon Distribution Enterprises,Horizon Distribution Enterprises,306 Station Road,South,0914617207,Joseph Silva,BRK076,2017-10-14,Medical devices,active
IMP00482,T103370,Phoenix Trading Partners Ltd,Phoenix Store,14 Temple Street,Capital,0752074247,Kenji Okafor,BRK021,2020-09-28,Tobacco and beverages,active
IMP00483,T103379,Great Wall Glow Partners Ltd,Great Wall Glow Partners Ltd,270 Bazaar Lane,West,0470381136,Samuel Mahmood,BRK051,2008-08-16,Electronics,active
IMP00484,T103385,Coral Glow Enterprises,Coral Glow Enterprises,165 Temple Street,West,0491774773,Nadia Silva,BRK058,2024-08-13,Cosmetics and personal care,active
IMP00485,T103391,Inverness Logistics Ltd,Inverness Logistics Ltd,392 Bazaar Lane,North,0346857534,Grace Ibrahim,BRK072,2009-02-28,Cosmetics and personal care,active
IMP00486,T103395,Global Distribution International Ltd,Global Distribution International Ltd,178 Garden Lane,North,0269232841,Kenji Bauer,BRK011,2013-02-24,Furniture and household,active
IMP00487,T100070,Harmony Glow Partners Ltd,Harmony Glow Partners Ltd,346 Market Street,North,0786431487,Aisha Fernandes,BRK015,2009-01-21,Pharmaceuticals,active
IMP00488,T103415,Eastern Textiles Co.,Eastern Textiles Co.,396 Garden Lane,South,0799128179,Daniel Sato,BRK059,2020-02-09,Furniture and household,active
IMP00489,T103419,Orchid Industries Enterprises,Orchid Industries Enterprises,311 Bazaar Lane,Coastal,0351690116,Mei Sato,BRK005,2022-07-02,Vehicles and parts,suspended
IMP00490,T103425,Ocean Trading International Ltd,Ocean Trading International Ltd,115 Harbour Road,East,0731410108,Nadia Al-Sayed,BRK060,2009-03-21,Machinery,active
IMP00491,,Summit Fruits Ltd,Summit Fruits Ltd,77 Industrial Estate,Coastal,0539784260,Nadia Novak,BRK044,2021-10-17,Tobacco and beverages,active
IMP00492,T103439,Meridian Logistics Group Ltd,Meridian Logistics Group Ltd,38 Bazaar Lane,East,0599290183,Tomas Fernandes,BRK048,2022-08-18,General trading,active
IMP00493,T103449,Horizon Logistics International Ltd,Horizon Logistics International Ltd,298 Industrial Estate,Coastal,0607268133,Hassan Osei,BRK039,2018-04-16,Textiles and apparel,active
IMP00494,T103452,Saffron Supply Holdings Ltd,Saffron Supply Holdings Ltd,206 Market Street,Coastal,0646283628,Ingrid Novak,BRK073,2017-06-06,Electronics,active
IMP00495,T103460,Golden Distribution International Ltd,Golden Distribution International Ltd,231 Garden Lane,South,0433538387,Hassan Mensah,BRK069,2021-04-24,Machinery,active
IMP00496,T103468,Inverness Textiles Partners Ltd,Inverness Textiles Partners Ltd,116 Market Street,Coastal,0590741966,Nadia Mwangi,BRK021,2012-08-22,Vehicles and parts,active
IMP00497,T103464,Harmony Commercial & Sons,Harmony Commercial & Sons,372 Temple Street,North,0387817148,Daniel Fernandes,BRK029,2012-05-01,Tobacco and beverages,active
IMP00498,T103480,Saffron Commercial Ltd,Saffron Commercial Ltd,335 Harbour Road,West,0413702971,Amina Haddad,BRK042,2015-09-02,Textiles and apparel,active
IMP00499,T103492,Northern Industries Co.,Northern Industries Co.,288 Mill Road,East,0997175903,Elena Sato,BRK024,2008-09-10,Pharmaceuticals,active
IMP00500,T103496,Green Valley Imports Holdings Ltd,Green Store,90 Bazaar Lane,Capital,0315412937,Joseph Okafor,BRK051,2018-04-19,Medical devices,active
IMP00501,T103502,"Arden Electronics Co., Ltd","Arden Electronics Co., Ltd",242 Station Road,East,0266863977,Kenji Osei,BRK016,2012-03-14,Textiles and apparel,active
IMP00502,T103507,Ashcombe Pack Ltd,Ashcombe Pack Ltd,45 Station Road,South,0735963176,Fatima Okafor,BRK033,2025-01-01,Machinery,active
IMP00503,T103515,Summit Electronics Ltd,Summit Electronics Ltd,1 Airport Road,East,0240872407,Amina Patel,BRK032,2019-08-21,Electronics,active
IMP00504,T103527,Pacific Steel Co.,Pacific Centre,64 Industrial Estate,West,0315247982,Mei Mwangi,BRK078,2009-01-12,Tobacco and beverages,active
IMP00505,T103529,Cobalt Glow Group Ltd,Cobalt Glow Group Ltd,270 Airport Road,West,0224638847,Omar Osei,BRK021,2022-02-16,Vehicles and parts,active
IMP00506,,Sunrise Logistics Partners Ltd,Sunrise Logistics Partners Ltd,349 Industrial Estate,Coastal,0314351903,Nadia Novak,BRK019,2019-11-19,Vehicles and parts,active
IMP00507,T103544,"Inverness Motors Co., Ltd","Inverness Motors Co., Ltd",370 Industrial Estate,Coastal,0828872898,Mei Mwangi,BRK061,2015-02-22,Pharmaceuticals,active
IMP00508,T103555,Jade Industries Holdings Ltd,Jade Industries Holdings Ltd,87 Airport Road,Coastal,0748628027,Ravi Patel,BRK051,2025-01-06,Tobacco and beverages,active
IMP00509,T103558,Prescott Logistics Enterprises,Prescott Logistics Enterprises,65 Market Street,Coastal,0317456478,Joseph Mahmood,BRK024,2015-12-11,Tobacco and beverages,active
IMP00510,T103567,Coral Supply Partners Ltd,Coral Supply Partners Ltd,165 Mill Road,Capital,0767944046,Fatima Nguyen-Lee,BRK076,2014-08-22,General trading,active
IMP00511,T103572,Jade Enterprises Enterprises,Jade Enterprises Enterprises,35 Bazaar Lane,South,0894817294,Grace Reyes,BRK013,2010-07-16,Tobacco and beverages,active
IMP00512,T103577,Global Industries Ltd,Global Industries Ltd,113 Airport Road,Capital,0546322560,Hassan Osei,BRK010,2008-10-01,General trading,active
IMP00513,T103589,"Evergreen Glow Co., Ltd","Evergreen Glow Co., Ltd",247 Airport Road,South,0877144661,Amina Al-Sayed,BRK066,2008-08-14,Food importers,active
IMP00514,,United Distribution Partners Ltd,United Distribution Partners Ltd,322 Industrial Estate,East,0560930207,Elena Novak,BRK030,2017-05-09,Tobacco and beverages,active
IMP00515,T103599,United Steel Co.,United Steel Co.,349 Garden Lane,West,0916051836,Omar Sato,BRK039,2015-12-11,Steel and construction,active
IMP00516,T103608,Aldergate Pack Holdings Ltd,Aldergate Pack Holdings Ltd,129 Mill Road,East,0978738715,Ingrid Sato,BRK019,2016-08-16,General trading,active
IMP00517,T103616,Pacific Agro Group Ltd,Pacific Agro Group Ltd,337 Airport Road,Coastal,0316849957,Elena Osei,BRK059,2009-12-01,Furniture and household,active
IMP00518,T103621,Star Mobile Enterprises,Star Mobile Enterprises,203 Riverside,North,0693267926,Mei Al-Sayed,BRK054,2008-11-25,Medical devices,active
IMP00519,T103629,"Ocean Electronics Co., Ltd",Ocean Centre,222 Mill Road,Coastal,0817809823,Somchai Rahman,BRK021,2018-01-31,Fuel and chemicals,active
IMP00520,T103633,Green Valley Supply Group Ltd,Green Valley Supply Group Ltd,146 Bazaar Lane,Capital,0763555265,Grace Chen,BRK031,2010-05-04,Furniture and household,active
IMP00521,T103646,Twin Rivers Textiles Group Ltd,Twin Rivers Textiles Group Ltd,337 Harbour Road,West,0783225595,Hassan Nguyen-Lee,BRK059,2010-01-15,General trading,active
IMP00522,T193649,Evergreen Pack Limited,Evergreen Centre,306 Mill Road,East,0918189316,Nadia Reyes,BRK062,2015-01-03,Steel and construction,active
IMP00523,T103657,Ashcombe Supply Partners Ltd,Ashcombe Supply Partners Ltd,321 Industrial Estate,East,0439879554,Samuel Al-Sayed,BRK050,2015-06-21,Medical devices,active
IMP00524,T103667,Central Pack Holdings Ltd,Central Pack Holdings Ltd,13 Industrial Estate,East,0577728371,Elena Okafor,BRK063,2017-02-04,Tobacco and beverages,active
IMP00525,T103671,Orchid Supply International Ltd,Orchid Supply International Ltd,226 Airport Road,Capital,0992655471,Omar Haddad,BRK036,2017-04-12,Fuel and chemicals,active
IMP00526,T103676,Ocean Imports Group Ltd,Ocean Imports Group Ltd,65 Harbour Road,Coastal,0582922799,Farid Rahman,BRK052,2025-02-13,Steel and construction,active
IMP00527,T103683,Eastern Commercial Limited,Eastern Commercial Limited,77 Harbour Road,North,0746581390,Grace Sato,BRK033,2017-10-06,Food importers,active
IMP00528,T103694,Great Wall Electronics International Ltd,Great Wall Electronics International Ltd,199 Garden Lane,East,0921613630,Amina Novak,BRK007,2011-04-08,General trading,active
IMP00529,T103698,Blue Ocean Industries Holdings Ltd,Blue Ocean Industries Holdings Ltd,121 Airport Road,North,0483507383,Lucia Mahmood,BRK001,2009-11-22,Machinery,active
IMP00530,T103707,Aldergate Electronics International Ltd,Aldergate Electronics International Ltd,112 Market Street,South,0938718212,Fatima Ibrahim,BRK003,2009-04-06,Vehicles and parts,active
IMP00531,T103712,"Inverness Distribution Co., Ltd","Inverness Distribution Co., Ltd",231 Garden Lane,Coastal,0368370013,Ravi Patel,BRK060,2016-03-10,General trading,active
IMP00532,,Silk Road Steel Partners Ltd,Silk Road Steel Partners Ltd,137 Station Road,North,0860839825,Farid Bauer,BRK003,2014-04-25,Steel and construction,active
IMP00533,T103728,Global Foods Group Ltd,Global Foods Group Ltd,153 Mill Road,North,0475219465,Farid Patel,BRK075,2012-10-06,Medical devices,active
IMP00534,T103731,Cobalt Fruits Enterprises,Cobalt Fruits Enterprises,184 Industrial Estate,Capital,0498147921,Amina Tanaka,BRK054,2008-10-22,Machinery,active
IMP00535,T103742,Golden Medical Co.,Golden Medical Co.,256 Harbour Road,North,0925836765,Farid Ibrahim,BRK018,2012-03-02,Textiles and apparel,active
IMP00536,T103750,Sunrise Glow & Sons,Sunrise Glow & Sons,371 Market Street,Capital,0352505246,Amina Chen,BRK018,2017-12-11,Vehicles and parts,active
IMP00537,T103753,Silk Road Electronics Limited,Silk Road Electronics Limited,102 Airport Road,Capital,0448583442,Hassan Rahman,BRK065,2025-05-24,Machinery,active
IMP00538,T103761,Pacific Distribution International Ltd,Pacific Distribution International Ltd,259 Market Street,East,0935103050,Farid Patel,BRK056,2008-03-14,Vehicles and parts,active
IMP00539,T103769,United Distribution & Sons,United Distribution & Sons,313 Mill Road,North,0901218964,Grace Ibrahim,BRK075,2012-05-20,Cosmetics and personal care,active
IMP00540,T103776,Dunmore Mobile Ltd,Dunmore Mobile Ltd,243 Industrial Estate,Capital,0985135794,Somchai Kowalski,BRK022,2013-11-09,Food importers,active
IMP00541,T103783,Metro Glow Ltd,Metro Mart,375 Industrial Estate,Capital,0706389030,Priya Tanaka,BRK007,2014-07-31,Fuel and chemicals,active
IMP00542,T103789,"Phoenix Pack Co., Ltd","Phoenix Pack Co., Ltd",194 Temple Street,West,0980937796,Grace Bauer,BRK005,2025-02-23,Food importers,active
IMP00543,T103796,Cobalt Textiles Co.,Cobalt Textiles Co.,210 Temple Street,West,0313427515,Somchai Kowalski,BRK051,2025-10-06,Fuel and chemicals,active
IMP00544,,Twin Rivers Trading Group Ltd,Twin Rivers Trading Group Ltd,162 Mill Road,East,0290337175,Samuel Mahmood,BRK013,2009-07-11,Tobacco and beverages,active
IMP00545,T603810,Ocean Glow & Sons,Ocean Glow & Sons,375 Airport Road,West,0929114512,Daniel Chen,BRK001,2020-11-27,Cosmetics and personal care,active
IMP00546,,Coral Motors Holdings Ltd,Coral Motors Holdings Ltd,198 Harbour Road,Coastal,0471738800,Tomas Osei,BRK021,2019-08-09,Steel and construction,active
IMP00547,T103825,Blue Ocean Industries Group Ltd,Blue Ocean Industries Group Ltd,193 Bazaar Lane,North,0980644420,Aisha Bauer,BRK034,2015-08-13,General trading,active
IMP00548,T103835,United Fruits Partners Ltd,United Fruits Partners Ltd,47 Bazaar Lane,Capital,0750060556,Priya Chen,BRK074,2015-01-27,Medical devices,active
IMP00549,T103841,Silk Road Medical Group Ltd,Silk Road Medical Group Ltd,137 Airport Road,South,0536825173,Hassan Mahmood,BRK019,2017-05-14,Tobacco and beverages,active
IMP00550,T103845,Jade Commercial Partners Ltd,Jade Commercial Partners Ltd,281 Garden Lane,West,0921779377,Fatima Novak,BRK016,2013-03-12,Pharmaceuticals,active
IMP00551,T103855,Phoenix Steel Partners Ltd,Phoenix Steel Partners Ltd,19 Riverside,West,0204716401,Farid Tanaka,BRK078,2014-02-28,Furniture and household,active
IMP00552,T103862,Carrick Medical Co.,Carrick Medical Co.,396 Industrial Estate,Capital,0828474822,Tomas Ibrahim,BRK077,2017-11-07,General trading,active
IMP00553,T103867,Silk Road Living Ltd,Silk Road Living Ltd,337 Mill Road,East,0315177102,Kenji Patel,BRK037,2021-01-26,Cosmetics and personal care,active
IMP00554,T103876,Great Wall Trading Group Ltd,Great Wall Trading Group Ltd,12 Airport Road,West,0389663631,Somchai Silva,BRK028,2025-06-03,General trading,active
IMP00555,T103882,Aldergate Imports Limited,Aldergate Imports Limited,356 Station Road,Capital,0810476986,Elena Nguyen-Lee,BRK041,2021-12-29,Fuel and chemicals,active
IMP00556,T103891,Eastern Foods Holdings Ltd,Eastern Foods Holdings Ltd,98 Bazaar Lane,South,0719827763,Lucia Rahman,BRK052,2020-04-14,General trading,active
IMP00557,T103892,"Northern Electronics Co., Ltd","Northern Electronics Co., Ltd",194 Industrial Estate,West,0873569762,Hassan Mensah,BRK049,2016-11-29,General trading,active
IMP00558,T103900,Royal Pack International Ltd,Royal Pack International Ltd,128 Harbour Road,Capital,0423027169,Farid Tanaka,BRK033,2020-05-22,Textiles and apparel,active
IMP00559,T103912,Star Distribution Holdings Ltd,Star Distribution Holdings Ltd,96 Airport Road,North,0818840770,Amina Mahmood,BRK070,2016-01-03,Tobacco and beverages,active
IMP00560,T103918,Inverness Trading Group Ltd,Inverness Trading Group Ltd,31 Temple Street,West,0585699767,Amina Bauer,BRK056,2008-08-26,General trading,active
IMP00561,,Jade Foods Group Ltd,Jade Foods Group Ltd,75 Station Road,Coastal,0566994376,Kenji Reyes,BRK070,2018-01-25,Tobacco and beverages,active
IMP00562,,Cobalt Trading Group Ltd,Cobalt Trading Group Ltd,5 Airport Road,Capital,0685267323,Fatima Nguyen-Lee,BRK004,2018-03-26,Tobacco and beverages,active
IMP00563,T103939,Jade Agro Co.,Jade Agro Co.,121 Garden Lane,North,0323088755,Nadia Okafor,BRK079,2008-10-24,Textiles and apparel,active
IMP00564,,Lotus Foods Holdings Ltd,Lotus Foods Holdings Ltd,380 Industrial Estate,Capital,0711946354,Tomas Bauer,BRK059,2014-06-09,Tobacco and beverages,active
IMP00565,T103349,Eastern Textiles Limited,Eastern Textiles Limited,129 Bazaar Lane,Capital,0725999582,Aisha Chen,BRK041,2021-03-14,General trading,active
IMP00566,T103956,"Prime Mobile Co., Ltd","Prime Mobile Co., Ltd",244 Airport Road,West,0836300778,Samuel Al-Sayed,BRK051,2014-02-21,Furniture and household,active
IMP00567,T103967,Jade Enterprises Partners Ltd,Jade Enterprises Partners Ltd,86 Riverside,Coastal,0554509069,Aisha Okafor,BRK041,2015-07-17,Machinery,active
IMP00568,T103975,Metro Fruits Ltd,Metro Fruits Ltd,68 Riverside,Capital,0334489894,Mei Tanaka,BRK009,2014-06-21,Medical devices,active
IMP00569,T103979,Northern Motors Limited,Northern Motors Limited,379 Bazaar Lane,Capital,0611373121,Daniel Ibrahim,BRK029,2010-12-01,Food importers,active
IMP00570,T103983,Inverness Foods Ltd,Inverness Mart,36 Airport Road,South,0269818032,Elena Chen,BRK039,2023-12-13,Vehicles and parts,active
IMP00571,T103996,United Commercial & Sons,United Commercial & Sons,123 Station Road,East,0432539418,Kenji Patel,BRK021,2018-02-12,Pharmaceuticals,active
IMP00572,T103997,Star Mobile Ltd,Star Mobile Ltd,88 Garden Lane,West,0665886285,Tomas Patel,BRK021,2017-01-07,Vehicles and parts,active
IMP00573,T104007,Ocean Industries Partners Ltd,Ocean Industries Partners Ltd,86 Mill Road,West,0530050241,Joseph Al-Sayed,BRK024,2008-05-24,Machinery,active
IMP00574,T104011,Evergreen Steel Partners Ltd,Evergreen Steel Partners Ltd,59 Industrial Estate,West,0364848561,Amina Osei,BRK040,2015-07-28,Tobacco and beverages,active
IMP00575,T104019,"Twin Rivers Supply Co., Ltd",Twin Trade,7 Temple Street,East,0918934004,Tomas Reyes,BRK059,2016-01-02,Machinery,active
IMP00576,T104030,Cobalt Enterprises Ltd,Cobalt Enterprises Ltd,269 Market Street,South,0312068301,Amina Osei,BRK035,2020-02-24,Electronics,active
IMP00577,T104036,Evergreen Pack Enterprises,Evergreen Depot,27 Garden Lane,South,0265491174,Kenji Haddad,BRK078,2018-03-19,Furniture and household,active
IMP00578,T104041,Eastern Textiles Group Ltd,Eastern Textiles Group Ltd,355 Mill Road,North,0297083250,Ravi Nguyen-Lee,BRK054,2009-09-12,Textiles and apparel,active
IMP00579,T104050,Northern Enterprises Group Ltd,Northern Enterprises Group Ltd,95 Bazaar Lane,South,0409333035,Mei Mahmood,BRK047,2017-06-22,Vehicles and parts,active
IMP00580,T104057,Harmony Pack & Sons,Harmony Pack & Sons,294 Riverside,South,0567147811,Lucia Al-Sayed,BRK049,2010-12-25,Vehicles and parts,active
IMP00581,T104063,Eastern Trading Holdings Ltd,Eastern Trading Holdings Ltd,388 Airport Road,North,0354693724,Samuel Mwangi,BRK069,2022-05-23,Textiles and apparel,active
IMP00582,T104069,Summit Enterprises International Ltd,Summit Enterprises International Ltd,227 Station Road,Capital,0536568166,Farid Al-Sayed,BRK051,2013-07-23,Pharmaceuticals,active
IMP00583,T104076,Pacific Electronics Partners Ltd,Pacific Electronics Partners Ltd,130 Harbour Road,South,0435168283,Lucia Haddad,BRK076,2018-07-09,General trading,active
IMP00584,T104081,"Silver Textiles Co., Ltd",Silver Mart,163 Temple Street,South,0841092491,Ingrid Patel,BRK046,2012-07-27,Food importers,active
IMP00585,T104093,Metro Pack Group Ltd,Metro Pack Group Ltd,156 Riverside,Coastal,0959015402,Farid Novak,BRK072,2009-10-12,General trading,active
IMP00586,T104095,Star Motors Group Ltd,Star Motors Group Ltd,82 Airport Road,East,0605502975,Amina Sato,BRK001,2014-05-16,Vehicles and parts,active
IMP00587,T104102,"Global Fruits Co., Ltd","Global Fruits Co., Ltd",180 Mill Road,West,0645254732,Tomas Rahman,BRK073,2016-05-25,Steel and construction,active
IMP00588,T104112,Coral Supply Ltd,Coral Supply Ltd,29 Station Road,East,0421609846,Lucia Fernandes,BRK053,2015-08-29,Steel and construction,active
IMP00589,T104120,Arden Textiles Group Ltd,Arden Textiles Group Ltd,299 Industrial Estate,West,0755385648,Hassan Patel,BRK059,2008-03-16,Medical devices,active
IMP00590,T104126,Eastern Foods Partners Ltd,Eastern Foods Partners Ltd,274 Market Street,East,0630331486,Lucia Novak,BRK007,2019-08-05,General trading,active
IMP00591,T104135,Twin Rivers Medical Ltd,Twin Mart,203 Airport Road,South,0480229949,Elena Okafor,BRK044,2011-07-13,General trading,active
IMP00592,T101140,Crown Fruits Partners Ltd,Crown Fruits Partners Ltd,35 Harbour Road,North,0952779983,Priya Mensah,BRK044,2009-02-17,Textiles and apparel,active
IMP00593,T104146,Golden Pack Group Ltd,Golden Pack Group Ltd,211 Garden Lane,Coastal,0212933450,Elena Fernandes,BRK062,2012-07-07,Furniture and household,active
IMP00594,T104151,Central Glow Limited,Central Glow Limited,111 Market Street,Coastal,0694680054,Mei Mahmood,BRK060,2024-11-19,Pharmaceuticals,active
IMP00595,T104162,Summit Glow Holdings Ltd,Summit Glow Holdings Ltd,47 Mill Road,East,0979088615,Fatima Sato,BRK038,2020-06-18,Food importers,active
IMP00596,T104167,Sunrise Living Enterprises,Sunrise Living Enterprises,191 Station Road,West,0994032284,Mei Al-Sayed,BRK021,2009-08-05,Medical devices,active
IMP00597,T104172,"Star Distribution Co., Ltd","Star Distribution Co., Ltd",95 Bazaar Lane,South,0906220995,Lucia Haddad,BRK037,2013-09-26,Electronics,active
IMP00598,T104182,Arden Enterprises International Ltd,Arden Enterprises International Ltd,65 Bazaar Lane,Capital,0807658929,Lucia Patel,BRK067,2009-08-21,Medical devices,active
IMP00599,T104191,Ashcombe Distribution & Sons,Ashcombe Depot,274 Temple Street,Capital,0882391196,Fatima Sato,BRK026,2014-05-13,Textiles and apparel,active
IMP00600,T104198,"Eastern Fruits Co., Ltd","Eastern Fruits Co., Ltd",43 Market Street,North,0802793164,Joseph Kowalski,BRK046,2011-10-09,Steel and construction,active
IMP00601,T104200,Ashcombe Electronics Co.,Ashcombe Electronics Co.,25 Market Street,West,0299481501,Farid Chen,BRK008,2012-08-02,General trading,active
IMP00602,T104211,Northern Motors Group Ltd,Northern Motors Group Ltd,361 Bazaar Lane,West,0790780736,Omar Mwangi,BRK009,2010-12-08,Electronics,active
IMP00603,T104219,Coral Foods & Sons,Coral Foods & Sons,324 Bazaar Lane,South,0407582403,Elena Silva,BRK029,2019-05-29,Vehicles and parts,active
IMP00604,T104227,Jade Glow Group Ltd,Jade Glow Group Ltd,360 Bazaar Lane,North,0546308381,Nadia Chen,BRK030,2012-03-18,Cosmetics and personal care,active
IMP00605,T104234,Arden Living Partners Ltd,Arden Living Partners Ltd,397 Mill Road,Coastal,0760786980,Somchai Nguyen-Lee,BRK014,2018-12-13,Vehicles and parts,active
IMP00606,T104237,Crown Living Ltd,Crown Living Ltd,230 Temple Street,North,0246992161,Lucia Mahmood,BRK043,2014-12-04,Fuel and chemicals,active
IMP00607,T104244,Global Industries Partners Ltd,Global Industries Partners Ltd,211 Industrial Estate,Coastal,0935385855,Joseph Tanaka,BRK029,2009-05-04,Steel and construction,active
IMP00608,T104251,Green Valley Enterprises Holdings Ltd,Green Valley Enterprises Holdings Ltd,208 Station Road,North,0251995355,Grace Tanaka,BRK014,2009-08-22,Food importers,suspended
IMP00609,T104259,"Jade Pack Co., Ltd","Jade Pack Co., Ltd",144 Market Street,West,0418851220,Kenji Chen,BRK071,2014-09-15,Cosmetics and personal care,active
IMP00610,T104269,Harmony Enterprises Enterprises,Harmony Enterprises Enterprises,4 Market Street,West,0934249857,Amina Sato,BRK059,2018-01-13,Machinery,active
IMP00611,T104271,Evergreen Agro & Sons,Evergreen Agro & Sons,273 Harbour Road,Capital,0494638072,Fatima Rahman,BRK016,2012-01-26,Fuel and chemicals,active
IMP00612,T104282,Orchid Living Enterprises,Orchid Living Enterprises,373 Harbour Road,North,0679318300,Samuel Mwangi,BRK071,2015-01-20,Medical devices,active
IMP00613,T104287,Sunrise Commercial Enterprises,Sunrise Commercial Enterprises,64 Industrial Estate,East,0650139612,Farid Chen,BRK069,2014-10-21,Machinery,active
IMP00614,T104293,Silk Road Enterprises Holdings Ltd,Silk Road Enterprises Holdings Ltd,220 Station Road,East,0203374690,Amina Osei,BRK009,2021-02-05,Textiles and apparel,active
IMP00615,T104303,United Enterprises & Sons,United Enterprises & Sons,228 Market Street,East,0900751111,Ravi Fernandes,BRK053,2010-01-10,Fuel and chemicals,active
IMP00616,T104305,Phoenix Agro Co.,Phoenix Agro Co.,351 Mill Road,East,0531196240,Hassan Fernandes,BRK037,2021-01-05,Medical devices,active
IMP00617,T104313,Ocean Pack Partners Ltd,Ocean Pack Partners Ltd,351 Garden Lane,Coastal,0723285402,Farid Patel,BRK080,2019-12-07,Electronics,active
IMP00618,T104325,Royal Enterprises Co.,Royal Enterprises Co.,220 Airport Road,East,0698470657,Fatima Mahmood,BRK073,2024-12-23,Furniture and household,active
IMP00619,T504332,Jade Steel International Ltd,Jade Steel International Ltd,289 Airport Road,North,0845752585,Lucia Mensah,BRK065,2020-07-04,Food importers,active
IMP00620,T104333,Star Enterprises Partners Ltd,Star Centre,158 Airport Road,Capital,0473191975,Hassan Novak,BRK059,2017-08-28,Machinery,active
IMP00621,T104345,"Prime Medical Co., Ltd","Prime Medical Co., Ltd",4 Bazaar Lane,East,0727585009,Ravi Chen,BRK070,2017-07-09,Food importers,active
IMP00622,T104347,Coral Supply Enterprises,Coral Trade,8 Market Street,North,0408305353,Priya Sato,BRK006,2011-10-06,Cosmetics and personal care,active
IMP00623,T104358,"Crown Logistics Co., Ltd","Crown Logistics Co., Ltd",250 Garden Lane,South,0684271775,Ingrid Patel,BRK060,2017-08-20,Electronics,active
IMP00624,T104361,"Horizon Fruits Co., Ltd","Horizon Fruits Co., Ltd",276 Market Street,South,0394804412,Mei Mensah,BRK028,2015-05-21,Medical devices,active
IMP00625,T104369,Pacific Mobile Holdings Ltd,Pacific Mobile Holdings Ltd,46 Garden Lane,South,0672875113,Somchai Mahmood,BRK054,2018-07-12,Fuel and chemicals,active
IMP00626,T104380,Blue Ocean Foods International Ltd,Blue Ocean Foods International Ltd,194 Industrial Estate,North,0675891336,Priya Patel,BRK025,2021-06-30,Electronics,active
IMP00627,T104382,Jade Steel Partners Ltd,Jade Steel Partners Ltd,45 Station Road,West,0698790969,Farid Chen,BRK059,2010-04-29,Tobacco and beverages,active
IMP00628,T104392,Twin Rivers Pack & Sons,Twin Rivers Pack & Sons,106 Airport Road,North,0407576418,Tomas Fernandes,BRK039,2011-02-06,Tobacco and beverages,active
IMP00629,T104401,Phoenix Enterprises International Ltd,Phoenix Enterprises International Ltd,345 Airport Road,South,0645869404,Ingrid Fernandes,BRK070,2016-11-13,Textiles and apparel,active
IMP00630,T104406,Coral Commercial Holdings Ltd,Coral Commercial Holdings Ltd,241 Garden Lane,Coastal,0883584992,Fatima Chen,BRK054,2011-03-30,Furniture and household,active
IMP00631,T104414,Sunrise Glow Ltd,Sunrise Centre,396 Harbour Road,South,0562247502,Kenji Rahman,BRK041,2012-10-10,Tobacco and beverages,active
IMP00632,T104419,Phoenix Agro Holdings Ltd,Phoenix Agro Holdings Ltd,48 Station Road,East,0253764196,Ingrid Novak,BRK077,2021-08-30,Electronics,active
IMP00633,T104425,Meridian Fruits Group Ltd,Meridian Fruits Group Ltd,61 Temple Street,Capital,0917237700,Somchai Rahman,BRK054,2013-07-27,Electronics,active
IMP00634,T104437,Global Textiles Group Ltd,Global Store,7 Riverside,South,0343765724,Hassan Mahmood,BRK064,2009-09-29,Vehicles and parts,active
IMP00635,T104438,Crown Supply Group Ltd,Crown Store,181 Mill Road,South,0235791376,Tomas Mwangi,BRK038,2017-05-07,Furniture and household,active
IMP00636,T104445,Phoenix Distribution & Sons,Phoenix Distribution & Sons,229 Mill Road,Coastal,0325537769,Fatima Mahmood,BRK014,2012-04-14,Machinery,active
IMP00637,T104453,Silver Logistics & Sons,Silver Logistics & Sons,141 Mill Road,Coastal,0350258292,Somchai Haddad,BRK007,2011-03-29,Medical devices,active
IMP00638,T104463,Ocean Medical International Ltd,Ocean Medical International Ltd,182 Mill Road,Coastal,0368805952,Somchai Rahman,BRK043,2014-10-26,Cosmetics and personal care,active
IMP00639,T107467,Sunrise Living International Ltd,Sunrise Living International Ltd,141 Market Street,Coastal,0967859709,Fatima Osei,BRK067,2010-02-08,Furniture and household,active
IMP00640,,Great Wall Imports Ltd,Great Wall Imports Ltd,58 Temple Street,South,0402072607,Ravi Nguyen-Lee,BRK038,2020-10-28,Tobacco and beverages,active
IMP00641,T104484,Pacific Fruits & Sons,Pacific Fruits & Sons,80 Bazaar Lane,Capital,0443808518,Grace Bauer,BRK018,2009-03-14,Furniture and household,active
IMP00642,T104491,Twin Rivers Supply International Ltd,Twin Rivers Supply International Ltd,51 Market Street,Capital,0370057220,Omar Bauer,BRK024,2008-01-15,Furniture and household,active
IMP00643,T104498,Aldergate Agro Holdings Ltd,Aldergate Agro Holdings Ltd,340 Garden Lane,Coastal,0612702458,Daniel Osei,BRK044,2011-05-10,Pharmaceuticals,active
IMP00644,T104502,Twin Rivers Supply Group Ltd,Twin Trade,282 Garden Lane,Coastal,0654067266,Farid Ibrahim,BRK039,2024-02-20,Food importers,active
IMP00645,T104512,Golden Mobile Ltd,Golden Mobile Ltd,204 Industrial Estate,West,0487651586,Mei Novak,BRK062,2013-08-10,Machinery,active
IMP00646,T104520,Jade Imports Holdings Ltd,Jade Imports Holdings Ltd,201 Market Street,West,0904730876,Daniel Tanaka,BRK052,2018-04-06,Textiles and apparel,active
IMP00647,T104527,Northern Agro International Ltd,Northern Agro International Ltd,265 Airport Road,Capital,0275719506,Hassan Bauer,BRK023,2021-06-06,Medical devices,suspended
IMP00648,T104532,Inverness Distribution Co.,Inverness Mart,361 Garden Lane,Capital,0298896711,Elena Tanaka,BRK063,2014-08-03,Electronics,active
IMP00649,T104540,Prescott Distribution International Ltd,Prescott Distribution International Ltd,95 Industrial Estate,Capital,0856496615,Daniel Chen,BRK008,2025-04-25,Medical devices,active
IMP00650,T104547,Eastern Enterprises Group Ltd,Eastern Trade,164 Garden Lane,Coastal,0392153317,Hassan Mwangi,BRK071,2017-07-31,Fuel and chemicals,active
IMP00651,T104550,Horizon Fruits Ltd,Horizon Fruits Ltd,375 Airport Road,South,0290569928,Elena Patel,BRK059,2015-03-09,Medical devices,active
IMP00652,T104559,Golden Glow Group Ltd,Golden Glow Group Ltd,86 Bazaar Lane,Coastal,0539385419,Samuel Rahman,BRK039,2014-03-01,Food importers,active
IMP00653,T104569,Phoenix Textiles Limited,Phoenix Textiles Limited,286 Bazaar Lane,North,0557924484,Somchai Rahman,BRK055,2017-01-24,Medical devices,active
IMP00654,T104575,"Global Pack Co., Ltd","Global Pack Co., Ltd",178 Temple Street,Capital,0415804609,Somchai Patel,BRK009,2020-07-05,Fuel and chemicals,active
IMP00655,T104582,Ocean Steel Group Ltd,Ocean Steel Group Ltd,221 Bazaar Lane,Coastal,0588873298,Somchai Fernandes,BRK048,2017-04-05,Cosmetics and personal care,active
IMP00656,T104589,Global Trading International Ltd,Global Trading International Ltd,395 Temple Street,East,0591801001,Ravi Kowalski,BRK077,2008-11-29,Food importers,active
IMP00657,T104595,Saffron Mobile Group Ltd,Saffron Mobile Group Ltd,355 Station Road,Capital,0240611208,Priya Reyes,BRK036,2025-01-27,Vehicles and parts,active
IMP00658,T104602,Blue Ocean Glow Enterprises,Blue Ocean Glow Enterprises,21 Market Street,North,0514076320,Kenji Haddad,BRK021,2009-04-24,Textiles and apparel,active
IMP00659,T100608,Northern Steel Enterprises,Northern Steel Enterprises,246 Market Street,South,0976855728,Daniel Mwangi,BRK041,2011-12-28,Pharmaceuticals,active
IMP00660,T104616,Aldergate Fruits International Ltd,Aldergate Fruits International Ltd,4 Mill Road,North,0711487127,Ravi Silva,BRK075,2010-06-06,Textiles and apparel,active
IMP00661,T104624,Meridian Medical Co.,Meridian Medical Co.,345 Station Road,Coastal,0748078892,Mei Silva,BRK002,2012-11-22,Machinery,active
IMP00662,T104629,Lotus Textiles Enterprises,Lotus Textiles Enterprises,332 Airport Road,Capital,0814591064,Aisha Nguyen-Lee,BRK032,2011-06-15,Fuel and chemicals,active
IMP00663,T104640,Northern Foods & Sons,Northern Foods & Sons,321 Industrial Estate,Capital,0942911073,Joseph Haddad,BRK018,2019-07-06,Steel and construction,active
IMP00664,T104645,Silver Distribution Group Ltd,Silver Distribution Group Ltd,44 Harbour Road,West,0748466121,Nadia Silva,BRK059,2010-10-05,Textiles and apparel,active
IMP00665,,Phoenix Steel Co.,Phoenix Steel Co.,130 Airport Road,North,0950191276,Elena Silva,BRK075,2012-03-02,Tobacco and beverages,active
IMP00666,T104656,Ashcombe Pack Group Ltd,Ashcombe Pack Group Ltd,167 Industrial Estate,West,0663387862,Samuel Mensah,BRK035,2014-12-10,Fuel and chemicals,active
IMP00667,T104664,Dunmore Textiles Ltd,Dunmore Textiles Ltd,342 Mill Road,Capital,0237267821,Ingrid Mwangi,BRK034,2019-12-12,Steel and construction,active
IMP00668,T104670,Eastern Steel & Sons,Eastern Steel & Sons,54 Bazaar Lane,East,0486101419,Mei Kowalski,BRK075,2009-02-26,General trading,active
IMP00669,T104678,Evergreen Agro Holdings Ltd,Evergreen Agro Holdings Ltd,290 Harbour Road,North,0275617188,Ingrid Rahman,BRK079,2010-03-15,Tobacco and beverages,active
IMP00670,,Orchid Industries Partners Ltd,Orchid Industries Partners Ltd,258 Airport Road,Coastal,0366538820,Fatima Al-Sayed,BRK031,2008-08-28,Tobacco and beverages,active
IMP00671,T104692,"Northern Foods Co., Ltd","Northern Foods Co., Ltd",207 Garden Lane,East,0440798659,Samuel Rahman,BRK041,2016-08-24,Cosmetics and personal care,active
IMP00672,T104697,"Delta Living Co., Ltd","Delta Living Co., Ltd",115 Industrial Estate,East,0653702383,Elena Sato,BRK059,2021-02-23,Cosmetics and personal care,active
IMP00673,T104705,"Inverness Foods Co., Ltd","Inverness Foods Co., Ltd",14 Station Road,East,0366641895,Ravi Mensah,BRK042,2018-11-19,Furniture and household,active
IMP00674,T104715,"Ocean Foods Co., Ltd","Ocean Foods Co., Ltd",277 Harbour Road,West,0854240837,Lucia Fernandes,BRK025,2017-11-14,General trading,active
IMP00675,T104521,Star Electronics Co.,Star Electronics Co.,321 Garden Lane,West,0840869417,Ingrid Bauer,BRK062,2025-07-29,Food importers,active
IMP00676,T104726,Cobalt Pack Co.,Cobalt Pack Co.,113 Bazaar Lane,North,0932000944,Grace Reyes,BRK006,2015-09-23,Furniture and household,active
IMP00677,T104734,Blue Ocean Foods Partners Ltd,Blue Ocean Foods Partners Ltd,153 Mill Road,Coastal,0390389791,Mei Tanaka,BRK075,2008-08-25,Vehicles and parts,active
IMP00678,T104745,"Blue Ocean Fruits Co., Ltd","Blue Ocean Fruits Co., Ltd",357 Temple Street,East,0505047584,Grace Osei,BRK074,2024-01-21,Medical devices,active
IMP00679,T304752,Coral Pack Group Ltd,Coral Pack Group Ltd,56 Industrial Estate,North,0651949783,Ravi Patel,BRK011,2022-05-08,Textiles and apparel,active
IMP00680,T104753,Prime Living Limited,Prime Living Limited,230 Industrial Estate,Coastal,0250011231,Nadia Al-Sayed,BRK043,2011-08-12,Steel and construction,active
IMP00681,T104761,Northern Logistics Limited,Northern Logistics Limited,318 Bazaar Lane,West,0913661764,Daniel Patel,BRK013,2010-12-08,Electronics,active
IMP00682,T104768,Evergreen Steel Group Ltd,Evergreen Steel Group Ltd,373 Harbour Road,South,0485775188,Mei Haddad,BRK018,2025-03-19,Medical devices,active
IMP00683,T104777,Prescott Supply Co.,Prescott Supply Co.,92 Garden Lane,East,0422117764,Lucia Patel,BRK061,2024-06-12,Vehicles and parts,active
IMP00684,T104783,United Pack Enterprises,United Pack Enterprises,93 Garden Lane,East,0961772434,Ingrid Chen,BRK002,2011-08-06,Textiles and apparel,active
IMP00685,T104791,Royal Electronics Holdings Ltd,Royal Electronics Holdings Ltd,155 Harbour Road,North,0517092537,Joseph Haddad,BRK066,2016-01-23,Steel and construction,active
IMP00686,T104798,Ashcombe Motors Holdings Ltd,Ashcombe Motors Holdings Ltd,299 Market Street,Capital,0443174484,Fatima Patel,BRK048,2018-07-10,Tobacco and beverages,active
IMP00687,T104805,Metro Trading Limited,Metro Trading Limited,240 Garden Lane,Capital,0818003808,Omar Patel,BRK015,2015-08-14,Food importers,suspended
IMP00688,T104814,Green Valley Electronics Partners Ltd,Green Valley Electronics Partners Ltd,331 Riverside,East,0871486970,Amina Nguyen-Lee,BRK040,2008-10-13,Food importers,active
IMP00689,T104820,Global Supply Co.,Global Supply Co.,109 Temple Street,Capital,0805902926,Elena Mahmood,BRK054,2013-08-14,Food importers,active
IMP00690,T104825,Ashcombe Logistics Ltd,Ashcombe Logistics Ltd,342 Temple Street,Coastal,0219324818,Elena Rahman,BRK007,2021-12-01,Vehicles and parts,active
IMP00691,T104831,Metro Living Ltd,Metro Living Ltd,261 Bazaar Lane,East,0652188667,Tomas Chen,BRK044,2008-03-31,General trading,active
IMP00692,T104840,Aldergate Mobile Partners Ltd,Aldergate Mobile Partners Ltd,313 Airport Road,South,0874919797,Somchai Reyes,BRK021,2021-04-03,Food importers,active
IMP00693,T104846,Sunrise Medical Group Ltd,Sunrise Medical Group Ltd,105 Harbour Road,North,0662230616,Daniel Mensah,BRK052,2025-03-14,General trading,active
IMP00694,T104854,Twin Rivers Distribution Group Ltd,Twin Rivers Distribution Group Ltd,126 Airport Road,North,0498646759,Aisha Sato,BRK003,2018-08-30,General trading,active
IMP00695,T104862,Delta Enterprises & Sons,Delta Enterprises & Sons,46 Mill Road,East,0444223736,Lucia Kowalski,BRK057,2019-04-21,Steel and construction,active
IMP00696,T104865,Great Wall Glow Co.,Great Wall Glow Co.,398 Bazaar Lane,South,0271097413,Somchai Mensah,BRK012,2019-09-03,Furniture and household,active
IMP00697,T104876,"Global Logistics Co., Ltd","Global Logistics Co., Ltd",25 Temple Street,West,0628552108,Nadia Chen,BRK053,2021-12-25,Cosmetics and personal care,active
IMP00698,T104884,Phoenix Industries & Sons,Phoenix Industries & Sons,330 Mill Road,East,0489536613,Kenji Chen,BRK032,2012-12-06,Machinery,active
IMP00699,T104891,Orchid Trading International Ltd,Orchid Trading International Ltd,98 Mill Road,West,0995179090,Ingrid Okafor,BRK070,2015-08-27,Cosmetics and personal care,active
IMP00700,T104894,Central Foods Holdings Ltd,Central Foods Holdings Ltd,98 Riverside,South,0401769785,Kenji Okafor,BRK077,2014-06-21,Tobacco and beverages,active
IMP00701,T104900,Golden Imports Enterprises,Golden Imports Enterprises,327 Garden Lane,Capital,0714488605,Omar Mahmood,BRK039,2013-04-22,Furniture and household,active
IMP00702,T104911,Evergreen Steel Holdings Ltd,Evergreen Steel Holdings Ltd,85 Industrial Estate,Coastal,0674775115,Somchai Osei,BRK071,2020-05-18,General trading,active
IMP00703,T104914,Twin Rivers Pack International Ltd,Twin Rivers Pack International Ltd,296 Industrial Estate,South,0288014517,Daniel Mensah,BRK033,2015-11-14,General trading,active
IMP00704,T104926,Summit Living Limited,Summit Living Limited,1 Riverside,North,0436420613,Somchai Silva,BRK048,2018-06-27,Electronics,active
IMP00705,T104930,Metro Medical International Ltd,Metro Medical International Ltd,160 Temple Street,East,0489823468,Priya Nguyen-Lee,BRK056,2009-03-29,General trading,active
IMP00706,T104941,Phoenix Supply Limited,Phoenix Supply Limited,68 Airport Road,East,0359451621,Mei Silva,BRK020,2008-07-24,General trading,active
IMP00707,T104942,Great Wall Electronics Limited,Great Depot,5 Temple Street,South,0674772721,Elena Sato,BRK048,2009-04-16,Medical devices,active
IMP00708,T100070,Meridian Agro & Sons,Meridian Agro & Sons,346 Market Street,North,0938469517,Amina Silva,BRK015,2021-04-01,Tobacco and beverages,active
IMP00709,T104959,Metro Imports Holdings Ltd,Metro Imports Holdings Ltd,171 Garden Lane,North,0262984343,Amina Haddad,BRK019,2022-01-24,Electronics,active
IMP00710,T104965,"Summit Pack Co., Ltd","Summit Pack Co., Ltd",64 Airport Road,South,0798743238,Ravi Tanaka,BRK018,2013-03-24,Cosmetics and personal care,active
IMP00711,T104974,Jade Trading Enterprises,Jade Trading Enterprises,173 Mill Road,North,0461869205,Aisha Ibrahim,BRK009,2015-04-02,Food importers,active
IMP00712,T104983,Dunmore Agro Ltd,Dunmore Agro Ltd,119 Market Street,East,0590872634,Mei Patel,BRK080,2009-01-20,Furniture and household,active
IMP00713,T104990,Global Fruits Ltd,Global Fruits Ltd,210 Airport Road,Capital,0265347574,Ingrid Novak,BRK022,2009-11-17,Tobacco and beverages,active
IMP00714,T104991,Summit Industries Holdings Ltd,Summit Industries Holdings Ltd,324 Industrial Estate,Capital,0385014280,Samuel Tanaka,BRK056,2011-09-12,Vehicles and parts,active
IMP00715,T105003,Eastern Logistics Co.,Eastern Logistics Co.,238 Industrial Estate,Coastal,0999101753,Amina Haddad,BRK079,2009-08-19,Vehicles and parts,active
IMP00716,T105010,Delta Foods Co.,Delta Foods Co.,102 Station Road,North,0592286979,Nadia Nguyen-Lee,BRK059,2022-01-01,Food importers,active
IMP00717,T105016,Dunmore Mobile Partners Ltd,Dunmore Mobile Partners Ltd,235 Riverside,East,0713170610,Nadia Osei,BRK013,2013-06-20,Steel and construction,active
IMP00718,T105020,Lotus Agro Co.,Lotus Agro Co.,371 Garden Lane,East,0691978680,Amina Silva,BRK059,2022-04-21,Machinery,active
IMP00719,T105030,Cobalt Commercial & Sons,Cobalt Commercial & Sons,293 Industrial Estate,East,0804122278,Kenji Bauer,BRK026,2025-04-20,Vehicles and parts,active
IMP00720,,Great Wall Distribution Group Ltd,Great Trade,149 Temple Street,North,0563152237,Grace Reyes,BRK015,2021-02-10,Tobacco and beverages,active
IMP00721,,Phoenix Imports Partners Ltd,Phoenix Imports Partners Ltd,171 Garden Lane,Coastal,0887356246,Nadia Chen,BRK080,2012-07-31,General trading,active
IMP00722,T105050,Silver Pack International Ltd,Silver Pack International Ltd,42 Bazaar Lane,Coastal,0223836721,Omar Okafor,BRK015,2009-11-16,Steel and construction,active
IMP00723,T105058,Twin Rivers Living Ltd,Twin Rivers Living Ltd,28 Riverside,South,0224691078,Farid Ibrahim,BRK044,2012-09-06,Machinery,active
IMP00724,T105061,Pacific Motors Enterprises,Pacific Motors Enterprises,278 Harbour Road,Coastal,0258188381,Fatima Osei,BRK032,2016-03-06,Cosmetics and personal care,active
IMP00725,T105071,Prescott Enterprises Co.,Prescott Enterprises Co.,350 Bazaar Lane,South,0295376959,Farid Novak,BRK020,2016-03-15,Fuel and chemicals,active
IMP00726,T105077,Cobalt Medical Limited,Cobalt Medical Limited,124 Garden Lane,Coastal,0282547569,Farid Novak,BRK046,2010-10-30,Fuel and chemicals,active
IMP00727,T105085,Ocean Glow Ltd,Ocean Glow Ltd,315 Market Street,Coastal,0200186799,Farid Silva,BRK022,2013-09-21,Machinery,active
IMP00728,T105095,Silver Trading International Ltd,Silver Trading International Ltd,70 Airport Road,East,0351122823,Ravi Reyes,BRK080,2013-08-16,Tobacco and beverages,active
IMP00729,,Prime Distribution Ltd,Prime Distribution Ltd,40 Market Street,North,0779228907,Amina Fernandes,BRK021,2019-01-10,Tobacco and beverages,active
IMP00730,T105109,"Harmony Foods Co., Ltd","Harmony Foods Co., Ltd",317 Airport Road,West,0615612117,Joseph Okafor,BRK056,2020-12-19,Vehicles and parts,active
IMP00731,T105116,Blue Ocean Imports Ltd,Blue Mart,328 Station Road,Coastal,0635387370,Somchai Osei,BRK064,2021-04-29,Pharmaceuticals,active
IMP00732,T105123,Horizon Textiles Group Ltd,Horizon Textiles Group Ltd,254 Station Road,Coastal,0837712225,Omar Mwangi,BRK056,2017-07-19,Food importers,active
IMP00733,T105127,Sunrise Distribution Group Ltd,Sunrise Distribution Group Ltd,115 Station Road,South,0378755676,Priya Ibrahim,BRK021,2013-03-31,Pharmaceuticals,suspended
IMP00734,T105133,Aldergate Mobile Enterprises,Aldergate Mobile Enterprises,368 Market Street,West,0709220307,Kenji Novak,BRK069,2011-07-25,Vehicles and parts,active
IMP00735,T105141,Eastern Imports & Sons,Eastern Imports & Sons,186 Market Street,East,0987015924,Nadia Rahman,BRK021,2022-01-28,Furniture and household,active
IMP00736,T105148,Northern Trading Enterprises,Northern Trading Enterprises,277 Harbour Road,East,0690767603,Omar Nguyen-Lee,BRK018,2025-04-01,Textiles and apparel,active
IMP00737,T105155,"Star Supply Co., Ltd","Star Supply Co., Ltd",345 Industrial Estate,West,0312617889,Farid Sato,BRK007,2014-08-03,Cosmetics and personal care,active
IMP00738,T105165,Crown Commercial & Sons,Crown Centre,54 Station Road,South,0436974082,Samuel Nguyen-Lee,BRK016,2011-05-28,Textiles and apparel,active
IMP00739,T105172,Pacific Industries Holdings Ltd,Pacific Industries Holdings Ltd,370 Temple Street,West,0422350632,Daniel Okafor,BRK063,2016-09-07,General trading,active
IMP00740,T105177,Ashcombe Imports Enterprises,Ashcombe Imports Enterprises,233 Bazaar Lane,Capital,0922341718,Grace Tanaka,BRK076,2010-08-24,Steel and construction,active
IMP00741,T105186,Aldergate Motors Group Ltd,Aldergate Motors Group Ltd,47 Station Road,North,0785635395,Tomas Reyes,BRK021,2012-08-19,Pharmaceuticals,active
IMP00742,T100033,Horizon Steel Partners Ltd,Horizon Steel Partners Ltd,24 Harbour Road,East,0648269765,Joseph Chen,BRK033,2013-04-04,Food importers,active
IMP00743,T105199,Silver Enterprises Group Ltd,Silver Enterprises Group Ltd,229 Harbour Road,East,0569089512,Ingrid Mahmood,BRK029,2012-08-13,Steel and construction,active
IMP00744,T105203,Saffron Textiles & Sons,Saffron Textiles & Sons,248 Mill Road,Capital,0658869530,Fatima Al-Sayed,BRK037,2021-03-12,Tobacco and beverages,active
IMP00745,T105211,Cobalt Living & Sons,Cobalt Living & Sons,348 Riverside,South,0294892632,Tomas Bauer,BRK021,2015-12-22,Medical devices,active
IMP00746,T105220,Silk Road Medical Holdings Ltd,Silk Road Medical Holdings Ltd,216 Station Road,South,0998609806,Fatima Reyes,BRK044,2018-11-22,Medical devices,active
IMP00747,,Aldergate Imports Ltd,Aldergate Imports Ltd,193 Station Road,North,0582324165,Nadia Mahmood,BRK039,2018-01-24,Tobacco and beverages,suspended
IMP00748,T105233,Global Medical & Sons,Global Medical & Sons,97 Garden Lane,Coastal,0792854225,Samuel Al-Sayed,BRK076,2016-03-03,Electronics,active
IMP00749,T105240,Silk Road Agro Ltd,Silk Road Agro Ltd,277 Riverside,Capital,0588480888,Hassan Fernandes,BRK003,2016-01-17,Steel and construction,active
IMP00750,T105246,Crown Logistics Enterprises,Crown Logistics Enterprises,244 Airport Road,North,0636383813,Farid Haddad,BRK070,2009-06-21,Textiles and apparel,active
IMP00751,T105256,Royal Supply Limited,Royal Supply Limited,106 Industrial Estate,West,0594524759,Tomas Kowalski,BRK080,2022-02-15,Textiles and apparel,active
IMP00752,T105259,Northern Motors Ltd,Northern Motors Ltd,52 Industrial Estate,Coastal,0364293052,Ingrid Kowalski,BRK004,2008-12-07,Textiles and apparel,active
IMP00753,T105264,Phoenix Glow Limited,Phoenix Glow Limited,248 Industrial Estate,South,0496195011,Tomas Tanaka,BRK017,2008-09-27,Textiles and apparel,active
IMP00754,T105276,Ocean Foods Co.,Ocean Foods Co.,399 Industrial Estate,Coastal,0263886454,Daniel Al-Sayed,BRK001,2013-02-25,Cosmetics and personal care,active
IMP00755,T205283,"Sunrise Enterprises Co., Ltd","Sunrise Enterprises Co., Ltd",152 Market Street,North,0763894171,Ravi Bauer,BRK013,2026-02-14,Furniture and household,active
IMP00756,T105291,"Ashcombe Mobile Co., Ltd","Ashcombe Mobile Co., Ltd",79 Harbour Road,South,0829606590,Grace Sato,BRK071,2012-11-14,Textiles and apparel,active
IMP00757,T105294,Global Enterprises Co.,Global Enterprises Co.,45 Industrial Estate,West,0650553878,Kenji Okafor,BRK043,2023-11-20,Textiles and apparel,active
IMP00758,T105304,Northern Textiles & Sons,Northern Textiles & Sons,291 Bazaar Lane,Coastal,0631101790,Grace Silva,BRK021,2013-08-04,Furniture and household,active
IMP00759,T105312,Pacific Steel International Ltd,Pacific Steel International Ltd,290 Temple Street,Capital,0290741148,Samuel Okafor,BRK079,2012-05-06,Vehicles and parts,active
IMP00760,T105317,Phoenix Electronics Holdings Ltd,Phoenix Electronics Holdings Ltd,198 Harbour Road,East,0621767011,Kenji Mahmood,BRK004,2012-02-16,Cosmetics and personal care,active
IMP00761,T105322,Phoenix Motors Ltd,Phoenix Motors Ltd,113 Temple Street,North,0970198221,Omar Ibrahim,BRK007,2010-09-10,Textiles and apparel,active
IMP00762,T105333,Silk Road Glow Ltd,Silk Road Glow Ltd,294 Harbour Road,Capital,0857151267,Samuel Novak,BRK074,2009-10-12,Medical devices,active
IMP00763,T105337,Silver Agro Enterprises,Silver Agro Enterprises,391 Airport Road,Coastal,0726169844,Amina Patel,BRK041,2009-07-18,Food importers,active
IMP00764,T105345,Delta Steel Ltd,Delta Steel Ltd,3 Mill Road,East,0904628279,Omar Rahman,BRK050,2015-03-08,Furniture and household,active
IMP00765,T105353,"Ashcombe Logistics Co., Ltd",Ashcombe Trade,244 Riverside,Coastal,0761700698,Nadia Okafor,BRK042,2011-11-04,Electronics,active
IMP00766,T105358,Evergreen Distribution & Sons,Evergreen Distribution & Sons,10 Mill Road,Coastal,0853286709,Nadia Silva,BRK008,2010-02-03,Tobacco and beverages,active
IMP00767,T105368,Crown Mobile Ltd,Crown Mobile Ltd,373 Bazaar Lane,Coastal,0813403169,Priya Silva,BRK057,2010-07-14,Fuel and chemicals,active
IMP00768,,Inverness Imports Enterprises,Inverness Imports Enterprises,299 Market Street,Capital,0620319496,Grace Mwangi,BRK034,2019-06-06,Textiles and apparel,active
IMP00769,T105376,Crown Agro Enterprises,Crown Agro Enterprises,239 Station Road,Capital,0348501928,Joseph Mensah,BRK008,2010-03-03,Textiles and apparel,active
IMP00770,T105385,Golden Enterprises Ltd,Golden Enterprises Ltd,214 Mill Road,Capital,0652016749,Nadia Rahman,BRK056,2013-12-29,Food importers,active
IMP00771,T105391,Jade Industries Enterprises,Jade Industries Enterprises,343 Market Street,West,0876764897,Priya Chen,BRK038,2017-03-10,Medical devices,active
IMP00772,T105400,Delta Trading Enterprises,Delta Trading Enterprises,267 Temple Street,South,0845057793,Tomas Okafor,BRK049,2021-03-15,General trading,active
IMP00773,T105406,Delta Mobile International Ltd,Delta Trade,114 Garden Lane,East,0523550601,Ravi Novak,BRK065,2025-09-19,Textiles and apparel,active
IMP00774,T105416,Aldergate Textiles Limited,Aldergate Textiles Limited,79 Airport Road,South,0329261461,Joseph Silva,BRK025,2024-01-17,Cosmetics and personal care,active
IMP00775,,Lotus Industries Co.,Lotus Industries Co.,359 Harbour Road,Capital,0375033419,Mei Sato,BRK061,2014-08-04,Tobacco and beverages,active
IMP00776,T105426,Great Wall Pack Enterprises,Great Wall Pack Enterprises,120 Airport Road,East,0306475617,Somchai Okafor,BRK045,2018-07-03,Furniture and household,active
IMP00777,,Meridian Pack Holdings Ltd,Meridian Pack Holdings Ltd,101 Mill Road,West,0359493141,Joseph Ibrahim,BRK021,2017-02-10,Tobacco and beverages,active
IMP00778,T105440,Northern Logistics Partners Ltd,Northern Logistics Partners Ltd,93 Temple Street,East,0994549609,Mei Chen,BRK003,2020-01-28,Electronics,active
IMP00779,T105447,Northern Logistics International Ltd,Northern Logistics International Ltd,192 Bazaar Lane,South,0846583910,Mei Sato,BRK025,2010-03-27,Machinery,active
IMP00780,T105457,Aldergate Pack Enterprises,Aldergate Pack Enterprises,211 Airport Road,Coastal,0519737298,Fatima Chen,BRK055,2011-04-16,Textiles and apparel,active
IMP00781,T105465,Green Valley Distribution Holdings Ltd,Green Valley Distribution Holdings Ltd,304 Airport Road,Capital,0869053736,Tomas Novak,BRK061,2017-05-02,Machinery,active
IMP00782,T105473,"Harmony Agro Co., Ltd","Harmony Agro Co., Ltd",319 Riverside,North,0733216656,Samuel Novak,BRK026,2009-09-11,Medical devices,active
IMP00783,T105478,Green Valley Logistics Limited,Green Valley Logistics Limited,244 Mill Road,North,0763295339,Somchai Ibrahim,BRK056,2018-11-18,Medical devices,active
IMP00784,T105482,Meridian Steel Co.,Meridian Steel Co.,256 Mill Road,South,0557390597,Tomas Osei,BRK002,2011-04-18,Machinery,active
IMP00785,T105492,Saffron Enterprises & Sons,Saffron Enterprises & Sons,86 Temple Street,West,0400904690,Mei Bauer,BRK039,2012-08-22,Tobacco and beverages,active
IMP00786,T105296,Pacific Commercial Group Ltd,Pacific Commercial Group Ltd,219 Industrial Estate,North,0254634380,Priya Patel,BRK073,2013-01-06,Pharmaceuticals,active
IMP00787,T105503,Carrick Supply Partners Ltd,Carrick Supply Partners Ltd,304 Mill Road,Capital,0712736684,Farid Novak,BRK058,2013-08-31,General trading,active
IMP00788,T105512,Meridian Living Enterprises,Meridian Living Enterprises,103 Garden Lane,West,0910673386,Tomas Mensah,BRK044,2018-03-02,Fuel and chemicals,active
IMP00789,T105518,Twin Rivers Electronics & Sons,Twin Rivers Electronics & Sons,302 Station Road,North,0246132443,Elena Patel,BRK012,2017-10-11,Machinery,active
IMP00790,T105525,Summit Commercial & Sons,Summit Commercial & Sons,71 Harbour Road,East,0458515359,Fatima Al-Sayed,BRK080,2025-06-08,General trading,active
IMP00791,T105536,Twin Rivers Agro International Ltd,Twin Rivers Agro International Ltd,391 Riverside,East,0286320135,Somchai Mwangi,BRK055,2024-07-10,Pharmaceuticals,active
IMP00792,T105542,Green Valley Living Group Ltd,Green Valley Living Group Ltd,350 Market Street,South,0822745957,Priya Reyes,BRK045,2017-11-19,Machinery,active
IMP00793,T105550,Lotus Enterprises Ltd,Lotus Enterprises Ltd,185 Market Street,North,0978744595,Amina Haddad,BRK049,2018-10-20,Textiles and apparel,active
IMP00794,T105551,Carrick Industries Partners Ltd,Carrick Industries Partners Ltd,36 Temple Street,South,0740108328,Daniel Sato,BRK022,2014-07-17,General trading,active
IMP00795,T105564,Horizon Glow & Sons,Horizon Glow & Sons,341 Airport Road,Capital,0354718759,Ingrid Kowalski,BRK041,2013-09-05,Pharmaceuticals,active
IMP00796,T105571,Jade Industries Ltd,Jade Industries Ltd,316 Station Road,West,0507805104,Nadia Al-Sayed,BRK059,2011-02-03,Vehicles and parts,active
IMP00797,T105573,Northern Agro Enterprises,Northern Depot,278 Riverside,North,0537284703,Mei Mahmood,BRK065,2020-12-31,Textiles and apparel,active
IMP00798,T105584,Lotus Mobile Ltd,Lotus Mobile Ltd,259 Bazaar Lane,West,0808213703,Omar Bauer,BRK003,2012-09-16,Fuel and chemicals,active
IMP00799,T105587,Phoenix Steel Limited,Phoenix Steel Limited,393 Airport Road,South,0659251370,Fatima Patel,BRK076,2010-04-03,Fuel and chemicals,active
IMP00800,T105595,"Sunrise Electronics Co., Ltd","Sunrise Electronics Co., Ltd",52 Riverside,West,0772916607,Kenji Okafor,BRK027,2016-02-19,Steel and construction,active
IMP00801,T105606,Silk Road Textiles Enterprises,Silk Trade,301 Market Street,West,0446609501,Nadia Rahman,BRK058,2020-09-28,Electronics,active
IMP00802,T105608,"Pacific Textiles Co., Ltd","Pacific Textiles Co., Ltd",320 Industrial Estate,West,0369125021,Daniel Nguyen-Lee,BRK040,2020-08-18,Machinery,active
IMP00803,T105616,Sunrise Electronics Holdings Ltd,Sunrise Electronics Holdings Ltd,16 Temple Street,South,0415508502,Aisha Silva,BRK073,2017-04-29,Pharmaceuticals,active
IMP00804,T105625,Green Valley Foods International Ltd,Green Valley Foods International Ltd,262 Industrial Estate,West,0897857941,Fatima Chen,BRK051,2014-11-11,Electronics,active
IMP00805,T105632,Pacific Glow & Sons,Pacific Glow & Sons,29 Industrial Estate,West,0217976878,Lucia Haddad,BRK055,2024-10-18,General trading,active
IMP00806,T105640,Saffron Imports Enterprises,Saffron Imports Enterprises,110 Market Street,West,0900936259,Kenji Okafor,BRK021,2016-03-22,Electronics,active
IMP00807,T105646,"Saffron Supply Co., Ltd","Saffron Supply Co., Ltd",341 Garden Lane,Capital,0239708338,Grace Mahmood,BRK007,2026-03-15,Machinery,active
IMP00808,T105651,Metro Logistics & Sons,Metro Logistics & Sons,33 Market Street,Capital,0687024908,Kenji Bauer,BRK077,2010-02-11,Fuel and chemicals,active
IMP00809,T105659,Arden Glow Limited,Arden Glow Limited,228 Industrial Estate,Capital,0721397792,Kenji Osei,BRK021,2009-11-04,Fuel and chemicals,active
IMP00810,T105667,Crown Commercial International Ltd,Crown Commercial International Ltd,233 Temple Street,West,0620288258,Tomas Ibrahim,BRK009,2020-04-25,Electronics,active
IMP00811,T105673,"Aldergate Commercial Co., Ltd","Aldergate Commercial Co., Ltd",219 Mill Road,South,0664864009,Daniel Rahman,BRK037,2017-08-14,Tobacco and beverages,active
IMP00812,T105677,United Agro Ltd,United Agro Ltd,91 Market Street,East,0627233073,Lucia Ibrahim,BRK076,2021-11-25,Steel and construction,active
IMP00813,T105684,"Aldergate Fruits Co., Ltd","Aldergate Fruits Co., Ltd",65 Mill Road,East,0435857016,Farid Rahman,BRK061,2022-07-21,Machinery,active
IMP00814,T105696,Carrick Supply & Sons,Carrick Supply & Sons,333 Garden Lane,Coastal,0401222847,Daniel Nguyen-Lee,BRK002,2013-03-22,Textiles and apparel,active
IMP00815,T105700,Pacific Logistics Group Ltd,Pacific Mart,170 Riverside,South,0988019907,Somchai Osei,BRK031,2020-05-07,Electronics,active
IMP00816,T105708,Evergreen Foods International Ltd,Evergreen Foods International Ltd,393 Mill Road,North,0801240718,Ingrid Haddad,BRK043,2021-03-29,Electronics,active
IMP00817,,Lotus Distribution Enterprises,Lotus Distribution Enterprises,367 Garden Lane,West,0203065230,Mei Reyes,BRK080,2014-10-03,Tobacco and beverages,active
IMP00818,T105721,Meridian Trading Limited,Meridian Trading Limited,196 Temple Street,Capital,0285752477,Joseph Al-Sayed,BRK059,2010-02-27,Furniture and household,active
IMP00819,T105730,"Sunrise Mobile Co., Ltd","Sunrise Mobile Co., Ltd",380 Airport Road,South,0783838695,Kenji Fernandes,BRK019,2008-07-06,Tobacco and beverages,active
IMP00820,T105738,Metro Industries & Sons,Metro Industries & Sons,78 Garden Lane,North,0807948293,Omar Kowalski,BRK079,2009-01-26,Textiles and apparel,active
IMP00821,T105741,Meridian Medical International Ltd,Meridian Medical International Ltd,221 Industrial Estate,West,0897793747,Farid Tanaka,BRK072,2016-07-07,Furniture and household,active
IMP00822,T105747,Orchid Commercial Limited,Orchid Commercial Limited,233 Station Road,Coastal,0376318806,Lucia Ibrahim,BRK038,2019-05-08,Electronics,active
IMP00823,T105759,Lotus Living Partners Ltd,Lotus Living Partners Ltd,145 Harbour Road,North,0788174373,Priya Reyes,BRK080,2012-08-05,Textiles and apparel,active
IMP00824,T105763,Sunrise Electronics Co.,Sunrise Electronics Co.,135 Market Street,North,0510721668,Somchai Rahman,BRK018,2019-02-22,General trading,active
IMP00825,T105774,Pacific Living Limited,Pacific Centre,222 Airport Road,North,0310631067,Ingrid Tanaka,BRK075,2009-09-06,Pharmaceuticals,active
IMP00826,T105779,Great Wall Logistics & Sons,Great Centre,280 Harbour Road,West,0302257828,Somchai Chen,BRK029,2021-11-24,Steel and construction,active
IMP00827,T105785,Metro Distribution Ltd,Metro Distribution Ltd,226 Harbour Road,South,0390509725,Farid Kowalski,BRK032,2017-07-23,Food importers,active
IMP00828,,Metro Living Enterprises,Metro Living Enterprises,41 Mill Road,Capital,0309746278,Ingrid Mensah,BRK077,2011-03-21,Tobacco and beverages,active
IMP00829,T105797,Inverness Electronics Partners Ltd,Inverness Electronics Partners Ltd,173 Market Street,Capital,0469286040,Aisha Haddad,BRK061,2011-04-23,Pharmaceuticals,active
IMP00830,T105807,Silver Electronics Limited,Silver Electronics Limited,192 Harbour Road,Capital,0724132537,Hassan Mwangi,BRK010,2014-10-09,Vehicles and parts,active
IMP00831,T105816,United Logistics Co.,United Logistics Co.,4 Garden Lane,Coastal,0345458706,Farid Patel,BRK043,2024-10-07,Pharmaceuticals,active
IMP00832,T105821,Central Supply Holdings Ltd,Central Supply Holdings Ltd,286 Riverside,East,0217259578,Priya Nguyen-Lee,BRK041,2012-02-07,Vehicles and parts,active
IMP00833,T105825,Global Industries Co.,Global Industries Co.,267 Garden Lane,East,0683442102,Ingrid Mensah,BRK064,2019-02-23,Pharmaceuticals,active
IMP00834,T109837,Great Wall Motors Enterprises,Great Wall Motors Enterprises,293 Industrial Estate,West,0371463596,Daniel Al-Sayed,BRK078,2017-11-14,Machinery,active
IMP00835,T105843,Inverness Living & Sons,Inverness Living & Sons,180 Bazaar Lane,West,0594066867,Nadia Mwangi,BRK033,2013-09-08,Tobacco and beverages,active
IMP00836,T105847,Orchid Glow Enterprises,Orchid Glow Enterprises,340 Market Street,North,0310745483,Ravi Rahman,BRK030,2017-06-09,Food importers,active
IMP00837,T105853,Phoenix Living International Ltd,Phoenix Living International Ltd,366 Airport Road,Capital,0275787643,Nadia Rahman,BRK036,2021-02-17,Tobacco and beverages,active
IMP00838,T105860,Great Wall Electronics Ltd,Great Wall Electronics Ltd,230 Market Street,South,0738294324,Amina Rahman,BRK080,2021-06-18,Textiles and apparel,active
IMP00839,T105868,Coral Distribution Enterprises,Coral Distribution Enterprises,385 Airport Road,Capital,0929167839,Farid Mwangi,BRK041,2014-09-02,Pharmaceuticals,active
IMP00840,T105875,"Carrick Agro Co., Ltd","Carrick Agro Co., Ltd",379 Airport Road,North,0482534899,Elena Osei,BRK021,2012-05-16,Tobacco and beverages,active
IMP00841,T105885,Orchid Textiles Enterprises,Orchid Textiles Enterprises,57 Airport Road,South,0734545797,Samuel Sato,BRK077,2012-01-04,Furniture and household,active
IMP00842,T105892,Pacific Medical & Sons,Pacific Mart,215 Airport Road,South,0920510260,Lucia Osei,BRK056,2011-12-04,Textiles and apparel,active
IMP00843,T105896,Inverness Distribution & Sons,Inverness Distribution & Sons,260 Industrial Estate,South,0232172620,Omar Sato,BRK041,2014-11-07,General trading,active
IMP00844,T185904,Great Wall Imports Co.,Great Wall Imports Co.,36 Garden Lane,Capital,0697097226,Grace Patel,BRK079,2025-04-13,Vehicles and parts,active
IMP00845,T105908,Twin Rivers Distribution Limited,Twin Rivers Distribution Limited,232 Market Street,West,0656759693,Ingrid Al-Sayed,BRK079,2012-07-16,Furniture and household,active
IMP00846,T105921,Royal Logistics International Ltd,Royal Store,331 Harbour Road,Coastal,0974726531,Omar Sato,BRK029,2021-04-07,General trading,active
IMP00847,T105924,Golden Motors Holdings Ltd,Golden Motors Holdings Ltd,288 Airport Road,South,0717064564,Omar Haddad,BRK012,2017-12-06,Textiles and apparel,active
IMP00848,T105933,Blue Ocean Mobile Co.,Blue Ocean Mobile Co.,52 Temple Street,Coastal,0423649279,Nadia Kowalski,BRK038,2009-05-29,Food importers,suspended
IMP00849,T105940,"Inverness Mobile Co., Ltd","Inverness Mobile Co., Ltd",352 Harbour Road,East,0220727327,Ravi Mensah,BRK037,2009-09-06,Vehicles and parts,active
IMP00850,T105944,United Industries & Sons,United Industries & Sons,5 Bazaar Lane,Coastal,0434044927,Mei Reyes,BRK008,2008-07-03,Medical devices,active
IMP00851,T105956,Coral Electronics Holdings Ltd,Coral Electronics Holdings Ltd,335 Mill Road,Capital,0727865396,Aisha Tanaka,BRK010,2017-02-03,Pharmaceuticals,active
IMP00852,T105960,Saffron Commercial Limited,Saffron Commercial Limited,398 Mill Road,Capital,0408375454,Daniel Mensah,BRK053,2009-01-29,Food importers,active
IMP00853,T105968,Twin Rivers Electronics Enterprises,Twin Rivers Electronics Enterprises,301 Temple Street,East,0586631082,Mei Kowalski,BRK050,2014-07-17,Cosmetics and personal care,active
IMP00854,T105973,Global Pack Ltd,Global Pack Ltd,168 Mill Road,West,0229745483,Fatima Chen,BRK042,2025-08-02,Medical devices,active
IMP00855,T105983,Northern Pack International Ltd,Northern Pack International Ltd,297 Riverside,North,0880993909,Omar Patel,BRK022,2014-08-17,Textiles and apparel,active
IMP00856,T105985,Dunmore Agro Group Ltd,Dunmore Agro Group Ltd,108 Mill Road,South,0749507308,Hassan Mahmood,BRK033,2015-08-03,Pharmaceuticals,active
IMP00857,T105996,Jade Medical Holdings Ltd,Jade Medical Holdings Ltd,333 Harbour Road,West,0680292221,Priya Rahman,BRK029,2022-02-13,Cosmetics and personal care,active
IMP00858,,Great Wall Industries Group Ltd,Great Wall Industries Group Ltd,235 Mill Road,South,0554371822,Ingrid Al-Sayed,BRK025,2018-07-28,Tobacco and beverages,active
IMP00859,T106011,Sunrise Foods Enterprises,Sunrise Foods Enterprises,210 Airport Road,East,0549317637,Somchai Ibrahim,BRK002,2011-05-03,Medical devices,active
IMP00860,T106014,Twin Rivers Foods Holdings Ltd,Twin Rivers Foods Holdings Ltd,174 Temple Street,East,0879354175,Ingrid Novak,BRK021,2016-11-07,Furniture and household,active
IMP00861,T106021,Saffron Medical Holdings Ltd,Saffron Medical Holdings Ltd,78 Harbour Road,Coastal,0618815446,Samuel Al-Sayed,BRK047,2010-12-03,Food importers,active
IMP00862,T106028,Evergreen Supply Co.,Evergreen Supply Co.,52 Mill Road,South,0849960358,Elena Al-Sayed,BRK065,2012-09-09,Medical devices,active
IMP00863,T106036,Golden Living & Sons,Golden Living & Sons,4 Garden Lane,Coastal,0636078666,Lucia Okafor,BRK058,2008-01-07,Electronics,active
IMP00864,T106047,Carrick Textiles & Sons,Carrick Textiles & Sons,113 Garden Lane,West,0955223057,Mei Sato,BRK067,2019-07-23,Food importers,active
IMP00865,T106053,"Jade Medical Co., Ltd","Jade Medical Co., Ltd",228 Bazaar Lane,North,0389449494,Fatima Al-Sayed,BRK019,2015-12-29,Electronics,active
IMP00866,T106056,Pacific Mobile Group Ltd,Pacific Mobile Group Ltd,58 Bazaar Lane,East,0224708251,Joseph Ibrahim,BRK059,2014-07-19,Steel and construction,active
IMP00867,T106065,"Silver Steel Co., Ltd","Silver Steel Co., Ltd",118 Industrial Estate,East,0569008133,Ravi Al-Sayed,BRK079,2025-10-09,Tobacco and beverages,active
IMP00868,T106069,Prescott Motors International Ltd,Prescott Motors International Ltd,135 Garden Lane,Capital,0899756871,Farid Tanaka,BRK068,2009-01-07,Textiles and apparel,active
IMP00869,T106080,"Coral Glow Co., Ltd","Coral Glow Co., Ltd",43 Bazaar Lane,North,0547008950,Aisha Rahman,BRK055,2025-01-28,Pharmaceuticals,active
IMP00870,T106084,Star Steel Group Ltd,Star Steel Group Ltd,64 Mill Road,East,0540422306,Grace Tanaka,BRK031,2009-10-12,Tobacco and beverages,active
IMP00871,T106092,"Ashcombe Foods Co., Ltd","Ashcombe Foods Co., Ltd",115 Industrial Estate,West,0455901236,Ingrid Reyes,BRK018,2014-04-20,Furniture and household,active
IMP00872,T106098,Ocean Steel & Sons,Ocean Steel & Sons,30 Market Street,West,0581236196,Joseph Mensah,BRK022,2025-04-13,Food importers,active
IMP00873,T106106,Jade Motors Limited,Jade Motors Limited,296 Bazaar Lane,West,0985790770,Omar Okafor,BRK063,2019-01-11,Machinery,active
IMP00874,T106113,Pacific Distribution Limited,Pacific Distribution Limited,139 Garden Lane,West,0723676989,Grace Sato,BRK053,2020-11-03,Textiles and apparel,active
IMP00875,T106119,Green Valley Imports Enterprises,Green Valley Imports Enterprises,139 Riverside,West,0883300955,Omar Rahman,BRK012,2013-04-12,Furniture and household,active
IMP00876,T106129,Royal Logistics Partners Ltd,Royal Logistics Partners Ltd,4 Temple Street,North,0843852637,Aisha Ibrahim,BRK015,2011-02-17,Food importers,active
IMP00877,T106137,Metro Living Limited,Metro Living Limited,56 Riverside,South,0233251634,Samuel Mahmood,BRK032,2012-11-03,Machinery,active
IMP00878,T106145,Silver Trading Ltd,Silver Trading Ltd,391 Garden Lane,South,0996368986,Grace Chen,BRK014,2021-03-14,Furniture and household,active
IMP00879,T106150,Meridian Pack International Ltd,Meridian Pack International Ltd,91 Mill Road,Capital,0750009710,Priya Sato,BRK059,2015-04-09,Machinery,active
IMP00880,T106159,Blue Ocean Steel Co.,Blue Ocean Steel Co.,226 Mill Road,Capital,0581495823,Elena Ibrahim,BRK006,2009-08-08,Fuel and chemicals,active
IMP00881,,Central Distribution Enterprises,Central Distribution Enterprises,157 Bazaar Lane,West,0972915287,Tomas Mensah,BRK059,2021-11-01,Tobacco and beverages,active
IMP00882,T106167,Ashcombe Medical International Ltd,Ashcombe Medical International Ltd,14 Temple Street,West,0896726172,Elena Chen,BRK043,2010-09-26,Fuel and chemicals,active
IMP00883,T106175,Delta Enterprises Partners Ltd,Delta Enterprises Partners Ltd,59 Industrial Estate,West,0537542562,Grace Sato,BRK040,2009-02-23,Machinery,active
IMP00884,T106182,Eastern Electronics Group Ltd,Eastern Electronics Group Ltd,153 Airport Road,East,0826325405,Tomas Fernandes,BRK008,2026-02-22,Pharmaceuticals,active
IMP00885,,Twin Rivers Foods Limited,Twin Rivers Foods Limited,343 Industrial Estate,West,0937217502,Mei Mahmood,BRK024,2013-03-27,Medical devices,active
IMP00886,,"Cobalt Agro Co., Ltd","Cobalt Agro Co., Ltd",148 Riverside,East,0906650809,Priya Al-Sayed,BRK021,2022-03-26,Tobacco and beverages,active
IMP00887,T106203,Horizon Agro Co.,Horizon Mart,110 Mill Road,North,0260489658,Joseph Haddad,BRK079,2015-07-18,Fuel and chemicals,active
IMP00888,T106210,Blue Ocean Commercial Partners Ltd,Blue Ocean Commercial Partners Ltd,167 Mill Road,Coastal,0246474881,Omar Silva,BRK046,2016-03-23,Steel and construction,active
IMP00889,T106219,Golden Industries International Ltd,Golden Industries International Ltd,327 Harbour Road,West,0268675303,Somchai Rahman,BRK044,2014-05-07,Vehicles and parts,active
IMP00890,T106224,Golden Electronics Limited,Golden Electronics Limited,4 Riverside,North,0549641230,Ingrid Okafor,BRK021,2020-11-19,Food importers,active
IMP00891,T106236,Twin Rivers Electronics Co.,Twin Centre,149 Market Street,South,0344690911,Joseph Bauer,BRK024,2024-08-08,Machinery,active
IMP00892,T106240,Delta Fruits Holdings Ltd,Delta Fruits Holdings Ltd,340 Industrial Estate,West,0459640429,Joseph Rahman,BRK027,2008-09-22,General trading,active
IMP00893,T106745,"Golden Commercial Co., Ltd","Golden Commercial Co., Ltd",199 Industrial Estate,North,0416285316,Nadia Ibrahim,BRK024,2019-12-25,Pharmaceuticals,active
IMP00894,,Evergreen Agro Ltd,Evergreen Agro Ltd,242 Airport Road,North,0333172554,Elena Haddad,BRK021,2014-01-24,Tobacco and beverages,active
IMP00895,T106261,Carrick Medical Limited,Carrick Medical Limited,238 Temple Street,South,0363970007,Joseph Mensah,BRK068,2019-03-21,Steel and construction,active
IMP00896,T106270,Silk Road Commercial Group Ltd,Silk Road Commercial Group Ltd,298 Market Street,Capital,0357819819,Daniel Fernandes,BRK054,2016-05-05,Textiles and apparel,active
IMP00897,T106276,Prescott Fruits Group Ltd,Prescott Fruits Group Ltd,134 Riverside,East,0371374340,Tomas Okafor,BRK034,2016-02-26,Pharmaceuticals,active
IMP00898,T106281,Great Wall Textiles Ltd,Great Wall Textiles Ltd,281 Garden Lane,Capital,0846768038,Lucia Fernandes,BRK008,2016-08-31,Furniture and household,active
IMP00899,T106289,Sunrise Imports Group Ltd,Sunrise Imports Group Ltd,374 Temple Street,North,0425949318,Nadia Mahmood,BRK015,2010-11-04,Textiles and apparel,active
IMP00900,T106297,Golden Glow Partners Ltd,Golden Glow Partners Ltd,227 Mill Road,South,0349427501,Kenji Nguyen-Lee,BRK016,2008-06-05,Vehicles and parts,active
IMP00901,T100070,Evergreen Fruits Holdings Ltd,Evergreen Fruits Holdings Ltd,346 Market Street,North,0938469517,Amina Silva,BRK015,2012-10-29,Medical devices,active
IMP00902,T106313,Horizon Trading Co.,Horizon Trading Co.,126 Station Road,Coastal,0966791784,Kenji Ibrahim,BRK058,2009-03-28,Electronics,active
IMP00903,T106318,Delta Imports Group Ltd,Delta Imports Group Ltd,54 Garden Lane,North,0485938012,Tomas Ibrahim,BRK063,2020-12-20,Steel and construction,active
IMP00904,T106327,Twin Rivers Mobile Limited,Twin Rivers Mobile Limited,389 Garden Lane,West,0574380719,Elena Tanaka,BRK056,2017-08-11,Medical devices,active
IMP00905,T106334,Summit Agro Holdings Ltd,Summit Agro Holdings Ltd,241 Bazaar Lane,West,0429891280,Mei Nguyen-Lee,BRK023,2021-06-20,Cosmetics and personal care,active
IMP00906,T106341,Silk Road Pack Partners Ltd,Silk Road Pack Partners Ltd,386 Industrial Estate,West,0863626760,Grace Fernandes,BRK078,2013-09-30,Tobacco and beverages,active
IMP00907,T106347,Metro Textiles Co.,Metro Textiles Co.,79 Harbour Road,West,0942980369,Amina Okafor,BRK015,2016-07-22,Pharmaceuticals,active
IMP00908,T106351,Prime Pack Co.,Prime Pack Co.,205 Bazaar Lane,South,0615759361,Tomas Patel,BRK057,2010-05-12,Steel and construction,active
IMP00909,T106362,Carrick Living Partners Ltd,Carrick Living Partners Ltd,187 Harbour Road,North,0221456995,Fatima Nguyen-Lee,BRK014,2014-09-06,Machinery,active
IMP00910,T106365,Delta Logistics Holdings Ltd,Delta Logistics Holdings Ltd,366 Airport Road,West,0200329578,Amina Chen,BRK034,2012-08-02,Fuel and chemicals,active
IMP00911,T106372,Ocean Industries Enterprises,Ocean Industries Enterprises,275 Station Road,East,0424820984,Tomas Mensah,BRK038,2025-05-19,Fuel and chemicals,active
IMP00912,T106383,"Golden Motors Co., Ltd","Golden Motors Co., Ltd",58 Temple Street,East,0689537658,Somchai Mwangi,BRK039,2011-10-25,Textiles and apparel,active
IMP00913,T106384,Great Wall Pack Group Ltd,Great Wall Pack Group Ltd,177 Airport Road,West,0749550835,Samuel Mwangi,BRK068,2020-01-06,Furniture and household,active
IMP00914,T106395,Prescott Trading Ltd,Prescott Trading Ltd,34 Riverside,Capital,0836863553,Grace Sato,BRK061,2015-03-26,Food importers,active
IMP00915,T106401,Aldergate Distribution Holdings Ltd,Aldergate Distribution Holdings Ltd,229 Station Road,North,0756568607,Fatima Okafor,BRK037,2016-11-27,Steel and construction,active
IMP00916,T106408,Evergreen Textiles Group Ltd,Evergreen Trade,215 Airport Road,Coastal,0846605888,Elena Silva,BRK007,2008-10-20,Tobacco and beverages,active
IMP00917,T106414,Dunmore Distribution Limited,Dunmore Distribution Limited,130 Station Road,Coastal,0650130368,Tomas Novak,BRK004,2023-11-14,Textiles and apparel,active
IMP00918,T106424,Blue Ocean Logistics Co.,Blue Ocean Logistics Co.,36 Garden Lane,North,0804796154,Mei Reyes,BRK018,2011-04-22,Furniture and household,suspended
IMP00919,T106426,Inverness Foods Group Ltd,Inverness Foods Group Ltd,339 Garden Lane,East,0321788987,Omar Nguyen-Lee,BRK069,2010-05-10,Medical devices,active
IMP00920,T106433,Dunmore Foods Group Ltd,Dunmore Foods Group Ltd,254 Industrial Estate,West,0261493130,Fatima Sato,BRK074,2024-09-23,Textiles and apparel,active
IMP00921,T106441,Horizon Trading Ltd,Horizon Trading Ltd,84 Garden Lane,Coastal,0869698660,Nadia Mwangi,BRK024,2016-12-16,Tobacco and beverages,active
IMP00922,T106451,Phoenix Fruits Ltd,Phoenix Fruits Ltd,215 Harbour Road,South,0395340522,Omar Tanaka,BRK052,2024-06-21,Medical devices,active
IMP00923,T106455,Golden Agro Holdings Ltd,Golden Agro Holdings Ltd,382 Harbour Road,Coastal,0704114988,Somchai Fernandes,BRK051,2017-05-23,Food importers,active
IMP00924,T106463,Evergreen Motors Holdings Ltd,Evergreen Motors Holdings Ltd,337 Airport Road,North,0408459685,Lucia Patel,BRK008,2017-02-20,Textiles and apparel,active
IMP00925,T106469,United Supply Limited,United Trade,315 Mill Road,South,0816769281,Tomas Novak,BRK036,2018-04-20,Vehicles and parts,active
IMP00926,T106477,Metro Steel Partners Ltd,Metro Steel Partners Ltd,358 Market Street,Coastal,0402667378,Amina Bauer,BRK014,2012-01-11,Fuel and chemicals,active
IMP00927,T106488,Global Commercial & Sons,Global Commercial & Sons,136 Temple Street,East,0678549711,Aisha Mahmood,BRK021,2013-09-16,Food importers,active
IMP00928,T106489,Evergreen Medical Holdings Ltd,Evergreen Medical Holdings Ltd,267 Riverside,North,0773106728,Grace Bauer,BRK016,2017-11-17,Pharmaceuticals,active
IMP00929,T106499,Global Distribution Co.,Global Distribution Co.,328 Industrial Estate,East,0454220876,Joseph Kowalski,BRK028,2021-09-24,Electronics,active
IMP00930,T106506,United Imports Partners Ltd,United Imports Partners Ltd,64 Temple Street,Capital,0593587269,Somchai Sato,BRK062,2018-03-07,Steel and construction,active
IMP00931,T106516,Crown Trading Holdings Ltd,Crown Trading Holdings Ltd,276 Station Road,North,0701288302,Daniel Okafor,BRK068,2026-03-01,Tobacco and beverages,active
IMP00932,T106523,Ocean Trading Limited,Ocean Trading Limited,375 Industrial Estate,Coastal,0956804485,Kenji Mensah,BRK043,2011-07-24,General trading,active
IMP00933,T106525,Evergreen Fruits Enterprises,Evergreen Fruits Enterprises,196 Garden Lane,South,0758218520,Tomas Chen,BRK028,2010-06-13,Vehicles and parts,active
IMP00934,T106535,Summit Supply Co.,Summit Supply Co.,168 Airport Road,East,0623834800,Farid Osei,BRK038,2020-03-25,Cosmetics and personal care,active
IMP00935,T106540,Silver Steel Co.,Silver Steel Co.,273 Industrial Estate,West,0405806689,Amina Sato,BRK026,2009-02-22,Vehicles and parts,active
IMP00936,T106549,United Steel International Ltd,United Steel International Ltd,5 Industrial Estate,Capital,0444633844,Joseph Mwangi,BRK059,2018-03-07,Pharmaceuticals,active
IMP00937,T106552,Saffron Textiles International Ltd,Saffron Textiles International Ltd,136 Harbour Road,North,0674088890,Fatima Patel,BRK037,2014-02-12,Furniture and household,active
IMP00938,T106561,Silver Mobile & Sons,Silver Mobile & Sons,333 Garden Lane,East,0329764333,Amina Rahman,BRK029,2025-12-24,Fuel and chemicals,active
IMP00939,T100070,Metro Steel Holdings Ltd,Metro Mart,346 Market Street,North,0938469517,Priya Silva,BRK015,2019-12-09,Machinery,active
IMP00940,T106577,Aldergate Electronics Holdings Ltd,Aldergate Electronics Holdings Ltd,244 Airport Road,Capital,0516056801,Aisha Al-Sayed,BRK023,2024-01-01,General trading,active
IMP00941,T106582,Dunmore Mobile Group Ltd,Dunmore Mobile Group Ltd,143 Bazaar Lane,South,0490935303,Farid Al-Sayed,BRK046,2019-10-08,Tobacco and beverages,active
IMP00942,T106589,Aldergate Living Holdings Ltd,Aldergate Living Holdings Ltd,75 Riverside,West,0396766027,Elena Al-Sayed,BRK062,2008-08-03,General trading,suspended
IMP00943,,Ocean Enterprises & Sons,Ocean Enterprises & Sons,28 Industrial Estate,North,0752909565,Nadia Patel,BRK003,2009-02-25,Tobacco and beverages,active
IMP00944,T106607,Silk Road Mobile Partners Ltd,Silk Road Mobile Partners Ltd,93 Market Street,South,0447280383,Fatima Sato,BRK043,2025-06-18,Cosmetics and personal care,active
IMP00945,T106608,Saffron Industries International Ltd,Saffron Industries International Ltd,48 Station Road,Capital,0232313229,Ingrid Haddad,BRK038,2011-12-16,Pharmaceuticals,active
IMP00946,T106616,Dunmore Pack & Sons,Dunmore Pack & Sons,346 Market Street,North,0806405464,Priya Sato,BRK029,2021-03-23,Tobacco and beverages,active
IMP00947,T106627,Summit Textiles International Ltd,Summit Textiles International Ltd,166 Station Road,Capital,0317792184,Somchai Mahmood,BRK023,2020-07-20,Machinery,active
IMP00948,T106630,Inverness Motors Holdings Ltd,Inverness Motors Holdings Ltd,62 Market Street,Capital,0860518702,Joseph Silva,BRK049,2024-08-10,Food importers,active
IMP00949,T106640,Horizon Industries International Ltd,Horizon Industries International Ltd,362 Temple Street,Coastal,0477526244,Kenji Silva,BRK050,2018-01-28,Fuel and chemicals,active
IMP00950,,Central Enterprises Co.,Central Enterprises Co.,191 Garden Lane,South,0946646378,Hassan Kowalski,BRK041,2021-05-20,Tobacco and beverages,active
IMP00951,T106654,Arden Logistics Group Ltd,Arden Logistics Group Ltd,18 Garden Lane,West,0394100092,Daniel Reyes,BRK007,2014-02-03,Steel and construction,active
IMP00952,T106660,Harmony Logistics & Sons,Harmony Logistics & Sons,151 Garden Lane,Coastal,0669925712,Grace Chen,BRK059,2008-07-16,Textiles and apparel,active
IMP00953,T106664,Dunmore Foods Ltd,Dunmore Foods Ltd,43 Airport Road,Coastal,0467360841,Samuel Ibrahim,BRK005,2012-05-07,Cosmetics and personal care,active
IMP00954,T106671,Northern Enterprises Enterprises,Northern Enterprises Enterprises,97 Bazaar Lane,Coastal,0402796811,Daniel Silva,BRK067,2020-06-11,Furniture and household,active
IMP00955,T106683,Phoenix Trading Group Ltd,Phoenix Trading Group Ltd,128 Harbour Road,Coastal,0962797342,Farid Fernandes,BRK008,2014-08-14,General trading,active
IMP00956,T106686,Golden Living Group Ltd,Golden Living Group Ltd,97 Garden Lane,Coastal,0333278140,Kenji Bauer,BRK005,2009-10-31,Furniture and household,active
IMP00957,T106692,Phoenix Fruits International Ltd,Phoenix Fruits International Ltd,249 Temple Street,South,0404132877,Somchai Al-Sayed,BRK075,2025-12-31,Steel and construction,active
IMP00958,T106704,Star Medical & Sons,Star Medical & Sons,219 Mill Road,East,0525982958,Ingrid Tanaka,BRK031,2021-10-30,Vehicles and parts,active
IMP00959,T106709,Orchid Distribution Holdings Ltd,Orchid Store,144 Riverside,Capital,0799950704,Hassan Mahmood,BRK073,2018-11-21,Fuel and chemicals,active
IMP00960,T106719,Horizon Imports & Sons,Horizon Imports & Sons,293 Mill Road,Capital,0377547115,Hassan Al-Sayed,BRK021,2017-03-05,Machinery,active
IMP00961,T106720,Ocean Electronics International Ltd,Ocean Electronics International Ltd,209 Bazaar Lane,Capital,0479227075,Kenji Fernandes,BRK043,2021-09-03,Electronics,active
IMP00962,T106731,Pacific Living Partners Ltd,Pacific Living Partners Ltd,119 Garden Lane,South,0295661041,Ravi Patel,BRK066,2022-05-08,Tobacco and beverages,active
IMP00963,T106740,"Central Electronics Co., Ltd","Central Electronics Co., Ltd",273 Market Street,East,0527618085,Samuel Silva,BRK012,2013-06-15,Vehicles and parts,active
IMP00964,T106747,Prescott Distribution Co.,Prescott Distribution Co.,18 Bazaar Lane,Coastal,0660903496,Nadia Chen,BRK048,2011-12-30,Machinery,active
IMP00965,T106754,"Phoenix Mobile Co., Ltd","Phoenix Mobile Co., Ltd",269 Bazaar Lane,South,0952145434,Daniel Silva,BRK021,2008-02-12,Tobacco and beverages,active
IMP00966,T106758,Pacific Pack Co.,Pacific Pack Co.,305 Mill Road,Coastal,0287252747,Amina Chen,BRK058,2025-04-02,Tobacco and beverages,active
IMP00967,T106765,"Prime Electronics Co., Ltd","Prime Electronics Co., Ltd",314 Station Road,Capital,0343428419,Amina Tanaka,BRK068,2021-11-03,Cosmetics and personal care,active
IMP00968,T106770,"Evergreen Agro Co., Ltd",Evergreen Trade,390 Harbour Road,East,0282603580,Daniel Nguyen-Lee,BRK032,2011-06-08,Fuel and chemicals,active
IMP00969,T106777,Ashcombe Enterprises Holdings Ltd,Ashcombe Enterprises Holdings Ltd,74 Airport Road,South,0335974039,Tomas Mahmood,BRK010,2025-08-07,Textiles and apparel,active
IMP00970,T806787,Blue Ocean Agro Holdings Ltd,Blue Ocean Agro Holdings Ltd,261 Mill Road,South,0702623410,Ingrid Bauer,BRK055,2016-09-25,Steel and construction,active
IMP00971,T106791,Inverness Pack Enterprises,Inverness Pack Enterprises,251 Bazaar Lane,Capital,0419972080,Amina Novak,BRK018,2016-10-02,Machinery,active
IMP00972,T106803,Metro Steel Ltd,Metro Steel Ltd,91 Temple Street,Coastal,0842118292,Amina Ibrahim,BRK015,2012-02-11,Furniture and household,active
IMP00973,T106805,Evergreen Imports Enterprises,Evergreen Centre,308 Temple Street,North,0277796994,Priya Haddad,BRK021,2015-12-17,General trading,active
IMP00974,T106813,Dunmore Living Partners Ltd,Dunmore Living Partners Ltd,338 Harbour Road,North,0288187138,Hassan Osei,BRK010,2009-09-12,Cosmetics and personal care,active
IMP00975,T106823,Pacific Commercial Partners Ltd,Pacific Centre,372 Market Street,Coastal,0854462294,Ingrid Ibrahim,BRK017,2012-05-16,Textiles and apparel,active
IMP00976,T106829,Twin Rivers Agro Co.,Twin Rivers Agro Co.,278 Station Road,South,0365363260,Hassan Rahman,BRK025,2022-06-03,Cosmetics and personal care,active
IMP00977,T106833,Jade Supply Partners Ltd,Jade Supply Partners Ltd,389 Industrial Estate,North,0750236744,Grace Mahmood,BRK065,2009-01-19,Pharmaceuticals,active
IMP00978,T166841,Pacific Electronics Co.,Pacific Electronics Co.,146 Industrial Estate,South,0396125613,Aisha Kowalski,BRK043,2021-10-03,Cosmetics and personal care,active
IMP00979,T106851,Prime Mobile & Sons,Prime Mobile & Sons,209 Riverside,North,0219771967,Fatima Bauer,BRK073,2019-04-05,Fuel and chemicals,active
IMP00980,T106858,Harmony Mobile Group Ltd,Harmony Mobile Group Ltd,141 Airport Road,North,0865179053,Ravi Sato,BRK046,2022-06-25,Furniture and household,active
IMP00981,T106860,Global Imports Ltd,Global Imports Ltd,34 Harbour Road,East,0482282116,Mei Sato,BRK068,2009-03-04,General trading,active
IMP00982,T106868,Cobalt Supply Holdings Ltd,Cobalt Supply Holdings Ltd,188 Airport Road,North,0849127190,Joseph Reyes,BRK030,2025-03-24,Vehicles and parts,active
IMP00983,T106874,"Evergreen Steel Co., Ltd","Evergreen Steel Co., Ltd",230 Garden Lane,Coastal,0773591550,Amina Sato,BRK078,2011-09-29,Fuel and chemicals,active
IMP00984,T106881,Silk Road Commercial Holdings Ltd,Silk Centre,310 Harbour Road,Capital,0764815449,Kenji Mensah,BRK072,2011-01-13,Furniture and household,active
IMP00985,T106892,Arden Industries Group Ltd,Arden Industries Group Ltd,391 Harbour Road,West,0352701602,Joseph Osei,BRK014,2020-08-07,Machinery,active
IMP00986,T106901,Inverness Glow Enterprises,Inverness Glow Enterprises,358 Garden Lane,Capital,0679969137,Farid Haddad,BRK047,2019-08-17,Textiles and apparel,active
IMP00987,T106907,Ocean Pack Co.,Ocean Pack Co.,142 Garden Lane,North,0207794656,Tomas Patel,BRK008,2013-07-22,Vehicles and parts,active
IMP00988,T106912,Metro Living Holdings Ltd,Metro Trade,315 Airport Road,West,0798736676,Farid Tanaka,BRK043,2018-11-20,Furniture and household,active
IMP00989,T106922,Summit Industries Co.,Summit Industries Co.,309 Industrial Estate,West,0909367869,Priya Kowalski,BRK066,2009-05-26,Machinery,active
IMP00990,T100033,Metro Motors Group Ltd,Metro Motors Group Ltd,24 Harbour Road,East,0648269765,Joseph Chen,BRK033,2018-04-20,Cosmetics and personal care,active
IMP00991,T106933,Sunrise Electronics Ltd,Sunrise Electronics Ltd,115 Industrial Estate,South,0890985505,Ingrid Novak,BRK028,2012-12-16,Steel and construction,active
IMP00992,T109939,Saffron Commercial & Sons,Saffron Commercial & Sons,44 Market Street,Capital,0372930164,Farid Fernandes,BRK007,2010-11-05,Furniture and household,active
IMP00993,T106946,"Dunmore Industries Co., Ltd","Dunmore Industries Co., Ltd",344 Temple Street,Coastal,0866467230,Ravi Bauer,BRK057,2014-08-24,Steel and construction,active
IMP00994,T106957,Evergreen Supply International Ltd,Evergreen Supply International Ltd,162 Riverside,West,0245636125,Omar Novak,BRK068,2016-06-07,Vehicles and parts,active
IMP00995,T106963,Great Wall Glow Limited,Great Wall Glow Limited,155 Station Road,Coastal,0218550939,Samuel Silva,BRK023,2016-11-18,Tobacco and beverages,active
IMP00996,T106970,Ocean Commercial Limited,Ocean Commercial Limited,212 Temple Street,South,0349778309,Ravi Mwangi,BRK020,2008-02-10,Steel and construction,active
IMP00997,T106977,Delta Pack International Ltd,Delta Pack International Ltd,308 Airport Road,East,0912228717,Daniel Fernandes,BRK009,2013-02-06,Fuel and chemicals,active
IMP00998,T106983,Evergreen Trading Group Ltd,Evergreen Trading Group Ltd,307 Industrial Estate,East,0407745834,Ingrid Okafor,BRK010,2014-03-14,Pharmaceuticals,active
IMP00999,T106987,Carrick Electronics Group Ltd,Carrick Electronics Group Ltd,375 Industrial Estate,Coastal,0719832200,Farid Okafor,BRK035,2013-01-19,Electronics,active
IMP01000,T106998,Prime Fruits Group Ltd,Prime Fruits Group Ltd,123 Garden Lane,South,0580403206,Elena Silva,BRK001,2013-11-24,Cosmetics and personal care,active
IMP01001,T107004,Star Pack Enterprises,Star Pack Enterprises,237 Mill Road,East,0560817434,Kenji Rahman,BRK059,2013-08-21,Medical devices,active
IMP01002,T107013,Cobalt Logistics Co.,Cobalt Logistics Co.,121 Market Street,East,0487265344,Elena Ibrahim,BRK020,2025-12-29,Cosmetics and personal care,active
IMP01003,T107015,United Textiles Limited,United Textiles Limited,345 Garden Lane,East,0543825807,Omar Sato,BRK048,2011-04-18,Cosmetics and personal care,suspended
IMP01004,T107026,Star Agro Co.,Star Agro Co.,223 Station Road,North,0211216636,Aisha Rahman,BRK059,2015-12-30,Cosmetics and personal care,active
IMP01005,T100033,Meridian Textiles Group Ltd,Meridian Textiles Group Ltd,24 Harbour Road,East,0679477746,Joseph Chen,BRK033,2010-02-06,Tobacco and beverages,active
IMP01006,T107040,Metro Distribution & Sons,Metro Distribution & Sons,187 Station Road,South,0412972499,Tomas Al-Sayed,BRK021,2015-08-28,Medical devices,active
IMP01007,T107048,Arden Industries Ltd,Arden Industries Ltd,338 Industrial Estate,South,0442286577,Nadia Tanaka,BRK012,2018-05-19,Machinery,active
IMP01008,T107051,Dunmore Industries Co.,Dunmore Industries Co.,16 Industrial Estate,West,0532176755,Samuel Osei,BRK070,2025-02-28,Machinery,active
IMP01009,T107059,Dunmore Glow International Ltd,Dunmore Glow International Ltd,139 Market Street,East,0548550687,Aisha Reyes,BRK028,2013-09-13,Vehicles and parts,active
IMP01010,T107067,Central Electronics Ltd,Central Electronics Ltd,95 Temple Street,Coastal,0370776341,Amina Tanaka,BRK027,2016-05-25,Pharmaceuticals,active
IMP01011,T107076,Phoenix Steel International Ltd,Phoenix Steel International Ltd,272 Harbour Road,East,0210889615,Elena Novak,BRK023,2016-09-10,Fuel and chemicals,active
IMP01012,T107081,Delta Imports Holdings Ltd,Delta Imports Holdings Ltd,283 Bazaar Lane,West,0857200537,Mei Patel,BRK078,2014-04-17,Textiles and apparel,active
IMP01013,T107087,Twin Rivers Pack Ltd,Twin Rivers Pack Ltd,43 Market Street,East,0772031666,Ingrid Mensah,BRK013,2009-01-29,Vehicles and parts,active
IMP01014,T107091,Great Wall Industries International Ltd,Great Store,163 Riverside,East,0329125699,Omar Bauer,BRK053,2012-02-03,Electronics,active
IMP01015,T107102,Delta Distribution Holdings Ltd,Delta Distribution Holdings Ltd,230 Airport Road,South,0609846444,Farid Mahmood,BRK061,2020-04-10,Pharmaceuticals,active
IMP01016,T107109,"Cobalt Enterprises Co., Ltd","Cobalt Enterprises Co., Ltd",64 Station Road,Coastal,0429765876,Hassan Kowalski,BRK032,2021-06-06,Food importers,active
IMP01017,T107116,Delta Steel Co.,Delta Steel Co.,27 Bazaar Lane,Coastal,0865198104,Somchai Kowalski,BRK053,2018-08-23,Cosmetics and personal care,active
IMP01018,T107123,Phoenix Motors Limited,Phoenix Store,64 Industrial Estate,Coastal,0284018801,Elena Al-Sayed,BRK068,2015-12-26,Machinery,active
IMP01019,T107127,Lotus Fruits Holdings Ltd,Lotus Fruits Holdings Ltd,83 Temple Street,Capital,0754507225,Farid Mahmood,BRK015,2026-01-16,Pharmaceuticals,active
IMP01020,T107138,Blue Ocean Enterprises International Ltd,Blue Ocean Enterprises International Ltd,353 Station Road,South,0708779972,Elena Reyes,BRK022,2015-10-22,Vehicles and parts,active
IMP01021,T107146,Global Enterprises Partners Ltd,Global Enterprises Partners Ltd,261 Airport Road,Coastal,0834379224,Farid Mahmood,BRK020,2024-04-16,Medical devices,active
IMP01022,T107151,Dunmore Enterprises Holdings Ltd,Dunmore Trade,354 Garden Lane,East,0999353002,Kenji Chen,BRK036,2014-05-02,Textiles and apparel,active
IMP01023,T107160,Carrick Fruits Partners Ltd,Carrick Fruits Partners Ltd,378 Bazaar Lane,West,0784456637,Tomas Mwangi,BRK074,2021-03-29,Machinery,active
IMP01024,T107163,"Aldergate Living Co., Ltd","Aldergate Living Co., Ltd",364 Station Road,South,0419459397,Priya Sato,BRK020,2019-10-06,Textiles and apparel,active
IMP01025,T107170,Dunmore Textiles Holdings Ltd,Dunmore Textiles Holdings Ltd,329 Garden Lane,North,0804459372,Elena Novak,BRK037,2018-01-09,Machinery,active
IMP01026,T107178,Orchid Electronics Holdings Ltd,Orchid Electronics Holdings Ltd,266 Industrial Estate,East,0379616027,Daniel Reyes,BRK047,2021-03-30,Textiles and apparel,active
IMP01027,T107185,Saffron Electronics & Sons,Saffron Electronics & Sons,44 Station Road,East,0369828996,Aisha Patel,BRK050,2010-08-04,Furniture and household,active
IMP01028,T107190,Eastern Living & Sons,Eastern Living & Sons,100 Market Street,East,0299920522,Somchai Bauer,BRK027,2016-04-14,Vehicles and parts,active
IMP01029,T107202,Great Wall Distribution Partners Ltd,Great Wall Distribution Partners Ltd,120 Airport Road,East,0598999453,Fatima Haddad,BRK053,2010-02-22,Fuel and chemicals,active
IMP01030,T107208,Summit Imports Group Ltd,Summit Imports Group Ltd,311 Station Road,East,0766180817,Omar Nguyen-Lee,BRK025,2012-03-22,Steel and construction,active
IMP01031,T107211,Delta Electronics Enterprises,Delta Electronics Enterprises,257 Mill Road,Capital,0718156784,Aisha Al-Sayed,BRK025,2024-12-02,Tobacco and beverages,active
IMP01032,T107218,Pacific Distribution Partners Ltd,Pacific Distribution Partners Ltd,266 Harbour Road,South,0510279861,Lucia Reyes,BRK017,2017-11-09,Fuel and chemicals,active
IMP01033,,Golden Industries Group Ltd,Golden Industries Group Ltd,291 Airport Road,West,0890517653,Mei Silva,BRK011,2011-05-02,Electronics,active
IMP01034,T107211,Pacific Distribution Ltd,Pacific Distribution Ltd,324 Mill Road,West,0260946571,Somchai Osei,BRK069,2018-09-14,General trading,active
IMP01035,,Silver Motors Partners Ltd,Silver Motors Partners Ltd,288 Airport Road,South,0206089224,Elena Chen,BRK059,2021-10-12,Food importers,active
IMP01036,T107245,Carrick Mobile Enterprises,Carrick Mobile Enterprises,193 Industrial Estate,Coastal,0249115237,Elena Osei,BRK004,2016-03-16,Steel and construction,active
IMP01037,T107258,Carrick Agro Enterprises,Carrick Agro Enterprises,18 Market Street,West,0545102251,Kenji Haddad,BRK010,2020-12-30,Medical devices,active
IMP01038,T107261,Inverness Commercial International Ltd,Inverness Commercial International Ltd,315 Garden Lane,West,0447476865,Daniel Osei,BRK067,2015-07-09,Electronics,active
IMP01039,T107267,Metro Commercial Co.,Metro Commercial Co.,395 Station Road,East,0573500728,Tomas Novak,BRK048,2014-11-18,Textiles and apparel,active
IMP01040,T107271,Green Valley Logistics Partners Ltd,Green Valley Logistics Partners Ltd,68 Station Road,East,0403442122,Kenji Chen,BRK008,2014-08-23,Furniture and household,active
IMP01041,T107281,Cobalt Fruits Limited,Cobalt Fruits Limited,372 Mill Road,North,0545941176,Amina Osei,BRK079,2011-11-27,General trading,active
IMP01042,T107290,Great Wall Living Holdings Ltd,Great Wall Living Holdings Ltd,188 Mill Road,South,0976609054,Ravi Osei,BRK066,2021-08-31,Electronics,active
IMP01043,T107297,Inverness Fruits & Sons,Inverness Fruits & Sons,366 Garden Lane,Coastal,0755648906,Grace Tanaka,BRK080,2015-08-04,General trading,active
IMP01044,T107304,Ocean Commercial Group Ltd,Ocean Commercial Group Ltd,321 Harbour Road,North,0628442899,Kenji Mensah,BRK021,2017-04-03,Pharmaceuticals,active
IMP01045,T107313,Inverness Pack Co.,Inverness Pack Co.,230 Mill Road,Coastal,0579104685,Mei Nguyen-Lee,BRK070,2014-10-26,Cosmetics and personal care,active
IMP01046,T107318,"Ashcombe Enterprises Co., Ltd","Ashcombe Enterprises Co., Ltd",214 Harbour Road,Capital,0796207944,Tomas Ibrahim,BRK010,2020-10-27,Medical devices,active
IMP01047,T107322,Horizon Industries & Sons,Horizon Industries & Sons,120 Bazaar Lane,North,0798452955,Tomas Reyes,BRK033,2012-08-01,Pharmaceuticals,active
IMP01048,T107332,Crown Distribution International Ltd,Crown Distribution International Ltd,308 Airport Road,South,0756698343,Kenji Novak,BRK036,2016-05-23,Textiles and apparel,active
IMP01049,T107336,Aldergate Pack & Sons,Aldergate Pack & Sons,260 Harbour Road,Capital,0815137699,Priya Reyes,BRK014,2011-09-28,General trading,active
IMP01050,T107343,Orchid Commercial International Ltd,Orchid Commercial International Ltd,368 Harbour Road,West,0213946597,Farid Mahmood,BRK024,2024-01-17,Furniture and household,active
IMP01051,T107353,Blue Ocean Enterprises Ltd,Blue Ocean Enterprises Ltd,326 Harbour Road,North,0794618152,Nadia Chen,BRK022,2020-01-05,Vehicles and parts,active
IMP01052,T107357,Royal Agro & Sons,Royal Agro & Sons,85 Station Road,East,0730151064,Daniel Haddad,BRK035,2025-08-07,Tobacco and beverages,active
IMP01053,T107367,Evergreen Trading Limited,Evergreen Trading Limited,182 Harbour Road,Coastal,0610712084,Hassan Chen,BRK025,2020-07-29,Furniture and household,active
IMP01054,T107374,Cobalt Steel International Ltd,Cobalt Steel International Ltd,51 Market Street,Capital,0632427812,Daniel Haddad,BRK038,2013-10-25,Cosmetics and personal care,active
IMP01055,,Global Textiles Enterprises,Global Textiles Enterprises,128 Market Street,East,0938253072,Tomas Patel,BRK059,2020-11-15,Tobacco and beverages,active
IMP01056,T107385,Sunrise Glow International Ltd,Sunrise Glow International Ltd,27 Industrial Estate,Capital,0318774132,Samuel Al-Sayed,BRK059,2008-03-05,Pharmaceuticals,active
IMP01057,T107398,"Delta Motors Co., Ltd","Delta Motors Co., Ltd",189 Riverside,Coastal,0742495669,Hassan Mensah,BRK018,2018-01-15,Steel and construction,active
IMP01058,T107402,Blue Ocean Glow Limited,Blue Ocean Glow Limited,370 Market Street,East,0631700968,Joseph Mensah,BRK043,2009-08-08,Electronics,active
IMP01059,T107408,Silk Road Pack Co.,Silk Road Pack Co.,246 Temple Street,East,0812241880,Ravi Sato,BRK070,2014-09-07,Textiles and apparel,active
IMP01060,T107415,Meridian Pack Co.,Meridian Pack Co.,18 Bazaar Lane,Capital,0397035519,Elena Novak,BRK019,2016-01-01,Food importers,active
IMP01061,T107425,Sunrise Logistics Ltd,Sunrise Logistics Ltd,239 Temple Street,East,0748829673,Kenji Osei,BRK009,2011-05-15,Fuel and chemicals,active
IMP01062,T107431,Crown Industries & Sons,Crown Industries & Sons,85 Riverside,South,0438434219,Ravi Bauer,BRK080,2011-04-13,General trading,active
IMP01063,T107434,Blue Ocean Logistics Enterprises,Blue Mart,354 Station Road,West,0784148354,Joseph Sato,BRK031,2009-09-11,Tobacco and beverages,active
IMP01064,T107444,Harmony Foods Holdings Ltd,Harmony Foods Holdings Ltd,237 Airport Road,North,0514959275,Ingrid Bauer,BRK050,2009-03-21,Pharmaceuticals,active
IMP01065,T107448,"Metro Medical Co., Ltd","Metro Medical Co., Ltd",300 Airport Road,North,0709122276,Nadia Sato,BRK018,2009-01-19,Fuel and chemicals,active
IMP01066,T107458,"Northern Commercial Co., Ltd","Northern Commercial Co., Ltd",162 Bazaar Lane,Capital,0957692900,Aisha Haddad,BRK042,2013-05-19,Food importers,active
IMP01067,,Arden Medical Partners Ltd,Arden Medical Partners Ltd,291 Bazaar Lane,North,0311281103,Priya Fernandes,BRK059,2008-09-19,Tobacco and beverages,active
IMP01068,T107475,Evergreen Electronics Enterprises,Evergreen Electronics Enterprises,351 Airport Road,West,0265311364,Ingrid Fernandes,BRK054,2020-01-19,Pharmaceuticals,active
IMP01069,T107481,Northern Fruits Enterprises,Northern Fruits Enterprises,199 Riverside,South,0258498451,Mei Mensah,BRK021,2021-11-07,General trading,active
IMP01070,T107488,Metro Mobile Group Ltd,Metro Mobile Group Ltd,89 Mill Road,West,0667022793,Ingrid Fernandes,BRK013,2014-02-01,Electronics,active
IMP01071,T157494,Eastern Glow Limited,Eastern Glow Limited,58 Bazaar Lane,East,0465294264,Elena Mensah,BRK042,2022-08-17,General trading,active
IMP01072,T107500,Prime Trading & Sons,Prime Trading & Sons,167 Garden Lane,Coastal,0846829442,Lucia Sato,BRK078,2025-11-17,Machinery,active
IMP01073,T107509,Silver Imports Partners Ltd,Silver Imports Partners Ltd,222 Bazaar Lane,North,0671414914,Elena Okafor,BRK071,2024-11-01,Cosmetics and personal care,active
IMP01074,T100070,Blue Ocean Industries & Sons,Blue Ocean Industries & Sons,346 Market Street,North,0786431487,Priya Silva,BRK015,2019-02-14,General trading,active
IMP01075,T107518,Silk Road Steel International Ltd,Silk Trade,389 Riverside,West,0532073461,Hassan Al-Sayed,BRK020,2015-11-11,General trading,active
IMP01076,T107531,United Imports Group Ltd,United Imports Group Ltd,384 Harbour Road,Capital,0209737803,Mei Rahman,BRK049,2013-03-07,Furniture and household,active
IMP01077,T107538,Delta Glow International Ltd,Delta Trade,342 Station Road,Capital,0694675767,Nadia Rahman,BRK001,2012-12-23,Fuel and chemicals,active
IMP01078,T107545,Phoenix Agro Enterprises,Phoenix Agro Enterprises,124 Industrial Estate,South,0730390548,Grace Bauer,BRK019,2012-09-23,General trading,active
IMP01079,T107547,Golden Commercial Co.,Golden Commercial Co.,259 Market Street,Capital,0585601601,Samuel Rahman,BRK021,2021-02-09,Fuel and chemicals,active
IMP01080,,"Lotus Logistics Co., Ltd","Lotus Logistics Co., Ltd",136 Riverside,East,0768166683,Daniel Mensah,BRK001,2018-02-07,Tobacco and beverages,active
IMP01081,T107561,Sunrise Industries Co.,Sunrise Industries Co.,67 Bazaar Lane,North,0438146869,Tomas Mahmood,BRK036,2008-04-25,General trading,active
IMP01082,T107573,Central Imports Co.,Central Centre,286 Industrial Estate,South,0897622163,Omar Nguyen-Lee,BRK016,2012-06-25,Vehicles and parts,active
IMP01083,T107579,Cobalt Motors Co.,Cobalt Motors Co.,165 Temple Street,East,0241933593,Ingrid Al-Sayed,BRK009,2008-03-27,Textiles and apparel,active
IMP01084,T107585,Delta Pack Limited,Delta Pack Limited,110 Mill Road,South,0319066291,Omar Patel,BRK076,2014-01-19,Cosmetics and personal care,active
IMP01085,T100590,Global Imports & Sons,Global Imports & Sons,397 Industrial Estate,West,0725844295,Farid Tanaka,BRK079,2024-12-30,Fuel and chemicals,active
IMP01086,T107597,"Global Electronics Co., Ltd","Global Electronics Co., Ltd",102 Industrial Estate,North,0808991667,Kenji Rahman,BRK024,2014-10-31,Machinery,active
IMP01087,,Dunmore Electronics Holdings Ltd,Dunmore Electronics Holdings Ltd,12 Industrial Estate,West,0932403609,Mei Sato,BRK023,2012-11-24,Tobacco and beverages,active
IMP01088,T107612,Coral Textiles Co.,Coral Textiles Co.,223 Mill Road,North,0867206096,Grace Mahmood,BRK014,2020-10-24,Machinery,active
IMP01089,T107617,Carrick Trading & Sons,Carrick Trading & Sons,172 Airport Road,North,0803847861,Ingrid Sato,BRK037,2010-06-13,Machinery,active
IMP01090,T107623,"Eastern Glow Co., Ltd","Eastern Glow Co., Ltd",389 Station Road,West,0717306011,Hassan Patel,BRK027,2013-04-19,Machinery,active
IMP01091,T107632,Metro Distribution Limited,Metro Mart,11 Temple Street,Capital,0754035767,Tomas Haddad,BRK035,2014-02-21,General trading,active
IMP01092,T107643,Jade Supply Co.,Jade Supply Co.,68 Industrial Estate,South,0499463757,Aisha Haddad,BRK067,2014-07-02,Fuel and chemicals,active
IMP01093,T507648,Saffron Motors Group Ltd,Saffron Motors Group Ltd,170 Harbour Road,Capital,0518280246,Nadia Rahman,BRK021,2014-01-06,Fuel and chemicals,active
IMP01094,T107652,Jade Distribution Ltd,Jade Distribution Ltd,144 Riverside,Capital,0434202273,Somchai Okafor,BRK065,2015-07-02,Machinery,active
IMP01095,T107661,"Arden Supply Co., Ltd","Arden Supply Co., Ltd",11 Industrial Estate,East,0207521356,Omar Novak,BRK052,2008-08-21,Textiles and apparel,active
IMP01096,T107668,Carrick Motors Limited,Carrick Motors Limited,165 Bazaar Lane,East,0458584760,Elena Osei,BRK054,2013-07-04,Steel and construction,active
IMP01097,T107677,Golden Imports Ltd,Golden Imports Ltd,115 Airport Road,South,0295683547,Farid Sato,BRK037,2013-02-21,Pharmaceuticals,active
IMP01098,T107683,Coral Glow Ltd,Coral Glow Ltd,166 Market Street,North,0237590092,Lucia Mensah,BRK039,2013-06-22,Fuel and chemicals,active
IMP01099,T107688,Silver Textiles Enterprises,Silver Textiles Enterprises,254 Industrial Estate,West,0416171959,Nadia Sato,BRK007,2016-03-11,Electronics,active
IMP01100,T107695,Silk Road Pack Group Ltd,Silk Road Pack Group Ltd,244 Industrial Estate,West,0674180231,Tomas Nguyen-Lee,BRK025,2013-08-05,Machinery,active
IMP01101,,United Mobile Co.,United Mobile Co.,132 Garden Lane,West,0537952619,Elena Rahman,BRK033,2014-10-13,Tobacco and beverages,active
IMP01102,T107713,Global Motors Co.,Global Motors Co.,327 Harbour Road,Coastal,0980322628,Priya Reyes,BRK033,2024-10-30,Pharmaceuticals,active
IMP01103,T107714,"Saffron Distribution Co., Ltd","Saffron Distribution Co., Ltd",256 Garden Lane,West,0574740893,Aisha Fernandes,BRK065,2015-04-10,Food importers,active
IMP01104,T107722,Harmony Electronics Ltd,Harmony Electronics Ltd,109 Market Street,West,0213138723,Fatima Novak,BRK034,2020-05-31,Pharmaceuticals,active
IMP01105,T107732,Orchid Agro Limited,Orchid Agro Limited,316 Harbour Road,East,0280642511,Farid Mahmood,BRK016,2015-05-10,Food importers,active
IMP01106,T107740,"Blue Ocean Glow Co., Ltd",Blue Depot,58 Station Road,North,0477003089,Hassan Fernandes,BRK073,2012-10-04,Steel and construction,active
IMP01107,T107746,Green Valley Distribution Group Ltd,Green Centre,77 Temple Street,East,0510736629,Ravi Silva,BRK065,2016-01-04,General trading,active
IMP01108,T107750,Harmony Trading Limited,Harmony Trading Limited,355 Mill Road,South,0355454886,Farid Bauer,BRK003,2012-07-11,Cosmetics and personal care,active
IMP01109,T107760,Metro Logistics Group Ltd,Metro Logistics Group Ltd,397 Industrial Estate,East,0343942907,Ravi Silva,BRK061,2020-09-19,Tobacco and beverages,active
IMP01110,T107766,Great Wall Commercial Group Ltd,Great Wall Commercial Group Ltd,175 Industrial Estate,Coastal,0665585829,Kenji Kowalski,BRK018,2018-11-22,Pharmaceuticals,active
IMP01111,T108776,Phoenix Commercial Group Ltd,Phoenix Commercial Group Ltd,271 Temple Street,South,0233390599,Somchai Reyes,BRK056,2018-06-01,Food importers,active
IMP01112,T107779,Silver Imports & Sons,Silver Imports & Sons,332 Market Street,Capital,0842771597,Tomas Mwangi,BRK049,2018-10-24,Cosmetics and personal care,active
IMP01113,T107789,"Aldergate Agro Co., Ltd","Aldergate Agro Co., Ltd",138 Bazaar Lane,Coastal,0959310462,Daniel Okafor,BRK059,2014-07-27,Textiles and apparel,active
IMP01114,T107797,"Ocean Living Co., Ltd","Ocean Living Co., Ltd",23 Market Street,East,0501218487,Farid Haddad,BRK080,2011-10-28,Electronics,active
IMP01115,T107803,Meridian Logistics Co.,Meridian Logistics Co.,65 Bazaar Lane,Capital,0892092929,Daniel Osei,BRK022,2013-07-27,Textiles and apparel,active
IMP01116,T107808,Inverness Fruits Ltd,Inverness Fruits Ltd,59 Station Road,West,0247413437,Tomas Novak,BRK061,2011-10-05,Medical devices,active
IMP01117,T107812,Eastern Glow Enterprises,Eastern Glow Enterprises,208 Mill Road,South,0688090609,Somchai Haddad,BRK014,2010-08-05,Medical devices,active
IMP01118,T107822,Sunrise Motors Group Ltd,Sunrise Motors Group Ltd,83 Garden Lane,Coastal,0427471536,Omar Nguyen-Lee,BRK047,2012-12-20,Steel and construction,active
IMP01119,T107826,Golden Commercial Partners Ltd,Golden Commercial Partners Ltd,283 Bazaar Lane,South,0222761201,Priya Ibrahim,BRK021,2020-03-16,Medical devices,active
IMP01120,T107833,Orchid Steel Enterprises,Orchid Steel Enterprises,205 Temple Street,North,0816747779,Fatima Nguyen-Lee,BRK042,2018-12-01,Food importers,active
IMP01121,T107845,Evergreen Glow Partners Ltd,Evergreen Trade,52 Harbour Road,West,0592022479,Mei Al-Sayed,BRK027,2021-07-18,Machinery,active
IMP01122,T107851,Sunrise Supply Enterprises,Sunrise Supply Enterprises,269 Temple Street,Coastal,0380831445,Elena Patel,BRK021,2014-11-19,Pharmaceuticals,active
IMP01123,T107856,Ashcombe Electronics Enterprises,Ashcombe Electronics Enterprises,330 Garden Lane,Coastal,0705678403,Mei Novak,BRK004,2015-01-17,Vehicles and parts,active
IMP01124,T107862,Royal Trading & Sons,Royal Trading & Sons,397 Industrial Estate,Coastal,0493041928,Aisha Sato,BRK078,2024-06-07,Machinery,active
IMP01125,T107871,Silver Glow International Ltd,Silver Store,275 Station Road,East,0441696869,Kenji Mensah,BRK009,2015-02-03,Electronics,active
IMP01126,T107881,Aldergate Textiles Group Ltd,Aldergate Textiles Group Ltd,264 Industrial Estate,Capital,0260809551,Elena Osei,BRK080,2018-10-30,Fuel and chemicals,active
IMP01127,T107882,"Carrick Imports Co., Ltd","Carrick Imports Co., Ltd",27 Industrial Estate,Coastal,0232991875,Lucia Ibrahim,BRK065,2011-09-18,Furniture and household,active
IMP01128,T107890,Coral Distribution Group Ltd,Coral Distribution Group Ltd,134 Market Street,West,0229433919,Hassan Rahman,BRK059,2013-09-19,General trading,active
IMP01129,T107902,Harmony Pack Partners Ltd,Harmony Pack Partners Ltd,173 Temple Street,Capital,0605140563,Omar Mahmood,BRK065,2025-02-10,General trading,active
IMP01130,T107009,Summit Steel & Sons,Summit Steel & Sons,397 Mill Road,West,0727804650,Ravi Mwangi,BRK025,2014-12-26,Furniture and household,active
IMP01131,T107911,Aldergate Agro Ltd,Aldergate Agro Ltd,130 Station Road,Capital,0909110681,Fatima Mahmood,BRK030,2013-09-02,Electronics,active
IMP01132,T107917,Delta Enterprises Enterprises,Delta Enterprises Enterprises,265 Temple Street,West,0691018855,Joseph Reyes,BRK021,2018-06-29,Pharmaceuticals,active
IMP01133,T107927,Phoenix Steel Ltd,Phoenix Steel Ltd,379 Mill Road,Coastal,0701846355,Omar Rahman,BRK051,2026-03-15,Tobacco and beverages,active
IMP01134,T107933,Horizon Electronics Holdings Ltd,Horizon Electronics Holdings Ltd,254 Temple Street,South,0356149286,Farid Rahman,BRK006,2019-07-06,Pharmaceuticals,active
IMP01135,T107942,Harmony Trading Group Ltd,Harmony Trading Group Ltd,48 Harbour Road,South,0330638243,Farid Chen,BRK003,2016-05-20,Steel and construction,active
IMP01136,,Pacific Fruits Enterprises,Pacific Fruits Enterprises,323 Riverside,West,0822103652,Hassan Osei,BRK028,2017-06-25,Tobacco and beverages,active
IMP01137,T107957,Northern Medical Limited,Northern Medical Limited,91 Station Road,West,0889855220,Nadia Patel,BRK045,2012-03-13,Steel and construction,active
IMP01138,T107959,Harmony Commercial Limited,Harmony Commercial Limited,104 Bazaar Lane,North,0948819830,Fatima Ibrahim,BRK019,2025-11-03,General trading,active
IMP01139,T107996,"Carrick Commercial Co., Ltd","Carrick Commercial Co., Ltd",140 Airport Road,Coastal,0750807878,Ingrid Nguyen-Lee,BRK020,2024-11-05,Machinery,active
IMP01140,,Sunrise Electronics International Ltd,Sunrise Electronics International Ltd,188 Station Road,South,0947124043,Somchai Kowalski,BRK017,2010-07-03,Tobacco and beverages,active
IMP01141,T107985,Crown Fruits Enterprises,Crown Fruits Enterprises,267 Market Street,East,0264167418,Omar Mahmood,BRK014,2010-05-02,Fuel and chemicals,active
IMP01142,T107992,Arden Living Co.,Arden Living Co.,144 Riverside,West,0894167333,Samuel Kowalski,BRK045,2020-06-27,Fuel and chemicals,active
IMP01143,T107994,Global Glow Group Ltd,Global Glow Group Ltd,10 Airport Road,Coastal,0465066676,Tomas Reyes,BRK047,2025-10-23,Cosmetics and personal care,active
IMP01144,T108007,Sunrise Textiles Enterprises,Sunrise Textiles Enterprises,87 Riverside,South,0216720158,Daniel Bauer,BRK046,2017-10-05,Medical devices,active
IMP01145,T108011,Star Supply & Sons,Star Supply & Sons,288 Airport Road,Coastal,0240010101,Omar Osei,BRK038,2022-04-02,Textiles and apparel,active
IMP01146,T108019,Delta Glow Enterprises,Delta Glow Enterprises,97 Airport Road,West,0580512059,Ingrid Tanaka,BRK019,2010-10-31,Pharmaceuticals,active
IMP01147,T108025,Star Distribution Co.,Star Distribution Co.,6 Industrial Estate,West,0220712602,Lucia Sato,BRK029,2021-11-23,Medical devices,active
IMP01148,,Pacific Trading Limited,Pacific Trading Limited,88 Temple Street,South,0664391111,Samuel Okafor,BRK060,2009-01-06,Cosmetics and personal care,active
IMP01149,T108039,Ocean Electronics Partners Ltd,Ocean Electronics Partners Ltd,206 Riverside,South,0322852098,Ravi Osei,BRK080,2009-08-14,Tobacco and beverages,active
IMP01150,T108048,Meridian Pack Limited,Meridian Pack Limited,167 Bazaar Lane,East,0481300439,Amina Silva,BRK079,2008-12-06,Food importers,active
IMP01151,,Horizon Commercial Ltd,Horizon Commercial Ltd,164 Mill Road,South,0506716107,Farid Al-Sayed,BRK048,2016-05-06,Tobacco and beverages,suspended
IMP01152,T108063,Great Wall Electronics Partners Ltd,Great Wall Electronics Partners Ltd,299 Temple Street,Coastal,0913757255,Priya Kowalski,BRK031,2025-10-22,Machinery,active
IMP01153,T108069,Metro Foods Partners Ltd,Metro Foods Partners Ltd,11 Riverside,Capital,0575018023,Farid Silva,BRK021,2018-04-10,Cosmetics and personal care,active
IMP01154,T108076,Inverness Motors Partners Ltd,Inverness Motors Partners Ltd,246 Harbour Road,Coastal,0634128677,Grace Kowalski,BRK069,2018-06-22,Steel and construction,active
IMP01155,T108084,Saffron Pack Limited,Saffron Pack Limited,106 Temple Street,Coastal,0781681353,Daniel Silva,BRK078,2016-06-16,Textiles and apparel,active
IMP01156,T108086,Inverness Mobile Enterprises,Inverness Mobile Enterprises,304 Bazaar Lane,Capital,0482150043,Ravi Patel,BRK006,2020-03-09,Fuel and chemicals,active
IMP01157,T108095,Evergreen Electronics Ltd,Evergreen Electronics Ltd,251 Industrial Estate,East,0898068881,Kenji Okafor,BRK039,2015-03-12,Furniture and household,active
IMP01158,T108100,Summit Pack Group Ltd,Summit Pack Group Ltd,381 Harbour Road,South,0629649184,Farid Kowalski,BRK050,2016-03-13,Textiles and apparel,suspended
IMP01159,T108106,Crown Mobile Enterprises,Crown Mobile Enterprises,191 Bazaar Lane,South,0562226533,Tomas Mwangi,BRK021,2019-03-19,Medical devices,active
IMP01160,T108113,"Phoenix Trading Co., Ltd","Phoenix Trading Co., Ltd",209 Airport Road,South,0355823910,Hassan Mwangi,BRK074,2013-08-29,Vehicles and parts,active
IMP01161,T108126,Arden Industries Co.,Arden Industries Co.,390 Station Road,Coastal,0884761519,Amina Patel,BRK074,2014-07-21,Steel and construction,active
IMP01162,T108129,Central Glow & Sons,Central Glow & Sons,392 Riverside,West,0605224497,Fatima Silva,BRK024,2014-09-27,Vehicles and parts,suspended
IMP01163,T108137,Cobalt Distribution Limited,Cobalt Distribution Limited,220 Temple Street,West,0457631141,Omar Silva,BRK050,2009-10-12,Tobacco and beverages,active
IMP01164,T108146,Ocean Industries & Sons,Ocean Industries & Sons,333 Market Street,South,0867731764,Grace Silva,BRK080,2011-03-13,Electronics,active
IMP01165,T108151,Coral Enterprises Group Ltd,Coral Enterprises Group Ltd,394 Bazaar Lane,West,0263966413,Grace Reyes,BRK061,2014-02-22,General trading,active
IMP01166,T108158,Star Supply Holdings Ltd,Star Supply Holdings Ltd,131 Mill Road,North,0632535141,Omar Novak,BRK037,2012-10-22,Medical devices,active
IMP01167,T108168,Phoenix Distribution Ltd,Phoenix Trade,338 Market Street,Coastal,0498145011,Grace Osei,BRK035,2015-05-25,General trading,active
IMP01168,T108170,Orchid Mobile Partners Ltd,Orchid Mobile Partners Ltd,288 Industrial Estate,North,0588705353,Nadia Mahmood,BRK021,2009-12-07,Tobacco and beverages,active
IMP01169,T108177,Ashcombe Textiles Group Ltd,Ashcombe Textiles Group Ltd,161 Mill Road,West,0311141724,Aisha Reyes,BRK010,2015-03-07,Medical devices,active
IMP01170,T108189,Central Supply International Ltd,Central Supply International Ltd,3 Airport Road,Coastal,0675854736,Kenji Silva,BRK025,2024-08-13,Vehicles and parts,active
IMP01171,T108191,Lotus Pack Holdings Ltd,Lotus Pack Holdings Ltd,65 Bazaar Lane,Capital,0656429283,Kenji Haddad,BRK041,2016-03-03,General trading,active
IMP01172,T108201,Orchid Enterprises International Ltd,Orchid Enterprises International Ltd,101 Market Street,West,0434294955,Joseph Novak,BRK060,2020-08-31,Electronics,active
IMP01173,T108207,Northern Mobile Partners Ltd,Northern Mobile Partners Ltd,358 Garden Lane,Coastal,0309038658,Grace Bauer,BRK021,2013-09-28,Vehicles and parts,active
IMP01174,,Metro Logistics Co.,Metro Logistics Co.,177 Harbour Road,East,0263039051,Fatima Ibrahim,BRK021,2016-12-14,Tobacco and beverages,active
IMP01175,T108222,Central Agro Group Ltd,Central Agro Group Ltd,14 Airport Road,Capital,0782731435,Ravi Okafor,BRK038,2016-04-11,Tobacco and beverages,active
IMP01176,T108225,Ocean Motors & Sons,Ocean Motors & Sons,228 Industrial Estate,Capital,0214747661,Daniel Rahman,BRK035,2020-09-26,Fuel and chemicals,active
IMP01177,T108237,Sunrise Enterprises Holdings Ltd,Sunrise Trade,52 Riverside,Capital,0522807797,Omar Fernandes,BRK069,2015-03-03,Pharmaceuticals,active
IMP01178,T108239,Metro Motors & Sons,Metro Motors & Sons,12 Airport Road,West,0588702250,Joseph Mahmood,BRK001,2025-08-18,Fuel and chemicals,active
IMP01179,T108249,Phoenix Fruits Enterprises,Phoenix Fruits Enterprises,353 Station Road,Coastal,0809904266,Kenji Osei,BRK029,2014-10-24,Steel and construction,active
IMP01180,T108253,Global Logistics Holdings Ltd,Global Logistics Holdings Ltd,318 Bazaar Lane,East,0956541346,Amina Okafor,BRK073,2009-08-17,Vehicles and parts,active
IMP01181,T100070,Delta Steel International Ltd,Delta Steel International Ltd,346 Market Street,North,0938469517,Amina Silva,BRK015,2010-02-01,Tobacco and beverages,active
IMP01182,T108273,Silk Road Logistics Holdings Ltd,Silk Road Logistics Holdings Ltd,220 Market Street,South,0489959238,Joseph Mahmood,BRK042,2025-10-10,Vehicles and parts,active
IMP01183,T108275,Carrick Motors Ltd,Carrick Motors Ltd,47 Temple Street,North,0752721010,Tomas Nguyen-Lee,BRK052,2014-09-18,Textiles and apparel,active
IMP01184,T108282,Silver Textiles Co.,Silver Mart,370 Market Street,Capital,0697619822,Samuel Patel,BRK025,2010-01-18,Steel and construction,active
IMP01185,T108292,Prescott Steel Enterprises,Prescott Store,291 Station Road,South,0359312515,Samuel Reyes,BRK006,2019-10-09,Electronics,active
IMP01186,T108298,Harmony Logistics Partners Ltd,Harmony Logistics Partners Ltd,97 Riverside,West,0918272218,Lucia Mahmood,BRK004,2015-12-30,Pharmaceuticals,active
IMP01187,T108308,Prescott Living & Sons,Prescott Living & Sons,248 Station Road,North,0863767918,Hassan Sato,BRK024,2018-03-02,Electronics,active
IMP01188,T108311,Phoenix Supply Group Ltd,Phoenix Depot,135 Riverside,South,0498483162,Fatima Al-Sayed,BRK021,2021-06-22,Electronics,suspended
IMP01189,T108318,Arden Commercial Enterprises,Arden Commercial Enterprises,269 Garden Lane,East,0410564006,Ingrid Mwangi,BRK010,2012-06-21,Furniture and household,active
IMP01190,T108328,Prime Steel & Sons,Prime Steel & Sons,112 Industrial Estate,West,0964661595,Nadia Nguyen-Lee,BRK055,2023-12-01,Tobacco and beverages,active
IMP01191,T108331,Coral Enterprises Limited,Coral Enterprises Limited,351 Harbour Road,Coastal,0224419454,Daniel Rahman,BRK006,2018-12-31,Furniture and household,active
IMP01192,T108340,Silk Road Pack & Sons,Silk Road Pack & Sons,54 Garden Lane,North,0741711027,Ravi Mahmood,BRK061,2018-04-15,Food importers,active
IMP01193,T108344,Silver Glow Limited,Silver Glow Limited,330 Garden Lane,North,0669917686,Somchai Mahmood,BRK021,2009-03-09,Electronics,active
IMP01194,T108351,Crown Distribution Co.,Crown Distribution Co.,265 Riverside,West,0770839853,Samuel Al-Sayed,BRK021,2020-01-08,Furniture and household,active
IMP01195,T108362,Orchid Motors Co.,Orchid Motors Co.,245 Airport Road,Coastal,0639885771,Somchai Tanaka,BRK009,2017-12-10,Medical devices,active
IMP01196,T108367,"Meridian Glow Co., Ltd","Meridian Glow Co., Ltd",259 Mill Road,South,0566656743,Omar Osei,BRK054,2013-02-04,Cosmetics and personal care,active
IMP01197,T103377,"Aldergate Distribution Co., Ltd","Aldergate Distribution Co., Ltd",349 Garden Lane,North,0963520718,Priya Fernandes,BRK041,2020-06-01,Vehicles and parts,active
IMP01198,T108383,Orchid Trading & Sons,Orchid Trading & Sons,231 Harbour Road,East,0643722288,Aisha Nguyen-Lee,BRK047,2019-01-30,Food importers,active
IMP01199,T108387,Sunrise Commercial Holdings Ltd,Sunrise Commercial Holdings Ltd,5 Industrial Estate,Coastal,0252492743,Fatima Okafor,BRK043,2008-10-17,Food importers,active
IMP01200,T108393,Delta Textiles Enterprises,Delta Textiles Enterprises,362 Station Road,West,0294436942,Kenji Tanaka,BRK024,2012-09-29,Furniture and household,active
IMP01201,T108402,Star Pack Co.,Star Trade,159 Harbour Road,North,0807744293,Lucia Nguyen-Lee,BRK014,2022-02-26,Vehicles and parts,active
IMP01202,T108407,Star Distribution & Sons,Star Distribution & Sons,387 Airport Road,Coastal,0523168036,Amina Nguyen-Lee,BRK076,2025-01-20,Furniture and household,active
IMP01203,T108416,Orchid Foods Limited,Orchid Foods Limited,88 Market Street,Capital,0422546045,Omar Haddad,BRK021,2008-01-29,Food importers,active
IMP01204,T108425,Northern Electronics Partners Ltd,Northern Electronics Partners Ltd,117 Industrial Estate,West,0241476004,Lucia Mensah,BRK028,2024-04-06,Medical devices,active
IMP01205,T108429,"Coral Agro Co., Ltd","Coral Agro Co., Ltd",7 Bazaar Lane,East,0819407381,Amina Haddad,BRK063,2018-12-26,Electronics,suspended
IMP01206,T108439,"Ocean Mobile Co., Ltd","Ocean Mobile Co., Ltd",171 Garden Lane,North,0305033370,Farid Nguyen-Lee,BRK063,2025-01-30,Furniture and household,active
IMP01207,T108446,"Lotus Foods Co., Ltd","Lotus Foods Co., Ltd",123 Industrial Estate,East,0567148280,Kenji Haddad,BRK079,2023-11-24,Furniture and household,active
IMP01208,,Silver Living Ltd,Silver Living Ltd,54 Airport Road,West,0793265081,Aisha Mahmood,BRK016,2015-12-19,Tobacco and beverages,active
IMP01209,T108461,"Star Foods Co., Ltd","Star Foods Co., Ltd",45 Station Road,East,0284753986,Hassan Ibrahim,BRK038,2021-03-14,General trading,active
IMP01210,T108464,"Summit Motors Co., Ltd","Summit Motors Co., Ltd",83 Temple Street,Capital,0221801603,Ingrid Fernandes,BRK009,2018-04-11,Fuel and chemicals,active
IMP01211,T108476,Golden Imports & Sons,Golden Imports & Sons,384 Mill Road,West,0682330469,Fatima Haddad,BRK051,2016-02-11,Electronics,active
IMP01212,T158479,Arden Commercial Partners Ltd,Arden Commercial Partners Ltd,49 Bazaar Lane,East,0849281340,Somchai Mahmood,BRK035,2026-03-10,Vehicles and parts,active
IMP01213,T108486,"Prime Foods Co., Ltd","Prime Foods Co., Ltd",121 Bazaar Lane,West,0414248940,Samuel Haddad,BRK003,2016-12-02,Medical devices,active
IMP01214,T108496,Prescott Steel & Sons,Prescott Steel & Sons,305 Industrial Estate,South,0509547462,Tomas Reyes,BRK057,2017-09-21,Electronics,active
IMP01215,T108503,Star Distribution Ltd,Star Distribution Ltd,369 Airport Road,Coastal,0703356660,Daniel Okafor,BRK011,2016-05-07,Tobacco and beverages,active
IMP01216,T108505,Aldergate Mobile Holdings Ltd,Aldergate Trade,302 Bazaar Lane,South,0560113256,Elena Rahman,BRK017,2019-08-24,Textiles and apparel,active
IMP01217,T108516,Delta Foods Group Ltd,Delta Foods Group Ltd,46 Market Street,West,0838971502,Priya Okafor,BRK022,2016-07-05,Food importers,active
IMP01218,T108525,Phoenix Medical Ltd,Phoenix Medical Ltd,130 Mill Road,West,0573467966,Joseph Rahman,BRK064,2013-05-24,General trading,active
IMP01219,T109527,Star Trading Ltd,Star Trading Ltd,126 Bazaar Lane,South,0427328753,Samuel Osei,BRK011,2021-02-17,Textiles and apparel,active
IMP01220,T108534,Twin Rivers Fruits Co.,Twin Rivers Fruits Co.,193 Industrial Estate,Capital,0788799687,Daniel Tanaka,BRK054,2008-03-10,Cosmetics and personal care,active
IMP01221,T108544,Pacific Glow Group Ltd,Pacific Glow Group Ltd,58 Bazaar Lane,East,0961561101,Ingrid Novak,BRK016,2025-03-14,Pharmaceuticals,active
IMP01222,T108549,Orchid Supply Partners Ltd,Orchid Supply Partners Ltd,73 Industrial Estate,Coastal,0916216959,Ravi Tanaka,BRK073,2015-04-08,Food importers,active
IMP01223,T100033,Prescott Foods International Ltd,Prescott Foods International Ltd,24 Harbour Road,East,0648269765,Joseph Chen,BRK033,2021-01-18,Electronics,suspended
IMP01224,T108565,Lotus Pack Partners Ltd,Lotus Pack Partners Ltd,335 Temple Street,Capital,0262692677,Elena Mwangi,BRK010,2011-12-09,General trading,suspended
IMP01225,T108573,"Lotus Electronics Co., Ltd",Lotus Mart,151 Garden Lane,North,0628436634,Amina Haddad,BRK017,2012-03-01,Machinery,active
IMP01226,T108581,Golden Living Partners Ltd,Golden Living Partners Ltd,73 Airport Road,South,0361567094,Ravi Rahman,BRK042,2025-04-25,Textiles and apparel,active
IMP01227,T108587,Inverness Motors Ltd,Inverness Motors Ltd,135 Station Road,North,0980765814,Daniel Haddad,BRK013,2009-10-29,Medical devices,active
IMP01228,T108593,Evergreen Mobile Co.,Evergreen Mobile Co.,354 Riverside,North,0820589759,Nadia Kowalski,BRK069,2010-05-30,Tobacco and beverages,active
IMP01229,T108596,Delta Textiles Holdings Ltd,Delta Textiles Holdings Ltd,315 Bazaar Lane,Capital,0659818324,Fatima Mwangi,BRK079,2013-05-31,Vehicles and parts,active
IMP01230,T108607,Summit Steel Ltd,Summit Steel Ltd,177 Station Road,North,0923190332,Somchai Bauer,BRK064,2019-04-05,Vehicles and parts,active
IMP01231,T108613,"Green Valley Enterprises Co., Ltd","Green Valley Enterprises Co., Ltd",65 Mill Road,East,0484186174,Amina Mahmood,BRK031,2009-01-30,General trading,active
IMP01232,T108617,Coral Logistics Group Ltd,Coral Logistics Group Ltd,213 Temple Street,Capital,0814908687,Amina Reyes,BRK065,2025-01-25,Textiles and apparel,active
IMP01233,T108626,Dunmore Motors Holdings Ltd,Dunmore Motors Holdings Ltd,160 Market Street,South,0401211680,Lucia Bauer,BRK077,2008-01-16,Textiles and apparel,active
IMP01234,T108631,"Summit Glow Co., Ltd","Summit Glow Co., Ltd",153 Mill Road,Capital,0997306887,Daniel Chen,BRK019,2017-01-12,Steel and construction,active
IMP01235,T148640,Pacific Steel Holdings Ltd,Pacific Steel Holdings Ltd,311 Station Road,Capital,0628612981,Elena Silva,BRK040,2011-03-27,Tobacco and beverages,active
IMP01236,T198650,Jade Textiles Partners Ltd,Jade Textiles Partners Ltd,281 Station Road,South,0700175847,Joseph Rahman,BRK064,2018-03-22,Tobacco and beverages,active
IMP01237,,Evergreen Logistics International Ltd,Evergreen Logistics International Ltd,258 Harbour Road,West,0700904153,Ravi Mensah,BRK059,2013-08-03,Tobacco and beverages,active
IMP01238,T108665,Jade Pack Enterprises,Jade Pack Enterprises,12 Temple Street,Capital,0207152472,Somchai Haddad,BRK021,2015-08-27,Vehicles and parts,active
IMP01239,T108672,Harmony Living & Sons,Harmony Living & Sons,249 Bazaar Lane,South,0982706421,Farid Novak,BRK061,2020-11-25,Tobacco and beverages,active
IMP01240,,Twin Rivers Logistics Group Ltd,Twin Rivers Logistics Group Ltd,299 Temple Street,North,0357383833,Daniel Mwangi,BRK004,2019-02-15,General trading,active
IMP01241,T108686,Prime Foods Enterprises,Prime Foods Enterprises,298 Station Road,East,0967494518,Daniel Fernandes,BRK014,2010-02-02,Steel and construction,active
IMP01242,T108692,"Royal Agro Co., Ltd",Royal Depot,191 Bazaar Lane,South,0382439044,Somchai Silva,BRK039,2011-08-14,Electronics,active
IMP01243,T108694,Golden Steel Co.,Golden Steel Co.,285 Mill Road,Coastal,0457850810,Daniel Fernandes,BRK005,2009-08-23,Tobacco and beverages,active
IMP01244,,Green Valley Steel Group Ltd,Green Centre,18 Riverside,West,0324574559,Kenji Mensah,BRK028,2015-01-23,Tobacco and beverages,active
IMP01245,T108709,Global Mobile Limited,Global Mobile Limited,70 Market Street,North,0723682032,Ravi Novak,BRK045,2017-12-15,Electronics,active
IMP01246,T108719,United Imports Limited,United Imports Limited,205 Market Street,South,0999833100,Hassan Novak,BRK024,2012-02-15,Food importers,active
IMP01247,T108724,Coral Steel Partners Ltd,Coral Steel Partners Ltd,146 Mill Road,North,0542791731,Farid Reyes,BRK011,2024-06-30,Vehicles and parts,active
IMP01248,T108729,Metro Enterprises Enterprises,Metro Enterprises Enterprises,360 Airport Road,East,0636920143,Lucia Chen,BRK010,2018-03-12,Vehicles and parts,active
IMP01249,T108742,"United Motors Co., Ltd","United Motors Co., Ltd",256 Garden Lane,Capital,0369329929,Amina Silva,BRK021,2020-12-14,Steel and construction,active
IMP01250,T108745,Prime Imports Limited,Prime Depot,27 Harbour Road,West,0957364689,Fatima Tanaka,BRK062,2021-10-02,Fuel and chemicals,active
IMP01251,T108756,Lotus Fruits International Ltd,Lotus Fruits International Ltd,394 Temple Street,East,0799482406,Samuel Mahmood,BRK009,2017-01-03,General trading,active
IMP01252,T108759,Coral Distribution & Sons,Coral Distribution & Sons,11 Temple Street,Capital,0844552233,Nadia Fernandes,BRK057,2022-08-09,Steel and construction,active
IMP01253,T108769,Crown Pack Group Ltd,Crown Pack Group Ltd,75 Industrial Estate,Coastal,0661892768,Grace Ibrahim,BRK065,2020-06-09,General trading,active
IMP01254,T108774,Phoenix Supply Holdings Ltd,Phoenix Supply Holdings Ltd,142 Riverside,West,0864813143,Farid Tanaka,BRK055,2018-01-06,General trading,active
IMP01255,T108782,Cobalt Medical Co.,Cobalt Medical Co.,353 Station Road,South,0479695394,Elena Kowalski,BRK078,2021-01-07,Medical devices,active
IMP01256,T100788,Jade Steel Holdings Ltd,Jade Steel Holdings Ltd,115 Harbour Road,Coastal,0210834069,Ingrid Mensah,BRK047,2014-01-28,Vehicles and parts,active
IMP01257,T108793,Meridian Imports Ltd,Meridian Mart,303 Market Street,Coastal,0360970242,Priya Tanaka,BRK079,2020-01-16,General trading,active
IMP01258,T108799,Central Pack International Ltd,Central Pack International Ltd,273 Market Street,South,0405007873,Amina Patel,BRK035,2010-08-01,Food importers,active
IMP01259,T108811,Ocean Electronics & Sons,Ocean Electronics & Sons,303 Market Street,Coastal,0636761935,Amina Kowalski,BRK045,2016-04-19,Tobacco and beverages,active
IMP01260,T100070,Star Glow Limited,Star Store,346 Market Street,North,0938469517,Aisha Fernandes,BRK015,2020-04-10,Cosmetics and personal care,active
IMP01261,T108824,Great Wall Enterprises Ltd,Great Wall Enterprises Ltd,322 Airport Road,North,0360428452,Mei Patel,BRK071,2021-06-13,Electronics,active
IMP01262,T108831,Ashcombe Agro Co.,Ashcombe Agro Co.,212 Riverside,North,0742160713,Fatima Reyes,BRK056,2017-11-14,Food importers,active
IMP01263,T108840,Northern Supply Holdings Ltd,Northern Supply Holdings Ltd,323 Airport Road,West,0631365974,Fatima Chen,BRK078,2019-05-04,Pharmaceuticals,active
IMP01264,T108847,Royal Steel Ltd,Royal Steel Ltd,307 Garden Lane,Coastal,0681651839,Grace Patel,BRK058,2025-09-08,Food importers,active
IMP01265,T108853,Star Supply Enterprises,Star Supply Enterprises,307 Bazaar Lane,West,0485258724,Somchai Osei,BRK047,2019-04-12,Furniture and household,active
IMP01266,T108859,Harmony Medical Co.,Harmony Medical Co.,269 Temple Street,Coastal,0731935134,Kenji Mahmood,BRK024,2018-06-20,Pharmaceuticals,active
IMP01267,T108866,Twin Rivers Distribution Holdings Ltd,Twin Centre,370 Garden Lane,Capital,0735205980,Nadia Osei,BRK027,2013-01-08,Medical devices,active
IMP01268,T108875,Prime Logistics Ltd,Prime Logistics Ltd,319 Airport Road,South,0333976902,Hassan Mwangi,BRK080,2020-09-27,Vehicles and parts,active
IMP01269,T108876,Star Foods & Sons,Star Foods & Sons,159 Riverside,East,0402771043,Joseph Mahmood,BRK042,2022-06-01,Textiles and apparel,active
IMP01270,T108883,United Industries Holdings Ltd,United Industries Holdings Ltd,349 Airport Road,East,0309313439,Grace Sato,BRK051,2014-05-12,Cosmetics and personal care,active
IMP01271,T108891,Star Steel International Ltd,Star Steel International Ltd,97 Riverside,South,0491909859,Mei Kowalski,BRK072,2020-07-14,Fuel and chemicals,active
IMP01272,T108901,Delta Pack Partners Ltd,Delta Pack Partners Ltd,151 Bazaar Lane,Capital,0701231921,Fatima Haddad,BRK055,2011-09-06,Cosmetics and personal care,active
IMP01273,T108907,Meridian Supply Limited,Meridian Supply Limited,368 Industrial Estate,North,0971618128,Kenji Silva,BRK074,2011-04-08,Textiles and apparel,active
IMP01274,T104917,Green Valley Foods & Sons,Green Valley Foods & Sons,241 Airport Road,Coastal,0662077276,Aisha Mwangi,BRK025,2023-12-17,Machinery,active
IMP01275,T108921,Pacific Medical Limited,Pacific Medical Limited,253 Mill Road,West,0201999846,Ravi Chen,BRK046,2014-09-07,General trading,active
IMP01276,T108930,Dunmore Motors & Sons,Dunmore Motors & Sons,168 Airport Road,Capital,0829549575,Nadia Osei,BRK047,2017-01-13,Tobacco and beverages,active
IMP01277,T108935,Ashcombe Agro Group Ltd,Ashcombe Agro Group Ltd,391 Airport Road,Capital,0545923266,Samuel Sato,BRK055,2014-05-03,Textiles and apparel,active
IMP01278,,Blue Ocean Distribution Limited,Blue Ocean Distribution Limited,201 Garden Lane,East,0789084640,Samuel Tanaka,BRK035,2013-01-22,Tobacco and beverages,active
IMP01279,T108947,Evergreen Industries Co.,Evergreen Industries Co.,318 Industrial Estate,Coastal,0247064567,Somchai Bauer,BRK054,2016-08-08,Medical devices,active
IMP01280,T108957,Green Valley Motors & Sons,Green Valley Motors & Sons,144 Market Street,West,0787301882,Tomas Tanaka,BRK030,2015-07-12,Textiles and apparel,active
IMP01281,T108964,Cobalt Glow & Sons,Cobalt Glow & Sons,202 Harbour Road,Capital,0998338462,Grace Okafor,BRK017,2025-02-05,Furniture and household,active
IMP01282,T108968,Sunrise Logistics Group Ltd,Sunrise Logistics Group Ltd,15 Riverside,East,0844844682,Lucia Patel,BRK079,2008-12-30,Cosmetics and personal care,active
IMP01283,T108974,Great Wall Motors Ltd,Great Wall Motors Ltd,21 Temple Street,East,0898652575,Nadia Haddad,BRK077,2023-11-10,Food importers,active
IMP01284,T108984,Summit Industries International Ltd,Summit Industries International Ltd,298 Temple Street,Coastal,0375081634,Nadia Fernandes,BRK008,2016-12-09,Vehicles and parts,active
IMP01285,T108988,Aldergate Motors Ltd,Aldergate Motors Ltd,382 Riverside,North,0390182639,Elena Patel,BRK045,2010-02-15,Steel and construction,active
IMP01286,T108998,Ocean Textiles International Ltd,Ocean Textiles International Ltd,291 Airport Road,East,0690047992,Mei Bauer,BRK035,2008-08-23,Vehicles and parts,active
IMP01287,T109005,Inverness Fruits Group Ltd,Inverness Depot,398 Harbour Road,Coastal,0548480769,Elena Bauer,BRK018,2018-01-18,Textiles and apparel,active
IMP01288,T109015,"Evergreen Mobile Co., Ltd","Evergreen Mobile Co., Ltd",80 Station Road,Capital,0516005433,Mei Mahmood,BRK042,2022-06-17,Medical devices,active
IMP01289,T109022,Carrick Industries Co.,Carrick Industries Co.,222 Market Street,East,0834646577,Elena Haddad,BRK067,2025-12-28,Fuel and chemicals,active
IMP01290,T109029,Dunmore Enterprises Co.,Dunmore Enterprises Co.,307 Station Road,North,0680929732,Fatima Mwangi,BRK032,2010-11-22,Tobacco and beverages,active
IMP01291,T109031,Meridian Fruits Ltd,Meridian Store,324 Airport Road,East,0483958823,Joseph Chen,BRK049,2019-10-09,Pharmaceuticals,active
IMP01292,T109041,Prescott Industries Holdings Ltd,Prescott Industries Holdings Ltd,346 Bazaar Lane,West,0954280106,Joseph Mensah,BRK024,2009-01-17,Tobacco and beverages,active
IMP01293,T109048,Golden Industries Co.,Golden Industries Co.,196 Riverside,North,0615816844,Samuel Haddad,BRK070,2016-01-10,Pharmaceuticals,active
IMP01294,T109051,Central Motors Holdings Ltd,Central Motors Holdings Ltd,203 Harbour Road,East,0376174092,Ravi Chen,BRK057,2025-01-01,Fuel and chemicals,active
IMP01295,T109063,Prime Agro Ltd,Prime Agro Ltd,370 Mill Road,West,0701038783,Grace Novak,BRK072,2021-06-27,Textiles and apparel,active
IMP01296,T109068,Silk Road Steel Holdings Ltd,Silk Road Steel Holdings Ltd,14 Mill Road,South,0458742747,Nadia Tanaka,BRK047,2018-01-18,Food importers,active
IMP01297,T109073,"Metro Distribution Co., Ltd","Metro Distribution Co., Ltd",338 Industrial Estate,South,0239170926,Ravi Novak,BRK001,2015-02-13,Furniture and household,active
IMP01298,T109084,Delta Fruits Ltd,Delta Fruits Ltd,394 Harbour Road,Coastal,0961857930,Kenji Haddad,BRK033,2021-04-19,Vehicles and parts,active
IMP01299,T009087,United Pack Partners Ltd,United Pack Partners Ltd,369 Garden Lane,North,0822075766,Ravi Novak,BRK059,2017-09-02,Vehicles and parts,active
IMP01300,T109094,Crown Enterprises Partners Ltd,Crown Centre,345 Harbour Road,Coastal,0825687514,Farid Silva,BRK046,2019-04-14,Cosmetics and personal care,active
IMP01301,T109102,Prime Enterprises Ltd,Prime Enterprises Ltd,191 Garden Lane,Coastal,0620018478,Ravi Kowalski,BRK025,2012-10-31,Cosmetics and personal care,active
IMP01302,T109113,Evergreen Glow Enterprises,Evergreen Glow Enterprises,98 Industrial Estate,West,0303128652,Tomas Rahman,BRK071,2017-02-22,Pharmaceuticals,active
IMP01303,T109116,Arden Industries Enterprises,Arden Industries Enterprises,290 Bazaar Lane,East,0879898446,Fatima Bauer,BRK068,2012-01-28,Vehicles and parts,active
IMP01304,T109127,"Lotus Pack Co., Ltd","Lotus Pack Co., Ltd",208 Industrial Estate,North,0913670158,Grace Fernandes,BRK003,2011-11-18,Textiles and apparel,active
IMP01305,T109133,Saffron Logistics Group Ltd,Saffron Logistics Group Ltd,244 Industrial Estate,Capital,0858519009,Grace Nguyen-Lee,BRK024,2024-07-23,Cosmetics and personal care,active
IMP01306,T109140,Cobalt Pack International Ltd,Cobalt Pack International Ltd,124 Mill Road,West,0354542311,Kenji Tanaka,BRK024,2010-02-10,Pharmaceuticals,active
IMP01307,T109145,Crown Steel Ltd,Crown Steel Ltd,271 Bazaar Lane,Coastal,0302498025,Nadia Okafor,BRK031,2020-03-24,Food importers,active
IMP01308,T109150,Golden Foods Group Ltd,Golden Foods Group Ltd,286 Bazaar Lane,West,0958905360,Farid Nguyen-Lee,BRK028,2012-02-05,Electronics,active
IMP01309,T109161,Harmony Foods Ltd,Harmony Foods Ltd,188 Station Road,North,0721472191,Joseph Haddad,BRK080,2016-12-15,General trading,active
IMP01310,T109167,Pacific Living Co.,Pacific Living Co.,329 Riverside,West,0346234502,Aisha Reyes,BRK069,2020-04-03,Textiles and apparel,active
IMP01311,T109171,Coral Mobile Partners Ltd,Coral Mobile Partners Ltd,161 Bazaar Lane,Coastal,0924165716,Hassan Reyes,BRK056,2022-07-31,Medical devices,active
IMP01312,T169183,Great Wall Trading Enterprises,Great Wall Trading Enterprises,388 Harbour Road,Coastal,0732920805,Hassan Reyes,BRK056,2020-07-12,General trading,active
IMP01313,T109190,Global Steel Limited,Global Steel Limited,116 Temple Street,South,0804782678,Grace Haddad,BRK046,2014-07-21,Cosmetics and personal care,active
IMP01314,T109193,"United Foods Co., Ltd","United Foods Co., Ltd",156 Harbour Road,West,0537934007,Fatima Al-Sayed,BRK032,2021-02-15,Electronics,active
IMP01315,T109203,Metro Foods & Sons,Metro Foods & Sons,333 Temple Street,South,0738482660,Daniel Patel,BRK068,2015-09-08,Pharmaceuticals,active
IMP01316,,Evergreen Commercial Partners Ltd,Evergreen Store,227 Garden Lane,Capital,0432673068,Priya Nguyen-Lee,BRK021,2020-10-29,Tobacco and beverages,active
IMP01317,T109212,Ocean Enterprises Holdings Ltd,Ocean Enterprises Holdings Ltd,292 Temple Street,East,0992691190,Elena Rahman,BRK029,2011-08-10,Medical devices,active
IMP01318,T109223,Pacific Logistics Ltd,Pacific Logistics Ltd,75 Bazaar Lane,South,0370383257,Omar Chen,BRK060,2011-03-26,Fuel and chemicals,active
IMP01319,T109232,Great Wall Imports Group Ltd,Great Wall Imports Group Ltd,279 Temple Street,West,0921051336,Ravi Novak,BRK011,2016-11-18,Food importers,active
IMP01320,T109238,Silver Logistics Holdings Ltd,Silver Logistics Holdings Ltd,336 Temple Street,South,0513467544,Priya Fernandes,BRK039,2009-09-04,Vehicles and parts,active
IMP01321,,Sunrise Enterprises & Sons,Sunrise Enterprises & Sons,209 Airport Road,Capital,0365325362,Farid Ibrahim,BRK046,2008-07-22,Tobacco and beverages,active
IMP01322,T109250,"Metro Pack Co., Ltd","Metro Pack Co., Ltd",282 Riverside,East,0743151545,Tomas Patel,BRK016,2020-11-17,Textiles and apparel,active
IMP01323,T109255,Harmony Medical Holdings Ltd,Harmony Medical Holdings Ltd,338 Bazaar Lane,Capital,0273670429,Elena Chen,BRK062,2014-11-08,Textiles and apparel,active
IMP01324,T109263,"Central Mobile Co., Ltd",Central Trade,23 Airport Road,North,0611327651,Farid Ibrahim,BRK013,2025-05-22,Medical devices,active
IMP01325,T109268,Ashcombe Enterprises Enterprises,Ashcombe Enterprises Enterprises,124 Market Street,South,0204807143,Aisha Rahman,BRK059,2019-03-17,General trading,suspended
IMP01326,T109276,Prescott Textiles Holdings Ltd,Prescott Textiles Holdings Ltd,290 Riverside,East,0990575741,Kenji Kowalski,BRK075,2010-09-06,Machinery,active
IMP01327,T109286,Central Industries Ltd,Central Industries Ltd,71 Airport Road,South,0574744938,Ravi Okafor,BRK069,2010-12-01,Food importers,active
IMP01328,T109291,Blue Ocean Trading International Ltd,Blue Ocean Trading International Ltd,53 Riverside,East,0886264274,Nadia Mensah,BRK066,2019-02-15,Electronics,active
IMP01329,T109297,Metro Logistics International Ltd,Metro Logistics International Ltd,82 Temple Street,North,0591955868,Tomas Fernandes,BRK068,2015-11-30,Pharmaceuticals,active
IMP01330,T109307,Aldergate Trading Ltd,Aldergate Trading Ltd,388 Mill Road,North,0285779374,Samuel Nguyen-Lee,BRK048,2019-10-22,Fuel and chemicals,active
IMP01331,T109313,Pacific Supply Ltd,Pacific Supply Ltd,249 Industrial Estate,East,0599917006,Elena Ibrahim,BRK049,2011-01-13,General trading,active
IMP01332,T109320,Meridian Supply Co.,Meridian Supply Co.,165 Bazaar Lane,East,0277740283,Aisha Al-Sayed,BRK062,2014-11-11,Cosmetics and personal care,active
IMP01333,T109328,Eastern Pack Co.,Eastern Pack Co.,93 Industrial Estate,East,0709618276,Ingrid Chen,BRK006,2023-10-06,Steel and construction,active
IMP01334,T109334,Saffron Distribution Enterprises,Saffron Distribution Enterprises,104 Airport Road,West,0936729243,Priya Mwangi,BRK002,2010-02-11,Pharmaceuticals,active
IMP01335,T109341,United Fruits Group Ltd,United Fruits Group Ltd,147 Harbour Road,Coastal,0793136236,Hassan Ibrahim,BRK038,2010-08-13,General trading,active
IMP01336,T109347,Dunmore Living Group Ltd,Dunmore Living Group Ltd,309 Mill Road,Coastal,0390912005,Priya Novak,BRK068,2013-06-04,Furniture and household,active
IMP01337,T109357,Meridian Motors & Sons,Meridian Motors & Sons,75 Station Road,Coastal,0830306809,Farid Al-Sayed,BRK011,2018-05-12,Fuel and chemicals,active
IMP01338,T109364,Eastern Distribution & Sons,Eastern Trade,130 Airport Road,North,0801114706,Lucia Haddad,BRK027,2025-01-15,Cosmetics and personal care,active
IMP01339,T109368,Crown Glow & Sons,Crown Glow & Sons,116 Harbour Road,South,0905411096,Joseph Reyes,BRK066,2008-08-16,Medical devices,active
IMP01340,T109377,Prime Industries Group Ltd,Prime Centre,139 Mill Road,North,0688563214,Fatima Chen,BRK002,2025-12-01,Food importers,active
IMP01341,T109382,"Twin Rivers Motors Co., Ltd","Twin Rivers Motors Co., Ltd",273 Garden Lane,Capital,0496428825,Joseph Silva,BRK052,2021-12-31,Textiles and apparel,active
IMP01342,T109389,Coral Industries & Sons,Coral Industries & Sons,292 Industrial Estate,South,0673397714,Amina Okafor,BRK055,2020-08-29,General trading,active
IMP01343,T109398,Jade Fruits Ltd,Jade Fruits Ltd,348 Temple Street,East,0449778749,Farid Nguyen-Lee,BRK059,2017-04-28,Fuel and chemicals,active
IMP01344,T109406,Eastern Mobile Group Ltd,Eastern Mobile Group Ltd,278 Garden Lane,Coastal,0779321218,Kenji Okafor,BRK029,2017-12-12,Medical devices,active
IMP01345,T109412,"Blue Ocean Imports Co., Ltd","Blue Ocean Imports Co., Ltd",138 Riverside,East,0551052587,Omar Fernandes,BRK071,2018-11-22,Machinery,active
IMP01346,T109419,Global Medical Limited,Global Medical Limited,164 Garden Lane,Coastal,0416723306,Nadia Kowalski,BRK010,2014-01-23,Steel and construction,active
IMP01347,T189427,Evergreen Medical International Ltd,Evergreen Medical International Ltd,119 Station Road,Coastal,0883717474,Daniel Ibrahim,BRK062,2014-12-30,Vehicles and parts,active
IMP01348,T109429,Silk Road Electronics Partners Ltd,Silk Road Electronics Partners Ltd,64 Airport Road,West,0908854728,Amina Sato,BRK008,2017-11-10,Food importers,active
IMP01349,T109439,"Arden Textiles Co., Ltd","Arden Textiles Co., Ltd",182 Temple Street,South,0949701601,Grace Rahman,BRK057,2012-01-13,Steel and construction,active
IMP01350,T109448,Arden Steel Enterprises,Arden Steel Enterprises,260 Station Road,Coastal,0249144849,Grace Mensah,BRK070,2016-09-08,Cosmetics and personal care,active
IMP01351,T109451,"Orchid Electronics Co., Ltd","Orchid Electronics Co., Ltd",118 Bazaar Lane,Capital,0899688671,Lucia Bauer,BRK076,2011-10-11,Electronics,active
IMP01352,,Central Electronics Holdings Ltd,Central Electronics Holdings Ltd,397 Market Street,North,0804299441,Ingrid Okafor,BRK072,2019-01-29,Tobacco and beverages,active
IMP01353,T109470,Meridian Distribution Ltd,Meridian Distribution Ltd,259 Market Street,East,0702930872,Farid Nguyen-Lee,BRK039,2025-04-12,Machinery,active
IMP01354,,Great Wall Imports Enterprises,Great Wall Imports Enterprises,210 Riverside,South,0687057504,Joseph Patel,BRK044,2012-01-19,Tobacco and beverages,active
IMP01355,T109478,Dunmore Foods Holdings Ltd,Dunmore Foods Holdings Ltd,387 Industrial Estate,Coastal,0994565967,Aisha Ibrahim,BRK059,2025-05-23,Textiles and apparel,active
IMP01356,T109426,Coral Enterprises Co.,Coral Enterprises Co.,103 Garden Lane,Coastal,0906648700,Mei Silva,BRK078,2013-03-01,Tobacco and beverages,active
IMP01357,T109495,Ashcombe Commercial Enterprises,Ashcombe Commercial Enterprises,225 Airport Road,Capital,0798013546,Samuel Al-Sayed,BRK042,2019-10-01,Cosmetics and personal care,active
IMP01358,T109503,Jade Motors Co.,Jade Motors Co.,252 Harbour Road,Capital,0359196658,Kenji Kowalski,BRK019,2025-09-05,Electronics,active
IMP01359,T109509,Prescott Textiles & Sons,Prescott Textiles & Sons,98 Riverside,West,0718212470,Ravi Sato,BRK013,2019-06-05,Fuel and chemicals,active
IMP01360,T109515,Twin Rivers Medical Holdings Ltd,Twin Rivers Medical Holdings Ltd,90 Airport Road,South,0577507877,Mei Sato,BRK077,2014-10-17,Cosmetics and personal care,active
IMP01361,T109520,"Coral Steel Co., Ltd","Coral Steel Co., Ltd",94 Airport Road,Coastal,0815611377,Elena Mensah,BRK056,2017-07-27,Tobacco and beverages,active
IMP01362,,Green Valley Textiles Limited,Green Valley Textiles Limited,270 Bazaar Lane,South,0687790081,Amina Silva,BRK065,2015-07-18,Tobacco and beverages,active
IMP01363,T109538,Ocean Imports Holdings Ltd,Ocean Store,247 Temple Street,East,0702380018,Mei Silva,BRK029,2021-09-16,General trading,active
IMP01364,T109547,Inverness Agro Partners Ltd,Inverness Store,57 Airport Road,South,0941507451,Mei Fernandes,BRK051,2016-12-08,General trading,active
IMP01365,T109554,"Ashcombe Textiles Co., Ltd","Ashcombe Textiles Co., Ltd",25 Industrial Estate,Coastal,0988124982,Tomas Fernandes,BRK074,2010-01-25,Steel and construction,active
IMP01366,T109559,Orchid Glow Co.,Orchid Glow Co.,3 Bazaar Lane,West,0469840138,Elena Mahmood,BRK063,2014-06-01,Electronics,active
IMP01367,,Golden Mobile Co.,Golden Mobile Co.,191 Station Road,Capital,0315348378,Ravi Tanaka,BRK059,2011-08-16,Food importers,active
IMP01368,,Pacific Enterprises International Ltd,Pacific Enterprises International Ltd,234 Temple Street,South,0200752563,Aisha Bauer,BRK052,2014-04-11,Electronics,active
IMP01369,T109780,Northern Motors Holdings Ltd,Northern Motors Holdings Ltd,248 Industrial Estate,Coastal,0275303895,Amina Ibrahim,BRK062,2011-10-25,Textiles and apparel,active
IMP01370,T109585,Orchid Steel Holdings Ltd,Orchid Steel Holdings Ltd,212 Garden Lane,North,0552059856,Aisha Chen,BRK073,2014-04-01,Machinery,active
IMP01371,T109590,Cobalt Enterprises Co.,Cobalt Enterprises Co.,376 Market Street,Capital,0792276047,Joseph Mensah,BRK018,2024-03-14,Electronics,active
IMP01372,T109601,Prime Textiles Co.,Prime Textiles Co.,98 Airport Road,Capital,0586649921,Kenji Fernandes,BRK013,2023-11-07,Fuel and chemicals,active
IMP01373,T109607,Green Valley Distribution Partners Ltd,Green Valley Distribution Partners Ltd,117 Airport Road,Coastal,0260720993,Elena Kowalski,BRK005,2008-11-26,Electronics,active
IMP01374,T109617,Metro Enterprises Co.,Metro Enterprises Co.,259 Riverside,Coastal,0754604492,Lucia Haddad,BRK066,2022-04-08,Food importers,active
IMP01375,T109618,Northern Electronics Enterprises,Northern Depot,101 Industrial Estate,Capital,0597265055,Farid Tanaka,BRK059,2022-08-14,General trading,active
IMP01376,T109629,"United Industries Co., Ltd",United Centre,258 Industrial Estate,West,0210026230,Mei Osei,BRK037,2013-07-20,Vehicles and parts,active
IMP01377,,Saffron Electronics Co.,Saffron Electronics Co.,8 Temple Street,South,0841829295,Somchai Sato,BRK066,2010-01-11,Tobacco and beverages,active
IMP01378,T109643,United Supply Enterprises,United Supply Enterprises,183 Temple Street,North,0865976885,Grace Haddad,BRK022,2024-05-01,General trading,active
IMP01379,T109649,Pacific Commercial Holdings Ltd,Pacific Commercial Holdings Ltd,67 Temple Street,West,0495352463,Farid Ibrahim,BRK020,2010-09-24,Furniture and household,active
IMP01380,T109654,Orchid Supply & Sons,Orchid Supply & Sons,381 Mill Road,South,0680656023,Daniel Okafor,BRK049,2022-07-20,Pharmaceuticals,active
IMP01381,T109661,Ocean Medical Enterprises,Ocean Medical Enterprises,51 Bazaar Lane,South,0960731374,Elena Rahman,BRK003,2019-07-19,Textiles and apparel,suspended
IMP01382,T109673,Aldergate Textiles Partners Ltd,Aldergate Textiles Partners Ltd,204 Industrial Estate,North,0724193379,Nadia Novak,BRK079,2012-10-27,Medical devices,active
IMP01383,T109675,Summit Steel Enterprises,Summit Steel Enterprises,3 Industrial Estate,Coastal,0388736801,Samuel Al-Sayed,BRK073,2021-09-18,Pharmaceuticals,active
IMP01384,T109686,Horizon Steel Enterprises,Horizon Steel Enterprises,27 Industrial Estate,Capital,0243136666,Farid Kowalski,BRK063,2017-03-27,Textiles and apparel,active
IMP01385,T109689,Carrick Industries Limited,Carrick Industries Limited,55 Riverside,West,0802637367,Nadia Al-Sayed,BRK056,2014-02-09,General trading,active
IMP01386,T109698,Evergreen Living Co.,Evergreen Living Co.,168 Station Road,North,0520088335,Samuel Mahmood,BRK072,2020-03-29,Medical devices,active
IMP01387,T109703,Global Enterprises Limited,Global Enterprises Limited,333 Mill Road,West,0875250293,Hassan Reyes,BRK036,2020-05-21,Electronics,active
IMP01388,T109711,"Pacific Motors Co., Ltd","Pacific Motors Co., Ltd",213 Station Road,South,0882236294,Aisha Mensah,BRK048,2009-09-13,Machinery,active
IMP01389,T109722,Carrick Pack International Ltd,Carrick Pack International Ltd,173 Mill Road,West,0764746766,Nadia Mahmood,BRK004,2021-01-05,Medical devices,active
IMP01390,T109724,Blue Ocean Agro Co.,Blue Ocean Agro Co.,317 Station Road,South,0218963272,Daniel Okafor,BRK026,2020-05-30,Medical devices,active
IMP01391,T709730,Star Glow Co.,Star Glow Co.,271 Airport Road,South,0315885163,Farid Bauer,BRK071,2013-07-22,Machinery,active
IMP01392,T109743,Sunrise Distribution Enterprises,Sunrise Distribution Enterprises,381 Station Road,North,0538281391,Grace Bauer,BRK066,2008-07-06,Cosmetics and personal care,active
IMP01393,T109748,Delta Agro Partners Ltd,Delta Agro Partners Ltd,142 Market Street,West,0514532301,Samuel Mensah,BRK070,2012-10-03,General trading,active
IMP01394,T109753,Phoenix Mobile Ltd,Phoenix Mobile Ltd,377 Market Street,West,0543644422,Lucia Patel,BRK069,2014-09-21,Machinery,active
IMP01395,T109761,Prime Imports Partners Ltd,Prime Imports Partners Ltd,110 Harbour Road,West,0359503252,Nadia Ibrahim,BRK030,2014-02-26,Electronics,active
IMP01396,T109769,Pacific Living & Sons,Pacific Living & Sons,157 Industrial Estate,Capital,0935123352,Farid Novak,BRK063,2018-04-08,Machinery,active
IMP01397,,Royal Living Group Ltd,Royal Living Group Ltd,337 Harbour Road,North,0618623372,Fatima Al-Sayed,BRK053,2008-05-12,Fuel and chemicals,active
IMP01398,T109782,Meridian Agro Partners Ltd,Meridian Agro Partners Ltd,348 Bazaar Lane,North,0381885124,Priya Patel,BRK062,2021-04-26,Medical devices,active
IMP01399,T100070,Great Wall Mobile Partners Ltd,Great Wall Mobile Partners Ltd,346 Market Street,North,0938469517,Priya Silva,BRK015,2018-10-13,Textiles and apparel,active
IMP01400,T105799,Pacific Fruits Group Ltd,Pacific Fruits Group Ltd,327 Harbour Road,North,0506294350,Mei Patel,BRK073,2012-12-21,Cosmetics and personal care,active
IMP01401,T109806,Coral Motors Co.,Coral Depot,43 Garden Lane,South,0907738290,Nadia Osei,BRK075,2018-01-08,Vehicles and parts,active
IMP01402,T109809,Coral Pack International Ltd,Coral Pack International Ltd,27 Riverside,South,0275095254,Tomas Okafor,BRK062,2019-07-25,Textiles and apparel,suspended
IMP01403,T109814,Lotus Fruits Group Ltd,Lotus Fruits Group Ltd,23 Industrial Estate,Coastal,0585685108,Mei Kowalski,BRK026,2021-06-05,Electronics,active
IMP01404,T109823,Sunrise Commercial Partners Ltd,Sunrise Commercial Partners Ltd,304 Mill Road,North,0280830123,Omar Chen,BRK004,2016-09-21,Electronics,active
IMP01405,T109833,Central Steel Holdings Ltd,Central Steel Holdings Ltd,56 Temple Street,East,0240150962,Hassan Chen,BRK053,2016-03-10,Textiles and apparel,suspended
IMP01406,T109835,"Evergreen Commercial Co., Ltd","Evergreen Commercial Co., Ltd",76 Garden Lane,West,0907967721,Omar Patel,BRK036,2008-01-31,Pharmaceuticals,active
IMP01407,T109863,Ashcombe Steel Group Ltd,Ashcombe Steel Group Ltd,299 Airport Road,North,0216888901,Nadia Mwangi,BRK043,2009-02-13,Textiles and apparel,active
IMP01408,T109852,Orchid Electronics Partners Ltd,Orchid Electronics Partners Ltd,257 Riverside,Coastal,0603831583,Ravi Kowalski,BRK066,2022-04-03,Steel and construction,active
IMP01409,T109861,Global Distribution Group Ltd,Global Distribution Group Ltd,57 Harbour Road,Coastal,0839411378,Tomas Rahman,BRK075,2009-05-11,Medical devices,active
IMP01410,T109868,Central Industries Holdings Ltd,Central Industries Holdings Ltd,23 Airport Road,Capital,0562776953,Kenji Mwangi,BRK042,2016-06-02,Steel and construction,active
IMP01411,T109373,Pacific Industries Co.,Pacific Industries Co.,24 Garden Lane,Coastal,0975014346,Elena Patel,BRK050,2015-02-05,Textiles and apparel,active
IMP01412,T109880,Inverness Enterprises Co.,Inverness Enterprises Co.,64 Industrial Estate,South,0758907929,Fatima Novak,BRK057,2013-01-15,Pharmaceuticals,active
IMP01413,T109890,Blue Ocean Fruits & Sons,Blue Ocean Fruits & Sons,32 Bazaar Lane,Coastal,0253034061,Somchai Bauer,BRK038,2025-02-02,Electronics,active
IMP01414,T109896,Eastern Glow Group Ltd,Eastern Glow Group Ltd,170 Riverside,Coastal,0323071137,Kenji Patel,BRK067,2010-09-25,Cosmetics and personal care,active
IMP01415,T109901,Dunmore Pack Holdings Ltd,Dunmore Pack Holdings Ltd,315 Airport Road,East,0422125688,Ingrid Patel,BRK073,2009-03-08,Pharmaceuticals,active
IMP01416,T109907,Coral Fruits Partners Ltd,Coral Fruits Partners Ltd,60 Garden Lane,Capital,0615674684,Nadia Chen,BRK053,2013-03-08,Cosmetics and personal care,active
IMP01417,T109915,Global Enterprises Ltd,Global Trade,50 Market Street,West,0348164765,Kenji Osei,BRK037,2016-03-21,Medical devices,active
IMP01418,T109924,"Evergreen Supply Co., Ltd","Evergreen Supply Co., Ltd",137 Temple Street,Capital,0724006370,Amina Bauer,BRK066,2018-02-23,Machinery,active
IMP01419,T109931,Star Electronics Partners Ltd,Star Electronics Partners Ltd,233 Market Street,North,0780611627,Aisha Mensah,BRK012,2015-03-21,Fuel and chemicals,active
IMP01420,T109936,"Evergreen Industries Co., Ltd","Evergreen Industries Co., Ltd",277 Garden Lane,Coastal,0805810317,Tomas Mwangi,BRK057,2011-02-23,General trading,active
IMP01421,,Inverness Industries Co.,Inverness Industries Co.,235 Airport Road,Coastal,0504382130,Ravi Novak,BRK059,2016-04-01,Tobacco and beverages,active
IMP01422,T109952,Inverness Imports Group Ltd,Inverness Imports Group Ltd,244 Riverside,West,0260908466,Elena Reyes,BRK021,2010-11-25,Vehicles and parts,active
IMP01423,T109959,Horizon Textiles Ltd,Horizon Textiles Ltd,217 Temple Street,Capital,0441190129,Kenji Mensah,BRK058,2018-04-20,Textiles and apparel,active
IMP01424,T109966,Phoenix Glow International Ltd,Phoenix Glow International Ltd,364 Mill Road,North,0761715160,Somchai Reyes,BRK071,2010-03-21,Vehicles and parts,active
IMP01425,T609974,Aldergate Glow Group Ltd,Aldergate Glow Group Ltd,177 Harbour Road,West,0778411440,Ingrid Mensah,BRK033,2014-04-16,Cosmetics and personal care,active
IMP01426,T109975,Global Fruits Group Ltd,Global Fruits Group Ltd,136 Harbour Road,North,0221348606,Joseph Nguyen-Lee,BRK002,2019-07-16,Cosmetics and personal care,active
IMP01427,T109987,Horizon Supply Ltd,Horizon Supply Ltd,54 Temple Street,Capital,0595860873,Lucia Haddad,BRK054,2018-10-12,Food importers,active
IMP01428,T109990,United Mobile Limited,United Mobile Limited,183 Airport Road,East,0998404942,Lucia Osei,BRK072,2014-02-01,Machinery,active
IMP01429,T109997,Prescott Industries Co.,Prescott Industries Co.,54 Station Road,South,0410386178,Grace Haddad,BRK069,2020-07-15,Machinery,active
IMP01430,T110005,Star Supply Partners Ltd,Star Supply Partners Ltd,107 Airport Road,East,0231906946,Daniel Novak,BRK052,2010-05-24,Electronics,active
IMP01431,T110015,Sunrise Electronics & Sons,Sunrise Electronics & Sons,386 Harbour Road,West,0910813712,Hassan Osei,BRK068,2019-11-05,Food importers,active
IMP01432,T110021,Central Mobile Partners Ltd,Central Mobile Partners Ltd,66 Industrial Estate,North,0760435541,Amina Rahman,BRK006,2013-12-16,Medical devices,active
IMP01433,T110026,Central Commercial & Sons,Central Commercial & Sons,300 Harbour Road,Capital,0747224425,Amina Mahmood,BRK015,2021-08-23,Cosmetics and personal care,active
IMP01434,T110032,Eastern Trading Enterprises,Eastern Trading Enterprises,166 Harbour Road,East,0663891917,Hassan Bauer,BRK069,2015-01-19,Food importers,active
IMP01435,T110038,Jade Agro Group Ltd,Jade Agro Group Ltd,62 Harbour Road,North,0296104975,Fatima Rahman,BRK038,2024-03-07,Medical devices,active
IMP01436,T110051,Dunmore Fruits Group Ltd,Dunmore Fruits Group Ltd,141 Mill Road,North,0226440818,Tomas Tanaka,BRK003,2012-10-04,General trading,active
IMP01437,T110055,Ashcombe Textiles Limited,Ashcombe Textiles Limited,340 Industrial Estate,South,0865824547,Priya Fernandes,BRK076,2011-06-30,Vehicles and parts,active
IMP01438,T110061,Evergreen Fruits Ltd,Evergreen Fruits Ltd,39 Market Street,West,0653001570,Priya Novak,BRK008,2012-01-02,Fuel and chemicals,active
IMP01439,T110066,Central Medical & Sons,Central Store,199 Garden Lane,Capital,0628661470,Grace Fernandes,BRK015,2017-08-17,Steel and construction,active
IMP01440,T110074,"United Fruits Co., Ltd","United Fruits Co., Ltd",109 Harbour Road,South,0358013782,Joseph Al-Sayed,BRK026,2014-01-07,Pharmaceuticals,active
IMP01441,T110081,Sunrise Steel Enterprises,Sunrise Steel Enterprises,214 Station Road,North,0536898976,Amina Haddad,BRK039,2009-03-30,Pharmaceuticals,active
IMP01442,T110089,Crown Pack & Sons,Crown Pack & Sons,172 Temple Street,North,0562422352,Fatima Okafor,BRK074,2021-01-11,Electronics,active
IMP01443,T110097,Orchid Glow Ltd,Orchid Glow Ltd,133 Station Road,Capital,0930439750,Tomas Osei,BRK030,2011-04-26,Electronics,active
IMP01444,T110101,"Evergreen Motors Co., Ltd","Evergreen Motors Co., Ltd",202 Industrial Estate,West,0646081179,Hassan Al-Sayed,BRK035,2018-02-17,Pharmaceuticals,active
IMP01445,T110109,Twin Rivers Medical Group Ltd,Twin Rivers Medical Group Ltd,339 Temple Street,East,0721495897,Amina Okafor,BRK019,2016-11-11,Pharmaceuticals,active
IMP01446,T110119,Prime Commercial Enterprises,Prime Commercial Enterprises,51 Airport Road,East,0916641761,Kenji Kowalski,BRK026,2017-03-18,Steel and construction,active
IMP01447,T810127,Coral Mobile Holdings Ltd,Coral Mobile Holdings Ltd,246 Riverside,West,0518619751,Farid Rahman,BRK080,2014-05-19,Steel and construction,active
IMP01448,T110130,Central Logistics Limited,Central Logistics Limited,220 Airport Road,South,0897568442,Omar Fernandes,BRK058,2020-06-06,Textiles and apparel,active
IMP01449,T110140,Orchid Living Co.,Orchid Living Co.,72 Market Street,Capital,0971428350,Ravi Tanaka,BRK010,2009-12-22,Vehicles and parts,active
IMP01450,T710145,Delta Electronics Ltd,Delta Electronics Ltd,236 Temple Street,East,0819065860,Nadia Novak,BRK048,2011-01-25,Tobacco and beverages,active
IMP01451,T110150,Central Textiles International Ltd,Central Textiles International Ltd,160 Garden Lane,North,0884789328,Grace Osei,BRK061,2018-05-25,Steel and construction,active
IMP01452,T110158,Metro Steel Co.,Metro Steel Co.,241 Market Street,West,0380099450,Aisha Novak,BRK073,2011-04-05,Pharmaceuticals,active
IMP01453,T110170,Silver Enterprises Holdings Ltd,Silver Enterprises Holdings Ltd,135 Riverside,Coastal,0992445229,Farid Okafor,BRK027,2008-01-28,Steel and construction,active
IMP01454,T110172,Arden Supply Limited,Arden Supply Limited,65 Garden Lane,Coastal,0419670706,Tomas Haddad,BRK014,2011-10-19,General trading,active
IMP01455,T110184,Prime Trading Enterprises,Prime Trading Enterprises,215 Garden Lane,West,0962724458,Grace Silva,BRK040,2015-01-28,Furniture and household,active
IMP01456,T110187,Royal Steel Holdings Ltd,Royal Steel Holdings Ltd,224 Garden Lane,West,0404080669,Omar Nguyen-Lee,BRK007,2013-09-06,Cosmetics and personal care,active
IMP01457,T110195,Cobalt Pack Group Ltd,Cobalt Pack Group Ltd,134 Station Road,Coastal,0503166764,Daniel Mwangi,BRK023,2015-02-26,Medical devices,active
IMP01458,T110205,Meridian Commercial Holdings Ltd,Meridian Commercial Holdings Ltd,126 Market Street,South,0690097885,Ingrid Sato,BRK073,2012-03-11,Machinery,active
IMP01459,T110211,Arden Imports Limited,Arden Imports Limited,373 Bazaar Lane,Coastal,0566331616,Daniel Nguyen-Lee,BRK059,2012-11-06,Tobacco and beverages,active
IMP01460,T110219,Blue Ocean Agro Enterprises,Blue Ocean Agro Enterprises,101 Market Street,South,0826430520,Joseph Ibrahim,BRK016,2021-01-23,General trading,active
IMP01461,,Carrick Electronics Ltd,Carrick Electronics Ltd,211 Station Road,North,0362608861,Fatima Haddad,BRK023,2022-01-06,Textiles and apparel,active
IMP01462,T110232,Northern Logistics Ltd,Northern Logistics Ltd,370 Mill Road,West,0207511292,Samuel Patel,BRK016,2020-03-19,Machinery,active
IMP01463,T110239,Crown Imports Ltd,Crown Imports Ltd,397 Bazaar Lane,West,0833244303,Samuel Nguyen-Lee,BRK071,2025-11-14,Machinery,active
IMP01464,T110244,Silk Road Distribution Co.,Silk Road Distribution Co.,143 Market Street,West,0290588299,Mei Patel,BRK066,2014-01-28,General trading,active
IMP01465,T110253,Aldergate Logistics Group Ltd,Aldergate Logistics Group Ltd,52 Bazaar Lane,Capital,0223184409,Nadia Rahman,BRK013,2011-02-02,Fuel and chemicals,active
IMP01466,T110261,Eastern Fruits Group Ltd,Eastern Fruits Group Ltd,64 Bazaar Lane,South,0354983211,Priya Sato,BRK021,2018-01-16,Machinery,active
IMP01467,T110266,Ocean Logistics & Sons,Ocean Logistics & Sons,359 Harbour Road,North,0613600287,Elena Haddad,BRK059,2014-09-06,Food importers,active
IMP01468,T110274,Metro Motors Holdings Ltd,Metro Motors Holdings Ltd,279 Mill Road,Coastal,0933298328,Lucia Kowalski,BRK040,2014-11-07,Steel and construction,active
IMP01469,T110280,Orchid Steel Group Ltd,Orchid Steel Group Ltd,300 Mill Road,Capital,0523254251,Samuel Novak,BRK075,2008-07-14,Machinery,active
IMP01470,T110289,"Royal Textiles Co., Ltd","Royal Textiles Co., Ltd",247 Mill Road,Coastal,0904276304,Tomas Osei,BRK027,2011-05-19,Vehicles and parts,active
IMP01471,T110296,Horizon Living Co.,Horizon Living Co.,101 Riverside,Coastal,0706839220,Samuel Mahmood,BRK010,2011-05-24,Tobacco and beverages,active
IMP01472,T110302,Inverness Steel Partners Ltd,Inverness Steel Partners Ltd,283 Bazaar Lane,West,0710688031,Ravi Ibrahim,BRK007,2017-07-11,Furniture and household,active
IMP01473,T110305,Green Valley Steel Enterprises,Green Valley Steel Enterprises,2 Mill Road,Coastal,0673539506,Grace Fernandes,BRK063,2018-10-26,Fuel and chemicals,active
IMP01474,T110316,Cobalt Supply International Ltd,Cobalt Supply International Ltd,59 Garden Lane,Coastal,0423253513,Tomas Kowalski,BRK056,2015-10-01,Medical devices,active
IMP01475,T110319,Royal Imports & Sons,Royal Imports & Sons,289 Riverside,Coastal,0670548505,Farid Tanaka,BRK046,2014-06-18,Machinery,active
IMP01476,,Northern Fruits Limited,Northern Fruits Limited,383 Bazaar Lane,West,0534036161,Kenji Chen,BRK035,2020-11-26,Fuel and chemicals,active
IMP01477,T100033,Eastern Industries & Sons,Eastern Industries & Sons,24 Harbour Road,East,0679477746,Daniel Osei,BRK033,2018-12-09,Tobacco and beverages,active
IMP01478,T110343,Ocean Industries Limited,Ocean Industries Limited,258 Harbour Road,East,0388784278,Hassan Haddad,BRK046,2011-09-28,Textiles and apparel,active
IMP01479,,Pacific Logistics International Ltd,Pacific Logistics International Ltd,191 Market Street,South,0466434088,Farid Silva,BRK022,2018-02-09,Tobacco and beverages,active
IMP01480,T110358,Evergreen Motors & Sons,Evergreen Motors & Sons,79 Temple Street,East,0617397689,Ravi Reyes,BRK064,2019-01-07,Tobacco and beverages,active
IMP01481,,Ocean Industries Holdings Ltd,Ocean Industries Holdings Ltd,323 Station Road,South,0924121092,Joseph Tanaka,BRK036,2013-09-10,Steel and construction,active
IMP01482,T110370,Green Valley Living Enterprises,Green Valley Living Enterprises,185 Garden Lane,East,0704949670,Ravi Novak,BRK065,2010-10-10,Vehicles and parts,active
IMP01483,T110380,Jade Pack Group Ltd,Jade Pack Group Ltd,335 Bazaar Lane,West,0287453341,Aisha Mahmood,BRK030,2016-08-28,Vehicles and parts,active
IMP01484,T110384,Horizon Mobile Limited,Horizon Mobile Limited,367 Market Street,Capital,0339566651,Aisha Ibrahim,BRK021,2019-05-16,General trading,active
IMP01485,T110390,Central Living Enterprises,Central Living Enterprises,107 Industrial Estate,North,0687827944,Amina Novak,BRK032,2024-08-10,General trading,active
IMP01486,T110396,Twin Rivers Commercial Co.,Twin Rivers Commercial Co.,155 Riverside,North,0963496809,Lucia Reyes,BRK078,2019-10-14,Steel and construction,active
IMP01487,T110402,"Crown Pack Co., Ltd","Crown Pack Co., Ltd",340 Temple Street,Coastal,0517941940,Hassan Kowalski,BRK022,2011-02-12,Fuel and chemicals,active
IMP01488,T110413,Northern Logistics & Sons,Northern Logistics & Sons,50 Airport Road,South,0296173837,Joseph Ibrahim,BRK076,2012-06-18,Furniture and household,active
IMP01489,T110420,Ocean Motors Partners Ltd,Ocean Motors Partners Ltd,80 Industrial Estate,Coastal,0892802806,Grace Mensah,BRK018,2019-05-13,Food importers,active
IMP01490,T110427,Prescott Industries Enterprises,Prescott Industries Enterprises,229 Harbour Road,West,0640156184,Ravi Sato,BRK003,2021-10-29,Textiles and apparel,active
IMP01491,T110432,Evergreen Supply Limited,Evergreen Supply Limited,399 Market Street,Capital,0451784515,Grace Mwangi,BRK025,2008-12-05,Pharmaceuticals,active
IMP01492,,Pacific Steel Ltd,Pacific Steel Ltd,152 Harbour Road,West,0424474888,Ingrid Silva,BRK032,2016-01-27,Vehicles and parts,active
IMP01493,T110444,Ocean Commercial Ltd,Ocean Commercial Ltd,67 Temple Street,East,0575932862,Priya Patel,BRK080,2020-06-20,Cosmetics and personal care,active
IMP01494,T110452,"Harmony Medical Co., Ltd",Harmony Mart,35 Mill Road,North,0668821802,Hassan Silva,BRK065,2009-12-14,Textiles and apparel,active
IMP01495,T110460,"Metro Supply Co., Ltd","Metro Supply Co., Ltd",28 Industrial Estate,North,0302988258,Hassan Haddad,BRK080,2024-10-31,Electronics,active
IMP01496,T110467,Great Wall Enterprises Partners Ltd,Great Wall Enterprises Partners Ltd,387 Industrial Estate,South,0545246667,Priya Tanaka,BRK020,2019-03-23,Cosmetics and personal care,active
IMP01497,T110473,Phoenix Glow Ltd,Phoenix Glow Ltd,25 Station Road,South,0861143858,Nadia Osei,BRK057,2020-10-05,Food importers,active
IMP01498,T110480,Prescott Foods Limited,Prescott Foods Limited,186 Temple Street,West,0862004414,Ingrid Silva,BRK059,2018-09-18,General trading,active
IMP01499,T110487,Ocean Foods International Ltd,Ocean Foods International Ltd,178 Industrial Estate,South,0338525843,Amina Okafor,BRK077,2012-03-04,Furniture and household,active
IMP01500,T110499,"Arden Fruits Co., Ltd","Arden Fruits Co., Ltd",87 Mill Road,Coastal,0673265994,Mei Mensah,BRK059,2011-01-29,Medical devices,active
