cust_id,reg_id,score,band,name_sim,address_sim,postcode_sim,town_sim
C00001,R01223,1.0,exact,1.0,1.0,1.0,1.0
C00002,R00398,1.0,exact,1.0,1.0,1.0,1.0
C00003,R02417,1.0,exact,1.0,1.0,1.0,1.0
C00004,R01899,1.0,exact,0.909,1.0,1.0,1.0
C00005,R02666,1.0,exact,1.0,1.0,1.0,1.0
C00006,R02060,1.0,exact,1.0,1.0,1.0,1.0
C00007,R01228,1.0,exact,1.0,1.0,1.0,1.0
C00008,R00709,1.0,exact,1.0,1.0,1.0,1.0
C00009,R01515,0.4259,no match,0.25,0.914,1.0,1.0
C00010,R00624,0.6541,no match,1.0,0.882,1.0,1.0
C00011,R00446,1.0,exact,1.0,1.0,1.0,1.0
C00012,R01431,1.0,exact,1.0,1.0,1.0,1.0
C00013,R02150,1.0,exact,1.0,1.0,1.0,1.0
C00014,R01423,1.0,exact,1.0,1.0,1.0,1.0
C00015,R01242,0.6541,no match,1.0,0.591,1.0,1.0
C00016,R02239,1.0,exact,1.0,1.0,1.0,1.0
C00017,R01133,0.6541,no match,1.0,0.903,1.0,1.0
C00018,R00507,0.2202,no match,0.593,0.345,0.0,1.0
C00019,R02036,1.0,exact,1.0,1.0,1.0,1.0
C00020,R01739,0.7718,review,0.774,1.0,1.0,1.0
C00021,R02476,1.0,exact,1.0,1.0,1.0,
C00022,R00487,1.0,exact,1.0,1.0,1.0,1.0
C00023,R01823,1.0,exact,1.0,1.0,1.0,1.0
C00024,R02865,1.0,exact,1.0,1.0,1.0,1.0
C00025,R01822,1.0,exact,1.0,1.0,1.0,1.0
C00026,R02127,1.0,exact,1.0,1.0,1.0,1.0
C00027,R02459,1.0,exact,1.0,1.0,1.0,1.0
C00028,R01517,0.7718,review,0.286,1.0,1.0,1.0
C00029,R02736,0.6541,no match,1.0,0.429,1.0,1.0
C00030,R01183,1.0,exact,1.0,1.0,1.0,1.0
C00031,R01600,0.7718,review,0.519,1.0,1.0,1.0
C00032,R02958,1.0,exact,1.0,1.0,1.0,1.0
C00033,R02290,0.6541,no match,1.0,0.878,1.0,1.0
C00034,R00121,1.0,exact,1.0,1.0,1.0,1.0
C00035,R00145,1.0,exact,1.0,1.0,1.0,1.0
C00036,R01852,0.7718,review,0.207,1.0,1.0,1.0
C00037,R02691,0.6541,no match,1.0,0.939,1.0,1.0
C00038,R02630,1.0,exact,1.0,1.0,1.0,
C00039,R01384,1.0,exact,1.0,1.0,1.0,1.0
C00040,R00248,1.0,exact,1.0,1.0,1.0,1.0
C00041,R01121,0.7718,review,0.263,1.0,1.0,1.0
C00042,R00365,1.0,exact,1.0,1.0,1.0,1.0
C00043,R00423,1.0,exact,1.0,1.0,1.0,1.0
C00044,R00754,0.6541,no match,1.0,0.84,1.0,1.0
C00045,R02961,0.6541,no match,1.0,0.829,1.0,1.0
C00046,R00231,1.0,exact,1.0,1.0,1.0,1.0
C00047,R01075,1.0,exact,1.0,1.0,1.0,1.0
C00048,R02101,1.0,exact,1.0,1.0,1.0,1.0
C00049,R00866,0.7074,review,0.143,1.0,1.0,
C00050,R02382,1.0,exact,0.977,1.0,1.0,1.0
C00051,R01218,1.0,exact,1.0,1.0,1.0,1.0
C00052,R02855,1.0,exact,0.98,1.0,1.0,1.0
C00053,R02035,1.0,exact,1.0,1.0,1.0,1.0
C00054,R02653,1.0,exact,1.0,1.0,1.0,1.0
C00055,R00515,1.0,exact,1.0,1.0,1.0,1.0
C00056,R01282,1.0,exact,1.0,1.0,1.0,1.0
C00057,R02206,1.0,exact,1.0,1.0,1.0,1.0
C00058,R01292,1.0,exact,1.0,1.0,1.0,1.0
C00059,R00785,0.7074,review,0.632,1.0,1.0,
C00060,R00382,0.7718,review,0.6,1.0,1.0,1.0
C00061,R00193,1.0,exact,1.0,1.0,1.0,
C00062,R02603,1.0,exact,1.0,1.0,1.0,1.0
C00063,R02155,1.0,exact,1.0,1.0,1.0,1.0
C00064,R02441,1.0,exact,1.0,1.0,1.0,1.0
C00065,R01011,1.0,exact,1.0,1.0,1.0,1.0
C00066,R00256,1.0,exact,1.0,1.0,1.0,1.0
C00067,R00009,1.0,exact,1.0,1.0,1.0,1.0
C00068,R01994,1.0,exact,1.0,1.0,1.0,1.0
C00069,R01102,1.0,exact,1.0,1.0,1.0,
C00070,R02090,1.0,exact,1.0,1.0,1.0,1.0
C00071,R01110,1.0,exact,1.0,1.0,1.0,1.0
C00072,R02162,1.0,exact,1.0,1.0,1.0,1.0
C00073,R00465,0.6541,no match,1.0,0.619,1.0,1.0
C00074,R01927,0.7718,review,0.24,1.0,1.0,1.0
C00075,R00760,1.0,exact,1.0,1.0,1.0,1.0
C00076,R00087,1.0,exact,1.0,1.0,1.0,1.0
C00077,R02489,1.0,exact,1.0,1.0,1.0,1.0
C00078,R02327,1.0,exact,0.968,1.0,1.0,1.0
C00079,R01142,0.7718,review,0.667,1.0,1.0,1.0
C00080,R00146,1.0,exact,0.952,1.0,1.0,1.0
C00081,R02890,1.0,exact,1.0,1.0,1.0,1.0
C00082,R02023,1.0,exact,1.0,1.0,1.0,1.0
C00083,R02498,1.0,exact,1.0,1.0,1.0,1.0
C00084,R02897,1.0,exact,1.0,1.0,1.0,1.0
C00085,R02729,0.7942,review,1.0,1.0,0.0,1.0
C00086,R02515,1.0,exact,1.0,1.0,1.0,1.0
C00087,R01221,1.0,exact,1.0,1.0,1.0,1.0
C00088,R01154,1.0,exact,1.0,1.0,1.0,1.0
C00089,R02830,1.0,exact,0.929,1.0,1.0,1.0
C00090,R01851,1.0,exact,1.0,1.0,1.0,1.0
C00091,R02989,1.0,exact,1.0,1.0,1.0,1.0
C00092,R00982,1.0,exact,1.0,1.0,1.0,1.0
C00093,R01089,0.7942,review,1.0,1.0,0.0,1.0
C00094,R01688,1.0,exact,1.0,1.0,1.0,1.0
C00095,R01709,1.0,exact,1.0,1.0,1.0,1.0
C00096,R01166,1.0,exact,1.0,1.0,1.0,1.0
C00097,R02963,0.6541,no match,1.0,0.278,1.0,1.0
C00098,R01916,0.7942,review,1.0,1.0,0.0,1.0
C00099,R01420,1.0,exact,1.0,1.0,1.0,
C00100,R01588,1.0,exact,1.0,1.0,1.0,1.0
C00101,R01630,0.7718,review,0.275,1.0,1.0,1.0
C00102,R01427,1.0,exact,1.0,1.0,1.0,1.0
C00103,R00429,1.0,exact,1.0,1.0,1.0,1.0
C00104,R02186,1.0,exact,1.0,1.0,1.0,1.0
C00105,R00598,1.0,exact,1.0,1.0,1.0,1.0
C00106,R02359,1.0,exact,1.0,1.0,1.0,1.0
C00107,R02006,1.0,exact,1.0,1.0,1.0,
C00108,R02811,1.0,exact,1.0,1.0,1.0,1.0
C00109,R02681,1.0,exact,1.0,1.0,1.0,1.0
C00110,R00098,1.0,exact,1.0,1.0,1.0,1.0
C00111,R01786,0.6541,no match,1.0,0.8,1.0,1.0
C00112,R00872,0.7718,review,0.4,1.0,1.0,1.0
C00113,R00350,0.7718,review,0.2,1.0,1.0,1.0
C00114,R00330,1.0,exact,1.0,1.0,1.0,1.0
C00115,R02416,1.0,exact,1.0,1.0,1.0,1.0
C00116,R01880,1.0,exact,1.0,1.0,1.0,1.0
C00117,R02142,1.0,exact,1.0,1.0,1.0,1.0
C00118,R00238,1.0,exact,0.9,1.0,1.0,1.0
C00119,R01005,1.0,exact,0.938,1.0,1.0,1.0
C00120,R01761,1.0,exact,1.0,1.0,1.0,1.0
C00121,R01400,1.0,exact,1.0,1.0,1.0,1.0
C00122,R01080,1.0,exact,1.0,1.0,1.0,1.0
C00123,R02076,1.0,exact,1.0,1.0,1.0,1.0
C00124,R00066,0.7942,review,1.0,1.0,0.0,1.0
C00125,R00436,1.0,exact,1.0,1.0,1.0,1.0
C00126,R00869,1.0,exact,1.0,1.0,1.0,1.0
C00127,R01599,0.7718,review,0.615,1.0,1.0,1.0
C00128,R02647,0.6541,no match,1.0,0.944,1.0,1.0
C00129,R02251,1.0,exact,1.0,1.0,1.0,
C00130,R00747,1.0,exact,1.0,1.0,1.0,1.0
C00131,R02606,1.0,exact,1.0,1.0,1.0,1.0
C00132,R02381,1.0,exact,1.0,1.0,1.0,1.0
C00133,R00859,1.0,exact,1.0,1.0,1.0,1.0
C00134,R01029,0.6541,no match,1.0,0.275,1.0,1.0
C00135,R02388,1.0,exact,1.0,1.0,1.0,1.0
C00136,R02385,1.0,exact,1.0,1.0,1.0,1.0
C00137,R01337,0.2202,no match,0.429,0.533,0.0,1.0
C00138,R01629,1.0,exact,1.0,1.0,1.0,1.0
C00139,R00247,0.7942,review,1.0,1.0,0.0,1.0
C00140,R00812,0.4259,no match,0.4,0.537,1.0,1.0
C00141,R02698,0.7942,review,1.0,1.0,0.0,1.0
C00142,R02154,0.6541,no match,1.0,0.889,1.0,1.0
C00143,R00648,1.0,exact,1.0,1.0,1.0,1.0
C00144,R01355,0.7718,review,0.324,1.0,1.0,1.0
C00145,R00228,1.0,exact,1.0,1.0,1.0,1.0
C00146,R00532,0.7718,review,0.276,1.0,1.0,1.0
C00147,R02873,0.6541,no match,0.9,0.615,1.0,1.0
C00148,R02192,1.0,exact,1.0,1.0,1.0,1.0
C00149,R02992,1.0,exact,1.0,1.0,1.0,1.0
C00150,R01955,1.0,exact,1.0,1.0,1.0,1.0
C00151,R01665,1.0,exact,1.0,1.0,1.0,
C00152,R01961,1.0,exact,1.0,1.0,1.0,1.0
C00153,R02250,1.0,exact,1.0,1.0,1.0,1.0
C00154,R00194,1.0,exact,0.857,1.0,1.0,1.0
C00155,R00090,1.0,exact,1.0,1.0,1.0,1.0
C00156,R01078,1.0,exact,1.0,1.0,1.0,
C00157,R00319,1.0,exact,0.87,1.0,1.0,1.0
C00158,R01861,1.0,exact,1.0,1.0,1.0,
C00159,R00535,1.0,exact,1.0,1.0,1.0,1.0
C00160,R02493,1.0,exact,1.0,1.0,1.0,1.0
C00161,R02413,1.0,exact,1.0,1.0,1.0,1.0
C00162,R00425,1.0,exact,0.96,1.0,1.0,1.0
C00163,R02436,1.0,exact,1.0,1.0,1.0,1.0
C00164,R00002,1.0,exact,1.0,1.0,1.0,1.0
C00165,R00133,0.6541,no match,1.0,0.766,1.0,1.0
C00166,R00204,0.6541,no match,1.0,0.761,1.0,1.0
C00167,R00607,1.0,exact,1.0,1.0,1.0,1.0
C00168,R02677,1.0,exact,1.0,1.0,1.0,1.0
C00169,R02168,0.6541,no match,1.0,0.737,1.0,1.0
C00170,R01649,1.0,exact,1.0,1.0,1.0,1.0
C00171,R01471,1.0,exact,1.0,1.0,1.0,1.0
C00172,R01172,1.0,exact,0.923,1.0,1.0,
C00173,R01992,0.7718,review,0.737,0.962,1.0,1.0
C00174,R01045,0.7718,review,0.2,1.0,1.0,1.0
C00175,R01906,0.7942,review,1.0,1.0,0.0,1.0
C00176,R00805,1.0,exact,1.0,1.0,1.0,1.0
C00177,R02583,1.0,exact,1.0,1.0,1.0,1.0
C00178,R00187,1.0,exact,1.0,1.0,1.0,1.0
C00179,R00639,0.7718,review,0.429,0.978,1.0,1.0
C00180,R01432,1.0,exact,1.0,1.0,1.0,1.0
C00181,R02464,1.0,exact,0.955,1.0,1.0,1.0
C00182,R02804,0.7942,review,1.0,1.0,0.0,1.0
C00183,R01767,0.6541,no match,1.0,0.88,1.0,1.0
C00184,R01006,1.0,exact,1.0,1.0,1.0,1.0
C00185,R00742,1.0,exact,1.0,1.0,1.0,1.0
C00186,R01707,0.7718,review,0.343,1.0,1.0,1.0
C00187,R01059,1.0,exact,1.0,1.0,1.0,1.0
C00188,R00043,0.2282,no match,1.0,0.34,0.0,0.0
C00189,R01689,1.0,exact,1.0,1.0,1.0,1.0
C00190,R01903,1.0,exact,1.0,1.0,1.0,
C00191,R01402,1.0,exact,0.947,1.0,1.0,1.0
C00192,R01868,0.6541,no match,1.0,0.723,1.0,1.0
C00193,R02346,0.7718,review,0.467,1.0,1.0,1.0
C00194,R02494,1.0,exact,1.0,1.0,1.0,
C00195,R00122,1.0,exact,1.0,1.0,1.0,1.0
C00196,R01764,1.0,exact,1.0,1.0,1.0,1.0
C00197,R00730,1.0,exact,1.0,1.0,1.0,1.0
C00198,R00358,1.0,exact,1.0,1.0,1.0,1.0
C00199,R00410,1.0,exact,1.0,1.0,1.0,1.0
C00200,R02707,1.0,exact,1.0,1.0,1.0,1.0
C00201,R00178,0.4259,no match,0.389,0.857,1.0,1.0
C00202,R01259,1.0,exact,1.0,1.0,1.0,1.0
C00203,R02984,1.0,exact,1.0,1.0,1.0,1.0
C00204,R01047,1.0,exact,1.0,1.0,1.0,1.0
C00205,R02962,1.0,exact,1.0,1.0,1.0,1.0
C00206,R01596,1.0,exact,1.0,1.0,1.0,1.0
C00207,R01971,0.6541,no match,1.0,0.778,1.0,1.0
C00208,R02257,0.6541,no match,1.0,0.903,1.0,1.0
C00209,R02513,1.0,exact,1.0,1.0,1.0,1.0
C00210,R00537,0.6541,no match,1.0,0.909,1.0,1.0
C00211,R01433,1.0,exact,1.0,1.0,1.0,1.0
C00212,R01322,0.6541,no match,1.0,0.875,1.0,1.0
C00213,R00412,0.6541,no match,1.0,0.897,1.0,1.0
C00214,R02700,1.0,exact,1.0,1.0,1.0,1.0
C00215,R00302,1.0,exact,1.0,1.0,1.0,1.0
C00216,R01480,1.0,exact,1.0,1.0,1.0,1.0
C00217,R01870,1.0,exact,1.0,1.0,1.0,1.0
C00218,R00658,0.6541,no match,1.0,0.929,1.0,1.0
C00219,R00223,1.0,exact,1.0,1.0,1.0,1.0
C00220,R00484,0.6541,no match,1.0,0.702,1.0,1.0
C00221,R01472,0.6541,no match,1.0,0.622,1.0,1.0
C00222,R01595,0.4259,no match,0.345,0.87,1.0,1.0
C00223,R02261,1.0,exact,1.0,1.0,1.0,1.0
C00224,R02994,1.0,exact,1.0,1.0,1.0,1.0
C00225,R01042,1.0,exact,1.0,1.0,1.0,1.0
C00226,R00851,1.0,exact,1.0,1.0,1.0,1.0
C00227,R02627,1.0,exact,1.0,1.0,1.0,1.0
C00228,R00520,1.0,exact,1.0,1.0,1.0,1.0
C00229,R01562,1.0,exact,1.0,1.0,1.0,1.0
C00230,R02133,1.0,exact,1.0,1.0,1.0,1.0
C00231,R00268,1.0,exact,1.0,1.0,1.0,1.0
C00232,R00548,0.7942,review,1.0,1.0,0.0,1.0
C00233,R01654,0.6541,no match,1.0,0.867,1.0,1.0
C00234,R02348,1.0,exact,1.0,1.0,1.0,1.0
C00235,R01368,1.0,exact,0.96,1.0,1.0,1.0
C00236,R00354,0.7718,review,0.278,1.0,1.0,1.0
C00237,R02692,1.0,exact,1.0,1.0,1.0,1.0
C00238,R00676,1.0,exact,1.0,1.0,1.0,1.0
C00239,R02335,0.7718,review,0.4,1.0,1.0,1.0
C00240,R02407,1.0,exact,1.0,1.0,1.0,1.0
C00241,R02437,1.0,exact,1.0,1.0,1.0,1.0
C00242,R02005,1.0,exact,1.0,1.0,1.0,1.0
C00243,R00759,1.0,exact,1.0,1.0,1.0,1.0
C00244,R01148,0.7718,review,0.667,1.0,1.0,1.0
C00245,R00615,1.0,exact,1.0,1.0,1.0,1.0
C00246,R02322,0.6541,no match,1.0,0.286,1.0,1.0
C00247,R01340,1.0,exact,1.0,1.0,1.0,1.0
C00248,R01054,0.7718,review,0.542,1.0,1.0,1.0
C00249,R02333,1.0,exact,1.0,1.0,1.0,1.0
C00250,R01651,1.0,exact,1.0,1.0,1.0,1.0
C00251,R02740,1.0,exact,0.857,1.0,1.0,1.0
C00252,R02166,1.0,exact,1.0,1.0,1.0,1.0
C00253,R02229,1.0,exact,1.0,1.0,1.0,1.0
C00254,R00203,1.0,exact,0.982,1.0,1.0,1.0
C00255,R02792,1.0,exact,1.0,1.0,1.0,1.0
C00256,R00385,0.7942,review,1.0,1.0,0.0,1.0
C00257,R00916,1.0,exact,1.0,1.0,1.0,1.0
C00258,R00021,1.0,exact,1.0,1.0,1.0,1.0
C00259,R00933,0.7942,review,1.0,1.0,0.0,1.0
C00260,R02339,1.0,exact,1.0,1.0,1.0,1.0
C00261,R00133,1.0,exact,1.0,1.0,1.0,1.0
C00262,R02444,1.0,exact,1.0,1.0,1.0,1.0
C00263,R01843,1.0,exact,1.0,1.0,1.0,1.0
C00264,R02430,1.0,exact,1.0,1.0,1.0,1.0
C00265,R00942,0.6541,no match,1.0,0.88,1.0,1.0
C00266,R02770,1.0,exact,1.0,1.0,1.0,1.0
C00267,R02652,1.0,exact,0.941,1.0,1.0,1.0
C00268,R01727,1.0,exact,1.0,1.0,1.0,1.0
C00269,R00680,1.0,exact,1.0,1.0,1.0,1.0
C00270,R02357,1.0,exact,1.0,1.0,1.0,1.0
C00271,R00924,1.0,exact,1.0,1.0,1.0,1.0
C00272,R00808,1.0,exact,0.97,1.0,1.0,1.0
C00273,R00153,1.0,exact,1.0,1.0,1.0,1.0
C00274,R01717,1.0,exact,1.0,1.0,1.0,1.0
C00275,R02363,1.0,exact,1.0,1.0,1.0,1.0
C00276,R00722,0.4259,no match,0.465,0.723,1.0,1.0
C00277,R01129,1.0,exact,1.0,1.0,1.0,1.0
C00278,R01573,1.0,exact,1.0,1.0,1.0,1.0
C00279,R02355,1.0,exact,1.0,1.0,1.0,1.0
C00280,R00219,1.0,exact,1.0,1.0,1.0,1.0
C00281,R02767,1.0,exact,1.0,1.0,1.0,1.0
C00282,R02293,1.0,exact,1.0,1.0,1.0,1.0
C00283,R00069,1.0,exact,1.0,1.0,1.0,1.0
C00284,R00675,1.0,exact,1.0,1.0,1.0,1.0
C00285,R00363,1.0,exact,1.0,1.0,1.0,1.0
C00286,R01593,1.0,exact,1.0,1.0,1.0,1.0
C00287,R01098,1.0,exact,1.0,1.0,1.0,1.0
C00288,R02202,1.0,exact,1.0,1.0,1.0,1.0
C00289,R01919,1.0,exact,1.0,1.0,1.0,1.0
C00290,R00822,1.0,exact,1.0,1.0,1.0,1.0
C00291,R00569,0.7942,review,1.0,1.0,0.0,1.0
C00292,R01929,0.4259,no match,0.714,0.78,1.0,1.0
C00293,R01262,0.7718,review,0.353,1.0,1.0,1.0
C00294,R02201,1.0,exact,0.941,1.0,1.0,1.0
C00295,R00362,1.0,exact,1.0,1.0,1.0,1.0
C00296,R02158,0.7718,review,0.375,1.0,1.0,1.0
C00297,R00758,0.6541,no match,1.0,0.42,1.0,1.0
C00298,R00596,1.0,exact,1.0,1.0,1.0,
C00299,R02713,1.0,exact,1.0,1.0,1.0,1.0
C00300,R02870,1.0,exact,1.0,1.0,1.0,1.0
C00301,R01894,0.7718,review,0.273,1.0,1.0,1.0
C00302,R02400,0.6541,no match,1.0,0.651,1.0,1.0
C00303,R00726,0.6541,no match,0.9,0.898,1.0,1.0
C00304,R00152,1.0,exact,1.0,1.0,1.0,1.0
C00305,R02105,0.7718,review,0.222,1.0,1.0,1.0
C00306,R01953,0.7942,review,1.0,1.0,0.0,1.0
C00307,R02188,1.0,exact,1.0,1.0,1.0,1.0
C00308,R00577,1.0,exact,1.0,1.0,1.0,1.0
C00309,R02629,0.6541,no match,1.0,0.875,1.0,1.0
C00310,R01469,1.0,exact,1.0,1.0,1.0,1.0
C00311,R00689,0.7718,review,0.3,1.0,1.0,1.0
C00312,R00787,1.0,exact,0.979,1.0,1.0,1.0
C00313,R02147,1.0,exact,1.0,1.0,1.0,1.0
C00314,R01792,0.7718,review,0.593,1.0,1.0,1.0
C00315,R02040,0.2202,no match,0.333,0.467,0.0,1.0
C00316,R00620,1.0,exact,1.0,1.0,1.0,1.0
C00317,R02872,1.0,exact,1.0,1.0,1.0,1.0
C00318,R00952,1.0,exact,1.0,1.0,1.0,1.0
C00319,R00865,1.0,exact,1.0,1.0,1.0,1.0
C00320,R00008,0.6541,no match,1.0,0.868,1.0,1.0
C00321,R00645,1.0,exact,1.0,1.0,1.0,1.0
C00322,R01287,1.0,exact,1.0,1.0,1.0,
C00323,R02334,1.0,exact,0.909,1.0,1.0,1.0
C00324,R02233,1.0,exact,1.0,1.0,1.0,1.0
C00325,R01542,1.0,exact,1.0,1.0,1.0,1.0
C00326,R02953,1.0,exact,1.0,1.0,1.0,1.0
C00327,R00954,1.0,exact,1.0,1.0,1.0,1.0
C00328,R01477,1.0,exact,1.0,1.0,1.0,1.0
C00329,R00307,1.0,exact,1.0,1.0,1.0,1.0
C00330,R01570,0.7718,review,0.415,1.0,1.0,1.0
C00331,R01900,1.0,exact,1.0,1.0,1.0,1.0
C00332,R02377,0.6541,no match,1.0,0.389,1.0,1.0
C00333,R02305,1.0,exact,1.0,1.0,1.0,1.0
C00334,R00243,0.6541,no match,1.0,0.836,1.0,1.0
C00335,R00305,1.0,exact,1.0,1.0,1.0,1.0
C00336,R00078,1.0,exact,1.0,1.0,1.0,1.0
C00337,R00627,0.6541,no match,1.0,0.744,1.0,1.0
C00338,R01003,1.0,exact,1.0,1.0,1.0,1.0
C00339,R02116,1.0,exact,1.0,1.0,1.0,1.0
C00340,R02901,1.0,exact,1.0,1.0,1.0,1.0
C00341,R01510,0.6541,no match,0.867,0.875,1.0,1.0
C00342,R00813,1.0,exact,1.0,1.0,1.0,1.0
C00343,R02771,1.0,exact,1.0,1.0,1.0,1.0
C00344,R02847,1.0,exact,1.0,1.0,1.0,1.0
C00345,R02850,1.0,exact,1.0,1.0,1.0,
C00346,R00377,1.0,exact,1.0,1.0,1.0,1.0
C00347,R01508,1.0,exact,1.0,1.0,1.0,1.0
C00348,R02131,1.0,exact,1.0,1.0,1.0,1.0
C00349,R00168,1.0,exact,0.976,1.0,1.0,1.0
C00350,R01975,1.0,exact,0.987,1.0,1.0,1.0
C00351,R00771,1.0,exact,1.0,1.0,1.0,1.0
C00352,R00131,1.0,exact,0.983,1.0,1.0,1.0
C00353,R02732,1.0,exact,1.0,1.0,1.0,1.0
C00354,R02024,1.0,exact,1.0,1.0,1.0,1.0
C00355,R02523,1.0,exact,0.966,1.0,1.0,1.0
C00356,R01841,0.6541,no match,0.944,0.815,1.0,1.0
C00357,R02212,1.0,exact,1.0,1.0,1.0,
C00358,R02548,1.0,exact,1.0,1.0,1.0,1.0
C00359,R02129,1.0,exact,1.0,1.0,1.0,1.0
C00360,R01289,1.0,exact,1.0,1.0,1.0,
C00361,R02214,1.0,exact,1.0,1.0,1.0,1.0
C00362,R01501,1.0,exact,0.912,1.0,1.0,1.0
C00363,R02053,0.6541,no match,1.0,0.36,1.0,1.0
C00364,R02483,1.0,exact,1.0,1.0,1.0,
C00365,R01924,1.0,exact,1.0,1.0,1.0,1.0
C00366,R00663,0.5661,no match,0.667,1.0,0.0,1.0
C00367,R01587,0.7942,review,1.0,1.0,0.0,1.0
C00368,R01294,0.4259,no match,0.48,0.716,1.0,1.0
C00369,R02887,1.0,exact,1.0,1.0,1.0,1.0
C00370,R01185,0.6541,no match,1.0,0.622,1.0,1.0
C00371,R01793,1.0,exact,1.0,1.0,1.0,1.0
C00372,R00029,0.7718,review,0.583,1.0,1.0,1.0
C00373,R01058,0.7718,review,0.182,1.0,1.0,1.0
C00374,R02907,1.0,exact,1.0,1.0,1.0,1.0
C00375,R02089,1.0,exact,1.0,1.0,1.0,1.0
C00376,R00397,0.6541,no match,1.0,0.278,1.0,1.0
C00377,R02176,1.0,exact,1.0,1.0,1.0,1.0
C00378,R01533,1.0,exact,1.0,1.0,1.0,1.0
C00379,R02328,0.6541,no match,1.0,0.8,1.0,1.0
C00380,R00947,0.7718,review,0.455,1.0,1.0,1.0
C00381,R01222,0.7718,review,0.154,1.0,1.0,1.0
C00382,R02323,1.0,exact,1.0,1.0,1.0,1.0
C00383,R00968,1.0,exact,1.0,1.0,1.0,1.0
C00384,R01877,0.7718,review,0.667,1.0,1.0,1.0
C00385,R01581,1.0,exact,1.0,1.0,1.0,1.0
C00386,R01435,0.6541,no match,1.0,0.889,1.0,1.0
C00387,R02383,1.0,exact,1.0,1.0,1.0,1.0
C00388,R00128,1.0,exact,1.0,1.0,1.0,1.0
C00389,R01582,1.0,exact,1.0,1.0,1.0,1.0
C00390,R02352,1.0,exact,1.0,1.0,1.0,1.0
C00391,R00528,0.7942,review,1.0,1.0,0.0,1.0
C00392,R01244,0.6541,no match,1.0,0.833,1.0,1.0
C00393,R00882,1.0,exact,1.0,1.0,1.0,1.0
C00394,R00003,1.0,exact,1.0,1.0,1.0,1.0
C00395,R01881,1.0,exact,1.0,1.0,1.0,1.0
C00396,R02170,1.0,exact,1.0,1.0,1.0,1.0
C00397,R01597,0.7718,review,0.348,1.0,1.0,1.0
C00398,R02446,1.0,exact,1.0,1.0,1.0,1.0
C00399,R00801,1.0,exact,1.0,1.0,1.0,1.0
C00400,R01645,1.0,exact,1.0,1.0,1.0,1.0
C00401,R02362,1.0,exact,1.0,1.0,1.0,1.0
C00402,R00170,1.0,exact,1.0,1.0,1.0,1.0
C00403,R00210,1.0,exact,1.0,1.0,1.0,1.0
C00404,R02197,1.0,exact,1.0,1.0,1.0,
C00405,R02836,1.0,exact,1.0,1.0,1.0,1.0
C00406,R01104,0.7718,review,0.235,1.0,1.0,1.0
C00407,R01816,1.0,exact,1.0,1.0,1.0,1.0
C00408,R00905,0.7718,review,0.745,1.0,1.0,1.0
C00409,R00236,0.7942,review,0.974,1.0,0.0,1.0
C00410,R00890,1.0,exact,1.0,1.0,1.0,1.0
C00411,R01726,1.0,exact,1.0,1.0,1.0,
C00412,R01540,1.0,exact,1.0,1.0,1.0,1.0
C00413,R02944,0.7942,review,1.0,1.0,0.0,1.0
C00414,R00655,1.0,exact,1.0,1.0,1.0,1.0
C00415,R02806,1.0,exact,0.944,1.0,1.0,1.0
C00416,R01414,0.2202,no match,0.421,0.491,0.0,1.0
C00417,R01576,1.0,exact,1.0,1.0,1.0,1.0
C00418,R01855,1.0,exact,1.0,1.0,1.0,1.0
C00419,R01974,1.0,exact,1.0,1.0,1.0,1.0
C00420,R00459,0.7718,review,0.846,1.0,1.0,1.0
C00421,R01328,1.0,exact,1.0,1.0,1.0,1.0
C00422,R00543,1.0,exact,1.0,1.0,1.0,1.0
C00423,R01827,1.0,exact,1.0,1.0,1.0,1.0
C00424,R01814,0.7718,review,0.457,1.0,1.0,1.0
C00425,R01552,0.6541,no match,1.0,0.88,1.0,1.0
C00426,R02686,1.0,exact,1.0,1.0,1.0,1.0
C00427,R01051,0.6541,no match,1.0,0.42,1.0,1.0
C00428,R00524,1.0,exact,1.0,1.0,1.0,1.0
C00429,R00502,1.0,exact,0.966,1.0,1.0,1.0
C00430,R00139,1.0,exact,1.0,1.0,1.0,1.0
C00431,R01197,1.0,exact,1.0,1.0,1.0,1.0
C00432,R01370,1.0,exact,1.0,1.0,1.0,1.0
C00433,R00778,1.0,exact,0.909,1.0,1.0,1.0
C00434,R02903,1.0,exact,1.0,1.0,1.0,1.0
C00435,R02969,1.0,exact,1.0,1.0,1.0,1.0
C00436,R00117,0.2202,no match,0.462,0.473,0.0,1.0
C00437,R00200,1.0,exact,1.0,1.0,1.0,1.0
C00438,R00937,1.0,exact,1.0,1.0,1.0,1.0
C00439,R00617,1.0,exact,1.0,1.0,1.0,1.0
C00440,R00198,0.6541,no match,1.0,0.571,1.0,1.0
C00441,R00359,1.0,exact,1.0,1.0,1.0,1.0
C00442,R01750,0.6541,no match,1.0,0.897,1.0,1.0
C00443,R01052,1.0,exact,1.0,1.0,1.0,1.0
C00444,R00277,0.6541,no match,1.0,0.857,1.0,1.0
C00445,R02313,1.0,exact,1.0,1.0,1.0,1.0
C00446,R00766,1.0,exact,1.0,1.0,1.0,1.0
C00447,R00746,0.7942,review,1.0,1.0,0.0,1.0
C00448,R00728,1.0,exact,1.0,1.0,1.0,1.0
C00449,R01662,1.0,exact,1.0,1.0,1.0,
C00450,R02048,1.0,exact,1.0,1.0,1.0,1.0
C00451,R00086,1.0,exact,1.0,1.0,1.0,1.0
C00452,R02194,1.0,exact,1.0,1.0,1.0,1.0
C00453,R02439,1.0,exact,1.0,1.0,1.0,
C00454,R01224,1.0,exact,1.0,1.0,1.0,1.0
C00455,R01847,0.6541,no match,1.0,0.676,1.0,1.0
C00456,R02663,1.0,exact,1.0,1.0,1.0,1.0
C00457,R02580,1.0,exact,1.0,1.0,1.0,1.0
C00458,R02283,1.0,exact,1.0,1.0,1.0,1.0
C00459,R02911,1.0,exact,1.0,1.0,1.0,1.0
C00460,R01177,0.6541,no match,1.0,0.773,1.0,1.0
C00461,R00181,1.0,exact,1.0,1.0,1.0,1.0
C00462,R02882,1.0,exact,1.0,1.0,1.0,1.0
C00463,R02991,1.0,exact,1.0,1.0,1.0,1.0
C00464,R00852,1.0,exact,0.866,1.0,1.0,1.0
C00465,R02199,1.0,exact,1.0,1.0,1.0,1.0
C00466,R01831,1.0,exact,1.0,1.0,1.0,
C00467,R00591,0.7718,review,0.353,1.0,1.0,1.0
C00468,R02012,1.0,exact,1.0,1.0,1.0,1.0
C00469,R02387,1.0,exact,1.0,1.0,1.0,1.0
C00470,R02252,1.0,exact,1.0,1.0,1.0,1.0
C00471,R02403,1.0,exact,1.0,1.0,1.0,1.0
C00472,R02058,1.0,exact,1.0,1.0,1.0,1.0
C00473,R00482,0.6541,no match,1.0,0.651,1.0,1.0
C00474,R02100,1.0,exact,1.0,1.0,1.0,1.0
C00475,R01893,1.0,exact,1.0,1.0,1.0,1.0
C00476,R00485,0.7942,review,0.938,1.0,0.0,1.0
C00477,R01363,1.0,exact,1.0,1.0,1.0,1.0
C00478,R02935,1.0,exact,1.0,1.0,1.0,1.0
C00479,R02218,0.6541,no match,1.0,0.737,1.0,1.0
C00480,R01572,1.0,exact,1.0,1.0,1.0,1.0
C00481,R00326,1.0,exact,1.0,1.0,1.0,1.0
C00482,R00367,1.0,exact,0.973,1.0,1.0,1.0
C00483,R00383,0.7718,review,0.267,1.0,1.0,1.0
C00484,R02184,1.0,exact,1.0,1.0,1.0,1.0
C00485,R00045,1.0,exact,0.913,1.0,1.0,1.0
C00486,R00616,1.0,exact,1.0,1.0,1.0,1.0
C00487,R01141,1.0,exact,0.952,1.0,1.0,1.0
C00488,R00945,1.0,exact,1.0,1.0,1.0,1.0
C00489,R02859,0.6541,no match,1.0,0.857,1.0,1.0
C00490,R00989,1.0,exact,1.0,1.0,1.0,1.0
C00491,R01466,1.0,exact,1.0,1.0,1.0,1.0
C00492,R00183,0.7718,review,0.741,1.0,1.0,1.0
C00493,R00245,1.0,exact,1.0,1.0,1.0,1.0
C00494,R00986,1.0,exact,1.0,1.0,1.0,1.0
C00495,R00255,1.0,exact,1.0,1.0,1.0,1.0
C00496,R00664,1.0,exact,1.0,1.0,1.0,1.0
C00497,R02541,1.0,exact,1.0,1.0,1.0,1.0
C00498,R01255,1.0,exact,1.0,1.0,1.0,1.0
C00499,R01270,1.0,exact,1.0,1.0,1.0,1.0
C00500,R00829,1.0,exact,1.0,1.0,1.0,1.0
C00501,R02282,1.0,exact,1.0,1.0,1.0,1.0
C00502,R01418,1.0,exact,0.917,1.0,1.0,1.0
C00503,R00447,1.0,exact,0.923,1.0,1.0,1.0
C00504,R00631,0.6541,no match,0.875,0.897,1.0,1.0
C00505,R02139,1.0,exact,1.0,1.0,1.0,1.0
C00506,R02637,1.0,exact,1.0,1.0,1.0,1.0
C00507,R01901,1.0,exact,1.0,1.0,1.0,1.0
C00508,R01497,1.0,exact,1.0,1.0,1.0,1.0
C00509,R00956,1.0,exact,1.0,1.0,1.0,1.0
C00510,R00902,1.0,exact,1.0,1.0,1.0,1.0
C00511,R01839,1.0,exact,1.0,1.0,1.0,1.0
C00512,R02759,1.0,exact,1.0,1.0,1.0,1.0
C00513,R00349,1.0,exact,1.0,1.0,1.0,1.0
C00514,R01796,1.0,exact,1.0,1.0,1.0,1.0
C00515,R00824,1.0,exact,1.0,1.0,1.0,1.0
C00516,R00939,1.0,exact,1.0,1.0,1.0,1.0
C00517,R00796,1.0,exact,1.0,1.0,1.0,1.0
C00518,R02530,1.0,exact,1.0,1.0,1.0,1.0
C00519,R02947,0.6541,no match,1.0,0.741,1.0,1.0
C00520,R00120,0.2202,no match,0.621,0.259,0.0,1.0
C00521,R00348,0.7718,review,0.846,1.0,1.0,1.0
C00522,R01189,1.0,exact,1.0,1.0,1.0,1.0
C00523,R01529,0.6541,no match,0.98,0.825,1.0,1.0
C00524,R01970,0.7718,review,0.5,1.0,1.0,1.0
C00525,R01339,1.0,exact,1.0,1.0,1.0,1.0
C00526,R00787,1.0,exact,1.0,1.0,1.0,1.0
C00527,R00216,1.0,exact,1.0,1.0,1.0,1.0
C00528,R00294,1.0,exact,1.0,1.0,1.0,1.0
C00529,R00582,1.0,exact,1.0,1.0,1.0,
C00530,R02709,1.0,exact,1.0,1.0,1.0,1.0
C00531,R02866,1.0,exact,1.0,1.0,1.0,1.0
C00532,R02764,1.0,exact,1.0,1.0,1.0,
C00533,R01996,1.0,exact,1.0,1.0,1.0,1.0
C00534,R01864,1.0,exact,0.889,1.0,1.0,1.0
C00535,R02569,1.0,exact,1.0,1.0,1.0,1.0
C00536,R02510,1.0,exact,1.0,1.0,1.0,1.0
C00537,R01694,1.0,exact,1.0,1.0,1.0,1.0
C00538,R01930,1.0,exact,1.0,1.0,1.0,1.0
C00539,R01443,1.0,exact,1.0,1.0,1.0,1.0
C00540,R00688,1.0,exact,1.0,1.0,1.0,1.0
C00541,R01206,0.7718,review,0.207,1.0,1.0,1.0
C00542,R01937,1.0,exact,1.0,1.0,1.0,1.0
C00543,R00316,0.7718,review,0.367,1.0,1.0,1.0
C00544,R02879,1.0,exact,0.933,1.0,1.0,1.0
C00545,R02936,1.0,exact,1.0,1.0,1.0,
C00546,R02439,0.7718,review,0.462,0.98,1.0,1.0
C00547,R02187,0.6541,no match,1.0,0.929,1.0,1.0
C00548,R02919,1.0,exact,1.0,1.0,1.0,1.0
C00549,R02545,1.0,exact,1.0,1.0,1.0,1.0
C00550,R00081,0.7942,review,1.0,1.0,0.0,1.0
C00551,R01254,1.0,exact,1.0,1.0,1.0,1.0
C00552,R01723,1.0,exact,1.0,1.0,1.0,1.0
C00553,R02908,0.6541,no match,1.0,0.857,1.0,1.0
C00554,R01377,1.0,exact,1.0,1.0,1.0,1.0
C00555,R02080,0.7718,review,0.318,1.0,1.0,1.0
C00556,R00314,1.0,exact,1.0,1.0,1.0,1.0
C00557,R01776,0.6541,no match,0.952,0.88,1.0,1.0
C00558,R02518,1.0,exact,1.0,1.0,1.0,1.0
C00559,R02302,1.0,exact,0.923,1.0,1.0,1.0
C00560,R00854,1.0,exact,1.0,1.0,1.0,1.0
C00561,R01215,0.7718,review,0.242,1.0,1.0,1.0
C00562,R00948,1.0,exact,1.0,1.0,1.0,1.0
C00563,R02310,1.0,exact,1.0,1.0,1.0,1.0
C00564,R00397,1.0,exact,1.0,1.0,1.0,1.0
C00565,R02788,1.0,exact,1.0,1.0,1.0,1.0
C00566,R02081,1.0,exact,1.0,1.0,1.0,1.0
C00567,R00381,0.6541,no match,1.0,0.714,1.0,1.0
C00568,R00296,1.0,exact,1.0,1.0,1.0,1.0
C00569,R00673,1.0,exact,1.0,1.0,1.0,1.0
C00570,R00303,1.0,exact,1.0,1.0,1.0,1.0
C00571,R02014,1.0,exact,1.0,1.0,1.0,1.0
C00572,R00768,1.0,exact,1.0,1.0,1.0,1.0
C00573,R01902,0.6541,no match,0.976,0.854,1.0,1.0
C00574,R00199,1.0,exact,1.0,1.0,1.0,1.0
C00575,R01631,1.0,exact,1.0,1.0,1.0,1.0
C00576,R02661,1.0,exact,1.0,1.0,1.0,1.0
C00577,R00323,1.0,exact,1.0,1.0,1.0,1.0
C00578,R01049,1.0,exact,1.0,1.0,1.0,1.0
C00579,R02754,1.0,exact,1.0,1.0,1.0,1.0
C00580,R00011,1.0,exact,0.984,1.0,1.0,1.0
C00581,R00825,1.0,exact,1.0,1.0,1.0,1.0
C00582,R00280,1.0,exact,1.0,1.0,1.0,
C00583,R02386,0.4259,no match,0.421,0.622,1.0,1.0
C00584,R02049,1.0,exact,1.0,1.0,1.0,1.0
C00585,R01061,1.0,exact,1.0,1.0,1.0,1.0
C00586,R02092,1.0,exact,1.0,1.0,1.0,1.0
C00587,R02720,1.0,exact,1.0,1.0,1.0,1.0
C00588,R01778,0.7718,review,0.267,1.0,1.0,1.0
C00589,R01206,0.6541,no match,1.0,0.914,1.0,1.0
C00590,R01326,1.0,exact,1.0,1.0,1.0,1.0
C00591,R02525,1.0,exact,1.0,1.0,1.0,1.0
C00592,R00661,1.0,exact,1.0,1.0,1.0,1.0
C00593,R01853,0.6541,no match,1.0,0.245,1.0,1.0
C00594,R02077,0.6541,no match,1.0,0.381,1.0,1.0
C00595,R02948,1.0,exact,1.0,1.0,1.0,1.0
C00596,R01281,1.0,exact,1.0,1.0,1.0,1.0
C00597,R01195,1.0,exact,1.0,1.0,1.0,1.0
C00598,R00453,1.0,exact,1.0,1.0,1.0,1.0
C00599,R00877,1.0,exact,1.0,1.0,1.0,1.0
C00600,R01077,1.0,exact,1.0,1.0,1.0,1.0
C00601,R02939,1.0,exact,1.0,1.0,1.0,1.0
C00602,R01679,1.0,exact,1.0,1.0,1.0,1.0
C00603,R00733,1.0,exact,1.0,1.0,1.0,1.0
C00604,R00063,1.0,exact,1.0,1.0,1.0,1.0
C00605,R01118,1.0,exact,1.0,1.0,1.0,1.0
C00606,R01762,0.6541,no match,1.0,0.717,1.0,1.0
C00607,R00304,1.0,exact,1.0,1.0,1.0,1.0
C00608,R02368,1.0,exact,1.0,1.0,1.0,1.0
C00609,R02920,1.0,exact,1.0,1.0,1.0,1.0
C00610,R00411,1.0,exact,1.0,1.0,1.0,1.0
C00611,R01852,1.0,exact,1.0,1.0,1.0,1.0
C00612,R01272,0.7718,review,0.462,1.0,1.0,1.0
C00613,R01729,0.7718,review,0.385,1.0,1.0,1.0
C00614,R02274,1.0,exact,1.0,1.0,1.0,1.0
C00615,R02062,1.0,exact,1.0,1.0,1.0,1.0
C00616,R00720,0.6541,no match,1.0,0.909,1.0,1.0
C00617,R00428,1.0,exact,1.0,1.0,1.0,1.0
C00618,R02512,1.0,exact,1.0,1.0,1.0,1.0
C00619,R00150,0.7942,review,1.0,1.0,0.0,1.0
C00620,R00254,1.0,exact,1.0,1.0,1.0,1.0
C00621,R02505,1.0,exact,1.0,1.0,1.0,1.0
C00622,R02010,0.6541,no match,1.0,0.818,1.0,1.0
C00623,R02727,0.6541,no match,1.0,0.875,1.0,1.0
C00624,R01457,1.0,exact,1.0,1.0,1.0,1.0
C00625,R01243,1.0,exact,1.0,1.0,1.0,
C00626,R01702,1.0,exact,1.0,1.0,1.0,1.0
C00627,R00893,1.0,exact,1.0,1.0,1.0,1.0
C00628,R01436,0.6541,no match,1.0,0.897,1.0,1.0
C00629,R01949,1.0,exact,1.0,1.0,1.0,1.0
C00630,R02735,1.0,exact,1.0,1.0,1.0,1.0
C00631,R02914,1.0,exact,1.0,1.0,1.0,1.0
C00632,R02531,1.0,exact,1.0,1.0,1.0,1.0
C00633,R01271,1.0,exact,1.0,1.0,1.0,1.0
C00634,R02095,1.0,exact,0.875,1.0,1.0,1.0
C00635,R00562,1.0,exact,1.0,1.0,1.0,1.0
C00636,R01350,1.0,exact,1.0,1.0,1.0,1.0
C00637,R02521,1.0,exact,1.0,1.0,1.0,1.0
C00638,R00464,1.0,exact,1.0,1.0,1.0,1.0
C00639,R01664,1.0,exact,1.0,1.0,1.0,1.0
C00640,R02621,0.6541,no match,1.0,0.897,1.0,1.0
C00641,R00089,0.2202,no match,0.424,0.327,0.0,1.0
C00642,R00681,1.0,exact,1.0,1.0,1.0,1.0
C00643,R01323,1.0,exact,1.0,1.0,1.0,1.0
C00644,R01157,1.0,exact,1.0,1.0,1.0,1.0
C00645,R01655,1.0,exact,1.0,1.0,1.0,1.0
C00646,R00609,1.0,exact,1.0,1.0,1.0,1.0
C00647,R02840,1.0,exact,0.98,1.0,1.0,1.0
C00648,R01230,1.0,exact,0.978,1.0,1.0,1.0
C00649,R01524,1.0,exact,1.0,1.0,1.0,1.0
C00650,R02001,1.0,exact,1.0,1.0,1.0,1.0
C00651,R00891,1.0,exact,1.0,1.0,1.0,1.0
C00652,R01925,1.0,exact,0.957,1.0,1.0,1.0
C00653,R01167,1.0,exact,1.0,1.0,1.0,
C00654,R02291,1.0,exact,1.0,1.0,1.0,1.0
C00655,R01754,0.7942,review,1.0,1.0,0.0,1.0
C00656,R01301,1.0,exact,1.0,1.0,1.0,1.0
C00657,R02928,1.0,exact,1.0,1.0,1.0,1.0
C00658,R02173,1.0,exact,1.0,1.0,1.0,1.0
C00659,R00137,1.0,exact,1.0,1.0,1.0,1.0
C00660,R02772,1.0,exact,1.0,1.0,1.0,1.0
C00661,R02927,1.0,exact,1.0,1.0,1.0,1.0
C00662,R01361,0.6541,no match,1.0,0.769,1.0,1.0
C00663,R01137,1.0,exact,1.0,1.0,1.0,1.0
C00664,R01653,1.0,exact,1.0,1.0,1.0,
C00665,R02096,1.0,exact,1.0,1.0,1.0,1.0
C00666,R01091,1.0,exact,1.0,1.0,1.0,1.0
C00667,R00782,1.0,exact,1.0,1.0,1.0,1.0
C00668,R00344,1.0,exact,1.0,1.0,1.0,1.0
C00669,R00731,1.0,exact,1.0,1.0,1.0,1.0
C00670,R02650,1.0,exact,1.0,1.0,1.0,1.0
C00671,R00085,1.0,exact,1.0,1.0,1.0,
C00672,R02979,1.0,exact,1.0,1.0,1.0,1.0
C00673,R00555,1.0,exact,1.0,1.0,1.0,1.0
C00674,R01094,1.0,exact,1.0,1.0,1.0,1.0
C00675,R01068,0.4259,no match,0.4,0.682,1.0,1.0
C00676,R02693,1.0,exact,1.0,1.0,1.0,1.0
C00677,R01607,0.7942,review,1.0,1.0,0.0,1.0
C00678,R01748,0.6541,no match,1.0,0.889,1.0,1.0
C00679,R02083,1.0,exact,1.0,1.0,1.0,1.0
C00680,R01382,1.0,exact,1.0,1.0,1.0,1.0
C00681,R00770,0.7718,review,0.417,1.0,1.0,1.0
C00682,R00409,0.7718,review,0.296,1.0,1.0,1.0
C00683,R01921,1.0,exact,1.0,1.0,1.0,1.0
C00684,R01430,1.0,exact,1.0,1.0,1.0,1.0
C00685,R02240,1.0,exact,1.0,1.0,1.0,1.0
C00686,R01284,1.0,exact,1.0,1.0,1.0,1.0
C00687,R02215,1.0,exact,1.0,1.0,1.0,1.0
C00688,R01163,1.0,exact,1.0,1.0,1.0,1.0
C00689,R01933,1.0,exact,1.0,1.0,1.0,1.0
C00690,R01447,1.0,exact,1.0,1.0,1.0,1.0
C00691,R01204,0.7718,review,0.244,1.0,1.0,1.0
C00692,R01040,1.0,exact,1.0,1.0,1.0,1.0
C00693,R02960,1.0,exact,1.0,1.0,1.0,1.0
C00694,R00297,1.0,exact,1.0,1.0,1.0,1.0
C00695,R00489,1.0,exact,1.0,1.0,1.0,1.0
C00696,R02763,1.0,exact,1.0,1.0,1.0,1.0
C00697,R00118,0.6541,no match,0.909,0.933,1.0,1.0
C00698,R02500,0.4259,no match,0.556,0.649,1.0,1.0
C00699,R01439,1.0,exact,1.0,1.0,1.0,1.0
C00700,R01486,0.7718,review,0.372,1.0,1.0,1.0
C00701,R01149,0.6541,no match,1.0,0.291,1.0,1.0
C00702,R02960,0.7718,review,0.467,0.98,1.0,1.0
C00703,R01954,1.0,exact,1.0,1.0,1.0,1.0
C00704,R00052,1.0,exact,1.0,1.0,1.0,1.0
C00705,R00371,1.0,exact,1.0,1.0,1.0,1.0
C00706,R01824,1.0,exact,1.0,1.0,1.0,1.0
C00707,R02306,0.7718,review,0.524,1.0,1.0,1.0
C00708,R02996,0.6541,no match,1.0,0.818,1.0,1.0
C00709,R00473,1.0,exact,1.0,1.0,1.0,1.0
C00710,R00729,1.0,exact,1.0,1.0,1.0,1.0
C00711,R00994,1.0,exact,1.0,1.0,1.0,1.0
C00712,R00864,1.0,exact,1.0,1.0,1.0,1.0
C00713,R02645,1.0,exact,1.0,1.0,1.0,1.0
C00714,R02793,0.7942,review,1.0,1.0,0.0,1.0
C00715,R00590,1.0,exact,1.0,1.0,1.0,1.0
C00716,R01097,0.6541,no match,1.0,0.862,1.0,1.0
C00717,R02473,1.0,exact,1.0,1.0,1.0,1.0
C00718,R00396,1.0,exact,1.0,1.0,1.0,1.0
C00719,R02191,1.0,exact,0.909,1.0,1.0,1.0
C00720,R00838,1.0,exact,1.0,1.0,1.0,1.0
C00721,R00024,1.0,exact,1.0,1.0,1.0,1.0
C00722,R00501,1.0,exact,1.0,1.0,1.0,1.0
C00723,R02921,1.0,exact,1.0,1.0,1.0,
C00724,R02397,0.6541,no match,1.0,0.65,1.0,1.0
C00725,R01837,1.0,exact,0.933,1.0,1.0,1.0
C00726,R02542,1.0,exact,1.0,1.0,1.0,1.0
C00727,R01414,1.0,exact,1.0,1.0,1.0,1.0
C00728,R02586,0.6541,no match,1.0,0.651,1.0,1.0
C00729,R02757,1.0,exact,0.96,1.0,1.0,1.0
C00730,R01601,1.0,exact,1.0,1.0,1.0,1.0
C00731,R01041,1.0,exact,1.0,1.0,1.0,1.0
C00732,R02365,1.0,exact,1.0,1.0,1.0,1.0
C00733,R00794,1.0,exact,1.0,1.0,1.0,1.0
C00734,R00799,1.0,exact,1.0,1.0,1.0,1.0
C00735,R00058,0.6541,no match,1.0,0.606,1.0,1.0
C00736,R01854,1.0,exact,1.0,1.0,1.0,1.0
C00737,R00967,1.0,exact,1.0,1.0,1.0,1.0
C00738,R00201,1.0,exact,1.0,1.0,1.0,1.0
C00739,R00904,1.0,exact,1.0,1.0,1.0,1.0
C00740,R02027,1.0,exact,1.0,1.0,1.0,1.0
C00741,R00856,0.6541,no match,1.0,0.615,1.0,1.0
C00742,R02636,1.0,exact,1.0,1.0,1.0,1.0
C00743,R00682,0.7718,review,0.5,1.0,1.0,1.0
C00744,R01285,1.0,exact,1.0,1.0,1.0,1.0
C00745,R00301,0.7942,review,0.966,1.0,0.0,1.0
C00746,R02853,1.0,exact,1.0,1.0,1.0,1.0
C00747,R01335,0.7718,review,0.4,0.98,1.0,1.0
C00748,R02491,1.0,exact,1.0,1.0,1.0,1.0
C00749,R01379,1.0,exact,1.0,1.0,1.0,1.0
C00750,R01333,0.6541,no match,1.0,0.762,1.0,1.0
C00751,R00225,1.0,exact,1.0,1.0,1.0,1.0
C00752,R02281,1.0,exact,1.0,1.0,1.0,1.0
C00753,R02183,1.0,exact,0.933,1.0,1.0,1.0
C00754,R00176,1.0,exact,1.0,1.0,1.0,1.0
C00755,R02248,0.7718,review,0.321,1.0,1.0,1.0
C00756,R01001,1.0,exact,1.0,1.0,1.0,1.0
C00757,R01505,1.0,exact,1.0,1.0,1.0,1.0
C00758,R02642,1.0,exact,1.0,1.0,1.0,1.0
C00759,R01713,1.0,exact,1.0,1.0,1.0,1.0
C00760,R00126,1.0,exact,1.0,1.0,1.0,1.0
C00761,R02499,1.0,exact,1.0,1.0,1.0,1.0
C00762,R02775,1.0,exact,1.0,1.0,1.0,1.0
C00763,R02278,1.0,exact,1.0,1.0,1.0,1.0
C00764,R01985,0.7718,review,0.774,1.0,1.0,1.0
C00765,R00249,0.7074,review,0.154,1.0,1.0,
C00766,R00390,1.0,exact,1.0,1.0,1.0,1.0
C00767,R02536,0.6541,no match,1.0,0.867,1.0,1.0
C00768,R00454,0.7718,review,0.8,1.0,1.0,1.0
C00769,R02222,1.0,exact,1.0,1.0,1.0,1.0
C00770,R01759,0.6541,no match,1.0,0.791,1.0,1.0
C00771,R01825,1.0,exact,1.0,1.0,1.0,1.0
C00772,R02095,0.7718,review,0.211,1.0,1.0,1.0
C00773,R01537,1.0,exact,1.0,1.0,1.0,1.0
C00774,R00786,1.0,exact,1.0,1.0,1.0,1.0
C00775,R01031,1.0,exact,1.0,1.0,1.0,1.0
C00776,R00442,1.0,exact,1.0,1.0,1.0,1.0
C00777,R02827,1.0,exact,1.0,1.0,1.0,1.0
C00778,R02785,1.0,exact,1.0,1.0,1.0,1.0
C00779,R00495,1.0,exact,1.0,1.0,1.0,
C00780,R02311,1.0,exact,1.0,1.0,1.0,1.0
C00781,R01578,1.0,exact,0.909,1.0,1.0,1.0
C00782,R00993,0.6541,no match,1.0,0.269,1.0,1.0
C00783,R00355,1.0,exact,1.0,1.0,1.0,1.0
C00784,R01191,1.0,exact,1.0,1.0,1.0,1.0
C00785,R01539,1.0,exact,1.0,1.0,1.0,1.0
C00786,R02158,1.0,exact,1.0,1.0,1.0,1.0
C00787,R00815,0.7718,review,0.0,1.0,1.0,1.0
C00788,R02869,1.0,exact,1.0,1.0,1.0,1.0
C00789,R01959,1.0,exact,1.0,1.0,1.0,1.0
C00790,R02122,1.0,exact,1.0,1.0,1.0,1.0
C00791,R01652,1.0,exact,1.0,1.0,1.0,1.0
C00792,R01658,1.0,exact,1.0,1.0,1.0,1.0
C00793,R00957,0.7718,review,0.333,1.0,1.0,1.0
C00794,R01875,1.0,exact,1.0,1.0,1.0,1.0
C00795,R00919,1.0,exact,1.0,1.0,1.0,1.0
C00796,R00815,0.7074,review,0.0,1.0,1.0,
C00797,R01399,1.0,exact,1.0,1.0,1.0,1.0
C00798,R00023,1.0,exact,1.0,1.0,1.0,1.0
C00799,R00015,1.0,exact,1.0,1.0,1.0,1.0
C00800,R02312,0.7942,review,1.0,1.0,0.0,1.0
C00801,R00125,1.0,exact,1.0,1.0,1.0,1.0
C00802,R00528,0.4259,no match,0.296,0.565,1.0,1.0
C00803,R01896,1.0,exact,1.0,1.0,1.0,1.0
C00804,R00639,0.7718,review,0.364,1.0,1.0,1.0
C00805,R02449,1.0,exact,1.0,1.0,1.0,1.0
C00806,R01991,0.6541,no match,1.0,0.928,1.0,1.0
C00807,R02080,1.0,exact,1.0,1.0,1.0,1.0
C00808,R01009,1.0,exact,1.0,1.0,1.0,1.0
C00809,R02422,1.0,exact,1.0,1.0,1.0,1.0
C00810,R01130,0.7718,review,0.364,1.0,1.0,1.0
C00811,R01887,1.0,exact,0.947,1.0,1.0,1.0
C00812,R02260,1.0,exact,1.0,1.0,1.0,1.0
C00813,R00449,1.0,exact,1.0,1.0,1.0,1.0
C00814,R00364,1.0,exact,1.0,1.0,1.0,
C00815,R01671,0.2282,no match,1.0,0.269,0.0,0.0
C00816,R01741,1.0,exact,1.0,1.0,1.0,1.0
C00817,R00765,0.7942,review,1.0,1.0,0.0,1.0
C00818,R02009,1.0,exact,1.0,1.0,1.0,1.0
C00819,R00374,1.0,exact,0.96,1.0,1.0,1.0
C00820,R02308,1.0,exact,1.0,1.0,1.0,1.0
C00821,R00525,1.0,exact,1.0,1.0,1.0,1.0
C00822,R02039,0.6541,no match,1.0,0.407,1.0,1.0
C00823,R00878,1.0,exact,1.0,1.0,1.0,1.0
C00824,R00476,0.6541,no match,1.0,0.762,1.0,1.0
C00825,R01249,1.0,exact,1.0,1.0,1.0,1.0
C00826,R02216,1.0,exact,1.0,1.0,1.0,1.0
C00827,R02351,1.0,exact,1.0,1.0,1.0,1.0
C00828,R01838,0.7718,review,0.595,1.0,1.0,1.0
C00829,R01442,1.0,exact,1.0,1.0,1.0,1.0
C00830,R00843,0.6541,no match,1.0,0.75,1.0,1.0
C00831,R02973,1.0,exact,1.0,1.0,1.0,1.0
C00832,R01485,0.6541,no match,1.0,0.875,1.0,1.0
C00833,R01716,1.0,exact,1.0,1.0,1.0,1.0
C00834,R02752,1.0,exact,1.0,1.0,1.0,1.0
C00835,R02349,1.0,exact,1.0,1.0,1.0,
C00836,R01336,1.0,exact,1.0,1.0,1.0,1.0
C00837,R00599,1.0,exact,1.0,1.0,1.0,1.0
C00838,R02457,1.0,exact,1.0,1.0,1.0,1.0
C00839,R01784,0.7074,review,0.414,0.96,1.0,
C00840,R02658,0.6541,no match,1.0,0.929,1.0,1.0
C00841,R00037,0.6541,no match,1.0,0.719,1.0,1.0
C00842,R02608,1.0,exact,1.0,1.0,1.0,1.0
C00843,R00419,0.7718,review,0.765,1.0,1.0,1.0
C00844,R00205,0.7718,review,0.667,1.0,1.0,1.0
C00845,R02433,1.0,exact,1.0,1.0,1.0,1.0
C00846,R00512,1.0,exact,1.0,1.0,1.0,1.0
C00847,R02353,1.0,exact,1.0,1.0,1.0,1.0
C00848,R00403,0.7718,review,0.148,1.0,1.0,1.0
C00849,R01674,0.7942,review,1.0,1.0,0.0,1.0
C00850,R00918,0.6541,no match,1.0,0.194,1.0,1.0
C00851,R02021,1.0,exact,1.0,1.0,1.0,1.0
C00852,R02983,0.6541,no match,1.0,0.667,1.0,1.0
C00853,R02576,1.0,exact,1.0,1.0,1.0,1.0
C00854,R01766,0.6541,no match,1.0,0.746,1.0,1.0
C00855,R00739,1.0,exact,1.0,1.0,1.0,1.0
C00856,R00518,1.0,exact,1.0,1.0,1.0,1.0
C00857,R01244,0.6541,no match,1.0,0.286,1.0,1.0
C00858,R00595,0.4259,no match,0.235,0.897,1.0,1.0
C00859,R00189,1.0,exact,1.0,1.0,1.0,1.0
C00860,R02938,0.7718,review,0.833,1.0,1.0,1.0
C00861,R00998,1.0,exact,1.0,1.0,1.0,1.0
C00862,R02371,1.0,exact,1.0,1.0,1.0,1.0
C00863,R00538,1.0,exact,1.0,1.0,1.0,1.0
C00864,R00357,0.6541,no match,1.0,0.836,1.0,1.0
C00865,R00339,1.0,exact,1.0,1.0,1.0,1.0
C00866,R00519,1.0,exact,1.0,1.0,1.0,1.0
C00867,R00783,0.4259,no match,0.375,0.529,1.0,1.0
C00868,R02964,1.0,exact,1.0,1.0,1.0,1.0
C00869,R01043,1.0,exact,1.0,1.0,1.0,1.0
C00870,R01396,1.0,exact,1.0,1.0,1.0,1.0
C00871,R02234,1.0,exact,1.0,1.0,1.0,1.0
C00872,R01202,1.0,exact,1.0,1.0,1.0,1.0
C00873,R02731,1.0,exact,1.0,1.0,1.0,1.0
C00874,R01021,1.0,exact,1.0,1.0,1.0,1.0
C00875,R00404,0.6541,no match,1.0,0.882,1.0,1.0
C00876,R02846,0.7942,review,1.0,1.0,0.0,1.0
C00877,R00239,1.0,exact,0.979,1.0,1.0,1.0
C00878,R01302,1.0,exact,1.0,1.0,1.0,1.0
C00879,R02395,1.0,exact,1.0,1.0,1.0,1.0
C00880,R01660,0.6541,no match,1.0,0.415,1.0,1.0
C00881,R01708,0.6541,no match,1.0,0.327,1.0,1.0
C00882,R01657,1.0,exact,1.0,1.0,1.0,1.0
C00883,R00428,0.7718,review,0.25,1.0,1.0,1.0
C00884,R02043,0.7718,review,0.231,1.0,1.0,1.0
C00885,R02959,1.0,exact,1.0,1.0,1.0,1.0
C00886,R02189,1.0,exact,1.0,1.0,1.0,1.0
C00887,R02744,0.7718,review,0.72,1.0,1.0,1.0
C00888,R01675,1.0,exact,1.0,1.0,1.0,1.0
C00889,R01925,1.0,exact,1.0,1.0,1.0,1.0
C00890,R01943,1.0,exact,1.0,1.0,1.0,1.0
C00891,R00217,1.0,exact,0.929,1.0,1.0,1.0
C00892,R00456,1.0,exact,1.0,1.0,1.0,1.0
C00893,R02592,1.0,exact,1.0,1.0,1.0,1.0
C00894,R00340,1.0,exact,1.0,1.0,1.0,1.0
C00895,R01013,0.6541,no match,1.0,0.905,1.0,1.0
C00896,R01479,1.0,exact,1.0,1.0,1.0,1.0
C00897,R02159,1.0,exact,1.0,1.0,1.0,1.0
C00898,R01965,1.0,exact,1.0,1.0,1.0,1.0
C00899,R02701,0.7718,review,0.286,1.0,1.0,1.0
C00900,R02057,1.0,exact,1.0,1.0,1.0,1.0
C00901,R01986,1.0,exact,1.0,1.0,1.0,1.0
C00902,R01939,1.0,exact,1.0,1.0,1.0,1.0
C00903,R01210,1.0,exact,0.952,1.0,1.0,1.0
C00904,R02486,1.0,exact,1.0,1.0,1.0,1.0
C00905,R01548,1.0,exact,1.0,1.0,1.0,1.0
C00906,R01016,0.6541,no match,1.0,0.783,1.0,1.0
C00907,R02321,1.0,exact,1.0,1.0,1.0,1.0
C00908,R00448,0.6541,no match,1.0,0.783,1.0,1.0
C00909,R02116,0.2202,no match,0.387,0.579,0.0,1.0
C00910,R00596,0.7718,review,0.513,1.0,1.0,1.0
C00911,R01275,0.6541,no match,1.0,0.787,1.0,1.0
C00912,R01235,1.0,exact,1.0,1.0,1.0,1.0
C00913,R02926,1.0,exact,1.0,1.0,1.0,1.0
C00914,R02146,1.0,exact,1.0,1.0,1.0,1.0
C00915,R01565,1.0,exact,1.0,1.0,1.0,1.0
C00916,R00369,1.0,exact,0.929,1.0,1.0,1.0
C00917,R02693,0.7718,review,0.4,1.0,1.0,1.0
C00918,R02405,0.6541,no match,1.0,0.875,1.0,1.0
C00919,R01978,1.0,exact,1.0,1.0,1.0,
C00920,R00679,1.0,exact,1.0,1.0,1.0,1.0
C00921,R00099,1.0,exact,1.0,1.0,1.0,1.0
C00922,R02601,1.0,exact,1.0,1.0,1.0,1.0
C00923,R02454,1.0,exact,1.0,1.0,1.0,1.0
C00924,R01409,1.0,exact,1.0,1.0,1.0,1.0
C00925,R01324,0.6541,no match,1.0,0.732,1.0,1.0
C00926,R01055,0.7718,review,0.207,1.0,1.0,1.0
C00927,R02517,1.0,exact,1.0,1.0,1.0,1.0
C00928,R02411,0.6541,no match,1.0,0.419,1.0,1.0
C00929,R02259,1.0,exact,1.0,1.0,1.0,1.0
C00930,R00432,1.0,exact,0.923,1.0,1.0,1.0
C00931,R02450,1.0,exact,1.0,1.0,1.0,1.0
C00932,R02174,0.7718,review,0.444,1.0,1.0,1.0
C00933,R02171,1.0,exact,1.0,1.0,1.0,1.0
C00934,R02774,1.0,exact,1.0,1.0,1.0,1.0
C00935,R00389,0.6541,no match,1.0,0.783,1.0,1.0
C00936,R01187,1.0,exact,1.0,1.0,1.0,1.0
C00937,R02714,0.6541,no match,1.0,0.649,1.0,1.0
C00938,R00154,1.0,exact,1.0,1.0,1.0,1.0
C00939,R02468,0.7942,review,0.973,1.0,0.0,1.0
C00940,R00533,1.0,exact,1.0,1.0,1.0,1.0
C00941,R02946,1.0,exact,1.0,1.0,1.0,1.0
C00942,R02121,1.0,exact,1.0,1.0,1.0,1.0
C00943,R00214,1.0,exact,0.955,1.0,1.0,1.0
C00944,R01334,1.0,exact,1.0,1.0,1.0,1.0
C00945,R00031,1.0,exact,1.0,1.0,1.0,1.0
C00946,R02607,1.0,exact,1.0,1.0,1.0,1.0
C00947,R02641,1.0,exact,1.0,1.0,1.0,1.0
C00948,R02412,0.6541,no match,1.0,0.897,1.0,1.0
C00949,R00337,1.0,exact,1.0,1.0,1.0,
C00950,R01023,1.0,exact,1.0,1.0,1.0,1.0
C00951,R01075,0.7718,review,0.438,1.0,1.0,1.0
C00952,R02427,1.0,exact,0.957,1.0,1.0,1.0
C00953,R00530,1.0,exact,1.0,1.0,1.0,1.0
C00954,R00802,1.0,exact,1.0,1.0,1.0,1.0
C00955,R00811,0.2202,no match,0.636,0.406,0.0,1.0
C00956,R02618,1.0,exact,1.0,1.0,1.0,
C00957,R02659,1.0,exact,1.0,1.0,1.0,1.0
C00958,R00104,1.0,exact,1.0,1.0,1.0,1.0
C00959,R00767,1.0,exact,1.0,1.0,1.0,1.0
C00960,R01205,1.0,exact,1.0,1.0,1.0,1.0
C00961,R01810,1.0,exact,1.0,1.0,1.0,1.0
C00962,R00048,1.0,exact,1.0,1.0,1.0,1.0
C00963,R00732,1.0,exact,0.947,1.0,1.0,1.0
C00964,R00430,1.0,exact,1.0,1.0,1.0,1.0
C00965,R00553,1.0,exact,1.0,1.0,1.0,1.0
C00966,R00039,1.0,exact,1.0,1.0,1.0,1.0
C00967,R00250,1.0,exact,1.0,1.0,1.0,1.0
C00968,R00148,1.0,exact,1.0,1.0,1.0,
C00969,R02737,1.0,exact,1.0,1.0,1.0,1.0
C00970,R00477,1.0,exact,1.0,1.0,1.0,1.0
C00971,R00005,1.0,exact,1.0,1.0,1.0,1.0
C00972,R00258,1.0,exact,1.0,1.0,1.0,1.0
C00973,R02228,1.0,exact,1.0,1.0,1.0,1.0
C00974,R00780,1.0,exact,1.0,1.0,1.0,1.0
C00975,R00101,1.0,exact,1.0,1.0,1.0,1.0
C00976,R01608,1.0,exact,1.0,1.0,1.0,1.0
C00977,R01101,1.0,exact,1.0,1.0,1.0,1.0
C00978,R02563,1.0,exact,1.0,1.0,1.0,1.0
C00979,R01184,1.0,exact,1.0,1.0,1.0,1.0
C00980,R02479,0.6541,no match,1.0,0.897,1.0,1.0
C00981,R02822,1.0,exact,1.0,1.0,1.0,1.0
C00982,R02344,1.0,exact,1.0,1.0,1.0,1.0
C00983,R00027,1.0,exact,1.0,1.0,1.0,1.0
C00984,R00084,1.0,exact,0.929,1.0,1.0,1.0
C00985,R01781,1.0,exact,1.0,1.0,1.0,1.0
C00986,R01057,1.0,exact,1.0,1.0,1.0,1.0
C00987,R01838,0.6541,no match,1.0,0.247,1.0,1.0
C00988,R01752,1.0,exact,1.0,1.0,1.0,1.0
C00989,R01758,0.7718,review,0.519,0.98,1.0,1.0
C00990,R00173,1.0,exact,1.0,1.0,1.0,1.0
C00991,R00322,0.6541,no match,1.0,0.868,1.0,1.0
C00992,R01680,1.0,exact,1.0,1.0,1.0,1.0
C00993,R02087,1.0,exact,1.0,1.0,1.0,
C00994,R02631,1.0,exact,1.0,1.0,1.0,1.0
C00995,R01874,0.7718,review,0.765,1.0,1.0,1.0
C00996,R01460,1.0,exact,1.0,1.0,1.0,1.0
C00997,R02670,1.0,exact,1.0,1.0,1.0,1.0
C00998,R00513,1.0,exact,1.0,1.0,1.0,1.0
C00999,R00951,1.0,exact,1.0,1.0,1.0,1.0
C01000,R00016,0.7718,review,0.844,1.0,1.0,1.0
C01001,R00177,0.6541,no match,1.0,0.737,1.0,1.0
C01002,R00847,1.0,exact,1.0,1.0,1.0,1.0
C01003,R01632,1.0,exact,1.0,1.0,1.0,1.0
C01004,R02664,1.0,exact,1.0,1.0,1.0,1.0
C01005,R01695,1.0,exact,1.0,1.0,1.0,1.0
C01006,R00420,1.0,exact,1.0,1.0,1.0,1.0
C01007,R01288,1.0,exact,1.0,1.0,1.0,1.0
C01008,R00443,1.0,exact,0.973,1.0,1.0,1.0
C01009,R01109,1.0,exact,1.0,1.0,1.0,1.0
C01010,R01219,1.0,exact,1.0,1.0,1.0,1.0
C01011,R01330,1.0,exact,1.0,1.0,1.0,1.0
C01012,R02072,0.6541,no match,1.0,0.766,1.0,1.0
C01013,R01668,1.0,exact,1.0,1.0,1.0,1.0
C01014,R01472,0.7718,review,0.5,0.98,1.0,1.0
C01015,R02324,0.6541,no match,1.0,0.889,1.0,1.0
C01016,R00040,1.0,exact,1.0,1.0,1.0,1.0
C01017,R01544,1.0,exact,1.0,1.0,1.0,1.0
C01018,R01450,1.0,exact,1.0,1.0,1.0,1.0
C01019,R01802,0.7718,review,0.364,1.0,1.0,1.0
C01020,R01703,1.0,exact,1.0,1.0,1.0,1.0
C01021,R00284,0.7718,review,0.5,1.0,1.0,1.0
C01022,R01835,1.0,exact,1.0,1.0,1.0,1.0
C01023,R02540,1.0,exact,1.0,1.0,1.0,1.0
C01024,R02160,1.0,exact,1.0,1.0,1.0,1.0
C01025,R00584,0.7718,review,0.375,1.0,1.0,1.0
C01026,R00427,0.7718,review,0.278,1.0,1.0,1.0
C01027,R01692,1.0,exact,1.0,1.0,1.0,1.0
C01028,R02848,1.0,exact,1.0,1.0,1.0,1.0
C01029,R02920,0.7718,review,0.341,1.0,1.0,1.0
C01030,R02247,1.0,exact,1.0,1.0,1.0,1.0
C01031,R01216,1.0,exact,1.0,1.0,1.0,1.0
C01032,R02605,1.0,exact,1.0,1.0,1.0,1.0
C01033,R02052,1.0,exact,1.0,1.0,1.0,1.0
C01034,R00947,1.0,exact,1.0,1.0,1.0,1.0
C01035,R00291,1.0,exact,1.0,1.0,1.0,1.0
C01036,R01375,1.0,exact,1.0,1.0,1.0,1.0
C01037,R01634,1.0,exact,1.0,1.0,1.0,
C01038,R02871,1.0,exact,1.0,1.0,1.0,1.0
C01039,R02203,1.0,exact,1.0,1.0,1.0,1.0
C01040,R01095,1.0,exact,1.0,1.0,1.0,1.0
C01041,R00386,0.6541,no match,1.0,0.542,1.0,1.0
C01042,R02063,1.0,exact,1.0,1.0,1.0,1.0
C01043,R00551,0.7718,review,0.356,1.0,1.0,1.0
C01044,R00964,1.0,exact,1.0,1.0,1.0,1.0
C01045,R00038,1.0,exact,1.0,1.0,1.0,1.0
C01046,R02391,1.0,exact,1.0,1.0,1.0,
C01047,R00050,0.6541,no match,1.0,0.667,1.0,1.0
C01048,R01493,0.7718,review,0.792,1.0,1.0,1.0
C01049,R00574,0.6541,no match,1.0,0.705,1.0,1.0
C01050,R01728,1.0,exact,1.0,1.0,1.0,1.0
C01051,R02826,1.0,exact,1.0,1.0,1.0,1.0
C01052,R00575,1.0,exact,1.0,1.0,1.0,1.0
C01053,R00149,1.0,exact,1.0,1.0,1.0,1.0
C01054,R00241,0.7718,review,0.3,1.0,1.0,1.0
C01055,R00614,1.0,exact,1.0,1.0,1.0,1.0
C01056,R01208,1.0,exact,1.0,1.0,1.0,1.0
C01057,R01543,1.0,exact,1.0,1.0,1.0,1.0
C01058,R00444,0.7942,review,1.0,1.0,0.0,1.0
C01059,R00272,0.7718,review,0.409,1.0,1.0,1.0
C01060,R00834,0.6541,no match,1.0,0.716,1.0,1.0
C01061,R02533,1.0,exact,1.0,1.0,1.0,1.0
C01062,R01152,1.0,exact,1.0,1.0,1.0,1.0
C01063,R00690,1.0,exact,1.0,1.0,1.0,1.0
C01064,R01845,1.0,exact,1.0,1.0,1.0,
C01065,R01201,1.0,exact,1.0,1.0,1.0,1.0
C01066,R01234,0.6541,no match,1.0,0.789,1.0,1.0
C01067,R01553,1.0,exact,1.0,1.0,1.0,1.0
C01068,R02625,1.0,exact,1.0,1.0,1.0,1.0
C01069,R02434,1.0,exact,1.0,1.0,1.0,1.0
C01070,R02346,1.0,exact,1.0,1.0,1.0,1.0
C01071,R00725,1.0,exact,1.0,1.0,1.0,1.0
C01072,R02488,1.0,exact,1.0,1.0,1.0,1.0
C01073,R00927,1.0,exact,1.0,1.0,1.0,
C01074,R01048,1.0,exact,1.0,1.0,1.0,1.0
C01075,R02745,0.6541,no match,1.0,0.909,1.0,1.0
C01076,R00164,1.0,exact,0.929,1.0,1.0,1.0
C01077,R02204,0.4259,no match,0.828,0.811,1.0,1.0
C01078,R00033,1.0,exact,1.0,1.0,1.0,1.0
C01079,R01492,0.5661,no match,0.516,1.0,0.0,1.0
C01080,R00445,1.0,exact,1.0,1.0,1.0,1.0
C01081,R00741,1.0,exact,1.0,1.0,1.0,1.0
C01082,R01936,1.0,exact,1.0,1.0,1.0,1.0
C01083,R00935,1.0,exact,1.0,1.0,1.0,1.0
C01084,R01164,0.6541,no match,1.0,0.42,1.0,1.0
C01085,R01730,1.0,exact,1.0,1.0,1.0,1.0
C01086,R00895,1.0,exact,0.909,1.0,1.0,1.0
C01087,R02000,1.0,exact,1.0,1.0,1.0,1.0
C01088,R02667,1.0,exact,1.0,1.0,1.0,
C01089,R02480,0.6541,no match,1.0,0.903,1.0,1.0
C01090,R00003,1.0,exact,1.0,1.0,1.0,1.0
C01091,R02477,1.0,exact,1.0,1.0,1.0,1.0
C01092,R01867,1.0,exact,1.0,1.0,1.0,1.0
C01093,R01180,1.0,exact,1.0,1.0,1.0,1.0
C01094,R01084,1.0,exact,1.0,1.0,1.0,1.0
C01095,R00670,1.0,exact,1.0,1.0,1.0,1.0
C01096,R00394,1.0,exact,1.0,1.0,1.0,1.0
C01097,R02813,0.6541,no match,1.0,0.615,1.0,1.0
C01098,R02246,1.0,exact,1.0,1.0,1.0,1.0
C01099,R01708,1.0,exact,1.0,1.0,1.0,1.0
C01100,R00044,1.0,exact,1.0,1.0,1.0,1.0
C01101,R02258,1.0,exact,1.0,1.0,1.0,1.0
C01102,R02511,1.0,exact,1.0,1.0,1.0,1.0
C01103,R02185,1.0,exact,1.0,1.0,1.0,1.0
C01104,R01232,1.0,exact,1.0,1.0,1.0,1.0
C01105,R02226,0.7942,review,1.0,1.0,0.0,1.0
C01106,R02469,1.0,exact,1.0,1.0,1.0,1.0
C01107,R00978,1.0,exact,1.0,1.0,1.0,1.0
C01108,R01998,1.0,exact,1.0,1.0,1.0,1.0
C01109,R01583,1.0,exact,1.0,1.0,1.0,1.0
C01110,R00536,0.7942,review,1.0,1.0,0.0,1.0
C01111,R01073,1.0,exact,1.0,1.0,1.0,1.0
C01112,R02107,1.0,exact,1.0,1.0,1.0,1.0
C01113,R01139,0.6541,no match,1.0,0.889,1.0,1.0
C01114,R01740,0.6541,no match,1.0,0.933,1.0,1.0
C01115,R01941,1.0,exact,1.0,1.0,1.0,1.0
C01116,R00934,1.0,exact,1.0,1.0,1.0,
C01117,R01050,1.0,exact,0.929,1.0,1.0,1.0
C01118,R01246,1.0,exact,1.0,1.0,1.0,1.0
C01119,R02913,1.0,exact,1.0,1.0,1.0,1.0
C01120,R02554,0.2202,no match,0.727,0.333,0.0,1.0
C01121,R01624,1.0,exact,1.0,1.0,1.0,1.0
C01122,R01153,1.0,exact,1.0,1.0,1.0,1.0
C01123,R02392,1.0,exact,1.0,1.0,1.0,1.0
C01124,R00635,1.0,exact,1.0,1.0,1.0,1.0
C01125,R02172,1.0,exact,1.0,1.0,1.0,1.0
C01126,R01563,1.0,exact,1.0,1.0,1.0,1.0
C01127,R00790,1.0,exact,1.0,1.0,1.0,1.0
C01128,R02249,1.0,exact,1.0,1.0,1.0,1.0
C01129,R00028,1.0,exact,1.0,1.0,1.0,1.0
C01130,R00901,1.0,exact,1.0,1.0,1.0,1.0
C01131,R00826,0.7942,review,0.929,1.0,0.0,1.0
C01132,R01203,1.0,exact,1.0,1.0,1.0,1.0
C01133,R00485,1.0,exact,1.0,1.0,1.0,1.0
C01134,R00656,1.0,exact,1.0,1.0,1.0,1.0
C01135,R02937,1.0,exact,1.0,1.0,1.0,1.0
C01136,R00646,0.7942,review,1.0,1.0,0.0,1.0
C01137,R01474,1.0,exact,1.0,1.0,1.0,1.0
C01138,R01241,1.0,exact,1.0,1.0,1.0,1.0
C01139,R01140,1.0,exact,1.0,1.0,1.0,1.0
C01140,R02237,1.0,exact,0.966,1.0,1.0,1.0
C01141,R02373,1.0,exact,1.0,1.0,1.0,1.0
C01142,R01304,1.0,exact,1.0,1.0,1.0,1.0
C01143,R02546,1.0,exact,1.0,1.0,1.0,1.0
C01144,R01026,0.7718,review,0.4,1.0,1.0,1.0
C01145,R01684,1.0,exact,0.923,1.0,1.0,1.0
C01146,R00654,1.0,exact,1.0,1.0,1.0,1.0
C01147,R01336,1.0,exact,1.0,1.0,1.0,1.0
C01148,R00470,1.0,exact,1.0,1.0,1.0,1.0
C01149,R02244,0.7718,review,0.462,0.98,1.0,1.0
C01150,R02941,0.6541,no match,0.957,0.863,1.0,1.0
C01151,R01122,1.0,exact,1.0,1.0,1.0,1.0
C01152,R02600,0.6541,no match,1.0,0.65,1.0,1.0
C01153,R00092,1.0,exact,1.0,1.0,1.0,1.0
C01154,R02829,1.0,exact,1.0,1.0,1.0,
C01155,R02421,1.0,exact,1.0,1.0,1.0,1.0
C01156,R01514,0.6541,no match,1.0,0.947,1.0,1.0
C01157,R00753,0.6541,no match,1.0,0.88,1.0,1.0
C01158,R00835,1.0,exact,0.889,1.0,1.0,1.0
C01159,R00899,0.7718,review,0.48,1.0,1.0,1.0
C01160,R02374,1.0,exact,1.0,1.0,1.0,1.0
C01161,R01531,0.2202,no match,0.571,0.321,0.0,1.0
C01162,R02750,1.0,exact,1.0,1.0,1.0,1.0
C01163,R02552,1.0,exact,1.0,1.0,1.0,1.0
C01164,R00251,1.0,exact,1.0,1.0,1.0,1.0
C01165,R01774,1.0,exact,1.0,1.0,1.0,1.0
C01166,R00057,1.0,exact,0.985,1.0,1.0,1.0
C01167,R02217,1.0,exact,1.0,1.0,1.0,1.0
C01168,R01973,1.0,exact,1.0,1.0,1.0,1.0
C01169,R00010,0.6541,no match,1.0,0.818,1.0,1.0
C01170,R02570,1.0,exact,0.971,1.0,1.0,1.0
C01171,R00929,0.7942,review,1.0,1.0,0.0,1.0
C01172,R00565,0.7718,review,0.0,1.0,1.0,1.0
C01173,R01170,0.6541,no match,0.941,0.538,1.0,1.0
C01174,R02706,0.6541,no match,1.0,0.75,1.0,1.0
C01175,R02034,0.6541,no match,1.0,0.359,1.0,1.0
C01176,R01981,0.7718,review,0.833,1.0,1.0,1.0
C01177,R02673,0.7942,review,1.0,1.0,0.0,1.0
C01178,R01276,1.0,exact,1.0,1.0,1.0,1.0
C01179,R01604,0.7718,review,0.621,1.0,1.0,1.0
C01180,R00232,0.7718,review,0.833,1.0,1.0,1.0
C01181,R02164,1.0,exact,1.0,1.0,1.0,1.0
C01182,R00559,1.0,exact,1.0,1.0,1.0,1.0
C01183,R01267,1.0,exact,1.0,1.0,1.0,1.0
C01184,R00887,1.0,exact,1.0,1.0,1.0,1.0
C01185,R01298,1.0,exact,1.0,1.0,1.0,1.0
C01186,R02429,0.7942,review,1.0,1.0,0.0,1.0
C01187,R01331,0.7718,review,0.444,1.0,1.0,1.0
C01188,R00628,1.0,exact,1.0,1.0,1.0,1.0
C01189,R01765,1.0,exact,1.0,1.0,1.0,1.0
C01190,R01359,0.6541,no match,1.0,0.684,1.0,1.0
C01191,R02622,1.0,exact,1.0,1.0,1.0,1.0
C01192,R00071,1.0,exact,1.0,1.0,1.0,1.0
C01193,R01538,0.4259,no match,0.8,0.81,1.0,1.0
C01194,R00474,1.0,exact,0.968,1.0,1.0,1.0
C01195,R01261,1.0,exact,1.0,1.0,1.0,1.0
C01196,R02524,0.6541,no match,1.0,0.364,1.0,1.0
C01197,R00941,1.0,exact,1.0,1.0,1.0,1.0
C01198,R01913,1.0,exact,1.0,1.0,1.0,1.0
C01199,R02167,0.4259,no match,0.75,0.65,1.0,1.0
C01200,R02065,1.0,exact,1.0,1.0,1.0,1.0
C01201,R01188,1.0,exact,1.0,1.0,1.0,1.0
C01202,R01699,0.5661,no match,0.632,1.0,0.0,1.0
C01203,R00685,0.7942,review,1.0,1.0,0.0,1.0
C01204,R00805,0.6541,no match,1.0,0.316,1.0,1.0
C01205,R01892,1.0,exact,1.0,1.0,1.0,1.0
C01206,R02432,0.6541,no match,1.0,0.203,1.0,1.0
C01207,R01483,1.0,exact,1.0,1.0,1.0,1.0
C01208,R01398,0.6541,no match,1.0,0.9,1.0,1.0
C01209,R02915,1.0,exact,1.0,1.0,1.0,1.0
C01210,R02199,0.7718,review,0.267,1.0,1.0,1.0
C01211,R02484,0.7942,review,1.0,1.0,0.0,1.0
C01212,R01950,1.0,exact,1.0,1.0,1.0,1.0
C01213,R01609,0.6541,no match,1.0,0.667,1.0,1.0
C01214,R00715,0.7718,review,0.419,1.0,1.0,1.0
C01215,R02520,1.0,exact,1.0,1.0,1.0,1.0
C01216,R01293,1.0,exact,1.0,1.0,1.0,1.0
C01217,R02264,1.0,exact,1.0,1.0,1.0,1.0
C01218,R02507,1.0,exact,1.0,1.0,1.0,1.0
C01219,R02744,0.7942,review,1.0,1.0,0.0,1.0
C01220,R01833,0.7718,review,0.778,1.0,1.0,1.0
C01221,R02857,1.0,exact,1.0,1.0,1.0,1.0
C01222,R00479,1.0,exact,1.0,1.0,1.0,1.0
C01223,R01898,1.0,exact,1.0,1.0,1.0,1.0
C01224,R01859,0.7942,review,1.0,1.0,0.0,1.0
C01225,R00418,1.0,exact,1.0,1.0,1.0,1.0
C01226,R00147,0.7718,review,0.316,1.0,1.0,1.0
C01227,R02268,1.0,exact,0.944,1.0,1.0,1.0
C01228,R00668,1.0,exact,1.0,1.0,1.0,1.0
C01229,R01268,1.0,exact,1.0,1.0,1.0,1.0
C01230,R01428,1.0,exact,1.0,1.0,1.0,1.0
C01231,R02106,1.0,exact,1.0,1.0,1.0,1.0
C01232,R02378,0.7718,review,0.267,1.0,1.0,1.0
C01233,R01888,1.0,exact,0.909,1.0,1.0,
C01234,R01096,1.0,exact,1.0,1.0,1.0,1.0
C01235,R00862,1.0,exact,0.96,1.0,1.0,1.0
C01236,R00987,1.0,exact,0.962,1.0,1.0,1.0
C01237,R01145,0.7942,review,1.0,1.0,0.0,1.0
C01238,R01777,1.0,exact,1.0,1.0,1.0,1.0
C01239,R01456,1.0,exact,1.0,1.0,1.0,1.0
C01240,R00703,0.2202,no match,0.6,0.353,0.0,1.0
C01241,R01487,1.0,exact,1.0,1.0,1.0,1.0
C01242,R00351,1.0,exact,1.0,1.0,1.0,1.0
C01243,R02137,1.0,exact,1.0,1.0,1.0,1.0
C01244,R00936,0.7718,review,0.609,1.0,1.0,1.0
C01245,R02644,0.6541,no match,1.0,0.25,1.0,1.0
C01246,R00623,0.7718,review,0.5,1.0,1.0,1.0
C01247,R00674,1.0,exact,1.0,1.0,1.0,1.0
C01248,R00561,0.7718,review,0.28,1.0,1.0,1.0
C01249,R00160,1.0,exact,1.0,1.0,1.0,1.0
C01250,R02893,0.6541,no match,0.97,0.733,1.0,1.0
C01251,R02802,1.0,exact,1.0,1.0,1.0,1.0
C01252,R01446,1.0,exact,1.0,1.0,1.0,1.0
C01253,R00629,1.0,exact,0.958,1.0,1.0,1.0
C01254,R02751,0.6541,no match,1.0,0.882,1.0,1.0
C01255,R00600,1.0,exact,1.0,1.0,1.0,
C01256,R00605,1.0,exact,1.0,1.0,1.0,1.0
C01257,R01775,1.0,exact,1.0,1.0,1.0,1.0
C01258,R00213,0.7718,review,0.125,1.0,1.0,1.0
C01259,R01015,0.7942,review,0.917,1.0,0.0,1.0
C01260,R00289,0.7942,review,1.0,1.0,0.0,1.0
C01261,R02562,1.0,exact,1.0,1.0,1.0,1.0
C01262,R02718,1.0,exact,1.0,1.0,1.0,1.0
C01263,R00817,0.6541,no match,1.0,0.839,1.0,1.0
C01264,R00208,0.7718,review,0.1,1.0,1.0,1.0
C01265,R00900,1.0,exact,0.917,1.0,1.0,1.0
C01266,R02708,1.0,exact,1.0,1.0,1.0,1.0
C01267,R00527,1.0,exact,1.0,1.0,1.0,1.0
C01268,R02335,1.0,exact,1.0,1.0,1.0,1.0
C01269,R00749,1.0,exact,1.0,1.0,1.0,1.0
C01270,R02523,0.2202,no match,0.435,0.333,0.0,1.0
C01271,R02175,1.0,exact,1.0,1.0,1.0,1.0
C01272,R00366,1.0,exact,0.972,1.0,1.0,1.0
C01273,R00169,0.7718,review,0.483,1.0,1.0,1.0
C01274,R00130,0.7942,review,1.0,1.0,0.0,1.0
C01275,R02799,1.0,exact,1.0,1.0,1.0,1.0
C01276,R00603,0.6541,no match,1.0,0.889,1.0,1.0
C01277,R02594,0.7942,review,1.0,1.0,0.0,1.0
C01278,R00421,1.0,exact,1.0,1.0,1.0,1.0
C01279,R01266,1.0,exact,1.0,1.0,1.0,1.0
C01280,R00143,0.6541,no match,1.0,0.76,1.0,1.0
C01281,R02634,1.0,exact,0.947,1.0,1.0,1.0
C01282,R02867,1.0,exact,1.0,1.0,1.0,1.0
C01283,R02803,1.0,exact,1.0,1.0,1.0,1.0
C01284,R02777,1.0,exact,1.0,1.0,1.0,1.0
C01285,R02945,1.0,exact,1.0,1.0,1.0,1.0
C01286,R00649,1.0,exact,1.0,1.0,1.0,1.0
C01287,R00810,1.0,exact,1.0,1.0,1.0,1.0
C01288,R01038,0.6541,no match,1.0,0.711,1.0,1.0
C01289,R00743,1.0,exact,1.0,1.0,1.0,1.0
C01290,R02588,1.0,exact,1.0,1.0,1.0,1.0
C01291,R02364,1.0,exact,1.0,1.0,1.0,1.0
C01292,R00019,1.0,exact,1.0,1.0,1.0,1.0
C01293,R02145,1.0,exact,1.0,1.0,1.0,1.0
C01294,R01521,1.0,exact,0.947,1.0,1.0,1.0
C01295,R01207,0.6541,no match,1.0,0.419,1.0,1.0
C01296,R00707,1.0,exact,1.0,1.0,1.0,1.0
C01297,R01522,1.0,exact,1.0,1.0,1.0,1.0
C01298,R01397,0.6541,no match,1.0,0.897,1.0,1.0
C01299,R00705,0.6541,no match,1.0,0.791,1.0,1.0
C01300,R02234,0.6541,no match,1.0,0.212,1.0,1.0
C01301,R01341,1.0,exact,1.0,1.0,1.0,
C01302,R01392,0.7718,review,0.32,1.0,1.0,1.0
C01303,R01659,1.0,exact,1.0,1.0,1.0,1.0
C01304,R00192,0.7718,review,0.8,1.0,1.0,1.0
C01305,R01523,1.0,exact,1.0,1.0,1.0,1.0
C01306,R01980,0.2202,no match,0.4,0.55,0.0,1.0
C01307,R00521,1.0,exact,1.0,1.0,1.0,1.0
C01308,R02909,1.0,exact,1.0,1.0,1.0,1.0
C01309,R01106,0.6541,no match,0.958,0.897,1.0,1.0
C01310,R00211,1.0,exact,1.0,1.0,1.0,1.0
C01311,R01424,1.0,exact,1.0,1.0,1.0,1.0
C01312,R02835,1.0,exact,1.0,1.0,1.0,1.0
C01313,R01105,1.0,exact,1.0,1.0,1.0,1.0
C01314,R00233,0.6541,no match,1.0,0.633,1.0,1.0
C01315,R01318,1.0,exact,1.0,1.0,1.0,1.0
C01316,R00202,1.0,exact,1.0,1.0,1.0,1.0
C01317,R02924,0.6541,no match,1.0,0.897,1.0,1.0
C01318,R02317,1.0,exact,1.0,1.0,1.0,1.0
C01319,R02784,1.0,exact,1.0,1.0,1.0,1.0
C01320,R01661,1.0,exact,1.0,1.0,1.0,1.0
C01321,R02933,1.0,exact,1.0,1.0,1.0,1.0
C01322,R00622,0.6541,no match,0.952,0.762,1.0,1.0
C01323,R02415,1.0,exact,1.0,1.0,1.0,1.0
C01324,R01982,1.0,exact,1.0,1.0,1.0,1.0
C01325,R02314,1.0,exact,1.0,1.0,1.0,1.0
C01326,R01491,1.0,exact,1.0,1.0,1.0,1.0
C01327,R01258,1.0,exact,1.0,1.0,1.0,1.0
C01328,R01516,1.0,exact,1.0,1.0,1.0,1.0
C01329,R00100,1.0,exact,1.0,1.0,1.0,1.0
C01330,R02602,1.0,exact,1.0,1.0,1.0,1.0
C01331,R01567,1.0,exact,1.0,1.0,1.0,1.0
C01332,R02307,1.0,exact,1.0,1.0,1.0,1.0
C01333,R02205,1.0,exact,1.0,1.0,1.0,1.0
C01334,R00678,1.0,exact,1.0,1.0,1.0,1.0
C01335,R00756,1.0,exact,1.0,1.0,1.0,1.0
C01336,R02163,1.0,exact,0.875,1.0,1.0,1.0
C01337,R02656,1.0,exact,1.0,1.0,1.0,1.0
C01338,R01509,0.6541,no match,1.0,0.727,1.0,1.0
C01339,R00946,1.0,exact,1.0,1.0,1.0,1.0
C01340,R01260,1.0,exact,1.0,1.0,1.0,1.0
C01341,R00235,0.7718,review,0.842,1.0,1.0,1.0
C01342,R00791,1.0,exact,1.0,1.0,1.0,
C01343,R02369,1.0,exact,1.0,1.0,1.0,1.0
C01344,R02078,1.0,exact,1.0,1.0,1.0,1.0
C01345,R01778,0.7718,review,0.783,1.0,1.0,1.0
C01346,R00752,0.6541,no match,1.0,0.933,1.0,1.0
C01347,R00779,0.2202,no match,0.387,0.593,0.0,1.0
C01348,R00234,1.0,exact,1.0,1.0,1.0,1.0
C01349,R02549,1.0,exact,1.0,1.0,1.0,1.0
C01350,R01014,0.5661,no match,0.774,1.0,0.0,1.0
C01351,R02034,1.0,exact,1.0,1.0,1.0,1.0
C01352,R02910,1.0,exact,0.875,1.0,1.0,1.0
C01353,R00375,1.0,exact,1.0,1.0,1.0,1.0
C01354,R00270,1.0,exact,1.0,1.0,1.0,1.0
C01355,R00041,1.0,exact,1.0,1.0,1.0,1.0
C01356,R01054,0.7718,review,0.769,1.0,1.0,1.0
C01357,R01291,1.0,exact,1.0,1.0,1.0,1.0
C01358,R02824,1.0,exact,1.0,1.0,1.0,1.0
C01359,R00004,1.0,exact,1.0,1.0,1.0,
C01360,R01434,0.7942,review,1.0,1.0,0.0,1.0
C01361,R02892,1.0,exact,1.0,1.0,1.0,1.0
C01362,R02577,1.0,exact,1.0,1.0,1.0,1.0
C01363,R01364,1.0,exact,1.0,1.0,1.0,1.0
C01364,R02347,0.2202,no match,0.333,0.667,0.0,1.0
C01365,R02380,1.0,exact,1.0,1.0,1.0,
C01366,R02614,0.6541,no match,1.0,0.919,1.0,1.0
C01367,R01380,1.0,exact,1.0,1.0,1.0,1.0
C01368,R02178,1.0,exact,1.0,1.0,1.0,1.0
C01369,R01814,1.0,exact,1.0,1.0,1.0,1.0
C01370,R01489,0.7942,review,1.0,1.0,0.0,1.0
C01371,R02648,1.0,exact,1.0,1.0,1.0,1.0
C01372,R00091,0.6541,no match,1.0,0.8,1.0,1.0
C01373,R01964,0.7718,review,0.814,1.0,1.0,1.0
C01374,R02451,1.0,exact,1.0,1.0,1.0,1.0
C01375,R02852,0.6541,no match,1.0,0.941,1.0,1.0
C01376,R00516,1.0,exact,0.966,1.0,1.0,1.0
C01377,R00395,0.6541,no match,1.0,0.714,1.0,1.0
C01378,R02370,1.0,exact,1.0,1.0,1.0,1.0
C01379,R02394,0.6541,no match,0.929,0.783,1.0,1.0
C01380,R00539,1.0,exact,1.0,1.0,1.0,1.0
C01381,R02568,0.7942,review,1.0,1.0,0.0,1.0
C01382,R02091,1.0,exact,1.0,1.0,1.0,1.0
C01383,R01811,1.0,exact,1.0,1.0,1.0,1.0
C01384,R02445,1.0,exact,1.0,1.0,1.0,1.0
C01385,R02426,1.0,exact,1.0,1.0,1.0,1.0
C01386,R01923,1.0,exact,1.0,1.0,1.0,1.0
C01387,R02180,1.0,exact,1.0,1.0,1.0,1.0
C01388,R00013,1.0,exact,1.0,1.0,1.0,1.0
C01389,R00634,1.0,exact,1.0,1.0,1.0,1.0
C01390,R01646,1.0,exact,1.0,1.0,1.0,1.0
C01391,R02319,1.0,exact,1.0,1.0,1.0,1.0
C01392,R02503,1.0,exact,1.0,1.0,1.0,1.0
C01393,R02615,1.0,exact,0.969,1.0,1.0,1.0
C01394,R01393,1.0,exact,1.0,1.0,1.0,1.0
C01395,R00406,1.0,exact,1.0,1.0,1.0,
C01396,R01972,0.6541,no match,1.0,0.87,1.0,1.0
C01397,R02447,1.0,exact,1.0,1.0,1.0,1.0
C01398,R02981,1.0,exact,0.944,1.0,1.0,1.0
C01399,R02715,1.0,exact,1.0,1.0,1.0,1.0
C01400,R02019,0.7718,review,0.214,1.0,1.0,1.0
C01401,R02465,1.0,exact,1.0,1.0,1.0,
C01402,R00992,1.0,exact,1.0,1.0,1.0,1.0
C01403,R01112,0.7942,review,0.976,1.0,0.0,1.0
C01404,R01312,1.0,exact,0.957,1.0,1.0,1.0
C01405,R02347,1.0,exact,1.0,1.0,1.0,1.0
C01406,R00716,1.0,exact,1.0,1.0,1.0,1.0
C01407,R00868,1.0,exact,1.0,1.0,1.0,1.0
C01408,R01720,1.0,exact,1.0,1.0,1.0,1.0
C01409,R02561,1.0,exact,1.0,1.0,1.0,1.0
C01410,R02662,1.0,exact,1.0,1.0,1.0,1.0
C01411,R00686,0.7718,review,0.629,1.0,1.0,1.0
C01412,R02295,1.0,exact,1.0,1.0,1.0,1.0
C01413,R01465,1.0,exact,1.0,1.0,1.0,1.0
C01414,R01990,1.0,exact,1.0,1.0,1.0,1.0
C01415,R01499,1.0,exact,1.0,1.0,1.0,1.0
C01416,R02762,1.0,exact,1.0,1.0,1.0,1.0
C01417,R02547,1.0,exact,1.0,1.0,1.0,1.0
C01418,R02632,1.0,exact,1.0,1.0,1.0,1.0
C01419,R01086,1.0,exact,1.0,1.0,1.0,1.0
C01420,R02463,1.0,exact,1.0,1.0,1.0,1.0
C01421,R01736,1.0,exact,1.0,1.0,1.0,1.0
C01422,R01584,1.0,exact,0.917,1.0,1.0,1.0
C01423,R01506,1.0,exact,1.0,1.0,1.0,1.0
C01424,R00494,1.0,exact,1.0,1.0,1.0,1.0
C01425,R02635,1.0,exact,1.0,1.0,1.0,1.0
C01426,R00704,1.0,exact,1.0,1.0,1.0,1.0
C01427,R01785,1.0,exact,1.0,1.0,1.0,1.0
C01428,R00804,1.0,exact,1.0,1.0,1.0,1.0
C01429,R01944,1.0,exact,1.0,1.0,1.0,1.0
C01430,R02638,1.0,exact,1.0,1.0,1.0,1.0
C01431,R01557,1.0,exact,1.0,1.0,1.0,1.0
C01432,R00545,1.0,exact,1.0,1.0,1.0,
C01433,R02527,1.0,exact,1.0,1.0,1.0,1.0
C01434,R02779,1.0,exact,1.0,1.0,1.0,1.0
C01435,R02654,1.0,exact,1.0,1.0,1.0,1.0
C01436,R00695,1.0,exact,1.0,1.0,1.0,1.0
C01437,R02923,1.0,exact,1.0,1.0,1.0,1.0
C01438,R01475,1.0,exact,1.0,1.0,1.0,1.0
C01439,R01912,1.0,exact,0.941,1.0,1.0,1.0
C01440,R01655,0.7718,review,0.4,1.0,1.0,1.0
C01441,R01193,1.0,exact,1.0,1.0,1.0,1.0
C01442,R02794,1.0,exact,1.0,1.0,1.0,1.0
C01443,R01372,1.0,exact,1.0,1.0,1.0,1.0
C01444,R00917,1.0,exact,1.0,1.0,1.0,1.0
C01445,R00051,1.0,exact,1.0,1.0,1.0,1.0
C01446,R01948,1.0,exact,1.0,1.0,1.0,1.0
C01447,R01622,1.0,exact,0.963,1.0,1.0,1.0
C01448,R00259,0.7718,review,0.545,1.0,1.0,1.0
C01449,R01306,1.0,exact,1.0,1.0,1.0,1.0
C01450,R01386,0.6541,no match,0.947,0.779,1.0,1.0
C01451,R01126,0.6541,no match,1.0,0.848,1.0,1.0
C01452,R00080,1.0,exact,1.0,1.0,1.0,1.0
C01453,R01773,1.0,exact,1.0,1.0,1.0,1.0
C01454,R00065,1.0,exact,1.0,1.0,1.0,1.0
C01455,R00171,1.0,exact,1.0,1.0,1.0,1.0
C01456,R02208,0.7718,review,0.25,1.0,1.0,1.0
C01457,R01062,1.0,exact,1.0,1.0,1.0,1.0
C01458,R01566,1.0,exact,0.929,1.0,1.0,1.0
C01459,R01046,0.6541,no match,1.0,0.88,1.0,1.0
C01460,R01692,1.0,exact,1.0,1.0,1.0,1.0
C01461,R02227,0.6541,no match,1.0,0.375,1.0,1.0
C01462,R00960,1.0,exact,0.9,1.0,1.0,1.0
C01463,R00042,0.6541,no match,1.0,0.818,1.0,1.0
C01464,R00500,0.7718,review,0.417,1.0,1.0,1.0
C01465,R01997,1.0,exact,1.0,1.0,1.0,1.0
C01466,R01468,1.0,exact,1.0,1.0,1.0,1.0
C01467,R01028,0.6541,no match,1.0,0.82,1.0,1.0
C01468,R01613,0.6541,no match,1.0,0.897,1.0,1.0
C01469,R01265,0.7942,review,1.0,1.0,0.0,1.0
C01470,R02297,0.6541,no match,1.0,0.741,1.0,1.0
C01471,R02674,0.7718,review,0.457,1.0,1.0,1.0
C01472,R01067,0.7942,review,1.0,1.0,0.0,1.0
C01473,R01367,1.0,exact,1.0,1.0,1.0,1.0
C01474,R02582,1.0,exact,1.0,1.0,1.0,1.0
C01475,R02055,0.6541,no match,1.0,0.571,1.0,1.0
C01476,R02325,1.0,exact,1.0,1.0,1.0,1.0
C01477,R02111,0.6541,no match,1.0,0.903,1.0,1.0
C01478,R01392,1.0,exact,1.0,1.0,1.0,1.0
C01479,R02987,1.0,exact,1.0,1.0,1.0,1.0
C01480,R01165,1.0,exact,1.0,1.0,1.0,1.0
C01481,R00907,1.0,exact,1.0,1.0,1.0,1.0
C01482,R01918,1.0,exact,1.0,1.0,1.0,1.0
C01483,R02823,1.0,exact,1.0,1.0,1.0,1.0
C01484,R01863,1.0,exact,0.939,1.0,1.0,1.0
C01485,R00259,0.7718,review,0.545,1.0,1.0,1.0
C01486,R00699,1.0,exact,1.0,1.0,1.0,1.0
C01487,R01273,0.4259,no match,0.357,0.87,1.0,1.0
C01488,R01128,1.0,exact,0.98,1.0,1.0,1.0
C01489,R02213,1.0,exact,1.0,1.0,1.0,
C01490,R00560,0.7718,review,0.439,1.0,1.0,1.0
C01491,R00292,0.7718,review,0.242,1.0,1.0,1.0
C01492,R01421,1.0,exact,1.0,1.0,1.0,1.0
C01493,R01746,0.6541,no match,1.0,0.897,1.0,1.0
C01494,R01554,0.7942,review,1.0,1.0,0.0,1.0
C01495,R01413,1.0,exact,1.0,1.0,1.0,1.0
C01496,R02423,1.0,exact,1.0,1.0,1.0,1.0
C01497,R00984,1.0,exact,0.966,1.0,1.0,1.0
C01498,R00262,1.0,exact,1.0,1.0,1.0,1.0
C01499,R00566,1.0,exact,1.0,1.0,1.0,1.0
C01500,R00880,1.0,exact,1.0,1.0,1.0,1.0
C01501,R02336,1.0,exact,1.0,1.0,1.0,1.0
C01502,R00119,0.7718,review,0.833,1.0,1.0,1.0
C01503,R01388,1.0,exact,1.0,1.0,1.0,
C01504,R00653,0.6541,no match,1.0,0.87,1.0,1.0
C01505,R01488,1.0,exact,1.0,1.0,1.0,1.0
C01506,R02899,1.0,exact,1.0,1.0,1.0,1.0
C01507,R02808,1.0,exact,1.0,1.0,1.0,1.0
C01508,R01897,1.0,exact,1.0,1.0,1.0,1.0
C01509,R02712,0.7942,review,1.0,1.0,0.0,1.0
C01510,R01019,1.0,exact,1.0,1.0,1.0,1.0
C01511,R02567,1.0,exact,1.0,1.0,1.0,1.0
C01512,R02497,1.0,exact,1.0,1.0,1.0,1.0
C01513,R02366,1.0,exact,1.0,1.0,1.0,1.0
C01514,R02549,0.7718,review,0.485,1.0,1.0,1.0
C01515,R00963,0.7718,review,0.75,1.0,1.0,1.0
C01516,R02797,1.0,exact,1.0,1.0,1.0,1.0
C01517,R01555,1.0,exact,1.0,1.0,1.0,1.0
C01518,R02526,0.2202,no match,0.625,0.421,0.0,1.0
C01519,R01737,1.0,exact,1.0,1.0,1.0,
C01520,R02934,0.7718,review,0.6,1.0,1.0,1.0
C01521,R02386,1.0,exact,1.0,1.0,1.0,1.0
C01522,R00820,0.6541,no match,1.0,0.773,1.0,1.0
C01523,R00769,0.7942,review,1.0,1.0,0.0,1.0
C01524,R00116,1.0,exact,1.0,1.0,1.0,1.0
C01525,R01638,1.0,exact,1.0,1.0,1.0,1.0
C01526,R01290,1.0,exact,1.0,1.0,1.0,
C01527,R01575,1.0,exact,1.0,1.0,1.0,1.0
C01528,R00978,1.0,exact,1.0,1.0,1.0,1.0
C01529,R02845,1.0,exact,1.0,1.0,1.0,1.0
C01530,R00151,1.0,exact,1.0,1.0,1.0,1.0
C01531,R00463,1.0,exact,1.0,1.0,1.0,1.0
C01532,R02746,1.0,exact,1.0,1.0,1.0,1.0
C01533,R00035,1.0,exact,1.0,1.0,1.0,1.0
C01534,R00659,1.0,exact,1.0,1.0,1.0,1.0
C01535,R01056,1.0,exact,1.0,1.0,1.0,1.0
C01536,R00186,0.6541,no match,1.0,0.308,1.0,1.0
C01537,R01610,1.0,exact,1.0,1.0,1.0,1.0
C01538,R00925,1.0,exact,1.0,1.0,1.0,1.0
C01539,R00353,1.0,exact,0.933,1.0,1.0,1.0
C01540,R02455,0.7942,review,1.0,1.0,0.0,1.0
C01541,R01161,1.0,exact,1.0,1.0,1.0,1.0
C01542,R01626,1.0,exact,1.0,1.0,1.0,1.0
C01543,R01004,1.0,exact,1.0,1.0,1.0,1.0
C01544,R00006,0.6541,no match,1.0,0.75,1.0,1.0
C01545,R02596,1.0,exact,1.0,1.0,1.0,1.0
C01546,R00797,1.0,exact,1.0,1.0,1.0,1.0
C01547,R02378,1.0,exact,1.0,1.0,1.0,1.0
C01548,R00299,1.0,exact,1.0,1.0,1.0,1.0
C01549,R01574,1.0,exact,1.0,1.0,1.0,1.0
C01550,R01483,0.7718,review,0.412,0.991,1.0,1.0
C01551,R00416,0.6541,no match,1.0,0.909,1.0,1.0
C01552,R01419,1.0,exact,1.0,1.0,1.0,1.0
C01553,R00604,0.7718,review,0.214,1.0,1.0,1.0
C01554,R00835,0.7718,review,0.235,1.0,1.0,1.0
C01555,R02574,1.0,exact,1.0,1.0,1.0,1.0
C01556,R01707,1.0,exact,1.0,1.0,1.0,1.0
C01557,R02894,1.0,exact,1.0,1.0,1.0,1.0
C01558,R02075,1.0,exact,1.0,1.0,1.0,1.0
C01559,R00845,1.0,exact,1.0,1.0,1.0,1.0
C01560,R00841,0.6541,no match,1.0,0.919,1.0,1.0
C01561,R00213,0.7718,review,0.087,1.0,1.0,1.0
C01562,R01149,1.0,exact,1.0,1.0,1.0,
C01563,R00486,0.6541,no match,1.0,0.316,1.0,1.0
C01564,R01804,0.4259,no match,0.3,0.711,1.0,1.0
C01565,R00955,1.0,exact,1.0,1.0,1.0,
C01566,R01984,1.0,exact,1.0,1.0,1.0,
C01567,R00446,1.0,exact,0.978,1.0,1.0,1.0
C01568,R00437,1.0,exact,1.0,1.0,1.0,1.0
C01569,R02807,0.7942,review,1.0,1.0,0.0,1.0
C01570,R01448,1.0,exact,1.0,1.0,1.0,1.0
C01571,R02064,1.0,exact,1.0,1.0,1.0,
C01572,R01751,1.0,exact,1.0,1.0,1.0,1.0
C01573,R00853,1.0,exact,1.0,1.0,1.0,1.0
C01574,R00718,1.0,exact,1.0,1.0,1.0,1.0
C01575,R01192,1.0,exact,1.0,1.0,1.0,1.0
C01576,R02221,1.0,exact,1.0,1.0,1.0,1.0
C01577,R00466,1.0,exact,1.0,1.0,1.0,1.0
C01578,R02696,1.0,exact,1.0,1.0,1.0,1.0
C01579,R00619,0.7718,review,0.48,1.0,1.0,1.0
C01580,R02028,0.7942,review,1.0,1.0,0.0,1.0
C01581,R02029,1.0,exact,1.0,1.0,1.0,1.0
C01582,R00195,0.6541,no match,1.0,0.553,1.0,1.0
C01583,R01135,1.0,exact,1.0,1.0,1.0,1.0
C01584,R00508,0.6541,no match,1.0,0.276,1.0,1.0
C01585,R00310,0.6541,no match,1.0,0.903,1.0,1.0
C01586,R01637,0.7942,review,1.0,1.0,0.0,1.0
C01587,R00775,1.0,exact,1.0,1.0,1.0,1.0
C01588,R02046,1.0,exact,1.0,1.0,1.0,1.0
C01589,R00871,0.7718,review,0.364,1.0,1.0,1.0
C01590,R01808,1.0,exact,1.0,1.0,1.0,1.0
C01591,R00724,1.0,exact,0.97,1.0,1.0,1.0
C01592,R00833,0.7718,review,0.455,1.0,1.0,1.0
C01593,R02020,1.0,exact,1.0,1.0,1.0,1.0
C01594,R02524,1.0,exact,1.0,1.0,1.0,1.0
C01595,R00441,1.0,exact,1.0,1.0,1.0,1.0
C01596,R01787,1.0,exact,1.0,1.0,1.0,1.0
C01597,R00993,1.0,exact,1.0,1.0,1.0,1.0
C01598,R02590,1.0,exact,1.0,1.0,1.0,1.0
C01599,R02120,1.0,exact,1.0,1.0,1.0,1.0
C01600,R00613,1.0,exact,1.0,1.0,1.0,1.0
C01601,R00640,1.0,exact,0.917,1.0,1.0,
C01602,R00102,1.0,exact,1.0,1.0,1.0,1.0
C01603,R00373,1.0,exact,0.941,1.0,1.0,1.0
C01604,R01966,1.0,exact,1.0,1.0,1.0,1.0
C01605,R01425,1.0,exact,1.0,1.0,1.0,1.0
C01606,R00167,0.7718,review,0.357,1.0,1.0,1.0
C01607,R02171,1.0,exact,1.0,1.0,1.0,1.0
C01608,R00424,0.7942,review,1.0,1.0,0.0,1.0
C01609,R01989,1.0,exact,1.0,1.0,1.0,1.0
C01610,R02609,1.0,exact,1.0,1.0,1.0,1.0
C01611,R01884,1.0,exact,1.0,1.0,1.0,1.0
C01612,R01143,1.0,exact,1.0,1.0,1.0,1.0
C01613,R01594,1.0,exact,1.0,1.0,1.0,1.0
C01614,R00377,0.6541,no match,1.0,0.471,1.0,1.0
C01615,R02639,1.0,exact,1.0,1.0,1.0,
C01616,R02350,0.7718,review,0.377,1.0,1.0,1.0
C01617,R02492,0.6541,no match,1.0,0.822,1.0,1.0
C01618,R00974,0.7942,review,1.0,1.0,0.0,1.0
C01619,R01027,0.7718,review,0.19,1.0,1.0,1.0
C01620,R01687,1.0,exact,1.0,1.0,1.0,1.0
C01621,R00229,1.0,exact,0.947,1.0,1.0,1.0
C01622,R01801,1.0,exact,1.0,1.0,1.0,1.0
C01623,R02755,1.0,exact,1.0,1.0,1.0,
C01624,R01915,0.7942,review,1.0,1.0,0.0,1.0
C01625,R01883,0.6541,no match,1.0,0.686,1.0,1.0
C01626,R00529,1.0,exact,1.0,1.0,1.0,1.0
C01627,R01731,1.0,exact,1.0,1.0,1.0,1.0
C01628,R00433,1.0,exact,0.952,1.0,1.0,1.0
C01629,R00107,1.0,exact,1.0,1.0,1.0,1.0
C01630,R02697,0.6541,no match,1.0,0.793,1.0,1.0
C01631,R02678,1.0,exact,1.0,1.0,1.0,1.0
C01632,R01307,0.7718,review,0.364,1.0,1.0,1.0
C01633,R02285,1.0,exact,1.0,1.0,1.0,1.0
C01634,R02801,1.0,exact,1.0,1.0,1.0,1.0
C01635,R02474,0.7942,review,1.0,1.0,0.0,1.0
C01636,R02410,1.0,exact,1.0,1.0,1.0,1.0
C01637,R02509,1.0,exact,1.0,1.0,1.0,1.0
C01638,R02610,1.0,exact,1.0,1.0,1.0,1.0
C01639,R00903,1.0,exact,1.0,1.0,1.0,
C01640,R01559,1.0,exact,1.0,1.0,1.0,1.0
C01641,R00136,1.0,exact,1.0,1.0,1.0,1.0
C01642,R02480,0.6541,no match,1.0,0.312,1.0,1.0
C01643,R01625,1.0,exact,1.0,1.0,1.0,1.0
C01644,R02997,0.6541,no match,1.0,0.317,1.0,1.0
C01645,R00287,1.0,exact,1.0,1.0,1.0,1.0
C01646,R01932,1.0,exact,1.0,1.0,1.0,1.0
C01647,R00333,1.0,exact,1.0,1.0,1.0,1.0
C01648,R00068,1.0,exact,1.0,1.0,1.0,1.0
C01649,R02839,1.0,exact,1.0,1.0,1.0,1.0
C01650,R01676,1.0,exact,1.0,1.0,1.0,1.0
C01651,R01504,1.0,exact,0.98,1.0,1.0,1.0
C01652,R01800,1.0,exact,1.0,1.0,1.0,1.0
C01653,R02734,1.0,exact,1.0,1.0,1.0,1.0
C01654,R02694,1.0,exact,1.0,1.0,1.0,1.0
C01655,R02330,1.0,exact,1.0,1.0,1.0,1.0
C01656,R02341,0.6541,no match,1.0,0.533,1.0,1.0
C01657,R02196,1.0,exact,1.0,1.0,1.0,
C01658,R01672,1.0,exact,1.0,1.0,1.0,1.0
C01659,R00354,1.0,exact,1.0,1.0,1.0,1.0
C01660,R02551,1.0,exact,1.0,1.0,1.0,1.0
C01661,R00345,1.0,exact,1.0,1.0,1.0,1.0
C01662,R02113,1.0,exact,1.0,1.0,1.0,1.0
C01663,R02501,1.0,exact,1.0,1.0,1.0,1.0
C01664,R02435,1.0,exact,1.0,1.0,1.0,1.0
C01665,R01495,1.0,exact,1.0,1.0,1.0,1.0
C01666,R01060,1.0,exact,1.0,1.0,1.0,1.0
C01667,R02781,1.0,exact,1.0,1.0,1.0,1.0
C01668,R00625,1.0,exact,1.0,1.0,1.0,1.0
C01669,R02705,1.0,exact,1.0,1.0,1.0,1.0
C01670,R02651,0.6541,no match,0.933,0.909,1.0,1.0
C01671,R01945,0.6541,no match,1.0,0.737,1.0,1.0
C01672,R00022,0.6541,no match,0.947,0.729,1.0,1.0
C01673,R01669,0.7942,review,1.0,1.0,0.0,1.0
C01674,R00402,1.0,exact,0.952,1.0,1.0,1.0
C01675,R00111,1.0,exact,1.0,1.0,1.0,1.0
C01676,R00638,1.0,exact,1.0,1.0,1.0,1.0
C01677,R00014,0.7718,review,0.514,1.0,1.0,1.0
C01678,R00335,1.0,exact,1.0,1.0,1.0,1.0
C01679,R00781,1.0,exact,1.0,1.0,1.0,1.0
C01680,R01481,1.0,exact,1.0,1.0,1.0,1.0
C01681,R02998,1.0,exact,0.941,1.0,1.0,1.0
C01682,R01527,1.0,exact,1.0,1.0,1.0,1.0
C01683,R00570,1.0,exact,1.0,1.0,1.0,1.0
C01684,R01756,0.6541,no match,1.0,0.389,1.0,1.0
C01685,R00049,1.0,exact,1.0,1.0,1.0,1.0
C01686,R00727,1.0,exact,1.0,1.0,1.0,1.0
C01687,R01656,1.0,exact,1.0,1.0,1.0,
C01688,R02428,1.0,exact,1.0,1.0,1.0,1.0
C01689,R00510,1.0,exact,1.0,1.0,1.0,
C01690,R00966,1.0,exact,1.0,1.0,1.0,1.0
C01691,R01718,1.0,exact,1.0,1.0,1.0,1.0
C01692,R00196,1.0,exact,1.0,1.0,1.0,1.0
C01693,R00975,0.4483,no match,1.0,0.308,0.0,1.0
C01694,R00717,0.2202,no match,0.273,0.553,0.0,1.0
C01695,R02254,1.0,exact,1.0,1.0,1.0,1.0
C01696,R00844,1.0,exact,1.0,1.0,1.0,1.0
C01697,R00721,1.0,exact,1.0,1.0,1.0,1.0
C01698,R01410,1.0,exact,1.0,1.0,1.0,1.0
C01699,R00563,0.7718,review,0.069,1.0,1.0,1.0
C01700,R02384,1.0,exact,1.0,1.0,1.0,1.0
C01701,R02942,0.6541,no match,1.0,0.923,1.0,1.0
C01702,R02003,1.0,exact,1.0,1.0,1.0,1.0
C01703,R02832,1.0,exact,1.0,1.0,1.0,1.0
C01704,R01621,0.6541,no match,1.0,0.75,1.0,1.0
C01705,R01033,0.6541,no match,1.0,0.947,1.0,1.0
C01706,R02211,1.0,exact,1.0,1.0,1.0,1.0
C01707,R02980,0.7718,review,0.286,1.0,1.0,1.0
C01708,R02593,1.0,exact,1.0,1.0,1.0,1.0
C01709,R00106,1.0,exact,1.0,1.0,1.0,1.0
C01710,R01250,1.0,exact,1.0,1.0,1.0,1.0
C01711,R01338,1.0,exact,0.957,1.0,1.0,1.0
C01712,R02441,0.7718,review,0.696,1.0,1.0,1.0
C01713,R02815,1.0,exact,0.889,1.0,1.0,1.0
C01714,R01648,0.7718,review,0.385,1.0,1.0,1.0
C01715,R02975,1.0,exact,1.0,1.0,1.0,1.0
C01716,R02097,1.0,exact,0.969,1.0,1.0,1.0
C01717,R01735,1.0,exact,1.0,1.0,1.0,1.0
C01718,R02396,1.0,exact,1.0,1.0,1.0,1.0
C01719,R01969,1.0,exact,1.0,1.0,1.0,1.0
C01720,R01458,0.7718,review,0.727,1.0,1.0,1.0
C01721,R01277,1.0,exact,1.0,1.0,1.0,1.0
C01722,R01467,1.0,exact,1.0,1.0,1.0,1.0
C01723,R01150,1.0,exact,1.0,1.0,1.0,1.0
C01724,R01274,1.0,exact,1.0,1.0,1.0,1.0
C01725,R00265,0.6541,no match,1.0,0.88,1.0,1.0
C01726,R00237,0.7718,review,0.293,1.0,1.0,1.0
C01727,R02810,1.0,exact,1.0,1.0,1.0,1.0
C01728,R02118,1.0,exact,1.0,1.0,1.0,1.0
C01729,R01037,1.0,exact,1.0,1.0,1.0,
C01730,R01256,0.2202,no match,0.48,0.351,0.0,1.0
C01731,R01828,1.0,exact,1.0,1.0,1.0,1.0
C01732,R01279,1.0,exact,1.0,1.0,1.0,1.0
C01733,R00848,0.7942,review,1.0,1.0,0.0,1.0
C01734,R02232,1.0,exact,1.0,1.0,1.0,1.0
C01735,R00486,1.0,exact,1.0,1.0,1.0,1.0
C01736,R02782,1.0,exact,1.0,1.0,1.0,
C01737,R02277,1.0,exact,1.0,1.0,1.0,1.0
C01738,R00846,1.0,exact,0.875,1.0,1.0,1.0
C01739,R00979,1.0,exact,1.0,1.0,1.0,1.0
C01740,R00440,1.0,exact,1.0,1.0,1.0,1.0
C01741,R00886,1.0,exact,1.0,1.0,1.0,1.0
C01742,R02982,1.0,exact,1.0,1.0,1.0,1.0
C01743,R00962,1.0,exact,1.0,1.0,1.0,1.0
C01744,R00876,1.0,exact,1.0,1.0,1.0,1.0
C01745,R00346,1.0,exact,1.0,1.0,1.0,1.0
C01746,R02471,1.0,exact,1.0,1.0,1.0,1.0
C01747,R01869,1.0,exact,1.0,1.0,1.0,1.0
C01748,R02442,0.7718,review,0.105,1.0,1.0,1.0
C01749,R02838,0.6541,no match,1.0,0.857,1.0,1.0
C01750,R02738,1.0,exact,1.0,1.0,1.0,1.0
C01751,R00288,0.7718,review,0.414,1.0,1.0,1.0
C01752,R01283,1.0,exact,1.0,1.0,1.0,1.0
C01753,R02085,1.0,exact,1.0,1.0,1.0,1.0
C01754,R02331,1.0,exact,1.0,1.0,1.0,1.0
C01755,R01980,1.0,exact,0.957,1.0,1.0,1.0
C01756,R01403,1.0,exact,0.977,1.0,1.0,1.0
C01757,R01836,0.6541,no match,1.0,0.857,1.0,1.0
C01758,R01371,1.0,exact,1.0,1.0,1.0,1.0
C01759,R00798,1.0,exact,0.897,1.0,1.0,1.0
C01760,R02143,1.0,exact,1.0,1.0,1.0,
C01761,R02033,1.0,exact,1.0,1.0,1.0,1.0
C01762,R01035,1.0,exact,1.0,1.0,1.0,1.0
C01763,R01198,1.0,exact,1.0,1.0,1.0,1.0
C01764,R00190,1.0,exact,1.0,1.0,1.0,1.0
C01765,R00550,0.7718,review,0.235,1.0,1.0,1.0
C01766,R02557,1.0,exact,1.0,1.0,1.0,1.0
C01767,R00740,1.0,exact,0.966,1.0,1.0,1.0
C01768,R02273,0.7718,review,0.636,1.0,1.0,1.0
C01769,R02102,1.0,exact,1.0,1.0,1.0,1.0
C01770,R02275,1.0,exact,0.9,1.0,1.0,1.0
C01771,R00045,1.0,exact,1.0,1.0,1.0,1.0
C01772,R01725,0.7942,review,0.978,1.0,0.0,1.0
C01773,R02617,1.0,exact,1.0,1.0,1.0,1.0
C01774,R02966,1.0,exact,1.0,1.0,1.0,
C01775,R01934,1.0,exact,1.0,1.0,1.0,1.0
C01776,R01332,0.5661,no match,0.368,1.0,0.0,1.0
C01777,R00043,1.0,exact,1.0,1.0,1.0,
C01778,R00284,0.6541,no match,1.0,0.614,1.0,1.0
C01779,R01462,1.0,exact,1.0,1.0,1.0,1.0
C01780,R02104,1.0,exact,1.0,1.0,1.0,1.0
C01781,R01772,1.0,exact,1.0,1.0,1.0,1.0
C01782,R01561,1.0,exact,0.947,1.0,1.0,1.0
C01783,R01560,1.0,exact,1.0,1.0,1.0,1.0
C01784,R02276,1.0,exact,1.0,1.0,1.0,1.0
C01785,R00585,1.0,exact,1.0,1.0,1.0,1.0
C01786,R00583,0.7718,review,0.733,1.0,1.0,1.0
C01787,R02756,0.7718,review,0.222,1.0,1.0,1.0
C01788,R00788,1.0,exact,1.0,1.0,1.0,1.0
C01789,R01511,1.0,exact,0.875,1.0,1.0,1.0
C01790,R01705,0.6541,no match,1.0,0.347,1.0,1.0
C01791,R00885,1.0,exact,1.0,1.0,1.0,1.0
C01792,R02408,1.0,exact,1.0,1.0,1.0,1.0
C01793,R01993,0.2282,no match,1.0,0.426,0.0,0.0
C01794,R02564,1.0,exact,1.0,1.0,1.0,1.0
C01795,R00531,1.0,exact,1.0,1.0,1.0,1.0
C01796,R02885,0.6541,no match,1.0,0.489,1.0,1.0
C01797,R00093,1.0,exact,1.0,1.0,1.0,1.0
C01798,R01590,1.0,exact,1.0,1.0,1.0,1.0
C01799,R02536,0.5661,no match,0.294,0.97,0.0,1.0
C01800,R02990,0.6541,no match,0.952,0.8,1.0,1.0
C01801,R02025,1.0,exact,1.0,1.0,1.0,1.0
C01802,R00779,0.6541,no match,1.0,0.88,1.0,1.0
C01803,R01408,1.0,exact,1.0,1.0,1.0,1.0
C01804,R01885,1.0,exact,1.0,1.0,1.0,1.0
C01805,R01908,1.0,exact,1.0,1.0,1.0,1.0
C01806,R02299,1.0,exact,1.0,1.0,1.0,1.0
C01807,R02980,1.0,exact,1.0,1.0,1.0,1.0
C01808,R02182,1.0,exact,1.0,1.0,1.0,1.0
C01809,R01693,0.6541,no match,1.0,0.933,1.0,1.0
C01810,R02375,1.0,exact,1.0,1.0,1.0,1.0
C01811,R00972,1.0,exact,1.0,1.0,1.0,1.0
C01812,R02285,0.6541,no match,1.0,0.359,1.0,1.0
C01813,R00220,0.6541,no match,1.0,0.75,1.0,1.0
C01814,R01644,1.0,exact,1.0,1.0,1.0,1.0
C01815,R00188,1.0,exact,1.0,1.0,1.0,1.0
C01816,R00669,1.0,exact,1.0,1.0,1.0,1.0
C01817,R02266,0.6541,no match,1.0,0.3,1.0,1.0
C01818,R02999,0.6541,no match,1.0,0.75,1.0,1.0
C01819,R01181,0.2202,no match,0.457,0.383,0.0,1.0
C01820,R02956,1.0,exact,1.0,1.0,1.0,1.0
C01821,R00795,0.4259,no match,0.667,0.744,1.0,1.0
C01822,R00711,1.0,exact,1.0,1.0,1.0,1.0
C01823,R00422,1.0,exact,1.0,1.0,1.0,1.0
C01824,R00087,1.0,exact,1.0,1.0,1.0,1.0
C01825,R02930,1.0,exact,1.0,1.0,1.0,1.0
C01826,R01357,0.7718,review,0.273,1.0,1.0,1.0
C01827,R00283,0.7718,review,0.727,1.0,1.0,1.0
C01828,R02056,1.0,exact,1.0,1.0,1.0,1.0
C01829,R01127,1.0,exact,1.0,1.0,1.0,1.0
C01830,R02724,1.0,exact,1.0,1.0,1.0,1.0
C01831,R01199,1.0,exact,0.933,1.0,1.0,1.0
C01832,R02138,1.0,exact,1.0,1.0,1.0,
C01833,R00115,0.7718,review,0.242,1.0,1.0,1.0
C01834,R01401,1.0,exact,1.0,1.0,1.0,1.0
C01835,R02198,1.0,exact,1.0,1.0,1.0,1.0
C01836,R01853,1.0,exact,1.0,1.0,1.0,1.0
C01837,R01496,1.0,exact,1.0,1.0,1.0,1.0
C01838,R01251,1.0,exact,0.962,1.0,1.0,1.0
C01839,R02022,1.0,exact,1.0,1.0,1.0,1.0
C01840,R00609,1.0,exact,1.0,1.0,1.0,1.0
C01841,R01194,1.0,exact,1.0,1.0,1.0,1.0
C01842,R00182,1.0,exact,1.0,1.0,1.0,1.0
C01843,R00687,0.7074,review,0.711,1.0,1.0,
C01844,R01606,1.0,exact,1.0,1.0,1.0,1.0
C01845,R01579,1.0,exact,1.0,1.0,1.0,1.0
C01846,R00593,1.0,exact,1.0,1.0,1.0,1.0
C01847,R02419,1.0,exact,1.0,1.0,1.0,1.0
C01848,R00778,1.0,exact,1.0,1.0,1.0,1.0
C01849,R02668,1.0,exact,1.0,1.0,1.0,1.0
C01850,R00306,1.0,exact,1.0,1.0,1.0,1.0
C01851,R02820,0.7942,review,1.0,1.0,0.0,1.0
C01852,R01320,0.6541,no match,1.0,0.438,1.0,1.0
C01853,R02115,1.0,exact,1.0,1.0,1.0,1.0
C01854,R00264,1.0,exact,1.0,1.0,1.0,1.0
C01855,R00712,1.0,exact,1.0,1.0,1.0,1.0
C01856,R00971,1.0,exact,1.0,1.0,1.0,1.0
C01857,R00708,0.6541,no match,1.0,0.923,1.0,1.0
C01858,R01391,0.6541,no match,1.0,0.566,1.0,1.0
C01859,R00944,1.0,exact,1.0,1.0,1.0,1.0
C01860,R00610,1.0,exact,1.0,1.0,1.0,1.0
C01861,R02393,1.0,exact,1.0,1.0,1.0,1.0
C01862,R02736,1.0,exact,1.0,1.0,1.0,1.0
C01863,R00064,0.4259,no match,0.0,0.652,1.0,1.0
C01864,R01591,1.0,exact,1.0,1.0,1.0,1.0
C01865,R00773,1.0,exact,1.0,1.0,1.0,1.0
C01866,R00097,1.0,exact,1.0,1.0,1.0,1.0
C01867,R01940,0.6541,no match,1.0,0.889,1.0,1.0
C01868,R02230,1.0,exact,1.0,1.0,1.0,
C01869,R00020,0.6541,no match,1.0,0.822,1.0,1.0
C01870,R01264,1.0,exact,0.889,1.0,1.0,1.0
C01871,R01464,1.0,exact,1.0,1.0,1.0,1.0
C01872,R02745,0.2202,no match,0.486,0.424,0.0,1.0
C01873,R01470,1.0,exact,1.0,1.0,1.0,1.0
C01874,R01615,0.7718,review,0.5,1.0,1.0,1.0
C01875,R01976,1.0,exact,1.0,1.0,1.0,1.0
C01876,R02265,1.0,exact,1.0,1.0,1.0,1.0
C01877,R02528,0.6541,no match,1.0,0.781,1.0,1.0
C01878,R02038,0.6541,no match,1.0,0.615,1.0,1.0
C01879,R00260,0.7718,review,0.077,1.0,1.0,1.0
C01880,R01842,1.0,exact,1.0,1.0,1.0,1.0
C01881,R01715,1.0,exact,1.0,1.0,1.0,1.0
C01882,R00981,1.0,exact,1.0,1.0,1.0,1.0
C01883,R02841,1.0,exact,1.0,1.0,1.0,1.0
C01884,R02125,1.0,exact,1.0,1.0,1.0,1.0
C01885,R01778,0.7718,review,0.311,1.0,1.0,1.0
C01886,R02134,1.0,exact,1.0,1.0,1.0,1.0
C01887,R00697,0.6541,no match,1.0,0.732,1.0,1.0
C01888,R01286,1.0,exact,1.0,1.0,1.0,1.0
C01889,R00980,1.0,exact,1.0,1.0,1.0,1.0
C01890,R00076,0.7718,review,0.537,1.0,1.0,1.0
C01891,R00109,1.0,exact,1.0,1.0,1.0,1.0
C01892,R01090,1.0,exact,1.0,1.0,1.0,1.0
C01893,R01125,1.0,exact,1.0,1.0,1.0,1.0
C01894,R02105,1.0,exact,1.0,1.0,1.0,1.0
C01895,R02271,1.0,exact,1.0,1.0,1.0,1.0
C01896,R00018,1.0,exact,1.0,1.0,1.0,1.0
C01897,R02194,0.2202,no match,0.625,0.263,0.0,1.0
C01898,R01534,1.0,exact,1.0,1.0,1.0,1.0
C01899,R02542,1.0,exact,1.0,1.0,1.0,1.0
C01900,R01724,1.0,exact,1.0,1.0,1.0,1.0
C01901,R02238,0.6541,no match,1.0,0.211,1.0,1.0
C01902,R01704,1.0,exact,1.0,1.0,1.0,1.0
C01903,R01595,1.0,exact,1.0,1.0,1.0,1.0
C01904,R01519,1.0,exact,1.0,1.0,1.0,1.0
C01905,R01236,0.7942,review,1.0,1.0,0.0,1.0
C01906,R01829,1.0,exact,0.944,1.0,1.0,1.0
C01907,R00185,1.0,exact,1.0,1.0,1.0,1.0
C01908,R02760,1.0,exact,1.0,1.0,1.0,1.0
C01909,R01693,1.0,exact,1.0,1.0,1.0,1.0
C01910,R02144,1.0,exact,1.0,1.0,1.0,1.0
C01911,R02337,0.7942,review,1.0,1.0,0.0,1.0
C01912,R01942,1.0,exact,1.0,1.0,1.0,1.0
C01913,R00522,1.0,exact,1.0,1.0,1.0,1.0
C01914,R02660,1.0,exact,1.0,1.0,1.0,1.0
C01915,R01650,1.0,exact,1.0,1.0,1.0,1.0
C01916,R01316,0.4259,no match,0.444,0.421,1.0,1.0
C01917,R01660,1.0,exact,1.0,1.0,1.0,1.0
C01918,R01618,1.0,exact,1.0,1.0,1.0,1.0
C01919,R01714,1.0,exact,1.0,1.0,1.0,1.0
C01920,R02726,1.0,exact,1.0,1.0,1.0,
C01921,R02800,1.0,exact,1.0,1.0,1.0,1.0
C01922,R01804,1.0,exact,1.0,1.0,1.0,1.0
C01923,R02195,1.0,exact,1.0,1.0,1.0,1.0
C01924,R02573,1.0,exact,1.0,1.0,1.0,1.0
C01925,R01580,1.0,exact,1.0,1.0,1.0,1.0
C01926,R01002,1.0,exact,1.0,1.0,1.0,1.0
C01927,R00970,1.0,exact,1.0,1.0,1.0,1.0
C01928,R00105,1.0,exact,1.0,1.0,1.0,1.0
C01929,R00141,1.0,exact,1.0,1.0,1.0,1.0
C01930,R02074,1.0,exact,0.875,1.0,1.0,1.0
C01931,R02789,1.0,exact,1.0,1.0,1.0,1.0
C01932,R00407,0.2202,no match,0.467,0.606,0.0,1.0
C01933,R02402,1.0,exact,1.0,1.0,1.0,1.0
C01934,R00124,1.0,exact,1.0,1.0,1.0,1.0
C01935,R01866,1.0,exact,1.0,1.0,1.0,1.0
C01936,R00244,1.0,exact,1.0,1.0,1.0,1.0
C01937,R00157,1.0,exact,1.0,1.0,1.0,
C01938,R00298,0.7942,review,1.0,1.0,0.0,1.0
C01939,R01663,0.7718,review,0.364,1.0,1.0,1.0
C01940,R00467,1.0,exact,1.0,1.0,1.0,1.0
C01941,R02377,1.0,exact,1.0,1.0,1.0,1.0
C01942,R02432,1.0,exact,1.0,1.0,1.0,1.0
C01943,R02404,1.0,exact,1.0,1.0,1.0,1.0
C01944,R02741,1.0,exact,1.0,1.0,1.0,1.0
C01945,R00800,0.6541,no match,1.0,0.86,1.0,1.0
C01946,R01862,1.0,exact,1.0,1.0,1.0,1.0
C01947,R02077,0.7718,review,0.381,0.986,1.0,1.0
C01948,R02828,1.0,exact,1.0,1.0,1.0,1.0
C01949,R02877,1.0,exact,1.0,1.0,1.0,1.0
C01950,R02123,0.7942,review,1.0,1.0,0.0,1.0
C01951,R01124,1.0,exact,1.0,1.0,1.0,1.0
C01952,R02664,0.6541,no match,1.0,0.346,1.0,1.0
C01953,R01922,1.0,exact,1.0,1.0,1.0,1.0
C01954,R01358,1.0,exact,0.923,1.0,1.0,1.0
C01955,R02526,1.0,exact,1.0,1.0,1.0,1.0
C01956,R00197,1.0,exact,1.0,1.0,1.0,1.0
C01957,R00950,1.0,exact,1.0,1.0,1.0,1.0
C01958,R02372,1.0,exact,1.0,1.0,1.0,1.0
C01959,R01697,0.6541,no match,1.0,0.675,1.0,1.0
C01960,R02716,0.6541,no match,1.0,0.8,1.0,1.0
C01961,R02916,1.0,exact,0.962,1.0,1.0,1.0
C01962,R00923,1.0,exact,1.0,1.0,1.0,1.0
C01963,R02236,1.0,exact,1.0,1.0,1.0,1.0
C01964,R01616,1.0,exact,1.0,1.0,1.0,1.0
C01965,R00764,1.0,exact,1.0,1.0,1.0,1.0
C01966,R01500,1.0,exact,0.972,1.0,1.0,1.0
C01967,R00328,1.0,exact,1.0,1.0,1.0,1.0
C01968,R02898,1.0,exact,1.0,1.0,1.0,1.0
C01969,R00763,0.7942,review,1.0,1.0,0.0,1.0
C01970,R00480,0.7718,review,0.258,1.0,1.0,1.0
C01971,R01771,1.0,exact,1.0,1.0,1.0,1.0
C01972,R01734,1.0,exact,1.0,1.0,1.0,1.0
C01973,R01611,1.0,exact,1.0,1.0,1.0,1.0
C01974,R00266,1.0,exact,1.0,1.0,1.0,1.0
C01975,R01162,1.0,exact,1.0,1.0,1.0,1.0
C01976,R01138,1.0,exact,1.0,1.0,1.0,1.0
C01977,R01904,0.7718,review,0.368,1.0,1.0,1.0
C01978,R02161,1.0,exact,1.0,1.0,1.0,1.0
C01979,R00772,0.2202,no match,0.452,0.414,0.0,1.0
C01980,R01127,0.6541,no match,1.0,0.682,1.0,1.0
C01981,R02725,1.0,exact,1.0,1.0,1.0,1.0
C01982,R00220,1.0,exact,1.0,1.0,1.0,1.0
C01983,R02854,1.0,exact,1.0,1.0,1.0,1.0
C01984,R00523,1.0,exact,1.0,1.0,1.0,1.0
C01985,R01667,1.0,exact,0.952,1.0,1.0,1.0
C01986,R00540,0.6541,no match,0.96,0.708,1.0,1.0
C01987,R01451,1.0,exact,1.0,1.0,1.0,1.0
C01988,R02335,0.7718,review,0.3,1.0,1.0,1.0
C01989,R00983,1.0,exact,1.0,1.0,1.0,1.0
C01990,R01696,1.0,exact,1.0,1.0,1.0,1.0
C01991,R00546,0.7942,review,1.0,1.0,0.0,1.0
C01992,R02689,1.0,exact,1.0,1.0,1.0,1.0
C01993,R01329,1.0,exact,1.0,1.0,1.0,1.0
C01994,R02858,1.0,exact,1.0,1.0,1.0,1.0
C01995,R00866,0.5661,no match,0.111,1.0,0.0,1.0
C01996,R02581,1.0,exact,1.0,1.0,1.0,1.0
C01997,R01803,0.5661,no match,0.37,1.0,0.0,1.0
C01998,R02532,0.7718,review,0.118,1.0,1.0,1.0
C01999,R02223,1.0,exact,1.0,1.0,1.0,1.0
C02000,R01907,0.7942,review,1.0,1.0,0.0,1.0
C02001,R00783,0.7718,review,0.375,1.0,1.0,1.0
C02002,R02502,1.0,exact,1.0,1.0,1.0,1.0
C02003,R00806,1.0,exact,1.0,1.0,1.0,1.0
C02004,R00677,1.0,exact,1.0,1.0,1.0,1.0
C02005,R00938,0.7718,review,0.318,1.0,1.0,1.0
C02006,R00587,0.7718,review,0.188,1.0,1.0,1.0
C02007,R01213,1.0,exact,1.0,1.0,1.0,1.0
C02008,R01603,1.0,exact,1.0,1.0,1.0,1.0
C02009,R00117,1.0,exact,1.0,1.0,1.0,
C02010,R00606,1.0,exact,1.0,1.0,1.0,1.0
C02011,R02676,1.0,exact,1.0,1.0,1.0,1.0
C02012,R00062,1.0,exact,1.0,1.0,1.0,1.0
C02013,R02190,1.0,exact,0.938,1.0,1.0,1.0
C02014,R00828,1.0,exact,1.0,1.0,1.0,1.0
C02015,R02805,0.6541,no match,1.0,0.741,1.0,1.0
C02016,R00001,1.0,exact,1.0,1.0,1.0,1.0
C02017,R00809,1.0,exact,1.0,1.0,1.0,1.0
C02018,R00336,1.0,exact,1.0,1.0,1.0,1.0
C02019,R00481,1.0,exact,1.0,1.0,1.0,1.0
C02020,R02032,1.0,exact,1.0,1.0,1.0,1.0
C02021,R00246,1.0,exact,1.0,1.0,1.0,1.0
C02022,R00931,0.2202,no match,0.818,0.31,0.0,1.0
C02023,R01568,1.0,exact,1.0,1.0,1.0,1.0
C02024,R00717,1.0,exact,1.0,1.0,1.0,1.0
C02025,R02112,0.7942,review,0.96,1.0,0.0,1.0
C02026,R01876,1.0,exact,0.957,1.0,1.0,1.0
C02027,R00315,1.0,exact,1.0,1.0,1.0,1.0
C02028,R02272,0.7718,review,0.286,1.0,1.0,1.0
C02029,R01030,1.0,exact,1.0,1.0,1.0,1.0
C02030,R01492,0.7718,review,0.842,1.0,1.0,1.0
C02031,R01178,0.6541,no match,1.0,0.914,1.0,1.0
C02032,R02335,0.7718,review,0.4,1.0,1.0,1.0
C02033,R02082,1.0,exact,1.0,1.0,1.0,1.0
C02034,R01389,1.0,exact,1.0,1.0,1.0,1.0
C02035,R02280,1.0,exact,1.0,1.0,1.0,1.0
C02036,R00235,0.7718,review,0.842,1.0,1.0,1.0
C02037,R01445,1.0,exact,1.0,1.0,1.0,1.0
C02038,R02657,1.0,exact,1.0,1.0,1.0,1.0
C02039,R02963,1.0,exact,1.0,1.0,1.0,1.0
C02040,R02539,1.0,exact,1.0,1.0,1.0,1.0
C02041,R01844,1.0,exact,1.0,1.0,1.0,1.0
C02042,R00943,1.0,exact,0.889,1.0,1.0,
C02043,R01494,1.0,exact,1.0,1.0,1.0,1.0
C02044,R01294,1.0,exact,1.0,1.0,1.0,
C02045,R01107,1.0,exact,1.0,1.0,1.0,1.0
C02046,R00642,1.0,exact,1.0,1.0,1.0,1.0
C02047,R00701,0.4259,no match,0.311,0.895,1.0,1.0
C02048,R02181,1.0,exact,1.0,1.0,1.0,
C02049,R02084,1.0,exact,1.0,1.0,1.0,1.0
C02050,R02055,1.0,exact,1.0,1.0,1.0,1.0
C02051,R00514,1.0,exact,1.0,1.0,1.0,1.0
C02052,R01217,0.6541,no match,1.0,0.903,1.0,1.0
C02053,R02776,1.0,exact,1.0,1.0,1.0,1.0
C02054,R02756,1.0,exact,1.0,1.0,1.0,1.0
C02055,R00611,1.0,exact,1.0,1.0,1.0,1.0
C02056,R01838,0.6541,no match,1.0,0.638,1.0,1.0
C02057,R00378,1.0,exact,1.0,1.0,1.0,1.0
C02058,R00875,1.0,exact,1.0,1.0,1.0,1.0
C02059,R01022,1.0,exact,1.0,1.0,1.0,1.0
C02060,R02015,1.0,exact,1.0,1.0,1.0,1.0
C02061,R02420,1.0,exact,1.0,1.0,1.0,1.0
C02062,R02298,0.7718,review,0.267,1.0,1.0,1.0
C02063,R00776,0.7718,review,0.429,1.0,1.0,1.0
C02064,R00997,0.6541,no match,0.979,0.818,1.0,1.0
C02065,R00991,1.0,exact,1.0,1.0,1.0,1.0
C02066,R01415,0.7074,review,0.75,1.0,1.0,
C02067,R00172,1.0,exact,1.0,1.0,1.0,1.0
C02068,R02482,1.0,exact,1.0,1.0,1.0,1.0
C02069,R01395,1.0,exact,1.0,1.0,1.0,1.0
C02070,R01305,1.0,exact,1.0,1.0,1.0,1.0
C02071,R02932,0.6541,no match,1.0,0.655,1.0,1.0
C02072,R02200,1.0,exact,1.0,1.0,1.0,1.0
C02073,R01958,1.0,exact,1.0,1.0,1.0,1.0
C02074,R02050,0.7942,review,1.0,1.0,0.0,1.0
C02075,R01640,0.6541,no match,1.0,0.923,1.0,1.0
C02076,R01092,1.0,exact,1.0,1.0,1.0,1.0
C02077,R02110,1.0,exact,1.0,1.0,1.0,1.0
C02078,R01983,1.0,exact,1.0,1.0,1.0,1.0
C02079,R02633,1.0,exact,0.857,1.0,1.0,1.0
C02080,R02138,0.7074,review,0.48,1.0,1.0,
C02081,R01490,1.0,exact,1.0,1.0,1.0,1.0
C02082,R01920,1.0,exact,1.0,1.0,1.0,1.0
C02083,R01995,1.0,exact,1.0,1.0,1.0,1.0
C02084,R02361,1.0,exact,1.0,1.0,1.0,1.0
C02085,R01531,1.0,exact,1.0,1.0,1.0,1.0
C02086,R00671,0.7718,review,0.27,1.0,1.0,1.0
C02087,R00053,0.6541,no match,1.0,0.81,1.0,1.0
C02088,R02452,1.0,exact,1.0,1.0,1.0,1.0
C02089,R00702,0.7718,review,0.486,1.0,1.0,1.0
C02090,R01342,1.0,exact,1.0,1.0,1.0,1.0
C02091,R01008,0.7942,review,1.0,1.0,0.0,1.0
C02092,R02267,1.0,exact,1.0,1.0,1.0,1.0
C02093,R00320,1.0,exact,0.952,1.0,1.0,1.0
C02094,R00451,1.0,exact,1.0,1.0,1.0,1.0
C02095,R01858,0.7718,review,0.125,1.0,1.0,1.0
C02096,R02409,1.0,exact,1.0,1.0,1.0,1.0
C02097,R00995,1.0,exact,1.0,1.0,1.0,1.0
C02098,R01132,1.0,exact,1.0,1.0,1.0,1.0
C02099,R02804,0.6541,no match,1.0,0.741,1.0,1.0
C02100,R02695,0.6541,no match,0.917,0.513,1.0,1.0
C02101,R01873,0.4259,no match,0.811,0.872,1.0,1.0
C02102,R01156,1.0,exact,1.0,1.0,1.0,1.0
C02103,R00908,0.7718,review,0.244,1.0,1.0,1.0
C02104,R00222,1.0,exact,0.9,1.0,1.0,1.0
C02105,R00415,1.0,exact,1.0,1.0,1.0,1.0
C02106,R01173,1.0,exact,1.0,1.0,1.0,1.0
C02107,R01240,1.0,exact,1.0,1.0,1.0,1.0
C02108,R01461,1.0,exact,1.0,1.0,1.0,1.0
C02109,R00990,1.0,exact,1.0,1.0,1.0,
C02110,R01088,1.0,exact,1.0,1.0,1.0,1.0
C02111,R02279,0.7942,review,1.0,1.0,0.0,1.0
C02112,R02361,0.6541,no match,1.0,0.324,1.0,1.0
C02113,R02876,0.7942,review,1.0,1.0,0.0,1.0
C02114,R01087,1.0,exact,1.0,1.0,1.0,1.0
C02115,R00773,0.2282,no match,1.0,0.41,0.0,0.0
C02116,R00961,1.0,exact,1.0,1.0,1.0,1.0
C02117,R02722,1.0,exact,1.0,1.0,1.0,1.0
C02118,R02417,0.7718,review,0.222,1.0,1.0,1.0
C02119,R01722,1.0,exact,1.0,1.0,1.0,1.0
C02120,R01231,1.0,exact,1.0,1.0,1.0,1.0
C02121,R02249,0.7718,review,0.324,1.0,1.0,1.0
C02122,R01104,1.0,exact,1.0,1.0,1.0,1.0
C02123,R02894,0.2202,no match,0.353,0.519,0.0,1.0
C02124,R00110,0.7718,review,0.296,1.0,1.0,1.0
C02125,R01545,1.0,exact,1.0,1.0,1.0,1.0
C02126,R01817,1.0,exact,1.0,1.0,1.0,1.0
C02127,R00407,1.0,exact,1.0,1.0,1.0,1.0
C02128,R01113,0.6541,no match,1.0,0.756,1.0,1.0
C02129,R00276,1.0,exact,0.878,1.0,1.0,1.0
C02130,R02466,1.0,exact,1.0,1.0,1.0,1.0
C02131,R00692,1.0,exact,1.0,1.0,1.0,1.0
C02132,R01353,1.0,exact,1.0,1.0,1.0,1.0
C02133,R00621,1.0,exact,0.941,1.0,1.0,1.0
C02134,R02703,1.0,exact,1.0,1.0,1.0,1.0
C02135,R01221,0.6541,no match,1.0,0.35,1.0,1.0
C02136,R02225,1.0,exact,1.0,1.0,1.0,1.0
C02137,R02819,1.0,exact,1.0,1.0,1.0,1.0
C02138,R01926,1.0,exact,1.0,1.0,1.0,1.0
C02139,R01536,1.0,exact,1.0,1.0,1.0,1.0
C02140,R01378,1.0,exact,1.0,1.0,1.0,1.0
C02141,R00698,1.0,exact,1.0,1.0,1.0,1.0
C02142,R02922,1.0,exact,1.0,1.0,1.0,1.0
C02143,R01321,1.0,exact,1.0,1.0,1.0,1.0
C02144,R01678,1.0,exact,0.909,1.0,1.0,1.0
C02145,R02655,1.0,exact,1.0,1.0,1.0,1.0
C02146,R02124,1.0,exact,1.0,1.0,1.0,1.0
C02147,R01387,0.6541,no match,1.0,0.792,1.0,1.0
C02148,R01614,0.6541,no match,1.0,0.929,1.0,1.0
C02149,R02690,0.6541,no match,1.0,0.933,1.0,1.0
C02150,R00179,1.0,exact,0.96,1.0,1.0,1.0
C02151,R00504,1.0,exact,1.0,1.0,1.0,1.0
C02152,R01394,1.0,exact,1.0,1.0,1.0,1.0
C02153,R01373,0.7718,review,0.421,1.0,1.0,1.0
C02154,R02132,1.0,exact,1.0,1.0,1.0,1.0
C02155,R02967,1.0,exact,1.0,1.0,1.0,1.0
C02156,R00693,1.0,exact,1.0,1.0,1.0,1.0
C02157,R00171,1.0,exact,1.0,1.0,1.0,1.0
C02158,R01826,1.0,exact,1.0,1.0,1.0,1.0
C02159,R01806,1.0,exact,1.0,1.0,1.0,1.0
C02160,R01749,1.0,exact,1.0,1.0,1.0,1.0
C02161,R02881,1.0,exact,1.0,1.0,1.0,1.0
C02162,R00032,1.0,exact,1.0,1.0,1.0,1.0
C02163,R02030,1.0,exact,1.0,1.0,1.0,1.0
C02164,R00988,1.0,exact,1.0,1.0,1.0,1.0
C02165,R00922,1.0,exact,0.938,1.0,1.0,1.0
C02166,R02343,0.6541,no match,1.0,0.8,1.0,1.0
C02167,R01690,1.0,exact,1.0,1.0,1.0,1.0
C02168,R00657,0.6541,no match,1.0,0.81,1.0,1.0
C02169,R02972,1.0,exact,0.957,1.0,1.0,1.0
C02170,R02628,1.0,exact,1.0,1.0,1.0,1.0
C02171,R02760,0.7718,review,0.267,1.0,1.0,1.0
C02172,R01319,1.0,exact,1.0,1.0,1.0,1.0
C02173,R02758,1.0,exact,1.0,1.0,1.0,1.0
C02174,R00861,1.0,exact,1.0,1.0,1.0,1.0
C02175,R02256,1.0,exact,1.0,1.0,1.0,1.0
C02176,R02862,1.0,exact,1.0,1.0,1.0,1.0
C02177,R00541,1.0,exact,1.0,1.0,1.0,1.0
C02178,R02685,1.0,exact,1.0,1.0,1.0,1.0
C02179,R02508,1.0,exact,1.0,1.0,1.0,1.0
C02180,R02157,1.0,exact,1.0,1.0,1.0,1.0
C02181,R02904,0.6541,no match,1.0,0.61,1.0,1.0
C02182,R02795,1.0,exact,1.0,1.0,1.0,1.0
C02183,R00108,0.7718,review,0.759,1.0,1.0,1.0
C02184,R01308,0.7718,review,0.821,1.0,1.0,1.0
C02185,R02904,1.0,exact,1.0,1.0,1.0,1.0
C02186,R02475,1.0,exact,1.0,1.0,1.0,1.0
C02187,R01960,1.0,exact,1.0,1.0,1.0,
C02188,R01666,1.0,exact,1.0,1.0,1.0,1.0
C02189,R00206,0.6541,no match,1.0,0.222,1.0,1.0
C02190,R01390,1.0,exact,1.0,1.0,1.0,1.0
C02191,R00226,1.0,exact,1.0,1.0,1.0,1.0
C02192,R00503,1.0,exact,1.0,1.0,1.0,1.0
C02193,R02778,1.0,exact,1.0,1.0,1.0,1.0
C02194,R01463,0.6541,no match,1.0,0.784,1.0,1.0
C02195,R02861,1.0,exact,0.889,1.0,1.0,1.0
C02196,R02960,0.7718,review,0.467,0.98,1.0,1.0
C02197,R01399,1.0,exact,1.0,1.0,1.0,1.0
C02198,R01454,1.0,exact,1.0,1.0,1.0,1.0
C02199,R01280,1.0,exact,1.0,1.0,1.0,1.0
C02200,R01200,0.7718,review,0.556,1.0,1.0,1.0
C02201,R01849,1.0,exact,1.0,1.0,1.0,
C02202,R00909,1.0,exact,1.0,1.0,1.0,1.0
C02203,R01186,0.7718,review,0.222,1.0,1.0,1.0
C02204,R02294,1.0,exact,1.0,1.0,1.0,1.0
C02205,R00461,0.7718,review,0.846,1.0,1.0,1.0
C02206,R01147,1.0,exact,1.0,1.0,1.0,1.0
C02207,R00630,1.0,exact,1.0,1.0,1.0,1.0
C02208,R02864,1.0,exact,1.0,1.0,1.0,1.0
C02209,R02296,0.6541,no match,1.0,0.741,1.0,1.0
C02210,R01256,1.0,exact,1.0,1.0,1.0,1.0
C02211,R00338,1.0,exact,1.0,1.0,1.0,1.0
C02212,R01882,1.0,exact,1.0,1.0,1.0,1.0
C02213,R00870,1.0,exact,0.909,1.0,1.0,
C02214,R00490,0.7718,review,0.387,1.0,1.0,1.0
C02215,R00867,0.7718,review,0.391,1.0,1.0,1.0
C02216,R02472,1.0,exact,1.0,1.0,1.0,1.0
C02217,R00719,1.0,exact,1.0,1.0,1.0,1.0
C02218,R02496,0.6541,no match,1.0,0.833,1.0,1.0
C02219,R00218,0.6541,no match,1.0,0.833,1.0,1.0
C02220,R00926,0.7942,review,1.0,1.0,0.0,1.0
C02221,R00612,1.0,exact,1.0,1.0,1.0,1.0
C02222,R00135,1.0,exact,1.0,1.0,1.0,1.0
C02223,R00641,0.5661,no match,0.585,1.0,0.0,1.0
C02224,R01478,1.0,exact,1.0,1.0,1.0,1.0
C02225,R01769,1.0,exact,1.0,1.0,1.0,1.0
C02226,R02266,1.0,exact,1.0,1.0,1.0,1.0
C02227,R00542,1.0,exact,1.0,1.0,1.0,1.0
C02228,R00593,1.0,exact,1.0,1.0,1.0,1.0
C02229,R01753,1.0,exact,1.0,1.0,1.0,1.0
C02230,R00562,0.6541,no match,1.0,0.218,1.0,1.0
C02231,R00665,1.0,exact,1.0,1.0,1.0,1.0
C02232,R01160,1.0,exact,1.0,1.0,1.0,1.0
C02233,R00376,0.6541,no match,1.0,0.244,1.0,1.0
C02234,R02303,1.0,exact,1.0,1.0,1.0,1.0
C02235,R01719,1.0,exact,1.0,1.0,1.0,1.0
C02236,R01802,1.0,exact,1.0,1.0,1.0,1.0
C02237,R01883,0.6541,no match,1.0,0.278,1.0,1.0
C02238,R00626,0.2202,no match,0.615,0.481,0.0,1.0
C02239,R01126,0.5661,no match,0.368,1.0,0.0,1.0
C02240,R01706,1.0,exact,1.0,1.0,1.0,1.0
C02241,R00588,1.0,exact,1.0,1.0,1.0,1.0
C02242,R00551,1.0,exact,1.0,1.0,1.0,1.0
C02243,R02209,1.0,exact,1.0,1.0,1.0,1.0
C02244,R01812,1.0,exact,0.979,1.0,1.0,1.0
C02245,R01227,0.7942,review,1.0,1.0,0.0,1.0
C02246,R01209,1.0,exact,1.0,1.0,1.0,1.0
C02247,R01526,1.0,exact,1.0,1.0,1.0,1.0
C02248,R01044,1.0,exact,1.0,1.0,1.0,1.0
C02249,R00012,1.0,exact,1.0,1.0,1.0,1.0
C02250,R00488,1.0,exact,1.0,1.0,1.0,1.0
C02251,R00912,1.0,exact,1.0,1.0,1.0,1.0
C02252,R01247,1.0,exact,1.0,1.0,1.0,
C02253,R02424,1.0,exact,1.0,1.0,1.0,1.0
C02254,R00462,1.0,exact,1.0,1.0,1.0,1.0
C02255,R01598,0.6541,no match,1.0,0.483,1.0,1.0
C02256,R00472,1.0,exact,1.0,1.0,1.0,1.0
C02257,R02288,1.0,exact,1.0,1.0,1.0,1.0
C02258,R00884,0.6541,no match,1.0,0.776,1.0,1.0
C02259,R01867,0.6541,no match,1.0,0.372,1.0,1.0
C02260,R01066,1.0,exact,1.0,1.0,1.0,1.0
C02261,R00700,0.6541,no match,1.0,0.933,1.0,1.0
C02262,R00491,1.0,exact,1.0,1.0,1.0,1.0
C02263,R01648,0.6541,no match,1.0,0.737,1.0,1.0
C02264,R02248,0.6541,no match,1.0,0.167,1.0,1.0
C02265,R00370,1.0,exact,1.0,1.0,1.0,1.0
C02266,R00578,0.6541,no match,1.0,0.8,1.0,1.0
C02267,R01168,1.0,exact,1.0,1.0,1.0,1.0
C02268,R00215,1.0,exact,1.0,1.0,1.0,1.0
C02269,R02066,1.0,exact,1.0,1.0,1.0,1.0
C02270,R02440,1.0,exact,1.0,1.0,1.0,1.0
C02271,R01116,0.6541,no match,1.0,0.844,1.0,1.0
C02272,R00347,1.0,exact,1.0,1.0,1.0,1.0
C02273,R00568,0.7718,review,0.6,1.0,1.0,1.0
C02274,R02619,1.0,exact,1.0,1.0,1.0,1.0
C02275,R02993,0.7942,review,1.0,1.0,0.0,1.0
C02276,R00517,0.7942,review,1.0,1.0,0.0,1.0
C02277,R00457,1.0,exact,1.0,1.0,1.0,1.0
C02278,R02495,1.0,exact,1.0,1.0,1.0,1.0
C02279,R01848,1.0,exact,1.0,1.0,1.0,1.0
C02280,R01647,0.6541,no match,1.0,0.649,1.0,1.0
C02281,R02706,0.2202,no match,0.424,0.512,0.0,1.0
C02282,R00855,1.0,exact,1.0,1.0,1.0,1.0
C02283,R02595,1.0,exact,1.0,1.0,1.0,1.0
C02284,R02891,1.0,exact,1.0,1.0,1.0,1.0
C02285,R01412,1.0,exact,1.0,1.0,1.0,1.0
C02286,R01643,0.6541,no match,1.0,0.81,1.0,1.0
C02287,R00426,0.7718,review,0.382,1.0,1.0,1.0
C02288,R00463,1.0,exact,1.0,1.0,1.0,1.0
C02289,R02255,1.0,exact,1.0,1.0,1.0,1.0
C02290,R01550,1.0,exact,0.9,1.0,1.0,1.0
C02291,R02875,1.0,exact,1.0,1.0,1.0,1.0
C02292,R01017,1.0,exact,1.0,1.0,1.0,1.0
C02293,R00468,1.0,exact,1.0,1.0,1.0,1.0
C02294,R00191,0.7942,review,0.929,1.0,0.0,1.0
C02295,R02728,1.0,exact,1.0,1.0,1.0,1.0
C02296,R00405,1.0,exact,1.0,1.0,1.0,1.0
C02297,R03000,1.0,exact,1.0,1.0,1.0,1.0
C02298,R01788,1.0,exact,1.0,1.0,1.0,1.0
C02299,R02672,1.0,exact,1.0,1.0,1.0,1.0
C02300,R01910,1.0,exact,1.0,1.0,1.0,1.0
C02301,R02818,0.6541,no match,1.0,0.512,1.0,1.0
C02302,R02320,1.0,exact,1.0,1.0,1.0,
C02303,R00949,1.0,exact,1.0,1.0,1.0,1.0
C02304,R00490,1.0,exact,0.923,1.0,1.0,1.0
C02305,R00144,0.6541,no match,1.0,0.795,1.0,1.0
C02306,R02796,1.0,exact,1.0,1.0,1.0,1.0
C02307,R02970,1.0,exact,1.0,1.0,1.0,1.0
C02308,R01000,0.7718,review,0.438,1.0,1.0,1.0
C02309,R02974,1.0,exact,1.0,1.0,1.0,1.0
C02310,R00736,0.6541,no match,1.0,0.792,1.0,1.0
C02311,R01070,1.0,exact,1.0,1.0,1.0,1.0
C02312,R01317,1.0,exact,0.909,1.0,1.0,1.0
C02313,R00387,0.7718,review,0.242,1.0,1.0,1.0
C02314,R02844,1.0,exact,1.0,1.0,1.0,1.0
C02315,R00054,0.7718,review,0.0,1.0,1.0,1.0
C02316,R01014,0.7718,review,0.385,1.0,1.0,1.0
C02317,R02620,0.7718,review,0.571,1.0,1.0,1.0
C02318,R01963,0.6541,no match,1.0,0.789,1.0,1.0
C02319,R02053,0.6541,no match,1.0,0.889,1.0,1.0
C02320,R00401,1.0,exact,1.0,1.0,1.0,1.0
C02321,R01520,1.0,exact,1.0,1.0,1.0,1.0
C02322,R00278,1.0,exact,1.0,1.0,1.0,1.0
C02323,R00036,1.0,exact,1.0,1.0,1.0,1.0
C02324,R02812,1.0,exact,1.0,1.0,1.0,
C02325,R02649,1.0,exact,1.0,1.0,1.0,1.0
C02326,R02321,0.2202,no match,0.432,0.364,0.0,1.0
C02327,R00368,1.0,exact,1.0,1.0,1.0,1.0
C02328,R01980,0.7942,review,1.0,1.0,0.0,1.0
C02329,R00772,0.4259,no match,0.488,0.88,1.0,1.0
C02330,R02902,1.0,exact,1.0,1.0,1.0,1.0
C02331,R00660,1.0,exact,1.0,1.0,1.0,1.0
C02332,R01528,1.0,exact,1.0,1.0,1.0,1.0
C02333,R02141,0.7942,review,1.0,1.0,0.0,1.0
C02334,R02575,1.0,exact,1.0,1.0,1.0,1.0
C02335,R02743,1.0,exact,1.0,1.0,1.0,1.0
C02336,R00156,1.0,exact,1.0,1.0,1.0,1.0
C02337,R02955,1.0,exact,1.0,1.0,1.0,1.0
C02338,R00263,0.7718,review,0.8,1.0,1.0,1.0
C02339,R01564,1.0,exact,1.0,1.0,1.0,1.0
C02340,R02589,1.0,exact,1.0,1.0,1.0,1.0
C02341,R02289,1.0,exact,1.0,1.0,1.0,1.0
C02342,R00594,1.0,exact,1.0,1.0,1.0,1.0
C02343,R00434,1.0,exact,1.0,1.0,1.0,1.0
C02344,R00372,0.2202,no match,0.48,0.51,0.0,1.0
C02345,R00906,1.0,exact,1.0,1.0,1.0,1.0
C02346,R02860,1.0,exact,1.0,1.0,1.0,1.0
C02347,R00492,1.0,exact,1.0,1.0,1.0,1.0
C02348,R00714,1.0,exact,1.0,1.0,1.0,1.0
C02349,R02688,1.0,exact,1.0,1.0,1.0,1.0
C02350,R00534,1.0,exact,1.0,1.0,1.0,1.0
C02351,R00639,1.0,exact,1.0,1.0,1.0,1.0
C02352,R01502,1.0,exact,1.0,1.0,1.0,1.0
C02353,R01072,1.0,exact,1.0,1.0,1.0,1.0
C02354,R02613,1.0,exact,1.0,1.0,1.0,1.0
C02355,R00300,1.0,exact,1.0,1.0,1.0,1.0
C02356,R00324,0.7942,review,1.0,1.0,0.0,1.0
C02357,R02269,1.0,exact,1.0,1.0,1.0,1.0
C02358,R01770,0.6541,no match,1.0,0.889,1.0,1.0
C02359,R02401,1.0,exact,1.0,1.0,1.0,1.0
C02360,R02851,1.0,exact,0.947,1.0,1.0,1.0
C02361,R02889,0.6541,no match,1.0,0.903,1.0,1.0
C02362,R02624,1.0,exact,1.0,1.0,1.0,1.0
C02363,R00849,1.0,exact,1.0,1.0,1.0,1.0
C02364,R00706,1.0,exact,1.0,1.0,1.0,1.0
C02365,R02208,0.7718,review,0.833,1.0,1.0,1.0
C02366,R00309,0.6541,no match,1.0,0.851,1.0,1.0
C02367,R02438,0.7942,review,1.0,1.0,0.0,1.0
C02368,R01239,1.0,exact,1.0,1.0,1.0,1.0
C02369,R01159,1.0,exact,1.0,1.0,1.0,1.0
C02370,R02335,0.4259,no match,0.3,0.741,1.0,1.0
C02371,R00283,1.0,exact,1.0,1.0,1.0,1.0
C02372,R00140,1.0,exact,1.0,1.0,1.0,1.0
C02373,R01952,1.0,exact,1.0,1.0,1.0,1.0
C02374,R00209,1.0,exact,1.0,1.0,1.0,1.0
C02375,R02309,1.0,exact,0.933,1.0,1.0,1.0
C02376,R00573,1.0,exact,1.0,1.0,1.0,1.0
C02377,R02061,1.0,exact,1.0,1.0,1.0,1.0
C02378,R02988,1.0,exact,1.0,1.0,1.0,1.0
C02379,R02135,1.0,exact,1.0,1.0,1.0,1.0
C02380,R01628,1.0,exact,1.0,1.0,1.0,1.0
C02381,R00061,0.7718,review,0.291,1.0,1.0,1.0
C02382,R02698,0.6541,no match,1.0,0.327,1.0,1.0
C02383,R00413,0.7718,review,0.828,1.0,1.0,1.0
C02384,R01768,1.0,exact,1.0,1.0,1.0,1.0
C02385,R02067,1.0,exact,1.0,1.0,1.0,1.0
C02386,R02780,1.0,exact,1.0,1.0,1.0,1.0
C02387,R01651,0.6541,no match,1.0,0.341,1.0,1.0
C02388,R00580,1.0,exact,0.973,1.0,1.0,1.0
C02389,R00965,1.0,exact,1.0,1.0,1.0,1.0
C02390,R00273,0.6541,no match,1.0,0.632,1.0,1.0
C02391,R00308,1.0,exact,1.0,1.0,1.0,1.0
C02392,R01871,1.0,exact,0.955,1.0,1.0,1.0
C02393,R00379,0.7718,review,0.0,1.0,1.0,1.0
C02394,R02149,0.6541,no match,1.0,0.72,1.0,1.0
C02395,R01115,1.0,exact,1.0,1.0,1.0,1.0
C02396,R00240,1.0,exact,1.0,1.0,1.0,1.0
C02397,R02008,0.7942,review,1.0,1.0,0.0,1.0
C02398,R00162,1.0,exact,0.938,1.0,1.0,1.0
C02399,R02263,1.0,exact,1.0,1.0,1.0,1.0
C02400,R00832,1.0,exact,1.0,1.0,1.0,1.0
C02401,R01174,1.0,exact,1.0,1.0,1.0,1.0
C02402,R01641,1.0,exact,1.0,1.0,1.0,1.0
C02403,R01778,0.7718,review,0.194,1.0,1.0,1.0
C02404,R01190,1.0,exact,1.0,1.0,1.0,1.0
C02405,R00271,1.0,exact,1.0,1.0,1.0,1.0
C02406,R00483,1.0,exact,1.0,1.0,1.0,1.0
C02407,R00602,1.0,exact,1.0,1.0,1.0,1.0
C02408,R00059,0.6541,no match,1.0,0.778,1.0,1.0
C02409,R01999,1.0,exact,1.0,1.0,1.0,1.0
C02410,R01803,1.0,exact,1.0,1.0,1.0,1.0
C02411,R01108,0.2202,no match,0.514,0.4,0.0,1.0
C02412,R02978,1.0,exact,1.0,1.0,1.0,1.0
C02413,R01927,0.7718,review,0.7,1.0,1.0,1.0
C02414,R00795,0.7718,review,0.25,1.0,1.0,1.0
C02415,R02739,1.0,exact,1.0,1.0,1.0,
C02416,R01472,0.5661,no match,0.4,0.96,0.0,1.0
C02417,R00920,1.0,exact,1.0,1.0,1.0,1.0
C02418,R01417,0.7942,review,1.0,1.0,0.0,1.0
C02419,R00352,1.0,exact,0.968,1.0,1.0,1.0
C02420,R01476,1.0,exact,1.0,1.0,1.0,1.0
C02421,R02607,1.0,exact,1.0,1.0,1.0,1.0
C02422,R01277,0.6541,no match,1.0,0.5,1.0,1.0
C02423,R00856,0.6541,no match,1.0,0.393,1.0,1.0
C02424,R02244,1.0,exact,1.0,1.0,1.0,1.0
C02425,R01951,1.0,exact,1.0,1.0,1.0,1.0
C02426,R02742,1.0,exact,1.0,1.0,1.0,1.0
C02427,R00576,1.0,exact,1.0,1.0,1.0,1.0
C02428,R00897,1.0,exact,1.0,1.0,1.0,1.0
C02429,R00275,0.6541,no match,1.0,0.783,1.0,1.0
C02430,R01503,0.6541,no match,1.0,0.897,1.0,1.0
C02431,R00025,1.0,exact,1.0,1.0,1.0,1.0
C02432,R02856,1.0,exact,0.933,1.0,1.0,1.0
C02433,R02997,1.0,exact,1.0,1.0,1.0,1.0
C02434,R02943,0.2202,no match,0.571,0.302,0.0,1.0
C02435,R01365,0.6541,no match,1.0,0.698,1.0,1.0
C02436,R02016,1.0,exact,1.0,1.0,1.0,1.0
C02437,R00269,1.0,exact,1.0,1.0,1.0,1.0
C02438,R01111,0.7942,review,1.0,1.0,0.0,1.0
C02439,R01873,0.4259,no match,0.619,0.872,1.0,1.0
C02440,R02514,1.0,exact,1.0,1.0,1.0,1.0
C02441,R01612,1.0,exact,1.0,1.0,1.0,1.0
C02442,R02126,1.0,exact,1.0,1.0,1.0,1.0
C02443,R02687,0.7942,review,1.0,1.0,0.0,1.0
C02444,R01760,1.0,exact,1.0,1.0,1.0,1.0
C02445,R02156,1.0,exact,1.0,1.0,1.0,1.0
C02446,R02414,1.0,exact,1.0,1.0,1.0,1.0
C02447,R02790,1.0,exact,0.909,1.0,1.0,1.0
C02448,R01394,1.0,exact,0.917,1.0,1.0,1.0
C02449,R02269,0.7718,review,0.312,1.0,1.0,1.0
C02450,R00287,0.7718,review,0.375,1.0,1.0,1.0
C02451,R01081,1.0,exact,1.0,1.0,1.0,1.0
C02452,R02895,1.0,exact,1.0,1.0,1.0,1.0
C02453,R01110,1.0,exact,1.0,1.0,1.0,1.0
C02454,R00777,0.6541,no match,0.933,0.622,1.0,1.0
C02455,R02885,0.7942,review,1.0,1.0,0.0,1.0
C02456,R01039,0.7718,review,0.326,1.0,1.0,1.0
C02457,R02051,1.0,exact,1.0,1.0,1.0,1.0
C02458,R00751,0.7718,review,0.457,1.0,1.0,1.0
C02459,R02550,1.0,exact,1.0,1.0,1.0,1.0
C02460,R01546,1.0,exact,1.0,1.0,1.0,1.0
C02461,R00958,0.6541,no match,1.0,0.87,1.0,1.0
C02462,R02478,1.0,exact,1.0,1.0,1.0,
C02463,R00475,0.5661,no match,0.25,1.0,0.0,1.0
C02464,R02153,0.4259,no match,0.222,0.938,1.0,1.0
C02465,R01807,1.0,exact,1.0,1.0,1.0,1.0
C02466,R02099,1.0,exact,1.0,1.0,1.0,1.0
C02467,R01914,0.6541,no match,1.0,0.261,1.0,1.0
C02468,R02837,0.6541,no match,1.0,0.897,1.0,1.0
C02469,R01053,1.0,exact,1.0,1.0,1.0,1.0
C02470,R01440,0.7718,review,0.449,1.0,1.0,1.0
C02471,R02554,1.0,exact,1.0,1.0,1.0,1.0
C02472,R02461,1.0,exact,0.929,1.0,1.0,1.0
C02473,R02332,1.0,exact,1.0,1.0,1.0,1.0
C02474,R02950,0.6541,no match,1.0,0.783,1.0,1.0
C02475,R00194,1.0,exact,1.0,1.0,1.0,1.0
C02476,R02702,1.0,exact,1.0,1.0,1.0,1.0
C02477,R01309,1.0,exact,1.0,1.0,1.0,1.0
C02478,R02831,0.7718,review,0.429,1.0,1.0,1.0
C02479,R00478,1.0,exact,1.0,1.0,1.0,1.0
C02480,R02345,0.7942,review,1.0,1.0,0.0,1.0
C02481,R00526,1.0,exact,1.0,1.0,1.0,1.0
C02482,R02165,1.0,exact,1.0,1.0,1.0,1.0
C02483,R01342,0.6541,no match,1.0,0.385,1.0,1.0
C02484,R00077,1.0,exact,1.0,1.0,1.0,1.0
C02485,R00132,0.7718,review,0.308,1.0,1.0,1.0
C02486,R02351,0.7718,review,0.286,1.0,1.0,1.0
C02487,R00103,0.7942,review,1.0,1.0,0.0,1.0
C02488,R00745,0.7718,review,0.722,1.0,1.0,1.0
C02489,R02358,1.0,exact,1.0,1.0,1.0,1.0
C02490,R01429,0.7942,review,1.0,1.0,0.0,1.0
C02491,R02965,1.0,exact,1.0,1.0,1.0,1.0
C02492,R00946,0.7718,review,0.429,1.0,1.0,1.0
C02493,R02570,0.7718,review,0.412,1.0,1.0,1.0
C02494,R00083,1.0,exact,1.0,1.0,1.0,1.0
C02495,R01956,1.0,exact,1.0,1.0,1.0,1.0
C02496,R02007,1.0,exact,1.0,1.0,1.0,1.0
C02497,R00572,0.7718,review,0.5,1.0,1.0,1.0
C02498,R01176,1.0,exact,0.96,1.0,1.0,
C02499,R02036,0.2202,no match,0.516,0.417,0.0,1.0
C02500,R02175,1.0,exact,1.0,1.0,1.0,1.0
C02501,R01383,1.0,exact,1.0,1.0,1.0,1.0
C02502,R00499,1.0,exact,1.0,1.0,1.0,1.0
C02503,R00973,1.0,exact,1.0,1.0,1.0,1.0
C02504,R00896,1.0,exact,1.0,1.0,1.0,1.0
C02505,R00710,1.0,exact,1.0,1.0,1.0,1.0
C02506,R00977,0.6541,no match,1.0,0.368,1.0,1.0
C02507,R00872,1.0,exact,1.0,1.0,1.0,
C02508,R01064,1.0,exact,0.9,1.0,1.0,1.0
C02509,R01577,1.0,exact,0.909,1.0,1.0,1.0
C02510,R00928,1.0,exact,0.977,1.0,1.0,1.0
C02511,R00839,0.7718,review,0.722,1.0,1.0,1.0
C02512,R00604,0.6541,no match,1.0,0.93,1.0,1.0
C02513,R02093,1.0,exact,1.0,1.0,1.0,1.0
C02514,R02506,1.0,exact,1.0,1.0,1.0,1.0
C02515,R00684,1.0,exact,1.0,1.0,1.0,1.0
C02516,R00438,0.7718,review,0.373,1.0,1.0,1.0
C02517,R02957,1.0,exact,1.0,1.0,1.0,1.0
C02518,R00850,1.0,exact,1.0,1.0,1.0,1.0
C02519,R02643,0.6541,no match,1.0,0.424,1.0,1.0
C02520,R01175,1.0,exact,0.923,1.0,1.0,1.0
C02521,R00647,0.7718,review,0.692,1.0,1.0,1.0
C02522,R00842,1.0,exact,1.0,1.0,1.0,1.0
C02523,R01314,1.0,exact,1.0,1.0,1.0,1.0
C02524,R01832,1.0,exact,1.0,1.0,1.0,1.0
C02525,R02925,0.7942,review,1.0,1.0,0.0,1.0
C02526,R01340,0.7718,review,0.333,1.0,1.0,1.0
C02527,R02555,1.0,exact,0.963,1.0,1.0,1.0
C02528,R02494,0.7718,review,0.37,1.0,1.0,1.0
C02529,R01635,1.0,exact,1.0,1.0,1.0,1.0
C02530,R00592,1.0,exact,0.923,1.0,1.0,
C02531,R02079,1.0,exact,1.0,1.0,1.0,1.0
C02532,R00493,0.7942,review,1.0,1.0,0.0,1.0
C02533,R02880,1.0,exact,1.0,1.0,1.0,1.0
C02534,R00683,1.0,exact,1.0,1.0,1.0,1.0
C02535,R01374,1.0,exact,1.0,1.0,1.0,1.0
C02536,R01677,1.0,exact,1.0,1.0,1.0,1.0
C02537,R02177,1.0,exact,1.0,1.0,1.0,1.0
C02538,R01977,1.0,exact,1.0,1.0,1.0,1.0
C02539,R02773,1.0,exact,1.0,1.0,1.0,1.0
C02540,R02448,1.0,exact,0.971,1.0,1.0,1.0
C02541,R01131,1.0,exact,1.0,1.0,1.0,1.0
C02542,R02109,1.0,exact,1.0,1.0,1.0,
C02543,R01879,1.0,exact,1.0,1.0,1.0,1.0
C02544,R01630,1.0,exact,1.0,1.0,1.0,1.0
C02545,R00616,0.7718,review,0.471,1.0,1.0,1.0
C02546,R00251,0.6541,no match,1.0,0.434,1.0,1.0
C02547,R02572,1.0,exact,1.0,1.0,1.0,1.0
C02548,R00652,1.0,exact,1.0,1.0,1.0,1.0
C02549,R02717,1.0,exact,1.0,1.0,1.0,1.0
C02550,R02238,0.7942,review,1.0,1.0,0.0,1.0
C02551,R00857,0.6541,no match,1.0,0.714,1.0,1.0
C02552,R02460,1.0,exact,1.0,1.0,1.0,1.0
C02553,R01034,0.6541,no match,1.0,0.514,1.0,1.0
C02554,R00134,1.0,exact,1.0,1.0,1.0,1.0
C02555,R01079,0.6541,no match,1.0,0.886,1.0,1.0
C02556,R01362,1.0,exact,1.0,1.0,1.0,1.0
C02557,R02359,0.2202,no match,0.8,0.413,0.0,1.0
C02558,R00360,0.7942,review,1.0,1.0,0.0,1.0
C02559,R00056,1.0,exact,0.986,1.0,1.0,1.0
C02560,R02360,1.0,exact,1.0,1.0,1.0,1.0
C02561,R02018,1.0,exact,1.0,1.0,1.0,1.0
C02562,R00567,0.6541,no match,1.0,0.897,1.0,1.0
C02563,R02940,1.0,exact,1.0,1.0,1.0,
C02564,R02145,0.7718,review,0.4,1.0,1.0,1.0
C02565,R01123,1.0,exact,1.0,1.0,1.0,1.0
C02566,R00361,1.0,exact,1.0,1.0,1.0,
C02567,R00858,1.0,exact,1.0,1.0,1.0,1.0
C02568,R02329,1.0,exact,1.0,1.0,1.0,1.0
C02569,R01452,1.0,exact,1.0,1.0,1.0,1.0
C02570,R00511,1.0,exact,1.0,1.0,1.0,1.0
C02571,R01535,1.0,exact,1.0,1.0,1.0,1.0
C02572,R00129,1.0,exact,1.0,1.0,1.0,1.0
C02573,R00792,1.0,exact,1.0,1.0,1.0,1.0
C02574,R01196,0.7942,review,0.98,1.0,0.0,1.0
C02575,R01411,1.0,exact,1.0,1.0,1.0,1.0
C02576,R02037,1.0,exact,1.0,1.0,1.0,1.0
C02577,R01146,0.7718,review,0.3,1.0,1.0,1.0
C02578,R02286,1.0,exact,1.0,1.0,1.0,
C02579,R01818,0.6541,no match,1.0,0.897,1.0,1.0
C02580,R02809,1.0,exact,1.0,1.0,1.0,1.0
C02581,R02086,1.0,exact,0.962,1.0,1.0,1.0
C02582,R02376,1.0,exact,1.0,1.0,1.0,1.0
C02583,R01103,1.0,exact,1.0,1.0,1.0,1.0
C02584,R01376,1.0,exact,1.0,1.0,1.0,1.0
C02585,R02761,1.0,exact,0.909,1.0,1.0,1.0
C02586,R01366,1.0,exact,0.909,1.0,1.0,1.0
C02587,R01844,0.2202,no match,0.483,0.571,0.0,1.0
C02588,R02900,1.0,exact,1.0,1.0,1.0,1.0
C02589,R00636,0.6541,no match,1.0,0.919,1.0,1.0
C02590,R02151,1.0,exact,1.0,1.0,1.0,1.0
C02591,R00227,1.0,exact,1.0,1.0,1.0,1.0
C02592,R01625,0.7718,review,0.333,1.0,1.0,1.0
C02593,R02681,0.7718,review,0.4,0.98,1.0,1.0
C02594,R01252,1.0,exact,0.941,1.0,1.0,1.0
C02595,R02224,0.7942,review,1.0,1.0,0.0,1.0
C02596,R02073,1.0,exact,1.0,1.0,1.0,1.0
C02597,R01343,1.0,exact,1.0,1.0,1.0,1.0
C02598,R00174,1.0,exact,1.0,1.0,1.0,1.0
C02599,R02769,1.0,exact,0.909,1.0,1.0,1.0
C02600,R02068,1.0,exact,1.0,1.0,1.0,1.0
C02601,R02242,1.0,exact,1.0,1.0,1.0,1.0
C02602,R00290,0.6541,no match,1.0,0.783,1.0,1.0
C02603,R02215,0.7718,review,0.412,1.0,1.0,1.0
C02604,R01278,1.0,exact,1.0,1.0,1.0,1.0
C02605,R00392,1.0,exact,1.0,1.0,1.0,1.0
C02606,R01300,0.7718,review,0.083,1.0,1.0,1.0
C02607,R00165,0.7718,review,0.2,1.0,1.0,1.0
C02608,R02425,0.6541,no match,1.0,0.519,1.0,1.0
C02609,R00564,1.0,exact,1.0,1.0,1.0,1.0
C02610,R02748,1.0,exact,1.0,1.0,1.0,1.0
C02611,R01784,1.0,exact,1.0,1.0,1.0,1.0
C02612,R02868,1.0,exact,1.0,1.0,1.0,1.0
C02613,R00776,1.0,exact,1.0,1.0,1.0,
C02614,R01744,1.0,exact,1.0,1.0,1.0,1.0
C02615,R00455,0.6541,no match,0.929,0.667,1.0,1.0
C02616,R02069,1.0,exact,0.917,1.0,1.0,1.0
C02617,R01245,0.5661,no match,0.75,1.0,0.0,1.0
C02618,R01233,1.0,exact,1.0,1.0,1.0,1.0
C02619,R00837,0.7942,review,1.0,1.0,0.0,1.0
C02620,R02579,1.0,exact,1.0,1.0,1.0,1.0
C02621,R00672,1.0,exact,1.0,1.0,1.0,1.0
C02622,R02326,1.0,exact,1.0,1.0,1.0,1.0
C02623,R00694,0.7074,review,0.3,1.0,1.0,
C02624,R02538,1.0,exact,1.0,1.0,1.0,1.0
C02625,R00161,1.0,exact,1.0,1.0,1.0,1.0
C02626,R00913,1.0,exact,0.9,1.0,1.0,1.0
C02627,R02103,1.0,exact,1.0,1.0,1.0,1.0
C02628,R01605,0.6541,no match,1.0,0.909,1.0,1.0
C02629,R02367,1.0,exact,1.0,1.0,1.0,1.0
C02630,R02874,1.0,exact,1.0,1.0,1.0,
C02631,R00821,1.0,exact,0.941,1.0,1.0,1.0
C02632,R02418,1.0,exact,1.0,1.0,1.0,1.0
C02633,R01214,1.0,exact,1.0,1.0,1.0,1.0
C02634,R02379,1.0,exact,1.0,1.0,1.0,
C02635,R00644,1.0,exact,1.0,1.0,1.0,1.0
C02636,R02456,1.0,exact,1.0,1.0,1.0,1.0
C02637,R01317,0.2202,no match,0.476,0.389,0.0,1.0
C02638,R00281,1.0,exact,1.0,1.0,1.0,1.0
C02639,R00556,0.7718,review,0.381,1.0,1.0,1.0
C02640,R02044,1.0,exact,1.0,1.0,1.0,1.0
C02641,R01369,1.0,exact,0.933,1.0,1.0,1.0
C02642,R00279,1.0,exact,1.0,1.0,1.0,1.0
C02643,R01120,1.0,exact,1.0,1.0,1.0,1.0
C02644,R01586,1.0,exact,0.984,1.0,1.0,1.0
C02645,R00557,0.7942,review,1.0,1.0,0.0,1.0
C02646,R02560,0.7942,review,1.0,1.0,0.0,1.0
C02647,R01571,1.0,exact,1.0,1.0,1.0,1.0
C02648,R01890,1.0,exact,1.0,1.0,1.0,1.0
C02649,R00685,1.0,exact,1.0,1.0,1.0,1.0
C02650,R02943,1.0,exact,1.0,1.0,1.0,1.0
C02651,R01846,1.0,exact,1.0,1.0,1.0,1.0
C02652,R01212,1.0,exact,1.0,1.0,1.0,1.0
C02653,R01931,1.0,exact,1.0,1.0,1.0,1.0
C02654,R00163,0.7718,review,0.727,1.0,1.0,1.0
C02655,R00498,0.6541,no match,1.0,0.789,1.0,1.0
C02656,R02269,1.0,exact,1.0,1.0,1.0,1.0
C02657,R00586,0.6541,no match,1.0,0.773,1.0,1.0
C02658,R00372,0.6541,no match,1.0,0.564,1.0,1.0
C02659,R00581,0.6541,no match,1.0,0.889,1.0,1.0
C02660,R00737,1.0,exact,1.0,1.0,1.0,1.0
C02661,R00976,1.0,exact,1.0,1.0,1.0,1.0
C02662,R01129,0.2202,no match,0.444,0.429,0.0,1.0
C02663,R00597,1.0,exact,1.0,1.0,1.0,
C02664,R01136,1.0,exact,1.0,1.0,1.0,1.0
C02665,R01085,1.0,exact,1.0,1.0,1.0,1.0
C02666,R00088,1.0,exact,1.0,1.0,1.0,1.0
C02667,R01623,1.0,exact,1.0,1.0,1.0,1.0
C02668,R02235,1.0,exact,1.0,1.0,1.0,1.0
C02669,R00312,1.0,exact,1.0,1.0,1.0,1.0
C02670,R01968,1.0,exact,1.0,1.0,1.0,1.0
C02671,R02566,1.0,exact,1.0,1.0,1.0,1.0
C02672,R02553,1.0,exact,1.0,1.0,1.0,1.0
C02673,R01158,1.0,exact,1.0,1.0,1.0,1.0
C02674,R00561,0.4259,no match,0.28,0.732,1.0,1.0
C02675,R01171,1.0,exact,1.0,1.0,1.0,1.0
C02676,R00450,1.0,exact,1.0,1.0,1.0,1.0
C02677,R02719,1.0,exact,1.0,1.0,1.0,1.0
C02678,R02952,1.0,exact,1.0,1.0,1.0,
C02679,R02169,1.0,exact,1.0,1.0,1.0,
C02680,R00274,1.0,exact,1.0,1.0,1.0,1.0
C02681,R02747,1.0,exact,1.0,1.0,1.0,1.0
C02682,R02711,1.0,exact,1.0,1.0,1.0,1.0
C02683,R02534,1.0,exact,1.0,1.0,1.0,1.0
C02684,R02467,1.0,exact,1.0,1.0,1.0,1.0
C02685,R00331,1.0,exact,1.0,1.0,1.0,1.0
C02686,R01979,1.0,exact,1.0,1.0,1.0,1.0
C02687,R01988,1.0,exact,1.0,1.0,1.0,1.0
C02688,R01024,1.0,exact,1.0,1.0,1.0,1.0
C02689,R01225,0.4259,no match,0.261,0.262,1.0,1.0
C02690,R01263,0.7942,review,0.979,1.0,0.0,1.0
C02691,R02817,1.0,exact,1.0,1.0,1.0,1.0
C02692,R00321,1.0,exact,1.0,1.0,1.0,1.0
C02693,R00898,0.2202,no match,0.636,0.275,0.0,1.0
C02694,R01891,0.6541,no match,1.0,0.889,1.0,1.0
C02695,R02612,1.0,exact,1.0,1.0,1.0,1.0
C02696,R02287,1.0,exact,1.0,1.0,1.0,1.0
C02697,R01530,1.0,exact,1.0,1.0,1.0,1.0
C02698,R00286,1.0,exact,1.0,1.0,1.0,1.0
C02699,R00932,1.0,exact,1.0,1.0,1.0,1.0
C02700,R00652,0.4259,no match,0.379,0.483,1.0,1.0
C02701,R01327,1.0,exact,1.0,1.0,1.0,
C02702,R01982,0.2202,no match,0.444,0.381,0.0,1.0
C02703,R01813,1.0,exact,1.0,1.0,1.0,1.0
C02704,R01108,1.0,exact,1.0,1.0,1.0,1.0
C02705,R00682,0.7718,review,0.522,1.0,1.0,1.0
C02706,R02002,1.0,exact,1.0,1.0,1.0,1.0
C02707,R02253,1.0,exact,1.0,1.0,1.0,1.0
C02708,R00074,1.0,exact,1.0,1.0,1.0,1.0
C02709,R00391,0.6541,no match,1.0,0.523,1.0,1.0
C02710,R01441,1.0,exact,1.0,1.0,1.0,1.0
C02711,R02140,1.0,exact,1.0,1.0,1.0,1.0
C02712,R01795,1.0,exact,1.0,1.0,1.0,1.0
C02713,R01783,1.0,exact,1.0,1.0,1.0,1.0
C02714,R00469,1.0,exact,0.976,1.0,1.0,1.0
C02715,R02442,1.0,exact,1.0,1.0,1.0,1.0
C02716,R00618,1.0,exact,1.0,1.0,1.0,1.0
C02717,R02626,1.0,exact,1.0,1.0,1.0,1.0
C02718,R00242,1.0,exact,1.0,1.0,1.0,1.0
C02719,R02039,1.0,exact,1.0,1.0,1.0,1.0
C02720,R00380,0.6541,no match,1.0,0.718,1.0,1.0
C02721,R02462,1.0,exact,1.0,1.0,1.0,1.0
C02722,R01872,1.0,exact,1.0,1.0,1.0,1.0
C02723,R01856,1.0,exact,1.0,1.0,1.0,1.0
C02724,R01928,1.0,exact,0.966,1.0,1.0,1.0
C02725,R01000,1.0,exact,1.0,1.0,1.0,1.0
C02726,R02453,1.0,exact,1.0,1.0,1.0,1.0
C02727,R02316,1.0,exact,1.0,1.0,1.0,1.0
C02728,R01230,1.0,exact,1.0,1.0,1.0,1.0
C02729,R01295,1.0,exact,1.0,1.0,1.0,1.0
C02730,R01238,0.6541,no match,1.0,0.423,1.0,1.0
C02731,R00327,0.7718,review,0.222,1.0,1.0,1.0
C02732,R02119,0.6541,no match,1.0,0.903,1.0,1.0
C02733,R00182,0.7718,review,0.303,1.0,1.0,1.0
C02734,R01132,0.7718,review,0.541,1.0,1.0,1.0
C02735,R01803,0.7718,review,0.32,1.0,1.0,1.0
C02736,R00571,0.7718,review,0.255,1.0,1.0,1.0
C02737,R01453,0.6541,no match,0.96,0.909,1.0,1.0
C02738,R02559,1.0,exact,1.0,1.0,1.0,1.0
C02739,R00400,1.0,exact,1.0,1.0,1.0,1.0
C02740,R01908,0.6541,no match,1.0,0.3,1.0,1.0
C02741,R00874,1.0,exact,1.0,1.0,1.0,1.0
C02742,R02683,1.0,exact,1.0,1.0,1.0,1.0
C02743,R02929,1.0,exact,1.0,1.0,1.0,1.0
C02744,R00082,0.6541,no match,1.0,0.914,1.0,1.0
C02745,R00793,1.0,exact,1.0,1.0,1.0,1.0
C02746,R00138,1.0,exact,1.0,1.0,1.0,1.0
C02747,R02011,1.0,exact,1.0,1.0,1.0,1.0
C02748,R00095,1.0,exact,1.0,1.0,1.0,1.0
C02749,R00921,0.6541,no match,1.0,0.846,1.0,1.0
C02750,R00914,1.0,exact,1.0,1.0,1.0,1.0
C02751,R01569,1.0,exact,1.0,1.0,1.0,1.0
C02752,R02431,0.6541,no match,1.0,0.841,1.0,1.0
C02753,R00159,1.0,exact,1.0,1.0,1.0,1.0
C02754,R01444,1.0,exact,1.0,1.0,1.0,1.0
C02755,R02340,0.6541,no match,1.0,0.903,1.0,1.0
C02756,R01407,1.0,exact,1.0,1.0,1.0,1.0
C02757,R00112,1.0,exact,0.966,1.0,1.0,
C02758,R00931,1.0,exact,1.0,1.0,1.0,
C02759,R02608,0.2202,no match,0.632,0.367,0.0,1.0
C02760,R02842,0.6541,no match,1.0,0.698,1.0,1.0
C02761,R02765,1.0,exact,1.0,1.0,1.0,1.0
C02762,R02017,1.0,exact,1.0,1.0,1.0,1.0
C02763,R00969,0.6541,no match,1.0,0.889,1.0,1.0
C02764,R01592,1.0,exact,1.0,1.0,1.0,1.0
C02765,R02543,1.0,exact,0.947,1.0,1.0,
C02766,R01220,1.0,exact,1.0,1.0,1.0,1.0
C02767,R01639,1.0,exact,1.0,1.0,1.0,1.0
C02768,R00709,0.7718,review,0.333,1.0,1.0,1.0
C02769,R02292,1.0,exact,1.0,1.0,1.0,1.0
C02770,R01337,1.0,exact,1.0,1.0,1.0,1.0
C02771,R00750,0.7942,review,1.0,1.0,0.0,1.0
C02772,R02179,1.0,exact,1.0,1.0,1.0,1.0
C02773,R02906,0.6541,no match,1.0,0.667,1.0,1.0
C02774,R00180,0.7718,review,0.24,1.0,1.0,1.0
C02775,R00471,1.0,exact,1.0,1.0,1.0,1.0
C02776,R01385,1.0,exact,1.0,1.0,1.0,1.0
C02777,R02443,1.0,exact,1.0,1.0,1.0,1.0
C02778,R01834,0.7942,review,1.0,1.0,0.0,1.0
C02779,R01712,1.0,exact,1.0,1.0,1.0,1.0
C02780,R01237,1.0,exact,1.0,1.0,1.0,1.0
C02781,R00127,1.0,exact,1.0,1.0,1.0,1.0
C02782,R02558,1.0,exact,1.0,1.0,1.0,1.0
C02783,R01743,1.0,exact,1.0,1.0,1.0,1.0
C02784,R00285,1.0,exact,1.0,1.0,1.0,1.0
C02785,R02883,1.0,exact,1.0,1.0,1.0,1.0
C02786,R01987,1.0,exact,1.0,1.0,1.0,1.0
C02787,R00439,1.0,exact,0.982,1.0,1.0,1.0
C02788,R02042,1.0,exact,1.0,1.0,1.0,1.0
C02789,R02884,0.7942,review,1.0,1.0,0.0,1.0
C02790,R02825,1.0,exact,1.0,1.0,1.0,1.0
C02791,R02665,1.0,exact,1.0,1.0,1.0,1.0
C02792,R02070,1.0,exact,1.0,1.0,1.0,1.0
C02793,R01895,1.0,exact,1.0,1.0,1.0,1.0
C02794,R02977,1.0,exact,1.0,1.0,1.0,1.0
C02795,R02152,1.0,exact,1.0,1.0,1.0,1.0
C02796,R00789,0.7942,review,0.909,1.0,0.0,1.0
C02797,R00863,1.0,exact,1.0,1.0,1.0,1.0
C02798,R01735,0.7718,review,0.242,1.0,1.0,1.0
C02799,R02985,1.0,exact,1.0,1.0,1.0,1.0
C02800,R01391,0.7718,review,0.7,1.0,1.0,1.0
C02801,R02470,1.0,exact,1.0,1.0,1.0,1.0
C02802,R00953,1.0,exact,0.889,1.0,1.0,1.0
C02803,R01422,1.0,exact,1.0,1.0,1.0,1.0
C02804,R02931,1.0,exact,1.0,1.0,1.0,1.0
C02805,R00261,0.7718,review,0.364,1.0,1.0,1.0
C02806,R01549,1.0,exact,1.0,1.0,1.0,1.0
C02807,R01449,1.0,exact,1.0,1.0,1.0,1.0
C02808,R00552,0.4259,no match,0.174,0.619,1.0,1.0
C02809,R00017,1.0,exact,1.0,1.0,1.0,1.0
C02810,R00376,0.7718,review,0.28,1.0,1.0,1.0
C02811,R01181,0.7942,review,1.0,1.0,0.0,1.0
C02812,R01732,1.0,exact,1.0,1.0,1.0,1.0
C02813,R02346,0.7718,review,0.4,0.98,1.0,1.0
C02814,R02986,1.0,exact,1.0,1.0,1.0,1.0
C02815,R02148,1.0,exact,1.0,1.0,1.0,1.0
C02816,R01700,0.7942,review,1.0,1.0,0.0,1.0
C02817,R02749,1.0,exact,1.0,1.0,1.0,1.0
C02818,R01812,0.6541,no match,1.0,0.423,1.0,1.0
C02819,R02684,1.0,exact,0.98,1.0,1.0,
C02820,R01815,1.0,exact,1.0,1.0,1.0,1.0
C02821,R00343,1.0,exact,1.0,1.0,1.0,1.0
C02822,R02535,1.0,exact,0.9,1.0,1.0,1.0
C02823,R01636,1.0,exact,1.0,1.0,1.0,1.0
C02824,R01144,1.0,exact,0.857,1.0,1.0,1.0
C02825,R02399,1.0,exact,1.0,1.0,1.0,1.0
C02826,R02912,1.0,exact,1.0,1.0,1.0,1.0
C02827,R00072,1.0,exact,1.0,1.0,1.0,1.0
C02828,R02949,0.7942,review,1.0,1.0,0.0,1.0
C02829,R00637,0.7942,review,0.929,1.0,0.0,1.0
C02830,R02040,1.0,exact,1.0,1.0,1.0,1.0
C02831,R00257,1.0,exact,1.0,1.0,1.0,1.0
C02832,R01721,0.6541,no match,1.0,0.875,1.0,1.0
C02833,R00060,1.0,exact,1.0,1.0,1.0,1.0
C02834,R00458,0.7718,review,0.6,1.0,1.0,1.0
C02835,R00883,1.0,exact,1.0,1.0,1.0,1.0
C02836,R00738,1.0,exact,1.0,1.0,1.0,1.0
C02837,R01083,1.0,exact,1.0,1.0,1.0,1.0
C02838,R01755,0.6541,no match,1.0,0.903,1.0,1.0
C02839,R01296,1.0,exact,0.947,1.0,1.0,1.0
C02840,R02623,1.0,exact,1.0,1.0,1.0,
C02841,R00329,1.0,exact,1.0,1.0,1.0,1.0
C02842,R00070,1.0,exact,1.0,1.0,1.0,1.0
C02843,R00282,1.0,exact,1.0,1.0,1.0,1.0
C02844,R01711,1.0,exact,1.0,1.0,1.0,1.0
C02845,R00505,1.0,exact,1.0,1.0,1.0,1.0
C02846,R01798,1.0,exact,1.0,1.0,1.0,1.0
C02847,R01169,1.0,exact,1.0,1.0,1.0,1.0
C02848,R00816,1.0,exact,1.0,1.0,1.0,1.0
C02849,R02406,1.0,exact,1.0,1.0,1.0,1.0
C02850,R02516,1.0,exact,1.0,1.0,1.0,1.0
C02851,R00643,1.0,exact,1.0,1.0,1.0,1.0
C02852,R01214,0.7718,review,0.316,1.0,1.0,1.0
C02853,R01179,1.0,exact,1.0,1.0,1.0,1.0
C02854,R02954,1.0,exact,1.0,1.0,1.0,1.0
C02855,R01023,0.6541,no match,1.0,0.387,1.0,1.0
C02856,R02487,0.6541,no match,1.0,0.88,1.0,1.0
C02857,R02611,0.6541,no match,0.909,0.683,1.0,1.0
C02858,R01018,1.0,exact,1.0,1.0,1.0,1.0
C02859,R01076,1.0,exact,1.0,1.0,1.0,1.0
C02860,R00313,0.4259,no match,0.429,0.711,1.0,1.0
C02861,R01733,0.6541,no match,1.0,0.84,1.0,1.0
C02862,R01701,1.0,exact,1.0,1.0,1.0,1.0
C02863,R01532,1.0,exact,0.968,1.0,1.0,1.0
C02864,R02863,1.0,exact,1.0,1.0,1.0,1.0
C02865,R01860,1.0,exact,1.0,1.0,1.0,1.0
C02866,R00507,1.0,exact,1.0,1.0,1.0,1.0
C02867,R00207,1.0,exact,1.0,1.0,1.0,1.0
C02868,R01313,0.6541,no match,1.0,0.923,1.0,1.0
C02869,R00703,1.0,exact,1.0,1.0,1.0,1.0
C02870,R02390,1.0,exact,1.0,1.0,1.0,1.0
C02871,R02094,1.0,exact,0.938,1.0,1.0,1.0
C02872,R01556,1.0,exact,1.0,1.0,1.0,1.0
C02873,R01782,1.0,exact,1.0,1.0,1.0,1.0
C02874,R02598,1.0,exact,1.0,1.0,1.0,1.0
C02875,R01819,1.0,exact,1.0,1.0,1.0,1.0
C02876,R00166,0.7718,review,0.326,1.0,1.0,1.0
C02877,R02098,1.0,exact,1.0,1.0,1.0,1.0
C02878,R02245,1.0,exact,1.0,1.0,1.0,1.0
C02879,R02786,1.0,exact,1.0,1.0,1.0,1.0
C02880,R00651,1.0,exact,1.0,1.0,1.0,1.0
C02881,R02679,1.0,exact,1.0,1.0,1.0,1.0
C02882,R02798,1.0,exact,1.0,1.0,1.0,1.0
C02883,R00142,0.6541,no match,1.0,0.711,1.0,1.0
C02884,R02783,0.7942,review,1.0,1.0,0.0,1.0
C02885,R01082,1.0,exact,1.0,1.0,1.0,1.0
C02886,R01878,1.0,exact,1.0,1.0,1.0,1.0
C02887,R01134,0.6541,no match,1.0,0.897,1.0,1.0
C02888,R02972,1.0,exact,1.0,1.0,1.0,1.0
C02889,R02918,1.0,exact,1.0,1.0,1.0,1.0
C02890,R00241,1.0,exact,1.0,1.0,1.0,1.0
C02891,R00342,1.0,exact,1.0,1.0,1.0,1.0
C02892,R01348,1.0,exact,1.0,1.0,1.0,1.0
C02893,R00291,1.0,exact,1.0,1.0,1.0,1.0
C02894,R02556,0.6541,no match,1.0,0.696,1.0,1.0
C02895,R02585,1.0,exact,1.0,1.0,1.0,1.0
C02896,R00959,0.7942,review,1.0,1.0,0.0,1.0
C02897,R02768,1.0,exact,1.0,1.0,1.0,1.0
C02898,R01585,0.7718,review,0.314,1.0,1.0,1.0
C02899,R01602,0.7718,review,0.842,1.0,1.0,1.0
C02900,R01541,1.0,exact,1.0,1.0,1.0,1.0
C02901,R02117,1.0,exact,1.0,1.0,1.0,1.0
C02902,R00830,0.6541,no match,1.0,0.933,1.0,1.0
C02903,R00558,1.0,exact,0.9,1.0,1.0,1.0
C02904,R00224,0.6541,no match,1.0,0.727,1.0,1.0
C02905,R02389,1.0,exact,0.933,1.0,1.0,1.0
C02906,R02578,0.6541,no match,1.0,0.848,1.0,1.0
C02907,R01484,1.0,exact,1.0,1.0,1.0,1.0
C02908,R01957,1.0,exact,1.0,1.0,1.0,1.0
C02909,R01558,1.0,exact,1.0,1.0,1.0,1.0
C02910,R01269,1.0,exact,1.0,1.0,1.0,1.0
C02911,R01909,0.6541,no match,1.0,0.871,1.0,1.0
C02912,R02680,1.0,exact,0.9,1.0,1.0,1.0
C02913,R02519,1.0,exact,1.0,1.0,1.0,1.0
C02914,R02650,0.7718,review,0.421,1.0,1.0,1.0
C02915,R00910,1.0,exact,1.0,1.0,1.0,1.0
C02916,R00999,1.0,exact,1.0,1.0,1.0,1.0
C02917,R01525,0.7718,review,0.545,1.0,1.0,1.0
C02918,R02834,0.7942,review,1.0,1.0,0.0,1.0
C02919,R02526,0.7718,review,0.286,1.0,1.0,1.0
C02920,R01498,1.0,exact,1.0,1.0,1.0,1.0
C02921,R02640,1.0,exact,1.0,1.0,1.0,1.0
C02922,R01299,1.0,exact,1.0,1.0,1.0,1.0
C02923,R02542,0.4483,no match,1.0,0.333,0.0,1.0
C02924,R01253,1.0,exact,1.0,1.0,1.0,1.0
C02925,R01297,1.0,exact,1.0,1.0,1.0,1.0
C02926,R00713,0.6541,no match,1.0,0.484,1.0,1.0
C02927,R01780,1.0,exact,0.958,1.0,1.0,1.0
C02928,R02733,0.7942,review,1.0,1.0,0.0,1.0
C02929,R01352,0.7718,review,0.367,1.0,1.0,1.0
C02930,R02059,0.6541,no match,0.923,0.923,1.0,1.0
C02931,R00691,1.0,exact,1.0,1.0,1.0,1.0
C02932,R02300,0.6541,no match,1.0,0.897,1.0,1.0
C02933,R01938,1.0,exact,1.0,1.0,1.0,1.0
C02934,R01857,1.0,exact,1.0,1.0,1.0,1.0
C02935,R00167,1.0,exact,0.974,1.0,1.0,1.0
C02936,R01962,1.0,exact,1.0,1.0,1.0,1.0
C02937,R02816,1.0,exact,1.0,1.0,1.0,1.0
C02938,R01947,0.6541,no match,1.0,0.737,1.0,1.0
C02939,R00940,1.0,exact,1.0,1.0,1.0,1.0
C02940,R00414,1.0,exact,1.0,1.0,1.0,1.0
C02941,R01732,1.0,exact,0.971,1.0,1.0,
C02942,R01518,1.0,exact,1.0,1.0,1.0,1.0
C02943,R01619,1.0,exact,1.0,1.0,1.0,1.0
C02944,R00408,0.6541,no match,1.0,0.357,1.0,1.0
C02945,R01686,1.0,exact,1.0,1.0,1.0,1.0
C02946,R00384,1.0,exact,1.0,1.0,1.0,1.0
C02947,R02485,1.0,exact,1.0,1.0,1.0,1.0
C02948,R00579,1.0,exact,1.0,1.0,1.0,1.0
C02949,R01685,1.0,exact,1.0,1.0,1.0,1.0
C02950,R00723,0.6541,no match,1.0,0.85,1.0,1.0
C02951,R00038,0.4483,no match,1.0,0.419,0.0,1.0
C02952,R00818,1.0,exact,1.0,1.0,1.0,1.0
C02953,R00762,1.0,exact,1.0,1.0,1.0,1.0
C02954,R02905,1.0,exact,1.0,1.0,1.0,1.0
C02955,R00390,0.6541,no match,1.0,0.294,1.0,1.0
C02956,R00608,1.0,exact,1.0,1.0,1.0,1.0
C02957,R00911,1.0,exact,1.0,1.0,1.0,1.0
C02958,R01169,0.2282,no match,0.87,0.468,0.0,0.0
C02959,R01406,1.0,exact,1.0,1.0,1.0,1.0
C02960,R02013,0.6541,no match,1.0,0.75,1.0,1.0
C02961,R02699,1.0,exact,1.0,1.0,1.0,1.0
C02962,R02976,1.0,exact,1.0,1.0,1.0,1.0
C02963,R02587,1.0,exact,1.0,1.0,1.0,1.0
C02964,R00696,1.0,exact,1.0,1.0,1.0,1.0
C02965,R01683,0.6541,no match,1.0,0.9,1.0,1.0
C02966,R02968,0.7942,review,1.0,1.0,0.0,1.0
C02967,R02114,1.0,exact,1.0,1.0,1.0,1.0
C02968,R02971,1.0,exact,1.0,1.0,1.0,1.0
C02969,R01512,1.0,exact,1.0,1.0,1.0,1.0
C02970,R00508,1.0,exact,1.0,1.0,1.0,1.0
C02971,R00842,1.0,exact,1.0,1.0,1.0,1.0
C02972,R00212,1.0,exact,1.0,1.0,1.0,1.0
C02973,R00393,1.0,exact,1.0,1.0,1.0,1.0
C02974,R02243,1.0,exact,1.0,1.0,1.0,1.0
C02975,R01381,1.0,exact,1.0,1.0,1.0,1.0
C02976,R01547,1.0,exact,1.0,1.0,1.0,1.0
C02977,R00930,1.0,exact,1.0,1.0,1.0,1.0
C02978,R00814,1.0,exact,1.0,1.0,1.0,1.0
C02979,R02995,1.0,exact,1.0,1.0,1.0,1.0
C02980,R00840,1.0,exact,0.867,1.0,1.0,1.0
C02981,R02713,0.7718,review,0.449,1.0,1.0,1.0
C02982,R01756,1.0,exact,1.0,1.0,1.0,1.0
C02983,R02301,1.0,exact,1.0,1.0,1.0,1.0
C02984,R01008,0.5661,no match,0.346,1.0,0.0,1.0
C02985,R01889,1.0,exact,1.0,1.0,1.0,1.0
C02986,R02721,1.0,exact,1.0,1.0,1.0,1.0
C02987,R00662,1.0,exact,1.0,1.0,1.0,1.0
C02988,R02041,1.0,exact,1.0,1.0,1.0,1.0
C02989,R01805,1.0,exact,1.0,1.0,1.0,1.0
C02990,R00075,1.0,exact,0.952,1.0,1.0,1.0
C02991,R00873,1.0,exact,1.0,1.0,1.0,1.0
C02992,R01114,1.0,exact,1.0,1.0,1.0,1.0
C02993,R00601,0.6541,no match,1.0,0.744,1.0,1.0
C02994,R01020,1.0,exact,0.941,1.0,1.0,1.0
C02995,R02490,1.0,exact,1.0,1.0,1.0,1.0
C02996,R02917,1.0,exact,1.0,1.0,1.0,1.0
C02997,R00889,1.0,exact,1.0,1.0,1.0,1.0
C02998,R02020,0.6541,no match,1.0,0.4,1.0,1.0
C02999,R01778,0.7718,review,0.258,1.0,1.0,1.0
C03000,R01248,0.6541,no match,1.0,0.494,1.0,1.0
C03001,R01325,1.0,exact,1.0,1.0,1.0,1.0
C03002,R01705,0.6541,no match,1.0,0.138,1.0,1.0
C03003,R02481,1.0,exact,1.0,1.0,1.0,1.0
C03004,R02136,1.0,exact,1.0,1.0,1.0,1.0
C03005,R00898,1.0,exact,1.0,1.0,1.0,1.0
C03006,R00915,0.6541,no match,1.0,0.9,1.0,1.0
C03007,R00823,0.7718,review,0.75,1.0,1.0,1.0
C03008,R02207,1.0,exact,1.0,1.0,1.0,1.0
C03009,R01010,1.0,exact,1.0,1.0,1.0,1.0
C03010,R01063,1.0,exact,1.0,1.0,1.0,1.0
C03011,R01032,1.0,exact,1.0,1.0,1.0,1.0
C03012,R00288,1.0,exact,1.0,1.0,1.0,
C03013,R00067,0.7718,review,0.125,1.0,1.0,1.0
C03014,R02560,1.0,exact,0.933,1.0,1.0,1.0
C03015,R01820,1.0,exact,1.0,1.0,1.0,1.0
C03016,R01093,0.7718,review,0.667,1.0,1.0,1.0
C03017,R02338,1.0,exact,1.0,1.0,1.0,1.0
C03018,R00399,1.0,exact,1.0,1.0,1.0,1.0
C03019,R01540,0.6541,no match,1.0,0.889,1.0,1.0
C03020,R01226,1.0,exact,1.0,1.0,1.0,1.0
C03021,R00646,0.7718,review,0.133,1.0,1.0,1.0
C03022,R01459,1.0,exact,1.0,1.0,1.0,1.0
C03023,R00506,1.0,exact,1.0,1.0,1.0,1.0
C03024,R00230,1.0,exact,1.0,1.0,1.0,1.0
C03025,R01414,1.0,exact,1.0,1.0,1.0,1.0
C03026,R01757,1.0,exact,0.958,1.0,1.0,1.0
C03027,R02571,0.7718,review,0.667,1.0,1.0,1.0
C03028,R02284,1.0,exact,1.0,1.0,1.0,1.0
C03029,R00734,1.0,exact,1.0,1.0,1.0,1.0
C03030,R00755,1.0,exact,1.0,1.0,1.0,1.0
C03031,R00682,1.0,exact,1.0,1.0,1.0,1.0
C03032,R01967,1.0,exact,1.0,1.0,1.0,1.0
C03033,R00175,1.0,exact,1.0,1.0,1.0,1.0
C03034,R02814,1.0,exact,1.0,1.0,1.0,1.0
C03035,R01007,1.0,exact,0.941,1.0,1.0,1.0
C03036,R01310,1.0,exact,1.0,1.0,1.0,1.0
C03037,R02071,1.0,exact,1.0,1.0,1.0,1.0
C03038,R01794,1.0,exact,1.0,1.0,1.0,1.0
C03039,R02843,1.0,exact,1.0,1.0,1.0,1.0
C03040,R02669,0.6541,no match,1.0,0.84,1.0,1.0
C03041,R02849,1.0,exact,1.0,1.0,1.0,1.0
C03042,R02565,1.0,exact,0.955,1.0,1.0,1.0
C03043,R01993,1.0,exact,1.0,1.0,1.0,1.0
C03044,R00761,0.6541,no match,1.0,0.718,1.0,1.0
C03045,R00819,1.0,exact,1.0,1.0,1.0,1.0
C03046,R00547,1.0,exact,1.0,1.0,1.0,1.0
C03047,R00836,1.0,exact,1.0,1.0,1.0,1.0
C03048,R02537,1.0,exact,1.0,1.0,1.0,1.0
C03049,R00341,0.5661,no match,0.25,1.0,0.0,1.0
C03050,R02052,0.7718,review,0.308,1.0,1.0,1.0
C03051,R02241,1.0,exact,1.0,1.0,1.0,1.0
C03052,R02088,1.0,exact,1.0,1.0,1.0,1.0
C03053,R00803,1.0,exact,1.0,1.0,1.0,1.0
C03054,R00549,1.0,exact,1.0,1.0,1.0,1.0
C03055,R01349,0.7942,review,1.0,1.0,0.0,1.0
C03056,R00039,1.0,exact,1.0,1.0,1.0,1.0
C03057,R01012,1.0,exact,1.0,1.0,1.0,1.0
C03058,R02604,1.0,exact,1.0,1.0,1.0,1.0
C03059,R01886,1.0,exact,1.0,1.0,1.0,1.0
C03060,R02026,1.0,exact,1.0,1.0,1.0,1.0
C03061,R02878,1.0,exact,1.0,1.0,1.0,1.0
C03062,R00554,1.0,exact,1.0,1.0,1.0,1.0
C03063,R01100,1.0,exact,1.0,1.0,1.0,1.0
C03064,R02304,1.0,exact,0.917,1.0,1.0,1.0
C03065,R02045,1.0,exact,0.955,1.0,1.0,1.0
C03066,R02584,1.0,exact,1.0,1.0,1.0,1.0
C03067,R02354,1.0,exact,1.0,1.0,1.0,
C03068,R02951,1.0,exact,1.0,1.0,1.0,1.0
C03069,R01229,0.6541,no match,1.0,0.88,1.0,1.0
C03070,R00735,1.0,exact,1.0,1.0,1.0,1.0
C03071,R02054,1.0,exact,1.0,1.0,1.0,1.0
C03072,R02880,0.7718,review,0.256,1.0,1.0,1.0
C03073,R00888,1.0,exact,1.0,1.0,1.0,1.0
C03074,R01627,1.0,exact,1.0,1.0,1.0,1.0
C03075,R00123,1.0,exact,1.0,1.0,1.0,1.0
C03076,R01681,1.0,exact,1.0,1.0,1.0,1.0
C03077,R01710,1.0,exact,1.0,1.0,1.0,1.0
C03078,R01119,1.0,exact,1.0,1.0,1.0,1.0
C03079,R01069,1.0,exact,1.0,1.0,1.0,1.0
C03080,R02045,0.2202,no match,0.786,0.279,0.0,1.0
C03081,R00089,1.0,exact,1.0,1.0,1.0,1.0
C03082,R01551,1.0,exact,1.0,1.0,1.0,1.0
C03083,R00996,1.0,exact,1.0,1.0,1.0,1.0
C03084,R00325,1.0,exact,0.983,1.0,1.0,1.0
C03085,R02342,1.0,exact,1.0,1.0,1.0,1.0
C03086,R02671,1.0,exact,1.0,1.0,1.0,1.0
C03087,R00408,1.0,exact,1.0,1.0,1.0,1.0
C03088,R01799,1.0,exact,1.0,1.0,1.0,1.0
C03089,R01344,1.0,exact,1.0,1.0,1.0,1.0
C03090,R02675,1.0,exact,1.0,1.0,1.0,1.0
C03091,R00807,1.0,exact,1.0,1.0,1.0,1.0
C03092,R02710,1.0,exact,1.0,1.0,1.0,1.0
C03093,R00860,1.0,exact,1.0,1.0,1.0,
C03094,R02787,0.6541,no match,1.0,0.235,1.0,1.0
C03095,R02210,0.7718,review,0.421,1.0,1.0,1.0
C03096,R00388,1.0,exact,1.0,1.0,1.0,1.0
C03097,R02356,1.0,exact,1.0,1.0,1.0,1.0
C03098,R00460,0.7718,review,0.278,1.0,1.0,1.0
C03099,R02262,1.0,exact,1.0,1.0,1.0,
C03100,R00879,1.0,exact,1.0,1.0,1.0,1.0
C03101,R02292,1.0,exact,1.0,1.0,1.0,1.0
C03102,R01946,1.0,exact,1.0,1.0,1.0,1.0
C03103,R01272,0.5661,no match,0.643,1.0,0.0,1.0
C03104,R00158,1.0,exact,1.0,1.0,1.0,
C03105,R02505,1.0,exact,1.0,1.0,1.0,1.0
C03106,R02831,1.0,exact,1.0,1.0,1.0,1.0
C03107,R00030,1.0,exact,1.0,1.0,1.0,1.0
C03108,R01405,1.0,exact,1.0,1.0,1.0,
C03109,R02522,1.0,exact,1.0,1.0,1.0,1.0
C03110,R01691,1.0,exact,1.0,1.0,1.0,1.0
C03111,R02646,0.6541,no match,1.0,0.905,1.0,1.0
C03112,R00744,1.0,exact,1.0,1.0,1.0,1.0
C03113,R02219,0.6541,no match,1.0,0.845,1.0,1.0
C03114,R00667,1.0,exact,1.0,1.0,1.0,1.0
C03115,R01416,1.0,exact,1.0,1.0,1.0,1.0
C03116,R01809,1.0,exact,0.933,1.0,1.0,1.0
C03117,R02504,0.6541,no match,1.0,0.889,1.0,1.0
C03118,R02591,0.6541,no match,1.0,0.897,1.0,1.0
C03119,R02130,0.6541,no match,1.0,0.698,1.0,1.0
C03120,R00589,0.6541,no match,1.0,0.42,1.0,1.0
C03121,R00034,1.0,exact,0.947,1.0,1.0,
C03122,R01790,1.0,exact,1.0,1.0,1.0,1.0
C03123,R00957,0.7718,review,0.647,1.0,1.0,1.0
C03124,R00666,0.6541,no match,1.0,0.857,1.0,1.0
C03125,R02128,1.0,exact,1.0,1.0,1.0,1.0
C03126,R00214,1.0,exact,1.0,1.0,1.0,1.0
C03127,R02616,1.0,exact,1.0,1.0,1.0,1.0
C03128,R01585,1.0,exact,1.0,1.0,1.0,1.0
C03129,R02220,1.0,exact,1.0,1.0,1.0,1.0
C03130,R00047,0.6541,no match,1.0,0.81,1.0,1.0
C03131,R01065,0.6541,no match,1.0,0.471,1.0,1.0
C03132,R02108,1.0,exact,1.0,1.0,1.0,1.0
C03133,R02231,0.6541,no match,1.0,0.895,1.0,1.0
C03134,R01670,1.0,exact,1.0,1.0,1.0,1.0
C03135,R01991,1.0,exact,1.0,1.0,1.0,1.0
C03136,R01099,1.0,exact,1.0,1.0,1.0,1.0
C03137,R01917,1.0,exact,1.0,1.0,1.0,1.0
C03138,R00892,1.0,exact,0.962,1.0,1.0,1.0
C03139,R01356,1.0,exact,1.0,1.0,1.0,1.0
C03140,R01182,0.6541,no match,1.0,0.667,1.0,1.0
C03141,R00509,1.0,exact,1.0,1.0,1.0,1.0
C03142,R02458,1.0,exact,1.0,1.0,1.0,1.0
C03143,R02833,0.7718,review,0.364,1.0,1.0,1.0
C03144,R00192,1.0,exact,1.0,1.0,1.0,1.0
C03145,R00811,0.6541,no match,1.0,0.638,1.0,1.0
C03146,R02597,0.6541,no match,1.0,0.87,1.0,1.0
C03147,R02888,1.0,exact,1.0,1.0,1.0,1.0
C03148,R02821,0.6541,no match,1.0,0.927,1.0,1.0
C03149,R00184,0.7942,review,1.0,1.0,0.0,1.0
C03150,R02325,0.2202,no match,0.316,0.588,0.0,1.0
C03151,R02682,0.7942,review,1.0,1.0,0.0,1.0
C03152,R01257,0.6541,no match,1.0,0.231,1.0,1.0
C03153,R02896,0.6541,no match,1.0,0.917,1.0,1.0
C03154,R01620,1.0,exact,1.0,1.0,1.0,1.0
C03155,R02723,1.0,exact,1.0,1.0,1.0,1.0
C03156,R02193,1.0,exact,1.0,1.0,1.0,1.0
C03157,R01513,1.0,exact,0.909,1.0,1.0,1.0
C03158,R02544,0.6541,no match,1.0,0.676,1.0,1.0
C03159,R00894,0.7718,review,0.833,1.0,1.0,1.0
C03160,R02730,1.0,exact,1.0,1.0,1.0,1.0
C03161,R00267,0.7718,review,0.364,1.0,1.0,1.0
C03162,R00186,0.6541,no match,1.0,0.491,1.0,1.0
C03163,R01633,1.0,exact,1.0,1.0,1.0,1.0
C03164,R01745,1.0,exact,1.0,1.0,1.0,1.0
C03165,R00318,1.0,exact,1.0,1.0,1.0,1.0
C03166,R01438,0.7718,review,0.762,1.0,1.0,1.0
C03167,R02295,0.7718,review,0.25,1.0,1.0,1.0
C03168,R02791,1.0,exact,1.0,1.0,1.0,1.0
C03169,R00155,1.0,exact,1.0,1.0,1.0,1.0
C03170,R01746,1.0,exact,1.0,1.0,1.0,1.0
C03171,R01724,1.0,exact,1.0,1.0,1.0,1.0
C03172,R00496,1.0,exact,0.96,1.0,1.0,1.0
C03173,R01426,1.0,exact,1.0,1.0,1.0,1.0
C03174,R01473,1.0,exact,1.0,1.0,1.0,1.0
C03175,R01789,1.0,exact,1.0,1.0,1.0,1.0
C03176,R02315,1.0,exact,0.947,1.0,1.0,1.0
C03177,R00007,1.0,exact,1.0,1.0,1.0,1.0
C03178,R01747,1.0,exact,1.0,1.0,1.0,1.0
C03179,R00831,1.0,exact,1.0,1.0,1.0,1.0
C03180,R00756,0.6541,no match,1.0,0.35,1.0,1.0
C03181,R00073,1.0,exact,1.0,1.0,1.0,1.0
C03182,R02753,1.0,exact,1.0,1.0,1.0,1.0
C03183,R01671,1.0,exact,1.0,1.0,1.0,1.0
C03184,R02529,1.0,exact,1.0,1.0,1.0,1.0
C03185,R00657,1.0,exact,0.947,1.0,1.0,1.0
C03186,R00113,1.0,exact,1.0,1.0,1.0,1.0
C03187,R01935,1.0,exact,1.0,1.0,1.0,1.0
C03188,R00026,1.0,exact,1.0,1.0,1.0,1.0
C03189,R01360,0.7942,review,1.0,1.0,0.0,1.0
C03190,R00334,1.0,exact,1.0,1.0,1.0,1.0
C03191,R00431,1.0,exact,1.0,1.0,1.0,1.0
C03192,R02766,1.0,exact,1.0,1.0,1.0,1.0
C03193,R02270,1.0,exact,1.0,1.0,1.0,1.0
C03194,R02398,1.0,exact,1.0,1.0,1.0,1.0
C03195,R01905,1.0,exact,1.0,1.0,1.0,1.0
C03196,R02886,1.0,exact,1.0,1.0,1.0,1.0
C03197,R00544,1.0,exact,1.0,1.0,1.0,1.0
C03198,R00114,0.6541,no match,1.0,0.776,1.0,1.0
C03199,R00827,1.0,exact,1.0,1.0,1.0,1.0
C03200,R02031,0.6541,no match,1.0,0.862,1.0,1.0
