consignee_id,month,consignments,total_value_lcu,max_value_lcu
C10475,2024-10,6,11621.19,1985.24
C10475,2024-11,6,11318.92,1932.8
C10475,2024-12,10,18703.3,1973.77
C10475,2025-01,9,17158.21,1986.19
C10475,2025-02,14,26712.28,1988.04
C10475,2025-03,11,20798.01,1980.45
C10475,2025-04,13,24371.08,1989.85
C10475,2025-05,12,22749.25,1979.6
C10475,2025-06,12,22261.79,1959.96
C10475,2025-07,13,24322.76,1965.63
C10475,2025-08,6,11211.01,1963.84
C10475,2025-09,9,17060.95,1970.37
C10475,2025-10,8,15009.58,1987.55
C10475,2025-11,12,22645.35,1956.75
C10475,2025-12,8,15208.63,1985.89
C10475,2026-01,9,16973.48,1985.28
C10475,2026-02,13,24515.75,1940.38
C10475,2026-03,6,11343.29,1982.48
C10475,2026-04,14,26862.44,1989.53
C10475,2026-05,13,24532.96,1977.29
C10475,2026-06,14,26784.07,1983.82
C10475,2026-07,6,11159.12,1974.45
C10475,2026-08,15,28135.15,1983.0
C10475,2026-09,11,20684.34,1980.55
C10655,2024-10,8,14970.57,1950.64
C10655,2024-11,15,28306.16,1983.19
C10655,2024-12,10,18932.47,1971.84
C10655,2025-01,14,26509.36,1976.59
C10655,2025-02,11,20970.55,1979.69
C10655,2025-03,10,19105.04,1976.48
C10655,2025-04,11,21166.28,1988.76
C10655,2025-05,7,13460.1,1971.67
C10655,2025-06,14,26361.23,1984.38
C10655,2025-07,6,11427.33,1984.4
C10655,2025-08,9,17048.29,1982.01
C10655,2025-09,11,20929.88,1987.45
C10655,2025-10,11,20600.7,1988.08
C10655,2025-11,10,18764.68,1977.3
C10655,2025-12,8,15128.64,1967.93
C10655,2026-01,13,24569.82,1977.24
C10655,2026-02,10,18742.49,1965.08
C10655,2026-03,8,14873.58,1936.05
C10655,2026-04,6,11416.49,1969.43
C10655,2026-05,10,18828.77,1964.77
C10655,2026-06,11,20795.0,1987.89
C10655,2026-07,7,13366.57,1968.86
C10655,2026-08,9,17140.29,1985.71
C10655,2026-09,12,22842.95,1982.63
C10492,2024-10,15,28504.18,1988.12
C10492,2024-11,11,20936.86,1984.33
C10492,2024-12,14,26639.59,1982.54
C10492,2025-01,8,15104.23,1984.98
C10492,2025-02,9,17033.25,1976.09
C10492,2025-03,10,19152.79,1989.77
C10492,2025-04,7,13289.6,1969.41
C10492,2025-05,9,16669.46,1958.66
C10492,2025-06,6,11405.75,1980.75
C10492,2025-07,11,21147.25,1982.85
C10492,2025-08,15,28107.67,1964.6
C10492,2025-09,7,13295.68,1956.86
C10492,2025-10,11,20562.32,1931.59
C10492,2025-11,15,28749.9,1984.99
C10492,2025-12,8,15021.03,1958.8
C10492,2026-01,8,15072.68,1989.63
C10492,2026-02,14,26702.87,1976.09
C10492,2026-03,7,13461.85,1980.01
C10492,2026-04,14,25922.87,1925.31
C10492,2026-05,8,15367.96,1982.86
C10492,2026-06,12,22575.95,1973.24
C10492,2026-07,11,21032.15,1972.96
C10492,2026-08,6,11490.87,1988.76
C10492,2026-09,8,15279.87,1981.09
C10252,2024-10,8,15181.65,1949.45
C10252,2024-11,9,17066.91,1972.9
C10252,2024-12,8,15146.62,1988.5
C10252,2025-01,8,15080.94,1948.58
C10252,2025-02,15,28618.67,1980.94
C10252,2025-03,12,22541.14,1986.43
C10252,2025-04,9,17405.97,1988.05
C10252,2025-05,6,11474.19,1953.5
C10252,2025-06,11,20787.54,1966.87
C10252,2025-07,13,24766.79,1984.9
C10252,2025-08,7,13468.57,1985.9
C10252,2025-09,9,16898.18,1916.85
C10252,2025-10,12,22768.07,1983.41
C10252,2025-11,10,18822.49,1958.79
C10252,2025-12,14,26494.1,1989.21
C10252,2026-01,7,13347.21,1984.4
C10252,2026-02,9,16958.38,1988.89
C10252,2026-03,8,15297.05,1981.91
C10252,2026-04,14,26304.76,1972.69
C10252,2026-05,12,22865.66,1987.27
C10252,2026-06,8,15039.65,1955.33
C10252,2026-07,10,19141.89,1980.17
C10252,2026-08,14,26535.58,1984.6
C10252,2026-09,14,26590.67,1975.7
C10320,2024-10,8,15254.31,1970.04
C10320,2024-11,8,15279.98,1976.35
C10320,2024-12,15,28594.63,1987.54
C10320,2025-01,9,17072.85,1943.72
C10320,2025-02,15,28424.51,1985.39
C10320,2025-03,7,13188.2,1965.43
C10320,2025-04,7,13084.56,1972.61
C10320,2025-05,6,11531.23,1977.93
C10320,2025-06,6,11387.41,1978.36
C10320,2025-07,7,13112.91,1931.37
C10320,2025-08,7,13390.93,1968.98
C10320,2025-09,11,21005.17,1972.06
C10320,2025-10,10,19208.99,1978.65
C10320,2025-11,9,17088.29,1973.48
C10320,2025-12,12,22713.58,1971.25
C10320,2026-01,6,11304.65,1979.86
C10320,2026-02,13,24822.91,1969.78
C10320,2026-03,9,17175.41,1983.91
C10320,2026-04,14,26635.39,1976.05
C10320,2026-05,10,18860.87,1973.88
C10320,2026-06,10,18799.44,1965.06
C10320,2026-07,11,21080.66,1988.62
C10320,2026-08,12,22645.35,1979.81
C10320,2026-09,11,20770.28,1981.17
C10417,2024-10,6,11615.65,1983.47
C10417,2024-11,14,26584.01,1967.6
C10417,2024-12,6,11142.3,1921.39
C10417,2025-01,8,14825.44,1888.87
C10417,2025-02,13,24654.74,1961.05
C10417,2025-03,11,20791.71,1982.22
C10417,2025-04,12,22892.28,1970.39
C10417,2025-05,12,22928.6,1983.83
C10417,2025-06,13,24618.86,1957.18
C10417,2025-07,13,24732.18,1987.98
C10417,2025-08,6,11319.65,1954.22
C10417,2025-09,12,22891.07,1987.73
C10417,2025-10,15,28928.45,1982.93
C10417,2025-11,14,26402.46,1979.51
C10417,2025-12,9,17097.67,1989.73
C10417,2026-01,6,11298.72,1970.31
C10417,2026-02,11,20945.83,1986.53
C10417,2026-03,11,20680.54,1949.12
C10417,2026-04,15,28741.32,1982.92
C10417,2026-05,7,13193.48,1975.45
C10417,2026-06,15,28161.14,1965.51
C10417,2026-07,7,13233.64,1952.85
C10417,2026-08,8,15248.93,1989.15
C10417,2026-09,10,18921.02,1978.8
C10802,2024-10,8,15162.91,1963.6
C10802,2024-11,11,21122.66,1979.08
C10802,2024-12,6,11227.72,1948.81
C10802,2025-01,10,18879.94,1977.85
C10802,2025-02,14,26605.35,1977.23
C10802,2025-03,7,12980.54,1884.53
C10802,2025-04,12,22879.26,1967.72
C10802,2025-05,6,11651.8,1965.78
C10802,2025-06,8,15198.09,1987.61
C10802,2025-07,14,25887.33,1979.76
C10802,2025-08,15,28464.16,1975.68
C10802,2025-09,11,21174.23,1982.6
C10802,2025-10,10,18949.68,1965.73
C10802,2025-11,12,23135.7,1989.75
C10802,2025-12,15,28478.78,1974.57
C10802,2026-01,11,20727.56,1980.3
C10802,2026-02,15,28559.4,1971.04
C10802,2026-03,13,24445.5,1976.76
C10802,2026-04,11,20898.09,1980.16
C10802,2026-05,7,13406.68,1974.65
C10802,2026-06,13,25064.45,1980.91
C10802,2026-07,10,19144.51,1974.01
C10802,2026-08,11,21174.79,1985.99
C10802,2026-09,10,19093.29,1974.66
C10635,2024-10,10,18673.48,1984.62
C10635,2024-11,9,17102.66,1983.89
C10635,2024-12,6,11350.0,1988.82
C10635,2025-01,13,24864.1,1984.99
C10635,2025-02,9,17030.41,1968.74
C10635,2025-03,8,15226.79,1981.07
C10635,2025-04,10,19059.34,1956.62
C10635,2025-05,11,20864.94,1978.88
C10635,2025-06,8,15240.05,1967.31
C10635,2025-07,9,16838.21,1940.78
C10635,2025-08,12,22764.47,1966.14
C10635,2025-09,7,13244.21,1977.03
C10635,2025-10,13,24720.54,1989.44
C10635,2025-11,14,26650.58,1983.98
C10635,2025-12,7,13161.56,1966.26
C10635,2026-01,14,26212.28,1973.98
C10635,2026-02,15,28968.95,1987.86
C10635,2026-03,13,24748.29,1976.61
C10635,2026-04,15,28465.59,1972.75
C10635,2026-05,8,15175.65,1965.55
C10635,2026-06,11,20675.38,1976.48
C10635,2026-07,12,22883.77,1989.97
C10635,2026-08,7,13087.8,1934.07
C10635,2026-09,15,28457.8,1984.66
C10792,2024-10,7,13512.83,1980.64
C10792,2024-11,8,15247.49,1966.43
C10792,2024-12,11,20890.5,1974.75
C10792,2025-01,8,15189.68,1969.01
C10792,2025-02,12,22697.33,1974.29
C10792,2025-03,9,17096.35,1989.13
C10792,2025-04,7,13548.01,1980.09
C10792,2025-05,15,28780.05,1980.33
C10792,2025-06,15,28516.63,1988.98
C10792,2025-07,14,26244.7,1984.16
C10792,2025-08,10,18763.04,1982.14
C10792,2025-09,10,18811.12,1986.87
C10792,2025-10,11,20786.73,1980.53
C10792,2025-11,13,24709.19,1986.41
C10792,2025-12,6,11328.95,1968.91
C10792,2026-01,14,26452.99,1987.51
C10792,2026-02,9,16916.65,1982.83
C10792,2026-03,12,22557.89,1965.13
C10792,2026-04,9,16945.91,1939.16
C10792,2026-05,15,28314.84,1983.11
C10792,2026-06,9,16849.38,1984.04
C10792,2026-07,9,17091.92,1959.78
C10792,2026-08,15,28248.85,1978.66
C10792,2026-09,13,24519.26,1984.99
C10864,2024-10,7,13239.55,1980.93
C10864,2024-11,10,19135.7,1973.9
C10864,2024-12,13,24433.87,1943.28
C10864,2025-01,9,16994.54,1946.19
C10864,2025-02,10,18555.79,1912.13
C10864,2025-03,7,13028.99,1937.51
C10864,2025-04,11,20659.96,1973.59
C10864,2025-05,14,26455.87,1975.01
C10864,2025-06,15,28793.19,1986.42
C10864,2025-07,9,17026.66,1964.75
C10864,2025-08,15,28374.08,1981.7
C10864,2025-09,14,26318.23,1978.1
C10864,2025-10,10,18762.6,1942.43
C10864,2025-11,15,28028.62,1962.59
C10864,2025-12,7,13401.37,1947.82
C10864,2026-01,11,20748.94,1958.24
C10864,2026-02,10,18793.94,1989.09
C10864,2026-03,12,22954.82,1978.63
C10864,2026-04,6,11428.32,1965.07
C10864,2026-05,14,26714.27,1977.82
C10864,2026-06,10,18907.69,1970.09
C10864,2026-07,9,17194.99,1988.38
C10864,2026-08,12,22830.39,1978.43
C10864,2026-09,15,28564.69,1968.84
C10630,2024-10,9,16774.83,1981.89
C10630,2024-11,6,11650.87,1984.67
C10630,2024-12,6,11179.52,1923.24
C10630,2025-01,7,13094.04,1963.43
C10630,2025-02,15,28049.42,1950.38
C10630,2025-03,13,24337.34,1968.9
C10630,2025-04,10,19020.63,1982.94
C10630,2025-05,13,24673.74,1977.36
C10630,2025-06,7,13419.59,1985.72
C10630,2025-07,10,18824.38,1953.96
C10630,2025-08,7,13259.85,1981.23
C10630,2025-09,15,28515.37,1988.32
C10630,2025-10,13,24581.57,1974.56
C10630,2025-11,7,13373.28,1961.59
C10630,2025-12,8,15014.85,1944.42
C10630,2026-01,6,11492.14,1986.14
C10630,2026-02,11,20798.85,1975.3
C10630,2026-03,6,11145.99,1964.67
C10630,2026-04,6,11203.7,1949.52
C10630,2026-05,9,17085.86,1980.5
C10630,2026-06,15,28424.88,1986.27
C10630,2026-07,6,11390.6,1986.69
C10630,2026-08,12,23006.54,1988.34
C10630,2026-09,15,28294.98,1981.82
C10890,2024-10,15,28822.97,1981.84
C10890,2024-11,14,26719.72,1987.69
C10890,2024-12,15,28431.97,1977.2
C10890,2025-01,14,26432.25,1983.65
C10890,2025-02,13,24946.25,1980.59
C10890,2025-03,12,22486.95,1933.81
C10890,2025-04,14,26318.66,1989.11
C10890,2025-05,14,26586.9,1987.54
C10890,2025-06,10,18978.33,1984.47
C10890,2025-07,14,26615.51,1985.4
C10890,2025-08,14,26889.9,1974.2
C10890,2025-09,11,20505.53,1939.26
C10890,2025-10,10,19100.01,1973.71
C10890,2025-11,11,20945.2,1985.76
C10890,2025-12,6,11443.76,1954.46
C10890,2026-01,7,13132.2,1958.07
C10890,2026-02,15,28417.12,1956.05
C10890,2026-03,11,20696.67,1983.97
C10890,2026-04,14,26537.19,1961.93
C10890,2026-05,14,26585.31,1977.22
C10890,2026-06,11,20646.16,1931.65
C10890,2026-07,10,18946.81,1969.57
C10890,2026-08,8,15099.51,1972.04
C10890,2026-09,14,26554.58,1975.95
C10663,2024-10,15,28533.91,1985.57
C10663,2024-11,6,11318.31,1943.31
C10663,2024-12,11,20412.54,1940.25
C10663,2025-01,14,26511.58,1957.73
C10663,2025-02,10,19089.42,1977.3
C10663,2025-03,13,24665.8,1984.82
C10663,2025-04,6,11346.76,1944.49
C10663,2025-05,12,22709.39,1972.75
C10663,2025-06,15,28502.83,1965.08
C10663,2025-07,13,24829.35,1975.5
C10663,2025-08,9,16869.89,1973.55
C10663,2025-09,15,28415.59,1968.61
C10663,2025-10,13,24460.53,1978.66
C10663,2025-11,12,22975.46,1989.9
C10663,2025-12,15,28445.44,1964.05
C10663,2026-01,13,24785.22,1954.79
C10663,2026-02,15,27939.57,1977.69
C10663,2026-03,8,15346.46,1962.72
C10663,2026-04,10,18849.29,1982.3
C10663,2026-05,8,15212.32,1957.22
C10663,2026-06,13,24644.31,1981.78
C10663,2026-07,12,22898.5,1989.97
C10663,2026-08,11,20965.23,1962.7
C10663,2026-09,12,22934.51,1978.02
C10276,2024-10,7,13069.93,1921.48
C10276,2024-11,15,28370.07,1987.64
C10276,2024-12,12,22683.21,1966.93
C10276,2025-01,9,16843.62,1973.18
C10276,2025-02,10,19226.2,1964.58
C10276,2025-03,13,25225.61,1988.3
C10276,2025-04,6,11313.92,1942.08
C10276,2025-05,13,24783.54,1987.28
C10276,2025-06,10,19143.56,1987.2
C10276,2025-07,6,11429.8,1986.29
C10276,2025-08,10,19135.93,1983.23
C10276,2025-09,9,16961.96,1989.69
C10276,2025-10,15,28538.44,1972.25
C10276,2025-11,12,22950.11,1982.76
C10276,2025-12,9,17082.58,1977.03
C10276,2026-01,10,18830.62,1960.4
C10276,2026-02,11,20771.21,1976.9
C10276,2026-03,12,22922.93,1974.74
C10276,2026-04,14,26725.32,1978.75
C10276,2026-05,9,17251.06,1987.73
C10276,2026-06,6,11158.33,1894.86
C10276,2026-07,12,23164.33,1983.81
C10276,2026-08,13,24577.99,1959.93
C10276,2026-09,12,22846.42,1978.02
C10530,2024-10,12,22754.7,1987.27
C10530,2024-11,9,17219.66,1978.15
C10530,2024-12,13,24741.65,1960.33
C10530,2025-01,14,26640.04,1979.38
C10530,2025-02,10,19239.13,1989.77
C10530,2025-03,15,28538.99,1984.37
C10530,2025-04,6,11557.62,1968.11
C10530,2025-05,11,20699.53,1919.34
C10530,2025-06,8,15287.0,1987.71
C10530,2025-07,6,11500.18,1974.51
C10530,2025-08,13,24982.31,1972.39
C10530,2025-09,13,24370.37,1955.57
C10530,2025-10,14,26760.09,1987.84
C10530,2025-11,10,18940.42,1988.88
C10530,2025-12,8,15206.91,1981.71
C10530,2026-01,7,13499.91,1989.24
C10530,2026-02,11,20711.68,1987.23
C10530,2026-03,7,13039.88,1943.95
C10530,2026-04,9,16852.62,1984.21
C10530,2026-05,12,22720.98,1976.96
C10530,2026-06,12,23176.42,1982.94
C10530,2026-07,9,16823.12,1981.72
C10530,2026-08,14,26191.45,1952.66
C10530,2026-09,11,21001.4,1956.75
C10034,2024-10,8,15370.07,1986.55
C10034,2024-11,7,13193.63,1916.72
C10034,2024-12,13,24849.59,1977.29
C10034,2025-01,10,19114.77,1972.74
C10034,2025-02,8,15153.77,1975.08
C10034,2025-03,7,13305.4,1968.63
C10034,2025-04,13,24556.65,1979.11
C10034,2025-05,6,11525.54,1967.45
C10034,2025-06,15,28726.94,1981.23
C10034,2025-07,11,20630.5,1984.47
C10034,2025-08,13,25007.69,1989.32
C10034,2025-09,6,11340.48,1985.69
C10034,2025-10,10,19227.21,1988.42
C10034,2025-11,11,20913.4,1973.02
C10034,2025-12,7,13250.63,1977.67
C10034,2026-01,15,28512.36,1963.11
C10034,2026-02,10,18899.45,1969.47
C10034,2026-03,10,19196.28,1986.57
C10034,2026-04,7,13315.73,1985.72
C10034,2026-05,14,26345.52,1957.76
C10034,2026-06,14,26315.01,1979.83
C10034,2026-07,12,22566.02,1962.66
C10034,2026-08,8,15538.45,1986.47
C10034,2026-09,8,15053.28,1971.53
C10606,2024-10,6,11628.51,1989.93
C10606,2024-11,10,18903.19,1965.89
C10606,2024-12,11,20891.44,1983.68
C10606,2025-01,13,24839.92,1987.34
C10606,2025-02,13,24945.27,1982.43
C10606,2025-03,8,15018.3,1980.7
C10606,2025-04,13,25016.26,1987.26
C10606,2025-05,10,18632.9,1967.26
C10606,2025-06,15,28263.38,1978.4
C10606,2025-07,11,20715.9,1988.59
C10606,2025-08,8,15205.77,1968.24
C10606,2025-09,15,28644.09,1989.32
C10606,2025-10,10,18574.02,1966.66
C10606,2025-11,12,22971.47,1987.9
C10606,2025-12,9,17097.98,1979.82
C10606,2026-01,7,13000.17,1898.14
C10606,2026-02,11,21022.59,1988.43
C10606,2026-03,7,13132.61,1942.92
C10606,2026-04,10,18749.79,1977.55
C10606,2026-05,9,17036.32,1987.55
C10606,2026-06,9,16887.3,1978.97
C10606,2026-07,14,27012.67,1986.04
C10606,2026-08,6,11280.53,1937.61
C10606,2026-09,9,16972.82,1975.85
C10673,2024-10,6,11275.4,1961.27
C10673,2024-11,13,24626.8,1970.31
C10673,2024-12,7,13406.51,1972.53
C10673,2025-01,7,13299.35,1977.75
C10673,2025-02,13,24383.28,1977.17
C10673,2025-03,9,16991.69,1981.54
C10673,2025-04,15,28185.2,1987.26
C10673,2025-05,14,26668.22,1976.99
C10673,2025-06,8,15101.99,1936.17
C10673,2025-07,11,20862.28,1975.77
C10673,2025-08,12,22766.37,1982.59
C10673,2025-09,14,26689.23,1962.79
C10673,2025-10,8,15206.51,1946.55
C10673,2025-11,13,24699.22,1987.83
C10673,2025-12,8,15028.26,1931.36
C10673,2026-01,8,14884.18,1932.17
C10673,2026-02,15,28296.47,1982.43
C10673,2026-03,11,21107.73,1987.57
C10673,2026-04,11,20848.74,1976.93
C10673,2026-05,11,20692.62,1988.45
C10673,2026-06,11,21013.94,1976.24
C10673,2026-07,12,22548.62,1972.05
C10673,2026-08,12,22681.46,1983.24
C10673,2026-09,8,15097.24,1960.96
C10703,2024-10,7,13504.13,1974.26
C10703,2024-11,9,17298.05,1976.47
C10703,2024-12,12,22896.02,1965.21
C10703,2025-01,14,26558.57,1979.18
C10703,2025-02,6,11429.85,1978.16
C10703,2025-03,11,20730.64,1975.51
C10703,2025-04,9,17062.05,1966.62
C10703,2025-05,7,13459.36,1988.93
C10703,2025-06,15,28257.63,1984.37
C10703,2025-07,11,20666.8,1954.71
C10703,2025-08,13,24950.3,1984.97
C10703,2025-09,9,16822.84,1932.85
C10703,2025-10,14,26376.71,1978.97
C10703,2025-11,9,16877.92,1944.9
C10703,2025-12,12,22770.03,1968.43
C10703,2026-01,15,28657.73,1978.85
C10703,2026-02,8,15505.54,1987.35
C10703,2026-03,14,26872.92,1985.84
C10703,2026-04,11,20570.54,1943.37
C10703,2026-05,11,20949.28,1988.86
C10703,2026-06,12,22615.17,1985.04
C10703,2026-07,13,24580.71,1984.44
C10703,2026-08,10,19099.31,1979.06
C10703,2026-09,14,26296.91,1958.42
C10798,2024-10,10,19110.7,1974.28
C10798,2024-11,11,21057.87,1985.14
C10798,2024-12,8,15338.09,1985.76
C10798,2025-01,12,23166.71,1975.31
C10798,2025-02,15,28523.94,1984.35
C10798,2025-03,14,26581.26,1960.47
C10798,2025-04,9,17252.19,1985.83
C10798,2025-05,11,21031.66,1988.21
C10798,2025-06,10,18918.26,1971.56
C10798,2025-07,14,26441.49,1981.65
C10798,2025-08,9,16933.04,1941.41
C10798,2025-09,8,15109.27,1983.89
C10798,2025-10,9,17345.49,1988.67
C10798,2025-11,11,20781.19,1951.1
C10798,2025-12,12,22761.86,1972.71
C10798,2026-01,8,15206.41,1973.13
C10798,2026-02,10,18854.71,1950.97
C10798,2026-03,10,18793.23,1977.14
C10798,2026-04,6,11278.95,1975.31
C10798,2026-05,14,27097.84,1984.32
C10798,2026-06,13,24837.36,1986.87
C10798,2026-07,14,26432.34,1954.98
C10798,2026-08,12,22930.28,1986.87
C10798,2026-09,8,15568.74,1987.57
C10067,2024-10,15,28610.42,1976.48
C10067,2024-11,8,15351.36,1972.78
C10067,2024-12,7,13228.39,1977.13
C10067,2025-01,13,24590.44,1975.44
C10067,2025-02,12,22817.66,1979.53
C10067,2025-03,8,15135.14,1970.62
C10067,2025-04,11,20773.71,1957.17
C10067,2025-05,10,18997.53,1987.06
C10067,2025-06,11,20618.56,1911.57
C10067,2025-07,6,11322.11,1913.0
C10067,2025-08,6,11383.83,1982.45
C10067,2025-09,12,23057.93,1989.09
C10067,2025-10,11,20908.76,1965.63
C10067,2025-11,11,21083.23,1963.94
C10067,2025-12,8,15194.84,1969.26
C10067,2026-01,12,22875.98,1986.78
C10067,2026-02,15,28370.74,1982.8
C10067,2026-03,10,18881.56,1970.59
C10067,2026-04,10,18863.83,1962.1
C10067,2026-05,6,11574.66,1986.03
C10067,2026-06,6,11008.97,1861.21
C10067,2026-07,7,13276.76,1956.25
C10067,2026-08,12,22818.95,1980.04
C10067,2026-09,15,28421.61,1984.73
C10434,2024-10,12,22741.48,1962.39
C10434,2024-11,15,28138.14,1988.46
C10434,2024-12,13,24452.84,1981.5
C10434,2025-01,10,19051.27,1963.37
C10434,2025-02,11,21135.89,1984.81
C10434,2025-03,15,28344.86,1989.11
C10434,2025-04,6,11452.78,1970.8
C10434,2025-05,15,28646.59,1989.22
C10434,2025-06,7,13494.02,1984.9
C10434,2025-07,7,13262.38,1987.67
C10434,2025-08,8,15222.38,1981.19
C10434,2025-09,8,15137.16,1984.02
C10434,2025-10,11,20925.27,1989.71
C10434,2025-11,7,13216.18,1969.31
C10434,2025-12,10,19331.24,1989.45
C10434,2026-01,6,11399.9,1977.65
C10434,2026-02,14,26641.94,1986.63
C10434,2026-03,6,11366.42,1935.83
C10434,2026-04,8,15071.07,1952.4
C10434,2026-05,7,13289.58,1968.59
C10434,2026-06,8,15488.53,1985.56
C10434,2026-07,12,22916.64,1988.8
C10434,2026-08,6,11441.99,1986.05
C10434,2026-09,15,28462.91,1985.7
C10831,2024-10,14,26437.18,1981.63
C10831,2024-11,12,22600.29,1933.51
C10831,2024-12,8,15325.98,1980.28
C10831,2025-01,9,16815.11,1980.89
C10831,2025-02,14,26825.44,1985.45
C10831,2025-03,11,20833.96,1968.95
C10831,2025-04,13,24315.76,1979.86
C10831,2025-05,9,17102.9,1989.17
C10831,2025-06,13,24895.58,1980.99
C10831,2025-07,8,15088.56,1943.68
C10831,2025-08,15,27987.11,1961.27
C10831,2025-09,9,17193.38,1979.93
C10831,2025-10,12,22453.57,1950.85
C10831,2025-11,13,24604.28,1963.16
C10831,2025-12,10,18961.4,1967.47
C10831,2026-01,15,28202.13,1987.41
C10831,2026-02,10,18943.02,1985.13
C10831,2026-03,12,22944.36,1982.27
C10831,2026-04,8,15486.75,1988.07
C10831,2026-05,15,28367.34,1968.45
C10831,2026-06,13,24292.45,1943.53
C10831,2026-07,11,20945.92,1989.71
C10831,2026-08,9,16868.44,1928.43
C10831,2026-09,13,24366.56,1978.35
C10264,2024-10,10,19165.79,1984.07
C10264,2024-11,10,19150.62,1989.23
C10264,2024-12,10,18734.43,1968.35
C10264,2025-01,12,22651.81,1987.87
C10264,2025-02,6,11421.25,1978.27
C10264,2025-03,11,20622.28,1984.63
C10264,2025-04,6,11137.21,1893.86
C10264,2025-05,14,26735.26,1984.46
C10264,2025-06,12,23016.14,1977.53
C10264,2025-07,10,19338.09,1985.43
C10264,2025-08,6,11410.49,1972.32
C10264,2025-09,9,16654.57,1962.86
C10264,2025-10,7,13356.16,1982.78
C10264,2025-11,9,17051.64,1972.34
C10264,2025-12,6,11307.11,1968.12
C10264,2026-01,7,12987.05,1949.83
C10264,2026-02,12,22714.64,1988.96
C10264,2026-03,13,24741.74,1985.11
C10264,2026-04,10,19041.21,1979.85
C10264,2026-05,8,15013.31,1916.39
C10264,2026-06,11,21232.34,1989.59
C10264,2026-07,11,21152.14,1979.97
C10264,2026-08,12,22893.03,1980.66
C10264,2026-09,11,20898.71,1987.3
C10344,2024-10,10,18914.6,1985.02
C10344,2024-11,6,11443.01,1985.74
C10344,2024-12,9,17303.05,1974.29
C10344,2025-01,12,22780.36,1986.74
C10344,2025-02,12,22912.09,1952.63
C10344,2025-03,10,18976.44,1987.68
C10344,2025-04,12,22608.34,1975.69
C10344,2025-05,13,24807.88,1978.5
C10344,2025-06,15,28349.33,1977.7
C10344,2025-07,10,19306.17,1987.0
C10344,2025-08,7,13538.82,1986.11
C10344,2025-09,12,22702.9,1989.14
C10344,2025-10,11,21003.69,1987.76
C10344,2025-11,14,26379.66,1974.67
C10344,2025-12,11,21081.75,1978.08
C10344,2026-01,8,14924.36,1925.01
C10344,2026-02,10,19321.23,1970.66
C10344,2026-03,13,24279.82,1932.8
C10344,2026-04,10,19100.19,1972.09
C10344,2026-05,15,28282.83,1978.68
C10344,2026-06,15,28380.39,1968.32
C10344,2026-07,7,13297.58,1986.46
C10344,2026-08,7,13262.82,1963.73
C10344,2026-09,13,24512.32,1989.62
C10594,2024-10,6,11421.84,1987.1
C10594,2024-11,9,17414.24,1988.01
C10594,2024-12,12,22604.74,1986.35
C10594,2025-01,13,24746.31,1977.91
C10594,2025-02,15,28619.54,1978.61
C10594,2025-03,6,11538.0,1979.77
C10594,2025-04,14,26403.32,1972.95
C10594,2025-05,12,22544.03,1956.38
C10594,2025-06,7,13186.93,1964.28
C10594,2025-07,14,26363.53,1975.69
C10594,2025-08,14,26584.93,1963.86
C10594,2025-09,14,26568.3,1984.31
C10594,2025-10,13,24671.37,1989.17
C10594,2025-11,11,20723.49,1989.93
C10594,2025-12,12,22714.43,1982.69
C10594,2026-01,15,28050.52,1927.22
C10594,2026-02,7,13266.84,1970.43
C10594,2026-03,15,28496.09,1989.7
C10594,2026-04,13,24574.4,1956.91
C10594,2026-05,9,17195.25,1969.75
C10594,2026-06,15,28091.56,1983.56
C10594,2026-07,10,18736.52,1961.54
C10594,2026-08,11,20732.08,1958.91
C10594,2026-09,9,17105.72,1942.07
C10149,2024-10,12,22764.91,1987.64
C10149,2024-11,13,24953.12,1987.4
C10149,2024-12,10,18800.24,1963.75
C10149,2025-01,7,13302.67,1984.67
C10149,2025-02,14,26497.14,1970.71
C10149,2025-03,7,13353.15,1968.9
C10149,2025-04,10,19187.82,1980.59
C10149,2025-05,12,22735.13,1971.47
C10149,2025-06,12,22529.65,1934.77
C10149,2025-07,9,16937.64,1989.9
C10149,2025-08,12,22848.07,1985.46
C10149,2025-09,14,26795.27,1981.07
C10149,2025-10,10,18797.04,1984.31
C10149,2025-11,12,22733.44,1969.63
C10149,2025-12,10,18833.37,1950.87
C10149,2026-01,11,20637.82,1936.68
C10149,2026-02,7,13307.32,1988.71
C10149,2026-03,10,19111.63,1988.7
C10149,2026-04,12,22820.94,1983.39
C10149,2026-05,6,11572.89,1973.27
C10149,2026-06,12,22573.83,1980.21
C10149,2026-07,10,18948.84,1963.18
C10149,2026-08,7,13365.88,1979.29
C10149,2026-09,11,21083.83,1987.01
C10631,2024-10,14,26086.66,1968.06
C10631,2024-11,11,21128.63,1970.57
C10631,2024-12,15,28040.56,1982.21
C10631,2025-01,7,13313.67,1977.28
C10631,2025-02,13,24856.91,1982.9
C10631,2025-03,10,18832.98,1981.99
C10631,2025-04,10,18695.96,1981.07
C10631,2025-05,14,26591.18,1975.92
C10631,2025-06,14,26131.76,1961.67
C10631,2025-07,14,26514.09,1972.27
C10631,2025-08,13,24548.85,1984.08
C10631,2025-09,9,17280.18,1980.92
C10631,2025-10,11,20569.5,1919.31
C10631,2025-11,14,26548.14,1969.21
C10631,2025-12,9,17081.17,1969.27
C10631,2026-01,8,15333.05,1987.57
C10631,2026-02,13,24796.67,1970.64
C10631,2026-03,15,28132.84,1982.37
C10631,2026-04,14,26533.56,1972.34
C10631,2026-05,6,11142.35,1935.02
C10631,2026-06,6,11158.93,1908.16
C10631,2026-07,7,13065.74,1962.27
C10631,2026-08,7,13562.71,1983.53
C10631,2026-09,14,26499.18,1971.11
C10878,2024-10,6,11525.32,1982.19
C10878,2024-11,15,28719.82,1981.5
C10878,2024-12,11,20569.28,1959.04
C10878,2025-01,9,17123.82,1989.78
C10878,2025-02,15,28155.03,1983.29
C10878,2025-03,14,26575.43,1981.39
C10878,2025-04,6,11253.93,1956.02
C10878,2025-05,10,18949.37,1954.26
C10878,2025-06,14,26243.14,1989.98
C10878,2025-07,13,24452.59,1970.18
C10878,2025-08,7,13215.92,1935.02
C10878,2025-09,14,26415.17,1958.7
C10878,2025-10,15,28408.84,1978.81
C10878,2025-11,15,28536.41,1985.96
C10878,2025-12,11,20798.01,1981.37
C10878,2026-01,11,20576.28,1963.37
C10878,2026-02,9,17109.02,1979.22
C10878,2026-03,15,28517.5,1978.51
C10878,2026-04,13,24743.54,1985.35
C10878,2026-05,15,28225.4,1972.16
C10878,2026-06,6,11462.41,1938.66
C10878,2026-07,11,20802.76,1988.73
C10878,2026-08,11,20767.53,1988.88
C10878,2026-09,15,28314.32,1973.14
C10773,2024-10,15,28628.72,1988.36
C10773,2024-11,7,13067.93,1972.58
C10773,2024-12,6,11550.82,1987.72
C10773,2025-01,13,24395.81,1988.57
C10773,2025-02,15,28391.48,1987.41
C10773,2025-03,14,26580.54,1988.17
C10773,2025-04,14,26629.76,1969.14
C10773,2025-05,14,26875.26,1985.68
C10773,2025-06,12,22690.61,1984.49
C10773,2025-07,13,24939.61,1988.6
C10773,2025-08,6,11349.21,1941.02
C10773,2025-09,14,26410.39,1988.63
C10773,2025-10,7,13122.47,1984.62
C10773,2025-11,14,26456.67,1983.37
C10773,2025-12,12,22676.85,1981.17
C10773,2026-01,12,22747.92,1973.93
C10773,2026-02,11,20943.7,1974.37
C10773,2026-03,9,17054.6,1962.83
C10773,2026-04,6,11350.21,1935.25
C10773,2026-05,9,17030.75,1970.62
C10773,2026-06,12,22758.71,1989.34
C10773,2026-07,6,11248.05,1939.39
C10773,2026-08,11,20719.76,1942.6
C10773,2026-09,14,26836.49,1989.46
C10131,2024-10,5,4796.24,1248.33
C10131,2024-11,5,5701.82,1371.29
C10131,2024-12,5,4695.78,1228.44
C10131,2025-01,5,4564.39,1366.34
C10131,2025-02,5,4597.66,1370.8
C10131,2025-03,5,4182.8,1072.99
C10131,2025-04,5,5445.62,1329.81
C10131,2025-05,5,5235.74,1375.25
C10131,2025-06,5,3885.83,1090.56
C10131,2025-07,5,3503.0,911.95
C10131,2025-08,5,4406.49,1256.19
C10131,2025-09,5,4917.35,1307.14
C10131,2025-10,5,5369.79,1269.67
C10131,2025-11,5,4034.54,1045.16
C10131,2025-12,5,4525.25,1381.36
C10131,2026-01,5,4567.23,1287.25
C10131,2026-02,5,4747.92,1381.0
C10131,2026-03,5,4243.97,1305.94
C10131,2026-04,5,4546.95,1325.64
C10131,2026-05,5,3919.35,1079.39
C10131,2026-06,5,3365.17,1363.3
C10131,2026-07,5,4729.87,1397.34
C10131,2026-08,5,5732.81,1350.18
C10131,2026-09,5,5648.17,1370.67
C10372,2024-10,5,3981.35,1124.49
C10372,2024-11,5,4453.48,1306.91
C10372,2024-12,5,4044.92,1091.74
C10372,2025-01,5,5718.49,1341.62
C10372,2025-02,5,4680.58,1060.65
C10372,2025-03,5,5291.69,1343.89
C10372,2025-04,5,3985.85,1046.01
C10372,2025-05,5,4032.21,1155.33
C10372,2025-06,5,5590.37,1389.79
C10372,2025-07,5,4174.81,1167.45
C10372,2025-08,5,4431.68,1282.79
C10372,2025-09,5,5021.55,1374.13
C10372,2025-10,5,3503.18,1097.25
C10372,2025-11,5,3595.76,1236.44
C10372,2025-12,5,4593.66,1104.24
C10372,2026-01,5,4117.84,1365.7
C10372,2026-02,5,3749.77,1139.27
C10372,2026-03,5,4604.61,1294.93
C10372,2026-04,5,4253.49,1227.89
C10372,2026-05,5,5199.32,1391.75
C10372,2026-06,5,5412.55,1384.71
C10372,2026-07,5,4588.81,1028.34
C10372,2026-08,5,4173.79,1340.13
C10372,2026-09,5,4172.96,1134.92
C10361,2024-10,5,4545.1,1393.37
C10361,2024-11,5,5043.32,1374.73
C10361,2024-12,5,3690.44,1158.91
C10361,2025-01,5,4613.02,1266.57
C10361,2025-02,5,4243.46,1348.43
C10361,2025-03,5,4714.08,1307.35
C10361,2025-04,5,4378.58,1365.56
C10361,2025-05,5,4072.84,1311.06
C10361,2025-06,5,4474.29,1347.65
C10361,2025-07,5,4447.92,1268.19
C10361,2025-08,5,6025.25,1398.65
C10361,2025-09,5,4534.32,1347.33
C10361,2025-10,5,5383.99,1361.9
C10361,2025-11,5,4465.61,1054.89
C10361,2025-12,5,3712.53,1053.64
C10361,2026-01,5,3691.69,987.98
C10361,2026-02,5,3999.5,1047.61
C10361,2026-03,5,4188.28,1094.92
C10361,2026-04,5,4567.92,1315.76
C10361,2026-05,5,4765.9,1277.52
C10361,2026-06,5,4130.09,1285.91
C10361,2026-07,5,4506.22,1249.84
C10361,2026-08,5,5170.79,1399.15
C10361,2026-09,5,4297.76,1087.41
C10352,2024-11,3,4455.31,1820.26
C10352,2025-01,2,2871.79,1780.37
C10352,2025-08,1,707.1,707.1
C10352,2025-09,1,748.9,748.9
C10352,2026-01,1,370.73,370.73
C10352,2026-03,2,1161.94,820.35
C10352,2026-04,2,907.72,514.43
C10352,2026-05,2,3096.82,2328.12
C10352,2026-06,1,754.89,754.89
C10352,2026-07,1,1800.96,1800.96
C10681,2025-01,2,3436.67,2822.09
C10681,2025-02,3,4042.06,1657.45
C10681,2025-04,3,2381.75,1043.16
C10681,2025-10,3,4891.77,2106.96
C10681,2025-12,3,6993.14,4367.36
C10681,2026-02,3,3701.74,1334.97
C10681,2026-03,2,838.52,484.68
C10681,2026-05,3,2225.81,963.2
C10681,2026-07,3,2611.55,1081.04
C10342,2024-10,1,515.09,515.09
C10342,2024-12,3,2937.19,1597.18
C10342,2025-02,3,4415.89,2116.22
C10342,2025-03,2,1807.81,1301.13
C10342,2025-05,1,2091.15,2091.15
C10342,2025-07,3,3611.44,1825.12
C10342,2025-09,3,2335.87,1014.13
C10342,2026-02,2,1106.23,750.46
C10342,2026-05,1,798.29,798.29
C10342,2026-06,1,669.54,669.54
C10342,2026-07,3,3830.52,2037.96
C10342,2026-08,1,1392.73,1392.73
C10805,2024-10,2,2674.49,2332.06
C10805,2024-11,2,2361.44,1368.92
C10805,2025-01,2,1796.94,1046.31
C10805,2025-02,3,3398.2,1721.22
C10805,2025-03,2,1956.3,1182.08
C10805,2025-05,2,1945.54,1635.55
C10805,2025-06,3,5333.78,2638.96
C10805,2025-09,3,3132.36,1331.99
C10805,2025-11,3,3204.34,1316.03
C10805,2026-02,1,1289.84,1289.84
C10805,2026-05,3,1942.61,824.25
C10805,2026-08,3,2544.78,1309.08
C10805,2026-09,2,2767.5,2388.12
C10437,2024-10,3,3628.51,1875.47
C10437,2024-11,2,1008.55,511.38
C10437,2025-01,2,2325.17,1714.97
C10437,2025-03,2,1689.66,1017.91
C10437,2025-04,1,1541.29,1541.29
C10437,2025-09,1,1628.1,1628.1
C10437,2026-07,1,947.64,947.64
C10437,2026-08,2,6081.16,5202.07
C10888,2024-11,1,450.09,450.09
C10888,2024-12,1,889.76,889.76
C10888,2025-02,3,3230.21,1449.3
C10888,2025-03,3,3763.38,1921.72
C10888,2025-04,2,1638.47,1161.79
C10888,2025-05,3,1661.81,798.63
C10888,2025-10,3,1998.45,969.63
C10888,2025-11,2,1790.59,1406.96
C10888,2026-01,2,3996.38,2346.46
C10888,2026-03,1,870.26,870.26
C10888,2026-04,2,5166.75,4209.83
C10888,2026-05,1,1132.37,1132.37
C10888,2026-06,2,1987.58,1600.99
C10888,2026-07,1,1977.05,1977.05
C10888,2026-09,2,741.49,447.59
C10892,2024-11,2,2566.38,2078.32
C10892,2024-12,1,1484.32,1484.32
C10892,2025-01,2,2293.28,2011.91
C10892,2025-07,2,1145.29,605.02
C10892,2025-09,3,1811.91,993.34
C10892,2025-11,3,4267.56,2428.74
C10892,2026-01,3,4932.34,2877.86
C10892,2026-02,1,660.69,660.69
C10892,2026-04,3,3440.68,2122.49
C10892,2026-05,2,1130.73,679.21
C10892,2026-06,3,3184.89,1239.83
C10892,2026-08,1,1598.94,1598.94
C10628,2024-11,2,1854.81,1327.09
C10628,2025-03,2,1496.19,1071.52
C10628,2025-08,3,1850.1,656.06
C10628,2025-12,3,3237.18,1648.41
C10628,2026-04,1,1534.21,1534.21
C10628,2026-05,3,2413.27,1666.38
C10628,2026-06,1,467.96,467.96
C10628,2026-07,3,5861.71,2844.59
C10293,2024-11,1,1344.66,1344.66
C10293,2025-01,1,332.68,332.68
C10293,2025-03,2,459.74,304.53
C10293,2025-08,3,5216.6,3638.41
C10293,2026-03,3,5056.78,2086.05
C10293,2026-05,1,509.17,509.17
C10293,2026-08,3,5031.71,2119.28
C10214,2024-10,1,858.83,858.83
C10214,2024-12,2,3333.6,2031.73
C10214,2025-02,2,2684.25,2125.29
C10214,2025-03,1,453.45,453.45
C10214,2025-05,2,1081.29,844.29
C10214,2025-06,2,1165.63,714.51
C10214,2025-10,1,787.27,787.27
C10214,2025-11,3,3828.66,2151.42
C10214,2026-02,1,698.7,698.7
C10214,2026-04,2,1508.77,812.05
C10214,2026-05,3,1507.1,795.04
C10214,2026-06,2,2589.34,1621.67
C10190,2024-11,2,1735.42,917.53
C10190,2025-01,2,1005.22,610.6
C10190,2025-03,2,2080.45,1330.39
C10190,2025-05,1,822.08,822.08
C10190,2025-07,1,827.65,827.65
C10190,2025-08,3,3158.94,1348.22
C10190,2025-11,3,2809.44,2225.29
C10190,2025-12,3,3942.37,1612.75
C10190,2026-03,1,611.38,611.38
C10371,2024-10,3,5962.69,3601.89
C10371,2024-11,1,899.74,899.74
C10371,2025-01,3,2312.49,984.37
C10371,2025-02,2,1539.77,781.52
C10371,2025-06,3,1426.68,564.41
C10371,2025-09,3,5298.78,2489.88
C10371,2025-10,2,1766.8,969.04
C10371,2026-02,1,965.27,965.27
C10371,2026-03,1,1633.83,1633.83
C10371,2026-04,3,4026.0,2365.77
C10371,2026-05,2,1511.05,982.12
C10371,2026-06,1,369.29,369.29
C10371,2026-08,3,2390.03,868.49
C10111,2025-01,2,1434.83,1024.44
C10111,2025-04,3,2641.68,1253.11
C10111,2025-11,1,828.74,828.74
C10111,2026-01,1,703.97,703.97
C10111,2026-02,2,3961.03,2646.27
C10111,2026-03,3,4248.63,1753.68
C10111,2026-06,3,2964.34,1668.92
C10111,2026-07,1,2195.04,2195.04
C10111,2026-08,2,2000.42,1406.57
C10111,2026-09,3,2077.36,791.09
C10345,2025-01,3,4079.67,2152.61
C10345,2025-03,3,3795.88,1366.74
C10345,2025-04,2,4686.79,2438.15
C10345,2025-05,1,888.08,888.08
C10345,2025-07,1,1073.61,1073.61
C10345,2025-11,3,5378.21,3240.36
C10345,2026-01,3,3116.8,1313.92
C10345,2026-02,2,1248.95,778.19
C10345,2026-03,2,3249.89,2328.41
C10345,2026-04,1,545.6,545.6
C10345,2026-05,3,2949.07,1436.32
C10345,2026-06,1,3418.47,3418.47
C10345,2026-09,2,1257.52,766.89
C10233,2025-04,3,885.45,418.61
C10233,2025-05,1,1015.72,1015.72
C10233,2025-06,1,944.87,944.87
C10233,2025-07,1,1255.74,1255.74
C10233,2025-08,3,1743.39,991.78
C10233,2025-09,3,5570.92,2370.26
C10233,2025-10,3,2035.97,1098.34
C10233,2025-11,3,2823.16,2090.21
C10233,2026-01,2,1953.46,1003.47
C10233,2026-06,2,3279.44,2459.67
C10175,2025-03,3,1525.05,771.31
C10175,2025-08,2,2296.64,1457.28
C10175,2025-10,3,6643.47,2338.8
C10175,2025-11,3,4584.67,2594.83
C10175,2026-02,2,2349.12,1269.17
C10175,2026-03,3,4081.01,3310.97
C10175,2026-05,2,2395.65,1443.89
C10175,2026-08,3,1314.6,727.95
C10175,2026-09,2,2750.13,1692.91
C10256,2024-10,1,860.64,860.64
C10256,2025-03,1,1004.47,1004.47
C10256,2025-04,3,2983.64,1476.08
C10256,2025-12,1,1275.67,1275.67
C10256,2026-03,3,3262.86,1425.98
C10256,2026-05,2,2286.2,1434.32
C10256,2026-08,1,569.44,569.44
C10533,2024-12,3,1771.61,849.03
C10533,2025-01,3,2260.8,1029.2
C10533,2025-05,2,1180.75,852.04
C10533,2025-08,1,992.6,992.6
C10533,2025-10,1,597.36,597.36
C10533,2025-12,1,4113.17,4113.17
C10533,2026-03,3,2515.19,949.49
C10533,2026-05,1,1126.92,1126.92
C10533,2026-07,2,1135.35,614.99
C10533,2026-08,1,889.72,889.72
C10533,2026-09,2,3606.05,2146.4
C10290,2025-02,3,2380.68,1400.67
C10290,2025-06,2,3793.79,2245.29
C10290,2025-10,3,3201.11,1576.1
C10290,2025-11,1,804.65,804.65
C10290,2025-12,1,502.81,502.81
C10290,2026-02,2,2239.64,1491.95
C10290,2026-03,3,3654.51,2039.94
C10290,2026-04,3,3393.9,2514.74
C10290,2026-05,3,2399.57,1098.73
C10290,2026-06,2,1829.25,1266.09
C10290,2026-08,1,784.83,784.83
C10010,2024-10,3,2720.34,1071.59
C10010,2025-01,3,3437.62,1616.55
C10010,2025-03,1,1283.88,1283.88
C10010,2025-07,2,2989.84,1666.52
C10010,2025-08,2,1416.46,1040.78
C10010,2025-11,3,5309.26,3776.97
C10010,2025-12,1,1692.51,1692.51
C10010,2026-02,2,2881.47,2456.16
C10010,2026-04,3,2936.24,1592.16
C10010,2026-05,2,1883.3,1493.61
C10010,2026-06,1,835.15,835.15
C10010,2026-08,3,3367.89,2093.47
C10479,2024-10,3,5147.43,3059.04
C10479,2024-11,3,2571.19,1523.23
C10479,2024-12,3,2497.81,1508.89
C10479,2025-03,3,2783.03,1340.16
C10479,2025-04,3,1727.43,797.54
C10479,2025-05,1,1026.45,1026.45
C10479,2025-08,1,1137.92,1137.92
C10479,2025-10,2,1318.09,1099.88
C10479,2025-11,2,1905.29,1048.93
C10479,2026-01,3,3677.85,1778.09
C10479,2026-02,3,1769.19,816.88
C10479,2026-04,1,1465.96,1465.96
C10479,2026-05,2,2218.33,1686.32
C10479,2026-07,2,4510.57,3547.01
C10479,2026-08,3,2225.22,1155.58
C10458,2025-01,3,4038.67,1996.2
C10458,2025-05,2,2280.67,1832.65
C10458,2025-06,1,594.02,594.02
C10458,2025-07,2,2344.94,1639.28
C10458,2025-08,1,595.74,595.74
C10458,2025-09,1,1655.09,1655.09
C10458,2025-10,2,4387.11,2238.3
C10458,2025-11,2,1687.89,1143.5
C10458,2026-02,2,989.45,537.49
C10458,2026-03,2,922.91,584.48
C10458,2026-05,3,2534.6,1064.27
C10458,2026-06,1,381.95,381.95
C10458,2026-07,2,1923.65,1217.8
C10458,2026-09,2,2053.81,1395.33
C10146,2024-10,3,1542.05,588.2
C10146,2025-04,1,812.44,812.44
C10146,2025-05,3,3254.68,1985.8
C10146,2025-07,2,2755.2,2095.36
C10146,2025-08,1,892.81,892.81
C10146,2025-12,3,4484.06,2546.53
C10146,2026-01,2,1437.15,819.93
C10146,2026-04,2,2732.07,1738.34
C10146,2026-06,1,840.91,840.91
C10146,2026-07,3,4623.38,2455.8
C10146,2026-09,1,974.5,974.5
C10550,2024-11,1,1063.01,1063.01
C10550,2024-12,2,2281.83,1895.23
C10550,2025-01,3,1997.42,937.44
C10550,2025-02,1,502.71,502.71
C10550,2025-03,3,2424.87,1180.33
C10550,2025-08,3,1211.03,451.18
C10550,2025-11,3,2499.4,1069.16
C10550,2026-01,1,1149.92,1149.92
C10550,2026-03,3,2052.33,729.24
C10550,2026-07,2,1778.66,1272.9
C10550,2026-08,1,549.4,549.4
C10844,2025-04,3,4804.29,2966.94
C10844,2025-05,2,837.98,477.07
C10844,2025-08,3,3874.69,1442.87
C10844,2025-10,2,1455.17,774.38
C10844,2025-12,2,1510.56,1112.1
C10844,2026-03,1,820.08,820.08
C10844,2026-05,3,2403.24,1282.4
C10097,2024-10,2,1534.13,889.13
C10097,2024-11,3,1569.27,681.41
C10097,2024-12,3,2810.73,1360.57
C10097,2025-01,2,2551.15,1418.57
C10097,2025-06,3,3288.78,1506.08
C10097,2025-07,1,1436.45,1436.45
C10097,2026-02,1,1153.88,1153.88
C10097,2026-03,1,825.84,825.84
C10097,2026-07,3,4431.29,1631.52
C10097,2026-08,1,433.07,433.07
C10702,2025-02,1,594.77,594.77
C10702,2025-03,3,3061.33,1999.03
C10702,2025-06,2,2322.46,1944.09
C10702,2025-12,2,1149.85,691.16
C10702,2026-01,3,2025.89,1275.92
C10702,2026-02,3,2798.17,963.86
C10702,2026-03,3,4036.09,3049.68
C10702,2026-07,3,1717.4,743.61
C10702,2026-09,3,2228.61,1034.44
C10646,2024-11,2,1349.95,708.95
C10646,2025-01,2,3361.53,2509.99
C10646,2025-05,2,3262.16,2107.2
C10646,2025-06,1,561.97,561.97
C10646,2025-09,3,4547.94,2123.39
C10646,2025-11,2,2236.99,1323.01
C10646,2025-12,1,985.58,985.58
C10646,2026-01,1,507.82,507.82
C10646,2026-04,3,5348.55,3999.9
C10646,2026-06,2,3030.46,2227.2
C10646,2026-08,1,717.31,717.31
C10743,2024-10,2,1469.54,1115.3
C10743,2024-11,2,4510.98,3062.03
C10743,2025-02,3,3458.08,1980.83
C10743,2025-04,1,1093.57,1093.57
C10743,2025-06,1,731.51,731.51
C10743,2025-07,3,2862.89,1384.01
C10743,2025-08,2,1794.86,992.34
C10743,2026-04,2,3547.92,2692.73
C10743,2026-05,3,1510.67,579.14
C10743,2026-07,1,517.28,517.28
C10743,2026-09,2,1398.75,878.16
C10211,2024-10,3,1992.82,696.52
C10211,2025-03,2,2242.61,2115.65
C10211,2025-09,1,301.06,301.06
C10211,2025-10,1,923.03,923.03
C10211,2025-12,2,2351.55,1669.39
C10211,2026-04,1,1164.11,1164.11
C10211,2026-05,1,1273.69,1273.69
C10211,2026-06,3,3212.82,1460.01
C10211,2026-07,3,3743.86,1898.48
C10410,2024-10,3,1777.63,728.02
C10410,2024-11,2,4012.83,3721.04
C10410,2025-01,3,3571.26,2333.83
C10410,2025-03,3,1706.22,833.0
C10410,2025-04,1,954.56,954.56
C10410,2025-06,1,1117.48,1117.48
C10410,2025-07,1,984.13,984.13
C10410,2025-09,3,5893.73,3250.29
C10410,2025-11,1,989.65,989.65
C10410,2025-12,3,3058.48,1136.01
C10410,2026-01,2,1217.17,828.4
C10410,2026-06,2,861.51,697.69
C10491,2024-11,3,2574.09,1297.28
C10491,2024-12,1,285.13,285.13
C10491,2025-02,2,2299.97,1418.24
C10491,2025-03,1,1687.46,1687.46
C10491,2025-07,3,2489.99,956.89
C10491,2025-12,3,3600.44,2083.33
C10491,2026-01,3,4333.93,2342.73
C10491,2026-06,3,2568.55,1463.46
C10491,2026-07,2,1771.58,1031.55
C10491,2026-08,3,2347.19,855.66
C10384,2024-10,1,1955.51,1955.51
C10384,2025-01,1,1350.92,1350.92
C10384,2025-03,2,3108.6,2705.08
C10384,2025-05,1,116.87,116.87
C10384,2025-06,3,3936.1,2783.26
C10384,2025-07,2,2037.21,1548.7
C10384,2025-12,3,3150.86,1484.9
C10384,2026-01,3,3470.89,2050.59
C10384,2026-04,3,4063.23,2018.32
C10384,2026-09,2,1741.71,1326.61
C10340,2024-11,1,1035.23,1035.23
C10340,2025-01,2,2357.41,1651.13
C10340,2025-02,2,2284.83,1166.7
C10340,2025-03,3,2975.94,1166.26
C10340,2025-04,1,2060.83,2060.83
C10340,2025-09,1,406.71,406.71
C10340,2025-10,2,2016.94,1141.08
C10340,2025-11,3,2541.23,1273.35
C10340,2026-01,2,3926.11,2076.65
C10340,2026-02,2,1287.57,950.52
C10340,2026-03,3,7105.79,5628.49
C10340,2026-04,1,473.66,473.66
C10340,2026-08,3,3019.32,1350.45
C10603,2024-10,1,3395.69,3395.69
C10603,2024-11,3,4017.44,2120.82
C10603,2024-12,2,1544.83,917.31
C10603,2025-01,1,1547.16,1547.16
C10603,2025-02,2,3547.21,1889.77
C10603,2025-03,1,397.83,397.83
C10603,2025-05,2,3777.19,3445.25
C10603,2025-09,3,2122.54,1305.33
C10603,2025-10,3,3486.62,1581.75
C10603,2025-11,2,3175.37,2188.23
C10603,2025-12,2,1078.42,601.49
C10603,2026-02,2,2503.22,1287.0
C10603,2026-04,3,2412.74,993.96
C10603,2026-05,1,654.25,654.25
C10469,2024-10,1,1374.95,1374.95
C10469,2025-01,3,3431.32,1993.14
C10469,2025-02,3,4109.16,2102.42
C10469,2025-03,3,2628.84,1387.73
C10469,2025-11,3,4973.83,3810.5
C10469,2025-12,3,2394.95,813.04
C10469,2026-04,3,1524.15,1057.77
C10469,2026-09,3,2421.51,1457.58
C10761,2025-02,1,1006.0,1006.0
C10761,2025-03,1,379.44,379.44
C10761,2025-05,1,1029.52,1029.52
C10761,2025-06,2,2776.55,1826.22
C10295,2024-10,1,1070.66,1070.66
C10295,2024-11,3,1359.41,635.94
C10295,2024-12,2,2770.16,1691.72
C10295,2025-02,3,3007.35,1023.95
C10295,2025-04,3,6811.95,2893.96
C10295,2025-09,3,5469.3,3266.57
C10295,2025-10,3,3785.73,2357.49
C10295,2026-01,3,2998.66,2047.0
C10393,2024-11,2,1594.95,904.22
C10393,2025-03,3,2202.22,1358.97
C10393,2025-05,2,2558.61,1829.9
C10393,2025-06,2,2681.91,1468.51
C10393,2025-08,3,1442.65,586.21
C10393,2025-11,2,3094.19,1660.27
C10393,2026-01,3,2451.13,1051.97
C10393,2026-04,1,2062.06,2062.06
C10393,2026-05,3,1981.42,894.82
C10393,2026-07,2,6146.08,5229.41
C10393,2026-08,3,2480.47,1020.34
C10166,2024-10,1,655.32,655.32
C10166,2025-03,2,1709.83,1229.11
C10166,2025-05,3,3669.1,1753.4
C10166,2025-07,1,669.75,669.75
C10166,2025-11,1,913.45,913.45
C10166,2026-02,3,3531.97,1677.14
C10166,2026-07,1,740.31,740.31
C10166,2026-08,1,1885.11,1885.11
C10686,2024-10,2,2574.0,1295.32
C10686,2025-01,2,3095.32,1950.58
C10686,2025-02,3,1829.66,773.32
C10686,2025-06,1,687.41,687.41
C10686,2025-07,3,3064.45,1702.37
C10686,2025-08,1,1215.52,1215.52
C10686,2025-09,3,3222.15,1939.13
C10686,2025-12,1,1334.02,1334.02
C10686,2026-01,2,2795.82,1716.53
C10686,2026-02,3,2268.71,1156.97
C10686,2026-03,2,3799.35,2323.23
C10686,2026-08,3,3815.61,1475.69
C10719,2024-12,1,853.55,853.55
C10719,2025-01,2,2102.32,1287.18
C10719,2025-04,2,2010.86,1100.19
C10719,2025-11,3,2410.38,847.13
C10719,2025-12,1,639.77,639.77
C10719,2026-01,3,3658.13,1754.96
C10719,2026-06,2,2875.79,1549.23
C10719,2026-09,1,1052.05,1052.05
C10591,2024-10,2,2360.11,2036.83
C10591,2024-11,2,2757.08,1669.18
C10591,2025-01,3,2289.37,1102.81
C10591,2025-05,3,1789.23,1135.84
C10591,2025-06,2,3669.86,2039.21
C10591,2025-07,2,893.4,504.02
C10591,2026-04,1,617.14,617.14
C10591,2026-06,2,1654.79,917.14
C10591,2026-09,3,1508.25,721.05
C10472,2024-10,2,1517.5,1008.38
C10472,2024-12,3,5502.05,2125.0
C10472,2025-01,2,1564.99,988.56
C10472,2025-02,2,919.95,473.06
C10472,2025-04,2,2369.06,1467.62
C10472,2025-06,2,1479.47,990.19
C10472,2025-07,1,252.83,252.83
C10472,2025-08,3,3402.46,2287.02
C10472,2025-11,2,2010.76,1300.24
C10472,2026-01,3,4799.96,2162.72
C10472,2026-02,1,2070.88,2070.88
C10472,2026-06,1,861.25,861.25
C10472,2026-08,2,1986.94,1448.38
C10845,2024-10,2,3580.36,3092.03
C10845,2024-11,1,538.49,538.49
C10845,2024-12,3,6377.4,2856.54
C10845,2025-02,3,5163.38,2433.76
C10845,2025-03,3,2429.0,1537.91
C10845,2025-05,1,1079.01,1079.01
C10845,2025-09,1,392.89,392.89
C10845,2025-11,1,422.5,422.5
C10845,2026-02,3,5165.09,2850.07
C10845,2026-03,2,1889.21,1136.14
C10845,2026-05,3,5269.23,2229.7
C10845,2026-06,1,832.65,832.65
C10845,2026-09,3,5227.02,2808.39
C10432,2025-01,1,224.86,224.86
C10432,2025-03,1,1304.8,1304.8
C10432,2025-05,3,3364.21,1524.8
C10432,2025-07,1,1567.3,1567.3
C10432,2025-12,2,4979.76,3710.84
C10432,2026-04,2,1051.87,643.48
C10432,2026-05,3,2544.78,1027.94
C10432,2026-06,3,1862.53,962.76
C10432,2026-07,1,938.84,938.84
C10432,2026-08,3,2896.48,1605.11
C10701,2024-12,2,1802.2,1396.75
C10701,2025-01,2,875.5,542.44
C10701,2025-02,2,2077.37,1661.21
C10701,2025-04,1,489.27,489.27
C10701,2025-05,3,8004.12,6316.09
C10701,2025-06,3,2297.79,1403.59
C10701,2025-07,1,2011.83,2011.83
C10701,2025-09,2,3099.64,2288.87
C10701,2025-10,1,957.12,957.12
C10701,2025-12,2,2920.32,2021.43
C10701,2026-01,1,484.49,484.49
C10701,2026-03,3,2986.15,1380.05
C10701,2026-04,1,231.44,231.44
C10701,2026-05,1,1626.65,1626.65
C10701,2026-08,2,2315.54,1333.95
C10301,2024-10,1,1621.75,1621.75
C10301,2024-11,3,2136.13,1280.0
C10301,2025-01,3,3023.16,1450.95
C10301,2025-03,2,2194.14,1397.81
C10301,2025-05,2,1935.0,1558.68
C10301,2025-08,2,1295.93,703.84
C10301,2025-10,1,881.22,881.22
C10301,2025-11,1,437.76,437.76
C10301,2025-12,1,1947.21,1947.21
C10301,2026-02,2,2285.7,1503.96
C10301,2026-03,2,3588.83,2986.5
C10301,2026-05,2,1978.87,1231.67
C10817,2024-10,1,1144.71,1144.71
C10817,2024-11,1,533.82,533.82
C10817,2024-12,1,1242.86,1242.86
C10817,2025-04,1,314.55,314.55
C10817,2025-05,1,1417.21,1417.21
C10817,2025-08,2,2120.98,1430.82
C10817,2025-09,1,2556.77,2556.77
C10817,2025-12,2,991.02,644.81
C10817,2026-02,3,1251.79,695.17
C10817,2026-03,3,2217.58,1107.18
C10817,2026-04,2,2391.76,1425.91
C10817,2026-06,3,2325.37,1524.01
C10338,2024-11,3,2152.18,1025.52
C10338,2025-03,2,2220.2,1779.96
C10338,2025-07,1,2163.14,2163.14
C10338,2025-09,2,4849.66,2652.24
C10338,2025-11,1,723.35,723.35
C10338,2026-01,2,874.44,477.09
C10338,2026-05,3,2467.32,1614.34
C10338,2026-08,2,1638.08,971.41
C10338,2026-09,2,2444.71,1521.14
C10752,2024-10,2,1971.17,1104.05
C10752,2024-12,3,2653.71,1069.02
C10752,2025-01,1,2125.62,2125.62
C10752,2025-02,1,344.2,344.2
C10752,2025-05,3,5969.84,3632.34
C10752,2025-06,1,449.34,449.34
C10752,2025-08,2,823.76,541.09
C10752,2025-09,2,1985.56,1247.28
C10752,2025-11,1,2453.46,2453.46
C10752,2025-12,2,1643.75,1064.25
C10752,2026-02,3,2250.07,1192.46
C10752,2026-03,3,2776.7,1287.75
C10752,2026-04,1,959.47,959.47
C10752,2026-07,3,3967.06,2129.77
C10752,2026-08,1,712.45,712.45
C10090,2024-10,2,1432.77,1093.04
C10090,2024-11,2,1619.49,1288.99
C10090,2024-12,1,841.81,841.81
C10090,2025-03,2,1399.51,983.11
C10090,2025-09,3,2800.35,1209.53
C10090,2026-06,3,2560.06,1334.07
C10467,2024-10,3,4320.43,1752.67
C10467,2024-12,3,2107.41,980.56
C10467,2025-01,3,2455.87,1413.56
C10467,2025-03,1,1896.17,1896.17
C10467,2025-04,3,2474.63,1112.68
C10467,2025-05,2,3157.83,1761.17
C10467,2025-06,3,1561.22,790.03
C10467,2025-07,2,2146.87,1144.32
C10467,2025-09,3,6555.12,4370.94
C10467,2025-10,2,2230.24,1306.61
C10467,2026-01,2,1877.8,1101.6
C10467,2026-02,3,5774.69,4029.12
C10467,2026-04,1,1050.97,1050.97
C10467,2026-05,3,5254.62,3237.42
C10467,2026-06,1,718.72,718.72
C10467,2026-09,2,3813.49,1983.54
C10835,2024-10,1,484.74,484.74
C10835,2025-03,3,1573.07,1039.86
C10835,2025-05,3,4253.49,1915.58
C10835,2025-07,1,270.57,270.57
C10835,2025-08,2,1016.97,528.26
C10835,2025-09,2,1701.48,878.6
C10835,2025-10,2,2780.37,2064.6
C10835,2025-12,2,2082.19,1344.1
C10835,2026-02,2,1981.45,1132.03
C10835,2026-04,2,3774.09,2843.13
C10835,2026-05,3,5712.19,2922.53
C10835,2026-06,2,1718.66,934.51
C10835,2026-07,3,3046.12,1210.74
C10392,2024-11,2,2042.23,1137.92
C10392,2024-12,2,1803.12,1085.78
C10392,2025-01,1,1270.23,1270.23
C10392,2025-02,2,2875.88,2006.92
C10392,2025-03,1,282.94,282.94
C10392,2025-06,1,435.96,435.96
C10392,2025-08,2,1325.23,699.35
C10392,2025-11,3,3129.68,1364.99
C10392,2025-12,3,5676.06,3260.33
C10392,2026-01,1,1069.88,1069.88
C10392,2026-06,1,394.68,394.68
C10413,2025-02,1,1035.59,1035.59
C10413,2025-04,1,864.4,864.4
C10413,2025-05,2,2228.64,1893.36
C10413,2025-06,3,3123.89,1445.45
C10413,2025-07,2,2419.33,1756.89
C10413,2025-10,1,377.84,377.84
C10413,2025-12,2,1904.24,975.32
C10413,2026-01,1,858.88,858.88
C10413,2026-02,2,1033.49,631.41
C10561,2024-10,3,3040.89,1228.25
C10561,2024-11,2,1774.72,926.48
C10561,2024-12,1,633.98,633.98
C10561,2025-03,1,736.55,736.55
C10561,2025-05,3,3223.33,1469.08
C10561,2025-08,2,1117.51,681.84
C10561,2025-12,1,1645.47,1645.47
C10561,2026-01,1,2407.47,2407.47
C10561,2026-03,1,959.9,959.9
C10561,2026-04,2,1253.71,862.17
C10561,2026-05,1,2692.63,2692.63
C10561,2026-06,3,3031.28,2013.9
C10561,2026-07,3,2753.23,1031.09
C10538,2024-11,2,2628.81,1495.35
C10538,2025-02,3,5268.42,2649.35
C10538,2025-03,2,2556.89,1395.07
C10538,2025-04,3,2953.38,1486.39
C10538,2025-05,2,2934.87,1558.65
C10538,2025-06,3,1669.91,957.44
C10538,2025-09,2,1336.4,897.99
C10538,2025-10,3,4437.0,2500.18
C10538,2025-11,1,934.91,934.91
C10538,2026-01,3,4840.85,2732.08
C10538,2026-02,2,2647.22,1896.61
C10538,2026-05,3,5395.45,2547.06
C10538,2026-06,2,3110.8,1941.24
C10275,2024-11,3,2458.04,1037.2
C10275,2024-12,1,780.63,780.63
C10275,2025-02,2,1210.26,623.06
C10275,2025-03,2,4228.83,3561.38
C10275,2025-04,2,1529.96,835.35
C10275,2025-05,3,3070.3,1297.75
C10275,2025-09,2,1699.66,1246.9
C10275,2026-01,1,741.21,741.21
C10275,2026-02,2,2673.18,2246.46
C10275,2026-07,3,3202.36,1459.42
C10275,2026-09,3,2023.94,978.0
C10750,2025-01,1,829.08,829.08
C10750,2025-05,3,2067.75,1111.55
C10750,2025-09,1,753.61,753.61
C10750,2025-12,3,2271.76,1371.75
C10750,2026-02,1,1901.05,1901.05
C10750,2026-05,3,2253.29,951.37
C10750,2026-06,1,598.99,598.99
C10750,2026-07,1,932.96,932.96
C10750,2026-08,2,2282.04,1357.9
C10750,2026-09,2,994.09,722.5
C10562,2024-10,1,1320.3,1320.3
C10562,2024-11,1,561.44,561.44
C10562,2025-05,3,2407.64,1053.0
C10562,2025-06,3,5648.55,3670.82
C10562,2025-07,3,3785.91,1609.12
C10562,2025-08,1,706.82,706.82
C10562,2026-02,3,2493.12,1083.73
C10562,2026-04,1,866.92,866.92
C10334,2024-12,2,3924.51,2958.98
C10334,2025-10,3,5553.3,3211.2
C10334,2025-11,3,2009.1,874.81
C10334,2026-02,1,2822.34,2822.34
C10334,2026-03,2,3942.47,2833.44
C10334,2026-04,1,322.92,322.92
C10334,2026-07,1,1116.42,1116.42
C10334,2026-09,1,1798.35,1798.35
C10768,2025-06,1,1055.08,1055.08
C10768,2025-08,1,409.79,409.79
C10768,2025-09,1,285.9,285.9
C10768,2026-03,2,1111.0,565.62
C10768,2026-05,3,2561.75,986.76
C10768,2026-06,3,2433.6,1102.37
C10283,2024-10,3,1171.88,454.35
C10283,2024-11,1,1295.22,1295.22
C10283,2024-12,1,1233.03,1233.03
C10283,2025-01,3,2577.87,1117.92
C10283,2025-04,1,849.64,849.64
C10283,2025-05,1,763.15,763.15
C10283,2025-06,1,2092.9,2092.9
C10283,2025-07,2,1040.68,691.56
C10283,2025-11,2,1503.27,764.97
C10283,2026-02,1,1090.42,1090.42
C10283,2026-03,1,671.11,671.11
C10283,2026-04,2,1833.69,1127.58
C10283,2026-06,2,2610.75,1782.62
C10283,2026-08,3,1795.73,828.25
C10283,2026-09,1,520.94,520.94
C10457,2024-10,2,1316.59,812.1
C10457,2024-11,2,2216.57,1191.75
C10457,2024-12,1,3232.72,3232.72
C10457,2025-04,3,1861.18,721.56
C10457,2025-05,2,1457.37,1031.75
C10457,2025-07,2,2159.26,1370.29
C10457,2025-08,3,1554.34,836.77
C10457,2025-09,3,3351.11,1303.72
C10457,2026-01,3,7518.51,4426.43
C10457,2026-02,2,2490.43,1731.22
C10457,2026-06,3,1608.2,700.05
C10457,2026-07,1,3012.68,3012.68
C10457,2026-09,1,765.76,765.76
C10468,2024-11,3,5364.99,2563.99
C10468,2025-03,3,2126.03,920.27
C10468,2025-04,1,394.43,394.43
C10468,2025-07,1,967.2,967.2
C10468,2025-09,3,2983.05,1115.69
C10468,2025-11,2,1088.05,570.67
C10468,2025-12,1,941.52,941.52
C10468,2026-04,2,1925.67,1364.03
C10468,2026-05,1,300.89,300.89
C10468,2026-07,1,1004.31,1004.31
C10468,2026-08,2,5877.31,3533.88
C10399,2025-01,3,2192.36,1025.43
C10399,2025-03,3,3144.11,1733.68
C10399,2025-04,2,2585.99,1919.44
C10399,2025-05,2,2810.82,1414.43
C10399,2025-06,2,2776.45,1549.43
C10399,2025-07,3,3425.31,1990.15
C10399,2025-10,2,1305.41,1009.39
C10399,2026-01,1,1227.4,1227.4
C10399,2026-02,1,583.08,583.08
C10399,2026-04,1,825.67,825.67
C10399,2026-05,3,2299.09,1242.92
C10399,2026-06,1,690.51,690.51
C10399,2026-08,3,2551.32,1308.47
C10570,2024-10,1,483.08,483.08
C10570,2025-02,3,3109.17,1817.24
C10570,2025-06,3,2749.85,1098.91
C10570,2025-07,2,1309.21,1017.16
C10570,2025-09,1,1114.59,1114.59
C10570,2025-11,1,711.37,711.37
C10570,2026-01,2,2539.91,1658.99
C10570,2026-07,2,2659.72,2410.91
C10570,2026-08,3,3533.22,1520.57
C10570,2026-09,1,618.78,618.78
C10866,2024-11,3,3098.76,2089.77
C10866,2024-12,2,2278.69,1210.09
C10866,2025-09,2,2338.13,1665.63
C10866,2025-10,2,1395.43,752.54
C10866,2025-11,2,4184.46,2270.17
C10866,2025-12,1,877.3,877.3
C10866,2026-04,2,1033.62,708.31
C10866,2026-06,1,558.72,558.72
C10866,2026-08,3,2137.4,951.14
C10866,2026-09,1,380.48,380.48
C10105,2025-01,1,313.66,313.66
C10105,2025-04,1,1198.7,1198.7
C10105,2025-05,1,3131.9,3131.9
C10105,2025-08,2,1772.49,1055.35
C10105,2025-09,1,1180.05,1180.05
C10105,2025-11,3,7011.01,4216.06
C10105,2026-02,3,1931.81,1122.31
C10105,2026-05,3,4323.26,2212.07
C10105,2026-06,3,2809.8,1617.52
C10105,2026-09,1,1707.23,1707.23
C10143,2024-10,3,2110.83,994.28
C10143,2024-12,1,1120.13,1120.13
C10143,2025-01,3,2442.55,1200.85
C10143,2025-02,3,2782.64,1278.64
C10143,2025-03,3,2323.7,1020.51
C10143,2025-07,1,1189.61,1189.61
C10143,2025-10,2,3064.75,2121.27
C10143,2025-11,1,615.47,615.47
C10143,2025-12,1,2316.28,2316.28
C10143,2026-04,2,2372.75,1726.5
C10143,2026-07,3,3149.49,2085.36
C10642,2024-11,3,5317.86,2349.49
C10642,2025-03,3,4110.4,2307.56
C10642,2025-04,3,3743.07,1705.94
C10642,2025-05,1,829.59,829.59
C10642,2025-09,3,2026.71,800.25
C10642,2026-03,2,1059.42,576.21
C10642,2026-06,3,2630.13,990.73
C10642,2026-07,2,1781.68,1431.78
C10642,2026-08,3,1571.48,553.54
C10642,2026-09,1,1923.54,1923.54
C10471,2024-11,1,667.58,667.58
C10471,2025-06,1,351.6,351.6
C10471,2025-07,1,650.04,650.04
C10471,2025-10,3,3189.66,1293.41
C10471,2025-11,3,2040.7,889.38
C10471,2025-12,3,2662.68,1557.94
C10471,2026-01,1,1247.13,1247.13
C10471,2026-03,3,4349.08,2579.0
C10474,2024-10,3,3306.85,1343.8
C10474,2024-12,2,3611.35,2164.27
C10474,2025-01,2,1402.39,1053.27
C10474,2025-06,1,1026.49,1026.49
C10474,2025-08,2,1865.86,973.23
C10474,2025-09,3,1933.46,736.71
C10474,2025-12,2,2822.19,1686.12
C10474,2026-01,2,2640.42,1670.48
C10474,2026-02,2,3293.64,1719.68
C10474,2026-03,3,2539.5,1156.28
C10474,2026-04,1,373.69,373.69
C10474,2026-05,2,2097.09,1303.17
C10474,2026-06,3,4436.31,1753.95
C10474,2026-08,2,1064.99,733.8
C10474,2026-09,1,849.69,849.69
C10766,2024-10,1,347.09,347.09
C10766,2024-11,3,2228.18,855.58
C10766,2025-02,2,2454.75,1596.39
C10766,2025-05,3,1535.87,705.79
C10766,2025-06,3,4321.5,2418.17
C10766,2025-07,3,4390.98,2321.23
C10766,2025-08,3,4443.7,1932.69
C10766,2025-12,2,1316.65,765.95
C10766,2026-04,2,4466.55,2818.83
C10766,2026-06,2,1524.95,1138.02
C10766,2026-08,3,7051.56,3629.11
C10106,2024-11,2,2939.1,1488.88
C10106,2024-12,2,1579.71,810.54
C10106,2025-03,2,940.32,617.43
C10106,2025-05,1,419.12,419.12
C10106,2025-06,3,5062.72,2303.09
C10106,2025-10,3,4222.21,1903.48
C10106,2025-11,2,1391.96,1165.43
C10106,2025-12,2,1082.65,659.82
C10106,2026-01,3,1418.91,506.75
C10106,2026-04,1,769.13,769.13
C10106,2026-05,3,4532.84,2000.13
C10106,2026-06,3,2780.09,1129.95
C10128,2024-12,3,3189.72,1853.53
C10128,2025-01,1,594.5,594.5
C10128,2025-02,1,760.2,760.2
C10128,2025-08,2,2325.01,1251.78
C10128,2025-12,3,2806.73,1282.46
C10128,2026-01,2,2750.03,1649.85
C10128,2026-03,2,1563.21,1110.26
C10128,2026-05,1,443.22,443.22
C10128,2026-06,3,2683.39,1042.33
C10128,2026-07,3,2696.08,1160.35
C10388,2024-11,3,1978.33,845.82
C10388,2025-04,2,2914.8,1555.54
C10388,2025-05,2,1061.33,591.85
C10388,2025-10,3,1495.25,744.33
C10388,2025-11,2,3806.71,2970.71
C10388,2026-01,3,1851.19,1040.01
C10388,2026-02,2,2160.33,1144.19
C10032,2024-12,3,2765.8,1313.53
C10032,2025-02,3,3710.65,1852.82
C10032,2025-05,2,3563.24,2399.29
C10032,2025-06,2,2238.26,1168.85
C10032,2025-08,2,2173.17,1647.09
C10032,2026-02,1,485.61,485.61
C10032,2026-03,2,1672.66,1053.54
C10032,2026-08,1,864.63,864.63
C10032,2026-09,1,703.18,703.18
C10112,2024-12,2,1763.19,967.84
C10112,2025-02,2,2881.88,2210.96
C10112,2025-05,1,976.15,976.15
C10112,2025-06,1,1300.45,1300.45
C10112,2025-07,1,1543.93,1543.93
C10112,2025-08,1,791.74,791.74
C10112,2025-09,3,2561.95,908.93
C10112,2025-10,1,1043.83,1043.83
C10112,2025-11,3,2699.75,1111.42
C10112,2025-12,1,851.53,851.53
C10112,2026-04,2,1679.28,872.24
C10112,2026-05,2,1526.18,966.44
C10112,2026-06,2,3239.4,2204.07
C10112,2026-09,2,860.18,728.34
C10634,2024-11,3,2314.15,1194.46
C10634,2024-12,1,855.28,855.28
C10634,2025-05,2,3332.25,2631.62
C10634,2025-06,3,4079.73,1620.43
C10634,2025-08,3,6177.53,4490.51
C10634,2025-10,1,546.59,546.59
C10634,2025-12,2,1984.19,1384.94
C10634,2026-02,2,5478.21,4545.13
C10634,2026-07,3,2028.29,732.48
C10634,2026-08,3,3101.98,1408.71
C10634,2026-09,2,2543.6,1342.4
C10053,2024-10,2,3089.41,2231.82
C10053,2024-11,3,3214.68,1765.75
C10053,2024-12,1,773.09,773.09
C10053,2025-03,2,1123.89,732.02
C10053,2025-05,1,1511.18,1511.18
C10053,2026-05,3,2354.31,1010.7
C10053,2026-06,2,1867.33,1260.44
C10053,2026-09,1,505.29,505.29
C10108,2024-10,2,1340.92,867.44
C10108,2025-05,1,529.54,529.54
C10108,2025-06,1,545.26,545.26
C10108,2025-07,2,2589.83,1428.03
C10108,2025-08,1,1588.78,1588.78
C10108,2025-10,2,1884.01,1147.18
C10108,2025-12,1,1202.06,1202.06
C10108,2026-04,1,1151.16,1151.16
C10108,2026-05,1,799.18,799.18
C10108,2026-06,2,711.97,489.32
C10108,2026-09,1,422.8,422.8
C10555,2024-10,3,1184.21,739.16
C10555,2024-11,1,542.59,542.59
C10555,2025-04,1,1540.66,1540.66
C10555,2025-06,1,1663.52,1663.52
C10555,2025-07,3,2456.82,1385.29
C10555,2025-10,2,1682.64,1402.21
C10555,2025-12,2,1918.26,1053.26
C10555,2026-01,2,2335.95,1479.98
C10555,2026-03,1,876.17,876.17
C10174,2025-04,3,2691.07,1260.68
C10174,2025-06,3,2481.2,1196.18
C10174,2025-07,1,1327.83,1327.83
C10174,2025-08,3,2888.24,1346.91
C10174,2025-10,1,1074.97,1074.97
C10174,2026-02,1,1568.81,1568.81
C10174,2026-04,2,2207.25,1404.34
C10174,2026-07,2,3491.5,1832.16
C10174,2026-08,2,2714.57,1684.31
C10794,2024-10,1,1619.98,1619.98
C10794,2024-11,1,1931.62,1931.62
C10794,2025-03,1,243.98,243.98
C10794,2025-05,1,3238.59,3238.59
C10794,2025-06,1,872.47,872.47
C10794,2025-07,3,2438.44,1202.66
C10794,2025-11,2,1426.81,988.55
C10794,2026-05,2,2189.59,1121.85
C10794,2026-06,2,2229.42,1308.99
C10195,2024-10,2,2798.52,2139.86
C10195,2024-11,1,724.42,724.42
C10195,2024-12,1,304.83,304.83
C10195,2025-03,3,3222.82,1539.35
C10195,2025-04,3,2776.41,1131.55
C10195,2025-06,1,1387.02,1387.02
C10195,2025-09,1,1463.58,1463.58
C10195,2025-10,2,2604.38,1476.0
C10195,2025-11,3,4280.56,2485.17
C10195,2025-12,3,3139.02,1544.14
C10195,2026-01,2,1259.39,872.74
C10195,2026-04,2,2973.04,2080.81
C10195,2026-06,3,3865.54,2052.41
C10195,2026-08,1,2094.9,2094.9
C10407,2024-10,1,571.93,571.93
C10407,2024-12,1,1139.83,1139.83
C10407,2025-02,3,1861.31,941.67
C10407,2025-04,2,1486.16,905.06
C10407,2025-05,1,1186.13,1186.13
C10407,2025-09,3,1335.89,476.19
C10407,2025-10,2,550.0,337.62
C10407,2026-01,2,2464.27,1813.14
C10407,2026-02,3,3382.0,1275.14
C10407,2026-04,2,1949.36,1460.92
C10407,2026-05,1,339.99,339.99
C10107,2025-03,2,1943.1,1716.02
C10107,2025-05,2,2706.39,2235.65
C10107,2025-08,3,2060.04,1048.01
C10107,2025-11,1,922.35,922.35
C10107,2026-01,2,2722.0,1475.27
C10107,2026-04,1,325.42,325.42
C10107,2026-05,2,1230.62,833.87
C10107,2026-06,2,1224.19,959.15
C10107,2026-08,2,2714.23,1582.59
C10107,2026-09,3,2848.34,1103.44
C10885,2024-12,2,1386.2,769.19
C10885,2025-01,1,840.06,840.06
C10885,2025-02,2,777.7,510.45
C10885,2025-04,3,2675.14,1005.77
C10885,2025-06,3,3188.63,1837.64
C10885,2025-07,3,3452.93,1780.0
C10885,2025-08,3,1790.84,929.88
C10885,2026-02,3,4998.55,2039.91
C10885,2026-04,1,1352.44,1352.44
C10885,2026-07,2,1678.29,916.19
C10885,2026-08,3,1799.72,935.07
C10851,2024-12,2,1919.99,1221.06
C10851,2025-01,2,2068.77,1099.91
C10851,2025-02,1,990.04,990.04
C10851,2025-03,1,1970.03,1970.03
C10851,2025-04,2,1630.18,1210.47
C10851,2025-05,3,4865.81,2321.76
C10851,2025-09,1,419.0,419.0
C10851,2025-10,1,1172.82,1172.82
C10851,2026-01,3,1952.02,961.0
C10851,2026-03,3,1706.76,636.64
C10560,2024-10,2,1363.44,849.28
C10560,2024-11,1,1086.52,1086.52
C10560,2025-01,1,903.2,903.2
C10560,2025-02,1,698.83,698.83
C10560,2025-05,2,928.52,612.89
C10560,2025-06,3,5171.6,3865.25
C10560,2025-07,3,3576.34,1350.15
C10560,2025-08,1,996.65,996.65
C10560,2025-10,1,1013.95,1013.95
C10560,2025-11,2,2538.77,1681.91
C10560,2025-12,3,2127.45,1240.63
C10560,2026-01,1,819.33,819.33
C10560,2026-03,3,4432.98,1725.63
C10560,2026-05,1,349.7,349.7
C10560,2026-06,1,2514.04,2514.04
C10556,2024-10,2,1702.21,1020.22
C10556,2024-12,1,617.19,617.19
C10556,2025-01,3,2296.95,901.35
C10556,2025-06,2,2092.85,1142.43
C10556,2025-07,3,2638.77,1201.45
C10556,2025-09,2,4763.65,3495.67
C10556,2025-10,1,887.82,887.82
C10556,2025-11,3,3640.4,1617.78
C10556,2025-12,1,223.36,223.36
C10556,2026-03,1,1415.55,1415.55
C10556,2026-04,1,367.66,367.66
C10556,2026-07,1,1168.81,1168.81
C10430,2025-05,2,6239.71,5856.95
C10430,2025-07,3,3605.2,1483.15
C10430,2025-09,3,2709.41,1073.06
C10430,2025-10,2,1720.04,926.64
C10430,2025-11,1,1030.71,1030.71
C10430,2026-03,1,427.53,427.53
C10430,2026-04,3,4222.42,3028.6
C10430,2026-05,2,1566.89,788.1
C10430,2026-06,2,3385.96,2186.51
C10430,2026-07,2,2854.61,1543.13
C10430,2026-08,2,1426.88,903.39
C10060,2025-04,2,1722.7,1495.94
C10060,2025-05,3,3065.75,1754.51
C10060,2025-08,1,690.14,690.14
C10060,2025-10,3,2578.91,1151.28
C10060,2025-11,1,255.54,255.54
C10060,2025-12,1,622.91,622.91
C10060,2026-03,1,1757.41,1757.41
C10060,2026-06,3,2408.25,1237.29
C10060,2026-07,1,275.33,275.33
C10060,2026-08,1,405.01,405.01
C10311,2024-10,2,3694.89,2342.44
C10311,2024-12,1,181.33,181.33
C10311,2025-02,2,2749.83,1998.88
C10311,2025-03,1,482.9,482.9
C10311,2025-06,3,2303.47,882.52
C10311,2025-07,1,904.51,904.51
C10311,2025-08,3,4184.3,3033.22
C10311,2025-12,3,2359.15,1207.07
C10311,2026-03,1,1320.1,1320.1
C10311,2026-05,1,3753.19,3753.19
C10311,2026-08,2,671.19,398.3
C10311,2026-09,1,1349.0,1349.0
C10442,2024-12,1,524.84,524.84
C10442,2025-04,1,657.75,657.75
C10442,2025-05,2,2594.79,1774.36
C10442,2025-09,2,3020.26,2169.81
C10442,2025-10,1,315.93,315.93
C10442,2025-12,3,4411.18,2587.37
C10442,2026-01,2,1294.5,859.25
C10442,2026-05,2,1981.79,1277.4
C10442,2026-09,2,1415.46,1000.13
C10588,2024-11,2,2451.95,1483.08
C10588,2024-12,3,2737.5,970.65
C10588,2025-01,1,1078.69,1078.69
C10588,2025-04,1,419.72,419.72
C10588,2025-08,3,3057.52,1350.4
C10588,2025-10,1,949.2,949.2
C10588,2025-12,1,316.19,316.19
C10588,2026-01,1,1440.78,1440.78
C10588,2026-02,1,684.73,684.73
C10588,2026-03,2,2721.56,2141.47
C10588,2026-04,2,3550.41,2478.64
C10588,2026-05,1,546.28,546.28
C10588,2026-07,3,5430.93,2919.26
C10588,2026-08,2,1989.13,1433.12
C10088,2024-10,3,3035.45,1490.66
C10088,2025-03,1,3992.56,3992.56
C10088,2025-04,1,1554.32,1554.32
C10088,2025-05,1,705.1,705.1
C10088,2025-07,2,4292.17,2495.49
C10088,2025-11,3,3613.52,1670.69
C10088,2026-01,1,548.55,548.55
C10088,2026-04,1,1993.4,1993.4
C10088,2026-05,2,1790.79,1252.73
C10088,2026-06,1,652.33,652.33
C10088,2026-07,2,1653.92,1024.76
C10088,2026-08,3,3128.84,1267.91
C10446,2024-10,1,1875.8,1875.8
C10446,2024-11,1,754.09,754.09
C10446,2024-12,3,3357.65,1462.3
C10446,2025-04,1,1178.88,1178.88
C10446,2025-05,2,2010.48,1542.5
C10446,2025-07,2,1618.19,1336.33
C10446,2025-08,1,1270.67,1270.67
C10446,2025-09,3,3937.23,2332.74
C10446,2026-02,2,1290.22,1048.26
C10446,2026-04,2,1903.15,1119.69
C10446,2026-07,3,3276.1,1301.03
C10592,2024-10,1,1123.49,1123.49
C10592,2025-01,3,2438.42,1182.26
C10592,2025-02,1,777.5,777.5
C10592,2025-05,1,1754.92,1754.92
C10592,2025-07,3,2692.7,1342.76
C10592,2025-09,2,1139.92,641.24
C10592,2026-01,2,3261.94,2324.79
C10592,2026-04,1,1709.71,1709.71
C10592,2026-06,2,1402.13,1006.0
C10843,2024-11,2,1615.13,845.61
C10843,2025-01,3,1750.01,780.2
C10843,2025-03,1,1124.29,1124.29
C10843,2026-02,2,2571.5,1630.52
C10843,2026-04,3,6573.88,4412.88
C10843,2026-06,1,1641.32,1641.32
C10843,2026-08,1,2245.25,2245.25
C10843,2026-09,2,1231.29,715.47
C10863,2025-01,1,1115.46,1115.46
C10863,2025-03,1,1452.74,1452.74
C10863,2025-04,2,1394.49,736.76
C10863,2025-05,3,3151.44,1740.55
C10863,2025-07,1,736.2,736.2
C10863,2025-10,1,373.94,373.94
C10863,2025-11,1,843.46,843.46
C10863,2025-12,3,3066.38,1740.52
C10863,2026-01,2,1939.47,1333.8
C10863,2026-02,3,5441.19,4692.78
C10863,2026-05,2,4049.24,2056.19
C10863,2026-07,2,9171.13,7124.16
C10863,2026-08,2,2545.47,1401.87
C10780,2024-10,1,474.39,474.39
C10780,2025-01,3,2617.96,1233.88
C10780,2025-02,1,488.41,488.41
C10780,2025-03,1,846.86,846.86
C10780,2025-05,2,1529.38,852.71
C10780,2025-07,1,796.61,796.61
C10780,2025-08,1,1548.23,1548.23
C10780,2025-09,1,870.19,870.19
C10780,2025-12,3,2491.36,1162.36
C10780,2026-01,1,535.69,535.69
C10780,2026-04,2,1114.63,774.15
C10780,2026-05,1,1063.79,1063.79
C10780,2026-07,1,1108.69,1108.69
C10780,2026-08,1,800.09,800.09
C10780,2026-09,3,5425.99,3632.89
C10708,2024-10,2,1842.04,992.11
C10708,2025-05,2,2699.37,1410.93
C10708,2025-07,3,4642.46,1709.84
C10708,2025-08,2,1996.65,1084.01
C10708,2025-09,2,1978.85,1180.73
C10708,2025-12,1,1153.84,1153.84
C10708,2026-02,2,1679.58,977.63
C10708,2026-03,3,4131.51,1710.04
C10708,2026-06,2,705.61,443.63
C10708,2026-08,2,3186.84,2812.41
C10470,2024-11,3,2236.9,1051.13
C10470,2025-01,2,4822.23,3017.7
C10470,2025-02,1,999.07,999.07
C10470,2025-04,1,362.78,362.78
C10470,2025-05,2,2779.38,1579.88
C10470,2025-09,3,2684.12,1605.04
C10470,2025-11,2,2277.71,1664.55
C10470,2026-02,2,2540.63,1753.32
C10470,2026-06,2,2879.01,1610.02
C10470,2026-07,3,3344.21,1692.09
C10502,2024-12,2,1390.35,845.0
C10502,2025-01,3,1788.82,981.53
C10502,2025-03,2,1396.71,748.58
C10502,2025-05,1,563.89,563.89
C10502,2025-06,1,2238.43,2238.43
C10502,2025-07,2,1759.0,1113.45
C10502,2025-10,1,1260.49,1260.49
C10502,2025-11,1,459.67,459.67
C10502,2026-03,2,888.19,542.11
C10502,2026-06,3,1886.21,1009.63
C10502,2026-09,3,2013.76,1022.03
C10852,2024-10,2,1429.12,974.68
C10852,2024-11,1,876.32,876.32
C10852,2024-12,2,2084.14,1090.61
C10852,2025-01,3,2969.67,1970.36
C10852,2025-04,1,946.0,946.0
C10852,2025-06,3,4140.69,2184.97
C10852,2025-07,1,2271.21,2271.21
C10852,2025-08,3,3580.49,1536.09
C10852,2025-10,1,755.88,755.88
C10852,2025-11,3,2739.22,1645.8
C10852,2026-01,3,5521.49,3713.5
C10852,2026-03,1,756.72,756.72
C10852,2026-04,2,2287.15,1747.52
C10852,2026-05,2,1696.92,1407.49
C10852,2026-06,3,1955.17,1249.04
C10852,2026-07,1,710.21,710.21
C10852,2026-08,1,336.66,336.66
C10518,2024-12,3,2151.01,1234.08
C10518,2025-10,3,3981.25,1932.29
C10518,2025-12,3,3512.51,1934.5
C10518,2026-01,2,4388.28,2835.32
C10518,2026-02,1,1010.23,1010.23
C10518,2026-05,2,2728.6,2275.22
C10518,2026-07,1,1560.76,1560.76
C10518,2026-08,2,1388.67,907.69
C10696,2024-10,2,5587.03,3058.01
C10696,2024-11,2,3565.77,1979.81
C10696,2025-01,3,4468.45,1939.64
C10696,2025-03,1,1020.58,1020.58
C10696,2025-09,3,1741.47,757.23
C10696,2026-03,1,496.13,496.13
C10696,2026-04,1,1305.93,1305.93
C10696,2026-09,1,457.82,457.82
C10559,2024-10,1,2275.47,2275.47
C10559,2024-12,3,3291.24,1535.84
C10559,2025-03,3,2075.19,1301.73
C10559,2025-04,3,6727.91,3199.63
C10559,2025-08,2,1445.25,859.21
C10559,2025-11,2,4206.69,3054.71
C10559,2025-12,2,2394.75,1639.91
C10611,2024-10,1,480.09,480.09
C10611,2025-03,3,3503.13,1769.91
C10611,2025-11,3,2219.51,938.04
C10611,2025-12,3,3664.14,2592.1
C10611,2026-01,1,275.21,275.21
C10611,2026-02,1,697.84,697.84
C10611,2026-03,2,1538.28,1157.81
C10611,2026-05,3,5037.33,3016.44
C10318,2024-10,2,2760.43,1717.16
C10318,2024-11,2,3046.45,2403.26
C10318,2024-12,1,1762.97,1762.97
C10318,2025-04,1,1268.19,1268.19
C10318,2025-08,2,1259.31,726.6
C10318,2025-11,1,535.65,535.65
C10318,2025-12,2,1572.22,884.12
C10318,2026-01,2,1469.07,838.17
C10318,2026-02,2,1578.45,811.7
C10318,2026-04,3,3899.87,1862.5
C10318,2026-09,3,1475.27,765.41
C10401,2024-10,2,1778.88,1142.64
C10401,2025-03,2,3639.49,1968.82
C10401,2025-04,2,2057.24,1182.01
C10401,2025-05,2,3515.05,1845.03
C10401,2025-07,3,4073.19,1543.99
C10401,2025-08,2,2868.45,2033.69
C10401,2025-10,1,567.56,567.56
C10401,2025-11,3,4395.73,2626.81
C10401,2025-12,3,2188.33,929.31
C10401,2026-03,1,352.93,352.93
C10401,2026-04,2,4428.14,2971.06
C10401,2026-06,2,1090.31,596.47
C10401,2026-08,1,882.83,882.83
C10656,2024-10,1,461.21,461.21
C10656,2025-02,2,1757.14,997.82
C10656,2025-04,1,3521.02,3521.02
C10656,2025-05,1,2605.31,2605.31
C10656,2025-07,2,1165.44,819.02
C10656,2025-08,1,687.72,687.72
C10656,2025-10,3,4613.13,1822.96
C10656,2025-11,3,4503.33,2966.62
C10656,2025-12,1,913.02,913.02
C10656,2026-01,1,1247.09,1247.09
C10656,2026-05,1,1518.9,1518.9
C10656,2026-07,2,2210.82,1301.69
C10656,2026-08,2,1119.11,592.76
C10593,2024-10,1,846.98,846.98
C10593,2025-07,2,2154.6,1830.74
C10593,2025-08,3,2276.35,784.53
C10593,2025-09,2,1728.75,1015.93
C10593,2025-10,2,1409.09,721.23
C10593,2025-12,3,3037.76,1323.55
C10593,2026-04,2,1711.13,1273.76
C10593,2026-05,3,3697.54,1719.33
C10593,2026-07,2,1291.53,905.53
C10649,2024-11,3,1814.28,898.89
C10649,2025-02,3,4564.33,2519.81
C10649,2025-05,1,560.78,560.78
C10649,2025-06,3,2227.93,1147.42
C10649,2025-07,3,2308.68,1384.17
C10649,2025-08,3,4834.45,2940.64
C10649,2026-01,3,3346.98,1396.44
C10649,2026-02,2,2495.3,1829.7
C10649,2026-03,1,709.97,709.97
C10649,2026-04,1,1505.64,1505.64
C10649,2026-07,3,2094.3,952.81
C10649,2026-09,3,2972.7,1453.94
C10292,2024-10,3,2348.52,1183.46
C10292,2025-01,3,1979.45,801.69
C10292,2025-02,3,2272.53,1091.46
C10292,2025-03,1,450.64,450.64
C10292,2025-04,1,536.5,536.5
C10292,2025-05,2,3767.24,2484.13
C10292,2025-12,3,1777.35,686.45
C10292,2026-04,2,1481.43,1172.46
C10155,2024-10,1,595.43,595.43
C10155,2025-02,2,2719.53,1819.2
C10155,2026-01,1,318.26,318.26
C10155,2026-02,1,1145.04,1145.04
C10155,2026-04,2,1260.98,965.6
C10155,2026-05,3,2155.8,1270.24
C10155,2026-06,1,1141.51,1141.51
C10155,2026-08,3,4087.47,1780.26
C10125,2024-11,1,657.91,657.91
C10125,2025-01,3,3171.11,1796.48
C10125,2025-02,3,1879.33,893.46
C10125,2025-05,3,5093.05,2397.78
C10125,2025-08,2,2114.77,1109.33
C10125,2025-11,2,2412.88,1400.54
C10125,2026-01,3,3548.24,1671.43
C10125,2026-02,3,4169.7,1840.26
C10125,2026-03,2,2379.44,1969.26
C10125,2026-04,1,571.6,571.6
C10125,2026-05,3,2816.04,1767.78
C10125,2026-07,1,183.72,183.72
C10498,2024-10,2,1596.59,937.26
C10498,2025-01,3,3810.09,2685.58
C10498,2025-03,1,1781.57,1781.57
C10498,2025-05,2,1778.56,1098.34
C10498,2025-06,1,591.78,591.78
C10498,2025-08,3,2336.25,1186.32
C10498,2025-12,2,2915.64,2126.99
C10498,2026-01,2,3099.34,1616.77
C10498,2026-03,3,2097.22,932.4
C10498,2026-04,2,2456.35,1275.59
C10498,2026-06,3,5698.68,2409.71
C10498,2026-08,3,2242.23,1240.98
C10498,2026-09,1,1055.68,1055.68
C10188,2025-02,3,2025.96,914.5
C10188,2025-06,2,1782.94,1039.34
C10188,2025-10,1,1370.2,1370.2
C10188,2025-12,1,786.78,786.78
C10188,2026-01,1,2126.36,2126.36
C10188,2026-09,3,2768.37,1197.5
C10564,2024-11,2,3628.48,2127.03
C10564,2024-12,3,3304.57,1246.68
C10564,2025-06,2,4162.66,2748.85
C10564,2025-07,2,1323.09,864.65
C10564,2025-08,3,7538.89,5154.51
C10564,2025-10,2,2028.71,1496.58
C10564,2025-12,3,1744.42,771.49
C10564,2026-01,2,1731.13,866.05
C10564,2026-02,2,2898.8,1558.15
C10564,2026-04,2,4415.54,3866.69
C10564,2026-05,3,3313.15,2349.58
C10564,2026-07,3,2718.47,1146.16
C10564,2026-08,1,612.42,612.42
C10782,2024-10,1,1106.6,1106.6
C10782,2024-11,2,2299.02,1349.72
C10782,2025-05,1,737.34,737.34
C10782,2025-06,2,1555.93,1059.8
C10782,2025-08,1,3105.82,3105.82
C10782,2026-03,3,3723.27,1894.29
C10782,2026-04,1,680.6,680.6
C10782,2026-07,1,1346.7,1346.7
C10782,2026-09,1,994.41,994.41
C10043,2024-10,2,965.18,638.27
C10043,2024-11,3,3146.09,1427.98
C10043,2024-12,1,1264.33,1264.33
C10043,2025-06,2,1480.28,1004.88
C10043,2025-07,1,1208.84,1208.84
C10043,2025-09,3,2366.71,1293.61
C10043,2025-10,3,4298.28,2195.88
C10043,2025-11,1,1148.48,1148.48
C10043,2026-03,1,2459.9,2459.9
C10043,2026-04,3,2188.63,1012.6
C10043,2026-09,3,2573.76,1132.19
C10193,2025-06,2,2309.31,1918.79
C10193,2025-07,2,2593.39,1569.83
C10193,2026-08,2,1133.91,668.05
C10193,2026-09,2,910.43,471.93
C10162,2024-10,3,3227.06,1632.38
C10162,2024-12,2,1269.99,795.81
C10162,2025-01,1,1836.41,1836.41
C10162,2025-05,3,3134.89,1557.93
C10162,2025-06,2,2385.65,1678.71
C10162,2025-09,1,2583.0,2583.0
C10162,2025-11,2,1691.86,1005.85
C10162,2026-01,3,2397.39,1482.87
C10162,2026-03,1,453.08,453.08
C10162,2026-04,2,1986.61,1497.89
C10313,2024-12,3,2628.99,1074.01
C10313,2025-03,3,3036.35,1798.81
C10313,2025-06,1,466.25,466.25
C10313,2025-07,3,3960.87,1626.53
C10313,2025-10,1,304.31,304.31
C10313,2025-11,2,1265.07,789.36
C10313,2026-02,1,2073.8,2073.8
C10037,2024-12,1,473.01,473.01
C10037,2025-03,1,734.68,734.68
C10037,2025-07,2,1351.7,804.48
C10037,2025-10,1,2108.74,2108.74
C10037,2025-12,3,2839.11,1076.09
C10037,2026-02,3,3112.91,1394.53
C10037,2026-05,1,1467.04,1467.04
C10037,2026-07,2,1287.05,671.25
C10037,2026-08,1,787.46,787.46
C10495,2024-12,1,2773.26,2773.26
C10495,2025-01,1,1462.35,1462.35
C10495,2025-03,1,351.58,351.58
C10495,2025-06,1,1022.51,1022.51
C10495,2025-07,2,2267.19,1558.71
C10495,2025-09,1,2735.87,2735.87
C10495,2025-10,3,3943.78,1970.46
C10495,2025-12,3,3092.32,1305.39
C10495,2026-01,1,1935.23,1935.23
C10495,2026-02,3,2857.34,1288.16
C10495,2026-04,1,541.33,541.33
C10495,2026-05,1,590.23,590.23
C10495,2026-08,1,1504.71,1504.71
C10453,2024-10,3,3641.18,1489.26
C10453,2024-11,2,4968.48,3513.97
C10453,2025-04,3,5070.2,3990.31
C10453,2025-08,2,1700.91,1133.41
C10453,2025-09,3,3977.19,2300.96
C10453,2025-10,2,1764.91,1298.37
C10453,2025-11,1,1474.98,1474.98
C10453,2025-12,1,1058.91,1058.91
C10453,2026-06,2,895.69,717.92
C10453,2026-08,3,2249.81,760.02
C10414,2024-11,2,3091.2,1803.68
C10414,2024-12,3,7154.98,4266.49
C10414,2025-03,1,2585.82,2585.82
C10414,2025-05,1,1587.01,1587.01
C10414,2025-08,2,3259.58,2236.78
C10414,2025-09,2,1629.72,845.83
C10414,2025-10,3,2452.02,1019.14
C10414,2025-12,2,1771.51,1191.2
C10414,2026-03,3,3944.48,2462.73
C10414,2026-05,3,4553.92,3078.22
C10378,2024-12,1,1112.11,1112.11
C10378,2025-02,3,3780.26,1675.11
C10378,2025-03,2,1507.75,1084.39
C10378,2025-07,2,4120.26,3555.91
C10378,2025-10,1,914.51,914.51
C10378,2025-11,2,783.59,453.31
C10378,2025-12,3,4458.11,2532.69
C10378,2026-01,2,784.28,408.98
C10378,2026-07,3,2291.36,966.82
C10378,2026-08,2,3429.46,2106.02
C10124,2024-12,3,2932.59,1851.52
C10124,2025-02,1,1218.04,1218.04
C10124,2025-06,1,1792.81,1792.81
C10124,2025-09,1,942.18,942.18
C10124,2025-11,3,3616.26,1836.46
C10124,2025-12,1,1401.15,1401.15
C10124,2026-01,3,2115.48,1362.78
C10124,2026-04,1,1016.26,1016.26
C10124,2026-05,1,1083.66,1083.66
C10124,2026-06,2,1717.96,927.4
C10124,2026-07,2,2343.4,1900.23
C10124,2026-08,2,954.22,493.45
C10807,2024-10,3,3518.77,1369.8
C10807,2024-12,1,370.33,370.33
C10807,2025-03,3,1981.57,944.71
C10807,2025-08,3,1961.22,1094.29
C10807,2025-11,3,1807.28,1164.59
C10807,2026-01,3,3581.44,1889.93
C10807,2026-02,3,3065.74,1773.79
C10807,2026-04,3,2633.59,1101.21
C10807,2026-05,3,2303.08,1105.85
C10807,2026-06,2,1326.72,738.6
C10807,2026-08,3,1255.4,540.27
C10154,2024-10,2,1893.67,1529.62
C10154,2025-01,2,1326.45,831.31
C10154,2025-05,2,3539.3,2492.12
C10154,2025-08,3,2030.79,928.92
C10154,2025-11,2,1679.39,992.89
C10154,2026-01,2,1695.53,1134.5
C10154,2026-08,3,2511.45,1210.98
C10196,2024-12,3,2015.58,1355.71
C10196,2025-02,3,2825.73,1154.74
C10196,2025-03,1,783.94,783.94
C10196,2025-04,3,3231.77,1654.27
C10196,2025-07,2,3121.99,1837.8
C10196,2025-09,1,387.26,387.26
C10196,2025-10,1,1168.95,1168.95
C10196,2025-12,1,601.48,601.48
C10196,2026-01,2,5696.52,4216.73
C10196,2026-02,2,2730.38,2174.54
C10196,2026-03,2,2130.08,1802.61
C10196,2026-07,3,3691.58,1470.71
C10184,2024-10,2,2401.22,1712.74
C10184,2024-11,1,2991.75,2991.75
C10184,2024-12,2,1597.2,1061.64
C10184,2025-03,1,1779.53,1779.53
C10184,2025-05,2,2253.77,1305.04
C10184,2025-07,1,621.97,621.97
C10184,2025-09,3,2691.12,1143.83
C10184,2025-10,2,2426.69,1736.63
C10184,2026-02,1,1122.31,1122.31
C10184,2026-05,2,2182.25,1194.58
C10184,2026-06,3,3562.15,2131.82
C10184,2026-07,3,6856.4,5327.44
C10184,2026-09,2,2316.94,1446.92
C10822,2024-11,1,2030.48,2030.48
C10822,2024-12,2,1067.8,731.35
C10822,2025-01,1,1378.78,1378.78
C10822,2025-04,3,5168.27,3146.56
C10822,2025-07,1,832.96,832.96
C10822,2025-11,3,2668.84,918.7
C10822,2026-03,2,2267.06,1515.36
C10822,2026-05,2,1524.2,940.22
C10822,2026-06,3,5773.0,3801.45
C10822,2026-07,1,354.26,354.26
C10822,2026-08,3,2903.2,1401.26
C10822,2026-09,3,5437.19,2954.21
C10728,2024-10,1,1608.63,1608.63
C10728,2024-12,1,952.99,952.99
C10728,2025-01,3,2249.34,832.46
C10728,2025-05,2,568.59,303.7
C10728,2025-10,2,2689.18,1470.94
C10728,2026-02,2,1791.12,968.18
C10728,2026-03,3,2253.1,1213.07
C10728,2026-06,1,168.9,168.9
C10728,2026-07,2,1546.75,865.25
C10728,2026-08,1,1219.05,1219.05
C10137,2024-10,1,1499.23,1499.23
C10137,2024-11,3,2339.81,1021.71
C10137,2025-02,3,1759.06,779.44
C10137,2025-05,2,2443.7,1273.03
C10137,2025-06,1,735.38,735.38
C10137,2025-08,3,2637.99,1073.42
C10137,2026-06,1,442.26,442.26
C10632,2024-10,1,550.41,550.41
C10632,2024-11,3,4694.37,2318.78
C10632,2024-12,3,3246.69,1455.4
C10632,2025-01,1,422.53,422.53
C10632,2025-03,1,487.39,487.39
C10632,2025-06,3,1918.49,1217.79
C10632,2025-11,1,1185.47,1185.47
C10632,2025-12,1,1004.89,1004.89
C10632,2026-01,2,2123.11,1282.47
C10632,2026-03,1,216.79,216.79
C10632,2026-05,1,1177.88,1177.88
C10632,2026-07,1,1393.13,1393.13
C10632,2026-08,3,4073.76,1928.09
C10632,2026-09,1,1107.74,1107.74
C10444,2024-10,3,2124.09,951.4
C10444,2025-03,2,1116.74,595.04
C10444,2025-05,3,5095.54,2355.33
C10444,2025-06,3,5022.89,2404.68
C10444,2025-07,3,2252.4,953.16
C10444,2025-08,2,1305.24,1071.35
C10444,2025-09,2,2955.36,1529.3
C10444,2025-10,2,1444.14,725.6
C10444,2026-02,3,2576.15,978.28
C10444,2026-04,2,5022.4,2662.44
C10444,2026-08,3,3992.53,1644.41
C10317,2024-11,1,2871.36,2871.36
C10317,2025-01,2,1488.69,765.46
C10317,2025-03,2,2468.22,1442.69
C10317,2025-04,2,2147.98,1603.62
C10317,2025-07,3,1767.77,956.42
C10317,2025-10,3,3865.95,1463.99
C10317,2025-11,1,2824.52,2824.52
C10317,2026-01,2,1726.64,1438.56
C10317,2026-05,2,3636.87,1884.56
C10317,2026-06,1,623.75,623.75
C10317,2026-07,1,344.92,344.92
C10616,2024-11,3,2229.43,1674.82
C10616,2024-12,3,5384.05,2898.09
C10616,2025-01,2,4775.99,2470.21
C10616,2025-02,2,2488.66,1342.17
C10616,2025-03,1,2328.34,2328.34
C10616,2025-08,2,1396.11,1041.45
C10616,2025-09,1,438.33,438.33
C10616,2025-11,1,969.03,969.03
C10616,2025-12,1,1868.33,1868.33
C10616,2026-04,2,894.86,573.59
C10616,2026-06,3,1852.15,762.45
C10616,2026-08,1,590.37,590.37
C10679,2024-10,1,440.47,440.47
C10679,2025-01,3,4330.72,2187.71
C10679,2025-02,3,3351.54,1776.86
C10679,2025-03,2,1522.01,1180.22
C10679,2025-04,1,587.9,587.9
C10679,2025-05,3,2492.94,1169.16
C10679,2025-06,3,3061.84,1544.79
C10679,2025-08,3,3176.5,1349.76
C10679,2025-09,3,2700.16,1074.62
C10679,2025-11,3,1921.25,941.71
C10679,2025-12,3,3835.01,1838.33
C10679,2026-02,1,841.98,841.98
C10679,2026-03,3,2156.48,881.45
C10679,2026-04,3,1456.38,672.62
C10679,2026-05,2,1625.97,824.71
C10679,2026-08,1,1671.28,1671.28
C10679,2026-09,3,3439.87,2036.43
C10779,2024-11,1,4173.22,4173.22
C10779,2025-03,1,1349.53,1349.53
C10779,2025-04,2,1896.32,1181.88
C10779,2025-05,1,791.74,791.74
C10779,2025-07,2,977.04,609.63
C10779,2025-11,2,2938.53,1755.36
C10779,2026-01,1,1153.72,1153.72
C10779,2026-02,1,3005.52,3005.52
C10779,2026-05,2,627.37,344.75
C10779,2026-06,3,2902.14,1361.8
C10779,2026-08,1,680.64,680.64
C10779,2026-09,2,1723.84,979.07
C10661,2024-10,2,2815.73,2133.75
C10661,2024-11,2,1305.02,816.77
C10661,2024-12,3,3936.54,1625.1
C10661,2025-01,1,406.63,406.63
C10661,2025-02,3,2264.31,1056.96
C10661,2025-03,2,3498.8,2341.25
C10661,2025-05,2,3029.2,1927.65
C10661,2025-08,1,1062.31,1062.31
C10661,2025-09,3,3067.61,1984.53
C10661,2025-11,3,1983.52,772.28
C10661,2025-12,2,2169.73,1554.29
C10661,2026-02,2,1823.94,1167.16
C10661,2026-05,1,1183.75,1183.75
C10661,2026-06,3,4058.34,2022.52
C10661,2026-07,1,1159.08,1159.08
C10661,2026-08,2,3415.58,1914.54
C10795,2024-10,1,582.57,582.57
C10795,2025-03,1,1428.01,1428.01
C10795,2025-05,1,2052.8,2052.8
C10795,2025-07,3,2179.23,853.53
C10795,2025-12,2,2082.65,1371.15
C10795,2026-01,2,2295.97,1401.37
C10795,2026-06,3,5285.81,2573.72
C10299,2024-10,3,3282.53,2074.01
C10299,2025-02,1,747.63,747.63
C10299,2025-04,2,6349.65,4661.36
C10299,2025-05,1,1491.34,1491.34
C10299,2025-12,1,990.71,990.71
C10299,2026-03,1,437.35,437.35
C10299,2026-04,3,3037.32,1930.69
C10299,2026-05,3,4403.88,3044.39
C10299,2026-07,1,620.69,620.69
C10299,2026-08,3,2711.11,1528.71
C10877,2024-10,3,2638.75,1144.75
C10877,2024-11,1,1241.69,1241.69
C10877,2025-02,1,1913.24,1913.24
C10877,2025-04,3,1952.8,719.29
C10877,2025-08,3,3531.19,1620.54
C10877,2025-09,1,2133.84,2133.84
C10877,2026-01,3,1555.04,631.84
C10877,2026-02,1,2407.46,2407.46
C10877,2026-04,2,1911.21,1435.9
C10877,2026-06,1,1974.43,1974.43
C10877,2026-07,1,1885.14,1885.14
C10877,2026-08,3,3143.72,1584.89
C10877,2026-09,1,2007.29,2007.29
C10623,2025-04,2,1087.41,741.59
C10623,2025-05,1,489.61,489.61
C10623,2025-06,2,1403.64,1021.05
C10623,2025-09,2,2015.43,1385.85
C10623,2025-10,2,3340.15,2046.13
C10623,2025-11,3,2091.55,1023.96
C10623,2025-12,1,1791.56,1791.56
C10623,2026-08,2,3509.64,2268.68
C10443,2025-02,3,4272.34,2255.23
C10443,2025-04,1,3350.15,3350.15
C10443,2025-05,3,2684.05,1393.77
C10443,2025-06,1,623.49,623.49
C10443,2025-10,3,1521.54,659.71
C10443,2025-11,3,2363.55,894.42
C10443,2026-01,1,416.97,416.97
C10443,2026-02,1,770.53,770.53
C10443,2026-04,1,2351.83,2351.83
C10443,2026-05,3,2721.61,1262.56
C10516,2024-10,3,2596.65,1091.96
C10516,2025-01,3,2593.07,1409.82
C10516,2025-03,3,5700.55,3299.3
C10516,2025-10,2,1606.59,1084.85
C10516,2025-11,3,3704.83,1839.96
C10516,2025-12,2,1444.37,1025.02
C10516,2026-03,3,3803.57,1834.05
C10516,2026-04,1,652.43,652.43
C10516,2026-05,3,4287.39,1840.97
C10516,2026-06,2,3883.16,2806.91
C10480,2024-12,2,1481.57,939.82
C10480,2025-04,3,4513.57,1981.19
C10480,2025-10,3,2347.01,1007.48
C10480,2025-11,2,3044.56,1658.15
C10480,2026-01,2,1861.55,1114.79
C10480,2026-02,3,2884.49,1731.45
C10480,2026-04,3,4789.67,2780.06
C10480,2026-05,3,7169.4,3864.26
C10480,2026-06,1,965.06,965.06
C10480,2026-07,2,1665.96,962.63
C10121,2024-10,2,1638.33,1333.01
C10121,2024-11,1,310.93,310.93
C10121,2025-04,1,775.24,775.24
C10121,2025-05,3,1736.24,754.71
C10121,2025-06,3,3115.27,1138.81
C10121,2025-07,3,2189.87,892.88
C10121,2025-08,3,2013.98,772.65
C10121,2025-09,3,2339.14,923.79
C10121,2025-10,1,1609.48,1609.48
C10121,2025-11,2,1734.43,1355.18
C10121,2026-01,1,908.57,908.57
C10121,2026-06,1,893.7,893.7
C10121,2026-07,3,2221.71,858.58
C10121,2026-09,1,351.77,351.77
C10164,2024-10,2,2613.29,1467.46
C10164,2024-11,3,1509.38,1024.8
C10164,2025-01,3,3641.59,1656.19
C10164,2025-02,1,591.79,591.79
C10164,2025-04,1,905.6,905.6
C10164,2025-05,1,646.3,646.3
C10164,2025-06,2,1922.58,1081.69
C10164,2025-07,2,1036.94,698.5
C10164,2025-10,3,4697.96,1901.9
C10164,2025-11,1,567.13,567.13
C10164,2026-01,2,1180.1,608.53
C10164,2026-05,3,2383.58,816.06
C10164,2026-08,2,1270.37,837.69
C10164,2026-09,3,4291.86,3683.47
C10650,2025-02,1,1379.36,1379.36
C10650,2025-03,3,2482.84,1299.66
C10650,2025-07,2,1053.69,707.16
C10650,2025-08,3,2025.35,1180.62
C10650,2025-09,2,3237.41,2634.08
C10650,2025-10,1,868.35,868.35
C10650,2025-11,3,2699.31,1528.07
C10650,2026-03,2,3826.73,2046.4
C10650,2026-04,2,1068.3,565.33
C10650,2026-06,3,2807.94,1365.57
C10650,2026-07,3,4975.94,2178.16
C10716,2024-10,3,3293.32,1595.06
C10716,2024-12,3,2661.68,1131.47
C10716,2025-04,1,734.61,734.61
C10716,2025-05,1,416.68,416.68
C10716,2025-06,1,1112.13,1112.13
C10716,2025-07,3,4207.19,1769.71
C10716,2025-08,2,1922.43,1272.5
C10716,2025-09,1,1006.21,1006.21
C10716,2025-11,2,2073.78,1197.04
C10716,2025-12,2,5463.77,5256.65
C10716,2026-01,2,1091.16,846.03
C10716,2026-03,2,931.0,566.06
C10716,2026-05,2,1338.73,883.41
C10716,2026-06,1,1179.84,1179.84
C10716,2026-07,1,2576.19,2576.19
C10488,2024-10,1,964.61,964.61
C10488,2024-11,3,2326.62,1286.0
C10488,2025-07,1,1756.59,1756.59
C10488,2025-09,1,1389.67,1389.67
C10488,2025-10,3,5236.14,2138.52
C10488,2025-11,2,770.22,479.41
C10488,2025-12,1,527.37,527.37
C10488,2026-01,3,2673.22,1098.4
C10488,2026-08,1,515.54,515.54
C10072,2024-11,1,853.62,853.62
C10072,2025-01,2,2664.17,1378.3
C10072,2025-03,1,1457.36,1457.36
C10072,2025-04,2,1665.47,853.3
C10072,2025-06,2,2496.65,1634.77
C10072,2025-08,2,1822.54,987.21
C10072,2025-09,1,1198.88,1198.88
C10072,2025-11,3,5067.11,2138.26
C10072,2025-12,2,1106.58,714.86
C10072,2026-02,1,951.98,951.98
C10072,2026-05,1,363.24,363.24
C10072,2026-07,3,2026.88,954.94
C10072,2026-08,3,2815.57,1134.22
C10072,2026-09,1,1151.8,1151.8
C10576,2024-10,1,498.79,498.79
C10576,2024-11,3,2973.14,1354.76
C10576,2025-01,1,2257.73,2257.73
C10576,2025-03,2,3427.44,1894.71
C10576,2025-04,3,3095.62,1893.98
C10576,2025-07,1,1047.76,1047.76
C10576,2025-08,3,3979.16,2941.75
C10576,2025-09,2,3781.0,2504.98
C10576,2025-10,2,1406.01,717.02
C10576,2025-11,1,520.2,520.2
C10576,2025-12,3,1766.13,903.89
C10576,2026-01,2,1576.93,825.16
C10576,2026-02,1,1440.61,1440.61
C10576,2026-04,3,2601.4,1106.11
C10576,2026-05,1,467.36,467.36
C10576,2026-08,1,511.09,511.09
C10142,2024-10,2,1624.24,979.0
C10142,2025-07,1,461.85,461.85
C10142,2025-09,2,2825.71,1879.13
C10142,2025-10,2,2370.8,1426.76
C10142,2025-11,1,774.68,774.68
C10142,2026-01,3,3415.96,1510.44
C10142,2026-02,3,2298.09,1219.91
C10142,2026-03,2,1023.68,587.34
C10142,2026-06,1,516.83,516.83
C10142,2026-07,1,439.02,439.02
C10666,2024-10,2,2552.3,1334.61
C10666,2024-12,1,501.83,501.83
C10666,2025-01,1,1728.37,1728.37
C10666,2025-03,3,2730.68,1358.1
C10666,2025-05,2,2446.8,1740.55
C10666,2025-07,2,1498.2,771.4
C10666,2025-08,3,2332.54,1276.26
C10666,2025-11,2,1181.27,686.24
C10666,2026-01,2,3716.77,2296.29
C10666,2026-02,3,4232.15,2407.04
C10666,2026-04,3,2119.13,1086.38
C10666,2026-05,2,3971.93,2967.16
C10666,2026-08,3,4230.95,1912.56
C10219,2024-10,3,5068.56,3580.31
C10219,2025-04,2,1324.2,815.88
C10219,2025-06,2,1205.69,678.78
C10219,2025-08,3,1976.84,810.57
C10219,2025-09,3,2048.48,962.13
C10219,2025-11,3,2971.12,1598.05
C10219,2026-02,1,1169.7,1169.7
C10219,2026-06,2,1419.83,928.89
C10219,2026-08,1,290.36,290.36
C10279,2024-10,1,870.05,870.05
C10279,2025-05,2,1504.57,1286.51
C10279,2025-07,2,1015.95,650.69
C10279,2025-12,2,2797.7,2051.29
C10279,2026-01,2,2237.98,1249.23
C10279,2026-03,1,551.26,551.26
C10279,2026-04,1,844.4,844.4
C10357,2025-03,1,1202.32,1202.32
C10357,2025-05,2,2846.55,1852.78
C10357,2025-07,2,2669.31,1673.8
C10357,2025-09,1,917.89,917.89
C10357,2026-03,3,5020.44,2829.38
C10357,2026-08,1,666.95,666.95
C10157,2024-11,1,808.93,808.93
C10157,2024-12,3,5434.3,2934.21
C10157,2025-04,3,2734.21,1252.38
C10157,2025-05,1,396.03,396.03
C10157,2025-07,1,1733.84,1733.84
C10157,2025-08,2,3313.62,2607.72
C10157,2025-10,2,1440.88,725.5
C10157,2026-01,3,4145.87,2115.45
C10157,2026-02,2,2856.25,2123.55
C10157,2026-04,2,3439.41,1979.33
C10157,2026-05,3,3379.2,1568.12
C10157,2026-06,2,1606.71,845.11
C10157,2026-08,2,1367.48,996.45
C10812,2024-10,1,472.29,472.29
C10812,2025-01,3,2193.59,925.12
C10812,2025-02,2,3279.35,2460.69
C10812,2025-04,2,1536.42,803.55
C10812,2025-06,1,993.29,993.29
C10812,2025-09,3,3852.12,2080.84
C10812,2025-11,1,829.93,829.93
C10812,2025-12,2,2799.62,1423.95
C10812,2026-01,3,3415.41,1506.0
C10812,2026-02,1,1383.06,1383.06
C10812,2026-05,1,1553.08,1553.08
C10812,2026-08,3,2386.21,894.52
C10312,2025-02,3,4218.25,1489.03
C10312,2025-05,3,1540.2,815.56
C10312,2025-06,2,1728.58,1208.76
C10312,2025-08,3,4929.18,2273.19
C10312,2025-10,2,1605.17,1095.78
C10312,2025-11,1,1731.99,1731.99
C10312,2025-12,3,2524.11,983.64
C10312,2026-02,2,2060.6,1255.3
C10312,2026-04,3,4302.22,1838.87
C10312,2026-08,1,1626.99,1626.99
C10312,2026-09,2,1816.65,1168.61
C10138,2024-10,2,2856.37,1778.71
C10138,2024-12,2,1761.21,908.1
C10138,2025-02,3,2649.97,1432.61
C10138,2025-06,2,2627.53,1451.17
C10138,2025-07,1,597.46,597.46
C10138,2025-09,1,1072.74,1072.74
C10138,2025-10,3,4837.25,2654.34
C10138,2026-03,3,2422.33,1239.94
C10138,2026-08,1,1637.31,1637.31
C10138,2026-09,1,319.22,319.22
C10423,2025-05,2,1290.42,848.3
C10423,2025-07,3,3875.47,1385.11
C10423,2025-10,3,2104.59,1173.74
C10423,2025-12,1,727.83,727.83
C10423,2026-01,2,833.52,542.68
C10423,2026-02,3,1865.66,875.29
C10423,2026-04,3,2929.32,1227.22
C10423,2026-09,1,509.11,509.11
C10629,2024-10,3,4232.87,1874.7
C10629,2025-02,3,3514.38,1380.23
C10629,2025-03,3,3305.68,1430.1
C10629,2025-06,2,970.3,665.05
C10629,2026-02,2,1796.55,1147.46
C10629,2026-06,1,1927.46,1927.46
C10629,2026-09,3,3520.26,2230.49
C10672,2024-11,2,1853.06,1032.17
C10672,2024-12,1,393.7,393.7
C10672,2025-03,1,1099.92,1099.92
C10672,2025-04,2,1852.79,1379.63
C10672,2025-06,3,1941.77,1037.33
C10672,2025-07,2,2775.11,2066.94
C10672,2025-08,2,726.73,377.11
C10672,2025-09,2,877.53,556.09
C10672,2026-03,3,3669.13,2369.91
C10672,2026-07,3,3983.19,2381.65
C10672,2026-08,1,234.1,234.1
C10578,2024-12,3,5155.51,3463.58
C10578,2025-03,1,1161.9,1161.9
C10578,2025-04,2,1110.43,848.32
C10578,2025-05,1,2291.26,2291.26
C10578,2025-06,2,1832.24,1320.25
C10578,2025-09,1,1183.27,1183.27
C10578,2025-10,1,1072.78,1072.78
C10578,2025-11,1,675.69,675.69
C10578,2026-03,3,2133.54,800.87
C10578,2026-07,3,2341.67,1001.48
C10578,2026-09,1,551.95,551.95
C10800,2024-10,1,682.64,682.64
C10800,2024-11,2,2028.53,1220.09
C10800,2024-12,2,1352.44,781.91
C10800,2025-03,2,6453.79,5413.71
C10800,2025-04,1,1749.86,1749.86
C10800,2025-05,1,592.44,592.44
C10800,2025-07,2,2069.51,1097.18
C10800,2025-08,2,3151.72,2130.77
C10800,2025-09,3,4911.21,2283.85
C10800,2025-12,1,923.71,923.71
C10800,2026-01,1,285.55,285.55
C10800,2026-02,2,1271.55,673.91
C10800,2026-03,2,3375.72,2525.69
C10800,2026-04,3,2000.07,1077.2
C10800,2026-07,1,1153.81,1153.81
C10800,2026-09,3,1824.68,971.89
C10245,2024-12,1,1245.57,1245.57
C10245,2025-04,2,1714.48,976.29
C10245,2025-05,2,1466.87,852.54
C10245,2025-06,2,2169.6,1207.27
C10245,2025-08,3,3107.7,1731.62
C10245,2025-09,3,3203.56,1525.14
C10245,2025-11,2,1401.37,719.95
C10245,2026-02,2,1970.9,1321.86
C10245,2026-03,3,5654.81,4426.69
C10245,2026-04,3,3580.42,2240.95
C10245,2026-06,3,1700.6,862.44
C10245,2026-07,2,1226.43,763.65
C10814,2024-10,1,1016.88,1016.88
C10814,2024-11,1,822.74,822.74
C10814,2024-12,1,778.19,778.19
C10814,2025-03,3,2346.97,1096.98
C10814,2025-04,3,4601.37,1759.5
C10814,2025-05,2,2641.63,1393.49
C10814,2025-07,2,882.5,480.74
C10814,2025-08,1,361.93,361.93
C10814,2025-09,3,3189.6,2046.93
C10814,2025-10,3,2784.92,1269.32
C10814,2026-02,3,4973.97,2464.81
C10814,2026-03,3,2148.96,1012.63
C10814,2026-04,2,2334.68,1444.92
C10814,2026-06,2,1865.35,1353.05
C10814,2026-08,3,1717.08,914.29
C10814,2026-09,3,2005.95,874.68
C10659,2025-01,2,1158.97,589.36
C10659,2025-03,1,1997.8,1997.8
C10659,2025-04,1,612.45,612.45
C10659,2025-05,2,1517.22,898.51
C10659,2025-11,1,737.42,737.42
C10659,2026-02,3,3093.55,1227.37
C10659,2026-03,2,1505.85,887.86
C10659,2026-04,2,2691.91,1620.73
C10659,2026-05,3,3810.11,2633.19
C10659,2026-07,2,428.58,216.64
C10698,2024-10,3,2333.4,1123.39
C10698,2024-11,3,1894.74,928.46
C10698,2025-01,1,429.98,429.98
C10698,2025-02,3,2236.02,1130.4
C10698,2025-03,3,3167.85,1737.76
C10698,2025-04,1,1179.06,1179.06
C10698,2025-06,1,1279.28,1279.28
C10698,2025-10,1,386.55,386.55
C10698,2025-11,3,2067.9,1178.7
C10698,2026-01,2,4486.25,3578.08
C10698,2026-02,2,2629.82,1983.56
C10698,2026-03,2,2084.16,1477.95
C10853,2024-11,1,1721.45,1721.45
C10853,2024-12,3,3915.41,2382.24
C10853,2025-01,1,787.26,787.26
C10853,2025-02,1,1966.92,1966.92
C10853,2025-03,1,1729.25,1729.25
C10853,2025-06,1,1277.11,1277.11
C10853,2025-08,3,4683.36,2487.49
C10853,2025-12,1,933.0,933.0
C10853,2026-04,3,4698.83,3146.3
C10853,2026-06,1,654.06,654.06
C10853,2026-07,3,2312.18,1052.05
C10718,2024-10,2,1460.03,1006.23
C10718,2024-12,2,923.84,700.35
C10718,2025-02,2,2461.75,1428.06
C10718,2025-04,2,1481.91,911.9
C10718,2025-06,3,2100.73,851.58
C10718,2025-07,2,2101.94,1092.47
C10718,2025-08,1,1318.55,1318.55
C10718,2025-10,1,2827.0,2827.0
C10718,2026-02,2,2400.92,1658.98
C10718,2026-03,2,2493.26,1272.02
C10718,2026-08,3,2603.34,1573.06
C10717,2024-10,3,3997.15,2050.57
C10717,2024-12,3,1464.44,709.97
C10717,2025-02,1,777.89,777.89
C10717,2025-08,3,2714.09,1403.36
C10717,2025-09,2,1640.39,1366.65
C10717,2025-10,1,888.02,888.02
C10717,2025-11,2,3801.14,2607.17
C10717,2025-12,2,1710.03,1057.09
C10717,2026-01,1,4538.17,4538.17
C10717,2026-02,1,466.34,466.34
C10717,2026-05,3,3854.05,1630.1
C10717,2026-07,1,867.13,867.13
C10717,2026-08,3,2466.91,1305.88
C10717,2026-09,1,1002.14,1002.14
C10059,2024-11,3,3543.62,1550.96
C10059,2024-12,1,2338.38,2338.38
C10059,2025-01,1,3431.71,3431.71
C10059,2025-02,1,515.32,515.32
C10059,2025-03,1,2058.82,2058.82
C10059,2025-04,3,1757.9,739.4
C10059,2025-05,2,781.9,528.26
C10059,2025-06,1,1480.0,1480.0
C10059,2025-07,1,470.48,470.48
C10059,2025-08,2,2982.9,1725.93
C10059,2025-09,2,1412.9,1130.32
C10059,2025-10,1,784.66,784.66
C10059,2025-12,2,2137.36,1097.83
C10059,2026-01,1,1005.52,1005.52
C10059,2026-02,3,4273.3,1661.97
C10059,2026-04,2,1357.28,718.92
C10059,2026-08,2,2508.16,1379.63
C10152,2024-10,2,2903.08,2205.86
C10152,2025-03,2,758.59,419.7
C10152,2025-05,2,2243.47,2005.11
C10152,2025-06,3,1787.85,875.25
C10152,2025-07,3,4172.04,2399.39
C10152,2025-09,1,988.26,988.26
C10152,2025-10,2,1196.03,961.08
C10152,2025-11,1,1079.36,1079.36
C10152,2025-12,1,870.01,870.01
C10152,2026-02,1,473.61,473.61
C10152,2026-06,3,4096.5,2079.45
C10568,2024-10,2,1500.85,755.24
C10568,2025-03,3,2216.4,1197.18
C10568,2025-08,1,328.16,328.16
C10568,2025-11,1,1474.28,1474.28
C10568,2026-02,2,5248.44,4581.87
C10568,2026-04,2,1552.63,1014.27
C10568,2026-06,3,969.96,378.36
C10897,2024-12,1,3277.83,3277.83
C10897,2025-03,2,3073.61,2078.54
C10897,2025-08,2,1792.67,1263.66
C10897,2025-09,3,6141.78,3758.14
C10897,2025-11,1,1118.37,1118.37
C10897,2025-12,3,1215.88,900.74
C10897,2026-01,1,1271.21,1271.21
C10897,2026-02,2,3393.11,3141.58
C10897,2026-03,1,2192.2,2192.2
C10897,2026-04,1,810.0,810.0
C10897,2026-07,1,1909.64,1909.64
C10897,2026-09,2,1342.2,783.85
C10597,2024-10,1,2982.75,2982.75
C10597,2025-03,2,1679.97,1166.7
C10597,2025-04,3,3116.22,1586.09
C10597,2025-07,1,1077.49,1077.49
C10597,2025-08,1,635.73,635.73
C10597,2025-10,3,2457.41,1676.5
C10597,2026-03,2,2171.94,1113.19
C10597,2026-04,2,2271.64,1338.76
C10597,2026-07,1,384.9,384.9
C10597,2026-09,3,3319.4,1737.2
C10377,2024-12,1,353.78,353.78
C10377,2025-05,3,2077.34,819.81
C10377,2025-06,3,4881.97,1979.96
C10377,2025-08,3,3625.71,2181.87
C10377,2025-10,2,1193.21,856.54
C10377,2025-12,1,744.54,744.54
C10377,2026-03,3,4648.54,3313.55
C10377,2026-04,2,2441.31,1634.19
C10377,2026-08,1,424.4,424.4
C10377,2026-09,2,2403.48,1686.13
C10169,2024-11,2,1305.63,894.11
C10169,2024-12,3,3203.9,1175.95
C10169,2025-01,3,2837.34,1791.67
C10169,2025-03,2,1735.9,1032.51
C10169,2025-05,3,4284.57,1701.86
C10169,2025-06,1,3738.6,3738.6
C10169,2025-08,3,3101.2,1416.93
C10169,2026-01,3,4154.29,1840.42
C10169,2026-04,3,2446.52,942.37
C10169,2026-09,1,1117.27,1117.27
C10810,2024-10,1,1117.86,1117.86
C10810,2024-11,3,3370.7,1649.22
C10810,2025-01,2,5128.64,4703.26
C10810,2025-02,1,374.29,374.29
C10810,2025-06,1,547.21,547.21
C10810,2025-08,3,3072.2,1561.71
C10810,2025-10,2,1883.73,959.27
C10810,2025-11,1,1526.44,1526.44
C10810,2025-12,2,3583.59,1956.51
C10810,2026-01,1,1675.96,1675.96
C10810,2026-02,1,974.45,974.45
C10810,2026-04,3,2725.36,1300.41
C10810,2026-09,3,3838.35,1384.99
C10101,2024-11,2,1244.89,737.18
C10101,2025-05,2,2222.98,1719.72
C10101,2025-08,3,2235.64,1040.49
C10101,2025-09,2,2245.43,1444.18
C10101,2025-12,1,997.55,997.55
C10101,2026-02,2,2241.02,1523.01
C10101,2026-03,2,1386.6,830.63
C10101,2026-05,3,3174.66,1407.5
C10101,2026-06,1,695.13,695.13
C10101,2026-07,1,546.95,546.95
C10268,2024-10,1,970.77,970.77
C10268,2024-11,1,1232.53,1232.53
C10268,2025-02,2,2056.5,1199.06
C10268,2025-04,3,1685.18,736.99
C10268,2025-05,2,2898.01,2184.14
C10268,2025-06,2,3689.66,2448.81
C10268,2025-08,3,1302.05,854.81
C10268,2026-05,2,2548.06,1699.13
C10268,2026-06,3,2503.6,1197.4
C10268,2026-07,3,2555.05,1077.04
C10268,2026-09,3,1776.93,722.02
C10270,2024-11,1,643.64,643.64
C10270,2025-02,3,3592.44,1443.0
C10270,2025-04,3,2003.13,1103.73
C10270,2025-05,3,2388.08,1378.17
C10270,2025-06,2,2701.46,1788.31
C10270,2025-09,2,1547.8,1196.68
C10270,2026-01,3,3248.22,1445.43
C10270,2026-04,3,2404.14,1090.72
C10270,2026-06,3,4436.09,2810.39
C10270,2026-08,3,4553.87,3610.61
C10858,2024-10,2,4099.93,2086.8
C10858,2025-04,1,291.79,291.79
C10858,2025-07,2,2940.52,2504.53
C10858,2025-09,3,3923.67,2104.29
C10858,2026-02,3,2847.87,1447.52
C10858,2026-03,2,1987.56,1508.21
C10858,2026-06,1,503.87,503.87
C10858,2026-07,2,3597.05,3054.33
C10858,2026-08,2,3209.67,1690.26
C10858,2026-09,1,745.44,745.44
C10314,2024-12,3,4429.7,2071.87
C10314,2025-03,1,639.95,639.95
C10314,2025-04,1,1327.02,1327.02
C10314,2025-05,3,3533.8,2073.21
C10314,2025-08,2,1259.14,918.58
C10314,2025-11,1,2941.22,2941.22
C10314,2026-01,2,1659.94,1063.72
C10314,2026-03,2,957.01,632.38
C10314,2026-04,3,3752.42,2006.12
C10314,2026-06,2,1460.76,930.64
C10314,2026-09,2,740.86,435.88
C10527,2024-11,3,2616.11,1998.26
C10527,2025-06,3,2584.94,1163.78
C10527,2025-07,2,2642.53,2370.8
C10527,2025-11,3,3819.85,1653.47
C10527,2026-05,2,1240.89,1052.26
C10527,2026-06,3,4853.76,2366.97
C10527,2026-08,3,2057.35,866.76
C10527,2026-09,3,3088.58,2163.92
C10883,2024-10,2,2522.96,1676.9
C10883,2024-11,2,5490.51,4296.25
C10883,2024-12,1,1162.97,1162.97
C10883,2025-04,1,1196.81,1196.81
C10883,2025-07,2,912.27,457.25
C10883,2025-09,1,1066.25,1066.25
C10883,2025-11,1,445.11,445.11
C10883,2026-08,2,814.01,440.65
C10697,2024-12,1,1315.39,1315.39
C10697,2025-01,1,485.77,485.77
C10697,2025-02,2,1158.99,834.75
C10697,2025-04,3,2392.31,1058.97
C10697,2025-05,3,2110.66,1323.42
C10697,2025-06,2,1772.89,962.07
C10697,2025-07,2,1995.68,1754.12
C10697,2025-08,1,401.0,401.0
C10697,2025-09,2,2665.11,1581.54
C10697,2025-10,2,1364.64,1110.22
C10697,2025-12,1,1174.1,1174.1
C10697,2026-02,3,1601.3,581.01
C10697,2026-04,3,3683.79,1878.82
C10697,2026-05,2,3060.53,2201.94
C10697,2026-06,2,2900.98,1837.86
C10697,2026-07,3,3885.61,2455.88
C10697,2026-08,2,4163.54,3769.36
C10697,2026-09,1,2099.59,2099.59
C10460,2025-04,1,969.25,969.25
C10460,2025-06,1,1263.61,1263.61
C10460,2025-07,1,747.35,747.35
C10460,2025-09,3,5377.12,2455.48
C10460,2026-01,1,624.11,624.11
C10460,2026-03,3,4463.35,2190.9
C10460,2026-06,3,2457.41,1116.3
C10460,2026-07,2,2838.94,1560.75
C10460,2026-09,2,1684.13,1003.41
C10025,2024-12,1,1504.03,1504.03
C10025,2025-02,3,6907.46,4285.88
C10025,2025-03,1,1292.49,1292.49
C10025,2025-04,3,2400.59,1276.66
C10025,2025-05,1,916.18,916.18
C10025,2025-07,2,2777.0,1920.0
C10025,2025-10,2,1716.51,1112.26
C10025,2026-07,1,1815.19,1815.19
C10025,2026-09,1,1916.58,1916.58
C10073,2024-10,2,802.22,591.73
C10073,2024-11,2,1585.62,927.31
C10073,2025-01,3,4929.89,2901.77
C10073,2025-03,3,2652.94,1580.96
C10073,2025-08,1,798.3,798.3
C10073,2025-09,2,3437.35,2866.19
C10073,2025-11,3,9413.72,7805.84
C10073,2026-01,1,1680.14,1680.14
C10073,2026-02,3,3116.64,1397.07
C10073,2026-04,3,2303.87,1017.42
C10073,2026-05,2,1534.82,1113.2
C10073,2026-06,3,3965.55,2291.76
C10073,2026-07,1,935.66,935.66
C10073,2026-08,2,3863.81,2202.23
C10007,2024-11,2,2571.97,1737.72
C10007,2024-12,3,1962.45,855.34
C10007,2025-01,3,2075.24,899.04
C10007,2025-02,2,2163.4,1293.21
C10007,2025-03,2,1824.28,1195.77
C10007,2025-07,1,1284.1,1284.1
C10007,2025-10,3,4572.72,2500.03
C10007,2026-01,3,3554.1,1975.47
C10007,2026-03,1,1073.09,1073.09
C10007,2026-05,2,1151.58,630.83
C10007,2026-06,3,5291.42,2541.4
C10013,2024-10,2,2426.41,1906.4
C10013,2024-11,1,1430.52,1430.52
C10013,2025-02,1,1253.88,1253.88
C10013,2025-03,2,2405.66,1605.4
C10013,2025-04,3,2372.78,1405.68
C10013,2025-05,3,2250.66,1136.95
C10013,2025-07,1,2938.29,2938.29
C10013,2025-08,3,2261.76,862.66
C10013,2025-12,2,1721.76,1000.17
C10013,2026-04,3,2300.74,1166.75
C10013,2026-08,2,2562.1,1729.07
C10367,2024-11,2,2493.86,1418.59
C10367,2025-02,2,5871.72,3499.27
C10367,2025-03,2,1957.76,1328.82
C10367,2025-04,2,2891.62,1637.69
C10367,2025-07,2,1549.46,1028.85
C10367,2025-08,3,2955.01,1409.63
C10367,2025-09,3,2371.77,918.42
C10367,2026-05,2,2079.69,1277.06
C10367,2026-08,2,1623.7,922.96
C10367,2026-09,3,2008.68,828.01
C10212,2024-10,3,3181.73,1277.82
C10212,2025-03,2,2843.29,2021.54
C10212,2025-04,3,4576.21,1973.18
C10212,2025-05,3,3351.54,1429.27
C10212,2025-08,1,804.81,804.81
C10212,2025-11,2,2392.53,1608.57
C10212,2025-12,1,342.53,342.53
C10212,2026-01,3,3669.26,2038.04
C10212,2026-02,3,2339.16,908.63
C10212,2026-08,2,2632.49,1920.95
C10212,2026-09,3,4025.71,2346.83
C10523,2025-01,3,3120.14,1744.41
C10523,2025-03,2,3334.85,1845.21
C10523,2025-04,3,3645.07,1969.47
C10523,2025-06,2,3469.53,2588.76
C10523,2025-08,3,1745.29,670.0
C10523,2025-11,3,2950.45,1165.81
C10523,2025-12,2,2440.25,1434.11
C10523,2026-01,1,345.24,345.24
C10523,2026-03,3,2826.59,1547.7
C10523,2026-04,2,1526.58,966.83
C10339,2024-10,3,3317.13,2119.17
C10339,2024-12,2,2293.52,2038.98
C10339,2025-09,3,2208.98,1144.71
C10339,2025-10,2,1478.18,931.13
C10339,2025-11,2,1267.98,634.97
C10339,2026-02,2,5424.06,4359.36
C10339,2026-03,2,2180.23,1181.72
C10339,2026-04,3,3209.65,1859.75
C10339,2026-05,2,3021.61,1820.79
C10339,2026-09,2,1790.62,1005.05
C10860,2025-01,1,1396.17,1396.17
C10860,2025-04,3,3973.07,1672.8
C10860,2025-07,3,3381.29,1549.45
C10860,2025-11,1,663.94,663.94
C10860,2025-12,1,665.95,665.95
C10860,2026-01,1,1149.51,1149.51
C10860,2026-03,1,1544.45,1544.45
C10860,2026-09,2,1894.39,1182.16
C10022,2024-10,1,939.45,939.45
C10022,2024-12,3,1972.62,1012.56
C10022,2025-01,1,634.49,634.49
C10022,2025-03,2,3400.57,2032.15
C10022,2025-04,1,831.57,831.57
C10022,2025-06,2,1729.4,963.1
C10022,2025-09,2,2180.66,1392.31
C10022,2025-10,3,3995.7,2552.48
C10022,2025-11,1,720.77,720.77
C10022,2026-07,3,3746.67,2106.92
C10022,2026-09,3,6548.1,4421.38
C10303,2025-03,2,1317.29,665.73
C10303,2025-10,2,1688.9,1311.8
C10303,2026-02,2,687.93,463.89
C10303,2026-03,1,852.67,852.67
C10303,2026-04,3,4275.16,1826.31
C10303,2026-06,2,2947.37,1869.3
C10303,2026-07,1,671.37,671.37
C10303,2026-09,3,2568.53,1410.1
C10206,2025-01,2,2528.23,1887.63
C10206,2025-02,1,2100.39,2100.39
C10206,2025-04,2,2014.05,1164.48
C10206,2025-05,2,1496.16,835.18
C10206,2025-08,2,2867.36,2414.1
C10206,2025-09,2,1773.87,1348.15
C10206,2026-01,1,1426.79,1426.79
C10206,2026-02,3,2637.89,1292.03
C10206,2026-03,2,2439.26,1355.81
C10206,2026-05,3,3220.07,1694.8
C10206,2026-06,3,1734.16,818.46
C10544,2025-03,1,961.36,961.36
C10544,2025-04,1,681.38,681.38
C10544,2025-06,2,664.94,349.48
C10544,2025-08,1,421.79,421.79
C10544,2025-09,2,1193.3,661.68
C10544,2025-11,3,5231.28,3144.93
C10544,2026-02,3,1422.66,726.59
C10544,2026-03,3,2240.28,1419.95
C10058,2024-11,3,2256.87,993.47
C10058,2025-01,3,3896.23,2318.69
C10058,2025-03,3,2333.62,1356.54
C10058,2025-04,1,661.99,661.99
C10058,2025-08,1,377.55,377.55
C10058,2025-09,1,681.4,681.4
C10058,2025-10,1,536.03,536.03
C10058,2025-11,3,2937.07,1281.58
C10058,2026-01,2,1120.34,876.75
C10058,2026-04,2,1333.64,887.38
C10058,2026-05,3,2527.65,1270.83
C10058,2026-08,3,3406.04,1651.21
C10058,2026-09,3,5199.78,1993.95
C10627,2024-10,2,2957.21,1849.95
C10627,2024-11,1,1850.2,1850.2
C10627,2024-12,3,3720.41,1351.35
C10627,2025-05,1,290.95,290.95
C10627,2025-08,2,1691.06,968.23
C10627,2025-10,3,2240.0,1321.18
C10627,2025-11,3,4164.82,2002.21
C10627,2026-02,1,1224.72,1224.72
C10627,2026-05,2,2306.06,1660.38
C10627,2026-06,3,1800.36,728.98
C10627,2026-07,2,957.71,588.94
C10349,2024-11,3,2654.32,1417.15
C10349,2025-05,1,1152.26,1152.26
C10349,2025-08,3,3311.72,1434.9
C10349,2025-10,1,351.75,351.75
C10349,2026-01,2,4269.3,2884.32
C10349,2026-03,3,3886.33,1885.97
C10349,2026-06,2,2005.92,1186.07
C10349,2026-07,1,2056.42,2056.42
C10349,2026-08,3,5110.26,1998.42
C10349,2026-09,2,2563.14,1693.25
C10529,2024-10,3,2547.52,1596.92
C10529,2024-11,1,1033.52,1033.52
C10529,2024-12,3,2861.47,1216.01
C10529,2025-03,3,2513.52,1060.61
C10529,2025-04,2,1225.46,769.52
C10529,2025-08,2,2686.64,1486.48
C10529,2025-09,3,3858.41,2179.43
C10529,2025-10,2,2070.82,1101.28
C10529,2025-12,3,4002.59,2679.95
C10529,2026-04,1,684.87,684.87
C10529,2026-06,1,2758.62,2758.62
C10288,2025-01,1,1023.83,1023.83
C10288,2025-03,3,3432.13,1495.04
C10288,2025-05,2,1085.46,672.49
C10288,2025-06,2,2564.71,1530.18
C10288,2025-10,3,4461.85,2509.26
C10288,2025-11,2,3331.67,2181.36
C10288,2025-12,2,2131.35,1136.91
C10288,2026-04,3,2022.8,1217.64
C10288,2026-07,3,4681.68,2189.23
C10288,2026-08,2,1764.62,1278.35
C10288,2026-09,2,1947.44,1388.77
C10607,2024-10,1,563.09,563.09
C10607,2024-11,2,842.53,699.18
C10607,2025-04,1,654.83,654.83
C10607,2025-06,2,1606.73,833.91
C10607,2025-10,2,1883.85,976.28
C10607,2026-03,3,3029.72,1318.37
C10607,2026-07,3,2167.91,1112.9
C10607,2026-08,3,1880.42,748.82
C10085,2024-10,3,2251.44,1393.02
C10085,2025-03,3,1367.12,506.83
C10085,2025-04,3,6030.65,4341.88
C10085,2025-05,3,2573.82,1007.61
C10085,2025-07,1,2027.93,2027.93
C10085,2025-08,3,5395.02,3344.43
C10085,2025-11,3,2823.05,1713.25
C10085,2026-02,3,2012.27,820.08
C10085,2026-03,1,883.77,883.77
C10085,2026-05,3,4275.78,1658.83
C10085,2026-06,2,3104.98,1803.2
C10085,2026-07,1,1372.81,1372.81
C10580,2025-01,2,1254.95,979.18
C10580,2025-03,3,4913.66,2886.22
C10580,2025-05,1,878.78,878.78
C10580,2025-07,1,2012.02,2012.02
C10580,2025-08,2,1761.6,1086.01
C10580,2025-12,2,2761.61,1481.74
C10580,2026-02,1,1492.94,1492.94
C10580,2026-04,3,2378.53,1171.08
C10580,2026-06,1,3254.18,3254.18
C10580,2026-08,1,2189.33,2189.33
C10580,2026-09,2,3299.41,2086.16
C10781,2024-11,2,1988.51,1150.06
C10781,2024-12,1,135.44,135.44
C10781,2025-06,2,1875.01,1100.34
C10781,2025-08,2,2214.04,1425.66
C10781,2025-10,2,2168.1,1752.98
C10781,2025-11,1,682.06,682.06
C10781,2026-03,3,2767.02,1897.69
C10781,2026-04,3,5699.17,3576.59
C10781,2026-05,3,3060.48,2106.06
C10781,2026-06,3,3000.45,1246.71
C10496,2024-12,1,690.27,690.27
C10496,2025-02,1,771.14,771.14
C10496,2025-08,1,166.78,166.78
C10496,2026-07,2,2276.18,1387.64
C10496,2026-08,2,1352.43,727.67
C10455,2025-06,3,1926.72,853.03
C10455,2025-09,2,1474.88,944.02
C10455,2025-12,1,668.47,668.47
C10455,2026-01,2,1732.9,939.58
C10455,2026-03,1,2492.05,2492.05
C10455,2026-04,1,822.24,822.24
C10455,2026-07,1,735.84,735.84
C10226,2024-11,2,2281.03,1780.18
C10226,2024-12,2,6874.45,5613.93
C10226,2025-02,1,261.28,261.28
C10226,2025-03,3,4777.47,2603.32
C10226,2025-05,3,3215.92,2198.84
C10226,2025-08,1,756.83,756.83
C10226,2026-01,3,3738.79,1825.28
C10226,2026-02,2,4351.12,3280.05
C10226,2026-04,1,1124.86,1124.86
C10028,2024-10,3,2744.85,1954.81
C10028,2025-04,2,6209.65,5426.51
C10028,2025-10,2,1214.24,642.08
C10028,2025-11,3,5814.38,3463.24
C10028,2026-01,3,2511.99,2037.8
C10028,2026-04,1,2556.19,2556.19
C10028,2026-06,3,2381.19,1079.96
C10028,2026-07,3,2275.91,822.24
C10028,2026-08,2,3537.46,2734.59
C10028,2026-09,1,449.57,449.57
C10823,2024-10,3,2211.72,1102.0
C10823,2024-11,2,1568.92,802.01
C10823,2024-12,1,1019.54,1019.54
C10823,2025-01,1,1481.54,1481.54
C10823,2025-04,1,793.33,793.33
C10823,2025-05,2,1618.3,1060.88
C10823,2025-08,3,4255.21,2479.13
C10823,2025-10,3,3164.8,2345.32
C10823,2025-11,1,1032.77,1032.77
C10823,2025-12,1,393.68,393.68
C10823,2026-01,2,1251.84,808.23
C10823,2026-03,2,2041.95,1062.23
C10823,2026-04,3,2409.86,887.95
C10823,2026-05,2,1126.66,759.43
C10823,2026-07,3,4158.62,2824.0
C10280,2024-11,1,1396.58,1396.58
C10280,2024-12,2,4611.37,3958.27
C10280,2025-02,2,4810.96,3996.68
C10280,2025-03,3,1911.82,1183.72
C10280,2025-06,1,1368.84,1368.84
C10280,2025-08,1,962.11,962.11
C10280,2025-09,1,5787.39,5787.39
C10280,2025-10,1,2393.42,2393.42
C10280,2025-11,1,844.46,844.46
C10280,2026-03,2,2724.82,2039.81
C10280,2026-04,1,984.01,984.01
C10280,2026-08,2,3111.78,1606.16
C10280,2026-09,3,2562.92,1246.92
C10248,2024-12,3,1707.82,772.14
C10248,2025-01,3,4646.67,2261.6
C10248,2025-02,2,1691.53,1482.21
C10248,2025-03,2,1947.46,1526.27
C10248,2025-06,1,734.92,734.92
C10248,2025-07,1,1306.25,1306.25
C10248,2025-10,3,2360.02,1204.06
C10248,2025-11,3,3959.66,1416.0
C10248,2025-12,3,2535.14,1724.52
C10248,2026-01,3,4985.41,2721.61
C10248,2026-02,1,422.89,422.89
C10248,2026-04,2,2529.46,1484.39
C10248,2026-05,1,936.54,936.54
C10248,2026-06,2,1939.24,1257.58
C10248,2026-07,1,1762.21,1762.21
C10248,2026-09,3,4351.16,1752.49
C10020,2024-11,3,1801.86,677.63
C10020,2024-12,2,1781.22,1440.95
C10020,2025-01,3,2161.72,1288.77
C10020,2025-03,2,1289.82,716.33
C10020,2025-04,2,1352.87,1081.83
C10020,2025-05,1,3129.86,3129.86
C10020,2025-07,3,2775.5,1662.08
C10020,2025-08,2,1573.85,890.54
C10020,2025-11,3,4351.05,2109.01
C10020,2025-12,2,1289.84,849.36
C10020,2026-03,1,1008.66,1008.66
C10020,2026-04,3,5115.49,3253.49
C10751,2024-10,3,4020.63,2341.44
C10751,2024-12,1,627.87,627.87
C10751,2025-01,2,2850.19,2172.42
C10751,2025-03,2,1565.2,808.77
C10751,2025-04,3,3417.27,1317.24
C10751,2025-05,1,1463.27,1463.27
C10751,2025-06,3,2835.61,1228.71
C10751,2025-10,2,1997.09,1649.46
C10751,2026-01,3,3238.71,2013.12
C10751,2026-02,3,3910.35,1527.05
C10751,2026-04,3,5232.08,1848.39
C10751,2026-05,1,272.54,272.54
C10751,2026-06,3,4359.94,2695.57
C10751,2026-09,2,2773.5,1575.87
C10584,2024-12,2,1286.39,734.2
C10584,2025-01,2,3110.21,2584.45
C10584,2025-02,2,2706.59,1792.15
C10584,2025-04,2,1985.02,1503.18
C10584,2025-06,2,1722.86,1086.11
C10584,2025-07,3,2031.79,901.51
C10584,2025-08,2,1482.32,813.15
C10584,2025-10,2,1611.29,1284.92
C10584,2025-11,2,2385.7,1281.23
C10584,2025-12,1,2773.5,2773.5
C10584,2026-02,1,287.33,287.33
C10584,2026-05,1,515.29,515.29
C10584,2026-06,1,802.17,802.17
C10584,2026-09,1,973.13,973.13
C10590,2025-02,2,2349.97,1491.21
C10590,2025-03,2,1888.97,1324.2
C10590,2025-08,3,1739.49,727.56
C10590,2025-10,1,206.99,206.99
C10590,2025-11,3,3940.13,2227.78
C10590,2026-02,1,1263.99,1263.99
C10590,2026-03,1,495.52,495.52
C10658,2024-10,1,1618.58,1618.58
C10658,2024-11,3,1212.9,465.98
C10658,2025-02,3,2024.01,1402.7
C10658,2025-05,3,2127.54,841.38
C10658,2025-06,2,1655.23,1112.89
C10658,2025-07,2,3292.85,1776.1
C10658,2025-11,1,2280.48,2280.48
C10658,2026-02,1,1281.74,1281.74
C10658,2026-08,3,2414.31,955.83
C10536,2025-01,3,2802.95,1089.15
C10536,2025-10,3,3356.13,2396.72
C10536,2025-12,3,3671.4,1395.61
C10536,2026-02,1,1359.99,1359.99
C10536,2026-04,2,2162.14,1462.31
C10536,2026-05,3,3176.91,1240.27
C10536,2026-06,3,6852.19,3798.96
C10536,2026-07,2,1916.86,1131.6
C10536,2026-08,1,1301.54,1301.54
C10536,2026-09,1,993.83,993.83
C10465,2024-10,1,1765.92,1765.92
C10465,2024-11,1,1271.9,1271.9
C10465,2025-02,3,2713.06,1701.36
C10465,2025-04,1,1020.73,1020.73
C10465,2025-06,3,6800.97,4183.55
C10465,2025-08,3,1915.04,922.63
C10465,2025-11,1,1218.76,1218.76
C10465,2025-12,2,1961.32,1078.69
C10465,2026-02,2,1520.02,982.88
C10465,2026-08,2,2245.13,1393.29
C10191,2025-02,3,3720.08,2369.01
C10191,2025-05,2,1774.85,917.7
C10191,2025-06,2,2706.31,1638.15
C10191,2025-07,3,1965.3,772.5
C10191,2026-01,1,1724.78,1724.78
C10191,2026-04,3,2086.29,825.75
C10191,2026-05,3,4391.48,2363.47
C10191,2026-08,2,2548.39,1467.76
C10217,2024-11,1,1359.45,1359.45
C10217,2024-12,1,633.81,633.81
C10217,2025-04,1,1253.68,1253.68
C10217,2025-05,2,1256.23,795.8
C10217,2025-06,3,4053.92,2188.81
C10217,2025-07,2,1648.26,1211.33
C10217,2025-08,2,4212.15,2532.9
C10217,2025-09,1,2193.08,2193.08
C10217,2025-11,2,2853.86,1625.25
C10217,2025-12,3,4515.82,3405.51
C10217,2026-01,2,691.89,489.76
C10217,2026-02,3,3707.9,2073.46
C10217,2026-03,1,1869.07,1869.07
C10217,2026-07,1,865.38,865.38
C10217,2026-09,3,3900.38,1625.13
C10396,2024-12,1,621.76,621.76
C10396,2025-02,3,3211.11,1471.84
C10396,2025-03,2,763.55,393.92
C10396,2025-04,3,1885.48,917.48
C10396,2025-06,3,1398.08,687.32
C10396,2025-07,1,673.85,673.85
C10396,2025-11,3,3937.53,1998.14
C10396,2026-04,3,4965.47,2421.2
C10396,2026-05,3,3503.15,2031.34
C10396,2026-06,3,2149.26,789.55
C10396,2026-07,1,609.44,609.44
C10396,2026-09,2,3514.25,2568.01
C10385,2024-10,1,695.68,695.68
C10385,2024-11,1,953.96,953.96
C10385,2024-12,3,2545.88,1667.8
C10385,2025-03,3,2929.5,1820.71
C10385,2025-04,2,1378.03,794.94
C10385,2025-05,1,1257.98,1257.98
C10385,2025-06,2,1496.64,1105.99
C10385,2025-07,2,2508.81,1985.81
C10385,2025-08,3,5099.17,3931.19
C10385,2025-11,3,4371.68,2084.45
C10385,2026-03,2,3692.56,2839.47
C10626,2024-10,2,993.51,536.64
C10626,2025-02,1,1164.52,1164.52
C10626,2025-03,1,792.21,792.21
C10626,2025-04,3,3094.23,2673.57
C10626,2025-06,3,4701.79,2477.09
C10626,2025-08,3,1779.73,662.87
C10626,2025-09,2,2192.49,1511.03
C10626,2025-11,1,841.13,841.13
C10626,2026-01,3,2455.11,1425.49
C10626,2026-03,2,2202.04,1693.63
C10626,2026-04,2,1623.7,1170.75
C10626,2026-09,3,2914.83,1899.03
C10002,2024-10,1,783.26,783.26
C10002,2025-03,1,695.2,695.2
C10002,2025-09,2,1095.24,569.79
C10002,2025-10,1,1349.33,1349.33
C10002,2025-11,1,1147.64,1147.64
C10002,2025-12,1,272.27,272.27
C10002,2026-01,3,2815.93,1219.29
C10002,2026-02,2,1902.73,1085.53
C10002,2026-05,3,4246.17,1677.79
C10185,2024-10,1,1433.22,1433.22
C10185,2024-11,2,1563.08,986.67
C10185,2025-01,2,1410.31,747.81
C10185,2025-05,1,1552.1,1552.1
C10185,2025-07,1,731.4,731.4
C10185,2025-08,1,1066.99,1066.99
C10185,2025-11,1,735.66,735.66
C10185,2026-02,2,2880.88,2042.15
C10185,2026-03,3,3338.82,2371.28
C10185,2026-05,2,2422.25,1821.07
C10185,2026-06,2,1897.61,1082.32
C10185,2026-08,1,536.84,536.84
C10477,2024-12,2,1998.05,1437.46
C10477,2025-07,2,3080.06,2552.32
C10477,2025-09,2,3714.17,1929.91
C10477,2026-03,1,857.78,857.78
C10477,2026-04,1,626.2,626.2
C10477,2026-05,1,895.37,895.37
C10477,2026-06,2,3783.46,2831.87
C10477,2026-07,2,3486.33,2765.06
C10426,2025-04,1,335.83,335.83
C10426,2025-05,3,2479.47,1555.8
C10426,2025-06,2,1357.5,786.72
C10426,2025-07,2,1990.24,1394.4
C10426,2025-10,3,2948.85,1820.24
C10426,2025-12,3,3705.99,1659.37
C10426,2026-03,2,1554.83,1080.12
C10426,2026-04,1,586.76,586.76
C10426,2026-08,2,2800.64,2143.13
C10582,2024-12,3,3757.95,1520.7
C10582,2025-04,1,708.12,708.12
C10582,2025-06,1,884.54,884.54
C10582,2026-02,1,840.44,840.44
C10582,2026-06,3,3950.87,2673.35
C10582,2026-07,1,626.87,626.87
C10783,2025-02,1,495.9,495.9
C10783,2025-03,2,2312.14,1796.64
C10783,2025-05,3,2529.29,971.02
C10783,2025-08,1,931.96,931.96
C10783,2025-09,2,2613.0,1790.82
C10783,2025-11,1,1404.44,1404.44
C10783,2026-01,2,1512.87,1069.55
C10783,2026-03,1,1433.27,1433.27
C10783,2026-04,2,1492.44,970.71
C10783,2026-05,1,1017.42,1017.42
C10783,2026-06,1,437.17,437.17
C10783,2026-08,3,3543.47,2621.35
C10668,2025-01,2,2723.17,1885.76
C10668,2025-03,1,1098.95,1098.95
C10668,2025-10,3,2718.33,1469.33
C10668,2025-12,2,1942.05,1096.0
C10668,2026-03,3,3533.72,1639.28
C10668,2026-05,1,329.08,329.08
C10668,2026-06,2,3450.97,2166.56
C10784,2025-01,1,688.15,688.15
C10784,2025-02,3,2951.26,1105.33
C10784,2025-03,1,665.63,665.63
C10784,2025-04,1,1004.43,1004.43
C10784,2025-06,3,2082.77,907.5
C10784,2025-07,3,7842.46,6177.48
C10784,2025-08,3,1962.11,736.95
C10784,2025-09,2,2011.28,1240.77
C10784,2026-02,3,3611.42,1962.77
C10784,2026-03,1,432.35,432.35
C10784,2026-04,3,2897.73,1222.14
C10784,2026-06,1,872.56,872.56
C10784,2026-07,1,1868.24,1868.24
C10784,2026-08,3,5515.99,3100.92
C10784,2026-09,3,2883.39,1673.25
C10819,2024-11,1,453.03,453.03
C10819,2025-01,3,3881.04,1845.31
C10819,2025-03,1,471.14,471.14
C10819,2025-06,2,3625.99,1910.08
C10819,2025-08,3,1827.15,1022.57
C10819,2025-10,1,280.34,280.34
C10819,2025-12,2,1360.41,916.05
C10819,2026-05,1,1408.05,1408.05
C10819,2026-06,2,3753.71,2097.99
C10819,2026-08,1,1089.07,1089.07
C10061,2024-10,1,234.63,234.63
C10061,2024-12,1,652.96,652.96
C10061,2025-02,2,991.7,570.79
C10061,2025-07,1,903.45,903.45
C10061,2025-08,2,2012.92,1057.95
C10061,2025-09,2,3843.36,2119.75
C10061,2025-10,1,974.17,974.17
C10061,2025-12,2,1491.27,1055.46
C10061,2026-03,1,1179.58,1179.58
C10061,2026-05,1,696.04,696.04
C10061,2026-07,1,959.53,959.53
C10061,2026-08,3,2469.66,961.3
C10850,2024-12,1,1013.57,1013.57
C10850,2025-02,2,3013.93,1807.88
C10850,2025-04,1,1398.78,1398.78
C10850,2025-07,2,973.62,741.72
C10850,2025-11,2,3455.74,2504.16
C10850,2026-01,2,1022.01,541.77
C10850,2026-02,1,1012.28,1012.28
C10850,2026-03,1,1080.91,1080.91
C10539,2024-11,1,682.12,682.12
C10539,2025-03,1,1797.24,1797.24
C10539,2025-05,3,3585.39,1871.9
C10539,2025-08,3,1925.86,991.5
C10539,2025-09,2,1180.98,967.25
C10539,2025-11,1,855.71,855.71
C10539,2025-12,3,4099.78,1444.66
C10539,2026-03,1,1471.03,1471.03
C10539,2026-05,1,715.79,715.79
C10539,2026-09,1,521.51,521.51
C10040,2024-11,2,1869.0,1072.44
C10040,2024-12,1,684.74,684.74
C10040,2025-02,1,983.46,983.46
C10040,2025-10,2,2624.18,1913.86
C10040,2026-04,1,463.67,463.67
C10040,2026-06,1,540.27,540.27
C10040,2026-07,1,890.1,890.1
C10040,2026-08,1,938.98,938.98
C10040,2026-09,1,325.25,325.25
C10745,2024-11,2,1488.31,950.41
C10745,2025-03,3,3648.6,1459.27
C10745,2025-04,2,842.03,495.03
C10745,2025-06,3,3515.9,1539.48
C10745,2025-07,1,747.13,747.13
C10745,2025-08,2,4483.22,3201.44
C10745,2025-10,2,2040.96,1597.44
C10745,2026-01,3,2472.45,996.48
C10745,2026-02,1,820.55,820.55
C10745,2026-06,3,1431.6,789.33
C10745,2026-08,1,952.48,952.48
C10745,2026-09,1,215.57,215.57
C10278,2024-10,2,2483.7,1608.08
C10278,2025-03,1,720.32,720.32
C10278,2025-04,1,286.04,286.04
C10278,2025-05,1,1415.45,1415.45
C10278,2025-11,3,3675.91,1962.81
C10278,2026-03,3,2955.33,1455.62
C10278,2026-04,1,1351.03,1351.03
C10278,2026-07,3,1988.25,867.37
C10278,2026-08,1,1224.94,1224.94
C10100,2024-10,1,1666.52,1666.52
C10100,2024-11,2,2613.61,2030.76
C10100,2024-12,3,2015.41,865.34
C10100,2025-02,2,2035.87,1092.35
C10100,2025-03,1,922.83,922.83
C10100,2025-05,1,1194.92,1194.92
C10100,2025-07,2,1741.21,1340.08
C10100,2025-10,2,1003.92,795.38
C10100,2025-12,1,935.45,935.45
C10100,2026-03,1,657.56,657.56
C10100,2026-05,2,988.92,543.62
C10100,2026-06,2,1308.35,683.39
C10100,2026-07,3,6828.21,3357.18
C10100,2026-08,1,793.13,793.13
C10100,2026-09,2,6445.95,3870.59
C10359,2024-11,3,3689.01,2215.93
C10359,2025-01,1,960.91,960.91
C10359,2025-02,1,1417.35,1417.35
C10359,2025-06,1,976.91,976.91
C10359,2025-07,2,2655.57,1692.4
C10359,2025-08,3,3006.05,1295.97
C10359,2025-09,2,2249.12,1823.09
C10359,2025-10,1,820.38,820.38
C10359,2025-12,1,3404.4,3404.4
C10359,2026-02,2,1811.11,930.79
C10359,2026-07,3,4692.1,2618.39
C10868,2025-04,3,2282.16,881.66
C10868,2025-07,3,2864.57,1471.51
C10868,2025-08,3,2905.93,1445.94
C10868,2025-11,3,5263.61,2683.33
C10868,2026-01,1,635.14,635.14
C10868,2026-03,3,1760.01,842.59
C10868,2026-07,2,2144.49,1392.78
C10868,2026-09,2,3675.98,2214.31
C10756,2024-11,3,2073.3,889.27
C10756,2024-12,1,393.85,393.85
C10756,2025-02,3,3953.13,2340.49
C10756,2025-04,2,2054.61,1654.69
C10756,2025-05,2,856.96,538.31
C10756,2025-08,2,1969.68,1725.92
C10756,2025-11,1,647.72,647.72
C10756,2026-03,1,369.42,369.42
C10756,2026-04,3,2694.15,1364.4
C10756,2026-05,3,2545.64,1014.81
C10756,2026-07,3,2903.4,1559.55
C10756,2026-09,3,4107.33,2441.83
C10602,2024-12,1,818.14,818.14
C10602,2025-05,2,1433.96,946.75
C10602,2025-07,2,1866.61,1324.53
C10602,2025-09,1,412.77,412.77
C10602,2025-10,2,1741.6,1211.56
C10602,2026-01,1,2894.75,2894.75
C10602,2026-02,3,2011.53,1125.5
C10602,2026-06,2,3540.02,2678.9
C10602,2026-08,2,3046.45,1595.91
C10573,2024-10,2,3495.13,1855.64
C10573,2024-11,3,2567.59,1257.96
C10573,2025-01,3,5841.91,4049.34
C10573,2025-02,1,1751.6,1751.6
C10573,2025-03,1,1162.05,1162.05
C10573,2025-04,3,3014.29,1790.9
C10573,2025-06,2,3262.5,2031.31
C10573,2025-08,2,1321.14,1189.92
C10573,2026-05,2,2089.93,1064.47
C10573,2026-08,2,1029.55,692.92
C10815,2024-11,3,2637.77,1514.98
C10815,2024-12,1,406.17,406.17
C10815,2025-04,2,2435.01,2267.22
C10815,2025-05,3,2344.69,967.57
C10815,2025-07,2,2252.62,1335.21
C10815,2025-08,1,613.19,613.19
C10815,2025-09,3,5624.9,4219.17
C10815,2025-10,2,1042.5,595.38
C10815,2025-11,3,3183.07,1565.83
C10815,2026-01,3,3228.12,1947.2
C10815,2026-08,1,989.51,989.51
C10057,2024-11,2,2902.09,2045.55
C10057,2025-02,1,1172.38,1172.38
C10057,2025-04,2,1656.36,1146.07
C10057,2025-08,3,3574.71,1733.09
C10057,2025-10,1,288.17,288.17
C10057,2025-12,3,1586.52,645.08
C10057,2026-03,3,6027.25,2849.28
C10057,2026-05,3,6798.94,4123.43
C10057,2026-06,1,737.21,737.21
C10237,2024-10,1,1619.28,1619.28
C10237,2024-11,1,1670.47,1670.47
C10237,2025-01,2,1450.48,773.95
C10237,2025-05,1,1405.87,1405.87
C10237,2025-06,3,2267.38,1216.26
C10237,2025-08,3,2133.93,1054.08
C10237,2025-12,1,2453.1,2453.1
C10237,2026-01,1,254.35,254.35
C10237,2026-03,2,2862.6,2128.92
C10237,2026-04,1,646.75,646.75
C10237,2026-06,1,782.84,782.84
C10237,2026-09,3,3728.54,1820.83
C10865,2025-01,1,951.08,951.08
C10865,2025-04,1,2196.3,2196.3
C10865,2025-05,1,967.94,967.94
C10865,2025-06,2,2001.02,1160.33
C10865,2025-08,2,1174.48,953.03
C10865,2025-09,3,3989.46,2317.58
C10865,2025-10,1,1463.54,1463.54
C10865,2025-12,1,616.16,616.16
C10865,2026-02,3,1832.99,709.18
C10865,2026-04,3,4562.23,1730.23
C10865,2026-05,3,2658.87,1094.08
C10865,2026-06,1,1892.52,1892.52
C10865,2026-07,3,6198.52,2333.64
C10865,2026-08,1,915.5,915.5
C10865,2026-09,3,2515.84,1419.45
C10255,2024-10,1,339.85,339.85
C10255,2024-11,3,7812.09,5328.02
C10255,2024-12,3,2173.18,1027.75
C10255,2025-02,3,2864.52,1368.45
C10255,2025-06,1,363.01,363.01
C10255,2025-07,3,4611.34,2614.91
C10255,2025-09,2,2802.86,1808.49
C10255,2025-10,3,4579.19,2004.28
C10255,2025-11,2,1673.35,1217.71
C10255,2025-12,2,1574.49,1046.64
C10255,2026-02,1,782.16,782.16
C10255,2026-05,3,2702.13,1364.16
C10255,2026-08,3,3443.48,1858.99
C10291,2025-01,2,3317.37,2286.62
C10291,2025-04,3,1677.59,888.8
C10291,2025-05,3,3735.09,1902.3
C10291,2025-06,3,1756.63,621.87
C10291,2026-01,2,1593.69,843.84
C10291,2026-02,1,513.48,513.48
C10291,2026-03,1,1680.98,1680.98
C10291,2026-04,1,1394.85,1394.85
C10291,2026-08,1,1289.95,1289.95
C10397,2024-10,1,362.97,362.97
C10397,2024-11,2,2416.4,1874.07
C10397,2025-02,2,1727.56,1250.22
C10397,2025-05,1,669.89,669.89
C10397,2025-06,1,1735.64,1735.64
C10397,2025-07,1,315.81,315.81
C10397,2025-09,1,2757.06,2757.06
C10397,2025-10,3,3351.07,1612.32
C10397,2026-04,1,736.8,736.8
C10397,2026-05,2,2789.98,1833.56
C10397,2026-06,1,1126.5,1126.5
C10790,2024-10,3,2255.64,1476.5
C10790,2025-02,1,1132.25,1132.25
C10790,2025-03,2,2956.5,2292.22
C10790,2025-04,1,643.98,643.98
C10790,2026-02,1,1870.41,1870.41
C10790,2026-04,3,3418.02,1599.85
C10790,2026-05,3,3059.19,1713.53
C10790,2026-07,1,407.8,407.8
C10854,2024-11,1,762.03,762.03
C10854,2025-02,3,2214.47,1004.31
C10854,2025-04,3,1855.41,904.58
C10854,2025-05,1,3202.63,3202.63
C10854,2025-11,2,1696.37,1035.94
C10854,2026-01,2,2336.96,2017.18
C10854,2026-04,3,2362.44,1374.95
C10854,2026-06,2,1168.26,816.8
C10854,2026-07,3,4531.82,2093.78
C10239,2024-10,2,3060.94,2606.48
C10239,2024-11,3,3178.12,1603.04
C10239,2025-01,3,3942.41,2225.53
C10239,2025-08,2,1638.18,984.44
C10239,2025-10,1,771.28,771.28
C10239,2026-06,1,733.34,733.34
C10239,2026-08,3,2598.16,986.69
C10608,2025-05,2,2979.32,1853.39
C10608,2025-06,2,1058.09,724.45
C10608,2025-08,1,577.13,577.13
C10608,2025-09,3,7639.49,3170.77
C10608,2025-10,1,878.53,878.53
C10608,2025-11,3,2768.63,1243.28
C10608,2025-12,1,690.45,690.45
C10608,2026-01,2,2047.89,1107.88
C10608,2026-06,1,1090.89,1090.89
C10608,2026-07,2,2754.94,1971.73
C10791,2024-10,2,1534.99,786.3
C10791,2024-11,3,2880.57,1180.78
C10791,2024-12,1,624.94,624.94
C10791,2025-01,2,1582.39,1092.64
C10791,2025-02,3,1854.64,1005.01
C10791,2025-04,1,1047.37,1047.37
C10791,2025-05,1,2355.92,2355.92
C10791,2025-07,2,3108.0,1978.97
C10791,2025-10,1,1100.29,1100.29
C10791,2025-11,2,1470.93,1007.1
C10791,2026-01,2,2505.0,1977.25
C10791,2026-05,1,4783.43,4783.43
C10791,2026-08,3,3050.63,1421.15
C10791,2026-09,2,2080.09,1509.05
C10554,2025-04,3,2974.39,1207.77
C10554,2025-05,3,2326.91,955.2
C10554,2025-06,1,1289.72,1289.72
C10554,2025-07,1,2071.78,2071.78
C10554,2025-08,2,2214.24,1728.37
C10554,2025-09,1,1707.05,1707.05
C10554,2025-10,3,4084.98,2590.81
C10554,2025-11,1,974.89,974.89
C10554,2025-12,2,2136.76,1347.63
C10554,2026-01,2,1560.03,1252.5
C10554,2026-02,3,4907.7,3482.36
C10554,2026-03,2,1319.25,896.43
C10554,2026-06,2,3544.0,2858.84
C10554,2026-08,3,2374.05,1183.01
C10319,2024-12,3,3232.72,1417.83
C10319,2025-03,3,3028.4,1249.95
C10319,2025-04,2,1918.61,1199.06
C10319,2025-11,3,3060.01,1267.4
C10319,2025-12,2,1342.66,680.46
C10319,2026-01,1,1479.99,1479.99
C10319,2026-04,1,914.85,914.85
C10319,2026-07,2,1019.0,573.25
C10319,2026-09,1,666.15,666.15
C10820,2024-11,3,3166.32,1142.38
C10820,2024-12,1,1442.26,1442.26
C10820,2025-06,1,883.1,883.1
C10820,2025-09,1,800.32,800.32
C10820,2025-11,2,1863.75,1440.57
C10820,2026-02,2,919.54,644.6
C10820,2026-03,1,866.21,866.21
C10820,2026-04,3,3654.34,1380.46
C10820,2026-05,1,726.93,726.93
C10820,2026-06,1,628.8,628.8
C10376,2024-10,2,977.23,597.02
C10376,2024-11,3,3189.41,1452.68
C10376,2025-06,2,1968.83,1482.91
C10376,2025-08,3,3660.97,1882.64
C10376,2025-10,1,1418.39,1418.39
C10376,2025-12,2,2323.98,1561.47
C10376,2026-02,1,2422.66,2422.66
C10376,2026-04,3,2617.53,1187.68
C10376,2026-07,1,702.71,702.71
C10071,2024-10,1,1801.52,1801.52
C10071,2024-12,3,3878.05,1826.26
C10071,2025-01,2,1273.59,733.1
C10071,2025-04,3,5924.28,2787.54
C10071,2025-06,2,2373.26,1728.79
C10071,2025-07,2,4112.98,2329.15
C10071,2025-09,2,2761.65,1406.77
C10071,2025-10,3,2675.82,983.31
C10071,2025-11,3,4214.61,1783.39
C10071,2026-02,2,2056.17,1398.01
C10071,2026-08,1,1519.44,1519.44
C10071,2026-09,3,1940.84,1026.95
C10511,2024-10,1,641.28,641.28
C10511,2024-12,2,2706.78,2100.57
C10511,2025-01,2,2065.07,1280.11
C10511,2025-02,3,3071.01,1440.37
C10511,2025-11,2,2288.86,1551.45
C10511,2026-01,3,1954.83,804.66
C10511,2026-02,2,2017.25,1320.16
C10511,2026-06,1,1339.59,1339.59
C10511,2026-07,3,2106.77,1316.2
C10422,2025-02,3,6049.08,4257.55
C10422,2025-04,1,1864.3,1864.3
C10422,2025-06,2,2235.58,1426.28
C10422,2025-07,2,1910.41,1344.42
C10422,2025-08,3,3099.74,2171.25
C10422,2026-01,1,630.86,630.86
C10422,2026-02,3,3678.13,1808.03
C10422,2026-03,3,3099.43,1876.15
C10422,2026-04,2,2761.54,1499.66
C10422,2026-08,1,598.19,598.19
C10788,2024-11,2,3481.26,2951.6
C10788,2024-12,3,3686.63,2114.85
C10788,2025-05,2,1000.38,749.12
C10788,2025-06,2,2582.53,1905.47
C10788,2025-07,3,4299.1,1654.84
C10788,2025-12,3,2455.97,1241.06
C10788,2026-01,2,2263.76,1675.78
C10788,2026-05,2,1238.97,869.67
C10788,2026-06,2,831.49,535.62
C10788,2026-07,2,2068.32,1443.06
C10571,2025-01,1,1609.89,1609.89
C10571,2025-02,2,2489.81,1458.06
C10571,2025-03,3,4108.94,2592.75
C10571,2025-05,2,6212.34,5566.96
C10571,2025-06,3,2645.18,1554.72
C10571,2025-08,1,750.08,750.08
C10571,2025-11,2,1062.1,566.35
C10571,2025-12,2,2501.65,1681.86
C10571,2026-01,2,1359.88,814.9
C10571,2026-05,1,1129.33,1129.33
C10571,2026-06,3,2643.06,1156.62
C10571,2026-07,1,2946.68,2946.68
C10389,2024-10,1,609.24,609.24
C10389,2025-02,3,2820.8,1649.49
C10389,2025-04,2,2362.82,1445.67
C10389,2025-08,1,762.27,762.27
C10389,2025-09,1,472.76,472.76
C10389,2025-10,3,2363.08,1281.97
C10389,2025-11,2,1255.86,833.33
C10389,2026-02,2,2512.05,2016.78
C10389,2026-03,3,3605.67,1555.71
C10389,2026-06,3,6390.98,3548.51
C10210,2024-12,2,2244.31,1795.39
C10210,2025-01,2,2123.87,1726.86
C10210,2025-02,3,2061.17,875.42
C10210,2025-04,2,1804.6,1085.67
C10210,2025-08,1,1598.8,1598.8
C10210,2026-01,1,1289.05,1289.05
C10210,2026-03,3,5347.99,3030.76
C10210,2026-04,2,2064.71,1545.99
C10210,2026-09,1,662.91,662.91
C10699,2024-12,2,4402.45,2452.41
C10699,2025-04,1,1012.64,1012.64
C10699,2025-07,2,1527.79,1102.44
C10699,2025-08,2,1232.98,709.84
C10699,2025-09,1,1051.48,1051.48
C10699,2026-01,1,2477.32,2477.32
C10699,2026-06,3,2382.73,935.8
C10699,2026-08,2,1616.89,1256.5
C10872,2024-11,1,768.85,768.85
C10872,2025-02,3,4079.76,2002.32
C10872,2025-07,3,2617.95,1182.35
C10872,2025-08,2,2078.18,1150.4
C10872,2025-09,3,2858.8,1158.57
C10872,2025-10,2,2947.72,2574.17
C10872,2025-11,2,2888.8,1505.33
C10872,2026-05,2,1010.11,519.71
C10872,2026-07,1,331.86,331.86
C10872,2026-09,2,2145.71,1122.24
C10167,2025-04,2,1194.71,730.75
C10167,2025-05,1,710.28,710.28
C10167,2025-06,3,3068.38,1160.37
C10167,2025-07,3,4640.46,2922.02
C10167,2026-02,2,1327.7,924.5
C10167,2026-04,1,1021.56,1021.56
C10173,2024-10,1,461.21,461.21
C10173,2024-11,1,910.6,910.6
C10173,2025-01,1,278.79,278.79
C10173,2025-07,2,1876.8,1472.27
C10173,2025-09,2,1838.29,1094.14
C10173,2025-11,1,1180.3,1180.3
C10173,2026-01,3,1960.1,694.68
C10173,2026-03,1,715.47,715.47
C10173,2026-05,3,3396.92,1340.69
C10707,2024-11,1,358.06,358.06
C10707,2024-12,1,510.31,510.31
C10707,2025-01,2,1353.59,935.89
C10707,2025-03,3,1999.51,1197.11
C10707,2025-04,2,4279.04,3201.02
C10707,2025-06,1,1400.24,1400.24
C10707,2025-08,2,2002.77,1326.12
C10707,2025-09,2,1672.15,1054.69
C10707,2025-10,2,1137.6,842.27
C10707,2025-11,2,2116.12,1361.77
C10707,2026-01,3,2579.66,1155.43
C10707,2026-02,3,3988.42,1680.93
C10707,2026-03,2,758.92,411.74
C10707,2026-04,1,682.4,682.4
C10707,2026-06,1,243.15,243.15
C10707,2026-09,3,1893.49,986.87
C10546,2024-12,1,654.39,654.39
C10546,2025-02,1,846.97,846.97
C10546,2025-05,3,2025.49,1046.03
C10546,2025-06,1,1405.76,1405.76
C10546,2025-10,1,384.8,384.8
C10546,2025-11,1,954.61,954.61
C10546,2026-01,3,2466.89,1581.02
C10546,2026-04,1,644.1,644.1
C10546,2026-06,1,1204.71,1204.71
C10546,2026-08,3,3362.99,2278.44
C10546,2026-09,3,3727.38,1832.47
C10747,2024-10,1,680.22,680.22
C10747,2025-04,1,1765.88,1765.88
C10747,2025-07,2,1785.42,1133.29
C10747,2025-08,3,2513.99,969.21
C10747,2025-10,2,1204.95,864.46
C10747,2025-11,3,2116.22,871.36
C10747,2025-12,1,1802.39,1802.39
C10747,2026-03,3,5268.23,2988.46
C10747,2026-07,3,3309.92,1570.49
C10064,2024-12,1,1023.05,1023.05
C10064,2025-09,1,662.8,662.8
C10064,2025-10,1,1013.97,1013.97
C10064,2025-12,1,446.88,446.88
C10064,2026-01,3,2452.11,1188.88
C10064,2026-02,1,350.99,350.99
C10064,2026-03,2,1779.49,1100.56
C10064,2026-04,1,2285.61,2285.61
C10064,2026-05,1,2970.92,2970.92
C10064,2026-07,2,1883.33,1053.87
C10064,2026-08,1,2102.24,2102.24
C10869,2024-10,3,3681.88,1230.77
C10869,2024-12,1,1113.64,1113.64
C10869,2025-01,3,4064.2,1660.77
C10869,2025-03,3,2290.52,1453.17
C10869,2025-05,1,1115.84,1115.84
C10869,2025-07,3,2776.7,1167.53
C10869,2025-08,3,3430.06,2164.63
C10869,2025-11,3,3044.17,1417.73
C10869,2025-12,3,3933.95,1971.5
C10869,2026-02,3,3824.86,2159.78
C10869,2026-03,2,3347.94,2573.98
C10534,2025-01,1,1059.4,1059.4
C10534,2026-01,2,3771.3,2001.2
C10534,2026-02,1,839.75,839.75
C10534,2026-04,1,767.03,767.03
C10534,2026-06,2,1542.79,845.02
C10534,2026-09,2,2203.88,1665.37
C10735,2024-11,3,2402.11,1127.36
C10735,2024-12,2,1299.9,1055.71
C10735,2025-04,2,1140.93,599.52
C10735,2025-07,3,3015.73,1683.04
C10735,2025-09,1,1029.8,1029.8
C10735,2025-10,1,727.03,727.03
C10735,2025-11,1,698.08,698.08
C10735,2025-12,2,2068.67,1262.99
C10735,2026-01,2,2490.35,1559.23
C10735,2026-02,3,1754.46,954.18
C10735,2026-03,1,877.48,877.48
C10735,2026-07,1,522.39,522.39
C10689,2024-11,1,1073.39,1073.39
C10689,2025-01,2,1862.2,1163.69
C10689,2025-04,3,2201.33,1073.95
C10689,2025-06,1,828.85,828.85
C10689,2025-09,3,3062.52,1478.76
C10689,2025-10,1,2119.44,2119.44
C10689,2025-12,3,2520.7,1226.01
C10689,2026-03,3,2249.68,1000.0
C10689,2026-04,1,1204.27,1204.27
C10689,2026-06,2,5038.94,4015.72
C10689,2026-07,3,3680.4,3018.52
C10689,2026-08,3,3873.4,1537.96
C10689,2026-09,3,2395.39,1039.03
C10875,2024-10,2,993.11,566.79
C10875,2024-11,2,1654.14,1249.04
C10875,2025-03,3,2459.31,1185.69
C10875,2025-04,2,1771.45,1324.72
C10875,2025-05,1,757.26,757.26
C10875,2025-06,2,4787.86,3520.68
C10875,2025-12,1,1130.77,1130.77
C10875,2026-03,1,559.24,559.24
C10875,2026-09,3,3986.98,2080.49
C10517,2025-02,2,1860.08,1495.4
C10517,2025-08,1,1384.39,1384.39
C10517,2025-09,1,1005.87,1005.87
C10517,2026-03,1,258.54,258.54
C10517,2026-04,2,1578.27,1242.07
C10517,2026-06,2,1663.73,1068.29
C10517,2026-08,2,1073.2,590.81
C10092,2024-11,2,2539.79,1458.11
C10092,2025-01,1,397.94,397.94
C10092,2025-02,3,3726.67,1602.2
C10092,2025-05,1,1668.2,1668.2
C10092,2025-06,1,1485.26,1485.26
C10092,2025-07,1,1688.69,1688.69
C10092,2025-11,1,3820.2,3820.2
C10092,2026-01,3,3011.19,1312.41
C10092,2026-02,2,1098.4,695.44
C10092,2026-03,1,1148.68,1148.68
C10092,2026-09,3,2893.67,1129.46
C10205,2024-11,1,1291.4,1291.4
C10205,2024-12,2,1156.63,981.7
C10205,2025-02,3,4119.33,2551.02
C10205,2025-03,1,1030.54,1030.54
C10205,2025-04,1,1389.21,1389.21
C10205,2025-07,2,3539.69,1800.36
C10205,2025-08,2,1796.37,1051.18
C10205,2025-09,2,2770.84,1869.54
C10205,2025-11,2,2349.03,1366.63
C10205,2025-12,2,1007.88,543.27
C10205,2026-02,1,733.16,733.16
C10205,2026-03,1,319.1,319.1
C10205,2026-05,3,2087.4,1015.62
C10205,2026-08,3,3411.23,2068.45
C10503,2024-11,3,4274.77,2418.88
C10503,2024-12,1,939.1,939.1
C10503,2025-01,1,1869.24,1869.24
C10503,2025-02,1,474.52,474.52
C10503,2025-03,1,552.68,552.68
C10503,2025-09,1,776.31,776.31
C10503,2026-01,2,953.01,751.73
C10503,2026-03,2,6354.02,4677.69
C10503,2026-04,1,1257.93,1257.93
C10503,2026-05,3,3617.74,2917.44
C10503,2026-06,2,1705.05,865.25
C10503,2026-07,1,2065.31,2065.31
C10382,2024-10,2,1780.66,901.87
C10382,2024-12,2,1771.0,1309.78
C10382,2025-02,1,954.59,954.59
C10382,2025-03,2,3328.02,2332.25
C10382,2025-05,1,1057.09,1057.09
C10382,2025-08,2,1492.28,1030.05
C10382,2025-09,2,2733.63,2091.53
C10382,2025-12,1,735.52,735.52
C10382,2026-02,1,982.2,982.2
C10382,2026-03,2,4507.92,2369.93
C10091,2024-10,3,2802.82,1268.6
C10091,2024-11,3,2116.33,846.67
C10091,2024-12,1,744.06,744.06
C10091,2025-03,3,3760.01,2231.55
C10091,2025-04,1,405.35,405.35
C10091,2025-05,2,3063.37,1792.8
C10091,2025-08,2,2703.32,1427.19
C10091,2025-09,2,3369.97,2383.11
C10091,2025-11,2,2356.55,1397.74
C10091,2025-12,2,884.08,593.14
C10091,2026-05,1,346.97,346.97
C10091,2026-06,1,1194.23,1194.23
C10091,2026-07,1,1639.26,1639.26
C10490,2024-10,2,1988.02,1259.9
C10490,2024-11,3,5023.19,3125.42
C10490,2024-12,2,1513.63,911.62
C10490,2025-01,1,1683.59,1683.59
C10490,2025-02,3,4375.23,2192.99
C10490,2025-05,2,1956.9,1329.03
C10490,2025-08,1,2645.25,2645.25
C10490,2025-10,3,3709.09,1563.37
C10490,2025-11,3,3886.46,2152.71
C10490,2026-01,3,2804.42,1203.42
C10490,2026-03,1,609.41,609.41
C10490,2026-07,3,2003.07,832.25
C10764,2025-02,1,1204.92,1204.92
C10764,2025-06,2,2587.58,1340.92
C10764,2025-08,3,2579.15,1101.68
C10764,2025-09,1,681.79,681.79
C10764,2025-11,3,2206.58,848.5
C10764,2026-02,3,3502.92,1407.13
C10764,2026-03,3,2469.38,1332.03
C10764,2026-04,1,1319.63,1319.63
C10764,2026-05,1,590.72,590.72
C10764,2026-06,2,6425.26,3638.49
C10764,2026-09,1,622.82,622.82
C10141,2024-10,2,1103.56,621.56
C10141,2024-11,1,1205.43,1205.43
C10141,2024-12,1,1366.73,1366.73
C10141,2025-02,1,696.18,696.18
C10141,2025-05,1,3080.43,3080.43
C10141,2025-06,2,1617.74,1316.72
C10141,2025-07,2,1860.16,1026.85
C10141,2025-08,3,3395.55,2040.27
C10141,2025-09,1,921.59,921.59
C10141,2025-10,2,2746.18,2124.23
C10141,2025-11,1,1402.31,1402.31
C10141,2025-12,2,3335.08,1892.0
C10141,2026-02,1,612.3,612.3
C10141,2026-07,3,4212.64,2502.65
C10141,2026-08,2,1944.3,1481.54
C10421,2024-11,3,2420.92,949.39
C10421,2024-12,2,2419.34,1732.76
C10421,2025-01,1,167.73,167.73
C10421,2025-02,2,2942.66,2016.19
C10421,2025-04,3,3864.79,3148.16
C10421,2025-08,3,3357.41,1949.88
C10421,2026-05,3,2985.03,1127.49
C10421,2026-06,2,1609.26,1015.97
C10493,2024-10,3,4953.03,3039.72
C10493,2024-11,2,1382.06,719.56
C10493,2025-02,3,2011.92,1177.68
C10493,2025-03,2,1621.8,927.9
C10493,2025-07,2,990.58,507.49
C10493,2025-10,3,2398.62,903.77
C10493,2026-01,1,309.06,309.06
C10493,2026-04,2,1433.77,1020.16
C10493,2026-05,1,501.19,501.19
C10493,2026-06,3,3895.26,2080.77
C10493,2026-07,1,3388.36,3388.36
C10493,2026-09,1,985.69,985.69
C10461,2024-10,2,3174.52,2280.11
C10461,2025-01,2,1499.45,936.23
C10461,2025-04,3,3743.77,1808.1
C10461,2025-06,2,1028.92,836.65
C10461,2025-12,1,840.54,840.54
C10461,2026-01,1,209.21,209.21
C10461,2026-03,2,2361.02,1454.91
C10461,2026-05,2,2277.02,1853.54
C10461,2026-06,3,2207.36,811.96
C10461,2026-09,2,3059.47,1825.1
C10253,2024-12,2,1752.24,1105.83
C10253,2025-06,3,2457.32,1457.06
C10253,2025-08,3,2518.64,1407.06
C10253,2025-10,2,3467.29,2640.31
C10253,2026-02,2,2490.48,1565.64
C10253,2026-05,1,566.95,566.95
C10253,2026-07,1,838.89,838.89
C10093,2024-10,3,2238.32,1133.65
C10093,2024-11,2,2082.29,1334.96
C10093,2024-12,2,1743.85,941.99
C10093,2025-01,3,2713.97,1376.38
C10093,2025-02,1,678.04,678.04
C10093,2025-05,1,2964.15,2964.15
C10093,2025-06,3,2856.85,1485.97
C10093,2025-08,3,2751.7,1667.99
C10093,2026-01,2,3392.22,1906.96
C10093,2026-03,2,1361.66,932.37
C10093,2026-05,1,591.06,591.06
C10093,2026-09,2,1715.98,1235.67
C10109,2024-10,2,1285.03,650.52
C10109,2024-12,2,2035.03,1281.0
C10109,2025-01,1,953.15,953.15
C10109,2025-03,2,1742.99,1511.12
C10109,2025-04,1,224.87,224.87
C10109,2025-06,3,3904.62,2051.67
C10109,2025-07,3,3636.33,2023.57
C10109,2025-08,2,1651.19,867.55
C10109,2025-11,3,2348.0,804.57
C10109,2025-12,2,2707.67,1677.23
C10109,2026-03,1,1403.26,1403.26
C10109,2026-08,3,4588.05,2438.57
C10366,2024-12,1,653.27,653.27
C10366,2025-02,2,3339.03,2132.59
C10366,2025-03,3,3568.69,1932.7
C10366,2025-04,1,598.37,598.37
C10366,2025-05,3,7340.06,4618.13
C10366,2025-09,1,312.27,312.27
C10366,2025-12,3,5329.88,2455.8
C10366,2026-03,1,1403.58,1403.58
C10366,2026-04,3,3170.74,1468.14
C10366,2026-05,3,4910.5,2349.69
C10366,2026-07,1,2289.0,2289.0
C10625,2025-11,3,3899.54,1475.16
C10625,2026-04,1,633.77,633.77
C10625,2026-05,1,737.79,737.79
C10625,2026-07,1,1250.96,1250.96
C10625,2026-09,3,3616.69,1650.54
C10055,2024-10,3,3166.17,1313.66
C10055,2024-11,1,1156.25,1156.25
C10055,2025-02,3,4030.27,1763.99
C10055,2025-05,1,1060.39,1060.39
C10055,2025-07,2,2168.8,1631.91
C10055,2025-08,1,872.29,872.29
C10055,2025-09,3,2514.69,1229.88
C10055,2025-10,3,4223.8,1905.86
C10055,2025-11,2,3023.4,2011.78
C10055,2025-12,3,3559.87,1818.87
C10055,2026-03,3,4891.34,2451.28
C10055,2026-04,3,4973.14,2127.0
C10055,2026-05,1,1279.58,1279.58
C10055,2026-06,2,2668.07,2306.55
C10055,2026-09,1,2158.93,2158.93
C10713,2024-12,3,5641.71,3845.81
C10713,2025-01,1,502.3,502.3
C10713,2025-03,1,851.3,851.3
C10713,2025-04,1,1409.84,1409.84
C10713,2025-05,3,3434.19,2016.06
C10713,2025-06,1,1314.65,1314.65
C10713,2025-07,3,3304.92,1324.08
C10713,2025-08,1,1317.57,1317.57
C10713,2025-10,3,6547.87,3084.91
C10713,2025-11,3,3147.37,1525.49
C10713,2026-03,1,503.58,503.58
C10713,2026-07,2,3385.81,2859.41
C10713,2026-08,1,332.39,332.39
C10683,2024-12,1,674.39,674.39
C10683,2025-01,2,1366.89,859.01
C10683,2025-03,3,3349.94,1622.25
C10683,2025-05,1,1050.61,1050.61
C10683,2025-11,2,3098.21,1781.82
C10683,2026-01,3,2654.07,1007.38
C10683,2026-02,2,1678.95,941.44
C10683,2026-05,2,3294.05,2918.67
C10683,2026-06,3,2774.53,1217.09
C10683,2026-07,2,1995.61,1241.8
C10683,2026-09,1,1111.67,1111.67
C10459,2024-10,2,1561.38,946.92
C10459,2025-02,3,1902.46,1113.12
C10459,2025-03,3,4620.01,2053.21
C10459,2025-06,1,1581.25,1581.25
C10459,2025-07,2,1841.83,1420.69
C10459,2025-11,3,3935.95,1773.94
C10459,2025-12,1,1430.94,1430.94
C10459,2026-01,1,613.93,613.93
C10459,2026-04,2,1489.2,929.15
C10459,2026-06,2,3197.2,2928.49
C10459,2026-08,1,987.55,987.55
C10269,2024-10,1,1927.1,1927.1
C10269,2024-11,3,1501.68,745.19
C10269,2025-02,3,5732.33,3584.54
C10269,2025-04,1,1676.17,1676.17
C10269,2025-05,2,1517.9,1159.27
C10269,2025-06,1,882.21,882.21
C10269,2025-08,2,2995.66,1721.36
C10269,2025-09,3,1659.71,930.72
C10269,2025-10,2,1816.63,971.64
C10269,2025-11,3,6200.63,2405.36
C10269,2025-12,2,755.23,569.83
C10269,2026-04,1,808.09,808.09
C10269,2026-05,3,2162.91,982.06
C10269,2026-07,1,712.61,712.61
C10269,2026-08,1,713.37,713.37
C10269,2026-09,3,2010.71,1078.97
C10763,2024-10,3,3766.81,1596.05
C10763,2025-01,3,1953.7,978.47
C10763,2025-02,1,1171.92,1171.92
C10763,2025-04,1,284.23,284.23
C10763,2025-06,2,786.66,420.97
C10763,2025-09,2,2208.07,1404.24
C10763,2025-10,3,2497.02,1238.91
C10763,2025-12,1,1091.35,1091.35
C10763,2026-02,3,1764.43,872.38
C10763,2026-03,2,2739.33,1418.64
C10763,2026-04,1,838.98,838.98
C10763,2026-05,2,1219.06,838.71
C10763,2026-07,1,450.53,450.53
C10763,2026-09,1,487.6,487.6
C10199,2024-11,3,2649.48,1268.03
C10199,2024-12,2,819.65,585.28
C10199,2025-03,3,2804.54,1300.33
C10199,2025-04,3,3064.13,1256.35
C10199,2025-05,3,3628.3,1833.73
C10199,2025-06,1,499.96,499.96
C10199,2025-07,2,2408.13,1991.8
C10199,2025-10,1,1339.38,1339.38
C10199,2025-11,3,3656.77,1919.59
C10199,2026-02,2,3131.17,1615.76
C10199,2026-03,2,1060.54,653.5
C10199,2026-08,1,465.91,465.91
C10381,2024-10,2,2465.41,1641.75
C10381,2025-03,2,3681.86,2768.05
C10381,2025-04,1,801.93,801.93
C10381,2025-10,1,1061.57,1061.57
C10381,2025-11,3,2617.06,1352.09
C10381,2025-12,3,2098.88,1352.61
C10381,2026-03,1,922.66,922.66
C10381,2026-09,2,2998.73,1952.71
C10096,2024-11,1,335.15,335.15
C10096,2024-12,2,3649.04,2803.74
C10096,2025-01,2,1047.62,606.64
C10096,2025-02,1,955.32,955.32
C10096,2025-04,3,4807.35,1942.81
C10096,2025-06,3,3233.09,1354.13
C10096,2025-11,3,1881.32,1230.07
C10096,2025-12,3,1563.67,816.64
C10096,2026-04,2,2543.89,1304.08
C10096,2026-05,3,3966.55,1420.76
C10096,2026-06,1,2270.38,2270.38
C10096,2026-07,2,2435.45,1355.53
C10096,2026-09,2,2046.6,1632.3
C10722,2025-05,3,2218.59,855.12
C10722,2025-06,3,2060.63,848.56
C10722,2025-10,3,2249.31,990.96
C10722,2026-07,3,3548.84,1428.46
C10722,2026-08,1,757.89,757.89
C10722,2026-09,1,902.27,902.27
C10700,2024-10,1,1063.82,1063.82
C10700,2024-11,1,1356.2,1356.2
C10700,2025-01,3,2768.3,1183.75
C10700,2025-02,2,1010.56,859.72
C10700,2025-06,1,1051.15,1051.15
C10700,2025-12,2,1462.62,1010.93
C10700,2026-03,3,3107.08,2051.65
C10700,2026-05,2,1365.23,954.73
C10700,2026-06,1,3068.75,3068.75
C10213,2024-11,1,4202.93,4202.93
C10213,2024-12,2,2382.96,1613.65
C10213,2025-01,1,1469.78,1469.78
C10213,2025-05,1,2919.64,2919.64
C10213,2025-08,2,1239.56,833.12
C10213,2025-09,2,888.94,456.03
C10213,2025-11,2,1419.06,762.59
C10213,2025-12,3,2909.82,1361.48
C10213,2026-01,2,1844.86,1063.99
C10213,2026-02,2,1835.63,1173.56
C10213,2026-03,2,1769.67,1165.14
C10213,2026-05,2,1347.74,880.67
C10213,2026-07,2,1070.03,580.13
C10557,2024-11,2,2077.35,1534.74
C10557,2025-01,2,2534.99,1497.93
C10557,2025-02,2,3221.23,1945.57
C10557,2025-03,1,815.49,815.49
C10557,2025-05,1,470.31,470.31
C10557,2025-07,1,205.44,205.44
C10557,2026-04,2,2093.9,1666.46
C10557,2026-05,1,313.79,313.79
C10557,2026-08,3,4308.49,1959.92
C10198,2024-10,3,2672.81,1308.68
C10198,2025-03,1,199.1,199.1
C10198,2025-04,3,3506.42,1617.39
C10198,2025-05,1,1668.29,1668.29
C10198,2025-06,2,1599.8,820.88
C10198,2025-07,2,3156.76,2085.14
C10198,2025-09,2,1870.43,1349.03
C10198,2026-02,2,2142.46,1133.69
C10198,2026-06,1,387.01,387.01
C10198,2026-07,2,2995.72,1508.36
C10198,2026-08,1,1059.63,1059.63
C10427,2024-11,2,1985.62,1177.05
C10427,2025-01,2,3232.81,2114.3
C10427,2025-02,2,1531.3,1069.02
C10427,2025-04,3,4229.54,2079.67
C10427,2025-06,2,2494.41,1714.49
C10427,2025-07,1,743.62,743.62
C10427,2025-09,1,3128.67,3128.67
C10427,2025-11,3,5127.57,2139.88
C10427,2026-01,2,1932.82,1433.1
C10427,2026-02,1,342.39,342.39
C10610,2024-11,3,3080.69,1406.28
C10610,2024-12,3,1754.87,908.92
C10610,2025-02,2,2251.58,1452.92
C10610,2025-04,1,704.62,704.62
C10610,2025-05,1,415.52,415.52
C10610,2025-09,3,1977.48,974.68
C10610,2025-10,3,1827.5,821.44
C10610,2025-11,2,1620.45,861.82
C10610,2026-02,1,2087.8,2087.8
C10610,2026-04,1,1964.05,1964.05
C10610,2026-05,2,1862.58,932.2
C10610,2026-07,1,704.5,704.5
C10419,2024-11,3,1774.62,835.98
C10419,2025-04,1,721.02,721.02
C10419,2025-05,3,4402.43,2319.49
C10419,2025-10,1,984.29,984.29
C10419,2026-01,1,1352.54,1352.54
C10419,2026-03,1,855.74,855.74
C10419,2026-04,3,4330.0,2351.21
C10419,2026-07,1,683.47,683.47
C10419,2026-08,3,4016.7,1563.09
C10419,2026-09,3,3811.23,2231.89
C10678,2024-10,1,613.96,613.96
C10678,2024-11,2,981.28,588.09
C10678,2025-01,1,862.55,862.55
C10678,2025-03,1,1177.56,1177.56
C10678,2025-04,1,723.75,723.75
C10678,2025-06,1,464.4,464.4
C10678,2025-10,3,4184.16,1718.59
C10678,2025-12,1,1432.34,1432.34
C10678,2026-02,1,1756.76,1756.76
C10678,2026-03,1,916.23,916.23
C10678,2026-06,1,744.23,744.23
C10678,2026-07,3,4716.42,1854.99
C10678,2026-08,1,1383.07,1383.07
C10678,2026-09,3,3056.39,1573.13
C10680,2024-10,2,1483.2,1104.29
C10680,2024-12,1,446.7,446.7
C10680,2025-02,1,185.29,185.29
C10680,2025-04,1,2096.95,2096.95
C10680,2025-05,1,767.34,767.34
C10680,2025-06,1,1104.93,1104.93
C10680,2025-08,2,1704.89,1319.0
C10680,2025-09,1,2097.62,2097.62
C10680,2025-10,1,2168.87,2168.87
C10680,2025-12,1,702.1,702.1
C10680,2026-01,1,816.41,816.41
C10680,2026-03,1,1036.81,1036.81
C10680,2026-04,2,2324.01,1843.77
C10680,2026-05,3,2186.42,919.23
C10680,2026-06,2,1234.95,942.71
C10680,2026-09,2,1692.8,956.82
C10731,2024-12,1,437.19,437.19
C10731,2025-01,3,6778.82,4054.16
C10731,2025-03,3,3795.42,1572.36
C10731,2025-05,1,433.62,433.62
C10731,2025-08,3,4112.87,1894.3
C10731,2025-12,2,2390.29,1725.57
C10731,2026-01,1,2287.4,2287.4
C10731,2026-04,2,3006.76,2014.99
C10731,2026-07,1,935.14,935.14
C10731,2026-08,3,2660.75,1317.8
C10731,2026-09,3,4092.45,2160.34
C10114,2024-10,3,3598.83,1539.28
C10114,2025-04,1,1153.01,1153.01
C10114,2025-07,3,1178.3,498.06
C10114,2025-09,1,653.2,653.2
C10114,2026-01,3,3140.69,1210.11
C10114,2026-03,2,2167.98,1597.74
C10114,2026-06,1,770.91,770.91
C10114,2026-08,1,365.28,365.28
C10624,2024-11,1,888.5,888.5
C10624,2024-12,2,1131.84,728.1
C10624,2025-01,2,1094.07,692.17
C10624,2025-04,1,2331.44,2331.44
C10624,2025-05,1,1023.93,1023.93
C10624,2025-10,2,1229.7,998.24
C10624,2025-12,1,2141.98,2141.98
C10624,2026-02,3,2686.27,1355.37
C10624,2026-06,2,1158.33,586.02
C10624,2026-07,1,1524.94,1524.94
C10624,2026-08,2,1974.53,1487.51
C10691,2024-12,1,1141.14,1141.14
C10691,2025-01,2,2535.82,1565.31
C10691,2025-02,2,1536.79,879.52
C10691,2025-03,2,1607.51,921.82
C10691,2025-04,1,725.47,725.47
C10691,2025-05,2,2542.48,1408.63
C10691,2025-08,3,1929.61,1091.78
C10691,2025-10,1,1496.11,1496.11
C10691,2025-11,2,2133.93,1563.54
C10691,2026-01,3,5274.49,2015.86
C10691,2026-04,3,6084.24,5450.07
C10691,2026-05,2,2276.71,1588.96
C10691,2026-08,3,2018.09,827.46
C10653,2024-10,3,3353.27,1275.09
C10653,2024-12,2,2891.99,1497.22
C10653,2025-09,2,1676.2,1149.94
C10653,2025-10,1,552.19,552.19
C10653,2025-11,3,1433.82,828.43
C10653,2025-12,3,4575.72,2205.04
C10653,2026-01,3,3606.07,1501.8
C10653,2026-02,2,1529.19,1085.03
C10653,2026-03,3,3575.02,1586.85
C10653,2026-05,1,1793.24,1793.24
C10653,2026-06,1,973.56,973.56
C10653,2026-08,2,1817.86,1193.48
C10793,2024-11,3,2981.04,1679.68
C10793,2025-04,3,6407.19,4592.44
C10793,2025-05,3,3129.99,1451.61
C10793,2025-06,1,650.91,650.91
C10793,2025-09,3,3574.89,1688.23
C10793,2025-10,1,2372.64,2372.64
C10793,2025-11,1,1460.97,1460.97
C10793,2026-01,3,3005.7,1207.93
C10793,2026-02,1,823.79,823.79
C10793,2026-05,1,906.25,906.25
C10793,2026-06,3,3308.08,2094.63
C10793,2026-09,2,2745.17,1790.66
C10082,2024-10,2,884.38,642.22
C10082,2024-11,2,1984.26,1065.81
C10082,2025-01,2,1587.59,1137.43
C10082,2025-06,2,591.74,308.47
C10082,2025-08,2,1122.35,647.73
C10082,2025-11,3,4322.42,1927.28
C10082,2026-01,1,762.5,762.5
C10082,2026-02,2,818.79,427.96
C10082,2026-04,1,925.11,925.11
C10082,2026-06,3,4398.15,2605.02
C10082,2026-09,3,2488.89,1303.57
C10001,2024-10,1,867.32,867.32
C10001,2024-12,1,1802.78,1802.78
C10001,2025-03,2,2144.37,1489.13
C10001,2025-05,2,2094.44,1356.39
C10001,2025-06,2,3740.63,2527.12
C10001,2025-08,2,1874.17,1099.73
C10001,2025-09,1,466.25,466.25
C10001,2025-12,2,2977.72,1503.53
C10001,2026-04,1,600.37,600.37
C10001,2026-06,2,2000.69,1506.4
C10001,2026-07,2,1991.86,1528.7
C10001,2026-08,3,2787.81,1374.68
C10120,2024-10,2,1603.51,858.42
C10120,2025-01,2,1845.35,1346.34
C10120,2025-05,1,731.31,731.31
C10120,2025-06,2,4325.87,2180.78
C10120,2025-09,3,2854.37,1144.99
C10120,2025-11,1,1125.14,1125.14
C10120,2025-12,2,3109.05,1842.46
C10120,2026-02,3,2158.16,1005.03
C10120,2026-04,3,1724.73,795.96
C10120,2026-05,3,2342.81,1545.19
C10120,2026-08,3,3835.77,1701.66
C10089,2025-04,1,2306.78,2306.78
C10089,2025-05,3,3142.74,1732.95
C10089,2025-06,1,1944.41,1944.41
C10089,2025-08,2,1328.26,791.01
C10089,2025-11,3,2233.83,839.26
C10089,2025-12,2,1042.29,704.71
C10089,2026-01,3,2485.04,1086.21
C10089,2026-04,1,1247.31,1247.31
C10089,2026-09,1,1133.01,1133.01
C10645,2025-03,1,1130.74,1130.74
C10645,2025-04,2,1648.53,967.1
C10645,2025-05,2,1688.51,1113.81
C10645,2025-06,2,2319.55,1754.8
C10645,2025-08,1,1227.15,1227.15
C10645,2025-09,1,786.85,786.85
C10645,2025-11,1,1114.24,1114.24
C10645,2026-01,2,5175.8,3074.95
C10645,2026-03,3,2627.64,1415.93
C10645,2026-04,2,1150.47,664.87
C10645,2026-05,1,512.8,512.8
C10645,2026-06,1,418.4,418.4
C10645,2026-07,2,647.1,365.45
C10645,2026-08,3,1440.78,532.76
C10145,2024-11,1,506.91,506.91
C10145,2024-12,2,2223.32,1206.98
C10145,2025-02,3,4049.07,2235.04
C10145,2025-03,2,3097.08,1775.65
C10145,2025-05,2,2293.31,1330.7
C10145,2025-08,1,688.73,688.73
C10145,2025-09,1,505.62,505.62
C10145,2026-02,1,710.75,710.75
C10145,2026-03,3,2916.45,1275.58
C10145,2026-06,1,516.16,516.16
C10145,2026-08,2,1231.85,833.22
C10308,2024-10,1,1947.46,1947.46
C10308,2025-05,3,4192.15,2293.24
C10308,2025-06,1,518.44,518.44
C10308,2025-07,3,2216.78,881.71
C10308,2025-12,2,3103.21,2086.3
C10308,2026-01,1,654.06,654.06
C10308,2026-05,1,1047.56,1047.56
C10308,2026-09,2,4110.81,3256.34
C10271,2025-02,1,401.19,401.19
C10271,2025-03,3,1387.69,522.42
C10271,2025-04,1,676.11,676.11
C10271,2025-06,3,1922.04,961.0
C10271,2025-07,1,499.33,499.33
C10271,2025-10,2,805.66,408.26
C10271,2025-11,2,1642.62,1230.08
C10271,2025-12,1,1839.7,1839.7
C10271,2026-01,1,397.7,397.7
C10271,2026-07,1,1142.91,1142.91
C10271,2026-08,1,155.09,155.09
C10575,2024-10,2,4175.45,2664.99
C10575,2024-11,2,1797.1,1045.48
C10575,2025-01,2,1725.57,903.03
C10575,2025-02,3,1828.72,1178.24
C10575,2025-03,1,1019.59,1019.59
C10575,2025-06,3,3944.5,2940.35
C10575,2025-07,3,2778.25,1256.0
C10575,2025-09,1,2355.67,2355.67
C10575,2025-10,1,739.03,739.03
C10575,2026-05,3,3321.59,1731.96
C10575,2026-06,1,385.01,385.01
C10575,2026-08,2,1979.7,1115.95
C10242,2024-12,2,3712.91,3021.41
C10242,2025-03,3,6842.42,3833.22
C10242,2025-06,3,2716.65,1355.87
C10242,2025-08,2,3171.47,2215.66
C10242,2025-10,1,671.87,671.87
C10242,2025-11,1,489.17,489.17
C10242,2025-12,1,918.77,918.77
C10242,2026-02,3,2546.61,1092.35
C10242,2026-03,3,1744.73,685.38
C10242,2026-06,1,632.99,632.99
C10242,2026-07,1,442.81,442.81
C10797,2024-11,2,4429.59,3833.52
C10797,2025-01,1,956.39,956.39
C10797,2025-03,1,449.5,449.5
C10797,2025-05,2,3132.85,2409.73
C10797,2025-07,3,2577.59,1072.19
C10797,2025-09,2,2731.47,1375.41
C10797,2025-10,1,1043.86,1043.86
C10797,2026-01,1,909.7,909.7
C10797,2026-04,3,2098.69,1002.14
C10797,2026-09,2,1560.63,875.02
C10331,2024-12,3,1862.2,984.39
C10331,2025-03,3,4331.83,1889.53
C10331,2025-04,3,2737.68,1134.11
C10331,2025-05,2,1945.01,1205.46
C10331,2025-07,2,2446.02,1634.88
C10331,2026-03,2,1773.15,1145.06
C10331,2026-05,2,1692.54,1124.98
C10331,2026-07,1,380.82,380.82
C10331,2026-09,2,904.79,475.09
C10605,2024-10,2,948.95,637.1
C10605,2024-11,2,699.21,378.91
C10605,2024-12,2,2678.86,1842.11
C10605,2025-01,3,2447.67,1425.48
C10605,2025-02,1,605.92,605.92
C10605,2025-03,3,4544.06,3040.67
C10605,2025-06,2,1653.05,1301.98
C10605,2025-08,3,1096.27,450.11
C10605,2026-01,2,4532.02,4048.64
C10605,2026-03,1,1254.5,1254.5
C10605,2026-04,1,1074.22,1074.22
C10605,2026-05,3,2055.16,1559.65
C10605,2026-07,2,1511.66,1015.32
C10605,2026-09,1,604.85,604.85
C10150,2024-10,1,712.96,712.96
C10150,2025-02,1,1144.42,1144.42
C10150,2025-03,3,2337.74,1057.79
C10150,2025-04,1,894.53,894.53
C10150,2025-08,2,1471.06,828.49
C10150,2025-11,1,1879.87,1879.87
C10150,2026-01,3,3839.19,1690.34
C10150,2026-07,3,2057.84,1301.8
C10150,2026-08,2,2529.86,1887.56
C10150,2026-09,1,2274.03,2274.03
C10139,2024-10,3,3101.76,1791.25
C10139,2024-12,1,381.53,381.53
C10139,2025-01,1,2303.84,2303.84
C10139,2025-02,1,925.61,925.61
C10139,2025-04,3,3916.88,2818.49
C10139,2025-05,1,1022.87,1022.87
C10139,2025-06,1,1732.5,1732.5
C10139,2025-07,2,2522.82,1408.89
C10139,2025-08,3,2889.75,1122.15
C10139,2025-11,1,1144.9,1144.9
C10139,2025-12,3,3259.89,1849.28
C10139,2026-04,1,1339.4,1339.4
C10139,2026-05,1,861.87,861.87
C10139,2026-07,3,2116.78,896.85
C10139,2026-09,3,3149.15,1675.07
C10524,2024-11,2,1956.85,1150.62
C10524,2024-12,1,588.93,588.93
C10524,2025-01,2,1633.96,937.86
C10524,2025-05,1,3121.1,3121.1
C10524,2025-06,3,1373.88,673.74
C10524,2025-10,2,1136.69,609.73
C10524,2025-11,3,2256.03,991.37
C10524,2026-02,2,1585.27,838.39
C10524,2026-03,1,214.28,214.28
C10524,2026-06,1,2436.76,2436.76
C10524,2026-07,3,4443.38,3427.78
C10524,2026-08,1,884.0,884.0
C10524,2026-09,1,1104.8,1104.8
C10202,2024-10,2,1959.04,1065.98
C10202,2025-09,1,452.43,452.43
C10202,2025-12,1,473.91,473.91
C10202,2026-01,1,527.63,527.63
C10202,2026-05,3,5539.92,2365.69
C10202,2026-06,3,4451.15,2201.02
C10202,2026-07,1,1242.76,1242.76
C10241,2024-10,1,603.35,603.35
C10241,2024-11,3,5602.9,4458.5
C10241,2025-02,3,1625.14,641.32
C10241,2025-03,1,370.43,370.43
C10241,2025-05,3,3490.82,1520.86
C10241,2026-01,3,4001.03,3084.45
C10241,2026-04,2,1123.57,794.96
C10241,2026-05,1,1208.12,1208.12
C10241,2026-06,3,3098.73,1166.96
C10241,2026-08,3,1435.05,497.85
C10163,2024-10,1,622.33,622.33
C10163,2025-01,2,1386.49,1050.14
C10163,2025-03,1,1554.78,1554.78
C10163,2026-06,1,421.35,421.35
C10163,2026-09,3,3077.7,1324.94
C10742,2024-10,1,689.05,689.05
C10742,2025-01,3,3314.81,1651.78
C10742,2025-02,1,3046.59,3046.59
C10742,2025-03,1,2392.91,2392.91
C10742,2025-08,2,4538.6,3217.74
C10742,2025-09,3,3572.31,1605.73
C10742,2025-10,3,2900.45,1461.8
C10742,2026-08,3,4066.34,2189.03
C10742,2026-09,1,295.57,295.57
C10039,2025-01,2,4100.88,2892.78
C10039,2025-04,2,2309.79,1589.73
C10039,2025-06,2,1156.63,819.89
C10039,2025-08,1,2171.63,2171.63
C10039,2025-10,2,1671.72,973.48
C10039,2026-01,1,1020.62,1020.62
C10039,2026-02,3,4741.54,2342.1
C10039,2026-04,1,1026.52,1026.52
C10039,2026-05,1,1096.94,1096.94
C10039,2026-07,3,1573.52,865.07
C10039,2026-08,1,836.58,836.58
C10712,2025-01,2,1111.65,832.38
C10712,2025-03,3,2975.77,1865.46
C10712,2025-05,3,3501.25,1512.81
C10712,2025-06,1,1772.0,1772.0
C10712,2025-08,1,1879.77,1879.77
C10712,2025-10,3,2543.19,1208.48
C10712,2025-11,3,4789.66,3160.03
C10712,2026-01,2,1896.45,1295.87
C10712,2026-04,1,401.88,401.88
C10712,2026-07,3,2694.29,1754.61
C10712,2026-08,2,2536.51,1932.1
C10337,2024-10,2,2666.91,1662.14
C10337,2024-12,3,4609.83,2621.84
C10337,2025-02,1,3476.52,3476.52
C10337,2025-03,1,1049.75,1049.75
C10337,2025-04,3,2948.43,1457.83
C10337,2025-05,1,2655.87,2655.87
C10337,2025-06,1,1096.62,1096.62
C10337,2025-07,3,2433.9,1668.98
C10337,2025-09,1,810.58,810.58
C10337,2026-02,2,1778.81,1230.12
C10337,2026-03,3,1102.8,483.39
C10337,2026-07,2,2046.1,1227.47
C10337,2026-08,1,627.53,627.53
C10337,2026-09,1,3093.97,3093.97
C10730,2025-01,3,1657.52,594.93
C10730,2025-03,1,630.28,630.28
C10730,2025-04,1,619.58,619.58
C10730,2025-06,2,2765.46,1912.02
C10730,2025-07,2,1258.05,671.64
C10730,2025-11,2,2854.6,1844.2
C10730,2025-12,3,1923.2,872.8
C10730,2026-05,1,476.98,476.98
C10730,2026-07,3,2221.65,937.35
C10730,2026-08,2,2222.43,1440.71
C10730,2026-09,1,503.99,503.99
C10194,2024-11,3,2252.7,1133.71
C10194,2024-12,2,1782.45,937.66
C10194,2025-01,1,691.23,691.23
C10194,2025-02,3,3482.01,2075.07
C10194,2025-05,2,3526.38,2241.13
C10194,2025-07,2,1428.95,867.09
C10194,2025-12,1,754.37,754.37
C10194,2026-02,1,1649.46,1649.46
C10194,2026-04,1,818.1,818.1
C10194,2026-06,1,895.02,895.02
C10194,2026-07,3,3418.25,1531.94
C10194,2026-08,1,539.68,539.68
C10896,2024-10,3,7362.86,4814.37
C10896,2024-11,2,2503.58,2107.41
C10896,2024-12,2,923.42,752.54
C10896,2025-02,2,5627.35,3742.43
C10896,2025-03,1,796.91,796.91
C10896,2025-06,3,2065.39,725.99
C10896,2025-07,3,2782.6,1070.5
C10896,2025-08,1,1266.75,1266.75
C10896,2025-09,1,997.2,997.2
C10896,2025-10,2,1665.21,938.77
C10896,2025-11,2,1571.6,900.15
C10896,2026-01,1,982.13,982.13
C10896,2026-03,3,3123.64,1496.47
C10896,2026-04,2,1117.66,805.83
C10896,2026-06,2,3489.91,2258.09
C10189,2024-10,2,969.14,551.15
C10189,2024-11,2,1910.62,1150.82
C10189,2024-12,1,955.21,955.21
C10189,2025-03,2,3271.89,2502.79
C10189,2025-04,3,3034.2,1469.39
C10189,2025-09,1,2333.17,2333.17
C10189,2025-11,2,1959.0,979.57
C10189,2025-12,1,2169.71,2169.71
C10189,2026-02,1,2184.34,2184.34
C10189,2026-04,3,3214.53,1511.57
C10189,2026-06,2,4625.28,2584.42
C10189,2026-07,1,613.08,613.08
C10189,2026-09,2,1474.18,846.23
C10218,2024-11,1,1056.15,1056.15
C10218,2025-01,3,1940.51,764.26
C10218,2025-02,2,1273.15,784.58
C10218,2025-04,1,1167.57,1167.57
C10218,2025-05,3,2988.54,1100.13
C10218,2025-07,2,2404.98,1598.2
C10218,2025-09,2,1172.87,733.26
C10218,2025-12,1,512.91,512.91
C10218,2026-02,3,2566.43,1726.76
C10218,2026-03,1,780.34,780.34
C10218,2026-05,2,1556.01,787.04
C10218,2026-06,3,4018.08,2765.44
C10218,2026-08,3,2144.02,831.77
C10760,2025-01,1,1734.96,1734.96
C10760,2025-04,2,1296.65,841.82
C10760,2025-05,1,933.29,933.29
C10760,2025-06,1,1126.13,1126.13
C10760,2025-08,1,2159.36,2159.36
C10760,2025-09,1,731.6,731.6
C10760,2025-12,3,2165.96,1297.21
C10760,2026-04,1,846.6,846.6
C10760,2026-06,3,3759.1,1998.78
C10118,2024-11,1,438.94,438.94
C10118,2025-01,2,1394.33,897.94
C10118,2025-06,2,728.11,390.81
C10118,2025-11,1,1115.48,1115.48
C10118,2026-01,1,1901.54,1901.54
C10118,2026-02,2,2432.52,1480.03
C10118,2026-07,3,2906.71,1334.57
C10118,2026-08,2,1045.33,820.46
C10436,2024-11,3,1586.9,724.15
C10436,2025-01,2,3166.08,2680.58
C10436,2025-06,2,2101.87,1382.16
C10436,2025-11,2,1637.44,1059.82
C10436,2026-01,2,846.91,677.43
C10436,2026-02,1,888.02,888.02
C10436,2026-05,3,1915.15,876.13
C10463,2024-10,1,1548.62,1548.62
C10463,2024-12,1,963.44,963.44
C10463,2025-01,2,1367.19,913.26
C10463,2025-02,1,1492.87,1492.87
C10463,2025-03,3,3580.27,1808.38
C10463,2025-04,2,1670.77,1348.7
C10463,2025-05,3,1527.98,663.72
C10463,2025-07,3,3091.39,1309.87
C10463,2025-11,3,2587.17,1625.39
C10463,2025-12,3,4138.79,2245.3
C10463,2026-01,3,3827.38,1691.57
C10463,2026-03,2,1566.33,864.94
C10463,2026-06,1,906.37,906.37
C10463,2026-07,3,3570.12,1946.02
C10463,2026-08,3,2621.13,1213.17
C10261,2024-10,1,419.88,419.88
C10261,2024-11,1,1036.57,1036.57
C10261,2025-03,3,3470.16,1712.03
C10261,2025-06,2,1396.98,933.23
C10261,2025-07,1,897.22,897.22
C10261,2026-01,3,2963.72,1277.7
C10261,2026-03,3,1833.97,925.86
C10261,2026-04,1,1792.46,1792.46
C10261,2026-07,2,2449.41,1384.1
C10261,2026-08,2,1814.07,1008.4
C10657,2025-02,2,2520.49,1603.62
C10657,2025-06,2,1437.31,810.08
C10657,2025-11,2,969.72,721.28
C10657,2026-02,1,641.46,641.46
C10657,2026-04,1,459.73,459.73
C10657,2026-07,3,1565.62,700.65
C10657,2026-09,2,3188.55,2085.86
C10804,2025-02,3,4173.12,2025.25
C10804,2025-03,2,2546.19,1730.39
C10804,2025-04,1,2340.04,2340.04
C10804,2025-07,3,5520.48,2591.42
C10804,2025-08,1,650.17,650.17
C10804,2025-09,1,1229.87,1229.87
C10804,2025-10,2,2464.62,1299.07
C10804,2025-11,1,772.49,772.49
C10804,2026-05,1,1993.79,1993.79
C10049,2024-12,1,723.5,723.5
C10049,2025-03,3,4921.07,2599.35
C10049,2025-06,1,877.64,877.64
C10049,2025-08,3,3326.84,2127.07
C10049,2025-11,3,4567.36,2784.02
C10049,2025-12,3,1943.9,842.45
C10049,2026-03,1,333.84,333.84
C10049,2026-05,1,479.13,479.13
C10049,2026-06,1,2425.45,2425.45
C10049,2026-08,3,2540.5,1032.94
C10462,2024-12,2,1434.79,901.7
C10462,2025-01,3,5625.26,3467.07
C10462,2025-02,1,1751.44,1751.44
C10462,2025-04,1,4298.62,4298.62
C10462,2025-06,2,891.51,460.48
C10462,2025-08,3,1935.74,843.66
C10462,2026-02,2,3512.53,2032.35
C10462,2026-04,3,1721.2,841.32
C10462,2026-06,1,533.29,533.29
C10462,2026-09,1,498.15,498.15
C10464,2024-11,1,1103.07,1103.07
C10464,2025-06,3,2781.39,1309.31
C10464,2025-09,3,3924.56,1808.64
C10464,2025-11,2,3681.08,2021.77
C10464,2025-12,3,3427.46,1430.79
C10464,2026-04,3,3813.71,1926.25
C10113,2024-11,2,2445.97,1566.92
C10113,2025-01,1,990.03,990.03
C10113,2025-04,3,4640.8,3268.48
C10113,2025-05,3,2328.03,1115.64
C10113,2026-01,1,1175.97,1175.97
C10113,2026-02,1,415.23,415.23
C10113,2026-04,2,2171.12,1275.81
C10113,2026-09,2,1242.87,876.92
C10126,2024-11,1,813.38,813.38
C10126,2025-02,3,5026.51,2261.71
C10126,2025-03,2,1746.13,1264.31
C10126,2025-05,1,249.93,249.93
C10126,2025-06,2,2614.96,1813.16
C10126,2025-07,3,1437.11,780.39
C10126,2025-08,2,1123.52,863.38
C10126,2025-09,3,2071.29,1052.56
C10126,2025-10,3,3294.6,1771.95
C10126,2025-12,1,694.51,694.51
C10126,2026-04,2,1457.77,842.3
C10126,2026-05,3,3874.42,2054.36
C10126,2026-06,2,2667.01,1658.34
C10126,2026-07,3,3479.23,1637.06
C10126,2026-08,3,3557.22,1579.29
C10405,2024-10,2,1245.6,650.88
C10405,2024-12,3,2709.46,1120.96
C10405,2025-01,2,618.28,400.78
C10405,2025-02,2,2485.79,2170.71
C10405,2025-07,2,4701.82,4081.89
C10405,2025-11,2,1740.0,1219.61
C10405,2025-12,3,1912.98,1309.3
C10405,2026-06,1,412.33,412.33
C10405,2026-07,2,1188.62,669.75
C10405,2026-09,2,1731.1,1017.86
C10739,2024-10,3,2568.55,1064.34
C10739,2024-12,3,3887.87,1929.14
C10739,2025-02,3,1845.63,728.98
C10739,2025-04,1,2038.5,2038.5
C10739,2025-05,1,4752.0,4752.0
C10739,2026-01,2,1840.19,1053.27
C10739,2026-03,3,4168.46,1863.65
C10739,2026-06,2,1063.76,551.2
C10739,2026-07,1,480.36,480.36
C10267,2024-10,1,1404.32,1404.32
C10267,2025-01,2,3682.1,2643.85
C10267,2025-03,1,1589.03,1589.03
C10267,2025-07,2,1783.89,1079.15
C10267,2025-08,3,4119.33,2174.6
C10267,2025-09,2,1772.54,983.58
C10267,2025-10,2,1869.69,1097.96
C10267,2026-04,3,5137.34,3183.29
C10267,2026-06,1,1344.16,1344.16
C10267,2026-08,2,987.91,499.42
C10267,2026-09,3,3876.28,2955.79
C10825,2024-11,1,680.97,680.97
C10825,2024-12,1,924.55,924.55
C10825,2025-01,1,1684.3,1684.3
C10825,2025-11,1,1534.83,1534.83
C10825,2025-12,3,3232.19,1801.33
C10825,2026-02,3,4821.31,2311.73
C10825,2026-03,1,488.77,488.77
C10825,2026-08,1,788.17,788.17
C10825,2026-09,1,391.46,391.46
C10227,2024-10,3,2788.83,1161.94
C10227,2024-11,3,4477.12,1905.54
C10227,2025-01,3,3248.07,1537.95
C10227,2026-01,3,1619.52,788.43
C10227,2026-03,2,1553.53,1114.83
C10227,2026-05,3,4416.19,1790.28
C10227,2026-06,3,2465.15,942.93
C10227,2026-07,1,854.49,854.49
C10227,2026-08,2,1435.97,970.48
C10227,2026-09,2,2141.89,1279.65
C10887,2024-10,3,3499.57,1248.1
C10887,2024-11,3,4264.25,1740.9
C10887,2024-12,1,465.81,465.81
C10887,2025-03,1,414.21,414.21
C10887,2025-09,2,3156.38,2039.06
C10887,2025-10,1,457.82,457.82
C10887,2025-12,2,1263.87,712.73
C10887,2026-02,2,2381.72,1801.28
C10887,2026-08,1,878.58,878.58
C10483,2024-10,1,633.06,633.06
C10483,2024-11,1,565.0,565.0
C10483,2025-01,1,771.6,771.6
C10483,2025-08,1,2038.04,2038.04
C10483,2025-09,1,973.75,973.75
C10483,2026-02,1,842.73,842.73
C10483,2026-04,2,1120.53,563.53
C10483,2026-05,3,1694.55,792.5
C10483,2026-07,2,1579.17,1052.62
C10483,2026-08,1,486.28,486.28
