hs8,origin,median_lcu_per_kg,p10,p90,n_lines
03034301,DEU,80.03,80.03,80.03,1
03034301,IND,50.58,46.31,53.3,16
03034301,KOR,69.59,64.8,75.51,30
03034301,MYS,53.65,49.53,61.74,18
03034301,NZL,72.52,68.52,74.86,5
03034301,PAK,46.98,45.68,48.29,2
03034301,PHL,48.72,46.05,59.94,9
03034301,SGP,73.43,69.04,78.83,14
03034301,TWN,59.41,59.41,59.41,1
03034301,ZAF,50.88,48.05,55.19,15
03034302,ARG,41.91,37.82,41.94,3
03034302,AUS,58.26,52.67,63.44,10
03034302,BEL,56.01,53.25,63.14,17
03034302,DEU,56.32,56.32,56.32,1
03034302,FRA,58.01,58.01,58.01,1
03034302,IDN,42.19,37.58,45.1,3
03034302,IND,35.72,33.03,40.32,64
03034302,ITA,61.71,57.93,65.59,4
03034302,KOR,55.04,53.41,58.84,4
03034302,PAK,40.22,36.3,43.62,139
03034302,RUS,46.27,46.27,46.27,1
03034302,TWN,56.38,49.86,61.05,4
03034302,ZAF,38.11,37.17,41.07,4
03034303,ARG,32.27,28.55,32.4,3
03034303,AUS,38.13,36.83,39.43,2
03034303,BRA,23.69,23.69,23.69,1
03034303,CHN,34.83,31.07,37.28,56
03034303,DEU,50.29,46.59,53.02,6
03034303,EGY,29.52,27.12,31.97,30
03034303,ITA,47.12,46.64,47.59,2
03034303,JPN,36.2,33.21,38.66,46
03034303,MYS,31.3,29.84,32.15,3
03034303,PAK,27.91,27.91,27.91,1
03034303,PHL,30.87,28.35,31.91,4
03034303,SGP,42.95,40.64,45.5,15
03034303,TUR,30.92,29.39,32.49,9
03034303,TWN,40.19,40.19,40.19,1
03034303,ZAF,34.47,30.64,37.41,32
03034304,ARG,94.48,94.48,94.48,1
03034304,BEL,52.53,52.18,52.88,2
03034304,BRA,42.75,39.91,44.93,4
03034304,CAN,51.83,51.83,51.83,1
03034304,CHN,38.93,33.62,41.56,38
03034304,DEU,54.64,50.63,65.29,9
03034304,EGY,33.83,32.73,35.19,9
03034304,FRA,53.86,53.86,53.86,1
03034304,GBR,51.51,49.56,89.21,7
03034304,IDN,35.59,33.48,37.7,24
03034304,IND,36.78,35.86,37.69,2
03034304,JPN,56.26,50.8,89.57,9
03034304,KOR,50.14,47.53,56.91,17
03034304,MYS,40.55,36.94,44.7,15
03034304,NLD,56.76,55.54,58.07,3
03034304,NZL,48.96,46.43,54.76,22
03034304,SGP,41.33,41.33,41.33,1
03034304,TUR,36.13,33.75,37.29,6
03034304,TWN,43.91,43.53,45.02,3
03034304,USA,53.74,47.38,59.07,16
03038901,ARG,45.2,42.28,47.55,5
03038901,BRA,47.88,44.8,50.96,2
03038901,CAN,68.09,68.09,68.09,1
03038901,CHN,48.62,48.62,48.62,1
03038901,DEU,75.26,66.88,81.08,37
03038901,GBR,67.16,61.35,71.35,24
03038901,IDN,42.76,39.09,47.04,102
03038901,IND,44.32,41.21,48.19,9
03038901,ITA,64.49,63.26,67.4,4
03038901,JPN,72.22,67.54,77.07,15
03038901,KOR,62.53,56.8,70.7,38
03038901,MYS,47.54,44.83,50.51,82
03038901,NZL,61.87,55.42,66.22,39
03038901,PAK,44.05,44.05,44.05,1
03038901,RUS,45.41,44.86,45.95,2
03038901,SGP,61.45,61.45,61.45,1
03038901,TWN,56.98,49.77,59.48,3
03038901,USA,66.93,61.24,73.65,102
03038902,ARG,34.11,32.38,37.98,9
03038902,BEL,49.28,49.28,49.28,1
03038902,BRA,29.99,29.36,30.6,3
03038902,CHN,38.45,38.45,38.45,1
03038902,FRA,45.05,45.05,45.05,1
03038902,IDN,32.0,32.0,32.0,1
03038902,IND,34.83,32.7,38.03,28
03038902,JPN,41.27,38.71,45.29,78
03038902,KOR,52.35,50.5,58.75,15
03038902,MYS,43.32,43.32,43.32,1
03038902,NZL,48.6,47.36,52.12,4
03038902,PAK,32.89,32.89,32.89,1
03038902,USA,50.28,47.69,53.79,17
03038902,ZAF,38.38,35.72,42.57,27
03038903,ARG,29.68,28.65,30.72,2
03038903,AUS,35.97,34.76,39.67,9
03038903,BRA,28.83,26.84,30.46,8
03038903,CHN,30.55,26.66,33.03,80
03038903,DEU,41.45,38.63,42.0,11
03038903,EGY,26.16,24.51,28.64,36
03038903,ESP,36.55,31.27,39.92,20
03038903,IDN,29.27,26.38,31.43,66
03038903,IND,26.43,24.8,28.85,7
03038903,JPN,42.4,39.71,46.64,38
03038903,KOR,36.7,34.99,39.24,22
03038903,MYS,30.48,28.52,32.29,14
03038903,NZL,36.16,35.69,36.62,2
03038903,TUR,27.18,24.7,28.9,13
03038903,USA,35.66,35.66,35.66,1
03038903,ZAF,31.04,29.39,32.44,3
03038904,ARG,36.63,36.63,36.63,1
03038904,CHN,33.54,33.54,33.54,1
03038904,DEU,51.76,48.3,56.07,3
03038904,IDN,33.19,28.94,37.11,19
03038904,ITA,47.41,47.41,47.41,1
03038904,JPN,50.14,47.15,53.13,2
03038904,KOR,41.92,41.92,41.92,1
03038904,MYS,33.75,33.75,33.75,1
03038904,PHL,30.8,29.2,39.2,7
03038904,USA,44.01,41.22,46.79,2
03055901,ARG,135.05,125.2,144.89,2
03055901,AUS,170.85,168.23,174.22,3
03055901,BEL,166.1,162.66,169.54,2
03055901,CAN,186.33,186.33,186.33,1
03055901,DEU,197.63,184.89,222.54,10
03055901,EGY,117.88,116.1,119.66,2
03055901,FRA,179.23,169.05,184.47,4
03055901,IND,117.95,114.02,121.18,3
03055901,ITA,148.62,148.13,149.11,2
03055901,MYS,127.75,124.75,142.15,22
03055901,NZL,165.22,165.22,165.22,1
03055901,PHL,153.84,140.51,154.51,3
03055901,SGP,181.17,168.66,190.72,6
03055901,USA,182.04,182.04,182.04,1
03055901,ZAF,136.26,126.12,156.53,45
03055902,ARG,108.4,104.24,114.54,4
03055902,AUS,136.18,123.09,144.55,52
03055902,BEL,142.11,135.51,146.14,5
03055902,BRA,108.12,104.93,114.26,7
03055902,CAN,133.33,128.18,138.81,7
03055902,CHN,101.99,94.14,109.83,2
03055902,FRA,148.49,147.04,149.49,3
03055902,GBR,143.86,137.45,152.93,11
03055902,ITA,143.4,138.96,147.84,2
03055902,KOR,143.19,132.46,148.37,19
03055902,MYS,103.36,98.17,115.13,6
03055902,NLD,145.47,145.47,145.47,1
03055902,NZL,132.67,132.67,132.67,1
03055902,PAK,86.45,86.45,86.45,1
03055902,PHL,103.85,103.85,103.85,1
03055902,RUS,100.51,94.69,106.29,7
03055902,TUR,100.33,97.43,107.51,10
03055902,TWN,115.12,115.12,115.12,1
03055902,USA,132.24,125.92,137.55,6
03055903,AUS,101.69,94.09,106.89,32
03055903,BRA,81.7,81.7,81.7,1
03055903,CHN,81.92,81.58,82.25,2
03055903,DEU,107.27,102.39,112.16,2
03055903,FRA,105.47,105.47,105.47,1
03055903,IDN,70.16,64.38,79.62,166
03055903,IND,73.46,70.05,78.86,9
03055903,JPN,124.44,116.29,126.69,3
03055903,KOR,103.78,93.6,108.14,10
03055903,MYS,84.52,76.99,92.27,181
03055903,PHL,73.43,73.43,73.43,1
03055903,SGP,93.63,84.81,101.72,12
03055903,USA,112.37,102.34,119.49,172
03055904,AUS,117.48,111.85,124.66,12
03055904,BEL,117.4,108.61,127.09,27
03055904,BRA,69.43,65.33,87.3,37
03055904,CAN,125.12,120.27,129.56,3
03055904,CHN,88.18,80.3,93.19,23
03055904,DEU,131.84,123.41,139.49,10
03055904,ESP,123.12,123.12,123.12,1
03055904,FRA,129.34,129.34,129.34,1
03055904,IND,78.29,72.08,85.99,31
03055904,JPN,100.58,92.68,109.52,831
03055904,KOR,122.38,116.44,133.28,11
03055904,MYS,98.08,90.6,106.62,239
03055904,NZL,115.56,107.93,123.29,21
03055904,PHL,87.69,81.41,96.45,23
03055904,SGP,110.97,101.54,124.16,19
03055904,USA,139.62,125.46,147.76,7
03061701,BRA,181.95,165.26,199.14,109
03061701,CHN,175.58,163.27,189.73,44
03061701,DEU,261.8,261.8,261.8,1
03061701,IDN,150.65,149.63,151.17,4
03061701,KOR,216.32,216.32,216.32,1
03061701,NZL,220.19,210.75,230.62,3
03061701,USA,245.5,217.48,246.71,3
03061702,ARG,139.44,137.39,141.49,2
03061702,AUS,176.17,171.41,180.93,2
03061702,BEL,177.96,165.76,185.01,9
03061702,BRA,139.61,130.57,141.86,3
03061702,CHN,146.77,132.08,159.57,19
03061702,GBR,196.28,192.2,200.36,2
03061702,IDN,132.65,132.65,132.65,1
03061702,KOR,179.99,168.8,191.18,2
03061702,MYS,155.59,135.64,166.57,21
03061702,NZL,162.64,162.64,162.64,1
03061703,ARG,104.81,93.42,110.67,5
03061703,AUS,127.92,119.23,130.23,6
03061703,BRA,107.71,98.88,120.35,36
03061703,CHN,90.97,87.95,93.98,2
03061703,FRA,148.04,148.04,148.04,1
03061703,IND,96.94,90.07,102.65,49
03061703,JPN,158.44,156.1,160.78,2
03061703,KOR,133.06,133.06,133.06,1
03061703,MYS,105.36,96.1,115.45,45
03061703,PHL,92.73,85.72,102.15,6
03061703,RUS,93.8,93.8,93.8,1
03061703,SGP,123.76,123.28,124.25,2
03061703,TWN,101.06,101.06,101.06,1
03061703,USA,137.11,137.11,137.11,1
03061703,ZAF,109.12,97.97,116.24,118
03061704,ARG,109.21,109.21,109.21,1
03061704,BRA,125.79,115.93,134.0,55
03061704,CHN,109.26,102.16,120.06,18
03061704,EGY,105.91,105.91,105.91,1
03061704,IDN,108.74,108.14,137.09,4
03061704,IND,108.17,99.04,118.94,71
03061704,KOR,157.22,145.66,175.23,49
03061704,MYS,127.39,113.7,138.86,52
03061704,PHL,117.3,103.93,131.83,9
03061704,ZAF,112.51,101.71,122.88,21
03079101,ARG,95.02,87.4,100.8,10
03079101,AUS,118.71,118.06,120.34,3
03079101,BRA,104.27,101.06,113.4,9
03079101,CAN,121.06,112.58,130.16,24
03079101,DEU,125.33,125.33,125.33,1
03079101,FRA,130.63,122.72,134.02,7
03079101,GBR,126.84,116.42,140.6,4
03079101,IDN,95.04,95.04,95.04,1
03079101,IND,79.63,72.84,88.64,48
03079101,KOR,124.3,121.18,127.87,5
03079101,MYS,94.49,86.17,102.02,4
03079101,NZL,126.03,113.1,136.63,26
03079101,PAK,86.11,79.97,94.44,94
03079101,RUS,91.38,87.17,97.68,17
03079101,SGP,130.06,122.45,133.45,33
03079101,TWN,107.53,107.53,107.53,1
03079101,USA,123.99,123.42,124.08,3
03079101,ZAF,89.78,83.24,97.94,4
03079102,AUS,92.43,92.43,92.43,1
03079102,CHN,77.46,77.46,77.46,1
03079102,DEU,115.72,108.88,126.36,8
03079102,EGY,68.04,66.61,73.28,4
03079102,IDN,67.93,61.96,74.0,91
03079102,IND,66.78,63.59,79.3,12
03079102,ITA,96.96,96.96,96.96,1
03079102,JPN,105.61,105.61,105.61,1
03079102,KOR,101.89,101.89,101.89,1
03079102,MYS,78.16,71.98,84.35,21
03079102,PAK,69.92,63.84,76.74,43
03079102,PHL,68.33,62.63,73.12,11
03079102,TUR,69.02,66.6,73.78,10
03079102,TWN,91.5,91.5,91.5,1
03079102,USA,106.91,96.7,114.7,91
03079103,AUS,75.66,68.5,82.18,16
03079103,BEL,72.61,66.69,83.89,19
03079103,BRA,60.82,56.99,65.43,18
03079103,CHN,61.18,57.1,62.54,8
03079103,GBR,74.48,74.48,74.48,1
03079103,IDN,54.13,49.28,60.4,12
03079103,KOR,72.97,69.79,76.15,2
03079103,MYS,62.34,57.71,67.32,38
03079103,NZL,70.26,68.17,77.11,4
03079103,PHL,54.23,54.23,54.23,1
03079103,SGP,65.43,59.73,71.12,2
03079103,USA,80.9,70.42,85.36,5
03079103,ZAF,48.86,36.65,53.58,3
03079104,ARG,68.24,68.24,68.24,1
03079104,AUS,80.86,75.23,88.97,81
03079104,BEL,77.39,77.39,77.39,1
03079104,BRA,73.68,63.93,79.1,34
03079104,CAN,90.18,87.17,92.09,6
03079104,CHN,72.59,60.84,77.48,31
03079104,EGY,63.63,63.63,63.63,1
03079104,IDN,69.01,69.01,69.01,1
03079104,IND,54.8,50.68,58.91,2
03079104,ITA,89.58,83.21,104.96,4
03079104,JPN,95.71,91.61,99.81,2
03079104,KOR,88.37,80.38,94.22,23
03079104,MYS,70.54,64.66,77.72,26
03079104,NZL,83.69,77.29,89.05,37
03079104,PHL,63.68,56.92,70.13,21
03079104,SGP,90.71,81.26,94.81,11
03079104,TUR,63.45,61.93,68.31,10
03079104,TWN,83.2,79.84,86.56,2
03079104,USA,97.33,85.9,105.79,12
03079104,ZAF,64.8,62.49,78.47,3
08039001,ARG,15.59,15.59,15.59,1
08039001,CAN,24.64,24.64,24.64,1
08039001,CHN,20.12,20.12,20.12,1
08039001,DEU,24.24,24.24,24.24,1
08039001,MYS,20.0,19.31,21.78,10
08039001,NZL,22.54,22.08,22.99,2
08039002,FRA,17.48,17.48,17.48,1
08039002,ITA,17.86,15.29,19.99,4
08039002,JPN,21.61,20.71,23.84,9
08039002,KOR,18.54,17.09,19.95,16
08039002,MYS,12.97,12.18,14.29,9
08039002,PHL,14.55,14.55,14.55,1
08039003,IDN,9.87,9.16,10.74,13
08039003,IND,8.8,8.38,9.86,6
08039003,PAK,9.91,9.35,10.44,12
08039003,USA,14.72,14.02,16.34,11
08039004,CHN,11.97,11.09,12.67,11
08039004,IND,10.69,9.94,11.86,23
08039004,MYS,12.95,12.95,12.95,1
08039004,PHL,12.26,10.82,12.99,19
08039004,ZAF,12.06,12.06,12.06,1
08051002,ARG,19.68,18.73,21.19,4
08051002,AUS,23.98,22.26,25.96,44
08051002,BEL,25.54,25.54,25.54,1
08051002,BRA,20.69,19.14,23.2,29
08051002,CHN,21.32,19.89,22.61,7
08051002,GBR,27.78,21.32,29.74,15
08051002,IDN,19.75,17.14,20.71,8
08051002,IND,18.89,17.5,20.2,22
08051002,NZL,23.91,22.85,25.95,12
08051002,SGP,27.56,24.91,28.93,3
08051002,TUR,20.44,19.63,21.25,2
08051003,AUS,18.92,18.45,19.38,2
08051003,BRA,15.72,15.63,15.82,2
08051003,EGY,11.93,11.93,11.93,1
08051003,IDN,14.19,13.0,15.1,28
08051003,MYS,16.26,14.91,16.79,3
08051003,PHL,16.81,16.11,17.52,2
08051003,USA,21.05,19.32,21.91,17
08051004,BEL,22.48,20.82,23.15,6
08051004,BRA,18.39,15.5,20.29,11
08051004,CHN,18.51,15.98,20.61,40
08051004,DEU,26.37,25.03,27.54,4
08051004,EGY,15.93,14.79,16.96,25
08051004,KOR,23.19,23.14,24.95,3
08051004,PAK,15.53,15.53,15.53,1
08051004,TUR,16.62,14.83,17.88,8
08061001,ARG,56.01,53.26,58.76,2
08061001,AUS,76.76,71.65,79.39,29
08061001,DEU,79.37,79.37,79.37,1
08061001,FRA,74.01,71.29,76.47,9
08061001,IDN,60.44,55.73,65.42,43
08061001,JPN,86.86,80.26,89.96,4
08061001,KOR,77.98,73.43,86.35,8
08061001,MYS,61.76,60.07,65.62,4
08061001,PAK,54.33,54.33,54.33,1
08061001,PHL,59.26,59.0,59.56,3
08061001,TUR,56.2,55.82,56.58,2
08061001,USA,76.84,71.95,88.12,13
08061001,ZAF,62.45,55.97,65.64,8
08061002,PHL,52.29,52.29,52.29,1
08061002,TWN,59.8,59.8,59.8,1
08061003,GBR,49.61,49.61,49.61,1
08061003,JPN,47.67,47.67,47.67,1
08061003,KOR,49.01,45.28,49.83,5
08061003,NZL,43.56,43.56,43.56,1
08061003,PAK,32.69,30.23,35.24,177
08061003,PHL,31.78,29.32,33.92,45
08061003,USA,47.35,47.35,47.35,1
08061004,ARG,39.47,34.84,43.34,9
08061004,CHN,45.2,45.2,45.2,1
08061004,GBR,55.83,51.97,60.39,33
08061004,IDN,62.5,62.5,62.5,1
08061004,KOR,50.95,50.71,55.17,4
08061004,MYS,43.17,40.3,45.8,10
08061004,ZAF,41.33,41.33,41.33,1
08081001,MYS,33.79,32.86,34.72,2
08081002,ARG,23.32,21.3,25.81,18
08081002,BRA,23.83,22.81,25.99,29
08081002,DEU,37.52,37.52,37.52,1
08081002,GBR,32.38,29.93,35.7,24
08081002,JPN,34.02,34.02,34.02,1
08081002,MYS,35.35,35.35,35.35,1
08081002,NZL,28.88,27.67,30.01,15
08081003,AUS,21.83,21.14,22.61,3
08081003,NZL,24.29,23.57,25.01,2
08081003,TWN,20.8,20.08,21.48,3
08081004,ARG,21.73,20.15,23.31,2
08081004,BRA,24.16,24.16,24.16,1
08109001,CHN,52.42,44.32,56.87,25
08109001,DEU,69.89,68.26,71.52,2
08109001,EGY,45.63,41.7,47.62,11
08109001,TUR,47.55,45.28,52.39,3
08109002,AUS,57.38,57.38,57.38,1
08109002,PAK,36.53,33.9,40.07,165
08109002,PHL,35.79,32.77,39.19,31
08109003,CHN,31.86,29.6,33.16,9
08109003,MYS,34.12,30.97,35.76,14
08109003,PHL,30.35,30.23,30.47,2
08109004,ARG,34.99,31.26,36.32,4
08109004,AUS,45.03,42.26,47.58,6
08109004,BRA,38.18,38.18,38.18,1
08109004,CAN,49.0,46.1,53.83,5
08109004,IND,32.55,32.55,32.55,1
08109004,KOR,46.06,41.93,47.73,5
08109004,MYS,32.31,25.58,34.1,6
08109004,NZL,43.22,41.22,46.96,25
08109004,PHL,34.83,32.47,36.4,3
08109004,TUR,32.86,31.93,33.51,5
08109004,USA,51.35,44.52,55.63,6
10019902,AUS,7.57,6.56,8.06,15
10019902,FRA,7.85,7.57,8.19,6
10019902,ITA,8.53,6.9,9.7,4
10019902,MYS,7.1,7.1,7.1,1
10019902,PHL,5.71,5.71,5.71,1
10019903,IDN,4.7,4.43,5.15,5
10019903,RUS,4.82,4.82,4.82,1
10019903,USA,5.11,5.11,5.11,1
10019904,BRA,5.73,5.08,6.23,58
10019904,CAN,7.11,7.11,7.11,1
10019904,CHN,5.67,5.41,5.93,2
10019904,IND,5.06,4.7,5.42,41
10019904,MYS,5.49,5.06,5.63,7
10019904,NZL,6.53,6.06,6.92,6
10059001,AUS,8.56,7.64,9.26,17
10059001,BRA,4.93,4.72,5.19,3
10059001,IDN,7.19,7.19,7.19,1
10059001,JPN,7.3,6.74,7.93,265
10059001,KOR,8.46,8.21,8.71,2
10059001,NZL,7.64,7.24,8.03,2
10059001,SGP,8.31,8.31,8.31,1
10059002,IND,4.29,3.95,4.84,49
10059002,JPN,7.72,7.62,7.83,2
10059002,PAK,4.92,4.37,5.27,107
10059003,AUS,5.41,5.05,5.77,2
10059003,CHN,4.42,4.42,4.42,1
10059003,JPN,6.18,6.1,6.26,2
10059003,MYS,4.37,4.37,4.37,1
10059003,PHL,3.86,3.4,4.01,3
10059004,ARG,4.05,3.87,4.73,10
10059004,AUS,5.39,5.39,5.39,1
10059004,GBR,6.44,5.74,6.87,23
10059004,ZAF,4.59,4.37,4.75,8
10061001,BEL,11.67,10.78,12.18,5
10061001,CHN,8.1,8.1,8.1,1
10061001,DEU,15.82,15.82,15.82,1
10061001,JPN,12.89,12.74,14.1,3
10061001,KOR,12.58,12.03,12.78,3
10061001,MYS,9.55,8.63,10.3,40
10061001,NLD,13.09,13.09,13.09,1
10061001,SGP,11.24,9.46,12.91,18
10061002,BEL,9.46,9.46,9.46,1
10061002,FRA,8.81,8.18,9.74,5
10061002,JPN,11.42,11.42,11.42,1
10061002,KOR,9.55,8.1,10.19,15
10061002,NZL,9.58,7.56,10.12,6
10061002,USA,10.08,9.34,10.95,13
10061002,ZAF,7.33,6.81,8.1,6
10061003,ARG,5.87,5.8,5.91,3
10061003,FRA,7.07,7.07,7.07,1
10061003,IDN,4.86,4.45,5.27,57
10061003,IND,4.95,3.84,5.33,5
10061003,JPN,8.71,8.71,8.71,1
10061003,MYS,4.97,4.93,5.01,2
10061003,PAK,4.85,4.85,4.85,1
10061003,SGP,7.28,6.97,8.01,15
10061003,USA,7.7,6.97,8.2,52
10061004,AUS,7.72,6.96,8.46,238
10061004,BRA,7.19,7.19,7.19,1
10061004,CHN,6.71,6.14,7.47,26
10061004,KOR,8.29,8.29,8.29,1
10061004,PHL,5.32,5.08,5.9,4
10061004,ZAF,6.83,6.83,6.83,1
10063001,DEU,20.55,19.46,22.81,6
10063001,FRA,17.03,16.38,17.69,2
10063001,GBR,17.61,17.61,17.61,1
10063001,KOR,16.0,16.0,16.0,1
10063001,MYS,13.48,11.92,14.43,21
10063002,CHN,8.97,7.08,12.05,4
10063002,IDN,9.87,8.64,10.45,7
10063002,IND,9.5,7.99,9.81,3
10063002,MYS,12.15,10.59,12.19,3
10063002,PAK,9.65,8.77,10.42,133
10063002,PHL,9.36,8.64,10.21,37
10063002,ZAF,11.01,10.29,12.37,65
10063003,EGY,7.61,7.41,7.93,4
10063003,IDN,6.97,6.27,8.09,321
10063003,IND,7.29,6.89,7.88,15
10063003,JPN,11.92,11.92,11.92,1
10063003,TUR,7.38,6.89,7.64,11
10063003,USA,11.05,10.09,12.12,292
10063004,GBR,12.71,11.44,13.93,41
10063004,IDN,9.46,8.95,10.31,35
10063004,JPN,13.78,13.22,14.24,5
10063004,KOR,12.41,11.67,13.57,47
10063004,MYS,9.89,9.87,10.58,4
10063004,NZL,12.03,10.71,13.0,87
10063004,PAK,8.44,7.65,9.19,70
10063004,PHL,8.31,7.7,9.05,14
10063004,USA,11.58,11.58,11.58,1
10064001,CAN,13.5,13.5,13.5,1
10064001,ITA,15.06,13.37,15.09,3
10064001,KOR,13.4,13.4,13.4,1
10064001,MYS,9.5,8.68,10.2,34
10064001,NZL,12.41,10.98,12.86,8
10064001,PHL,9.52,8.6,10.83,36
10064001,TWN,10.54,10.54,10.54,1
10064001,USA,14.72,14.72,14.72,1
10064002,AUS,9.71,9.39,10.29,6
10064002,BRA,8.53,8.2,9.13,18
10064002,CHN,7.97,6.78,8.52,9
10064002,FRA,11.4,10.33,11.5,3
10064003,ARG,5.83,5.81,6.35,3
10064003,BEL,8.11,8.02,8.2,2
10064003,DEU,9.14,8.51,9.84,17
10064003,GBR,8.22,7.87,8.58,2
10064003,MYS,5.99,5.61,6.55,21
10064003,PAK,4.62,4.62,4.62,1
10064004,ARG,7.48,7.33,7.77,4
10064004,BEL,9.76,9.51,9.94,7
10064004,CHN,6.5,6.5,6.5,1
10064004,DEU,9.97,9.66,10.27,2
10064004,FRA,8.8,8.49,9.92,5
10064004,JPN,7.77,6.72,8.5,25
10064004,PAK,6.58,6.58,6.58,1
10064004,USA,8.92,8.52,9.41,3
10064004,ZAF,6.87,6.85,6.89,2
17011401,ARE,12.79,12.24,14.3,12
17011401,AUS,14.08,13.91,14.42,3
17011401,BRA,12.26,11.73,13.0,4
17011401,CAN,15.74,14.18,17.12,6
17011401,CHE,17.96,17.96,17.96,1
17011401,CHN,12.32,12.32,12.32,1
17011401,DEU,19.05,18.11,19.98,2
17011401,ESP,14.32,13.87,14.77,2
17011401,IDN,11.09,9.02,11.57,13
17011401,IND,11.6,10.73,12.47,2
17011401,ITA,17.08,17.08,17.08,1
17011401,JPN,16.29,16.29,16.29,1
17011401,KOR,15.77,14.3,16.46,3
17011401,MYS,9.3,9.3,9.3,1
17011401,NZL,15.0,13.68,17.2,23
17011401,PHL,10.29,9.73,10.7,4
17011401,RUS,11.04,10.59,11.68,5
17011401,TUR,10.24,9.4,11.92,6
17011401,TWN,15.36,14.73,15.98,2
17011401,USA,17.38,15.83,18.51,5
17011402,EGY,8.4,7.6,9.34,71
17011402,FRA,12.72,11.69,13.94,22
17011402,IDN,8.13,8.07,8.19,2
17011402,JPN,13.7,13.27,14.13,2
17011402,KOR,13.04,12.57,13.51,2
17011402,SAU,10.61,10.61,10.61,1
17011402,ZAF,9.98,9.98,9.98,1
17011403,CHN,6.15,5.38,6.86,11
17011403,DEU,10.36,9.51,12.37,5
17011403,IND,6.04,5.39,6.82,21
17011403,JPN,7.75,6.99,8.58,37
17011403,MYS,7.18,6.02,8.02,6
17011403,NLD,8.61,8.53,8.69,2
17011403,SAU,9.06,6.91,9.23,6
17011403,TUR,7.14,7.14,7.14,1
17011404,BRA,6.56,5.95,8.76,6
17011404,CHE,12.09,10.22,14.23,8
17011404,CHN,7.22,6.27,9.32,19
17011404,FRA,10.99,10.38,11.61,13
17011404,IND,7.42,6.55,7.94,12
17011404,JPN,9.12,8.05,10.61,60
17011404,MYS,9.45,9.29,9.61,2
17011404,SGP,10.82,10.74,10.85,3
17011404,TUR,8.34,8.34,8.34,1
17019901,ARE,10.1,10.1,10.1,1
17019901,ARG,14.92,13.0,17.59,17
17019901,BRA,15.21,14.96,15.46,2
17019901,CHE,25.35,24.99,25.72,2
17019901,CHN,14.86,13.4,18.21,16
17019901,DEU,21.63,18.33,23.32,8
17019901,EGY,12.69,11.62,13.49,17
17019901,FRA,21.39,21.39,21.39,1
17019901,IDN,14.1,9.29,15.83,17
17019901,IND,13.16,12.94,14.89,3
17019901,JPN,22.13,21.53,23.93,8
17019901,KOR,20.34,19.56,21.75,9
17019901,MYS,15.37,13.55,17.04,101
17019901,NZL,18.05,18.05,18.05,1
17019901,TUR,13.05,13.05,13.05,1
17019901,USA,19.27,16.73,22.42,10
17019902,BEL,15.15,15.15,15.15,1
17019902,CHN,10.28,9.2,11.52,144
17019902,DEU,18.15,16.76,20.09,23
17019902,EGY,10.93,10.48,11.43,5
17019902,IDN,12.1,12.1,12.1,1
17019902,IND,10.59,9.11,12.43,11
17019902,JPN,16.14,16.14,16.14,1
17019902,KOR,16.12,15.33,16.91,2
17019902,MYS,12.3,11.55,13.02,11
17019902,NZL,16.98,16.98,16.98,1
17019902,PAK,10.23,9.45,10.84,15
17019902,SGP,12.64,10.11,15.16,2
17019902,TUR,11.31,10.64,13.07,7
17019902,USA,16.83,15.59,18.37,61
17019903,BRA,8.3,8.17,8.65,3
17019903,CHN,8.22,7.53,9.08,24
17019903,IDN,9.5,8.48,9.91,9
17019903,IND,7.96,6.8,8.73,21
17019903,MYS,9.91,9.13,10.29,12
17019903,NZL,11.27,10.68,12.25,16
17019903,PHL,8.7,7.88,10.03,27
17019904,CHN,10.22,10.12,10.34,4
17019904,GBR,12.86,12.1,13.5,3
17019904,IDN,13.41,13.41,13.41,1
17019904,IND,5.71,5.71,5.71,1
17019904,JPN,15.68,14.59,16.76,2
17019904,KOR,12.68,12.33,17.36,3
17019904,MYS,11.77,10.51,13.05,58
17019904,TUR,8.98,7.24,10.71,2
17023001,CHN,21.6,19.68,23.53,2
17023001,EGY,19.13,17.64,20.31,37
17023001,FRA,27.72,24.72,31.89,9
17023001,IDN,22.69,20.39,23.98,6
17023001,IND,19.65,18.16,20.74,5
17023001,KOR,27.54,27.54,27.54,1
17023001,PHL,18.52,18.52,18.52,1
17023001,ZAF,24.02,21.04,25.73,14
17023002,ARE,20.78,20.36,22.21,4
17023002,ARG,18.88,17.53,21.51,3
17023002,BRA,19.49,17.12,20.93,6
17023002,CHN,18.56,16.05,20.76,48
17023002,DEU,26.63,22.74,27.17,9
17023002,EGY,16.23,14.92,17.59,24
17023002,FRA,24.64,21.56,26.79,48
17023002,IND,16.47,15.31,17.89,23
17023002,MYS,17.89,16.84,18.76,10
17023002,PAK,16.87,15.74,17.09,6
17023002,PHL,16.14,14.61,16.58,4
17023002,SAU,18.07,18.07,18.07,1
17023002,TUR,16.8,15.48,17.36,8
17023002,USA,22.06,21.4,22.77,7
17023002,ZAF,14.76,14.76,14.76,1
17023003,AUS,18.55,18.29,18.81,2
17023003,BEL,16.29,15.37,17.25,4
17023003,CHE,19.53,17.83,22.31,10
17023003,CHN,11.61,10.73,12.72,3
17023003,IDN,13.35,11.49,14.33,9
17023003,IND,10.52,8.03,12.35,5
17023003,KOR,16.46,15.19,17.61,4
17023003,MYS,17.09,17.09,17.09,1
17023003,NLD,17.92,10.09,18.94,3
17023003,RUS,12.57,12.57,12.57,1
17023004,AUS,17.62,15.25,18.47,3
17023004,CHN,15.46,14.34,17.56,19
17023004,DEU,20.46,20.46,20.46,1
17023004,EGY,13.45,13.45,13.45,1
17023004,IND,13.95,13.58,14.33,2
17023004,JPN,21.1,20.86,23.81,5
17023004,MYS,14.76,14.76,14.76,1
17023004,NZL,19.54,18.53,22.55,17
17023004,SGP,22.54,19.52,24.16,6
17023004,TUR,13.83,13.36,14.62,5
17023004,TWN,17.23,16.52,18.97,5
17023004,USA,25.96,25.96,25.96,1
17023004,ZAF,17.45,16.77,18.12,2
17031001,ARG,5.12,4.9,5.34,2
17031001,AUS,5.93,5.26,6.93,5
17031001,BEL,5.87,5.62,6.12,2
17031001,BRA,5.01,4.86,5.34,4
17031001,CAN,6.08,5.75,6.42,2
17031001,EGY,4.26,4.01,4.71,11
17031001,GBR,6.67,6.33,7.52,48
17031001,IDN,4.88,4.55,5.08,5
17031001,IND,4.51,4.16,4.89,40
17031001,KOR,6.55,5.9,7.1,90
17031001,MYS,4.51,4.24,4.58,3
17031001,NLD,6.83,6.6,7.72,4
17031001,NZL,6.36,5.56,7.1,81
17031001,PAK,4.21,3.89,4.37,3
17031001,SGP,6.34,5.4,7.25,27
17031001,TUR,4.56,4.55,4.57,2
17031001,USA,6.61,6.61,6.61,1
17031001,ZAF,3.91,3.61,4.22,2
17031002,ARE,4.24,4.02,4.47,2
17031002,ARG,3.44,3.41,3.47,2
17031002,AUS,4.87,4.46,5.39,56
17031002,BEL,5.03,4.98,5.07,2
17031002,BRA,3.87,2.65,4.11,3
17031002,DEU,5.74,5.26,6.36,18
17031002,EGY,3.3,3.04,3.63,14
17031002,IND,3.62,3.16,4.04,18
17031002,JPN,5.01,4.52,5.6,10
17031002,KOR,5.05,4.98,5.19,6
17031002,PAK,3.34,2.93,3.78,30
17031002,SGP,4.78,4.56,5.41,11
17031002,USA,5.16,4.66,5.89,12
17031003,ARE,3.29,3.04,3.63,19
17031003,AUS,3.8,3.26,4.14,11
17031003,BRA,3.02,2.93,3.3,9
17031003,CHN,3.08,3.03,3.08,3
17031003,EGY,2.61,2.38,2.77,11
17031003,IDN,2.45,2.4,3.08,5
17031003,JPN,4.22,3.96,4.48,2
17031003,KOR,3.56,3.56,3.56,1
17031003,MYS,3.05,2.73,3.42,16
17031003,SAU,3.49,3.49,3.5,2
17031003,SGP,3.42,3.31,3.72,8
17031003,USA,3.97,3.97,3.97,1
17031003,ZAF,3.08,2.74,3.15,3
17031004,ARG,16.74,16.74,16.74,1
17031004,CHN,5.47,2.89,11.71,4
17031004,DEU,16.22,4.8,93.9,11
17031004,ESP,4.63,4.63,4.63,1
17031004,FRA,82.51,82.51,82.51,1
17031004,IDN,11.72,11.72,11.72,1
17031004,ITA,4.02,4.01,4.03,2
17031004,JPN,81.68,81.68,81.68,1
17031004,KOR,4.44,4.14,4.72,3
17031004,MYS,7.59,4.22,10.96,2
17031004,PAK,3.14,2.84,3.48,75
17031004,PHL,2.97,2.84,3.4,12
17031004,SAU,64.01,62.84,74.21,3
17049001,AUS,117.03,117.03,117.03,1
17049001,BRA,99.78,90.07,110.28,71
17049001,CHN,97.39,85.63,107.26,250
17049001,DEU,136.51,127.9,145.19,30
17049001,EGY,84.06,74.33,93.26,105
17049001,IND,87.17,80.24,94.37,21
17049001,ITA,134.02,129.94,138.15,3
17049001,KOR,114.12,114.12,114.12,1
17049001,PHL,101.61,100.62,102.59,2
17049001,TUR,85.7,76.15,96.96,32
17049001,TWN,103.58,103.58,103.58,1
17049002,AUS,96.43,94.74,98.12,2
17049002,CHE,127.51,114.57,137.52,29
17049002,CHN,67.49,63.66,71.31,2
17049002,DEU,99.97,88.15,110.1,127
17049002,GBR,105.81,97.94,110.65,7
17049002,JPN,102.68,90.4,112.86,5
17049002,KOR,96.98,86.79,106.29,22
17049002,MYS,78.88,77.57,82.29,3
17049002,SAU,75.54,67.07,84.93,167
17049002,USA,94.78,91.95,105.13,3
17049003,AUS,70.62,68.34,76.2,7
17049003,BEL,73.39,69.3,77.66,11
17049003,CHE,83.51,72.07,94.94,2
17049003,DEU,85.88,79.39,94.37,59
17049003,JPN,81.12,64.4,90.03,18
17049003,KOR,74.88,70.71,79.06,2
17049003,MYS,55.56,50.38,61.28,168
17049003,ZAF,56.25,56.25,56.25,1
17049004,AUS,84.4,75.28,96.98,8
17049004,BRA,80.9,60.55,101.25,2
17049004,CHE,103.94,97.39,110.48,2
17049004,CHN,55.44,50.84,59.79,22
17049004,DEU,87.32,79.52,98.21,172
17049004,FRA,88.75,86.54,99.49,3
17049004,JPN,93.89,83.51,107.46,4
17049004,MYS,68.74,62.12,75.05,8
17049004,NLD,76.25,61.89,90.6,2
17049004,SAU,66.2,58.87,73.7,299
17049004,TUR,52.67,40.71,64.63,2
22011001,ARG,7.94,7.94,7.94,1
22011001,BRA,8.62,7.85,9.28,275
22011001,CHN,8.25,7.61,8.96,61
22011001,DEU,12.68,11.96,13.41,22
22011001,EGY,6.69,6.24,7.05,30
22011001,IDN,7.54,6.81,8.27,2
22011001,ITA,11.05,9.67,12.09,21
22011001,KOR,10.4,9.56,11.75,15
22011001,MYS,8.46,7.46,9.44,56
22011001,NZL,9.93,9.6,10.25,2
22011001,SGP,9.77,5.39,10.91,13
22011001,TUR,7.25,6.89,8.06,12
22011001,USA,10.74,10.74,10.74,1
22011002,ARE,7.37,6.43,7.82,5
22011002,CHE,10.11,9.81,10.9,3
22011002,CHN,5.5,5.23,6.49,14
22011002,DEU,9.62,9.14,10.85,4
22011002,FRA,8.11,5.89,8.18,4
22011002,IDN,5.78,5.78,5.78,1
22011002,IND,5.8,5.8,5.8,1
22011002,ITA,9.48,8.93,9.76,11
22011002,JPN,9.14,8.44,9.82,26
22011002,MYS,8.75,7.32,9.51,3
22011002,SGP,7.47,7.47,7.47,1
22011002,USA,8.9,8.44,9.37,6
22011003,AUS,5.98,5.98,6.05,3
22011003,BRA,3.77,3.57,5.25,3
22011003,CHN,5.42,5.1,5.5,4
22011003,DEU,7.12,6.58,7.32,7
22011003,FRA,6.17,6.17,6.17,1
22011003,IDN,4.74,4.48,5.18,20
22011003,IND,4.39,3.85,4.76,12
22011003,JPN,5.31,4.85,5.65,68
22011003,KOR,6.41,6.28,6.9,3
22011003,MYS,5.05,4.61,5.52,43
22011003,NZL,6.21,5.83,6.38,3
22011003,SGP,5.95,5.43,6.54,201
22011004,ARE,7.4,7.0,7.79,2
22011004,AUS,7.26,6.63,164.4,30
22011004,BEL,24.44,24.44,24.44,1
22011004,BRA,7.36,6.36,172.57,4
22011004,CAN,7.48,6.74,7.8,11
22011004,CHE,24.7,24.7,24.7,1
22011004,CHN,4.99,3.54,6.15,57
22011004,DEU,9.92,8.02,214.29,6
22011004,EGY,5.06,5.0,5.12,2
22011004,FRA,7.86,7.29,107.12,11
22011004,GBR,7.44,7.03,7.96,21
22011004,IDN,5.14,4.53,5.83,73
22011004,IND,4.88,4.44,5.36,74
22011004,ITA,7.51,6.55,8.25,118
22011004,JPN,7.91,6.97,25.32,36
22011004,KOR,7.09,6.24,7.68,38
22011004,MYS,5.25,4.75,22.98,67
22011004,NZL,6.99,6.45,7.59,63
22011004,PHL,85.86,22.27,149.45,2
22011004,SGP,7.28,6.49,9.44,13
22011004,TUR,5.39,4.78,5.52,3
22011004,USA,7.68,6.95,8.82,96
22011004,ZAF,5.44,5.25,5.62,4
22021001,ARG,14.99,14.58,15.41,2
22021001,CHN,14.71,14.07,15.47,8
22021001,DEU,24.44,22.3,27.6,51
22021001,ESP,19.76,18.29,20.39,9
22021001,FRA,20.84,19.34,22.18,8
22021001,IDN,16.54,14.82,17.45,7
22021001,IND,14.48,13.54,15.66,39
22021001,ITA,21.79,21.79,21.79,1
22021001,KOR,21.82,21.82,21.82,1
22021001,PHL,16.62,16.62,16.62,1
22021001,SGP,19.26,18.99,19.53,2
22021001,TWN,19.7,19.02,20.39,2
22021001,USA,21.23,19.45,23.46,39
22021002,ARE,8.32,8.32,8.32,1
22021002,AUS,17.08,16.37,18.42,12
22021002,BEL,16.33,15.32,17.83,12
22021002,CHE,20.32,19.73,20.92,2
22021002,CHN,11.73,7.79,12.51,6
22021002,DEU,18.7,18.7,18.7,1
22021002,FRA,17.36,15.67,18.98,51
22021002,IDN,13.37,12.88,14.45,8
22021002,IND,11.44,10.85,12.15,10
22021002,ITA,18.17,18.17,18.17,1
22021002,JPN,15.74,15.39,17.37,14
22021002,KOR,16.23,16.23,16.23,1
22021002,MYS,13.43,11.95,15.07,24
22021002,PAK,12.57,12.57,12.57,1
22021002,SAU,16.19,15.72,17.19,3
22021002,SGP,16.24,14.85,18.19,22
22021002,TUR,11.94,10.95,12.06,4
22021002,USA,17.21,15.47,18.11,8
22021002,ZAF,12.67,12.43,12.91,2
22021003,AUS,13.09,12.18,13.18,3
22021003,CHE,14.25,10.26,16.87,4
22021003,CHN,9.29,7.78,9.6,11
22021003,EGY,8.52,7.87,9.55,12
22021003,IDN,9.13,8.61,9.59,13
22021003,IND,8.99,8.15,9.84,50
22021003,ITA,11.88,11.88,11.88,1
22021003,KOR,12.12,11.87,12.4,4
22021003,MYS,10.92,10.92,10.92,1
22021003,SAU,11.58,10.98,12.18,2
22021003,SGP,11.71,10.78,12.69,38
22021004,ARE,13.28,12.17,13.95,5
22021004,ARG,10.86,10.86,10.86,1
22021004,AUS,14.27,9.95,14.94,6
22021004,BEL,15.5,13.69,16.46,25
22021004,BRA,10.01,8.15,12.34,4
22021004,CHN,11.87,11.87,11.87,1
22021004,EGY,9.49,9.14,10.0,5
22021004,FRA,14.68,13.54,17.65,12
22021004,IDN,10.47,9.76,10.97,5
22021004,IND,9.72,9.2,14.0,12
22021004,ITA,15.79,14.84,16.44,13
22021004,JPN,12.4,11.48,16.07,50
22021004,KOR,14.93,14.13,15.22,5
22021004,MYS,11.09,9.98,13.21,12
22021004,NLD,14.6,13.23,15.67,44
22021004,SAU,13.05,12.14,13.54,9
22021004,SGP,14.06,14.06,14.06,1
22021004,TUR,10.9,10.46,11.75,43
22030001,ARE,26.16,25.7,26.73,4
22030001,AUS,28.27,27.8,28.73,2
22030001,BEL,31.64,28.36,33.81,20
22030001,CHN,25.63,23.84,27.9,4
22030001,EGY,23.94,21.46,25.16,6
22030001,FRA,30.24,29.67,32.47,4
22030001,IDN,23.89,22.76,25.34,8
22030001,IND,22.47,19.75,23.97,7
22030001,KOR,32.21,29.04,33.85,12
22030001,MYS,26.26,26.26,26.26,1
22030001,NLD,32.28,27.76,35.69,7
22030001,PAK,22.78,20.4,24.31,36
22030001,PHL,22.56,21.33,24.14,4
22030001,SGP,28.61,20.13,31.84,6
22030001,TUR,23.83,23.83,23.83,1
22030001,ZAF,23.52,21.61,24.44,11
22030002,ARE,19.6,19.6,19.6,1
22030002,BEL,27.39,24.42,30.05,31
22030002,CHN,20.58,19.76,21.4,2
22030002,DEU,29.46,25.04,33.48,134
22030002,FRA,26.42,23.3,29.48,7
22030002,IND,18.03,17.71,18.36,2
22030002,ITA,29.1,27.04,30.12,11
22030002,JPN,25.51,23.44,28.93,10
22030002,KOR,27.31,24.77,30.73,25
22030002,MYS,19.49,16.67,22.04,23
22030002,NLD,26.41,24.06,28.79,43
22030002,SGP,22.15,20.94,24.52,6
22030003,ARE,15.55,14.26,17.29,4
22030003,BEL,19.39,13.26,21.88,3
22030003,CHN,12.76,11.2,15.47,10
22030003,DEU,21.32,21.32,21.32,1
22030003,EGY,13.3,12.65,15.02,3
22030003,FRA,20.27,18.85,22.04,38
22030003,ITA,19.66,15.9,21.15,27
22030003,JPN,20.33,19.17,22.4,36
22030003,KOR,19.71,18.61,22.13,9
22030003,MYS,15.84,14.37,16.53,7
22030003,NLD,21.13,12.14,23.52,4
22030003,NZL,17.75,17.75,17.75,1
22030003,SAU,18.6,18.6,18.6,1
22030003,SGP,18.31,14.05,20.95,7
22030003,TUR,15.2,15.2,15.2,1
22030003,USA,20.7,19.57,22.73,9
22030004,ARE,22.42,22.42,22.42,1
22030004,AUS,22.27,19.92,23.55,9
22030004,BEL,23.37,21.45,25.97,5
22030004,CHE,27.77,27.72,28.02,3
22030004,CHN,16.46,13.5,18.41,25
22030004,DEU,24.91,18.78,30.59,18
22030004,EGY,23.5,23.5,23.5,1
22030004,IDN,16.6,16.45,16.74,2
22030004,IND,14.22,13.04,16.26,12
22030004,ITA,25.44,22.36,28.2,17
22030004,JPN,24.95,21.06,27.02,63
22030004,KOR,23.51,15.93,25.3,20
22030004,MYS,17.52,16.31,21.05,8
22030004,NLD,27.24,27.24,27.24,1
22030004,PHL,16.7,15.49,17.25,6
22030004,SAU,18.44,12.66,19.81,6
22030004,USA,22.46,20.99,24.11,15
22030004,ZAF,16.65,16.65,16.65,1
22042101,AUS,156.16,127.64,171.91,62
22042101,CHE,194.63,126.12,209.18,5
22042101,CHN,112.68,99.95,124.05,20
22042101,DEU,180.31,159.57,197.08,104
22042101,ESP,155.23,145.34,164.78,17
22042101,FRA,170.45,160.14,187.15,16
22042101,IDN,115.39,58.5,123.32,32
22042101,IND,111.8,108.55,127.61,6
22042101,ITA,160.08,146.21,184.5,8
22042101,JPN,171.88,119.83,208.68,4
22042101,MYS,132.31,123.33,145.63,6
22042101,TUR,129.21,129.21,129.21,1
22042101,USA,181.06,163.39,196.55,70
22042101,ZAF,124.16,90.17,131.55,6
22042102,AUS,131.93,91.04,144.83,165
22042102,CHN,60.55,47.46,73.64,2
22042102,EGY,89.37,82.73,92.64,10
22042102,ESP,131.91,129.45,134.38,2
22042102,FRA,139.74,139.74,139.74,1
22042102,IDN,97.76,97.76,97.76,1
22042102,IND,91.77,90.9,92.65,2
22042102,ITA,140.49,134.82,160.3,4
22042102,KOR,130.09,120.8,137.58,54
22042102,MYS,101.01,91.17,108.85,48
22042102,SAU,110.74,110.74,110.74,1
22042102,USA,131.16,121.59,136.37,20
22042102,ZAF,103.14,92.09,110.58,21
22042103,CHN,64.76,58.28,70.92,188
22042103,DEU,114.45,100.25,128.65,2
22042103,FRA,106.15,98.52,112.71,125
22042103,GBR,95.72,92.97,97.21,4
22042103,IDN,67.29,60.81,74.79,192
22042103,IND,71.98,65.06,78.07,41
22042103,JPN,103.2,91.91,111.5,131
22042103,MYS,68.58,61.87,76.94,203
22042103,PAK,50.07,43.05,57.1,2
22042103,USA,99.93,91.36,106.4,5
22042103,ZAF,34.11,34.11,34.11,1
22042104,AUS,131.45,119.03,142.74,11
22042104,BEL,111.0,75.92,117.81,4
22042104,BRA,87.49,87.49,87.49,1
22042104,CHN,74.03,64.29,84.46,52
22042104,DEU,186.16,186.16,186.16,1
22042104,FRA,117.17,107.93,130.13,25
22042104,IDN,73.0,68.73,112.07,7
22042104,IND,77.07,77.07,77.07,1
22042104,ITA,110.01,93.19,126.83,2
22042104,JPN,108.0,94.96,129.04,17
22042104,MYS,68.72,64.91,71.13,6
22042104,NLD,68.68,68.68,68.68,1
22042104,USA,113.45,97.31,135.82,16
22042104,ZAF,79.85,76.68,98.42,6
22083001,ARG,295.01,279.88,325.81,4
22083001,CHE,557.94,520.44,578.81,13
22083001,CHN,268.44,244.54,322.21,61
22083001,DEU,422.14,422.14,422.14,1
22083001,FRA,375.51,284.02,420.98,3
22083001,GBR,404.76,368.19,436.93,8
22083001,IDN,304.63,302.17,319.26,3
22083001,ITA,420.66,415.76,428.63,4
22083001,JPN,410.05,410.05,410.05,1
22083001,KOR,400.74,372.82,443.09,8
22083001,MYS,322.87,292.75,350.72,309
22083001,PAK,265.87,262.85,268.88,2
22083001,USA,462.52,428.84,494.4,4
22083001,ZAF,295.38,295.36,295.4,2
22083002,ARG,262.7,153.62,269.4,3
22083002,BEL,345.93,275.33,368.89,8
22083002,BRA,264.41,246.47,291.8,14
22083002,CHE,425.25,392.95,462.11,50
22083002,CHN,235.01,207.56,245.53,7
22083002,DEU,368.33,332.3,397.45,29
22083002,FRA,361.55,344.85,384.3,10
22083002,GBR,347.33,315.76,386.25,33
22083002,IDN,248.81,189.44,265.78,16
22083002,IND,213.58,213.58,213.58,1
22083002,JPN,338.29,323.97,352.61,2
22083002,KOR,336.94,303.17,377.76,42
22083002,MYS,255.88,231.8,279.85,54
22083002,NLD,325.88,325.88,325.88,1
22083002,NZL,321.1,293.58,366.29,7
22083002,SGP,276.82,212.7,311.09,4
22083002,USA,326.73,240.1,360.87,27
22083002,ZAF,242.69,242.69,242.69,1
22083003,AUS,252.94,179.71,275.98,386
22083003,BEL,218.6,218.6,218.6,1
22083003,BRA,218.16,208.4,227.92,2
22083003,CHE,312.17,289.99,337.01,9
22083003,DEU,292.3,292.3,292.3,1
22083003,EGY,172.63,158.23,185.24,4
22083003,IDN,158.85,145.16,174.72,4
22083003,IND,170.84,152.21,190.31,19
22083003,ITA,230.26,230.26,230.26,1
22083003,JPN,264.36,254.08,283.56,3
22083003,KOR,262.51,252.16,276.9,5
22083003,MYS,195.74,169.49,214.28,19
22083003,NZL,265.02,259.01,271.04,2
22083003,PHL,156.99,124.16,169.51,4
22083003,TUR,186.97,181.53,191.28,4
22083003,TWN,202.46,170.69,234.24,2
22083003,USA,247.39,234.28,282.33,40
22083004,AUS,256.32,214.45,289.07,18
22083004,BRA,235.0,219.09,256.83,119
22083004,CHN,224.39,217.23,245.42,11
22083004,DEU,348.88,340.81,356.95,2
22083004,FRA,304.65,297.14,314.88,4
22083004,GBR,313.84,284.49,347.99,27
22083004,IDN,206.08,191.62,226.94,50
22083004,IND,208.59,184.2,227.3,70
22083004,JPN,332.1,274.93,336.38,8
22083004,KOR,298.66,282.18,321.19,29
22083004,MYS,233.43,184.67,337.62,8
22083004,NZL,299.41,274.86,326.22,46
22083004,USA,307.91,287.01,333.31,61
22083004,ZAF,237.71,232.58,242.85,2
24011001,ARE,132.09,132.09,132.09,1
24011001,AUS,122.59,116.42,135.39,7
24011001,BEL,115.14,77.47,149.98,5
24011001,BRA,108.01,97.93,115.8,55
24011001,CHN,108.88,94.94,111.3,4
24011001,DEU,150.54,138.39,165.93,21
24011001,EGY,93.38,67.46,100.2,17
24011001,FRA,136.63,126.36,148.48,29
24011001,IDN,106.61,96.62,117.21,175
24011001,IND,93.34,61.53,97.25,15
24011001,KOR,129.5,77.89,140.16,102
24011001,MYS,102.57,96.95,110.79,25
24011001,NLD,140.02,124.37,147.69,17
24011001,PAK,89.6,81.83,97.25,11
24011001,SAU,119.65,107.26,123.33,3
24011001,SGP,131.29,123.0,139.58,2
24011001,USA,133.55,133.55,133.55,1
24011002,ARE,97.54,87.52,101.52,16
24011002,AUS,110.87,96.56,113.64,4
24011002,BRA,86.2,80.5,92.03,44
24011002,CHE,128.11,121.74,133.5,3
24011002,CHN,71.55,64.62,82.56,28
24011002,DEU,117.67,104.59,130.36,15
24011002,EGY,72.27,67.84,77.36,13
24011002,FRA,111.49,102.29,120.38,19
24011002,IDN,75.9,71.19,81.03,16
24011002,IND,69.38,66.86,74.42,13
24011002,JPN,120.7,117.36,122.79,3
24011002,KOR,104.77,95.42,110.67,38
24011002,MYS,82.87,72.12,93.71,29
24011002,PAK,69.38,65.55,74.3,10
24011002,TUR,72.48,70.73,74.23,2
24011002,USA,129.52,121.06,136.58,7
24011003,AUS,82.98,76.01,92.29,23
24011003,BRA,61.29,60.58,61.51,3
24011003,CHE,103.48,96.71,111.61,71
24011003,CHN,55.08,47.91,62.87,60
24011003,DEU,96.22,83.96,101.48,7
24011003,EGY,55.22,51.7,59.9,11
24011003,ESP,79.79,79.79,79.79,1
24011003,FRA,86.05,86.05,86.05,1
24011003,GBR,85.44,77.83,91.57,29
24011003,IDN,64.23,58.01,69.51,126
24011003,IND,57.4,53.84,60.88,64
24011003,JPN,81.76,80.06,83.47,2
24011003,KOR,82.2,76.8,88.57,54
24011003,MYS,60.3,53.77,66.92,26
24011003,SAU,71.58,69.53,73.64,2
24011003,SGP,73.41,67.74,77.97,10
24011003,USA,78.58,74.26,85.77,10
24011003,ZAF,55.8,55.12,56.49,2
24011004,ARE,84.53,78.03,102.62,9
24011004,AUS,89.86,84.74,114.29,3
24011004,BEL,408.16,186.21,630.11,2
24011004,BRA,81.65,78.81,84.5,2
24011004,CHE,113.38,100.14,134.97,23
24011004,CHN,64.42,54.83,198.64,33
24011004,DEU,104.78,91.77,475.22,84
24011004,EGY,150.4,60.24,536.89,18
24011004,ESP,86.29,84.36,91.35,4
24011004,FRA,97.43,89.51,104.17,146
24011004,IDN,68.3,60.69,369.67,47
24011004,IND,75.6,64.66,238.76,6
24011004,ITA,112.19,112.19,112.19,1
24011004,JPN,987.88,282.6,1197.13,3
24011004,KOR,107.97,95.65,515.54,23
24011004,MYS,73.99,68.1,526.54,14
24011004,NLD,96.1,89.41,116.63,6
24011004,SAU,602.87,84.66,713.89,14
24011004,SGP,81.21,74.63,93.06,14
24011004,TUR,377.81,68.59,763.21,18
24011004,USA,100.83,90.77,115.28,49
24011004,ZAF,740.02,626.36,888.2,3
24021001,AUS,1205.53,1092.6,1233.84,11
24021001,BRA,942.81,875.44,1010.19,2
24021001,CHN,762.59,740.28,784.9,2
24021001,DEU,1325.78,1241.58,1460.34,14
24021001,EGY,770.63,744.04,841.14,12
24021001,ESP,1149.32,1064.55,1172.9,3
24021001,IDN,882.76,821.02,955.29,13
24021001,IND,825.09,825.09,825.09,1
24021001,ITA,1305.24,1305.24,1305.24,1
24021001,JPN,830.92,632.05,1029.8,2
24021001,KOR,1013.3,975.48,1149.32,3
24021001,MYS,1042.3,980.49,1203.92,3
24021001,USA,1269.18,1226.53,1400.65,11
24021001,ZAF,878.07,878.07,878.07,1
24021002,BEL,998.0,963.04,1041.71,4
24021002,BRA,718.35,713.15,791.33,3
24021002,CHE,1004.85,1004.85,1004.85,1
24021002,CHN,641.03,602.1,813.12,15
24021002,DEU,965.3,824.34,1100.1,145
24021002,ESP,954.95,954.95,954.95,1
24021002,IDN,704.55,651.36,755.77,36
24021002,IND,671.71,607.91,729.73,116
24021002,ITA,1001.93,1001.93,1001.93,1
24021002,JPN,1110.94,1110.94,1110.94,1
24021002,KOR,900.66,690.28,1021.21,6
24021002,MYS,769.4,751.11,787.69,2
24021002,NLD,988.36,512.63,1085.55,25
24021002,SAU,730.22,638.03,793.36,200
24021002,TUR,680.18,614.83,744.69,86
24021002,USA,981.23,875.85,1076.17,91
24021003,ARE,579.65,563.94,595.37,2
24021003,AUS,722.87,452.24,786.56,22
24021003,BRA,585.53,543.61,627.44,2
24021003,CHE,923.83,831.38,984.26,25
24021003,CHN,555.02,479.66,607.64,22
24021003,DEU,828.93,744.1,888.47,71
24021003,EGY,475.85,442.65,519.33,5
24021003,FRA,769.72,717.59,799.38,9
24021003,GBR,781.79,771.88,812.01,3
24021003,IDN,543.09,388.39,691.86,6
24021003,IND,504.84,454.16,532.89,7
24021003,JPN,788.36,749.13,849.48,83
24021003,KOR,671.06,640.06,711.76,3
24021003,MYS,538.26,516.24,560.29,2
24021003,SAU,519.13,500.59,572.93,10
24021003,SGP,692.17,582.12,769.2,4
24021003,TUR,522.45,488.03,540.8,7
24021003,USA,747.92,687.61,816.34,164
24021004,AUS,820.9,820.9,820.9,1
24021004,BEL,807.43,807.43,807.43,1
24021004,BRA,671.22,605.37,725.4,87
24021004,CHE,1023.3,676.84,1132.41,41
24021004,CHN,574.78,513.36,630.72,9
24021004,DEU,893.14,825.4,973.43,24
24021004,EGY,628.15,593.49,687.16,3
24021004,ESP,821.13,820.01,857.35,3
24021004,FRA,813.33,748.93,892.95,6
24021004,GBR,885.51,828.41,921.62,7
24021004,IDN,612.81,576.58,722.79,21
24021004,IND,589.07,537.32,640.22,34
24021004,ITA,823.93,723.04,893.76,17
24021004,KOR,826.51,756.14,924.32,69
24021004,MYS,689.53,630.84,721.45,9
24021004,SAU,718.86,641.7,796.52,21
24021004,SGP,789.05,725.96,866.18,30
24021004,TUR,645.51,540.67,709.23,13
24021004,USA,877.11,778.43,956.06,22
24022001,ARE,658.42,440.41,742.4,7
24022001,AUS,811.15,763.5,858.8,2
24022001,BEL,729.66,692.72,755.76,11
24022001,BRA,595.55,557.47,622.55,12
24022001,CHE,943.45,856.6,1004.49,19
24022001,CHN,481.11,460.9,525.61,16
24022001,DEU,760.22,627.01,850.24,265
24022001,EGY,489.3,265.4,523.61,60
24022001,FRA,752.69,668.64,811.96,27
24022001,IDN,595.53,523.75,648.72,144
24022001,IND,550.6,498.94,585.89,6
24022001,KOR,747.5,715.37,820.59,23
24022001,MYS,570.08,562.88,587.99,5
24022001,PAK,483.58,432.6,537.55,39
24022001,SAU,568.7,392.37,628.58,374
24022001,SGP,682.97,547.56,732.08,5
24022001,TUR,526.69,473.77,573.7,65
24022001,USA,773.4,694.82,834.03,30
24022002,ARE,526.21,522.2,530.21,2
24022002,AUS,564.03,519.58,622.63,3
24022002,BRA,470.85,448.89,490.69,4
24022002,CHE,819.44,819.44,819.44,1
24022002,CHN,468.21,416.48,516.48,9
24022002,DEU,677.04,677.04,677.04,1
24022002,EGY,393.48,357.46,426.95,31
24022002,FRA,621.56,565.67,672.35,107
24022002,IDN,448.84,422.79,501.32,58
24022002,IND,427.52,405.46,432.07,6
24022002,ITA,584.07,364.2,622.7,3
24022002,JPN,617.74,574.03,661.45,2
24022002,KOR,594.72,573.68,615.77,2
24022002,MYS,491.95,440.23,535.31,77
24022002,NLD,578.95,380.84,641.6,3
24022002,PAK,421.93,405.73,438.84,4
24022002,SAU,463.53,434.88,538.25,11
24022002,USA,678.58,559.22,727.64,14
24022003,AUS,460.56,383.39,495.55,34
24022003,BRA,397.73,397.73,397.73,1
24022003,CHN,315.72,286.42,351.81,22
24022003,DEU,522.49,456.91,570.47,77
24022003,FRA,455.74,455.74,455.74,1
24022003,IDN,315.58,289.99,350.76,58
24022003,IND,313.52,288.62,323.19,8
24022003,JPN,504.41,470.72,532.57,13
24022003,KOR,452.18,421.7,482.03,9
24022003,MYS,370.56,340.13,399.9,83
24022003,PAK,307.17,307.17,307.17,1
24022003,SAU,409.27,375.71,416.43,4
24022003,SGP,348.08,348.08,348.08,1
24022003,USA,422.29,422.29,422.29,1
24022004,AUS,517.28,469.24,565.32,2
24022004,BRA,407.24,372.47,421.02,19
24022004,CHE,673.0,673.0,673.0,1
24022004,CHN,382.37,343.37,418.65,208
24022004,DEU,736.05,499.38,821.7,21
24022004,EGY,342.78,180.06,485.01,10
24022004,ESP,524.87,524.87,524.87,1
24022004,FRA,554.69,518.82,591.72,33
24022004,IDN,377.14,323.87,486.25,18
24022004,IND,363.8,345.34,419.94,7
24022004,ITA,573.65,564.16,583.14,2
24022004,JPN,516.7,516.7,516.7,1
24022004,KOR,502.61,312.94,553.72,66
24022004,MYS,396.59,376.36,455.93,4
24022004,SAU,476.97,382.49,610.93,34
24022004,SGP,484.73,437.02,546.6,31
24022004,TUR,369.64,312.55,403.6,26
24022004,USA,512.09,467.45,522.36,4
24031101,ARE,311.02,286.42,327.08,6
24031101,AUS,363.75,352.94,371.87,3
24031101,BRA,285.85,276.56,320.8,6
24031101,CHN,260.92,229.36,284.37,126
24031101,DEU,389.23,357.67,420.5,32
24031101,EGY,238.16,135.09,258.89,123
24031101,ESP,382.61,382.61,382.61,1
24031101,FRA,358.34,350.36,366.31,2
24031101,IDN,281.8,246.11,311.33,109
24031101,IND,253.52,235.24,257.84,11
24031101,JPN,358.06,334.82,411.04,5
24031101,KOR,337.36,174.45,388.66,13
24031101,MYS,279.49,189.78,380.73,4
24031101,SAU,291.93,261.13,330.44,9
24031101,SGP,324.69,285.3,357.66,12
24031101,TUR,269.68,249.57,283.84,6
24031101,USA,385.02,316.36,409.74,10
24031102,BEL,281.81,268.39,289.55,8
24031102,CHN,196.22,196.22,196.22,1
24031102,DEU,346.74,285.85,378.87,38
24031102,EGY,193.12,173.13,202.95,19
24031102,FRA,294.71,274.69,322.8,82
24031102,IDN,207.33,186.27,226.56,18
24031102,IND,191.7,180.11,220.0,10
24031102,JPN,354.93,354.93,354.93,1
24031102,KOR,256.35,157.46,274.7,4
24031102,MYS,223.81,170.5,233.93,7
24031102,PAK,164.94,164.94,164.94,1
24031102,SAU,255.95,192.88,269.85,9
24031102,SGP,257.28,249.12,279.02,3
24031102,TUR,233.49,233.49,233.49,1
24031102,USA,297.44,258.28,326.65,4
24031103,ARE,183.31,161.45,205.56,29
24031103,AUS,187.85,187.85,187.85,1
24031103,BEL,196.5,127.88,206.82,4
24031103,CHN,170.76,168.93,186.94,3
24031103,EGY,137.91,127.87,152.15,60
24031103,FRA,212.61,197.05,216.66,5
24031103,IDN,163.51,134.67,177.08,20
24031103,IND,149.15,146.8,160.88,4
24031103,JPN,246.74,213.73,264.07,11
24031103,MYS,158.53,142.48,172.67,23
24031103,SAU,158.38,150.48,175.92,77
24031103,SGP,211.9,206.51,221.91,6
24031103,TUR,149.3,128.21,161.92,19
24031103,USA,223.78,223.78,223.78,1
24031103,ZAF,179.99,179.99,179.99,1
24031104,ARE,187.25,150.17,196.77,5
24031104,BEL,237.34,236.05,263.86,3
24031104,CHN,184.1,169.21,230.57,5
24031104,DEU,303.09,276.69,321.03,19
24031104,EGY,165.39,151.57,240.37,20
24031104,FRA,257.59,232.34,281.87,38
24031104,IDN,204.24,187.75,220.74,2
24031104,IND,160.27,136.79,176.72,9
24031104,JPN,267.24,231.54,288.44,23
24031104,KOR,307.99,262.47,353.5,2
24031104,MYS,206.84,202.13,211.55,2
24031104,SAU,192.34,179.89,206.85,44
24031104,SGP,220.12,217.36,227.4,5
24031104,TUR,194.45,160.7,208.78,5
24031104,USA,278.15,238.84,310.12,73
24031104,ZAF,122.66,108.54,171.52,3
24041101,ARE,842.49,793.85,884.26,25
24041101,BEL,1072.13,1072.13,1072.13,1
24041101,CHE,1347.31,1175.43,1427.08,35
24041101,CHN,774.38,679.89,816.23,7
24041101,DEU,1260.17,1128.38,1389.01,46
24041101,EGY,681.42,618.51,744.31,30
24041101,FRA,1099.01,964.65,1172.9,44
24041101,GBR,1080.14,1045.85,1112.27,7
24041101,IDN,765.13,631.61,831.97,9
24041101,IND,618.76,606.3,631.23,2
24041101,JPN,1127.83,978.78,1218.96,30
24041101,KOR,1020.58,939.92,1126.85,65
24041101,MYS,795.41,618.08,820.54,17
24041101,PAK,683.47,624.37,777.88,7
24041101,SAU,776.15,717.82,906.13,144
24041101,SGP,561.12,561.12,561.12,1
24041101,TUR,739.32,433.05,805.4,48
24041101,ZAF,844.92,790.89,921.72,10
24041102,BEL,857.41,857.41,857.41,1
24041102,CHE,1017.21,935.93,1172.91,17
24041102,CHN,607.92,528.49,629.0,15
24041102,DEU,866.03,763.32,992.97,184
24041102,EGY,556.86,542.11,571.62,2
24041102,ESP,770.15,770.15,770.15,1
24041102,IDN,615.04,566.58,636.35,6
24041102,IND,578.38,528.41,620.33,19
24041102,JPN,924.6,850.13,1008.4,53
24041102,KOR,792.43,792.43,792.43,1
24041102,MYS,625.37,575.47,692.41,10
24041102,PAK,573.92,511.52,646.41,5
24041102,SAU,634.69,426.56,709.59,231
24041102,SGP,721.65,699.06,744.24,2
24041102,USA,992.64,873.2,1081.79,298
24041103,ARE,562.18,521.72,600.91,33
24041103,AUS,673.6,658.81,688.39,2
24041103,BEL,646.22,607.72,685.53,6
24041103,BRA,502.7,485.09,547.32,4
24041103,CHE,730.6,434.44,813.98,29
24041103,CHN,397.04,370.07,437.96,102
24041103,DEU,672.01,393.52,770.45,31
24041103,EGY,412.1,378.23,446.03,42
24041103,FRA,622.04,602.55,696.83,12
24041103,IDN,447.56,402.92,482.06,20
24041103,IND,439.39,401.61,464.73,6
24041103,JPN,688.86,635.41,728.79,21
24041103,KOR,595.01,571.14,707.47,12
24041103,MYS,483.51,432.82,531.29,39
24041103,SAU,489.8,455.8,535.05,61
24041103,SGP,539.91,497.14,616.79,10
24041103,TUR,445.64,300.92,464.79,4
24041103,USA,706.85,658.97,758.68,64
24041104,ARE,705.04,689.73,737.35,3
24041104,AUS,678.37,426.47,713.8,9
24041104,BEL,714.63,458.75,750.56,9
24041104,BRA,585.44,551.17,656.93,27
24041104,CHE,1073.69,793.12,1354.27,2
24041104,CHN,464.83,423.17,562.92,33
24041104,DEU,836.19,595.0,902.78,51
24041104,EGY,379.61,379.61,379.61,1
24041104,FRA,711.35,476.08,749.14,4
24041104,IDN,559.36,493.51,574.18,7
24041104,IND,500.82,491.67,535.08,3
24041104,JPN,749.36,683.27,900.05,14
24041104,KOR,745.12,678.67,1032.3,9
24041104,MYS,598.69,434.06,764.15,7
24041104,PAK,506.19,444.78,598.39,5
24041104,SAU,641.77,609.51,739.85,15
24041104,SGP,646.0,490.83,702.78,5
24041104,TUR,556.4,511.56,609.48,30
24041104,USA,760.18,691.65,856.38,37
27090001,CHN,10.99,9.26,11.3,7
27090001,IDN,8.72,8.72,8.72,1
27090001,IND,9.19,8.66,10.08,6
27090001,KOR,15.61,12.67,19.02,23
27090001,MYS,11.06,9.34,13.2,42
27090001,NGA,9.99,8.79,12.09,59
27090001,QAT,13.05,11.08,15.03,15
27090001,RUS,10.42,8.41,11.77,33
27090001,SAU,12.55,10.76,14.91,262
27090001,SGP,13.64,11.53,15.76,6
27090001,USA,14.48,14.48,14.48,1
27090002,ARE,9.51,8.07,10.39,13
27090002,DEU,14.67,13.5,15.84,2
27090002,IND,8.04,6.83,9.2,14
27090002,JPN,14.89,14.89,14.89,1
27090002,MYS,8.44,7.12,9.54,15
27090002,NGA,7.63,6.28,9.03,58
27090002,QAT,8.8,7.91,10.31,17
27090002,SAU,8.69,8.0,9.38,2
27090003,ARE,7.04,6.19,8.06,31
27090003,CHN,6.05,5.22,7.06,121
27090003,IDN,6.39,5.34,7.36,33
27090003,IND,5.95,5.39,6.22,3
27090003,MYS,7.05,5.9,8.18,149
27090003,NGA,4.75,4.6,4.91,2
27090003,QAT,6.35,5.98,7.9,13
27090003,RUS,6.06,5.33,7.42,80
27090003,SAU,7.59,7.59,7.59,1
27090003,SGP,7.65,6.36,8.52,22
27090003,USA,7.74,7.69,7.79,2
27090004,ARE,9.22,9.03,9.41,2
27090004,IDN,7.0,5.94,8.37,9
27090004,KOR,10.09,8.62,11.93,38
27090004,MYS,7.67,6.37,8.91,91
27090004,NGA,6.96,5.96,7.99,137
27090004,QAT,8.23,7.51,8.89,4
27090004,RUS,7.59,6.06,8.83,99
27090004,SAU,7.8,6.63,9.25,287
27090004,SGP,8.66,7.5,10.36,11
27090004,TWN,7.98,7.98,7.98,1
27090004,USA,11.98,9.2,13.24,10
27101201,ARE,17.44,15.53,21.42,18
27101201,CHN,14.19,14.19,14.19,1
27101201,IDN,15.05,13.07,17.18,8
27101201,IND,17.79,13.02,18.57,3
27101201,KOR,21.61,17.41,25.41,61
27101201,MYS,14.88,10.62,17.3,22
27101201,QAT,15.82,13.99,19.36,15
27101201,RUS,14.55,12.49,17.47,923
27101201,SAU,15.82,13.34,18.17,86
27101201,SGP,16.82,16.08,17.56,2
27101201,USA,20.29,16.88,23.76,196
27101202,CHN,12.15,11.91,12.38,2
27101202,DEU,17.74,17.74,17.74,1
27101202,IDN,13.04,10.93,13.36,3
27101202,IND,11.64,9.2,12.58,10
27101202,JPN,17.03,14.18,19.52,13
27101202,MYS,11.64,9.54,13.54,38
27101202,NGA,11.4,9.28,13.58,98
27101202,QAT,11.9,11.68,14.85,3
27101202,SAU,12.36,12.36,12.36,1
27101202,USA,16.15,12.85,18.87,47
27101203,ARE,9.68,8.5,11.9,43
27101203,CHN,8.41,7.01,9.97,115
27101203,DEU,12.58,12.42,12.74,2
27101203,IDN,9.85,8.58,10.62,4
27101203,IND,7.65,7.06,9.23,5
27101203,KOR,11.15,10.15,11.7,3
27101203,MYS,9.53,8.12,11.35,171
27101203,NGA,8.56,7.48,9.5,32
27101203,QAT,10.01,8.55,12.78,52
27101203,RUS,9.0,7.89,10.72,31
27101203,SAU,10.18,8.69,12.0,219
27101203,SGP,13.04,11.04,14.49,4
27101203,TUR,8.55,6.34,8.9,7
27101203,USA,11.86,10.31,14.11,232
27101204,ARE,12.36,10.37,13.24,37
27101204,CHN,10.25,8.01,12.1,11
27101204,IND,9.69,7.82,11.49,47
27101204,KOR,14.52,12.16,17.28,38
27101204,MYS,11.22,9.63,13.24,133
27101204,QAT,12.5,11.12,15.17,54
27101204,RUS,10.19,8.84,12.4,101
27101204,SAU,11.67,10.1,13.64,6
27101204,SGP,12.61,11.01,15.03,7
27101204,USA,13.88,12.0,17.12,14
27101901,ARE,17.3,15.2,19.15,4
27101901,CHN,12.92,11.69,15.04,29
27101901,DEU,20.4,20.4,20.4,1
27101901,IDN,15.24,13.01,17.61,4
27101901,IND,13.27,10.87,15.65,16
27101901,JPN,20.32,18.73,21.9,2
27101901,NGA,11.33,10.95,11.7,2
27101901,QAT,15.24,15.14,16.17,3
27101901,RUS,15.3,13.51,17.12,4
27101901,SAU,17.31,13.18,19.63,24
27101901,SGP,17.85,15.22,21.12,26
27101901,TWN,14.89,14.07,15.95,5
27101901,USA,20.8,17.59,24.63,53
27101902,CHN,11.16,9.83,12.41,4
27101902,IND,10.44,9.09,12.68,7
27101902,JPN,16.17,15.79,16.54,2
27101902,MYS,11.63,10.11,13.14,2
27101902,NGA,10.88,10.88,10.88,1
27101902,QAT,13.99,11.24,15.51,27
27101903,ARE,8.81,7.41,10.36,102
27101903,CHN,8.0,7.38,9.6,13
27101903,KOR,11.18,9.0,12.76,14
27101903,MYS,9.05,8.02,11.07,15
27101903,NGA,7.53,6.6,8.4,49
27101903,QAT,10.63,8.88,12.52,48
27101903,RUS,8.68,6.91,10.05,70
27101903,SAU,10.52,8.42,11.56,15
27101903,SGP,9.03,7.99,10.6,18
27101903,TUR,7.82,7.02,8.98,24
27101903,USA,11.79,9.53,14.55,25
27101904,ARE,9.69,8.45,10.88,12
27101904,IDN,8.23,8.23,8.23,1
27101904,IND,10.47,10.47,10.47,1
27101904,JPN,13.94,12.8,17.0,11
27101904,KOR,10.93,10.93,10.93,1
27101904,MYS,9.71,8.39,10.7,6
27101904,NGA,10.21,10.04,10.38,2
27101904,QAT,11.09,9.63,12.71,22
27101904,RUS,10.26,8.8,12.08,53
27101904,SAU,10.17,8.53,12.94,30
27101904,SGP,13.38,10.87,14.57,38
27101904,TUR,9.66,8.96,10.35,4
27101904,USA,14.15,11.86,16.87,18
27111201,ARE,13.33,10.93,15.35,59
27111201,CHN,10.39,9.4,12.04,13
27111201,IDN,11.08,9.84,11.5,5
27111201,IND,10.22,9.34,12.12,5
27111201,JPN,16.52,14.31,19.69,77
27111201,MYS,11.71,9.76,13.8,194
27111201,QAT,12.57,9.96,14.68,116
27111201,SAU,12.62,10.67,15.43,50
27111201,SGP,12.44,10.53,15.0,144
27111201,TUR,11.77,9.32,13.93,4
27111201,USA,15.32,12.99,17.72,47
27111202,ARE,9.5,8.38,11.59,22
27111202,CHN,8.52,6.73,9.43,13
27111202,DEU,8.58,8.58,8.58,1
27111202,IDN,8.5,7.97,9.02,2
27111202,JPN,12.8,11.0,15.39,89
27111202,KOR,13.14,13.14,13.14,1
27111202,MYS,10.27,10.07,12.14,3
27111202,NGA,8.15,7.86,8.44,2
27111202,QAT,11.77,9.08,12.99,55
27111202,RUS,8.77,7.53,10.46,789
27111202,SAU,10.55,8.53,12.27,22
27111202,SGP,11.54,9.95,11.96,11
27111202,USA,11.89,9.86,14.34,205
27111203,ARE,7.56,6.27,8.7,14
27111203,CHN,6.36,5.53,7.94,33
27111203,IDN,6.67,5.55,7.61,72
27111203,IND,5.69,4.93,6.66,4
27111203,JPN,10.32,9.07,11.43,9
27111203,KOR,8.26,8.21,8.32,2
27111203,MYS,6.95,5.7,8.04,39
27111203,RUS,6.74,6.02,7.88,25
27111203,SAU,7.23,5.88,8.07,41
27111203,SGP,8.5,7.08,9.95,73
27111203,USA,9.59,8.04,11.76,37
27111204,ARE,8.64,7.48,9.69,4
27111204,CHN,7.31,6.54,8.34,17
27111204,IDN,7.82,6.52,8.7,3
27111204,IND,7.18,7.0,7.36,2
27111204,JPN,10.44,10.44,10.44,1
27111204,MYS,8.84,7.24,10.44,13
27111204,RUS,8.25,7.57,9.77,5
27111204,SAU,9.6,8.27,10.2,11
27111204,SGP,9.66,9.04,12.15,21
27111204,TUR,8.45,8.45,8.45,1
27111204,USA,11.93,9.58,13.63,22
27132001,ARE,9.89,7.53,11.64,12
27132001,CHN,8.23,7.09,9.55,111
27132001,IDN,9.07,7.34,10.0,16
27132001,IND,6.31,5.87,7.49,3
27132001,JPN,12.81,10.92,14.57,85
27132001,MYS,8.86,7.62,10.59,57
27132001,QAT,9.3,7.79,10.68,6
27132001,RUS,8.09,7.29,9.35,18
27132001,SAU,8.7,8.7,8.7,1
27132001,SGP,9.67,9.11,10.89,12
27132001,TUR,7.49,7.49,7.49,1
27132001,USA,12.22,9.47,13.09,13
27132002,ARE,7.75,6.51,8.85,72
27132002,CHN,6.73,5.65,7.63,50
27132002,IND,5.91,5.79,6.02,2
27132002,JPN,10.06,10.06,10.06,1
27132002,MYS,7.27,6.02,8.05,27
27132002,NGA,5.25,5.08,5.47,3
27132002,RUS,6.7,5.94,7.74,16
27132002,SAU,7.47,6.36,9.41,14
27132002,SGP,8.04,6.93,9.85,82
27132002,TWN,7.58,7.58,7.58,1
27132003,ARE,5.25,4.64,6.22,32
27132003,CHN,4.68,4.01,5.62,180
27132003,IDN,4.39,3.86,4.83,15
27132003,IND,5.55,4.56,5.91,5
27132003,JPN,7.41,6.52,8.77,72
27132003,KOR,6.79,5.85,8.3,8
27132003,MYS,5.1,4.25,6.07,165
27132003,NGA,4.96,4.2,5.64,19
27132003,QAT,5.66,5.66,5.66,1
27132003,RUS,5.03,4.21,5.89,194
27132003,SAU,5.01,4.61,5.98,5
27132003,SGP,6.19,5.12,7.01,28
27132003,TWN,5.39,5.1,5.68,2
27132003,USA,6.62,5.62,8.08,70
27132004,ARE,6.78,5.8,7.78,47
27132004,CHN,5.42,4.66,6.1,15
27132004,IND,5.76,4.59,6.37,21
27132004,KOR,8.03,6.78,9.12,19
27132004,MYS,6.1,5.79,6.92,9
27132004,NGA,6.13,6.13,6.13,1
27132004,QAT,6.75,5.45,8.58,26
27132004,RUS,5.65,4.87,6.69,76
27132004,SAU,7.04,7.04,7.04,1
27132004,SGP,7.18,6.42,8.63,38
27132004,TUR,6.01,5.33,6.51,10
30021501,BEL,27555.64,25048.77,29761.32,21
30021501,CHE,32074.62,28857.38,34006.9,12
30021501,CHN,19384.35,19384.35,19384.35,1
30021501,DEU,32573.98,32573.98,32573.98,1
30021501,FRA,28167.45,26191.09,30850.67,140
30021501,GBR,29065.77,27195.3,30383.19,7
30021501,IDN,20355.75,18494.69,21491.76,33
30021501,IND,19474.08,18018.32,20943.57,31
30021501,JPN,29574.4,26908.2,32347.74,222
30021501,KOR,26211.91,24948.47,27925.99,10
30021501,SGP,23737.99,22882.58,24790.87,4
30021501,TWN,25175.22,23442.29,27282.47,101
30021501,USA,27780.03,24466.64,30750.89,30
30021502,BEL,22249.72,21327.53,24167.67,13
30021502,CHE,25834.74,24263.22,28281.87,37
30021502,CHN,15977.77,13923.99,18101.36,71
30021502,DEU,24791.81,22754.18,26576.82,118
30021502,FRA,23093.0,21014.09,25322.81,263
30021502,IDN,16120.06,14568.28,18198.01,14
30021502,IND,14154.3,12787.72,15304.5,20
30021502,ITA,22215.27,20490.12,23842.19,204
30021502,JPN,24416.38,22483.82,26348.77,408
30021502,KOR,21264.1,19380.56,22998.32,55
30021502,MYS,16479.69,15071.39,18182.19,66
30021502,TWN,18258.99,18258.99,18258.99,1
30021502,USA,23514.58,21533.91,25063.27,396
30021503,BEL,15904.95,14347.38,17568.21,60
30021503,CHE,19258.16,17777.94,21232.62,22
30021503,CHN,11375.19,10438.99,12400.99,259
30021503,DEU,18103.97,18103.97,18103.97,1
30021503,FRA,17640.42,16337.05,18997.17,8
30021503,IDN,12041.24,10924.81,13462.16,40
30021503,IND,10836.17,9707.73,11894.17,35
30021503,ITA,14612.13,14533.01,14691.25,2
30021503,JPN,18167.13,16416.04,19052.51,7
30021503,KOR,15617.27,14496.4,16944.87,61
30021503,MYS,9967.58,7996.66,11938.49,2
30021503,NLD,16280.34,15602.43,16958.25,2
30021503,TWN,15676.17,15181.12,16287.68,8
30021503,USA,17828.02,16285.74,19480.81,669
30021504,BEL,18754.29,16218.11,19594.43,11
30021504,CHE,23106.57,21135.38,25232.64,26
30021504,CHN,13787.56,12590.2,15216.23,104
30021504,DEU,21878.66,20117.17,23791.58,466
30021504,FRA,19637.23,18889.98,20395.79,7
30021504,IDN,14730.89,14431.14,15386.07,3
30021504,IND,13720.2,12400.21,15040.75,22
30021504,ITA,18984.4,17491.51,20920.87,126
30021504,JPN,20813.82,17987.54,23032.29,10
30021504,KOR,20488.84,17929.68,22519.97,19
30021504,MYS,24278.87,24278.87,24278.87,1
30021504,SGP,15090.93,15090.93,15090.93,1
30021504,TWN,15826.11,14729.46,17862.14,17
30021504,USA,20522.78,18545.43,21881.83,72
30042001,BEL,3654.67,3528.62,3758.04,6
30042001,CHE,4460.02,4156.45,4730.3,22
30042001,CHN,2391.81,1726.03,2801.8,5
30042001,DEU,4164.8,3703.96,4507.67,37
30042001,FRA,3727.25,3377.99,4059.49,12
30042001,IDN,2947.41,2947.41,2947.41,1
30042001,ITA,4117.06,3638.71,4466.91,32
30042001,JPN,3839.73,3499.64,4145.03,37
30042001,KOR,3496.0,3283.82,3880.71,12
30042001,MYS,2708.38,2708.38,2708.38,1
30042001,USA,4058.81,3565.97,4444.34,33
30042002,BEL,3022.62,2884.49,3160.75,2
30042002,CHE,3431.41,3431.41,3431.41,1
30042002,CHN,2057.66,1873.69,2293.03,50
30042002,DEU,3293.08,2966.85,3545.96,36
30042002,FRA,3020.64,2896.12,3145.6,6
30042002,GBR,2917.14,2891.74,3259.3,3
30042002,IDN,2261.58,2261.58,2261.58,1
30042002,IND,1974.01,1815.06,2141.88,11
30042002,ITA,3078.93,2935.1,3412.76,14
30042002,JPN,2927.6,2745.81,3145.1,29
30042002,KOR,3015.4,2469.79,3306.57,20
30042002,MYS,2228.59,2228.59,2228.59,1
30042002,TWN,2615.28,2615.28,2615.28,1
30042002,USA,2970.88,2970.88,2970.88,1
30042003,BEL,2001.3,1951.67,2093.57,8
30042003,CHE,2538.07,2301.7,2795.82,140
30042003,CHN,1622.43,1492.16,1799.76,157
30042003,DEU,2416.42,2127.62,2710.87,67
30042003,FRA,2222.46,1979.63,2412.4,6
30042003,IDN,665.36,665.36,665.36,1
30042003,IND,1554.28,1447.14,1713.85,114
30042003,ITA,2311.36,2027.53,2516.76,30
30042003,JPN,2083.04,2040.89,2269.37,3
30042003,KOR,2179.78,1961.39,2267.13,9
30042003,MYS,2654.38,2654.38,2654.38,1
30042003,TWN,1917.3,1775.13,2010.8,13
30042003,USA,2268.79,2075.64,2447.21,121
30042004,CHE,3053.23,2764.29,3337.95,24
30042004,CHN,1863.71,1694.07,1966.59,40
30042004,DEU,3004.9,2735.29,3288.43,41
30042004,FRA,2772.28,2539.13,2912.28,9
30042004,GBR,2500.09,2334.24,2654.55,23
30042004,IND,1758.38,1734.81,1925.12,5
30042004,ITA,2633.74,2381.88,2936.68,94
30042004,JPN,2796.74,2513.42,3010.6,132
30042004,KOR,2586.04,2392.33,2870.62,8
30042004,MYS,1937.1,1799.6,2240.01,29
30042004,TWN,2234.24,2152.0,2413.44,4
30042004,USA,2726.21,2507.65,2887.43,89
30049001,BEL,2481.7,1938.0,2588.1,12
30049001,CHE,2812.65,2718.53,3125.88,3
30049001,CHN,1932.16,1689.51,2132.86,35
30049001,DEU,2989.57,2604.06,3231.18,64
30049001,FRA,2781.05,1149.55,2975.71,4
30049001,GBR,2407.02,2302.65,2781.22,31
30049001,IDN,1886.29,1768.72,2085.74,4
30049001,IND,1911.18,1770.47,2023.68,37
30049001,ITA,2377.25,2178.1,2572.67,54
30049001,JPN,3002.0,2856.03,3100.4,8
30049001,KOR,2546.31,2283.49,2819.09,27
30049001,MYS,2034.55,1890.9,2203.57,20
30049001,USA,2706.19,2474.29,2899.11,26
30049002,BEL,1942.72,1930.59,1954.86,2
30049002,CHE,2426.39,2221.06,2602.46,24
30049002,CHN,1533.91,1387.61,1702.51,132
30049002,DEU,2160.9,2034.89,2379.16,33
30049002,FRA,2108.11,1945.39,2257.5,61
30049002,IDN,1507.23,1342.93,1620.02,3
30049002,IND,1475.2,1263.59,1624.14,70
30049002,ITA,2160.33,1940.17,2418.45,171
30049002,JPN,2324.03,2110.17,2493.65,75
30049002,KOR,2004.12,1862.32,2134.07,34
30049002,MYS,1576.31,1446.97,1713.84,8
30049002,NLD,1997.02,1997.02,1997.02,1
30049002,TWN,1695.48,1533.73,1842.45,30
30049002,USA,2209.23,2036.57,2393.91,98
30049003,CHE,1865.6,1751.56,2061.37,27
30049003,CHN,1160.44,1080.63,1178.86,8
30049003,DEU,1787.27,1621.27,1848.83,8
30049003,FRA,1528.57,1467.35,1714.8,8
30049003,GBR,1651.54,1626.77,1676.31,2
30049003,IDN,1130.93,1045.92,1216.23,43
30049003,IND,1085.49,1004.44,1134.41,36
30049003,ITA,1785.33,1785.33,1785.33,1
30049003,JPN,1661.04,1565.91,1814.71,46
30049003,KOR,1401.65,1295.83,1551.1,46
30049003,NLD,1524.43,1470.75,1591.82,5
30049003,TWN,1344.1,1189.01,1486.77,21
30049003,USA,1533.3,1421.18,1683.75,119
30049004,BEL,1837.04,1695.76,2006.28,708
30049004,CHE,2103.49,1966.11,2401.06,15
30049004,CHN,1300.01,1198.32,1434.58,88
30049004,DEU,1961.52,1739.63,2186.32,30
30049004,FRA,1764.81,1619.57,2003.31,3
30049004,GBR,1893.23,1729.56,2022.36,181
30049004,IDN,1375.03,1241.01,1461.9,17
30049004,IND,1207.48,1089.07,1302.96,30
30049004,ITA,1848.59,1691.13,1997.41,18
30049004,JPN,2029.06,1933.26,2150.73,3
30049004,KOR,1729.76,1677.25,1782.28,2
30049004,MYS,2028.93,2028.93,2028.93,1
30049004,SGP,1583.39,1451.04,1699.54,196
30049004,USA,1974.43,1795.61,2182.77,127
30051001,CHE,669.65,575.57,703.55,19
30051001,CHN,389.41,364.34,414.51,60
30051001,FRA,554.16,534.69,580.57,3
30051001,GBR,542.73,507.34,597.65,5
30051001,IDN,399.13,370.21,439.31,13
30051001,IND,377.2,326.05,397.3,9
30051001,ITA,544.12,538.58,553.73,3
30051001,JPN,565.13,520.99,594.73,9
30051001,KOR,501.74,463.87,550.6,129
30051001,MYS,402.66,402.66,402.66,1
30051001,TWN,484.09,465.42,519.82,4
30051001,USA,541.94,489.84,589.54,80
30051002,BEL,412.32,371.69,443.53,29
30051002,CHE,505.59,458.46,557.17,188
30051002,CHN,312.51,280.39,351.23,34
30051002,DEU,484.73,436.6,518.1,48
30051002,FRA,456.42,409.87,483.0,21
30051002,GBR,431.67,398.08,479.69,20
30051002,IDN,318.56,318.56,318.56,1
30051002,IND,309.61,276.34,343.81,443
30051002,ITA,435.39,392.81,514.13,32
30051002,JPN,478.39,436.91,507.38,19
30051002,KOR,432.47,406.96,474.01,24
30051002,MYS,320.47,305.0,357.52,10
30051002,TWN,376.39,344.22,408.03,46
30051002,USA,459.03,419.09,503.05,134
30051003,CHE,397.59,367.74,425.41,60
30051003,CHN,240.21,218.05,262.11,126
30051003,DEU,375.78,305.41,394.49,5
30051003,FRA,342.55,334.36,347.7,4
30051003,GBR,305.37,305.37,305.37,1
30051003,IDN,252.41,229.88,276.75,497
30051003,IND,225.3,207.96,247.58,72
30051003,ITA,346.78,314.93,383.05,16
30051003,JPN,340.82,310.39,375.27,271
30051003,KOR,323.08,296.41,362.41,18
30051003,USA,328.56,305.63,363.57,50
30051004,BEL,392.65,361.47,417.16,4
30051004,CHE,440.36,400.37,507.7,48
30051004,CHN,277.63,255.31,300.22,83
30051004,DEU,438.28,400.44,481.86,23
30051004,IND,272.17,251.95,279.84,15
30051004,ITA,363.89,343.07,394.84,16
30051004,JPN,454.28,454.28,454.28,1
30051004,KOR,348.15,319.16,383.47,1476
30051004,NLD,371.44,371.44,371.44,1
30051004,USA,373.56,344.73,411.55,3400
30067001,BEL,629.57,590.23,678.82,3
30067001,CHE,813.59,744.21,879.7,42
30067001,CHN,501.39,439.41,519.33,6
30067001,DEU,768.21,708.15,813.9,23
30067001,FRA,713.56,654.52,751.19,3
30067001,IDN,519.03,472.4,562.49,404
30067001,IND,474.96,442.71,502.21,52
30067001,ITA,722.75,680.03,778.78,8
30067001,JPN,709.13,634.87,774.43,25
30067001,KOR,646.22,595.35,703.7,28
30067001,MYS,501.96,452.24,536.91,15
30067001,SGP,557.76,554.67,560.85,2
30067001,TWN,620.03,565.81,666.51,7
30067001,USA,725.46,650.02,810.87,22
30067002,CHE,637.83,599.52,712.28,36
30067002,CHN,360.65,321.53,410.17,137
30067002,DEU,621.37,563.09,693.43,151
30067002,FRA,542.87,457.25,589.75,33
30067002,GBR,481.7,473.9,546.88,5
30067002,IND,371.42,339.46,392.32,54
30067002,ITA,534.19,486.25,617.98,39
30067002,JPN,561.91,518.53,628.74,8
30067002,KOR,550.7,505.12,652.1,21
30067002,MYS,388.87,361.46,427.24,21
30067002,TWN,479.13,457.08,506.5,10
30067002,USA,569.36,521.03,628.29,41
30067003,BEL,398.25,347.5,442.05,13
30067003,CHE,463.55,424.08,499.05,40
30067003,CHN,279.83,266.99,330.11,9
30067003,DEU,482.77,455.59,509.95,2
30067003,FRA,409.08,390.16,419.9,5
30067003,IND,290.68,265.1,316.02,25
30067003,ITA,401.86,370.79,422.31,14
30067003,JPN,460.45,460.45,460.45,1
30067003,KOR,370.0,335.56,406.95,32
30067003,NLD,404.06,404.06,404.06,1
30067003,TWN,359.3,325.66,376.12,16
30067003,USA,389.84,366.86,437.02,71
30067004,BEL,456.1,416.49,499.3,21
30067004,CHE,586.76,511.56,615.97,6
30067004,CHN,317.78,288.38,340.26,102
30067004,FRA,496.57,465.15,515.49,13
30067004,GBR,372.89,372.89,372.89,1
30067004,IND,333.91,304.32,357.99,30
30067004,ITA,475.0,437.59,512.38,100
30067004,JPN,529.16,474.34,570.59,143
30067004,KOR,452.6,414.98,493.81,990
30067004,MYS,374.53,355.54,402.18,3
30067004,NLD,480.89,480.89,480.89,1
30067004,TWN,449.4,407.51,487.33,51
30067004,USA,507.21,455.77,562.07,336
33041001,BEL,1287.8,1121.34,2809.73,29
33041001,CHE,1435.76,1202.67,2574.63,5
33041001,CHN,989.55,825.62,2277.85,81
33041001,DEU,1395.69,1261.99,3150.21,8
33041001,FRA,2317.94,1315.89,3282.19,6
33041001,GBR,1159.68,1069.76,2474.75,23
33041001,IND,844.6,844.6,844.6,1
33041001,ITA,1213.64,1093.19,1334.08,2
33041001,JPN,1368.82,1229.12,3079.84,35
33041001,KOR,1278.52,1130.31,2692.78,44
33041001,NLD,1086.07,1086.07,1086.07,1
33041001,TUR,809.19,809.19,809.19,1
33041001,TWN,1081.68,1051.29,2345.69,3
33041001,USA,1234.89,1112.07,2728.83,104
33041001,ZAF,1847.32,1728.02,1966.63,2
33041002,BRA,721.75,669.17,774.33,2
33041002,CHN,691.13,613.88,753.02,84
33041002,DEU,1005.42,934.37,1100.93,88
33041002,FRA,958.14,888.32,1092.1,29
33041002,GBR,934.63,884.43,1070.66,12
33041002,IDN,701.65,634.63,741.57,46
33041002,IND,673.02,601.26,706.32,10
33041002,ITA,998.88,936.29,1017.62,6
33041002,JPN,714.9,565.93,863.86,2
33041002,KOR,993.48,813.81,1044.28,8
33041002,MYS,790.95,710.49,1116.11,9
33041002,NLD,970.67,936.8,1013.44,5
33041002,PAK,652.38,647.72,672.63,3
33041002,PHL,641.53,641.53,641.53,1
33041002,SGP,771.63,662.42,886.85,8
33041002,TUR,811.77,644.11,823.87,3
33041002,TWN,862.53,862.53,862.53,1
33041002,USA,961.99,880.38,1061.66,27
33041003,ARE,602.79,602.07,603.52,2
33041003,AUS,716.22,636.8,787.08,25
33041003,BEL,752.94,715.04,790.85,2
33041003,BRA,617.76,602.97,632.56,2
33041003,CHN,486.56,486.56,486.56,1
33041003,DEU,837.45,759.64,899.12,129
33041003,FRA,702.87,656.25,801.92,42
33041003,IDN,521.79,476.06,576.57,26
33041003,IND,499.5,466.12,517.15,12
33041003,ITA,718.9,718.9,718.9,1
33041003,JPN,724.82,671.65,798.75,40
33041003,KOR,767.1,676.95,849.68,23
33041003,MYS,616.74,563.27,707.78,9
33041003,PAK,426.7,278.43,454.74,12
33041003,PHL,435.18,361.66,526.6,4
33041003,SGP,739.75,737.33,742.17,2
33041003,TUR,411.66,345.38,477.95,2
33041003,TWN,617.49,607.89,627.08,2
33041003,USA,728.71,657.7,805.29,19
33041003,ZAF,549.86,512.13,622.83,11
33041004,AUS,763.53,763.53,763.53,1
33041004,BEL,824.55,729.66,911.83,14
33041004,BRA,636.82,616.36,692.1,4
33041004,CHE,994.61,906.03,1050.92,34
33041004,CHN,626.19,568.74,788.1,26
33041004,DEU,922.92,870.17,1022.08,41
33041004,FRA,864.85,809.55,926.11,143
33041004,IDN,519.11,513.2,564.3,3
33041004,IND,591.51,513.0,662.39,46
33041004,ITA,765.95,759.48,779.59,4
33041004,JPN,943.85,860.16,1063.74,26
33041004,KOR,821.43,785.78,846.77,10
33041004,MYS,614.36,407.29,686.87,8
33041004,PAK,541.6,503.96,591.35,6
33041004,PHL,590.26,577.65,645.7,3
33041004,SGP,736.16,724.72,798.9,5
33041004,TUR,501.31,405.73,596.9,2
33041004,TWN,621.17,490.87,751.47,2
33041004,USA,882.66,795.37,993.37,28
33042001,ARE,1005.7,1005.7,1005.7,1
33042001,BEL,2867.7,1225.14,3093.68,20
33042001,CHN,1787.71,778.64,2115.74,51
33042001,DEU,2846.69,1289.02,3299.3,27
33042001,FRA,2699.96,1269.98,2899.38,15
33042001,GBR,2829.43,2668.44,2990.41,2
33042001,IDN,1875.46,821.19,2113.42,76
33042001,IND,1805.52,792.94,1976.93,16
33042001,ITA,2827.63,2727.07,3324.02,5
33042001,JPN,2739.79,1125.87,3106.78,51
33042001,KOR,2647.58,1190.2,3083.08,48
33042001,MYS,1999.86,865.82,2419.63,91
33042001,NLD,2665.71,1175.35,2940.42,26
33042001,PHL,822.83,760.06,1938.45,5
33042001,SGP,2449.26,1051.5,2646.69,34
33042001,TWN,2342.94,1645.65,2711.23,5
33042001,USA,2808.52,1250.77,3077.44,79
33042002,ARE,507.84,507.84,507.84,1
33042002,BEL,972.58,849.06,1084.53,5
33042002,BRA,795.25,722.24,799.09,3
33042002,CHN,685.75,632.3,732.36,43
33042002,DEU,1035.08,940.1,1134.73,49
33042002,FRA,1000.36,919.95,1073.35,161
33042002,GBR,959.81,884.27,1034.24,18
33042002,IDN,755.39,725.03,785.75,2
33042002,IND,638.88,389.44,670.73,3
33042002,ITA,976.64,886.42,1071.84,53
33042002,JPN,1027.32,935.6,1164.11,13
33042002,KOR,850.59,767.1,934.08,2
33042002,MYS,758.73,754.84,762.62,2
33042002,NLD,988.69,988.69,988.69,1
33042002,PAK,603.84,375.99,635.4,13
33042002,PHL,792.37,792.18,796.37,3
33042002,SGP,885.09,792.22,946.84,29
33042002,TUR,766.02,766.02,766.02,1
33042002,TWN,785.22,777.37,822.63,3
33042002,USA,988.9,875.28,1121.04,16
33042002,ZAF,698.38,672.88,723.88,2
33042003,AUS,726.59,661.3,781.04,10
33042003,BEL,762.84,689.99,791.68,23
33042003,BRA,330.7,311.96,460.33,3
33042003,CHN,535.56,516.74,597.23,9
33042003,DEU,799.95,760.26,853.25,3
33042003,FRA,763.61,699.6,816.24,49
33042003,GBR,661.16,661.16,661.16,1
33042003,IDN,544.44,509.46,557.93,9
33042003,IND,525.12,488.5,567.77,8
33042003,ITA,751.02,680.79,818.76,21
33042003,JPN,761.89,691.28,812.73,54
33042003,KOR,701.87,644.67,767.56,827
33042003,MYS,559.95,522.85,603.57,5
33042003,PAK,446.04,254.92,487.18,15
33042003,PHL,476.47,474.01,549.87,3
33042003,SGP,677.18,611.42,745.99,17
33042003,TWN,606.34,416.6,636.35,4
33042003,USA,723.05,671.04,764.21,45
33042004,CHE,911.84,860.61,964.94,10
33042004,CHN,579.66,491.41,631.85,32
33042004,DEU,913.55,846.63,965.78,25
33042004,FRA,863.23,800.45,960.2,14
33042004,IDN,669.82,630.48,887.06,3
33042004,IND,567.46,497.44,621.02,9
33042004,ITA,904.51,860.79,965.54,17
33042004,JPN,938.86,846.8,951.94,3
33042004,KOR,808.97,702.77,846.05,17
33042004,MYS,658.15,574.7,704.79,51
33042004,PAK,531.87,499.78,587.06,7
33042004,PHL,587.53,441.31,601.23,4
33042004,SAU,675.24,675.24,675.24,1
33042004,SGP,619.35,472.9,765.8,2
33042004,TUR,641.15,641.15,641.15,1
33042004,TWN,749.74,734.07,795.52,4
33042004,USA,882.16,812.52,924.26,4
33049901,BEL,727.08,646.83,1610.96,11
33049901,CHE,857.54,765.07,1942.81,110
33049901,CHN,504.56,439.72,1095.05,9
33049901,DEU,767.63,698.17,1731.51,57
33049901,ESP,704.54,704.54,704.54,1
33049901,FRA,700.45,631.1,1615.36,174
33049901,IDN,471.7,443.63,499.77,2
33049901,IND,454.53,413.98,1016.12,24
33049901,ITA,671.42,606.18,1576.53,28
33049901,JPN,720.31,636.86,1602.34,195
33049901,KOR,703.03,625.53,1539.47,22
33049901,MYS,509.67,509.67,509.67,1
33049901,NLD,672.46,624.95,1518.83,22
33049901,SGP,606.43,558.41,1212.38,8
33049901,USA,775.04,709.62,1739.34,34
33049902,ARE,452.77,400.87,475.57,3
33049902,AUS,524.92,505.08,544.77,2
33049902,BEL,540.17,536.01,544.33,2
33049902,BRA,410.45,386.0,460.56,3
33049902,CHE,600.84,566.18,635.02,6
33049902,CHN,419.15,375.49,420.99,5
33049902,DEU,632.7,548.39,698.83,69
33049902,FRA,539.76,494.79,581.52,43
33049902,GBR,531.51,469.34,568.44,18
33049902,IND,348.2,319.77,376.22,40
33049902,ITA,533.27,497.79,597.94,41
33049902,JPN,449.13,297.8,577.64,6
33049902,KOR,586.46,513.41,613.11,24
33049902,MYS,399.72,322.07,447.56,15
33049902,PAK,350.08,298.37,361.78,8
33049902,PHL,386.72,281.08,422.41,7
33049902,SAU,417.31,417.31,417.31,1
33049902,SGP,431.24,431.24,431.24,1
33049902,TUR,353.89,353.89,353.89,1
33049902,TWN,449.04,433.58,476.87,11
33049902,USA,542.14,515.97,606.18,16
33049903,ARE,322.97,309.7,336.24,2
33049903,AUS,396.66,370.29,427.95,36
33049903,BRA,309.62,308.3,310.94,2
33049903,CHE,427.16,427.16,427.16,1
33049903,CHN,285.4,258.82,300.88,40
33049903,DEU,422.29,422.29,422.29,1
33049903,FRA,411.61,378.83,446.78,458
33049903,IDN,287.55,269.32,297.45,5
33049903,IND,282.15,260.62,307.22,128
33049903,ITA,395.68,315.96,445.99,8
33049903,JPN,448.06,372.33,466.93,9
33049903,KOR,395.79,349.05,423.96,58
33049903,MYS,301.32,277.4,344.42,51
33049903,NLD,396.77,374.35,405.86,6
33049903,PAK,248.37,149.33,272.9,7
33049903,PHL,245.41,199.18,303.52,3
33049903,SGP,209.49,209.49,209.49,1
33049903,TWN,327.91,320.78,363.73,4
33049903,USA,423.03,423.03,423.03,1
33049903,ZAF,308.59,299.98,331.07,6
33049904,AUS,363.41,363.41,363.41,1
33049904,BRA,387.73,387.73,387.73,1
33049904,CHN,343.23,313.1,389.45,11
33049904,DEU,515.76,469.75,564.3,5
33049904,FRA,479.81,439.57,515.33,33
33049904,GBR,420.64,420.64,420.64,1
33049904,IDN,331.04,304.39,448.84,4
33049904,IND,287.15,287.15,287.15,1
33049904,ITA,511.92,440.64,550.97,4
33049904,KOR,452.62,416.84,494.74,723
33049904,MYS,351.44,320.55,380.65,98
33049904,PAK,291.32,266.95,299.54,11
33049904,PHL,354.41,279.66,409.48,9
33049904,SGP,453.45,312.41,489.44,4
33049904,TWN,402.53,360.72,422.46,9
33049904,USA,459.15,428.79,503.09,42
33051001,AUS,229.15,145.94,242.03,4
33051001,BEL,268.07,268.07,268.07,1
33051001,CHE,272.91,126.74,302.63,15
33051001,CHN,173.53,76.1,186.8,16
33051001,DEU,261.29,119.38,292.36,30
33051001,FRA,253.32,102.79,268.61,17
33051001,GBR,102.2,101.89,102.5,2
33051001,IDN,161.04,73.04,186.32,34
33051001,IND,153.45,67.79,172.59,65
33051001,ITA,245.47,181.76,262.08,8
33051001,JPN,247.57,113.12,273.28,63
33051001,KOR,234.49,100.41,264.34,83
33051001,MYS,183.66,82.12,201.99,43
33051001,SGP,213.38,98.8,236.82,16
33051001,TUR,156.39,156.39,156.39,1
33051001,TWN,209.99,101.41,243.0,9
33051001,USA,243.99,147.28,278.17,14
33051002,BRA,34.77,34.77,34.77,1
33051002,CHN,60.37,54.79,64.13,13
33051002,DEU,94.19,83.61,107.14,19
33051002,FRA,88.2,78.21,93.35,6
33051002,GBR,84.7,76.67,90.3,21
33051002,IDN,61.43,55.93,66.1,20
33051002,IND,58.97,54.34,62.73,8
33051002,ITA,87.1,80.33,91.89,44
33051002,JPN,78.8,78.8,78.8,1
33051002,KOR,86.61,76.58,94.39,89
33051002,MYS,73.3,73.3,73.3,1
33051002,PAK,54.6,48.96,58.42,11
33051002,PHL,58.53,45.86,60.93,7
33051002,TUR,57.42,54.6,63.26,8
33051002,TWN,71.19,63.67,74.65,9
33051002,USA,89.37,78.27,96.74,15
33051003,ARE,50.28,50.28,50.28,1
33051003,BRA,49.42,48.35,50.49,2
33051003,CHE,74.15,67.51,79.94,35
33051003,CHN,46.56,42.52,49.97,12
33051003,DEU,70.67,62.05,77.48,86
33051003,ESP,61.87,61.87,61.87,1
33051003,FRA,65.54,60.07,71.2,91
33051003,IDN,45.91,28.25,47.23,3
33051003,IND,42.57,38.57,47.06,151
33051003,ITA,62.41,55.98,67.97,12
33051003,JPN,66.28,58.85,74.99,46
33051003,KOR,64.44,58.5,68.31,56
33051003,MYS,48.08,40.85,55.27,15
33051003,NLD,64.22,64.22,64.22,1
33051003,PAK,42.11,35.59,46.64,7
33051003,PHL,46.69,45.47,47.91,2
33051003,TUR,43.96,31.36,47.43,3
33051003,TWN,55.03,52.89,60.4,5
33051003,USA,64.85,62.78,69.8,7
33051004,ARE,61.13,61.13,61.13,1
33051004,AUS,236.62,71.36,408.73,4
33051004,BEL,78.32,72.53,81.9,13
33051004,BRA,57.97,47.52,58.79,5
33051004,CHE,91.38,84.55,106.19,9
33051004,CHN,51.26,45.35,55.62,51
33051004,DEU,81.54,77.65,87.87,19
33051004,FRA,79.02,73.28,88.78,13
33051004,IDN,57.11,49.89,61.1,3
33051004,IND,51.55,45.77,53.89,25
33051004,ITA,79.92,73.71,85.24,27
33051004,JPN,80.93,73.21,90.12,72
33051004,KOR,72.39,65.64,79.4,161
33051004,MYS,55.85,50.6,62.07,128
33051004,NLD,71.44,64.78,79.46,13
33051004,PAK,45.93,44.31,58.75,9
33051004,PHL,49.89,36.75,51.15,5
33051004,SGP,1388.35,324.21,2452.5,2
33051004,TUR,52.94,52.0,56.15,5
33051004,TWN,64.81,57.75,412.86,6
33051004,USA,77.72,69.8,85.13,26
33061001,AUS,261.65,123.56,296.0,13
33061001,BEL,122.33,111.9,251.9,16
33061001,CHE,146.55,130.91,326.64,68
33061001,CHN,91.93,90.48,181.37,3
33061001,DEU,131.7,123.04,309.95,9
33061001,FRA,202.44,202.44,202.44,1
33061001,IDN,147.82,89.17,215.59,4
33061001,IND,83.54,74.12,190.19,160
33061001,ITA,116.89,104.46,142.48,10
33061001,JPN,126.86,115.25,290.43,60
33061001,KOR,119.42,94.13,277.28,9
33061001,MYS,89.35,85.86,223.94,5
33061001,NLD,120.59,117.0,216.67,4
33061001,SGP,108.17,103.35,216.77,3
33061001,USA,126.76,123.36,308.97,8
33061001,ZAF,201.13,88.08,235.48,6
33061002,ARE,68.05,56.33,79.78,2
33061002,CHE,122.44,122.44,122.44,1
33061002,CHN,74.98,67.35,81.74,297
33061002,DEU,110.77,102.76,121.44,54
33061002,FRA,101.44,92.77,111.46,124
33061002,IDN,68.77,62.12,74.26,52
33061002,IND,70.79,64.67,75.5,19
33061002,ITA,107.67,96.84,113.24,11
33061002,JPN,109.14,92.16,119.85,82
33061002,KOR,94.99,86.2,110.93,22
33061002,MYS,70.85,67.59,74.66,4
33061002,NLD,102.34,89.43,103.68,4
33061002,PAK,65.45,60.93,72.9,7
33061002,PHL,74.02,63.08,77.47,6
33061002,SGP,55.73,55.73,55.73,1
33061002,TUR,70.73,68.82,72.64,2
33061002,TWN,84.84,83.42,86.35,3
33061002,USA,92.02,84.27,99.78,2
33061003,ARE,50.42,38.69,62.16,2
33061003,BEL,76.56,70.71,82.42,2
33061003,BRA,59.07,53.88,62.88,11
33061003,CHE,83.97,78.25,89.2,15
33061003,CHN,56.91,51.12,58.49,8
33061003,DEU,78.46,70.5,84.36,38
33061003,FRA,74.63,68.19,80.19,120
33061003,IDN,56.41,51.49,61.0,680
33061003,IND,47.68,43.3,50.15,45
33061003,ITA,82.63,63.12,89.33,7
33061003,JPN,83.45,76.93,86.6,19
33061003,KOR,71.17,70.7,71.64,2
33061003,MYS,56.74,52.36,60.96,11
33061003,NLD,74.08,69.83,78.04,5
33061003,PAK,46.57,45.57,50.01,5
33061003,PHL,55.18,53.19,57.1,4
33061003,SGP,70.46,58.69,76.06,4
33061003,TUR,52.26,52.26,52.26,1
33061003,USA,70.08,61.87,79.66,3
33061004,BRA,50.55,36.54,62.82,4
33061004,CHE,96.96,91.3,97.24,3
33061004,CHN,60.29,60.29,60.29,1
33061004,DEU,90.61,81.69,101.45,10
33061004,FRA,90.87,79.44,97.4,7
33061004,IDN,59.31,59.23,59.39,2
33061004,IND,55.01,53.04,59.4,3
33061004,ITA,73.49,72.02,76.75,4
33061004,JPN,90.95,82.74,115.52,4
33061004,KOR,82.35,69.47,92.52,17
33061004,MYS,67.55,64.19,69.32,11
33061004,PAK,50.42,28.59,60.32,10
33061004,PHL,62.29,47.25,64.16,6
33061004,SGP,80.22,73.1,92.41,6
33061004,TWN,72.16,44.52,76.43,9
33061004,USA,96.21,96.21,96.21,1
39011001,ARE,27.44,24.54,32.59,126
39011001,BRA,26.29,25.91,26.67,2
39011001,CHN,23.41,20.89,25.53,14
39011001,DEU,35.04,24.9,40.54,7
39011001,FRA,33.31,31.39,36.75,4
39011001,IND,15.69,12.49,18.61,4
39011001,JPN,38.52,34.0,41.49,25
39011001,KOR,34.1,30.56,40.12,14
39011001,MYS,25.32,22.89,30.54,72
39011001,NGA,24.32,23.96,24.68,2
39011001,PAK,21.43,11.38,25.54,13
39011001,PHL,24.38,18.34,28.11,7
39011001,POL,31.26,28.08,34.09,14
39011001,RUS,25.81,23.22,28.68,44
39011001,SAU,29.85,28.16,31.53,2
39011001,SGP,28.88,25.29,32.6,9
39011001,TUR,24.05,21.32,28.06,71
39011001,TWN,25.21,14.3,27.77,3
39011001,USA,33.64,29.38,40.13,28
39011002,ARE,23.51,19.33,27.03,12
39011002,BRA,20.33,19.66,24.07,3
39011002,CHN,22.15,20.39,22.73,4
39011002,DEU,30.04,29.19,34.2,3
39011002,IDN,20.51,17.39,21.29,9
39011002,IND,18.26,16.06,20.99,99
39011002,JPN,30.12,25.61,35.28,28
39011002,KOR,27.1,23.48,31.28,59
39011002,MYS,21.5,15.35,23.0,9
39011002,PAK,18.03,14.22,21.32,8
39011002,PHL,21.05,18.13,24.57,53
39011002,POL,19.91,19.64,22.2,3
39011002,SGP,24.94,24.81,26.64,3
39011002,TUR,20.33,17.14,21.72,8
39011002,TWN,21.12,20.02,22.97,4
39011002,USA,28.83,26.92,30.96,10
39011003,ARE,19.09,14.55,21.71,7
39011003,BRA,15.96,15.38,18.66,3
39011003,CHN,13.73,12.01,15.76,16
39011003,DEU,20.93,19.73,23.48,4
39011003,IDN,15.38,13.38,18.06,19
39011003,IND,13.4,10.46,15.98,14
39011003,JPN,21.79,17.22,23.88,6
39011003,KOR,22.15,20.38,26.04,19
39011003,MYS,15.16,13.07,17.06,73
39011003,PAK,12.36,11.06,14.17,11
39011003,PHL,13.82,10.64,15.45,6
39011003,POL,17.9,15.02,19.88,17
39011003,QAT,17.33,15.37,18.25,6
39011003,RUS,15.07,13.03,17.59,7
39011003,SAU,15.95,12.52,18.14,4
39011003,SGP,17.53,17.53,17.53,1
39011003,TUR,13.61,13.61,13.61,1
39011003,TWN,19.22,16.02,21.19,8
39011003,USA,21.2,17.89,23.81,47
39011004,ARE,23.19,19.47,82.78,5
39011004,BRA,16.24,15.25,17.86,3
39011004,CHN,17.07,14.83,19.84,60
39011004,DEU,27.4,25.58,39.49,6
39011004,FRA,22.92,21.05,24.8,2
39011004,IDN,33.32,23.34,43.3,2
39011004,IND,16.34,14.1,18.39,10
39011004,ITA,22.03,22.03,22.03,1
39011004,JPN,25.67,23.75,69.09,8
39011004,KOR,24.96,22.13,27.54,12
39011004,MYS,19.67,11.01,23.23,4
39011004,NGA,18.91,18.91,18.91,1
39011004,PAK,16.46,13.55,17.17,7
39011004,PHL,16.1,14.36,19.48,5
39011004,POL,20.06,17.24,22.78,43
39011004,QAT,16.25,16.25,16.25,1
39011004,SAU,20.27,17.88,22.73,8
39011004,SGP,37.5,23.93,58.17,3
39011004,TWN,19.81,15.49,22.72,7
39011004,USA,23.67,20.96,28.2,16
39021001,ARE,29.44,24.52,31.97,7
39021001,BRA,27.77,27.5,31.48,3
39021001,CHN,25.52,25.52,25.52,1
39021001,DEU,36.96,36.96,36.96,1
39021001,IND,20.37,18.9,22.27,4
39021001,ITA,43.61,43.61,43.61,1
39021001,JPN,32.44,29.9,36.21,3
39021001,KOR,34.76,33.19,35.63,3
39021001,MYS,25.45,22.59,28.4,6
39021001,PAK,20.6,19.37,24.91,7
39021001,PHL,22.95,20.45,26.13,31
39021001,SAU,26.84,23.89,31.86,38
39021001,SGP,36.55,36.55,36.55,1
39021001,TUR,26.21,20.37,28.0,24
39021001,TWN,28.09,25.58,29.88,8
39021001,USA,37.36,30.31,40.31,9
39021002,ARE,21.96,20.35,23.07,7
39021002,BRA,22.22,19.54,22.69,4
39021002,CHN,17.56,15.23,20.58,9
39021002,DEU,26.34,25.52,27.17,2
39021002,FRA,21.6,21.46,21.74,2
39021002,IDN,19.35,16.43,22.48,232
39021002,IND,18.83,16.17,21.56,522
39021002,JPN,17.91,14.31,28.9,7
39021002,KOR,26.82,23.0,29.23,15
39021002,MYS,12.14,11.5,20.67,4
39021002,PAK,16.91,15.46,19.58,15
39021002,PHL,19.05,15.87,20.76,3
39021002,POL,19.43,19.43,19.43,1
39021002,RUS,19.22,16.49,21.35,54
39021002,SAU,21.17,18.22,24.42,351
39021002,SGP,24.1,20.42,27.79,696
39021002,TWN,21.09,19.19,25.37,7
39021002,USA,25.76,25.31,28.43,3
39021003,BRA,16.69,15.15,18.37,17
39021003,CHN,16.66,16.59,16.72,2
39021003,DEU,21.11,20.02,22.2,2
39021003,FRA,23.92,20.14,25.44,5
39021003,IDN,14.06,12.9,15.25,21
39021003,IND,13.32,11.01,15.83,112
39021003,ITA,17.87,15.71,19.57,8
39021003,JPN,21.11,20.43,21.74,6
39021003,KOR,20.2,19.16,20.21,3
39021003,MYS,13.96,12.36,17.69,21
39021003,PAK,12.25,6.99,13.85,13
39021003,PHL,14.62,14.05,16.68,5
39021003,QAT,17.45,17.45,17.45,1
39021003,RUS,13.5,13.11,15.86,5
39021003,SAU,15.96,13.82,18.65,139
39021003,SGP,17.59,15.32,21.28,77
39021003,TUR,13.6,11.49,14.92,9
39021003,TWN,16.39,15.28,19.57,12
39021003,USA,19.96,18.15,22.0,7
39021004,ARE,18.71,15.64,21.25,6
39021004,BRA,15.72,15.72,15.72,1
39021004,CHN,18.16,17.95,18.92,3
39021004,DEU,23.53,22.02,27.26,15
39021004,FRA,22.81,19.47,26.16,2
39021004,IDN,17.32,14.67,18.06,21
39021004,IND,15.33,13.16,17.62,114
39021004,JPN,22.97,19.91,28.16,17
39021004,KOR,21.65,19.27,25.43,6
39021004,MYS,16.54,14.48,19.55,67
39021004,NGA,14.81,13.36,16.24,4
39021004,PAK,14.81,12.38,15.97,8
39021004,PHL,16.79,12.36,19.91,10
39021004,POL,16.7,16.61,19.41,3
39021004,QAT,17.9,17.13,18.67,2
39021004,SAU,17.64,16.33,21.82,4
39021004,SGP,21.67,19.88,24.29,24
39021004,TUR,16.03,15.76,18.33,5
39021004,TWN,20.17,14.02,22.58,12
39021004,USA,21.04,13.93,28.15,2
39076001,ARE,27.05,25.48,28.61,2
39076001,CHN,21.02,19.38,23.36,11
39076001,DEU,28.25,27.95,28.54,2
39076001,FRA,31.06,31.06,31.06,1
39076001,IDN,21.33,19.87,21.9,7
39076001,IND,19.34,18.37,21.12,5
39076001,JPN,30.8,21.39,33.19,4
39076001,KOR,26.64,19.25,30.48,5
39076001,MYS,23.85,19.1,24.06,5
39076001,NGA,18.74,16.32,21.54,23
39076001,PAK,17.28,14.57,18.7,7
39076001,PHL,19.86,14.0,20.45,6
39076001,RUS,19.28,19.28,19.28,1
39076001,SGP,24.54,24.54,24.54,1
39076001,TUR,19.96,18.31,22.67,4
39076001,TWN,25.56,18.17,30.17,6
39076001,USA,26.09,25.27,28.66,3
39076002,BRA,15.14,11.52,16.47,4
39076002,CHN,17.48,14.57,19.0,45
39076002,DEU,23.34,23.34,23.34,1
39076002,IDN,17.31,15.2,19.79,8
39076002,IND,17.24,14.56,17.63,8
39076002,ITA,20.03,20.03,20.03,1
39076002,JPN,25.39,22.44,27.48,9
39076002,KOR,22.06,18.23,24.32,34
39076002,MYS,15.67,14.57,16.77,2
39076002,PAK,14.57,12.83,16.99,6
39076002,PHL,15.44,10.26,18.2,3
39076002,POL,18.39,14.76,23.28,11
39076002,RUS,17.34,13.98,19.81,29
39076002,SAU,20.21,20.21,20.21,1
39076002,SGP,28.63,28.63,28.63,1
39076002,TUR,16.22,14.87,17.16,12
39076002,TWN,19.3,17.01,22.92,16
39076002,USA,22.23,21.68,22.77,2
39076003,ARE,13.11,11.52,15.21,7
39076003,BRA,11.46,11.46,11.46,1
39076003,CHN,12.35,9.7,14.11,12
39076003,DEU,20.01,18.18,22.52,30
39076003,FRA,17.85,15.97,19.18,3
39076003,IND,9.72,9.72,9.72,1
39076003,JPN,17.78,17.78,17.78,1
39076003,KOR,19.14,16.55,19.89,11
39076003,MYS,13.68,11.61,15.23,60
39076003,NGA,11.5,10.35,13.67,60
39076003,PAK,9.86,7.05,11.52,7
39076003,PHL,11.79,9.06,12.74,4
39076003,POL,14.0,12.65,15.39,36
39076003,QAT,15.52,13.89,17.5,31
39076003,RUS,12.45,11.37,15.57,35
39076003,SAU,13.46,12.44,15.77,11
39076003,SGP,17.19,14.84,19.18,40
39076003,TUR,12.0,10.95,13.95,17
39076003,TWN,15.93,12.48,18.22,18
39076003,USA,18.82,18.82,18.82,1
39076004,BRA,15.64,13.47,17.24,10
39076004,CHN,15.15,12.96,16.94,80
39076004,DEU,21.42,18.38,25.2,40
39076004,FRA,20.12,13.26,24.1,4
39076004,IDN,13.01,11.84,13.57,5
39076004,IND,14.35,12.2,16.68,151
39076004,ITA,23.16,21.04,27.59,12
39076004,JPN,21.64,21.02,22.25,2
39076004,KOR,19.55,17.27,23.27,13
39076004,MYS,15.87,13.56,18.49,59
39076004,PAK,13.32,12.1,14.22,6
39076004,PHL,14.48,13.87,15.67,4
39076004,POL,11.33,11.33,11.33,1
39076004,RUS,14.45,14.45,14.45,1
39076004,SAU,14.1,13.78,14.42,2
39076004,SGP,18.6,15.93,22.14,12
39076004,TUR,14.7,13.16,17.64,4
39076004,TWN,15.47,11.74,20.28,7
39076004,USA,21.96,18.77,23.42,17
39201001,BRA,35.55,34.54,36.56,2
39201001,CHN,38.68,38.68,38.68,1
39201001,FRA,39.86,36.42,43.3,2
39201001,IDN,40.05,35.88,44.53,5
39201001,IND,36.25,31.82,41.65,7
39201001,ITA,52.99,49.39,61.95,6
39201001,JPN,57.06,50.2,66.48,32
39201001,KOR,52.82,37.37,54.13,3
39201001,MYS,40.72,29.99,43.48,5
39201001,PAK,32.96,20.96,38.32,12
39201001,PHL,44.99,42.97,46.31,3
39201001,QAT,45.11,36.96,49.3,5
39201001,TUR,36.79,32.89,40.26,4
39201001,TWN,43.34,32.03,48.17,6
39201001,USA,55.69,55.69,55.69,1
39201002,ARE,38.47,37.31,38.83,3
39201002,BRA,33.97,30.49,35.86,3
39201002,CHN,30.38,26.44,33.03,13
39201002,DEU,47.51,37.45,49.29,7
39201002,FRA,41.74,39.35,44.12,2
39201002,IDN,32.23,28.38,35.99,10
39201002,IND,28.76,25.62,33.5,79
39201002,ITA,46.0,40.1,50.63,16
39201002,JPN,50.92,41.42,53.91,3
39201002,KOR,43.85,35.13,49.91,66
39201002,MYS,32.27,32.19,39.43,5
39201002,PAK,27.18,19.2,32.39,5
39201002,PHL,32.63,29.05,40.19,3
39201002,POL,38.33,38.33,38.33,1
39201002,QAT,31.37,31.09,34.84,3
39201002,SAU,38.49,35.11,41.95,5
39201002,SGP,41.46,34.22,48.66,22
39201002,TUR,31.75,26.14,35.32,24
39201002,TWN,35.19,19.4,40.96,9
39201002,USA,42.93,40.23,48.12,4
39201003,ARE,23.14,21.28,25.01,2
39201003,BRA,25.96,24.24,25.96,3
39201003,CHN,24.52,23.29,27.41,13
39201003,DEU,37.28,30.28,44.38,5
39201003,FRA,44.6,44.6,44.6,1
39201003,IDN,25.53,23.0,28.07,2
39201003,IND,24.63,20.19,25.46,5
39201003,ITA,35.92,29.43,41.06,13
39201003,JPN,33.44,29.13,39.08,44
39201003,KOR,31.02,28.44,37.72,14
39201003,MYS,25.34,20.91,30.55,15
39201003,NGA,22.57,19.69,24.76,5
39201003,PAK,20.11,17.12,21.93,7
39201003,PHL,22.14,15.07,23.5,3
39201003,POL,25.4,22.89,30.7,17
39201003,QAT,26.29,21.93,28.73,9
39201003,SAU,26.48,22.44,31.95,13
39201003,SGP,28.1,28.1,28.1,1
39201003,TUR,23.4,19.86,26.83,18
39201003,TWN,27.8,23.77,30.92,12
39201003,USA,36.74,34.42,39.07,2
39201004,ARE,34.27,29.1,36.11,8
39201004,BRA,33.36,29.53,34.07,3
39201004,CHN,27.13,23.06,31.0,72
39201004,DEU,43.58,27.36,54.18,4
39201004,FRA,33.05,33.05,33.05,1
39201004,IDN,28.02,24.28,33.19,62
39201004,IND,27.15,22.44,30.77,31
39201004,ITA,40.04,31.31,50.57,12
39201004,JPN,45.87,39.75,51.14,4
39201004,KOR,42.84,40.56,45.94,4
39201004,MYS,30.48,23.71,36.18,14
39201004,PAK,25.01,14.03,28.02,11
39201004,PHL,30.05,24.72,31.69,12
39201004,POL,30.95,28.91,35.88,13
39201004,QAT,32.65,28.44,36.66,23
39201004,RUS,26.33,26.33,26.33,1
39201004,SAU,34.38,30.08,40.15,15
39201004,SGP,33.6,29.65,38.91,10
39201004,TUR,28.12,24.41,31.46,29
39201004,TWN,33.93,30.0,37.78,12
39201004,USA,34.47,30.88,38.07,2
39241001,ARE,76.82,63.24,87.91,61
39241001,BRA,74.7,72.62,82.99,3
39241001,CHN,60.41,55.84,75.19,20
39241001,DEU,105.54,87.61,115.88,7
39241001,FRA,106.17,106.17,106.17,1
39241001,IDN,63.84,55.87,70.45,22
39241001,IND,58.87,51.97,66.14,14
39241001,JPN,60.32,49.28,85.22,3
39241001,MYS,71.48,63.63,83.45,40
39241001,NGA,70.55,70.55,70.55,1
39241001,PAK,60.54,33.65,67.1,9
39241001,PHL,68.52,41.42,68.55,3
39241001,POL,76.18,69.27,90.23,18
39241001,QAT,88.2,76.45,97.68,38
39241001,RUS,69.65,62.8,79.27,29
39241001,SAU,82.65,77.54,87.77,2
39241001,SGP,94.36,94.36,94.36,1
39241001,TUR,62.93,61.01,75.22,10
39241001,TWN,73.52,56.34,94.54,7
39241001,USA,114.17,109.08,119.26,2
39241002,ARE,60.05,56.65,61.16,3
39241002,BRA,36.59,36.59,36.59,1
39241002,CHN,57.3,39.57,64.54,3
39241002,DEU,81.22,76.6,86.93,3
39241002,FRA,70.4,66.85,82.55,3
39241002,IDN,54.79,47.0,65.92,42
39241002,IND,53.21,44.11,63.53,8
39241002,ITA,70.6,68.94,72.25,2
39241002,JPN,78.21,68.42,90.99,10
39241002,KOR,75.96,75.08,84.54,3
39241002,MYS,57.66,54.9,68.57,9
39241002,NGA,52.67,47.02,60.27,63
39241002,PAK,50.47,27.4,53.26,11
39241002,PHL,50.25,33.81,67.96,9
39241002,POL,59.45,55.18,66.57,17
39241002,RUS,56.44,51.66,66.42,29
39241002,SGP,81.44,81.44,81.44,1
39241002,TUR,51.59,51.27,51.92,2
39241002,TWN,60.81,48.14,72.95,7
39241002,USA,81.41,72.64,90.38,8
39241003,ARE,50.33,41.89,54.11,5
39241003,BRA,22.41,22.11,22.7,2
39241003,CHN,37.68,32.75,44.31,7
39241003,DEU,71.51,61.73,79.67,3
39241003,FRA,60.1,50.37,67.96,3
39241003,IDN,49.74,40.83,52.63,10
39241003,IND,36.63,31.63,40.19,21
39241003,ITA,57.21,53.18,63.83,5
39241003,JPN,53.23,53.23,53.23,1
39241003,KOR,55.6,51.95,58.51,5
39241003,MYS,45.17,27.65,52.04,9
39241003,PAK,34.34,23.24,39.74,5
39241003,PHL,43.72,42.64,44.8,2
39241003,POL,46.18,39.68,51.26,39
39241003,SAU,45.74,39.22,51.36,44
39241003,TUR,35.48,35.48,35.48,1
39241003,TWN,44.55,42.8,53.57,5
39241003,USA,61.0,50.26,69.14,14
39241004,ARE,68.58,61.45,81.44,6
39241004,CHN,51.08,51.08,51.08,1
39241004,DEU,63.88,59.27,68.49,2
39241004,IDN,51.02,44.43,57.53,169
39241004,IND,43.75,37.8,51.2,68
39241004,ITA,63.07,59.38,69.64,11
39241004,JPN,72.51,62.37,82.06,131
39241004,KOR,65.61,55.74,76.99,83
39241004,MYS,50.85,43.64,59.5,54
39241004,PAK,40.6,37.96,45.43,5
39241004,PHL,50.72,36.75,57.68,4
39241004,POL,55.92,46.97,62.29,7
39241004,QAT,55.97,48.22,59.12,3
39241004,RUS,53.4,47.07,56.92,14
39241004,SAU,41.95,41.95,41.95,1
39241004,SGP,59.93,51.02,67.86,17
39241004,TUR,44.67,39.48,52.51,29
39241004,TWN,59.56,39.68,63.25,6
39241004,USA,70.43,61.77,78.58,30
40012201,CHN,36.51,33.37,79.85,13
40012201,DEU,52.44,47.95,119.27,97
40012201,IDN,36.71,33.27,96.19,5
40012201,IND,74.2,74.2,74.2,1
40012201,ITA,78.05,37.54,119.71,6
40012201,JPN,53.67,47.11,121.23,17
40012201,KOR,48.54,45.48,110.85,18
40012201,MYS,42.52,37.39,90.74,46
40012201,PAK,71.32,71.32,71.32,1
40012201,RUS,38.89,34.36,92.74,51
40012201,SGP,86.71,41.05,103.76,9
40012201,TUR,35.66,33.07,91.14,10
40012201,TWN,103.33,43.59,107.03,11
40012201,USA,90.47,62.33,116.63,4
40012202,ARE,36.22,34.26,38.19,2
40012202,BRA,30.0,28.8,31.2,2
40012202,CHN,28.83,25.92,30.93,143
40012202,DEU,42.34,38.62,45.28,24
40012202,FRA,38.59,38.13,39.05,2
40012202,IDN,30.24,28.74,32.78,8
40012202,IND,26.62,24.4,28.81,78
40012202,JPN,46.03,42.45,47.1,8
40012202,KOR,40.05,35.5,40.61,3
40012202,MYS,29.87,27.6,32.79,137
40012202,PAK,25.54,21.26,27.35,10
40012202,PHL,29.87,27.12,32.61,2
40012202,POL,32.6,30.59,35.12,77
40012202,RUS,28.06,26.92,29.97,10
40012202,SAU,28.02,25.63,35.25,19
40012202,SGP,35.23,35.23,35.23,1
40012202,TUR,27.9,24.84,30.54,23
40012202,TWN,34.07,30.4,36.92,116
40012202,USA,38.32,34.93,44.27,72
40012203,ARE,26.19,24.54,27.84,2
40012203,BRA,23.46,23.06,24.3,3
40012203,CHN,20.35,18.67,21.91,58
40012203,DEU,31.91,28.69,35.98,7
40012203,FRA,23.31,17.81,28.81,2
40012203,IDN,21.52,19.31,23.6,12
40012203,IND,20.59,16.46,22.47,11
40012203,JPN,31.19,25.63,34.49,14
40012203,KOR,28.38,26.34,31.74,45
40012203,MYS,21.23,19.5,23.31,112
40012203,PAK,19.33,18.39,19.74,4
40012203,PHL,22.78,19.56,23.25,5
40012203,POL,25.37,22.8,25.86,3
40012203,RUS,21.64,21.12,22.17,2
40012203,SAU,23.57,22.69,26.38,8
40012203,SGP,26.91,24.36,28.87,16
40012203,TUR,20.53,19.8,21.26,2
40012203,TWN,25.8,24.99,27.97,10
40012203,USA,29.4,26.68,30.67,9
40012204,ARE,30.69,30.69,30.69,1
40012204,DEU,37.09,34.79,40.41,12
40012204,FRA,24.96,19.63,30.3,2
40012204,IND,22.27,20.17,24.16,20
40012204,ITA,34.71,33.97,35.46,2
40012204,JPN,34.36,31.97,37.77,67
40012204,KOR,33.26,32.05,35.32,6
40012204,MYS,25.72,23.16,28.33,72
40012204,NGA,23.87,21.96,25.57,63
40012204,PAK,21.84,16.2,23.32,8
40012204,PHL,24.95,23.85,26.06,2
40012204,POL,28.93,28.02,29.55,3
40012204,QAT,26.89,24.23,29.93,22
40012204,RUS,26.08,23.22,27.61,25
40012204,SGP,30.93,28.24,35.27,6
40012204,TUR,24.28,22.51,26.23,241
40012204,TWN,30.02,27.84,33.08,30
40012204,USA,35.21,31.28,36.61,12
40111001,CHN,167.93,66.46,182.76,8
40111001,DEU,267.1,123.61,299.92,60
40111001,IDN,166.48,77.55,182.52,9
40111001,ITA,244.93,231.3,257.47,6
40111001,JPN,253.01,115.62,286.84,140
40111001,KOR,229.99,210.2,252.08,10
40111001,MYS,175.01,76.95,192.79,48
40111001,PHL,149.19,77.24,194.25,13
40111001,POL,194.54,96.51,211.89,22
40111001,SAU,160.23,107.24,213.21,2
40111001,SGP,102.54,97.48,217.84,7
40111001,TUR,109.85,71.32,147.94,4
40111001,TWN,197.32,86.86,223.52,38
40111001,USA,226.75,100.26,253.82,37
40111002,ARE,43.12,43.12,43.12,1
40111002,BRA,62.99,62.99,62.99,1
40111002,CHN,59.93,54.99,65.15,42
40111002,DEU,92.76,87.84,96.04,9
40111002,FRA,79.68,76.03,83.33,2
40111002,IND,55.87,55.87,55.87,1
40111002,ITA,91.4,85.71,96.65,3
40111002,JPN,91.4,87.03,102.71,13
40111002,KOR,80.53,76.38,86.83,21
40111002,MYS,64.24,55.92,67.61,25
40111002,PAK,51.92,31.07,56.12,11
40111002,PHL,57.59,45.33,64.82,3
40111002,QAT,66.88,59.93,70.86,4
40111002,TUR,62.42,53.45,64.17,4
40111002,TWN,71.9,67.69,74.24,5
40111002,USA,86.03,83.8,88.25,2
40111003,ARE,52.42,52.42,52.42,1
40111003,BRA,46.43,34.4,51.13,5
40111003,CHN,42.21,39.4,46.97,6
40111003,DEU,67.96,61.21,73.55,157
40111003,FRA,45.4,38.58,52.23,2
40111003,IDN,44.99,40.53,49.42,9
40111003,IND,41.31,37.68,45.0,47
40111003,ITA,54.32,49.56,62.56,11
40111003,JPN,66.38,59.97,72.59,4
40111003,KOR,56.79,34.99,61.25,6
40111003,MYS,46.53,28.99,49.18,9
40111003,PAK,41.26,39.6,43.98,9
40111003,PHL,44.56,42.31,47.65,4
40111003,QAT,47.79,44.12,52.63,7
40111003,RUS,45.16,41.71,49.37,180
40111003,SAU,52.23,43.87,55.99,15
40111003,SGP,56.69,50.02,61.42,8
40111003,TUR,44.83,40.46,47.41,26
40111003,TWN,56.95,56.17,57.49,3
40111003,USA,59.99,55.97,64.7,42
40111004,ARE,59.24,54.68,64.42,78
40111004,BRA,60.66,56.62,63.28,14
40111004,CHN,52.16,47.44,55.46,6
40111004,DEU,77.25,70.35,87.23,25
40111004,FRA,68.04,67.88,68.2,2
40111004,IDN,54.03,50.04,59.12,99
40111004,IND,44.75,34.03,49.12,5
40111004,ITA,70.19,70.19,70.19,1
40111004,JPN,74.12,65.92,79.87,41
40111004,KOR,70.42,64.82,76.85,307
40111004,MYS,55.16,50.26,60.51,66
40111004,PAK,46.89,38.56,49.13,10
40111004,PHL,53.59,49.16,146.93,3
40111004,QAT,58.74,58.74,58.74,1
40111004,RUS,54.43,44.19,57.34,6
40111004,SAU,57.32,52.68,62.03,617
40111004,SGP,67.3,66.21,68.16,6
40111004,TUR,51.36,47.26,55.03,46
40111004,TWN,60.09,54.59,65.93,10
40111004,USA,74.69,74.69,74.69,1
40112001,CHN,67.93,62.99,69.05,3
40112001,DEU,97.98,97.98,97.98,1
40112001,IDN,66.24,59.23,70.83,10
40112001,IND,64.11,58.59,107.19,4
40112001,ITA,89.4,80.75,185.14,6
40112001,JPN,95.75,89.64,149.95,7
40112001,KOR,91.29,80.66,211.39,80
40112001,MYS,74.8,66.56,167.9,30
40112001,POL,83.19,81.54,84.84,2
40112001,RUS,71.21,64.68,166.14,52
40112001,SAU,77.95,75.96,177.15,6
40112001,TUR,68.93,63.38,152.03,36
40112001,TWN,84.65,75.38,190.76,39
40112001,USA,93.44,82.34,158.75,5
40112002,ARE,34.54,34.54,34.54,1
40112002,BRA,53.59,49.83,57.35,2
40112002,CHN,56.24,51.12,61.07,104
40112002,DEU,74.87,72.16,77.9,9
40112002,IDN,53.68,49.66,58.06,143
40112002,IND,49.99,45.14,54.86,40
40112002,JPN,79.36,68.79,90.29,14
40112002,KOR,72.68,69.6,74.86,12
40112002,MYS,54.32,47.41,64.41,9
40112002,NGA,57.31,57.3,63.66,3
40112002,PAK,49.55,24.22,52.66,9
40112002,PHL,51.25,50.63,51.87,2
40112002,QAT,57.4,53.19,61.08,4
40112002,SAU,66.9,61.25,69.73,10
40112002,TUR,50.28,36.32,50.96,4
40112002,TWN,62.3,59.53,66.91,24
40112003,ARE,44.85,40.71,48.97,11
40112003,BRA,43.49,43.49,43.49,1
40112003,CHN,38.1,32.16,42.22,17
40112003,DEU,61.52,59.21,66.48,6
40112003,FRA,53.3,53.3,53.3,1
40112003,IDN,41.75,41.01,42.49,2
40112003,IND,38.04,35.22,40.21,12
40112003,ITA,57.26,52.05,64.49,12
40112003,JPN,58.16,52.95,63.14,60
40112003,KOR,53.32,43.61,62.91,18
40112003,MYS,41.63,38.52,45.62,78
40112003,NGA,47.25,47.25,47.25,1
40112003,PAK,33.2,20.32,37.42,10
40112003,PHL,38.92,36.94,41.54,5
40112003,POL,45.67,42.32,49.95,68
40112003,QAT,45.7,42.51,53.23,6
40112003,RUS,39.05,39.05,39.05,1
40112003,SAU,49.95,49.95,49.95,1
40112003,SGP,52.4,48.2,56.15,46
40112003,TUR,38.2,22.39,40.08,6
40112003,TWN,48.24,47.38,50.49,4
40112003,USA,57.6,53.14,61.47,8
40112004,BRA,39.87,39.87,39.87,1
40112004,CHN,46.63,41.59,52.06,65
40112004,DEU,68.36,44.89,71.17,19
40112004,FRA,62.15,62.15,62.15,1
40112004,IDN,44.54,40.17,48.72,80
40112004,IND,46.67,38.48,49.71,7
40112004,ITA,72.33,61.32,76.65,12
40112004,JPN,64.64,59.25,72.46,71
40112004,KOR,63.28,58.79,66.38,18
40112004,MYS,49.7,45.46,57.43,20
40112004,PAK,39.63,25.2,42.75,7
40112004,PHL,47.93,46.92,49.08,4
40112004,POL,54.24,49.42,59.3,79
40112004,SAU,53.4,48.35,57.31,126
40112004,SGP,57.23,53.39,62.48,65
40112004,TUR,46.63,44.68,49.12,31
40112004,TWN,57.84,55.04,67.23,10
40112004,USA,65.72,65.69,65.75,2
40151901,ARE,235.11,198.28,271.25,18
40151901,CHN,202.57,185.27,466.42,58
40151901,IDN,208.82,202.7,402.96,3
40151901,IND,190.14,178.31,458.07,22
40151901,KOR,241.33,229.92,264.53,3
40151901,MYS,218.98,195.22,509.15,25
40151901,POL,262.65,222.65,567.21,5
40151901,QAT,240.9,215.87,556.31,16
40151901,RUS,344.19,199.48,479.44,6
40151901,SAU,375.48,249.23,533.01,4
40151901,TUR,200.02,180.72,454.68,26
40151901,TWN,418.01,252.53,633.6,6
40151901,USA,274.91,270.24,279.58,2
40151902,ARE,185.17,166.77,188.95,12
40151902,BRA,166.59,118.6,171.87,3
40151902,CHN,149.4,135.19,166.2,10
40151902,DEU,237.91,223.93,259.26,4
40151902,FRA,224.26,221.42,224.95,3
40151902,IDN,161.17,148.06,175.64,55
40151902,IND,145.46,130.91,163.61,31
40151902,ITA,195.19,187.01,219.69,10
40151902,JPN,226.65,173.4,237.41,26
40151902,KOR,206.67,187.22,242.75,75
40151902,MYS,175.6,156.76,190.56,11
40151902,PAK,138.2,84.69,149.75,9
40151902,PHL,157.52,97.69,158.63,3
40151902,POL,171.59,169.3,173.88,2
40151902,QAT,182.21,170.34,198.84,11
40151902,SAU,178.03,166.81,194.49,43
40151902,SGP,203.02,188.04,230.77,13
40151902,TUR,161.98,150.3,176.44,22
40151902,TWN,186.04,171.45,195.56,17
40151902,USA,234.83,228.16,242.15,4
40151903,ARE,132.48,132.48,132.48,1
40151903,BRA,75.01,75.01,75.01,1
40151903,CHN,117.18,107.64,127.95,29
40151903,DEU,183.98,171.38,201.77,16
40151903,IDN,122.84,106.08,137.63,32
40151903,IND,109.35,63.04,117.15,21
40151903,JPN,176.15,163.16,188.57,18
40151903,KOR,178.08,154.48,194.31,17
40151903,MYS,124.29,109.67,138.81,93
40151903,NGA,107.73,105.77,109.68,2
40151903,PAK,102.94,65.67,116.53,11
40151903,PHL,118.19,107.35,126.0,64
40151903,POL,136.18,129.04,147.61,43
40151903,QAT,137.8,135.5,140.1,2
40151903,RUS,122.36,107.61,133.41,24
40151903,SAU,134.99,128.07,147.14,21
40151903,SGP,157.75,145.24,170.26,10
40151903,TUR,111.12,103.45,120.54,12
40151903,TWN,140.95,114.2,154.56,13
40151903,USA,184.11,183.9,184.32,2
40151904,BRA,167.97,159.45,176.49,2
40151904,CHN,209.58,134.97,228.82,93
40151904,DEU,196.61,193.71,203.93,5
40151904,FRA,188.43,188.06,200.16,3
40151904,IDN,152.38,129.46,233.67,89
40151904,IND,124.06,114.57,143.74,36
40151904,ITA,190.5,175.19,210.28,32
40151904,JPN,202.58,169.44,220.8,14
40151904,KOR,172.27,146.15,197.25,18
40151904,MYS,149.1,125.51,161.04,21
40151904,PAK,121.79,74.08,128.36,11
40151904,PHL,114.88,87.88,141.88,2
40151904,RUS,144.38,132.98,153.49,48
40151904,SAU,156.23,144.97,180.0,9
40151904,SGP,172.31,154.72,190.26,27
40151904,TUR,142.94,128.83,146.55,5
40151904,TWN,162.15,130.63,180.17,7
40151904,USA,195.62,116.38,207.32,10
40169901,CHN,101.72,88.54,224.32,60
40169901,DEU,184.54,161.79,399.06,21
40169901,IDN,109.74,94.9,113.94,9
40169901,IND,101.13,90.67,224.08,129
40169901,JPN,141.63,129.17,188.41,9
40169901,KOR,127.85,114.63,281.89,65
40169901,MYS,106.58,95.52,239.68,389
40169901,RUS,101.04,91.52,227.88,267
40169901,SGP,320.98,147.28,332.78,9
40169901,TUR,101.36,90.52,225.22,9
40169901,TWN,122.33,117.4,236.81,4
40169901,USA,137.97,124.16,314.14,241
40169902,ARE,101.9,101.9,101.9,1
40169902,CHN,81.84,77.66,84.88,5
40169902,DEU,126.71,120.21,133.22,2
40169902,FRA,109.99,109.99,109.99,1
40169902,IDN,78.88,70.96,85.54,36
40169902,IND,73.73,57.78,79.21,27
40169902,ITA,91.86,91.86,91.86,1
40169902,JPN,116.13,99.0,125.91,17
40169902,KOR,107.75,99.06,119.07,45
40169902,MYS,84.5,77.15,94.64,21
40169902,PAK,68.92,68.2,72.77,5
40169902,PHL,73.82,72.19,82.68,5
40169902,POL,91.86,87.46,95.85,11
40169902,RUS,79.34,79.27,79.41,2
40169902,SAU,102.93,97.42,108.79,13
40169902,SGP,96.59,84.57,108.61,2
40169902,TUR,79.11,71.21,85.96,27
40169902,TWN,94.11,90.13,97.44,6
40169902,USA,115.17,104.52,124.87,22
40169903,ARE,77.55,68.81,83.22,10
40169903,BRA,37.84,37.84,37.84,1
40169903,CHN,60.76,53.7,68.21,15
40169903,DEU,87.3,47.54,100.05,6
40169903,FRA,76.66,76.66,76.66,1
40169903,IDN,60.36,52.43,62.39,9
40169903,IND,51.52,46.87,57.56,17
40169903,ITA,79.02,76.9,88.55,5
40169903,JPN,89.03,74.54,95.35,10
40169903,KOR,84.49,78.13,93.73,53
40169903,MYS,59.89,53.98,70.71,66
40169903,PAK,52.05,41.36,55.38,7
40169903,PHL,59.38,59.38,59.38,1
40169903,QAT,64.45,64.45,64.45,1
40169903,SAU,67.27,61.49,72.34,60
40169903,SGP,77.57,70.34,87.6,5
40169903,TUR,61.51,56.14,63.89,9
40169903,TWN,75.86,70.3,81.77,4
40169903,USA,87.83,68.13,94.3,6
40169904,ARE,79.5,75.18,86.13,19
40169904,BRA,69.91,50.66,72.49,3
40169904,CHN,70.66,58.48,77.8,26
40169904,DEU,114.52,98.84,124.73,21
40169904,IDN,68.98,68.6,73.73,3
40169904,IND,64.4,55.34,72.45,88
40169904,ITA,106.92,98.52,117.58,24
40169904,JPN,105.71,91.91,117.87,32
40169904,MYS,67.69,62.48,76.38,83
40169904,PAK,62.99,60.36,65.39,7
40169904,PHL,66.49,63.72,69.26,2
40169904,QAT,82.19,73.33,88.42,41
40169904,RUS,69.5,63.53,75.22,829
40169904,SAU,76.71,68.14,85.57,93
40169904,SGP,86.46,81.87,95.33,8
40169904,TUR,63.86,60.36,67.36,2
40169904,TWN,82.01,77.29,88.18,9
40169904,USA,94.16,86.05,102.53,294
52010001,AUS,50.94,48.32,55.48,5
52010001,BRA,47.7,42.75,50.94,11
52010001,CHN,104.09,97.08,119.76,25
52010001,IDN,44.01,40.55,45.48,30
52010001,IND,23.6,20.29,84.53,42
52010001,ITA,59.1,53.27,130.96,45
52010001,MYS,39.71,37.71,43.44,6
52010001,PAK,38.4,35.43,42.25,24
52010001,PHL,48.33,48.33,48.33,1
52010001,USA,62.44,57.09,69.55,25
52010002,AUS,41.35,41.35,41.35,1
52010002,CHN,29.65,26.79,31.54,22
52010002,IND,18.16,15.68,20.73,22
52010002,KOR,47.06,46.99,47.25,3
52010002,MYS,31.13,30.17,34.69,8
52010003,AUS,31.19,23.02,32.98,3
52010003,BRA,26.42,22.73,26.86,5
52010003,CHN,23.63,21.48,24.7,14
52010003,IND,13.39,12.19,15.57,31
52010003,ITA,34.07,31.73,37.35,12
52010003,MYS,22.88,22.63,24.56,9
52010003,PAK,24.13,24.13,24.13,1
52010003,TUR,24.79,23.55,26.19,14
52010003,USA,38.11,33.03,39.81,10
52010004,AUS,37.68,36.82,41.47,8
52010004,IDN,30.58,30.08,31.08,2
52010004,IND,15.95,13.9,17.88,41
52010004,MYS,27.81,24.64,29.48,6
52010004,USA,42.26,41.88,42.63,2
52051201,CHN,63.66,63.66,63.66,1
52051201,IDN,61.99,58.08,70.81,7
52051201,IND,37.58,35.11,43.77,38
52051201,PAK,61.21,61.21,61.21,1
52051201,TUR,71.63,70.24,73.6,3
52051202,AUS,69.33,66.67,73.11,12
52051202,CHN,56.71,53.92,62.07,4
52051202,IDN,52.17,49.5,57.43,8
52051202,IND,30.23,26.87,34.66,27
52051202,PHL,53.29,43.88,56.77,7
52051202,TUR,55.82,51.65,61.16,51
52051203,CHN,41.81,38.47,44.98,66
52051203,IDN,39.12,37.53,40.18,5
52051203,IND,22.29,20.41,25.04,27
52051203,PAK,41.26,39.29,43.22,2
52051203,TUR,40.43,40.43,40.43,1
52051204,CHN,43.92,39.9,48.62,255
52051204,IDN,49.19,45.28,54.16,26
52051204,IND,27.78,24.29,48.57,33
52051204,ITA,60.79,56.58,67.07,74
52051204,PAK,44.44,40.2,46.79,9
52051204,TUR,51.8,47.82,54.16,6
52081101,CHN,96.98,84.5,109.46,2
52081101,IDN,97.93,93.92,103.35,5
52081101,IND,56.01,51.69,61.71,25
52081102,IDN,76.56,75.55,79.06,6
52081102,IND,46.16,42.12,50.32,37
52081102,PAK,78.05,68.86,85.05,27
52081103,CHN,60.96,57.25,66.27,30
52081103,IDN,60.4,57.31,61.92,10
52081103,IND,34.59,29.71,56.91,31
52081103,MYS,63.19,61.33,67.35,6
52081103,PHL,65.67,60.96,71.22,5
52081103,TUR,62.66,57.7,65.99,14
52081104,CHN,87.3,87.3,87.3,1
52081104,IDN,74.71,68.97,78.98,15
52081104,IND,40.57,37.33,70.0,39
52081104,PAK,74.07,64.49,79.26,3
52081104,TUR,71.84,67.9,78.63,6
52085201,CHN,161.56,160.28,175.9,3
52085201,IDN,162.51,151.77,173.92,6
52085201,IND,91.1,82.81,148.41,38
52085201,MYS,186.14,174.76,201.51,10
52085201,PAK,150.39,150.39,150.39,1
52085201,TUR,141.19,141.19,141.19,1
52085202,AUS,172.35,171.57,177.31,3
52085202,CHN,107.42,78.1,121.3,3
52085202,IDN,123.57,121.29,146.12,11
52085202,IND,69.93,62.43,80.96,33
52085202,ITA,182.05,171.41,188.9,5
52085202,KOR,205.11,204.99,205.23,2
52085202,TUR,132.68,130.04,137.63,6
52085202,USA,187.73,187.73,187.73,1
52085203,BRA,104.85,95.47,113.3,106
52085203,CHN,98.26,92.52,106.85,55
52085203,IDN,92.16,85.54,97.22,9
52085203,IND,53.09,48.54,57.02,24
52085203,PAK,96.42,96.42,96.42,1
52085204,AUS,161.7,161.7,161.7,1
52085204,BRA,122.9,118.55,128.04,7
52085204,CHN,104.47,95.52,114.58,2936
52085204,IDN,105.18,94.81,117.58,15
52085204,IND,63.16,56.62,127.43,42
52085204,ITA,142.18,130.09,159.83,954
52085204,KOR,162.63,150.89,167.52,5
52085204,MYS,107.3,100.17,164.22,3
52085204,PAK,96.48,87.96,103.98,15
52085204,PHL,99.59,98.5,100.68,2
52085204,TUR,111.78,101.97,121.06,12
52103101,CHN,146.09,135.43,154.48,15
52103101,IDN,137.61,137.61,137.61,1
52103101,IND,73.12,66.18,82.59,30
52103101,MYS,134.34,125.46,143.23,2
52103101,PAK,117.91,114.38,125.71,3
52103101,TUR,130.15,127.25,133.06,2
52103102,CHN,106.65,103.01,115.69,12
52103102,IDN,109.04,99.21,117.26,30
52103102,IND,58.93,54.31,100.3,31
52103102,ITA,176.35,156.51,188.03,8
52103102,KOR,143.16,143.16,143.16,1
52103102,MYS,103.14,95.22,112.9,18
52103102,PAK,101.76,97.28,109.98,8
52103102,TUR,104.53,78.78,118.19,11
52103102,USA,153.65,136.56,157.02,7
52103103,IND,43.05,38.11,47.92,34
52103103,ITA,118.43,107.64,133.6,9
52103103,KOR,118.63,99.69,123.54,3
52103103,MYS,78.8,75.94,89.74,6
52103103,PAK,73.07,67.0,79.11,10
52103104,CHN,99.26,99.26,99.26,1
52103104,IND,54.78,46.69,88.16,23
52103104,ITA,149.31,122.74,156.24,9
52103104,KOR,127.08,117.25,143.95,119
52103104,MYS,94.68,84.72,105.76,33
52103104,PAK,91.97,84.97,100.24,75
52103104,TUR,96.2,88.72,105.41,77
61046201,AUS,774.54,460.44,1175.94,14
61046201,BRA,441.32,372.24,936.12,25
61046201,CHN,353.32,313.03,773.2,108
61046201,IDN,412.08,371.45,860.02,20
61046201,ITA,557.4,492.97,1173.53,7
61046201,KOR,475.31,475.31,475.31,1
61046201,MYS,367.71,367.71,367.71,1
61046201,PAK,327.42,317.36,855.65,5
61046201,PHL,380.77,365.45,453.78,15
61046201,TUR,385.2,385.2,385.2,1
61046202,BRA,337.99,311.42,365.73,49
61046202,CHN,288.82,264.92,314.49,64
61046202,IDN,302.49,271.39,331.73,111
61046202,IND,159.88,139.44,177.06,30
61046202,ITA,423.8,380.36,486.56,69
61046202,MYS,304.31,297.42,333.57,8
61046202,PAK,273.67,251.68,298.97,81
61046202,PHL,295.49,289.02,301.97,2
61046202,TUR,294.55,262.1,322.11,71
61046203,AUS,301.81,289.07,332.56,8
61046203,BRA,256.06,232.2,280.01,4
61046203,CHN,208.23,194.86,243.37,62
61046203,IDN,208.16,153.16,232.8,6
61046203,IND,120.1,104.22,131.04,30
61046203,ITA,335.15,260.77,373.12,34
61046203,KOR,300.8,285.53,322.78,10
61046203,MYS,233.77,226.65,238.34,4
61046203,PAK,207.95,191.2,231.53,21
61046203,PHL,225.91,209.18,244.31,31
61046203,SGP,270.2,250.96,289.29,11
61046203,TUR,219.35,205.36,250.03,47
61046204,AUS,359.81,359.81,359.81,1
61046204,CHN,230.3,213.94,267.91,44
61046204,IDN,254.4,251.54,277.47,3
61046204,IND,143.92,127.64,210.71,29
61046204,ITA,408.38,398.44,418.32,2
61046204,JPN,398.74,360.67,420.49,11
61046204,MYS,260.76,244.46,276.9,20
61046204,PAK,252.95,245.4,270.79,4
61046204,TUR,252.47,240.74,276.01,23
61091001,CHN,325.35,281.26,331.12,3
61091001,IDN,298.32,291.78,553.44,4
61091001,KOR,742.01,491.49,992.53,2
61091001,MYS,372.48,372.48,372.48,1
61091001,PAK,294.46,270.52,514.08,6
61091001,TUR,294.31,275.78,316.89,3
61091001,USA,433.13,418.92,447.33,2
61091002,AUS,337.88,321.73,354.19,4
61091002,BRA,249.09,241.38,256.81,2
61091002,CHN,238.72,162.18,263.12,44
61091002,IDN,256.68,189.38,276.59,68
61091002,IND,139.11,122.91,224.69,34
61091002,ITA,353.2,331.82,371.88,5
61091002,KOR,330.9,330.9,330.9,1
61091002,MYS,239.63,218.14,257.59,54
61091002,PAK,223.97,155.91,246.21,62
61091002,PHL,228.63,222.9,259.82,3
61091002,TUR,237.24,211.65,258.21,142
61091002,USA,326.86,326.86,326.86,1
61091003,IDN,176.46,166.43,194.13,14
61091003,IND,94.66,87.32,102.21,25
61091003,ITA,264.47,257.54,284.08,4
61091003,JPN,281.41,281.41,281.41,1
61091003,KOR,259.67,233.45,273.41,7
61091003,MYS,186.59,166.88,204.57,7
61091003,PAK,173.51,138.5,187.03,6
61091003,SGP,235.52,212.25,264.41,27
61091003,TUR,190.17,182.74,209.42,4
61091003,TWN,230.76,218.13,252.5,8
61091003,USA,250.06,246.86,265.47,4
61091004,CHN,221.61,200.89,244.76,85
61091004,IDN,231.55,214.87,252.07,110
61091004,IND,194.1,105.8,229.58,46
61091004,ITA,307.67,271.06,351.07,16
61091004,MYS,195.99,181.94,207.74,4
61091004,PAK,207.52,190.62,225.0,88
61091004,PHL,213.65,185.3,224.89,7
61091004,TUR,208.94,195.78,221.88,91
61091004,TWN,262.05,262.05,262.05,1
61091004,USA,335.21,335.21,335.21,1
61102001,AUS,501.47,455.97,1130.8,18
61102001,BRA,383.09,383.09,383.09,1
61102001,CHN,369.66,326.69,852.6,250
61102001,IDN,430.55,366.79,916.35,24
61102001,IND,364.71,347.45,365.26,3
61102001,ITA,516.75,453.76,1155.34,70
61102001,JPN,599.2,599.2,599.2,1
61102001,KOR,550.56,488.1,1222.97,23
61102001,MYS,394.95,367.44,943.55,17
61102001,PAK,784.36,270.05,896.22,7
61102001,PHL,370.16,342.59,566.93,5
61102001,TUR,418.93,377.36,950.44,452
61102001,TWN,540.94,509.87,1127.03,5
61102002,BRA,338.96,338.96,338.96,1
61102002,CHN,314.78,266.66,341.14,9
61102002,DEU,511.82,481.97,540.14,19
61102002,IDN,329.68,296.54,360.84,156
61102002,IND,170.54,155.01,186.73,29
61102002,ITA,487.79,440.84,532.02,114
61102002,KOR,441.78,441.78,441.78,1
61102002,MYS,362.68,330.88,380.23,4
61102002,PAK,303.34,294.52,315.99,5
61102002,PHL,288.9,282.53,306.32,3
61102002,TUR,306.72,285.98,331.23,108
61102003,CHN,244.5,221.68,266.0,13
61102003,IDN,251.92,222.1,278.71,147
61102003,IND,134.25,114.1,217.06,31
61102003,ITA,365.83,330.97,393.59,33
61102003,JPN,340.34,279.23,365.88,6
61102003,KOR,335.56,295.9,338.61,3
61102003,MYS,228.54,217.84,231.33,3
61102003,PAK,217.64,187.88,223.11,21
61102003,PHL,262.97,262.97,262.97,1
61102003,SGP,183.04,183.04,183.04,1
61102003,TUR,229.84,226.32,255.55,6
61102003,USA,394.92,394.92,394.92,1
61102004,BRA,329.87,329.87,329.87,1
61102004,CHN,269.0,242.46,291.94,45
61102004,DEU,416.62,416.62,416.62,1
61102004,FRA,401.46,401.46,401.46,1
61102004,IDN,271.33,252.23,298.59,20
61102004,IND,151.72,127.25,266.3,32
61102004,ITA,415.29,354.04,460.27,64
61102004,JPN,404.04,396.08,412.0,2
61102004,KOR,373.85,345.01,403.09,52
61102004,MYS,275.12,249.78,305.43,55
61102004,PAK,260.08,235.7,272.89,12
61102004,TUR,285.22,256.42,322.22,9
61102004,USA,375.21,375.21,375.21,1
61103001,AUS,706.9,460.29,1008.33,4
61103001,BRA,646.45,457.33,835.58,2
61103001,CHN,316.76,282.17,768.76,15
61103001,FRA,1094.45,1076.75,1112.15,2
61103001,IDN,356.53,337.07,783.1,13
61103001,IND,306.74,306.74,306.74,1
61103001,ITA,1108.16,1033.52,1182.81,2
61103001,JPN,532.14,456.25,1176.15,14
61103001,KOR,502.26,437.69,537.65,5
61103001,MYS,338.81,325.79,363.39,6
61103001,PAK,319.23,291.74,697.09,56
61103001,PHL,360.67,320.56,607.0,5
61103001,TUR,348.38,319.39,763.58,24
61103001,TWN,390.21,364.1,455.81,10
61103001,USA,1155.93,1155.93,1155.93,1
61103002,ARE,319.28,318.52,320.05,2
61103002,BRA,278.2,259.96,310.13,25
61103002,CHN,238.73,217.14,267.21,126
61103002,DEU,412.34,342.32,419.48,5
61103002,IDN,270.68,241.16,298.04,86
61103002,IND,140.87,126.08,154.79,35
61103002,ITA,326.25,294.04,355.2,47
61103002,KOR,394.19,332.52,412.99,21
61103002,PAK,243.8,228.62,261.07,18
61103002,TUR,260.08,236.39,282.79,78
61103003,AUS,260.37,250.19,289.08,17
61103003,BRA,223.45,214.48,229.31,6
61103003,CHN,195.61,170.32,217.08,72
61103003,IDN,212.53,183.56,232.72,59
61103003,IND,114.03,97.83,176.51,32
61103003,ITA,271.28,252.9,316.74,12
61103003,KOR,270.16,259.79,292.24,8
61103003,PAK,183.6,169.03,195.63,29
61103003,TUR,191.27,182.73,213.6,29
61103003,TWN,231.51,219.62,249.83,10
61103003,USA,308.07,287.85,332.33,29
61103004,AUS,342.01,342.01,342.01,1
61103004,CHN,225.72,204.92,261.06,23
61103004,DEU,366.99,339.57,399.13,78
61103004,IDN,223.13,217.23,244.67,10
61103004,IND,129.13,107.15,137.51,32
61103004,ITA,361.55,314.64,393.8,39
61103004,KOR,315.96,296.88,319.73,10
61103004,MYS,219.11,177.36,246.35,5
61103004,PAK,204.16,189.28,218.89,6
61103004,SGP,263.32,263.32,263.32,1
61103004,TUR,223.18,210.25,240.6,55
61103004,TWN,260.92,259.69,262.14,2
61103004,USA,329.11,311.71,346.51,2
61112001,AUS,493.52,493.52,493.52,1
61112001,CHN,333.68,297.56,743.99,317
61112001,IDN,371.74,323.54,827.24,34
61112001,IND,315.87,315.87,315.87,1
61112001,ITA,447.47,396.73,1029.89,132
61112001,JPN,797.15,797.15,797.15,1
61112001,KOR,484.39,468.95,499.83,2
61112001,MYS,366.84,324.05,369.53,3
61112001,PAK,339.48,305.74,651.57,13
61112001,PHL,360.64,347.9,381.58,6
61112001,TUR,348.98,327.59,735.16,20
61112002,AUS,364.11,332.62,391.84,16
61112002,BRA,298.44,286.76,321.79,5
61112002,CHN,272.15,257.38,296.42,10
61112002,IDN,278.76,254.74,310.81,126
61112002,IND,151.78,139.25,165.69,29
61112002,ITA,439.1,416.93,466.64,11
61112002,KOR,401.24,376.33,436.53,31
61112002,MYS,275.48,259.13,312.23,11
61112002,PAK,242.48,242.41,253.73,3
61112002,PHL,277.56,277.56,277.56,1
61112002,SGP,355.13,355.13,355.13,1
61112002,TUR,276.09,256.31,296.33,24
61112002,USA,388.02,348.0,417.21,13
61112003,CHN,214.7,194.76,233.05,27
61112003,IDN,220.78,196.26,244.98,76
61112003,IND,112.59,99.44,187.74,29
61112003,ITA,322.38,273.33,347.65,21
61112003,KOR,284.46,266.62,304.43,9
61112003,PAK,198.56,180.86,217.29,28
61112003,PHL,171.58,171.58,171.58,1
61112003,SGP,274.9,248.38,284.26,12
61112003,TUR,210.96,191.59,226.84,40
61112003,TWN,239.96,228.5,251.42,2
61112004,AUS,311.55,295.55,324.3,14
61112004,BRA,260.52,243.6,275.94,21
61112004,CHN,228.62,205.3,296.4,89
61112004,IDN,264.76,232.82,293.51,38
61112004,IND,174.25,125.63,265.0,60
61112004,ITA,369.5,342.41,655.1,7
61112004,JPN,326.69,326.69,326.69,1
61112004,MYS,228.96,228.96,228.96,1
61112004,PAK,229.7,200.69,257.78,48
61112004,PHL,323.1,323.1,323.1,1
61112004,SGP,319.58,293.18,329.49,4
61112004,TUR,246.11,222.32,266.64,82
61112004,TWN,282.75,282.75,282.75,1
61112004,USA,371.5,368.03,445.52,3
64022001,ARE,124.15,124.15,124.15,1
64022001,BRA,185.21,118.25,289.17,12
64022001,CHN,106.49,106.49,106.49,1
64022001,IDN,110.0,106.99,195.55,5
64022001,JPN,181.79,160.8,402.35,39
64022001,KOR,157.19,149.95,309.5,3
64022001,MYS,108.09,108.09,108.09,1
64022001,PAK,103.32,99.38,231.11,15
64022001,TUR,110.84,101.05,247.18,10
64022001,TWN,122.13,122.13,122.13,1
64022002,AUS,113.81,106.82,115.96,3
64022002,BRA,97.55,94.24,101.63,5
64022002,CHN,88.71,82.93,93.66,18
64022002,IND,47.73,44.13,53.44,23
64022002,MYS,85.53,78.28,91.4,22
64022002,PHL,82.75,78.73,85.42,8
64022002,POL,107.11,90.5,116.24,6
64022002,TUR,87.98,87.98,87.98,1
64022003,BRA,72.69,70.03,80.61,10
64022003,CHN,64.0,61.45,70.88,6
64022003,IDN,67.66,64.68,69.45,5
64022003,IND,35.9,32.38,58.04,23
64022003,ITA,102.54,102.54,102.54,1
64022003,KOR,76.86,76.86,76.86,1
64022003,MYS,61.82,45.7,65.53,4
64022003,PAK,57.99,55.2,63.83,4
64022003,POL,73.99,73.99,73.99,1
64022003,TUR,64.44,64.44,64.44,1
64022004,BRA,82.06,77.41,84.71,13
64022004,CHN,82.72,68.48,92.07,21
64022004,IND,41.12,37.78,64.92,38
64022004,ITA,117.31,107.57,125.65,65
64022004,KOR,106.38,100.47,116.04,20
64022004,MYS,81.8,74.19,89.33,168
64022004,POL,91.33,89.5,95.18,3
64022004,SGP,102.0,101.38,102.62,2
64022004,TUR,76.64,71.27,76.73,4
64022004,USA,108.67,105.06,112.85,4
64029901,AUS,328.49,298.02,762.25,20
64029901,CHN,242.57,211.13,548.85,57
64029901,IDN,213.55,206.45,234.6,3
64029901,ITA,366.28,364.06,692.87,4
64029901,MYS,280.42,252.1,633.24,13
64029901,PAK,238.94,209.82,531.96,19
64029901,PHL,500.27,319.1,578.7,3
64029901,TUR,246.16,226.68,586.85,20
64029901,USA,372.5,372.5,372.5,1
64029902,AUS,256.43,232.89,263.29,3
64029902,CHN,185.73,167.75,202.02,79
64029902,IDN,190.69,179.26,209.22,29
64029902,IND,105.22,90.9,177.02,30
64029902,ITA,286.43,246.81,299.52,29
64029902,JPN,273.32,248.34,299.98,87
64029902,KOR,267.53,248.02,283.77,44
64029902,MYS,202.16,185.06,222.47,117
64029902,PAK,185.44,171.21,193.01,31
64029902,TUR,188.7,178.71,207.63,64
64029902,USA,258.39,243.47,273.79,24
64029903,CHN,134.99,117.66,148.89,28
64029903,DEU,228.65,218.83,252.66,6
64029903,IDN,146.46,133.66,159.12,14
64029903,IND,79.34,64.58,127.69,27
64029903,ITA,192.16,170.5,210.01,24
64029903,JPN,217.9,201.26,223.2,5
64029903,KOR,184.46,174.38,192.38,3
64029903,MYS,134.78,127.66,148.24,13
64029903,PAK,131.17,126.97,142.58,4
64029903,PHL,145.71,145.11,153.61,3
64029903,TUR,140.72,132.07,151.19,8
64029903,USA,214.76,210.86,228.95,5
64029904,CHN,157.15,143.2,170.75,12
64029904,DEU,247.44,225.17,269.7,7
64029904,IDN,175.39,157.81,187.38,37
64029904,IND,94.04,80.83,140.76,23
64029904,ITA,249.35,241.9,251.95,4
64029904,KOR,226.46,207.0,244.03,6
64029904,MYS,163.57,150.72,184.01,16
64029904,PAK,159.26,144.61,176.93,84
64029904,TUR,161.61,150.38,173.02,13
64029904,TWN,184.56,184.56,184.56,1
64039901,AUS,991.44,938.5,2293.33,9
64039901,BRA,780.85,718.78,1765.75,75
64039901,CHN,700.88,646.73,1655.48,28
64039901,IDN,663.23,658.74,748.58,3
64039901,ITA,1033.22,941.11,2252.78,44
64039901,JPN,1030.33,925.66,2367.19,255
64039901,MYS,1866.8,1866.8,1866.8,1
64039901,SAU,873.14,873.14,873.14,1
64039901,USA,1072.69,962.37,2458.89,43
64039902,ARE,640.02,554.05,709.58,10
64039902,CHN,859.75,780.52,936.56,78
64039902,FRA,858.88,812.65,903.32,7
64039902,IDN,841.12,518.32,923.5,48
64039902,IND,304.97,266.05,333.73,24
64039902,ITA,859.82,786.1,905.25,12
64039902,MYS,610.45,607.75,632.77,3
64039902,PAK,530.2,511.02,569.35,3
64039902,PHL,598.57,530.08,666.07,66
64039902,POL,598.17,581.33,615.01,2
64039902,TUR,504.84,485.91,523.77,2
64039902,TWN,625.32,609.46,684.79,5
64039902,USA,774.3,724.32,934.56,19
64039903,ARE,475.5,464.79,498.51,4
64039903,CHN,433.94,403.28,467.03,4
64039903,DEU,583.53,542.52,653.92,126
64039903,IDN,403.8,377.88,425.35,4
64039903,IND,226.34,209.57,254.27,25
64039903,ITA,592.99,559.33,646.82,10
64039903,KOR,507.5,507.5,507.5,1
64039903,PHL,426.28,390.62,466.61,15
64039903,TUR,385.87,379.72,408.26,3
64039903,TWN,528.88,528.88,528.88,1
64039904,BRA,594.86,594.86,594.86,1
64039904,CHN,552.22,498.54,576.13,3
64039904,IDN,475.49,421.39,513.64,17
64039904,IND,267.19,226.5,294.6,30
64039904,ITA,663.65,621.9,739.65,9
64039904,PAK,450.7,416.12,459.47,6
64039904,PHL,511.95,462.66,556.04,11
64039904,POL,589.36,559.39,660.74,29
64039904,SAU,512.79,509.82,533.19,3
64039904,TUR,473.47,454.51,529.2,10
64041101,CHN,568.01,547.4,1213.1,4
64041101,IDN,614.71,563.1,1428.31,73
64041101,JPN,942.57,856.96,1888.9,18
64041101,KOR,891.21,827.86,1869.78,22
64041101,MYS,636.74,581.73,1469.83,16
64041101,PAK,524.55,524.55,524.55,1
64041101,PHL,661.63,629.66,1276.46,4
64041101,SAU,819.07,819.07,819.07,1
64041101,TUR,649.7,584.68,1467.97,200
64041102,BRA,552.33,516.28,589.54,4
64041102,CHN,435.12,395.43,461.14,4
64041102,IDN,473.31,451.38,525.43,10
64041102,IND,266.65,247.22,436.42,30
64041102,ITA,752.26,647.78,827.03,37
64041102,KOR,749.72,721.13,776.05,5
64041102,MYS,494.28,490.45,539.91,3
64041102,PAK,470.42,432.91,490.73,17
64041102,PHL,521.99,521.31,522.67,2
64041102,POL,590.72,448.26,648.96,6
64041102,SGP,577.77,577.77,577.77,1
64041102,TUR,484.35,451.59,512.99,29
64041102,TWN,615.55,596.77,634.34,2
64041102,USA,701.92,701.92,701.92,1
64041103,CHN,374.4,335.64,403.83,19
64041103,IDN,370.64,336.65,403.65,26
64041103,IND,202.97,176.52,339.86,34
64041103,ITA,471.74,447.21,541.5,6
64041103,KOR,544.2,473.64,581.04,7
64041103,PAK,332.73,304.19,371.01,9
64041103,PHL,377.47,348.96,384.18,3
64041103,POL,428.78,411.56,455.33,8
64041103,TUR,369.37,343.79,401.68,51
64041103,TWN,422.36,414.05,430.68,2
64041103,USA,535.08,535.08,535.08,1
64041104,ARE,476.2,450.84,497.82,5
64041104,CHN,394.44,343.57,439.55,3
64041104,FRA,575.94,575.94,575.94,1
64041104,IDN,415.73,319.29,451.61,13
64041104,IND,235.0,209.31,368.25,40
64041104,ITA,525.52,494.33,599.15,37
64041104,JPN,607.93,607.93,607.93,1
64041104,KOR,600.01,568.19,631.83,2
64041104,MYS,457.98,432.77,483.23,4
64041104,PAK,373.11,373.11,373.11,1
64041104,PHL,400.96,380.92,464.12,9
64041104,POL,520.87,485.37,568.51,9
64041104,TUR,401.45,384.85,450.51,9
64061001,CHN,457.02,410.0,1030.83,61
64061001,IDN,456.94,417.86,1077.03,45
64061001,IND,698.78,411.58,1039.31,6
64061001,ITA,666.4,578.97,1078.5,7
64061001,MYS,496.49,476.82,1080.47,4
64061001,PAK,430.35,387.72,962.8,28
64061001,PHL,390.96,379.36,402.55,2
64061001,POL,539.01,495.95,1162.87,49
64061001,SAU,507.22,459.62,1190.71,45
64061001,SGP,586.65,526.59,1336.61,98
64061001,TUR,497.13,417.6,1049.18,32
64061002,CHN,346.25,317.65,398.62,45
64061002,DEU,470.16,470.16,470.16,1
64061002,IDN,335.3,316.84,361.13,8
64061002,IND,186.42,175.56,209.16,27
64061002,ITA,549.88,493.55,575.95,49
64061002,KOR,497.69,446.37,521.64,13
64061002,MYS,379.23,349.83,406.67,82
64061002,PAK,292.89,291.32,317.68,3
64061002,PHL,324.94,233.01,356.77,3
64061002,POL,416.99,399.32,445.13,10
64061002,SAU,408.55,327.65,410.29,3
64061002,TUR,357.84,316.48,368.96,7
64061002,TWN,407.54,396.43,418.65,2
64061003,ARE,313.68,310.27,353.65,3
64061003,BRA,279.07,279.07,279.07,1
64061003,CHN,236.36,221.32,263.8,68
64061003,IDN,243.22,230.39,258.3,8
64061003,IND,138.97,124.29,167.65,30
64061003,ITA,341.42,306.32,403.23,34
64061003,MYS,275.75,252.48,297.2,94
64061003,PHL,308.8,308.8,308.8,1
64061003,POL,301.18,293.03,309.33,2
64061003,SAU,326.03,326.03,326.03,1
64061003,TUR,254.31,247.21,268.06,4
64061003,USA,360.99,331.16,403.01,36
64061004,CHN,336.35,297.56,647.85,5
64061004,IDN,310.16,281.19,337.06,39
64061004,IND,164.4,147.4,395.9,54
64061004,ITA,466.49,461.78,471.19,2
64061004,JPN,422.25,388.36,456.09,63
64061004,KOR,464.08,454.4,476.19,4
64061004,MYS,164.64,164.64,164.64,1
64061004,PAK,284.69,217.5,323.9,13
64061004,POL,352.91,322.65,371.15,33
72083901,ARE,18.82,16.62,20.23,15
72083901,CHN,13.04,11.14,15.65,14
72083901,DEU,21.19,18.88,23.37,18
72083901,IDN,15.06,12.79,16.99,84
72083901,IND,12.81,11.44,14.47,58
72083901,JPN,20.5,18.58,24.0,26
72083901,KOR,20.2,18.08,22.77,31
72083901,MYS,14.03,12.6,15.7,28
72083901,POL,15.85,13.28,17.68,19
72083901,RUS,13.03,13.03,13.03,1
72083901,SAU,17.54,16.99,18.08,2
72083901,TUR,14.37,12.37,15.97,72
72083901,TWN,16.79,14.97,18.59,15
72083901,USA,21.02,17.35,23.74,26
72083902,CHN,10.98,10.5,11.47,2
72083902,IDN,12.25,11.71,12.74,5
72083902,IND,9.98,7.9,11.93,10
72083902,JPN,19.99,19.99,19.99,1
72083902,KOR,14.94,14.47,15.97,4
72083902,MYS,11.91,10.17,12.96,27
72083902,POL,12.62,10.67,14.5,91
72083902,RUS,11.42,10.83,12.57,4
72083902,SAU,12.61,11.16,14.47,8
72083902,TUR,11.21,9.32,12.59,30
72083902,TWN,13.67,12.3,14.98,4
72083902,USA,16.21,16.21,16.21,1
72083903,CHN,8.81,7.47,10.35,82
72083903,DEU,12.86,12.45,14.22,13
72083903,IDN,8.76,7.87,10.2,64
72083903,IND,8.12,7.34,9.28,53
72083903,JPN,11.2,10.52,13.72,25
72083903,KOR,9.42,8.61,10.24,2
72083903,MYS,9.14,7.66,9.72,11
72083903,RUS,8.61,8.25,9.15,3
72083903,SGP,9.95,9.46,11.69,5
72083903,TUR,8.76,8.29,9.9,4
72083903,TWN,9.91,8.65,11.24,109
72083903,USA,12.89,11.32,14.56,15
72083904,ARE,12.93,11.76,14.57,9
72083904,CHN,10.35,9.05,11.62,126
72083904,DEU,14.96,13.24,15.83,11
72083904,IDN,9.99,8.73,11.53,73
72083904,IND,8.78,7.94,10.44,34
72083904,JPN,14.57,13.94,15.68,13
72083904,KOR,14.05,11.29,16.28,39
72083904,MYS,11.14,8.8,12.78,7
72083904,POL,11.28,9.82,12.89,92
72083904,RUS,9.71,8.14,11.5,43
72083904,SAU,10.4,8.84,12.76,7
72083904,TUR,9.6,8.5,10.91,179
72083904,TWN,11.5,10.14,13.08,68
72083904,USA,14.58,12.88,16.73,21
72104901,ARE,22.36,22.36,22.36,1
72104901,CHN,18.38,16.36,20.9,52
72104901,IDN,19.71,16.96,20.47,20
72104901,IND,17.93,15.3,19.97,70
72104901,ITA,27.48,26.85,29.88,4
72104901,JPN,28.17,25.24,32.92,44
72104901,KOR,24.73,23.03,28.76,41
72104901,MYS,22.1,22.1,22.1,1
72104901,POL,19.29,17.58,23.89,10
72104901,RUS,18.47,17.21,19.42,6
72104901,SAU,22.2,16.65,23.9,6
72104901,TUR,18.74,16.06,21.12,42
72104901,TWN,22.84,19.72,25.76,41
72104901,USA,25.92,22.67,28.11,36
72104902,CHN,15.87,15.07,16.67,2
72104902,DEU,21.55,19.02,25.41,18
72104902,IDN,14.72,13.86,16.65,13
72104902,IND,13.18,12.13,14.92,27
72104902,JPN,20.03,18.02,23.84,20
72104902,KOR,19.06,16.96,21.78,34
72104902,MYS,18.81,16.53,21.1,2
72104902,RUS,12.68,12.27,13.46,4
72104902,SGP,19.67,19.0,20.33,2
72104902,TUR,14.42,12.78,16.21,19
72104902,TWN,16.37,15.7,18.66,8
72104902,USA,21.95,19.62,24.39,19
72104903,ARE,14.08,13.83,16.15,3
72104903,CHN,10.05,8.91,12.28,20
72104903,DEU,16.08,16.08,16.08,1
72104903,IDN,10.88,10.05,12.64,31
72104903,IND,10.49,9.2,11.69,163
72104903,ITA,17.7,15.25,18.68,7
72104903,JPN,16.63,14.76,18.1,17
72104903,KOR,15.07,13.11,16.58,39
72104903,MYS,11.52,9.87,13.43,58
72104903,POL,12.56,11.23,14.48,65
72104903,RUS,11.97,11.97,11.97,1
72104903,TUR,10.56,10.03,11.47,23
72104903,TWN,13.37,12.39,15.1,20
72104903,USA,17.27,17.01,17.54,2
72104904,CHN,12.08,11.23,13.82,15
72104904,IDN,13.18,11.45,14.35,16
72104904,IND,10.46,9.83,12.51,11
72104904,JPN,20.39,20.2,20.58,2
72104904,KOR,17.02,15.83,18.2,2
72104904,MYS,12.23,11.04,14.28,74
72104904,POL,14.6,13.08,15.85,15
72104904,RUS,13.04,13.04,13.04,1
72104904,TWN,14.64,13.08,16.2,2
72104904,USA,19.44,16.8,20.73,30
72139101,CHN,13.05,11.54,13.43,5
72139101,DEU,20.34,20.34,20.34,1
72139101,IDN,14.9,11.14,16.3,11
72139101,IND,12.99,11.02,14.53,18
72139101,JPN,24.33,22.61,24.99,3
72139101,KOR,17.66,15.94,19.96,25
72139101,MYS,14.41,12.4,16.31,28
72139101,POL,17.3,16.6,18.0,2
72139101,RUS,13.89,12.95,15.71,26
72139101,SGP,18.5,18.5,18.5,1
72139101,TUR,13.76,11.9,15.08,6
72139101,TWN,15.57,15.23,17.41,3
72139101,USA,18.86,17.19,19.14,3
72139102,ARE,12.71,11.41,14.79,4
72139102,CHN,10.54,9.99,11.85,4
72139102,DEU,16.31,13.73,19.07,26
72139102,IDN,11.96,11.04,13.63,11
72139102,IND,10.54,8.94,11.52,15
72139102,KOR,15.68,15.68,15.68,1
72139102,MYS,11.86,10.51,13.42,46
72139102,POL,12.09,11.04,13.3,4
72139102,SAU,12.64,10.84,14.06,73
72139102,TUR,10.48,9.23,12.5,22
72139102,TWN,13.48,12.31,14.36,4
72139102,USA,15.59,15.59,15.59,1
72139103,ARE,11.57,11.57,11.57,1
72139103,CHN,7.4,6.91,7.69,10
72139103,DEU,12.95,11.05,14.42,43
72139103,IDN,8.61,7.7,8.93,9
72139103,IND,7.76,6.91,8.76,63
72139103,JPN,12.38,11.0,13.79,24
72139103,KOR,11.7,10.22,13.41,27
72139103,MYS,8.63,7.23,10.73,39
72139103,POL,9.5,8.34,10.79,19
72139103,RUS,7.57,6.71,9.46,3
72139103,SAU,8.19,8.19,8.19,1
72139103,TUR,8.01,6.89,8.98,26
72139103,TWN,9.24,8.1,10.82,115
72139103,USA,12.95,11.4,13.75,9
72139104,CHN,9.71,8.69,10.49,49
72139104,DEU,15.27,14.27,16.69,5
72139104,IDN,9.1,7.8,10.58,57
72139104,IND,8.76,7.74,10.15,11
72139104,JPN,11.64,11.24,12.04,2
72139104,KOR,12.86,11.36,14.35,145
72139104,MYS,9.32,8.62,11.68,14
72139104,POL,11.62,10.13,12.19,3
72139104,RUS,7.94,7.94,7.94,1
72139104,SAU,9.91,9.84,10.14,3
72139104,SGP,12.51,11.72,15.26,11
72139104,TUR,9.39,8.98,10.68,9
72139104,TWN,11.61,10.29,13.38,40
72139104,USA,13.87,13.87,13.87,1
72142001,CHN,12.46,11.46,14.72,61
72142001,IDN,12.77,11.34,14.79,54
72142001,IND,11.97,10.3,13.65,28
72142001,JPN,19.44,17.14,21.93,16
72142001,KOR,17.31,15.18,18.59,13
72142001,MYS,13.96,12.3,16.11,165
72142001,RUS,12.67,11.55,14.44,4
72142001,SAU,15.07,13.74,16.63,32
72142001,TUR,13.32,12.08,14.22,20
72142001,TWN,16.42,14.63,18.42,33
72142002,CHN,10.69,10.33,11.34,3
72142002,DEU,16.75,14.53,18.05,20
72142002,IND,9.95,8.81,11.7,24
72142002,ITA,10.84,10.84,10.84,1
72142002,JPN,16.09,14.34,18.06,30
72142002,KOR,13.53,12.84,16.55,14
72142002,MYS,10.3,8.99,11.78,57
72142002,POL,11.75,10.71,13.44,27
72142002,RUS,10.75,9.42,11.79,51
72142002,SAU,10.45,10.15,10.74,2
72142002,TUR,10.19,9.14,11.75,29
72142002,TWN,12.3,11.09,13.75,16
72142002,USA,15.94,13.39,18.25,81
72142003,ARE,8.43,8.38,8.49,2
72142003,CHN,8.91,6.46,10.55,7
72142003,DEU,11.39,10.62,12.43,11
72142003,IDN,8.59,7.27,9.45,38
72142003,IND,7.25,6.36,8.57,89
72142003,ITA,12.55,12.0,13.14,4
72142003,JPN,11.03,9.68,12.11,16
72142003,KOR,10.46,8.99,11.65,44
72142003,MYS,8.45,7.61,9.92,23
72142003,POL,8.4,8.4,8.4,1
72142003,RUS,7.86,6.83,9.19,24
72142003,SAU,8.75,8.69,8.8,2
72142003,TUR,7.71,7.03,8.55,17
72142003,TWN,8.98,7.74,10.47,35
72142004,CHN,8.84,8.11,10.09,20
72142004,DEU,13.91,12.39,15.93,14
72142004,IDN,9.35,8.24,10.85,13
72142004,IND,7.76,7.23,9.11,34
72142004,JPN,13.7,12.08,15.5,67
72142004,KOR,12.71,10.5,14.63,40
72142004,MYS,9.9,8.68,10.89,74
72142004,POL,10.23,9.32,11.28,3
72142004,RUS,9.53,7.78,10.39,8
72142004,SGP,10.51,9.43,12.22,4
72142004,TUR,9.15,8.02,10.38,169
72142004,TWN,11.18,9.27,12.54,48
72142004,USA,14.33,12.6,16.28,23
72193301,CHN,59.56,50.85,68.57,128
72193301,DEU,97.79,83.39,104.22,8
72193301,IDN,63.18,56.01,73.02,199
72193301,IND,56.93,49.85,64.58,277
72193301,ITA,85.91,75.35,100.18,13
72193301,JPN,87.06,81.15,96.53,12
72193301,KOR,81.49,71.2,92.58,37
72193301,MYS,62.03,54.99,69.94,56
72193301,POL,70.21,61.74,78.97,69
72193301,SAU,63.89,57.48,70.3,2
72193301,TUR,59.74,51.75,69.04,142
72193301,TWN,72.96,63.88,78.11,12
72193301,USA,84.99,74.58,99.85,78
72193302,CHN,47.48,39.24,54.25,30
72193302,DEU,73.62,65.77,79.76,19
72193302,IDN,51.44,44.57,57.18,44
72193302,IND,43.49,36.69,52.18,49
72193302,JPN,66.15,61.1,70.91,4
72193302,KOR,62.36,56.68,72.6,67
72193302,MYS,49.71,43.23,58.52,49
72193302,POL,60.36,53.93,61.55,3
72193302,SAU,53.59,48.43,59.66,15
72193302,SGP,63.14,59.78,66.5,2
72193302,TUR,46.6,43.89,52.74,23
72193302,TWN,55.94,48.16,61.52,26
72193303,CHN,36.94,31.45,42.28,69
72193303,DEU,60.14,50.44,68.05,36
72193303,IDN,38.97,32.04,42.53,30
72193303,IND,32.79,28.83,39.4,33
72193303,JPN,56.67,49.44,63.4,119
72193303,KOR,54.01,47.11,62.22,90
72193303,MYS,39.67,33.48,45.49,93
72193303,RUS,32.84,30.91,38.88,7
72193303,SAU,40.55,35.56,45.92,167
72193303,TUR,38.24,37.18,41.94,3
72193303,TWN,43.13,37.54,50.09,155
72193303,USA,50.79,45.56,55.18,6
72193304,ARE,58.7,52.64,64.76,2
72193304,CHN,43.1,37.8,48.14,88
72193304,DEU,64.41,55.06,71.8,11
72193304,IDN,43.8,36.78,50.9,54
72193304,IND,38.19,33.71,42.45,52
72193304,JPN,64.64,56.89,71.99,53
72193304,KOR,54.89,47.09,61.98,65
72193304,MYS,43.42,40.6,47.45,13
72193304,POL,39.77,38.7,47.07,3
72193304,RUS,44.37,39.14,47.57,12
72193304,SAU,46.7,40.28,53.71,115
72193304,TUR,40.42,35.63,45.24,40
72193304,TWN,52.68,46.8,58.76,197
72193304,USA,57.4,50.1,66.44,69
84151001,CHN,220.47,186.52,468.95,19
84151001,DEU,301.77,232.74,553.44,5
84151001,IDN,197.29,185.78,496.02,5
84151001,IND,208.48,172.22,420.79,23
84151001,JPN,318.8,272.57,663.04,10
84151001,KOR,222.5,222.5,222.5,1
84151001,MYS,202.04,175.11,404.69,3
84151001,TUR,181.44,177.51,360.86,3
84151001,TWN,263.66,237.52,551.44,9
84151001,USA,276.28,276.28,276.28,1
84151002,CHN,154.71,139.15,176.1,103
84151002,DEU,248.82,215.87,288.34,78
84151002,IDN,157.21,142.1,170.6,72
84151002,IND,153.39,138.07,168.74,249
84151002,JPN,206.68,195.27,228.5,19
84151002,KOR,207.01,207.01,207.01,1
84151002,MYS,149.08,135.5,172.16,57
84151002,TWN,211.08,180.3,217.65,5
84151002,USA,233.26,233.26,233.26,1
84151003,CHN,110.03,96.06,121.99,64
84151003,DEU,179.17,159.76,210.27,24
84151003,IDN,117.82,117.82,117.82,1
84151003,IND,108.79,100.31,120.35,42
84151003,JPN,166.8,150.12,193.51,84
84151003,KOR,169.92,159.97,179.88,2
84151003,MYS,130.64,112.0,134.99,4
84151003,RUS,115.65,109.03,121.42,3
84151003,TUR,118.53,105.21,130.13,38
84151003,TWN,137.8,128.77,147.64,34
84151004,CHN,142.82,142.82,142.82,1
84151004,DEU,209.07,190.67,213.79,3
84151004,IDN,146.63,146.63,146.63,1
84151004,IND,114.45,112.28,131.7,3
84151004,ITA,205.07,205.07,205.07,1
84151004,JPN,218.13,218.13,218.13,1
84151004,KOR,181.49,161.82,207.1,519
84151004,MYS,144.78,135.45,157.37,44
84151004,RUS,176.12,176.12,176.12,1
84151004,TUR,129.39,129.39,129.39,1
84151004,TWN,163.36,148.14,175.98,49
84182101,CHN,140.35,127.72,303.84,9
84182101,IDN,135.11,125.69,197.26,7
84182101,IND,128.42,119.3,168.15,9
84182101,JPN,235.25,198.9,462.11,10
84182101,KOR,194.97,194.97,194.97,1
84182101,RUS,142.13,122.71,323.64,9
84182101,SGP,162.39,145.08,359.0,18
84182101,TUR,126.6,120.92,285.43,9
84182101,TWN,170.83,143.58,402.39,37
84182101,USA,187.29,170.07,193.18,3
84182102,DEU,153.77,150.92,178.17,5
84182102,IDN,107.06,94.78,116.32,20
84182102,JPN,154.94,135.69,174.18,2
84182102,RUS,102.37,96.77,112.71,4
84182102,TUR,102.4,97.87,107.84,4
84182103,CHN,76.64,67.89,81.78,10
84182103,DEU,132.04,132.04,132.04,1
84182103,IND,64.94,64.94,64.94,1
84182103,JPN,123.24,111.03,133.77,9
84182103,KOR,103.11,89.79,108.47,6
84182103,MYS,83.16,78.56,85.72,4
84182103,TUR,74.44,57.76,81.43,4
84182103,TWN,111.85,104.37,116.43,5
84182103,USA,111.4,102.48,121.45,17
84182104,CHN,95.96,84.1,106.38,24
84182104,IDN,91.3,82.11,103.53,5
84182104,IND,88.7,80.97,99.31,5
84182104,JPN,133.26,130.31,149.15,7
84182104,KOR,134.23,117.43,154.29,7
84182104,MYS,87.78,79.71,98.37,13
84182104,RUS,92.6,89.52,110.94,4
84182104,TUR,90.32,89.61,91.04,2
84182104,TWN,117.95,103.19,126.93,17
84314901,CHN,260.0,223.67,540.76,3
84314901,IDN,556.34,482.38,625.36,10
84314901,IND,387.03,275.54,498.53,2
84314901,JPN,817.89,469.71,899.36,4
84314901,KOR,702.87,313.71,824.85,38
84314901,MYS,669.17,669.17,669.17,1
84314901,TUR,432.92,301.86,563.98,2
84314901,TWN,485.48,308.43,662.52,2
84314901,USA,739.8,319.07,812.02,29
84314902,CHE,317.51,298.35,362.44,31
84314902,CHN,187.03,171.79,216.99,5
84314902,DEU,309.68,301.41,319.01,11
84314902,IND,194.95,181.21,215.79,10
84314902,JPN,294.05,258.38,315.0,25
84314902,KOR,252.7,227.04,279.95,17
84314902,TWN,222.99,217.33,226.19,3
84314902,USA,269.56,248.07,297.7,19
84314903,DEU,220.85,204.16,252.83,25
84314903,IDN,137.78,134.54,151.71,6
84314903,JPN,217.58,196.7,239.51,60
84314903,KOR,213.2,213.2,213.2,1
84314903,MYS,142.03,127.1,165.3,16
84314903,TUR,142.69,134.4,156.76,69
84314903,TWN,182.52,162.29,189.79,12
84314903,USA,188.48,171.36,200.53,4
84314904,CHN,182.63,180.47,193.14,3
84314904,DEU,257.14,245.06,282.54,3
84314904,IND,151.12,151.12,151.12,1
84314904,JPN,263.06,234.36,282.5,11
84314904,KOR,217.34,207.38,235.13,23
84314904,MYS,181.62,162.03,195.3,18
84314904,TUR,171.61,146.58,202.2,21
84314904,TWN,210.72,186.13,227.19,23
84314904,USA,226.45,212.49,266.56,32
84501101,CHN,280.04,280.04,280.04,1
84501101,DEU,214.97,173.59,222.1,5
84501101,IND,122.65,108.28,274.36,10
84501101,JPN,365.0,234.28,372.51,4
84501101,KOR,161.68,145.97,354.56,8
84501101,RUS,204.48,126.26,283.09,4
84501101,SGP,165.26,144.71,356.31,22
84501101,TUR,118.91,112.38,286.53,12
84501101,TWN,153.45,141.02,285.26,3
84501101,USA,176.84,162.65,302.47,5
84501102,CHN,91.56,85.7,97.63,16
84501102,DEU,138.53,132.08,165.65,9
84501102,IDN,93.94,85.11,104.46,103
84501102,IND,85.42,78.66,94.18,12
84501102,JPN,130.02,119.57,146.06,30
84501102,KOR,115.62,108.09,127.39,31
84501102,MYS,93.84,85.3,102.24,12
84501102,SGP,121.78,113.96,129.87,5
84501102,TUR,98.83,87.97,106.3,4
84501102,TWN,115.67,107.36,122.91,18
84501102,USA,134.68,134.29,135.06,2
84501103,CHN,64.25,59.63,69.53,4
84501103,DEU,110.27,97.31,121.19,12
84501103,IDN,75.73,68.6,82.85,2
84501103,IND,69.61,64.86,74.01,9
84501103,JPN,107.79,98.1,117.91,38
84501103,KOR,96.42,85.81,108.33,26
84501103,MYS,76.4,66.47,85.64,15
84501103,TUR,70.8,62.53,77.22,135
84501103,TWN,80.68,72.25,86.86,31
84501103,USA,100.13,91.79,109.1,62
84501104,CHN,82.17,71.91,90.3,9
84501104,DEU,124.06,115.7,132.43,2
84501104,IDN,84.73,75.12,99.45,22
84501104,IND,78.53,67.59,84.53,32
84501104,JPN,125.07,114.59,139.44,22
84501104,KOR,105.77,100.3,128.74,7
84501104,MYS,94.1,86.66,103.2,42
84501104,RUS,81.95,77.43,84.74,3
84501104,TUR,77.63,72.25,84.97,14
84501104,TWN,99.77,90.15,112.01,80
84501104,USA,107.98,102.7,114.33,6
84713001,CHE,6427.12,5388.76,8694.99,9
84713001,CHN,4043.76,4043.76,4043.76,1
84713001,DEU,2574.63,169.4,5742.95,4
84713001,IDN,4032.69,3072.78,8353.52,15
84713001,IND,3344.2,2962.82,7494.02,52
84713001,JPN,5588.79,4277.16,12870.27,10
84713001,KOR,5187.34,4520.58,5807.15,11
84713001,MYS,4256.06,3797.21,9476.14,22
84713001,SGP,8496.26,4782.9,12030.49,6
84713001,TUR,3711.79,3305.22,7571.36,10
84713001,TWN,4673.15,4092.18,10826.68,13
84713001,USA,5382.46,4641.61,12365.75,29
84713002,CHN,2695.5,2521.0,2954.4,6
84713002,DEU,4573.21,4094.15,4779.86,6
84713002,IDN,2867.09,2694.73,3142.03,10
84713002,JPN,4219.66,3970.34,4827.31,27
84713002,KOR,4243.7,3767.79,5092.7,3
84713002,MYS,2994.84,2673.77,3362.57,104
84713002,RUS,3175.96,3175.96,3175.96,1
84713002,TUR,2839.91,2542.32,3191.82,75
84713002,TWN,3448.74,3317.72,3976.87,22
84713002,USA,4116.09,3899.76,4306.39,8
84713003,CHN,2124.88,1936.71,2366.23,52
84713003,DEU,3214.25,3126.35,3298.24,4
84713003,IDN,2195.86,2005.75,2397.04,20
84713003,IND,2043.56,1887.92,2257.87,9
84713003,JPN,3356.37,3322.56,3454.95,4
84713003,KOR,3130.62,3035.41,3415.07,3
84713003,MYS,2564.31,2299.75,2828.87,2
84713003,RUS,2412.41,2154.8,2472.49,4
84713003,TUR,2234.96,2051.02,2459.7,18
84713003,TWN,2812.43,2612.26,3139.98,6
84713003,USA,3161.53,2711.69,3374.14,9
84713004,CHN,2779.76,2779.76,2779.76,1
84713004,DEU,4158.03,3318.5,4347.31,3
84713004,IDN,2696.58,2641.82,2764.76,5
84713004,IND,2571.29,2528.95,2604.54,3
84713004,JPN,3784.39,3416.81,4314.09,35
84713004,KOR,3382.38,3291.68,3506.97,3
84713004,MYS,2850.02,2421.67,3201.5,85
84713004,RUS,2513.72,2292.23,2715.17,35
84713004,TUR,2547.71,2194.55,2711.02,41
84713004,TWN,2979.79,2770.84,3403.72,10
84713004,USA,3837.51,3365.01,4265.75,40
85076001,CHN,1059.0,479.55,1277.77,34
85076001,DEU,1673.4,1673.4,1673.4,1
85076001,IDN,1066.97,544.84,1295.95,15
85076001,IND,999.12,447.73,1133.08,93
85076001,ITA,1509.85,727.1,1817.96,11
85076001,JPN,1452.33,609.45,1749.68,57
85076001,KOR,1526.01,669.62,1584.91,10
85076001,MYS,1110.89,663.01,1278.29,6
85076001,PHL,946.11,647.31,1066.76,5
85076001,SGP,1269.77,598.26,1510.93,6
85076001,TUR,996.7,492.76,1176.52,14
85076001,TWN,1382.02,917.03,1471.42,21
85076001,USA,959.37,639.21,1538.39,12
85076002,BRA,377.92,370.56,388.04,4
85076002,CHN,352.03,310.95,389.83,55
85076002,DEU,578.6,537.93,667.51,5
85076002,IDN,356.22,332.84,404.43,9
85076002,IND,348.76,300.81,382.39,73
85076002,JPN,564.6,539.51,655.8,16
85076002,KOR,534.47,521.99,575.12,3
85076002,MYS,423.45,336.45,448.23,6
85076002,POL,399.9,399.9,399.9,1
85076002,RUS,459.86,411.83,460.51,3
85076002,SGP,466.06,446.88,485.59,5
85076002,TUR,384.67,349.2,433.4,19
85076002,TWN,481.68,443.73,519.1,3
85076002,USA,536.26,458.75,609.91,9
85076003,CHE,450.66,418.74,504.87,7
85076003,CHN,234.44,234.44,234.44,1
85076003,DEU,394.44,394.44,394.44,1
85076003,IDN,300.25,268.51,337.85,66
85076003,IND,267.1,238.8,297.62,13
85076003,ITA,359.98,313.82,396.26,32
85076003,JPN,431.86,372.12,478.66,68
85076003,KOR,385.44,340.09,432.79,9
85076003,MYS,304.83,304.83,304.83,1
85076003,POL,338.9,287.4,400.39,10
85076003,TUR,267.49,267.02,267.96,2
85076003,TWN,351.96,307.7,402.3,31
85076003,USA,456.09,368.1,467.19,7
85076004,BRA,402.74,392.71,412.77,2
85076004,CHN,341.81,297.18,369.06,35
85076004,DEU,493.9,440.44,543.22,16
85076004,GBR,481.93,481.93,481.93,1
85076004,IDN,335.73,296.84,376.68,61
85076004,IND,305.3,276.15,324.57,35
85076004,ITA,519.98,519.98,519.98,1
85076004,JPN,494.49,446.52,575.54,16
85076004,KOR,514.64,441.76,529.23,4
85076004,MYS,347.41,316.9,382.61,13
85076004,PHL,296.54,266.35,320.99,6
85076004,SAU,355.11,233.33,436.59,8
85076004,SGP,226.8,226.8,226.8,1
85076004,TUR,343.53,310.82,375.18,14
85076004,TWN,393.76,349.7,455.75,8
85171301,ARE,14122.63,6187.06,16816.91,54
85171301,BRA,14923.73,6970.15,17926.77,13
85171301,CHE,21741.9,9797.83,24975.24,41
85171301,CHN,12076.47,6805.96,15114.84,702
85171301,DEU,19428.49,8758.84,23356.91,437
85171301,FRA,18625.78,8067.69,21659.68,27
85171301,GBR,16236.28,8721.52,19047.48,12
85171301,IDN,12786.81,5685.57,15156.76,838
85171301,IND,12286.62,5366.06,14244.18,431
85171301,ITA,17603.92,8385.11,22694.0,226
85171301,JPN,19209.18,8577.78,22636.71,1258
85171301,KOR,17161.49,7578.03,20506.74,502
85171301,MYS,12787.53,5562.7,15317.06,611
85171301,PAK,4596.18,4596.18,4596.18,1
85171301,PHL,12666.96,5595.17,15072.38,118
85171301,POL,14020.92,6700.15,16900.98,23
85171301,RUS,12976.21,5756.36,15449.91,141
85171301,SAU,11221.32,6266.22,17676.57,8
85171301,SGP,16118.7,7170.73,18698.55,360
85171301,TUR,12702.79,5598.99,15011.03,443
85171301,TWN,15340.4,6793.46,17984.8,574
85171301,USA,18207.7,8193.67,22264.73,733
85171302,ARE,5452.11,4927.67,5823.81,19
85171302,BRA,4988.4,4371.25,5577.08,92
85171302,CHE,8184.08,7366.76,9190.89,30
85171302,CHN,4720.01,4033.99,5445.89,448
85171302,DEU,7052.4,6207.39,8059.81,227
85171302,FRA,7004.21,6152.16,7714.77,27
85171302,GBR,6100.81,5383.84,7077.88,15
85171302,IDN,4774.8,4158.03,5443.14,931
85171302,IND,4411.08,3842.99,5035.91,903
85171302,ITA,7064.2,6047.88,7895.0,100
85171302,JPN,7073.26,6013.41,8007.98,499
85171302,KOR,6333.32,5539.51,7177.39,272
85171302,MYS,4909.02,4295.14,5674.75,550
85171302,PAK,3980.56,3521.19,4845.81,14
85171302,PHL,4506.28,3966.69,5167.3,92
85171302,POL,5810.26,5028.76,6283.34,71
85171302,RUS,4795.31,4254.18,5485.09,179
85171302,SAU,5326.04,4589.37,6105.92,222
85171302,SGP,5890.75,5124.85,6749.84,634
85171302,TUR,4601.15,4031.34,5242.77,405
85171302,TWN,5684.58,4983.1,6419.23,955
85171302,USA,6692.91,5771.01,7769.43,612
85171303,ARE,4314.62,3463.22,5114.76,12
85171303,BRA,3923.43,3389.16,4400.64,49
85171303,CHE,5802.91,5146.45,6499.92,98
85171303,CHN,3837.41,3332.21,4950.76,810
85171303,DEU,5528.57,4766.7,6223.23,209
85171303,FRA,5316.8,4811.88,5832.76,42
85171303,GBR,4427.57,4117.7,5201.82,13
85171303,IDN,3536.2,3039.45,4165.69,459
85171303,IND,3334.3,2945.25,3782.03,463
85171303,ITA,4877.94,4031.43,5804.34,403
85171303,JPN,5104.53,4424.62,5859.07,760
85171303,KOR,4804.3,4159.68,5513.89,653
85171303,MYS,3687.76,3151.25,4249.07,637
85171303,PAK,2989.39,2680.72,3622.63,13
85171303,PHL,3336.48,2893.88,3793.31,110
85171303,POL,4315.3,3838.51,4907.7,136
85171303,RUS,3612.3,3147.93,4087.61,230
85171303,SAU,3934.46,3506.22,4537.65,22
85171303,SGP,4497.63,3887.9,5101.09,156
85171303,TUR,3504.59,3043.44,3950.65,513
85171303,TWN,4213.59,3705.84,4773.22,1015
85171303,USA,5126.67,4352.98,5958.15,343
85171304,ARE,4583.11,3932.52,5253.33,52
85171304,BEL,5457.12,5184.37,5922.43,6
85171304,BRA,4563.94,3989.38,5223.36,57
85171304,CHE,7164.13,6457.18,8002.89,104
85171304,CHN,4176.14,3511.92,4782.73,595
85171304,DEU,6643.38,5593.18,7772.93,801
85171304,FRA,5574.19,5302.85,6628.75,27
85171304,GBR,6058.06,6058.06,6058.06,1
85171304,IDN,4144.22,3605.7,4774.93,1112
85171304,IND,3914.07,3456.2,4520.61,430
85171304,ITA,5777.06,4716.05,6896.75,235
85171304,JPN,6142.94,5236.3,7019.39,814
85171304,KOR,5555.77,4742.08,6618.9,280
85171304,MYS,4287.86,3698.22,4906.0,531
85171304,PAK,4108.49,2983.18,4388.45,13
85171304,PHL,3830.97,3311.18,4457.6,195
85171304,POL,4983.79,4591.79,5624.47,22
85171304,RUS,4400.78,3788.55,4941.69,60
85171304,SAU,4634.78,4061.96,5412.9,199
85171304,SGP,5230.76,4592.11,5978.63,883
85171304,TUR,4091.25,3557.87,4657.08,550
85171304,TWN,4911.26,4325.61,5636.9,1168
85171304,USA,6031.65,5105.77,6997.93,756
85171401,CHE,2004.39,1827.63,4023.63,3
85171401,CHN,1273.12,1221.72,1324.53,2
85171401,DEU,2071.77,1794.1,4545.11,20
85171401,FRA,3543.23,1952.55,4232.94,6
85171401,IDN,1184.3,972.55,2723.31,36
85171401,IND,1213.86,1121.07,1418.42,7
85171401,ITA,1571.86,1255.32,3612.02,12
85171401,JPN,1986.33,1629.18,4880.3,14
85171401,KOR,1660.69,1490.01,3961.03,27
85171401,MYS,1266.22,1164.37,2941.31,17
85171401,PHL,1457.83,1318.54,2263.43,3
85171401,SGP,1513.93,1513.93,1513.93,1
85171401,TUR,1246.13,1145.05,2341.95,4
85171401,TWN,1662.38,1412.58,3537.0,58
85171401,USA,1836.01,1568.28,4127.2,5
85171402,CHN,961.57,871.28,1030.1,10
85171402,DEU,1329.46,1309.29,1451.04,3
85171402,IDN,952.3,805.91,1087.7,24
85171402,IND,893.38,759.21,964.11,40
85171402,ITA,1489.64,1109.89,1637.92,6
85171402,JPN,1517.63,1320.33,1652.19,79
85171402,KOR,1297.65,1228.71,1443.47,9
85171402,MYS,935.57,935.57,935.57,1
85171402,PHL,881.75,822.03,927.87,11
85171402,TWN,1187.74,1045.53,1339.53,82
85171403,BRA,721.29,610.75,839.21,13
85171403,CHE,1150.45,1080.18,1220.72,2
85171403,CHN,699.11,568.5,796.18,13
85171403,DEU,1103.54,993.16,1250.7,67
85171403,IDN,749.35,688.22,862.37,21
85171403,IND,654.97,572.45,735.71,89
85171403,ITA,1090.89,913.29,1152.87,3
85171403,JPN,1035.8,958.14,1041.39,3
85171403,KOR,925.18,795.27,1017.75,46
85171403,MYS,731.63,676.22,816.26,23
85171403,PAK,597.92,567.48,628.36,2
85171403,PHL,605.55,587.33,623.78,2
85171403,SAU,788.11,680.51,868.27,26
85171403,TUR,680.66,656.96,752.4,10
85171403,TWN,824.18,703.35,941.3,78
85171403,USA,910.02,891.27,928.78,2
85171404,BRA,736.92,736.92,736.92,1
85171404,CHN,876.41,782.25,995.47,24
85171404,DEU,1322.42,1168.45,1453.31,6
85171404,GBR,1121.66,990.43,1252.89,2
85171404,IDN,809.12,721.61,960.78,74
85171404,IND,789.16,689.06,940.42,16
85171404,ITA,1132.65,1116.51,1148.8,2
85171404,JPN,1293.24,1124.95,1672.64,7
85171404,KOR,1096.72,992.73,1251.4,33
85171404,MYS,807.5,714.42,937.93,71
85171404,RUS,828.75,812.51,828.78,3
85171404,TUR,805.86,725.39,867.53,16
85171404,TWN,1018.81,914.74,1112.77,22
85171404,USA,1245.66,1115.68,1497.15,25
85395201,CHE,1094.08,989.27,1097.15,5
85395201,CHN,317.31,295.72,612.74,3
85395201,DEU,755.87,429.51,1082.24,2
85395201,GBR,430.63,373.78,834.6,3
85395201,IDN,578.68,265.54,690.79,33
85395201,IND,528.75,233.77,631.28,151
85395201,ITA,1052.71,1038.93,1114.21,4
85395201,JPN,866.98,440.62,982.83,9
85395201,KOR,830.23,383.31,1002.31,28
85395201,MYS,614.96,289.98,674.28,7
85395201,POL,632.73,399.73,777.19,3
85395201,SAU,776.12,742.22,810.02,2
85395201,SGP,753.06,377.81,920.77,24
85395201,TUR,671.65,577.92,687.38,3
85395201,USA,879.01,390.97,1005.54,40
85395202,CHN,216.44,172.41,240.5,10
85395202,DEU,352.23,334.17,364.03,7
85395202,IDN,224.92,210.0,250.39,14
85395202,IND,194.85,185.55,235.15,6
85395202,JPN,336.84,309.7,366.86,26
85395202,KOR,294.33,265.12,322.65,36
85395202,MYS,235.91,210.96,259.87,39
85395202,POL,281.9,281.9,281.9,1
85395202,SAU,209.19,161.72,256.67,2
85395202,TWN,260.32,253.46,267.17,2
85395202,USA,326.47,289.05,359.1,15
85395203,BEL,234.4,206.57,264.35,434
85395203,CHE,276.44,255.84,325.72,15
85395203,CHN,163.32,142.86,181.22,5
85395203,DEU,251.71,227.38,281.26,33
85395203,GBR,233.97,208.81,267.83,117
85395203,IDN,148.31,134.55,168.5,18
85395203,IND,143.93,128.43,157.87,23
85395203,ITA,213.76,198.32,226.93,3
85395203,JPN,266.62,239.37,283.43,14
85395203,KOR,233.5,216.72,250.28,2
85395203,MYS,168.96,157.29,203.9,13
85395203,SGP,203.81,176.93,231.35,150
85395203,TUR,153.61,153.61,153.61,1
85395203,TWN,169.03,169.03,169.03,1
85395203,USA,218.35,216.17,220.11,3
85395204,CHN,176.62,175.2,178.04,2
85395204,DEU,324.78,282.1,335.22,3
85395204,GBR,263.68,263.68,263.68,1
85395204,IDN,200.31,167.8,214.38,5
85395204,IND,214.28,165.74,600.2,18
85395204,ITA,242.29,224.03,840.29,3
85395204,JPN,307.26,250.0,315.77,7
85395204,KOR,292.83,256.4,501.51,8
85395204,MYS,205.58,171.8,228.94,47
85395204,POL,208.32,208.32,208.32,1
85395204,SGP,211.43,211.43,211.43,1
85395204,TUR,196.91,165.08,210.61,28
85395204,TWN,224.32,204.77,261.89,12
85395204,USA,311.42,300.68,347.4,10
85414301,ARE,211.57,211.57,211.57,1
85414301,CHE,146.5,121.27,318.08,6
85414301,CHN,82.74,43.68,113.77,48
85414301,DEU,123.61,113.84,320.38,13
85414301,GBR,102.69,92.75,256.16,8
85414301,IDN,75.3,66.27,131.58,14
85414301,IND,82.45,68.68,175.31,15
85414301,ITA,116.03,108.02,236.65,3
85414301,JPN,124.43,103.2,257.18,9
85414301,KOR,104.91,101.08,114.72,4
85414301,MYS,90.6,82.01,222.03,7
85414301,PHL,74.36,68.34,159.2,5
85414301,SGP,106.02,89.75,228.38,19
85414301,TUR,78.47,73.31,83.63,2
85414301,TWN,101.97,88.61,233.17,43
85414301,USA,110.26,96.89,244.62,27
85414302,BEL,87.4,78.29,99.85,318
85414302,CHN,60.25,53.8,67.94,24
85414302,DEU,87.36,80.05,94.79,8
85414302,GBR,88.4,78.94,100.57,73
85414302,IDN,62.84,55.5,72.8,50
85414302,IND,54.14,44.28,58.5,28
85414302,JPN,92.36,82.06,102.76,32
85414302,KOR,82.04,77.45,88.37,5
85414302,MYS,65.9,60.16,71.95,13
85414302,PHL,57.79,53.14,62.43,2
85414302,RUS,61.93,58.29,69.04,7
85414302,SGP,75.4,66.62,85.44,121
85414302,TUR,58.34,55.33,65.16,7
85414302,TWN,76.64,64.85,85.7,39
85414302,USA,86.75,76.33,96.6,15
85414303,BEL,68.4,60.93,70.04,5
85414303,BRA,50.1,47.73,59.12,9
85414303,CHE,79.3,70.73,84.23,13
85414303,CHN,52.41,47.2,53.89,6
85414303,DEU,73.28,69.86,76.71,2
85414303,FRA,62.0,62.0,62.0,1
85414303,IDN,48.48,39.37,51.52,10
85414303,IND,43.34,41.18,45.38,5
85414303,JPN,76.29,67.44,79.51,11
85414303,KOR,63.34,53.16,68.54,10
85414303,MYS,53.38,47.69,59.07,2
85414303,PAK,43.4,43.4,43.4,1
85414303,PHL,42.39,42.39,42.39,1
85414303,SGP,63.1,63.1,63.1,1
85414303,TUR,47.68,39.21,54.31,8
85414303,TWN,51.73,50.64,51.8,3
85414303,USA,62.28,62.28,62.28,1
85414304,BEL,75.17,75.17,75.17,1
85414304,CHN,57.78,49.22,61.91,7
85414304,DEU,81.77,81.13,82.41,2
85414304,FRA,76.11,73.89,82.38,4
85414304,IDN,57.72,51.14,64.78,13
85414304,IND,47.57,47.57,47.57,1
85414304,ITA,72.15,70.1,84.19,3
85414304,JPN,76.24,72.44,84.94,13
85414304,KOR,73.03,68.87,82.62,6
85414304,MYS,65.21,56.67,73.22,9
85414304,PHL,43.99,42.7,45.53,3
85414304,SGP,72.5,68.66,79.37,7
85414304,TUR,56.65,55.46,58.2,4
85414304,TWN,63.96,59.99,72.82,20
85414304,USA,80.82,75.96,87.94,6
87032301,IDN,252.99,235.89,567.49,3
87032301,IND,251.24,207.13,526.13,9
87032301,JPN,761.66,761.66,761.66,1
87032301,KOR,318.24,280.17,721.57,46
87032301,MYS,234.81,215.98,565.02,5
87032301,TUR,239.55,212.1,527.91,62
87032301,TWN,289.92,262.35,647.41,53
87032302,CHN,177.79,138.79,188.79,10
87032302,DEU,304.47,264.62,320.91,33
87032302,IDN,203.52,200.48,206.56,2
87032302,IND,181.0,177.17,184.83,2
87032302,JPN,277.88,248.45,298.72,31
87032302,KOR,252.82,226.73,283.39,12
87032302,MYS,183.94,167.62,197.34,36
87032302,RUS,179.45,171.92,198.02,14
87032302,TUR,179.36,167.49,189.48,12
87032302,TWN,215.74,202.04,235.32,5
87032302,USA,245.3,236.82,253.78,2
87032303,DEU,209.12,190.23,231.51,51
87032303,IDN,145.24,145.24,145.24,1
87032303,JPN,185.55,185.55,185.55,1
87032303,KOR,191.83,185.25,215.06,6
87032303,MYS,150.18,137.87,155.25,3
87032303,TUR,145.71,139.97,151.46,2
87032303,TWN,173.24,126.26,190.88,25
87032304,CHN,154.33,151.44,171.91,11
87032304,DEU,243.3,233.54,271.34,6
87032304,IDN,149.81,142.8,350.98,6
87032304,JPN,240.96,214.64,265.75,38
87032304,KOR,215.65,197.49,315.43,16
87032304,MYS,184.73,160.35,200.27,50
87032304,TUR,160.03,141.26,185.77,8
87032304,TWN,193.01,178.42,209.04,243
87032304,USA,213.84,198.94,232.7,42
87087001,CHN,131.17,118.76,287.57,48
87087001,DEU,211.87,197.4,472.46,8
87087001,IDN,156.32,132.15,303.48,7
87087001,IND,130.96,121.78,283.66,18
87087001,JPN,318.01,198.08,480.58,10
87087001,KOR,189.19,164.04,440.18,430
87087001,MYS,158.2,143.96,348.47,20
87087001,RUS,318.11,188.8,330.74,4
87087001,TUR,133.72,122.56,308.86,222
87087001,TWN,165.65,151.14,375.98,108
87087001,USA,208.7,188.4,444.31,8
87087002,CHN,101.42,90.73,108.61,19
87087002,DEU,163.6,150.09,180.37,7
87087002,IDN,102.24,94.47,117.17,36
87087002,JPN,157.76,143.47,168.32,58
87087002,KOR,144.22,131.35,156.01,93
87087002,MYS,111.55,100.11,121.03,10
87087002,RUS,104.23,98.83,113.53,17
87087002,TUR,101.93,92.5,109.26,41
87087002,TWN,132.37,125.13,143.34,25
87087002,USA,160.26,144.67,173.35,25
87087003,CHN,75.03,69.78,78.52,4
87087003,DEU,113.55,109.92,130.58,22
87087003,IDN,84.39,75.2,95.31,22
87087003,KOR,105.78,97.19,114.51,2995
87087003,MYS,79.59,73.71,83.56,16
87087003,RUS,78.21,42.52,82.91,11
87087003,TUR,78.52,72.53,82.94,28
87087003,TWN,95.7,93.16,102.44,6
87087003,USA,121.43,109.15,130.42,15
87087004,CHN,91.52,86.6,98.1,16
87087004,DEU,137.23,124.49,162.29,19
87087004,IDN,101.92,97.21,108.19,12
87087004,IND,90.8,83.38,94.13,3
87087004,JPN,137.11,135.26,139.0,3
87087004,KOR,145.6,135.51,159.02,6
87087004,MYS,92.28,92.28,92.28,1
87087004,RUS,116.9,116.9,116.9,1
87087004,TUR,90.16,83.89,92.4,4
87087004,TWN,112.72,103.69,122.46,56
87089901,CHN,174.33,146.78,387.22,29
87089901,DEU,268.64,232.61,634.37,37
87089901,IDN,188.66,174.63,422.49,6
87089901,IND,165.83,119.32,377.86,45
87089901,JPN,263.73,237.64,610.23,54
87089901,KOR,513.13,319.22,541.1,4
87089901,MYS,201.33,188.61,392.74,5
87089901,RUS,171.1,157.26,395.25,20
87089901,TUR,168.13,154.99,391.69,47
87089901,TWN,209.51,182.12,466.47,90
87089901,USA,248.68,228.38,492.58,5
87089902,CHN,134.97,124.24,143.23,60
87089902,DEU,212.36,189.26,238.55,39
87089902,IDN,136.66,136.53,136.79,2
87089902,IND,131.75,119.29,143.33,169
87089902,JPN,183.57,170.36,203.89,19
87089902,KOR,176.7,165.93,185.75,23
87089902,MYS,144.68,139.44,160.56,13
87089902,RUS,132.08,125.46,144.95,7
87089902,TUR,132.46,124.34,148.96,16
87089902,TWN,163.5,151.81,175.53,24
87089903,CHN,98.21,85.16,106.52,52
87089903,DEU,151.97,135.45,160.35,81
87089903,IDN,101.52,92.16,112.58,91
87089903,IND,93.4,85.02,98.46,15
87089903,JPN,148.2,141.68,154.72,2
87089903,KOR,124.3,114.7,135.78,121
87089903,MYS,104.95,97.01,112.21,20
87089903,TUR,96.97,86.11,99.81,15
87089903,TWN,125.92,116.03,133.16,12
87089903,USA,137.32,128.76,154.23,10
87089904,CHN,112.72,100.11,129.39,60
87089904,DEU,172.8,151.73,190.19,67
87089904,IDN,107.51,92.71,135.11,3
87089904,IND,108.86,89.05,169.99,3
87089904,JPN,159.82,146.37,173.6,44
87089904,KOR,154.46,140.8,168.19,1088
87089904,MYS,125.2,107.21,130.74,10
87089904,TUR,134.78,128.55,262.15,6
87089904,TWN,143.91,134.66,158.71,80
87112001,CHN,122.67,103.42,209.79,4
87112001,DEU,398.7,176.42,436.94,43
87112001,IDN,280.79,244.37,308.58,9
87112001,IND,244.62,234.06,252.42,3
87112001,JPN,395.93,175.54,440.73,52
87112001,KOR,339.25,149.21,377.66,1294
87112001,MYS,262.86,119.61,286.4,57
87112001,TUR,234.97,140.94,255.19,3
87112001,TWN,317.68,138.85,344.17,51
87112001,USA,172.39,172.39,172.39,1
87112002,CHN,91.54,78.55,103.33,17
87112002,DEU,129.54,120.0,143.53,19
87112002,IDN,96.28,92.1,108.82,14
87112002,IND,85.4,83.0,90.58,5
87112002,JPN,138.56,127.1,151.54,33
87112002,MYS,87.81,83.42,98.63,13
87112002,RUS,91.03,88.21,95.0,4
87112002,TUR,89.23,81.88,95.46,166
87112002,TWN,112.66,99.84,120.39,37
87112002,USA,136.25,121.41,146.82,22
87112003,CHN,70.3,62.72,76.03,50
87112003,IDN,70.14,49.38,74.39,9
87112003,IND,65.53,63.29,70.23,24
87112003,JPN,101.51,93.81,110.42,26
87112003,KOR,96.69,81.22,112.52,57
87112003,MYS,69.89,63.96,78.44,76
87112003,RUS,66.63,65.96,68.42,3
87112003,TUR,65.07,61.78,70.59,12
87112003,TWN,84.54,79.7,90.86,82
87112003,USA,95.35,95.35,95.35,1
87112004,CHN,78.78,71.12,85.68,46
87112004,DEU,124.16,105.44,136.69,28
87112004,IDN,80.25,72.12,88.91,192
87112004,IND,75.22,67.8,80.84,55
87112004,JPN,118.83,107.68,135.04,25
87112004,KOR,112.17,99.94,124.29,21
87112004,MYS,89.93,81.87,95.01,39
87112004,RUS,77.22,74.27,86.03,26
87112004,TUR,86.57,84.71,88.11,4
87112004,TWN,98.35,90.82,107.09,119
87120001,CHN,189.01,152.13,413.8,89
87120001,DEU,648.79,280.84,721.01,10
87120001,IDN,202.76,171.87,440.07,29
87120001,IND,185.63,165.54,421.35,45
87120001,JPN,271.77,238.9,604.19,18
87120001,KOR,241.09,209.16,535.7,43
87120001,MYS,207.93,176.9,458.42,17
87120001,TUR,266.6,137.57,395.64,2
87120001,TWN,213.41,190.06,466.92,27
87120001,USA,252.91,239.27,441.14,6
87120002,CHN,130.32,128.68,131.96,2
87120002,DEU,221.42,202.3,229.86,11
87120002,IDN,127.96,119.56,141.21,24
87120002,IND,141.04,141.04,141.04,1
87120002,JPN,195.57,188.41,218.45,9
87120002,KOR,183.36,160.15,194.31,10
87120002,MYS,142.58,132.18,160.75,14
87120002,RUS,137.52,128.68,142.34,5
87120002,TUR,143.04,124.95,152.0,17
87120002,TWN,175.86,162.4,197.81,25
87120002,USA,191.95,175.92,211.18,42
87120003,CHN,104.58,92.89,114.77,5
87120003,DEU,148.56,138.52,170.29,10
87120003,IND,103.64,64.43,107.03,3
87120003,JPN,159.16,148.89,171.49,10
87120003,KOR,166.23,128.42,174.76,8
87120003,MYS,105.19,94.73,112.22,16
87120003,RUS,103.2,100.74,104.3,5
87120003,TUR,104.59,104.59,104.59,1
87120003,TWN,128.19,119.45,136.68,13
87120004,CHN,121.42,93.44,155.83,7
87120004,DEU,181.54,170.62,197.86,37
87120004,IDN,124.56,112.5,136.3,54
87120004,IND,122.13,111.68,126.19,6
87120004,JPN,191.16,191.16,191.16,1
87120004,KOR,163.98,153.74,180.13,37
87120004,MYS,162.95,154.54,178.65,3
87120004,TUR,126.25,113.64,133.67,34
87120004,USA,170.68,157.63,188.17,17
90049001,CHE,3640.99,1655.87,4099.95,35
90049001,CHN,2339.33,1070.44,2599.35,22
90049001,DEU,3515.14,1524.83,3801.17,45
90049001,GBR,3254.23,3159.27,3349.19,2
90049001,IDN,1597.39,1136.54,2058.24,2
90049001,IND,2034.67,933.62,2293.04,14
90049001,ITA,3084.76,1374.84,3412.95,244
90049001,JPN,3379.42,1475.84,3763.71,418
90049001,KOR,2873.49,1264.29,3234.21,103
90049001,MYS,1868.34,1367.31,2369.36,2
90049001,SGP,2588.35,2475.86,2700.84,2
90049001,TWN,2782.72,1276.11,3109.48,37
90049001,USA,3284.37,1452.13,3588.75,472
90049002,BEL,1122.64,1033.47,1203.13,31
90049002,CHE,1448.84,1448.84,1448.84,1
90049002,CHN,842.18,777.38,916.5,56
90049002,DEU,1255.01,1152.17,1332.95,12
90049002,FRA,1212.9,1166.43,1265.04,3
90049002,GBR,1192.51,1192.21,1192.82,2
90049002,IDN,851.01,762.77,916.21,5
90049002,IND,781.83,733.46,822.3,36
90049002,ITA,1158.78,1081.04,1286.29,18
90049002,JPN,1035.95,979.74,1154.54,4
90049002,KOR,1105.06,999.9,1257.85,48
90049002,MYS,841.29,805.48,917.47,13
90049002,SGP,1004.28,948.36,1096.23,6
90049002,TWN,1009.97,894.18,1046.5,7
90049002,USA,1093.51,1028.55,1217.54,30
90049003,BEL,818.74,818.74,818.74,1
90049003,CHN,580.31,522.23,646.46,189
90049003,DEU,885.05,812.57,1032.29,38
90049003,IDN,587.76,574.65,653.12,7
90049003,IND,565.49,512.54,624.01,60
90049003,ITA,745.99,688.81,865.42,9
90049003,JPN,901.99,815.14,950.77,6
90049003,KOR,908.38,908.38,908.38,1
90049003,MYS,610.59,566.54,658.54,16
90049003,TWN,758.14,686.03,808.85,72
90049003,USA,936.62,888.86,980.16,5
90049004,BEL,989.94,957.04,1022.85,2
90049004,CHE,1087.61,1001.07,1157.06,11
90049004,CHN,682.63,615.45,778.21,48
90049004,DEU,3852.58,3852.58,3852.58,1
90049004,GBR,934.29,886.62,968.43,9
90049004,IDN,729.66,674.25,755.95,9
90049004,IND,650.94,502.58,684.71,4
90049004,ITA,930.1,874.2,1032.56,14
90049004,JPN,1079.35,1009.86,1210.04,6
90049004,KOR,901.18,827.1,991.73,152
90049004,MYS,737.59,678.27,792.09,44
90049004,TUR,676.43,653.0,699.85,2
90049004,TWN,845.99,755.55,931.12,51
90049004,USA,993.92,899.48,1087.51,80
90181901,BEL,7702.04,7702.04,7702.04,1
90181901,CHE,7763.63,3356.4,8825.24,61
90181901,CHN,1341.66,733.57,5272.81,66
90181901,DEU,7296.32,4733.12,8256.12,41
90181901,GBR,6385.45,6385.45,6385.45,1
90181901,IDN,3438.65,2434.83,4442.47,2
90181901,IND,4200.46,2080.15,4702.37,10
90181901,ITA,6417.62,2866.28,7078.85,197
90181901,JPN,6691.4,2913.4,7753.3,22
90181901,MYS,4774.44,2121.92,5266.29,66
90181901,SGP,5881.25,2589.43,6472.48,247
90181901,TWN,5643.98,2614.18,6119.38,25
90181901,USA,6619.62,2939.96,7329.44,88
90181902,BEL,2305.18,2231.2,2422.81,11
90181902,CHE,2746.49,2589.56,2996.51,6
90181902,CHN,1605.72,1512.57,1766.65,42
90181902,DEU,2763.15,2479.01,2849.11,9
90181902,FRA,2276.44,2276.44,2276.44,1
90181902,IND,1732.72,1711.76,1821.73,3
90181902,JPN,2684.43,2421.64,2856.61,13
90181902,KOR,2316.0,2091.79,2757.87,23
90181902,USA,2608.91,2031.79,2668.08,6
90181903,BEL,1775.3,1721.52,1839.41,4
90181903,CHE,1987.95,1826.32,2214.37,41
90181903,CHN,1285.76,1172.52,1370.8,62
90181903,DEU,1928.12,1778.25,2077.74,8
90181903,GBR,1857.05,1707.24,2028.32,63
90181903,IDN,1171.37,1077.75,1274.73,208
90181903,IND,1198.88,1079.14,1278.33,78
90181903,ITA,1431.23,1431.23,1431.23,1
90181903,JPN,1994.1,1741.23,2136.51,116
90181903,KOR,1607.87,1472.18,1741.48,58
90181903,MYS,1283.99,1187.48,1423.61,11
90181903,TWN,1598.59,1458.12,1731.29,174
90181903,USA,1873.0,1681.25,2066.84,191
90181904,CHE,2599.02,2599.02,2599.02,1
90181904,CHN,1331.3,1260.92,1401.67,2
90181904,DEU,2465.15,1997.48,2568.04,17
90181904,IDN,1348.04,1259.86,1466.21,7
90181904,IND,1432.4,1423.1,1441.7,2
90181904,ITA,1757.97,1635.02,2048.98,5
90181904,JPN,2193.33,2028.19,2412.12,127
90181904,KOR,2075.98,1842.72,2245.15,4
90181904,MYS,1681.21,1418.12,1795.01,14
90181904,TWN,1776.22,1723.62,1828.04,4
90181904,USA,2061.92,1907.24,2251.27,37
90189001,BEL,1969.83,1969.83,1969.83,1
90189001,CHN,3103.38,1352.69,3390.69,65
90189001,DEU,4562.14,2044.44,5097.1,83
90189001,FRA,2670.26,1790.25,3550.27,2
90189001,IDN,3182.93,3182.93,3182.93,1
90189001,IND,2919.4,1281.24,3219.96,39
90189001,ITA,3761.28,3713.96,3808.59,2
90189001,JPN,4454.22,1918.86,4884.24,24
90189001,KOR,3746.54,1681.66,4178.6,40
90189001,MYS,3035.17,1302.95,3318.53,71
90189001,TUR,1467.05,1241.51,3005.95,7
90189001,TWN,4157.46,4157.46,4157.46,1
90189001,USA,4846.84,4420.84,5271.97,11
90189002,BEL,1515.76,1351.53,1599.24,32
90189002,CHE,1709.13,1567.99,1853.9,25
90189002,CHN,1020.34,910.62,1163.4,68
90189002,DEU,1526.53,1385.45,1752.82,21
90189002,FRA,1518.3,1428.32,1579.38,10
90189002,GBR,1516.09,1403.16,1587.78,15
90189002,IDN,1091.92,1001.31,1212.33,14
90189002,IND,1000.82,935.79,1076.79,61
90189002,JPN,1555.96,1418.76,1754.59,67
90189002,KOR,1418.29,1334.65,1545.93,29
90189002,MYS,1068.14,983.18,1206.21,58
90189002,SGP,1416.44,1203.13,1533.65,29
90189002,TWN,1314.79,1212.19,1417.42,29
90189002,USA,1515.51,1335.93,1633.89,65
90189003,BEL,1105.43,1096.66,1114.19,2
90189003,CHE,1308.9,1183.5,1410.04,70
90189003,CHN,733.18,665.09,816.9,99
90189003,DEU,1267.97,1121.66,1429.59,83
90189003,FRA,1137.52,1134.0,1141.05,2
90189003,GBR,1133.03,1082.58,1272.6,5
90189003,IDN,841.24,783.2,912.55,95
90189003,IND,741.86,680.32,796.27,18
90189003,JPN,1116.71,1050.94,1195.85,32
90189003,KOR,1063.62,1043.77,1097.34,5
90189003,MYS,1009.63,806.47,1212.8,2
90189003,TWN,951.95,855.32,1038.1,87
90189003,USA,1201.01,1146.3,1304.92,11
90189004,BEL,1215.86,1137.06,1309.74,93
90189004,CHE,1556.66,1465.57,1632.17,10
90189004,CHN,901.98,824.03,971.45,122
90189004,GBR,1383.5,1295.58,1415.74,4
90189004,IDN,811.57,811.57,811.57,1
90189004,IND,882.95,848.99,990.35,5
90189004,ITA,1271.81,1177.23,1374.65,161
90189004,JPN,1396.32,1227.99,1504.77,14
90189004,KOR,1227.64,1148.63,1340.29,46
90189004,MYS,1043.75,1043.75,1043.75,1
90189004,TWN,1200.66,1134.02,1234.12,6
90189004,USA,1343.52,1280.78,1428.27,5
90221401,CHE,16562.17,14069.07,36817.01,131
90221401,CHN,8848.44,7787.73,20101.45,348
90221401,DEU,15008.39,13054.94,34471.22,202
90221401,GBR,13446.65,12757.37,29193.49,3
90221401,IND,9265.55,8353.66,20969.66,82
90221401,ITA,28557.35,28557.35,28557.35,1
90221401,JPN,14740.38,13322.06,33645.02,94
90221401,KOR,13614.73,12735.77,28530.51,3
90221401,MYS,19110.5,19110.5,19110.5,1
90221401,TWN,11881.54,10392.75,26370.31,65
90221401,USA,14741.12,12937.7,32061.52,44
90221402,BEL,10111.4,10096.35,10124.47,3
90221402,CHE,11972.84,11105.25,12758.22,23
90221402,CHN,7715.08,6907.11,8194.44,103
90221402,DEU,10667.06,9713.29,12132.57,49
90221402,FRA,10171.61,7108.36,11012.61,4
90221402,GBR,9807.59,9419.95,10773.25,5
90221402,IDN,7678.53,7117.81,8487.02,58
90221402,IND,7207.67,6584.19,7870.61,201
90221402,ITA,10827.05,9704.36,11730.82,20
90221402,JPN,11567.59,10453.7,12585.27,8
90221402,KOR,10300.5,9516.83,11760.54,32
90221402,MYS,8555.89,7566.68,8761.95,6
90221402,SGP,8325.98,8090.53,8561.43,2
90221402,TWN,8777.12,7871.41,9214.69,5
90221402,USA,11275.83,10229.04,12327.39,106
90221403,BEL,7537.4,6821.64,8207.94,16
90221403,CHE,9334.75,8007.51,10265.25,40
90221403,CHN,5530.0,4975.95,6117.34,112
90221403,DEU,8766.68,8020.53,9446.43,414
90221403,FRA,7652.82,6076.52,8361.15,6
90221403,GBR,8036.01,7371.79,8168.54,5
90221403,IDN,5376.19,4954.01,5542.35,12
90221403,IND,5253.15,4765.01,5667.3,87
90221403,ITA,7208.49,6436.96,8267.05,114
90221403,JPN,8697.22,7960.38,9451.57,53
90221403,KOR,7480.72,7099.29,7967.87,6
90221403,MYS,5856.9,5402.46,6375.87,20
90221403,TUR,5700.32,5240.64,6444.81,12
90221403,TWN,7020.76,6523.24,7689.07,72
90221403,USA,8302.6,7616.52,9089.51,25
90221404,BEL,8575.08,8575.08,8575.08,1
90221404,CHE,10626.63,9382.65,11222.02,34
90221404,CHN,6756.73,6102.64,6973.05,12
90221404,DEU,9658.24,9082.29,10247.96,3
90221404,FRA,9572.03,9572.03,9572.03,1
90221404,GBR,8850.01,7335.66,9496.67,7
90221404,IDN,6397.61,6397.61,6397.61,1
90221404,IND,5906.0,5468.79,6547.28,96
90221404,ITA,9010.12,8490.71,9774.24,33
90221404,JPN,10042.0,9119.36,10927.69,56
90221404,KOR,8661.9,7658.02,10172.24,47
90221404,TWN,8259.77,7645.51,8935.93,393
90221404,USA,9414.44,8814.27,10186.35,83
90273001,BEL,28879.58,25446.7,65095.72,95
90273001,CHE,52029.57,35847.39,68211.75,2
90273001,CHN,19338.85,17928.54,42603.38,23
90273001,DEU,31342.11,28901.94,66852.47,18
90273001,FRA,29511.57,29009.93,63614.96,12
90273001,GBR,29193.29,27445.04,63711.39,29
90273001,IND,18184.79,16995.22,27066.92,18
90273001,ITA,63057.92,63057.92,63057.92,1
90273001,JPN,32180.92,26531.62,70326.75,30
90273001,KOR,26998.62,25784.33,50386.34,3
90273001,MYS,22634.44,19346.69,50037.79,25
90273001,SGP,24356.66,22883.77,57303.78,25
90273001,USA,31510.78,26804.83,69757.19,34
90273002,BEL,22285.8,20482.76,24076.36,57
90273002,CHE,26324.69,23436.3,29017.18,26
90273002,CHN,15659.42,14337.26,16943.87,49
90273002,DEU,25433.5,22664.21,28965.79,93
90273002,FRA,22267.45,20630.01,23318.08,30
90273002,GBR,22521.41,20619.9,24451.09,28
90273002,IDN,14670.96,13809.67,16060.91,46
90273002,IND,13888.73,13363.28,15087.64,7
90273002,ITA,21934.97,19721.39,24448.65,51
90273002,JPN,23918.97,21484.48,24920.26,23
90273002,KOR,20396.25,19076.61,23683.54,27
90273002,MYS,16622.49,15634.85,17728.47,20
90273002,SGP,19081.96,17402.33,21156.82,31
90273002,TWN,19007.53,19007.53,19007.53,1
90273002,USA,24453.57,22276.17,26507.25,21
90273003,CHE,20101.32,20101.32,20101.32,1
90273003,CHN,11723.51,10977.06,12917.62,30
90273003,DEU,18747.05,17353.5,20518.76,38
90273003,GBR,16816.35,15355.37,17902.21,7
90273003,IDN,10308.99,7954.9,11723.44,6
90273003,IND,11128.35,9687.22,11743.67,11
90273003,ITA,16305.53,14688.72,17753.13,32
90273003,JPN,18772.03,16891.87,20322.08,161
90273003,KOR,16512.96,15411.84,17953.91,32
90273003,MYS,13576.19,13020.05,14223.82,6
90273003,TWN,15024.6,13763.99,16331.08,227
90273004,CHE,22502.8,20796.89,24102.26,25
90273004,CHN,13088.82,12308.79,14313.34,16
90273004,DEU,21741.73,20278.08,24288.74,74
90273004,GBR,18155.34,15987.9,20003.07,11
90273004,IDN,14105.42,13473.06,16268.02,8
90273004,IND,12542.82,11249.78,13790.31,141
90273004,ITA,20361.55,19533.06,21190.04,2
90273004,JPN,20299.45,19730.33,21469.12,4
90273004,KOR,19118.7,16822.2,19986.74,20
90273004,MYS,16047.44,11928.03,16539.2,8
90273004,TWN,16556.21,15408.27,17704.14,2
90273004,USA,20452.07,19636.75,23091.93,7
94016101,ARE,150.34,150.34,150.34,1
94016101,BRA,128.94,126.13,129.04,3
94016101,CHN,128.12,121.99,130.81,5
94016101,DEU,181.04,164.58,196.77,164
94016101,IDN,122.11,111.18,134.03,54
94016101,IND,113.14,110.36,117.21,16
94016101,ITA,164.77,153.92,185.0,4
94016101,JPN,169.18,156.49,189.58,31
94016101,KOR,168.9,143.62,177.07,8
94016101,MYS,122.71,113.41,146.46,9
94016101,PAK,108.05,103.29,116.36,14
94016101,PHL,124.47,118.57,132.28,6
94016101,POL,142.62,132.42,156.76,36
94016101,SAU,135.5,135.5,135.5,1
94016101,SGP,156.4,156.4,156.4,1
94016101,TUR,113.73,104.91,124.42,8
94016101,TWN,141.52,94.23,156.8,5
94016102,ARE,68.05,63.95,88.13,4
94016102,BRA,76.35,62.77,89.92,2
94016102,CHN,98.04,89.58,106.91,90
94016102,DEU,152.0,144.53,159.46,2
94016102,IDN,89.65,83.28,105.44,20
94016102,IND,88.36,81.26,97.83,82
94016102,ITA,133.88,124.63,153.81,12
94016102,JPN,149.36,136.4,163.4,64
94016102,KOR,131.11,122.77,142.39,7
94016102,MYS,104.9,97.36,121.14,10
94016102,PAK,84.14,72.14,89.43,8
94016102,PHL,103.47,91.58,109.05,13
94016102,POL,113.24,102.44,121.58,160
94016102,SGP,123.92,113.17,123.96,3
94016102,TUR,94.17,82.51,102.81,15
94016102,TWN,93.83,76.82,110.83,2
94016102,USA,132.08,132.08,132.08,1
94016103,ARE,86.96,75.44,97.48,6
94016103,BRA,75.46,52.23,81.19,4
94016103,CHN,73.14,71.68,77.49,4
94016103,DEU,112.07,110.84,119.59,3
94016103,FRA,108.58,108.58,108.58,1
94016103,IDN,72.23,67.22,79.99,63
94016103,IND,68.23,61.8,75.26,81
94016103,ITA,91.34,85.7,109.69,16
94016103,JPN,103.52,94.82,108.92,11
94016103,KOR,104.45,86.97,115.72,26
94016103,MYS,69.13,48.57,78.7,16
94016103,PAK,66.39,63.73,72.21,5
94016103,PHL,72.82,56.89,76.09,6
94016103,POL,83.84,80.4,86.77,4
94016103,SAU,75.92,69.13,79.71,5
94016103,SGP,100.96,100.96,100.96,1
94016103,TUR,68.78,62.33,75.42,22
94016103,TWN,83.46,67.29,88.64,8
94016103,USA,106.82,93.92,109.1,5
94016104,ARE,97.0,90.64,103.36,48
94016104,BRA,88.1,84.46,92.64,4
94016104,CHN,82.42,75.62,89.18,12
94016104,DEU,126.49,69.25,160.69,8
94016104,FRA,58.78,58.78,58.78,1
94016104,IDN,83.86,74.81,91.74,93
94016104,IND,76.71,67.08,87.58,25
94016104,ITA,126.67,102.6,138.25,22
94016104,JPN,122.35,84.91,137.39,16
94016104,KOR,113.66,107.93,124.93,18
94016104,MYS,91.38,83.93,99.4,90
94016104,PAK,72.23,68.24,78.47,5
94016104,PHL,78.69,56.3,89.87,11
94016104,POL,101.29,94.16,109.13,13
94016104,RUS,85.59,78.97,92.98,15
94016104,SAU,93.66,93.66,93.66,1
94016104,SGP,110.97,110.97,110.97,1
94016104,TUR,51.35,51.29,51.41,2
94016104,TWN,70.32,58.41,96.17,4
94016104,USA,111.08,111.08,111.08,1
94032001,ARE,78.35,78.35,78.35,1
94032001,BRA,70.98,68.65,73.77,3
94032001,CHN,73.97,66.89,82.03,11
94032001,DEU,58.4,57.48,59.33,2
94032001,IDN,67.48,63.85,70.69,9
94032001,IND,64.47,57.94,70.2,79
94032001,JPN,104.12,95.94,114.89,19
94032001,KOR,99.08,90.88,105.67,47
94032001,MYS,80.32,70.23,83.73,5
94032001,PAK,64.37,50.72,67.73,8
94032001,PHL,67.8,51.63,73.89,5
94032001,POL,79.18,76.56,85.6,4
94032001,RUS,68.72,68.72,68.72,1
94032001,SAU,82.4,73.58,90.94,4
94032001,TUR,68.23,63.99,70.75,9
94032001,TWN,85.19,79.68,92.15,22
94032001,USA,95.08,90.67,105.15,4
94032002,ARE,64.46,64.46,64.46,1
94032002,BRA,62.49,56.97,66.1,10
94032002,CHN,58.03,52.64,86.14,54
94032002,DEU,87.83,77.03,98.75,34
94032002,IDN,58.16,53.63,90.64,40
94032002,IND,54.99,47.69,60.42,132
94032002,JPN,79.7,51.0,91.82,3
94032002,KOR,76.43,66.9,81.29,51
94032002,MYS,57.33,52.76,61.7,30
94032002,PAK,51.6,40.94,52.71,7
94032002,PHL,53.68,52.56,60.2,7
94032002,POL,66.06,59.5,71.43,53
94032002,RUS,57.93,54.53,59.05,3
94032002,SAU,64.05,55.65,68.89,59
94032002,SGP,71.33,65.68,77.57,121
94032002,TUR,54.25,50.18,57.44,36
94032002,TWN,64.69,37.95,68.36,7
94032003,BRA,47.42,45.54,49.3,2
94032003,CHN,42.36,39.58,44.93,4
94032003,DEU,69.81,63.51,74.58,23
94032003,IDN,42.81,39.66,46.48,58
94032003,IND,41.57,38.82,45.41,96
94032003,ITA,61.08,55.39,66.78,2
94032003,JPN,56.42,36.86,61.72,8
94032003,KOR,56.37,54.98,62.61,6
94032003,MYS,29.62,29.62,29.62,1
94032003,PAK,26.32,21.03,39.98,8
94032003,PHL,41.7,37.67,45.71,83
94032003,POL,49.05,46.04,51.03,4
94032003,SAU,46.86,43.89,51.02,78
94032003,SGP,52.96,48.46,58.63,172
94032003,TUR,39.07,36.73,42.82,19
94032003,TWN,54.69,48.47,60.05,24
94032003,USA,55.97,46.51,59.92,5
94032004,BRA,56.1,52.19,61.38,5
94032004,CHN,48.97,48.97,48.97,1
94032004,DEU,75.56,75.56,75.56,1
94032004,FRA,68.26,66.2,70.32,2
94032004,IDN,49.9,46.03,55.63,25
94032004,IND,45.0,41.05,50.34,49
94032004,ITA,75.09,65.9,79.59,10
94032004,JPN,71.77,57.51,77.12,5
94032004,KOR,65.37,60.09,71.16,172
94032004,MYS,52.11,50.89,52.32,3
94032004,PAK,43.61,32.6,47.28,6
94032004,PHL,48.87,44.06,51.68,5
94032004,POL,56.33,52.25,61.58,6
94032004,RUS,52.61,48.52,56.77,158
94032004,SAU,56.14,54.02,59.27,7
94032004,SGP,66.61,62.72,73.53,4
94032004,TUR,43.83,41.72,45.26,3
94032004,TWN,62.19,58.27,67.87,10
94032004,USA,42.45,42.45,42.45,1
94036001,ARE,87.44,78.33,94.83,31
94036001,BRA,84.52,80.51,87.86,5
94036001,CHN,70.81,62.92,80.4,39
94036001,DEU,110.87,103.11,121.71,4
94036001,FRA,105.18,105.18,105.18,1
94036001,IDN,76.41,73.57,81.75,3
94036001,IND,66.72,62.04,74.34,57
94036001,ITA,124.36,105.83,125.16,3
94036001,JPN,120.85,109.3,132.41,2
94036001,KOR,104.21,99.2,115.82,27
94036001,MYS,29.0,15.86,72.94,36
94036001,PAK,67.41,40.1,74.35,7
94036001,PHL,73.67,68.48,78.87,4
94036001,POL,90.19,82.54,99.55,63
94036001,SAU,91.68,84.06,100.08,6
94036001,TUR,77.96,77.96,77.96,1
94036001,TWN,67.91,52.1,79.64,4
94036001,USA,97.59,93.8,101.37,2
94036002,ARE,70.21,63.55,76.82,44
94036002,BRA,56.11,56.11,56.11,1
94036002,CHN,56.03,53.18,56.25,3
94036002,DEU,96.15,79.68,109.74,7
94036002,FRA,61.56,42.03,81.09,2
94036002,IDN,60.4,43.59,60.91,4
94036002,IND,57.02,52.67,61.58,107
94036002,ITA,89.86,77.65,97.62,16
94036002,JPN,90.77,68.99,97.13,5
94036002,KOR,88.01,88.01,88.01,1
94036002,MYS,63.56,56.43,70.67,45
94036002,PAK,54.87,43.86,56.84,14
94036002,PHL,60.99,41.31,63.17,4
94036002,POL,70.83,64.07,77.62,88
94036002,RUS,63.81,59.03,67.34,32
94036002,SAU,60.83,59.29,70.53,7
94036002,SGP,75.72,75.72,75.72,1
94036002,TUR,61.49,58.45,65.37,16
94036002,TWN,74.09,60.21,78.83,15
94036002,USA,86.64,47.46,92.41,7
94036003,ARE,51.7,47.96,62.29,22
94036003,BRA,30.19,26.89,47.44,3
94036003,CHN,47.23,42.06,51.25,28
94036003,DEU,67.76,60.57,74.74,408
94036003,FRA,52.72,38.31,67.13,2
94036003,IDN,44.54,40.45,47.3,70
94036003,IND,39.87,36.49,44.39,26
94036003,ITA,63.31,56.88,69.23,23
94036003,JPN,66.25,64.69,67.81,2
94036003,KOR,61.34,54.13,68.3,10
94036003,MYS,49.4,45.07,53.54,302
94036003,PAK,40.83,34.49,42.63,8
94036003,PHL,50.08,47.53,52.65,11
94036003,POL,53.4,48.72,57.7,428
94036003,RUS,46.95,46.95,46.95,1
94036003,SAU,54.17,52.96,57.07,4
94036003,SGP,59.52,56.04,64.84,8
94036003,TUR,46.93,42.06,48.47,19
94036003,TWN,43.54,32.57,57.47,4
94036003,USA,61.27,57.05,67.02,29
94036004,ARE,65.5,63.47,67.54,2
94036004,BRA,58.6,48.18,62.41,7
94036004,CHN,49.84,46.64,52.34,7
94036004,DEU,87.18,82.95,95.14,5
94036004,FRA,68.05,68.05,68.05,1
94036004,IDN,55.15,51.2,58.86,59
94036004,IND,51.42,47.26,55.57,155
94036004,ITA,78.6,70.61,88.93,4
94036004,JPN,82.06,60.04,87.4,7
94036004,KOR,73.29,64.18,77.26,9
94036004,MYS,59.07,50.98,67.29,16
94036004,PAK,46.14,29.8,49.69,11
94036004,PHL,48.0,37.56,55.27,3
94036004,POL,63.39,58.66,68.18,14
94036004,SGP,65.06,63.78,65.07,3
94036004,TUR,53.45,49.1,56.52,4
94036004,TWN,62.95,61.24,64.65,2
94042901,ARE,88.71,83.91,96.44,4
94042901,BRA,86.79,85.65,87.92,2
94042901,CHN,80.23,68.37,88.19,16
94042901,DEU,117.68,106.19,136.39,66
94042901,IDN,83.44,76.77,91.85,93
94042901,IND,82.49,74.06,88.06,138
94042901,ITA,125.25,115.36,139.61,12
94042901,JPN,117.54,107.82,130.07,98
94042901,KOR,118.34,108.45,127.21,91
94042901,MYS,82.76,76.34,93.09,65
94042901,PAK,74.8,63.58,78.2,9
94042901,PHL,84.32,81.3,88.08,8
94042901,POL,96.55,90.41,103.95,46
94042901,SAU,94.49,87.36,101.92,80
94042901,SGP,106.42,97.35,116.2,233
94042901,TUR,80.29,75.75,89.01,13
94042901,TWN,91.99,91.99,91.99,1
94042902,ARE,71.41,71.41,71.41,1
94042902,BRA,60.29,44.21,65.81,3
94042902,CHN,98.38,62.45,107.25,31
94042902,DEU,92.88,70.13,96.17,6
94042902,FRA,88.91,88.91,88.91,1
94042902,IDN,98.44,64.44,110.32,18
94042902,IND,61.37,54.2,66.88,6
94042902,ITA,90.04,83.53,104.2,73
94042902,JPN,97.78,88.19,106.38,49
94042902,KOR,89.92,84.97,92.57,6
94042902,MYS,71.85,65.84,79.12,78
94042902,PAK,58.82,55.9,61.33,6
94042902,PHL,65.35,40.23,68.95,4
94042902,POL,73.65,67.71,81.8,23
94042902,SAU,70.6,67.96,72.95,3
94042902,SGP,78.82,78.13,79.51,2
94042902,TUR,67.47,64.07,70.87,2
94042902,TWN,80.92,69.28,83.81,5
94042902,USA,95.88,95.88,95.88,1
94042903,ARE,64.17,59.55,68.79,2
94042903,BRA,53.99,49.41,55.91,4
94042903,DEU,70.21,64.11,77.37,84
94042903,FRA,70.64,70.64,70.64,1
94042903,IDN,51.16,47.75,58.79,11
94042903,IND,47.32,42.99,51.54,40
94042903,ITA,65.93,55.67,73.43,19
94042903,JPN,73.73,66.86,80.63,64
94042903,KOR,69.84,63.52,76.72,36
94042903,MYS,50.78,45.53,56.43,81
94042903,PAK,41.85,38.94,47.1,10
94042903,PHL,50.67,48.12,51.73,5
94042903,POL,55.46,49.63,61.88,73
94042903,RUS,51.37,48.79,53.93,5
94042903,SGP,65.89,38.21,67.39,3
94042903,TUR,47.87,44.11,51.32,29
94042903,TWN,55.27,45.64,64.78,8
94042903,USA,70.04,65.1,77.0,17
94042904,ARE,62.46,60.96,64.03,3
94042904,BRA,66.95,61.83,67.35,3
94042904,CHN,58.62,55.32,62.36,6
94042904,DEU,80.8,74.36,87.49,84
94042904,IDN,61.32,56.44,66.46,36
94042904,IND,53.81,49.73,59.65,6
94042904,ITA,84.53,80.92,90.86,14
94042904,JPN,84.16,74.24,92.07,45
94042904,KOR,80.06,72.6,86.38,38
94042904,MYS,60.32,55.61,66.1,34
94042904,PAK,49.4,46.98,54.2,6
94042904,PHL,55.22,51.51,59.19,5
94042904,POL,68.41,62.95,71.33,18
94042904,SGP,73.54,68.03,80.24,33
94042904,TUR,55.94,53.54,62.36,13
94042904,TWN,71.11,68.11,73.85,4
94042904,USA,88.21,84.19,90.04,3
94054001,ARE,219.36,216.28,229.89,5
94054001,BRA,212.1,204.79,223.4,3
94054001,CHN,200.67,195.29,206.05,2
94054001,DEU,308.12,272.95,321.83,11
94054001,IDN,202.04,188.05,212.91,19
94054001,IND,188.96,172.98,206.12,18
94054001,ITA,279.57,244.4,308.87,18
94054001,JPN,289.46,262.82,320.98,11
94054001,KOR,271.41,237.51,298.0,8
94054001,MYS,214.01,205.15,234.0,25
94054001,PAK,168.6,116.01,186.01,13
94054001,PHL,177.79,124.63,193.05,16
94054001,POL,217.42,200.51,237.34,28
94054001,SAU,220.49,210.38,243.73,23
94054001,SGP,253.03,165.83,260.71,3
94054001,TUR,187.33,163.8,206.05,12
94054001,TWN,225.18,196.13,255.83,31
94054001,USA,286.55,219.04,302.29,6
94054002,BRA,150.83,150.83,150.83,1
94054002,CHN,101.81,89.39,142.25,3
94054002,DEU,229.7,212.48,255.93,4
94054002,IDN,156.46,134.03,168.36,4
94054002,IND,152.03,139.3,162.32,12
94054002,ITA,209.66,202.99,216.33,2
94054002,JPN,187.6,144.9,230.3,2
94054002,KOR,202.0,202.0,202.0,1
94054002,MYS,171.61,155.97,179.51,9
94054002,PAK,129.52,83.45,143.99,7
94054002,PHL,143.53,86.64,155.96,6
94054002,POL,179.08,172.46,186.83,6
94054002,SAU,181.96,170.91,186.43,3
94054002,TUR,161.27,151.51,163.58,3
94054002,TWN,189.51,181.15,216.17,6
94054002,USA,215.05,201.99,232.18,5
94054003,BRA,96.85,72.32,121.38,2
94054003,CHN,118.62,111.51,127.87,49
94054003,DEU,188.78,185.95,196.66,4
94054003,FRA,154.79,153.68,155.9,2
94054003,IDN,122.34,113.1,142.01,20
94054003,IND,109.91,102.92,120.62,24
94054003,ITA,156.07,135.25,184.44,8
94054003,JPN,168.94,155.97,179.91,6
94054003,KOR,162.29,159.79,176.72,5
94054003,MYS,121.13,109.27,135.53,16
94054003,PAK,104.51,66.07,110.94,14
94054003,PHL,116.49,110.5,128.71,67
94054003,POL,137.43,129.25,150.48,41
94054003,SGP,153.45,148.1,160.04,5
94054003,TUR,121.66,110.81,129.42,6
94054003,TWN,142.04,137.04,147.04,2
94054004,ARE,158.49,145.43,172.38,141
94054004,BRA,115.68,86.85,144.51,2
94054004,CHN,123.08,111.73,143.56,17
94054004,DEU,200.92,191.75,215.64,16
94054004,FRA,78.26,78.26,78.26,1
94054004,IDN,185.37,162.82,207.91,2
94054004,IND,140.81,134.39,147.52,13
94054004,ITA,197.74,131.61,222.75,7
94054004,JPN,202.82,193.71,225.95,3
94054004,KOR,187.46,67.74,198.1,12
94054004,MYS,148.34,131.51,160.13,24
94054004,PAK,118.51,68.45,136.2,10
94054004,PHL,144.93,101.93,161.04,46
94054004,POL,168.36,148.47,188.95,11
94054004,RUS,95.08,49.48,145.89,6
94054004,SGP,136.54,69.17,168.5,6
94054004,TUR,130.55,102.4,132.88,6
94054004,TWN,157.33,125.4,169.11,8
94054004,USA,158.35,106.29,210.42,2
