cust_id,importer_name,address_line,post_town,postcode
C00001,AIM MARKETING LTD,"205, FAIRGATE HOUSE, KINGS RD",BIRMINGHAM,B11 2AA
C00002,AQUA PLUMBING SOLUTIONS LIMITED,"89 CHORLEY ROAD, SWINTON",MANCHESTER,M27 4AA
C00003,ANCOATS CHRISTMAS TREES,23 RADIUM ST,MANCHESTER,M4 6AY
C00004,ARTAL GROIP,9 JORDAN STREET,MANCHESTER,M15 4PY
C00005,BIMLABEXS LTD,"FIRST FLOOR, 2 HAMPTON COURT ROAD",BIRMINGHAM,B17 9AE
C00006,ANANTA REALTY,"1 GUIDE COURT, AUDENSHAW",MANCHESTER,M34 5ZN
C00007,ALBION TRAINING,11A BIRDBROOK ROAD,BIRMINGHAM,B44 8RA
C00008,BFORB INTERNATIONAL TRADING LIMITED,"19 ASTLEY HALL DRIVE, TYLDESLEY",MANCHESTER,M29 7TX
C00009,INFOTENIX LTD,MACDONALD ST,BIRMINGHAM,B5 6TN
C00010,ADDAG LTD,PARRS WOOD RD,MANCHESTER,M20 6JU
C00011,BELGE CONVENIENCE STORE,"63 RICHMOND ROAD, STECHFORD",BIRMINGHAM,B33 8TL
C00012,AZALEA CARE SERVICES LTD,"CIBA BUILDING SUITE 203I, 146 HAGLEY ROAD",BIRMINGHAM,B16 9NX
C00013,ASCOTT LIFE & HEALTH LIMITED,"C/O DJH STREET GEORGES HOUSE, 56 PETER ST",MANCHESTER,M2 3NQ
C00014,AC HOUSING LTD,521 GREEN LANE,BIRMINGHAM,B9 5PT
C00015,2.0 INTERNATIONAL LTD,C/O HCR LEGAL,BIRMINGHAM,B3 2DX
C00016,ABUCORE TECHNOLOGIES,"379 YARDLEY GREEN ROAD, BORDESLEY GREEN",BIRMINGHAM,B9 5JD
C00017,BLUEWATER ONLINE LTD,PURCELL STREET,MANCHESTER,M12 4NU
C00018,COSMETICS BANGLA LTD,"97 MILLINERS WHARF, 2 MUNDAY STREET",BIRMINGHAM,B6 7JS
C00019,BBM BAR STORE LTD,1 HEXAGON CLOSE,MANCHESTER,M9 8RN
C00020,FINCRIME CONSULT,306 NEW BANK ST,MANCHESTER,M12 4HW
C00021,BRITANNIA FOODS MIDLANDS,73 LOWER DARTMOUTH STREET,,B9 4LA
C00022,BESTWAY NATIONAL CHEMISTS,"MERCHANTS WAREHOUSE CASTLE STREET, CASTLEFIELD",MANCHESTER,M3 4LZ
C00023,AUTOS CRAFT LTD,"UNIT 13A, 294 CHERRYWOOD ROAD",BIRMINGHAM,B9 4UU
C00024,AFRIDI BUTCHER LTD,"728-732 STRATFORD ROAD, SPARKHILL",BIRMINGHAM,B11 4BP
C00025,BELONG2U LTD,"INITIAL BUSINESS CENTRE, UNIT 7 WILSON BUSINESS PARK",MANCHESTER,M40 8WN
C00026,BARGAINS INTERNATIONAL (MANCHESTER) LIMITED,17-19 SHERBORNE ST,MANCHESTER,M8 8HF
C00027,AL-KAWKAB FOR INVESTMENT AND DEVELOPMENT LTD,"UNIT 7 INITIAL BUSINESS CENTRE, WILSON BUSINESS PARK",MANCHESTER,M40 8WN
C00028,CLEAN TRADING LIMITED,11 CALBOURNE CRESCENT,MANCHESTER,M12 5GX
C00029,ALRIYADH RESTAURANT HEATING LTD,28 HALL STREET,MANCHESTER,M14 7BZ
C00030,BCP INVESTMENTS,"CHATSWORTH ROAD, ECCLES 20",MANCHESTER,M30 9DY
C00031,ALLGOOD CONSERVATORY ORANGERY AND 1ST FLOOR EXTENSIONS,31 CHURCH ROAD,MANCHESTER,M22 4NN
C00032,APEX SPORTS NUTRITION LTD,50 MONTGOMERY STREET,BIRMINGHAM,B11 1DU
C00033,BEDGOALS LIMITED,CHEETHAM HILL ROAD,MANCHESTER,M8 0SN
C00034,ABC COACHES (2002) LIMITED,"152 STATION ROAD, STECHFORD",BIRMINGHAM,B33 8BT
C00035,ASHLEA GRANGE MANAGEMENT CO LIMITED,"2 ASHLEA GRANGE 1 HALF EDGE LANE, MONTON",MANCHESTER,M30 9RG
C00036,ASMD GIDNEY LIMITED,"71 KENYON LANE, MIDDLETON",MANCHESTER,M24 2QS
C00037,ALFAJAR GROUP LIMITED,NEWTOWN SHOPPING CENTRE,BIRMINGHAM,B19 2SW
C00038,BODN BOND LEISURE LTD,"258 CLEGGS LANE, LITTLE HULTON",,M38 9RQ
C00039,BROOD MAGAZINE,"UNIT 7, PENNY BLACK CHAMBERS BARTON ROAD, WORSLEY",MANCHESTER,M28 2PD
C00040,AM OPTOMETRIST LIMITED,146 REGINALD ROAD,BIRMINGHAM,B8 1LU
C00041,THE FIRM RESTAURANT GROUP,154 LADYPOOL ROAD,BIRMINGHAM,B12 8JS
C00042,BALFOUR BELL LEISURE,"30 PARNHAM CLOSE, RADCLIFFE",MANCHESTER,M26 3XU
C00043,ARROW GLOBAL ONE LIMITED,"BELVEDERE, 12 BOOTH STREET",MANCHESTER,M2 4AW
C00044,ALTEREDMEDIA,C/O TAN & CO 5TH FLOOR ALBANY HOUSE,BIRMINGHAM,B5 4BD
C00045,AALIYAH CLOTHING SHOP 2,UNIT 22 363-365 COVENTRY ROAD,BIRMINGHAM,B10 0SW
C00046,ALLMAN BUILDERS LIMITED,"C/O REDSTONE ACCOUNTANCY 253 MONTON ROAD, ECCLES",MANCHESTER,M30 9PS
C00047,ASIAGO (HOLDINGS),"2 WHEELEYS ROAD, EDGBASTON",BIRMINGHAM,B15 2LD
C00048,BIRMINGHAM DOG GROOMING ACADEMY LTD,30 NEWELLS RD,BIRMINGHAM,B26 2HD
C00049,MSB PROPERTY INVESTMENTS LTD,"166 HIGHFIELD ROAD, HALL GREEN",,B28 0HT
C00050,BJL FLOORING SOLUTION LTD,20 ALSTON GARDENS,MANCHESTER,M19 1DW
C00051,ASPECT HOUSING & SUPPORT LIMITED,"5 HIGHGATE BUSINESS CENTRE, HIGHGATE RD",BIRMINGHAM,B12 8EA
C00052,AUSTIN AUTOMTION DIGITAL LIMITED,"34 FAIRWAY, NORTHFIELD",BIRMINGHAM,B31 5BA
C00053,ART HUT IR LIMITED,"129 NEW ROAD, REDNAL",BIRMINGHAM,B45 9JR
C00054,BRICK AND BLOOM HOMES LD,"3 WICHEAVES CRESCENT, WORSLEY",MANCHESTER,M28 0JS
C00055,AUNT TILLY'S,"CENTURY BUILDINGS, 14 ST. MARY'S PARSONAGE",MANCHESTER,M3 2DF
C00056,ALLAMAGAN SHOP LTD,"UNIT 11A 332-334 COVENTRY ROAD, SMALL HEATH",BIRMINGHAM,B10 0XE
C00057,A & F RAVAT,"502 WALSALL ROAD, PERRY BARR",BIRMINGHAM,B42 2LU
C00058,BLACK PEARL TOUR PRODUCTION,"HORTON HOUSE 2 URMSTON LANE, STRETFORD",MANCHESTER,M32 9BP
C00059,ASHLEY HASSEL,"30 HARRISON ROAD, HARRISON ROAD",,B24 9AA
C00060,ANTHEM MUSIC AND CREATIVE ARTS LTD.,"35 KILCOBY AVENUE, SWINTON",MANCHESTER,M27 8AD
C00061,BARBARA NICE,"3RD FLOOR, COLWYN CHAMBERS, 19 YORK STREET",,M2 3BA
C00062,ANAND ALPINE UK LTD,19 HARRIS STREET,MANCHESTER,M8 8EG
C00063,AHAD DRIVING SERVICES LTD,60 EVERSLEY RD,BIRMINGHAM,B9 5DE
C00064,A Y A FOR GENERAL SUPPLIES,"UNIT 7 INITIAL BUSINESS CENTRE, WILSON BUSINESS PARK",MANCHESTER,M40 8WN
C00065,ALWAYS CANDID,"CAPITAL HOUSE 272 MANCHESTER ROAD, DROYLSDEN",MANCHESTER,M43 6PW
C00066,BENAMY IT SERVICES LIMITED,"12 WET EARTH GREEN, SWINTON",MANCHESTER,M27 8AL
C00067,BOOKMAKERS OF BIRMINGHAM LIMITED,"51 NORMAN AVENUE, HARBORNE",BIRMINGHAM,B32 2EY
C00068,ABC HOUSEWARE LIMITED,"RIGHTON HOUSE BROOKVALE ROAD, WITTON",BIRMINGHAM,B6 7EY
C00069,ASSURED FINANCE LIMITED,"CARDINAL HOUSE, 20 ST. MARYS PARSONAGE",,M3 2LY
C00070,BLU SKY RETAIL INVESTMENTS LTD,"116 YARDLEY ROAD, ACOCKS GREEN",BIRMINGHAM,B276LG
C00071,ASM GROUP,"STUDIO 9, 50 - 54 ST. PAULS SQUARE",BIRMINGHAM,B3 1QS
C00072,AARRIAN LTD,"GILL HOUSE, OFFICE 6, 140 HOLYHEAD ROAD",BIRMINGHAM,B21 0AF
C00073,APEX ISS (HOLDINGS),REGENCY COURT,MANCHESTER,M3 2EN
C00074,HUT TWENTY20 LIMITED,"OFFICE 1, IZABELLA HOUSE 24-26 REGENT PLACE, CITY CENTRE",BIRMINGHAM,B1 3NJ
C00075,BELMONT WOOLRICH,"REAR - GROUND FLOOR, 1089 STOCKPORT ROAD",MANCHESTER,M19 2RE
C00076,BRINDLEYS,"2 WHEELEYS ROAD, EDGBASTON",BIRMINGHAM,B15 2LD
C00077,ANNUMBRA LIMITED,98 LEA VILLAGE,BIRMINGHAM,B33 9SD
C00078,ALBOSAT ALZAHABE FWR INVESTMENT LIMITED,"UNIT 7 INITIAL BUSINESS CENTRE, WILSON BUSINESS PARK",MANCHESTER,M40 8WN
C00079,IDAJET BOGDANI,"CAPITAL HOUSE 272 MANCHESTER ROAD, DROYLSDEN",MANCHESTER,M43 6PW
C00080,BRIJDLEYS SECRETARIES LTD,"2 WHEELEYS ROAD, EDGBASTON",BIRMINGHAM,B15 2LD
C00081,BMK2 PROPERTY HOLDINGS,54 CHORLEY ROAD,MANCHESTER,M27 5AF
C00082,BESIN,"UNIT 18, TULKETH INDUSTRIAL ESTATE",MANCHESTER,M40 9LY
C00083,ARCHSIDE CORNER PROPERTIES LIMITED,"KINGS COURT 17 SCHOOL ROAD, HALL GREEN",BIRMINGHAM,B28 8JG
C00084,ALWADI EXPRESS LTD,"45 WARD END PARK ROAD, WARDEND PARK ROAD",BIRMINGHAM,B8 3PH
C00085,BIGDREAMERS UK,"53 ST. MARYS STREET, HULME",MANCHESTER,M15 5WP
C00086,AMPD HOLDINGS LTD,FLAT 3206 141 CHESTER ROAD,MANCHESTER,M15 4ZJ
C00087,BOLT TRADING,"UNIT 15 WINDRUSH MILLENNIUM CENTRE, 70 ALEXANDRA ROAD",MANCHESTER,M16 7WD
C00088,AMERICAN DINING FRANCHISE LTD,"SIX WAYS BUSINESS CENTRE, 1 GUILDFORD STREET",BIRMINGHAM,B19 2HN
C00089,ASASH SECURITY,"149 SPON LANE, WEST BROMWICH",BIRMINGHAM,B70 6AS
C00090,ABN PROPERTIES LTD,114 SOMERVILLE ROAD,BIRMINGHAM,B10 9HD
C00091,A P DOOLEY AND COMPANY,"ALLIANCE HOUSE UNIT 14 WESTPOINT ENTERPRISE PARK, CLARENCE AVENUE",MANCHESTER,M17 1QS
C00092,70M HOLDINGS,121 LIVERY STREET,BIRMINGHAM,B3 1RS
C00093,BILLIG HOLDINGS LTD,"2 WHEELEYS ROAD, EDGBASTON",BIRMINGHAM,B15 2UD
C00094,AIM4HIGH,10 WINSTANLEY ROAD,BIRMINGHAM,B33 8UH
C00095,BA68,"OFFICE 620 INITIAL BUSINESS CENTRE, WILSON BUSINESS PARK",MANCHESTER,M40 8WN
C00096,BLUE JEANS LTD,"8 UNIT 3, ALLISON STREET",MANCHESTER,M8 8AR
C00097,101 RENTALS HOUSES LTD,4 SWALLOW AVENUE,MANCHESTER,M21 7BD
C00098,4LEX HOSPITALITY CTD,7 SAXON STREET,MANCHESTER,M40 7GY
C00099,AZ FONETEK LTD,37 METCOMBE WAY,,M11 3BY
C00100,AA HEALTHWAYS,703 STOCKPORT ROAD,MANCHESTER,M12 4QN
C00101,ABBOTSFORD MEND LTD,"31A HAZELHURST ROAD, WORSLEY",MANCHESTER,M28 2SX
C00102,BIKANER SWEET CENTRE LIMITED,38 WHATELEY ROAD,BIRMINGHAM,B21 9JD
C00103,BFS FUNDING MANAGERS LIMITED,"LEE HOUSE, 90 GREAT BRIDGEWATER STREET",MANCHESTER,M1 5JW
C00104,AHMAD SAEED LTD,"1 THE LIMES, MARROWAY ST",BIRMINGHAM,B16 0AY
C00105,BOURNVILLE PROPERTY MAINTENANCE LTD,160 WOODLANDS PARK ROAD,BIRMINGHAM,B30 1SE
C00106,BRIGHTLY INC LIMITED,"154 MANOR ROAD, FLAT 6",BIRMINGHAM,B33 8EQ
C00107,AD CENTER MEDIA,"FLAT 2406 VISTA RIVER TOWER, 1 TRINITY WAY",,M3 4GD
C00108,A THOUSAND TRADES,39 CURBAR ROAD,BIRMINGHAM,B42 2AT
C00109,ALSURUJ ALEARABIAH LILNAQL,"UNIT 7 INITIAL BUSINESS CENTRE, WILSON BUSINESS PARK",MANCHESTER,M40 8WN
C00110,ANDREW MORRISON AND ASSOCIATES LTD,"IRVING HOUSE, 47 FREDERICK ST",BIRMINGHAM,B1 3HN
C00111,AL-QASIM HOLDINGS,KINGSWAY,MANCHESTER,M19 1PL
C00112,BRANCH TATCO GIDA ITHALAT IHRACAT LIMITED,PICCADILLY BUSINESS CENTRE UNIT C ALDOW ENTERPRISE PARK,MANCHESTER,M12 6AE
C00113,PHONIC PARK,6-14 GREAT ANCOATS STREET,MANCHESTER,M4 5AZ
C00114,ANAND VIVEK JOSAN LTD,"C/O ECHO TAX, SPACES MANCHESTER PETER HOUSE, OXFORD STREET",MANCHESTER,M1 5AN
C00115,AGENCY TRAINING ACADEMY,4 LITTLEMOSS CLOSE,MANCHESTER,M34 5US
C00116,A-NET PROFESSIONALS,56 CLAVERDON DRIVE,BIRMINGHAM,B43 5HP
C00117,ATK INVESTMENT HOLDINGS LIMITED,"1ST FLOOR CLOISTER HOUSE, NEW BAILEY STREET",MANCHESTER,M3 5FS
C00118,PAU BRASIL RESTAURANTS LIMITED,"BEM BRASIL, 58 LEVER ST",MANCHESTER,M1 1FJ
C00119,BLOOM MANCHESTRE LTD,"COLONY JACTIN HOUSE, HOOD STREET",MANCHESTER,M4 6WX
C00120,AYA GOLD LTD,"SIMISTER LANE, PRESTWICH 91",MANCHESTER,M25 2SU
C00121,ACO ACCOUNTING SERVICES LTD,"22 SHEARWATER DRIVE, WORSLEY",MANCHESTER,M28 0AH
C00122,BIG TOP PROPERTIES LTD,"12 HATFIELD ROAD, LOZELLS",BIRMINGHAM,B19 1JR
C00123,24-7 RECOVERY & STORAGE LTD,"STATIC HOUSE (CARAVAN) PRIVATE ROAD BEKO EUROPE SITE PARK APPROACH, ERDINGTON",BIRMINGHAM,B23 7SJ
C00124,AIRPORT PETROLEUM,"6TH FLOOR OLYMPIC HOUSE, MANCHESTER AIRPORT",MANCHESTER,M90 1QP
C00125,ASSIST FS LTD,"223 STEWARD STREET BUSINESS LOFTS, 69 STEWARD STREET",BIRMINGHAM,B18 7AF
C00126,APJ RUGBY SPORTS MEDICINE,"2 THORNBANK, ECCLES",MANCHESTER,M30 9HL
C00127,LEVENSHULME PROPERTY INVESTMENTS LIMITED,2 KEMPTON ROAD,MANCHESTER,M19 2GJ
C00128,ARTIS EDGE LTD,HOLLAND ROAD WEST,BIRMINGHAM,B6 4DW
C00129,104 MINI MARKET LTD,156 WELSH HOUSE FARM RD,,B32 2JG
C00130,AGNIFIX LD,99 WOOLMORE ROAD,BIRMINGHAM,B23 7ED
C00131,APEX EVENT PARKING LTD,"2 WHEELEYS ROAD, EDGBASTON",BIRMINGHAM,B15 2LD
C00132,ATLAS GROUP OF COMPANIES LTD,"UNIT 3B, HYTECH INDUSTRIAL ESTATE, 61 COLLINGHAM STREET",MANCHESTER,M8 8RQ
C00133,AFZAL AND SONS LTD,"157 NORTHMOOR RD, LONGSIGHT",MANCHESTER,M12 5RT
C00134,ADR ARCHITECTURE BARMUTO LIMITED,107 BANFORD ROAD,BIRMINGHAM,B3 1QS
C00135,AXOLOTL CLINIC LTD,"SUITE 5, 51-53 WHITMORE ROAD",BIRMINGHAM,B10 0NR
C00136,ALICO PROPERTY GROUP,1172 STRATFORD ROAD,BIRMINGHAM,B288AF
C00137,BANAH ANXT LIMITED,64 MOSELEY ROAD,MANCHESTER,M14 9ZF
C00138,AUSOME CHARLIE,"5 OAK TREE CLOSE, ALVECHURCH",BIRMINGHAM,B48 7PY
C00139,BORRANS PARK HOUSE MANAGEMENT LIMITED,5 HERITAGE GARDENS,MANCHESTER,M20 5HN
C00140,STUDIO BRICK LIMITED,STUDIO NINE,MANCHESTER,M1 1DB
C00141,BETHELWARE LTD,6 KEGWORTH RD,BIRMINGHAM,B23 7GR
C00142,BIOTREX LTD,WAGSTAFF WAY,BIRMINGHAM,B37 7GW
C00143,AA OPTIC LTD,145 YARDLEY FIELDS ROAD,BIRMINGHAM,B33 8RP
C00144,BDCMARKET TECHNOLOGIES,"FLAT 68 WICKETS TOWER, 2 WYATT CLOSE",BIRMINGHAM,B5 7TL
C00145,19 CHARLOTTE ROAD LIMITED,"86 ST. MARYS ROW, MOSELEY",BIRMINGHAM,B13 9EF
C00146,XSEED SOLUTIONS LIMITED,19 COTTON LANE,MANCHESTER,M20 4UX
C00147,ADAVNTCORE,BARTLE HOUSE,MANCHESTER,M2 3WQ
C00148,BRIT ECO HOMES LIMITED,29 ARRAN ROAD,BIRMINGHAM,B34 6DD
C00149,BLACK PANTHER CLOTHING,"SUITE 2A 6 FLOOR COBALT SQUARE, 83-85 HAGLEY ROAD",BIRMINGHAM,B16 8QG
C00150,BDPROTOTYPES,"FIRST FLOOR, SWAN BUILDINGS, SWAN STREET",MANCHESTER,M4 5JW
C00151,AMBRACIA HOLDINGS LTD,292 WAKE GREEN ROAD,,B13 9QP
C00152,ASLAM AND SONS LIMITED,7 SHEAF LANE,BIRMINGHAM,B26 3EJ
C00153,AMARMELIA LTD,47 SMIRRELLS ROAD,BIRMINGHAM,B28 0LA
C00154,ARROW GLOBAL SPV,"BELVEDERE, 12 BOOTH STREET",MANCHESTER,M2 4AW
C00155,AFSAR STORE,46A EDGBASTON ROAD,BIRMINGHAM,B12 9PB
C00156,1812 UK,"SUITE 46-47, FIFTH FLOOR THE WHITEHOUSE, 111 NEW STREET",,B2 4EU
C00157,BJ NARBOROUGH LTD,"COLMAN HOUSE, 121 LIVERY STREET",BIRMINGHAM,B3 1RS
C00158,ALFAISALS CATERING LIMITED,"166B SONEX CONSULTANCY C/O, ALCESTER ROAD",,B13 8HS
C00159,ASTON VERTICAL TRANSPORTATION CONSULTANTS LTD,"BRANSTON COURT, BRANSTON STREET",BIRMINGHAM,B18 6BA
C00160,ABANDX WHOLESALES LIMITED,"40 PRIMROSE STREET NORTH, TYLDESLEY",MANCHESTER,M29 8BQ
C00161,BEMISAL LTD,"169 MAULDETH ROAD WEST, WITHINGTON",MANCHESTER,M20 1BJ
C00162,13 PERFORMINO ARTS SCHOOL LTD,"100 LIVERPOOL ROAD, CADISHEAD",MANCHESTER,M44 5AN
C00163,BLOSSOMING LOTUS 668 LTD,"3A, WING YIP BUSINESS CENTRE, 278 THIMBLE MILL LANE",BIRMINGHAM,B7 5HD
C00164,BIRMINGHAM MOTOR TYRES LIMITED,"103-115 WALSALL ROAD, PERRY BARR",BIRMINGHAM,B42 1TU
C00165,AMNESIA BLONDE,115 MELTHAM AVENUE,MANCHESTER,M20 1FD
C00166,ADAM RECRUITMENT LIMITED,5TH FLOOR MARGOLIS BUILDING,MANCHESTER,M4 1DG
C00167,BOTANICAL ENG,"INTERNATIONAL HOUSE THE MCLAREN BUILDING, 46 THE PRIORY, QUEENSWAY",BIRMINGHAM,B4 7LR
C00168,BARA RECRUITMENT,280-282 CHURCH ROAD,BIRMINGHAM,B26 3YH
C00169,ANDRE TM,126 SOUTH ROAD,BIRMINGHAM,B23 6EL
C00170,ASC005A,"UNIT 18 PHOENIX BUSINESS PARK, AVENUE CLOSE",BIRMINGHAM,B7 4NU
C00171,AZAM AUTOS,136 WYCHBOLD CRESCENT,BIRMINGHAM,B33 9TD
C00172,ANTO LINE MCR LTD,334 SLADE LANE,,M19 2BL
C00173,CAPITAL HEIGHTS INVESTMENTS,"BARTLE HOUSE, 9 OXFORD COURT",MANCHESTER,M2 3WQ
C00174,BOSS TAXI RENTAL SERVICES,"10 KINGSLEY AVENUE, STRETFORD",MANCHESTER,M32 0UB
C00175,AJS SUPERSTORE LTD,"FIRST FLOOR, SWAN BUILDINGS, 20 SWAN ST",MANCHESTER,M4 5WW
C00176,AERO NODE TECHNOLOGY,ST. JOHN STREET 10,MANCHESTER,M3 4DY
C00177,ALL-TIME HIGH (ATH) ENTERTAINMENT LTD,45 BILSBORROW ROAD,MANCHESTER,M14 7TH
C00178,A V RACKS LIMITED,109-111 POPE STREET,BIRMINGHAM,B1 3AG
C00179,MOVE IT MARKETING,"INITIAL BUSINESS CENTRE, 7 WILSON BUSINESS PARK",MANCHESTER,M40 8WN
C00180,BAHIA SELLING GROUP LIMITED,56 CRAYTHORNE AVENUE,BIRMINGHAM,B20 1LL
C00181,BACKSIDE COMMERCIAL UK,"19 BECKSIDE, TYLDESLEY",MANCHESTER,M29 8JP
C00182,AL FAKHAMA FOR FABRICS AND LEATHER,"UNIT 7 INITIAL BUSINESS CENTRE, WILSON BUSINESS PARK",MANCHESTER,M40 8QN
C00183,ARS IMPORTS LIMITED,QUEENS ROAD,MANCHESTER,M8 8UQ
C00184,BGL BUILDING SERVICES,"26 THE GREEN, KINGS NORTON",BIRMINGHAM,B38 8SD
C00185,AVRAM INVESTMENTS,"C/O SF CHARTERED CERTIFIED ACCOUNTANTS FAIRGATE HOUSE, 205 KINGS ROAD",BIRMINGHAM,B11 2AA
C00186,ARAGSAN INDUSTRIAL LIMITED,64 NORMAN AVENUE,BIRMINGHAM,B32 2EY
C00187,ARISTEIA ACADEMY LTD,995 ALUM ROCK RD,BIRMINGHAM,B8 2LY
C00188,BEAMFEATURE AELJL LTD,192 CHORLEY ROAD,BIRMINGHAM,B21 5HH
C00189,ANR HEALTHCARE SERVICES,5 GLENCASTLE ROAD,MANCHESTER,M18 7QH
C00190,ARAKNET SOLUTIONS LTD,"STUDIO 9, 50-54 ST. PAULS SQUARE",,B3 1QS
C00191,AERO STAS,"ONYX HOUSE 12 PHOENIX BUSINESS PARK, AVENUE CLOSE",BIRMINGHAM,B7 4NU
C00192,BENZ COLLECTIVE LIMITED,C/O SLATER HEELIS LIMITED,MANCHESTER,M3 2ER
C00193,SCHOOL MANSIONS LTD,"UNIT 7 INITIAL BUSINESS CENTRE, WILSON BUSINESS PARK",MANCHESTER,M40 8WN
C00194,BRIDGELEAPER TRADING LIMITED,"INITIAL BUSINESS CENTRE UNIT 7, WILSON BUSINESS PARK",,M40 8WN
C00195,BENEFOOT (UK),"UNIT 1 BRANSON COURT, BRANSON ST",MANCHESTER,M40 7FP
C00196,BAS SUPERSTORE LIMITED,"11-13 CAWDOR STREET, ECCLES",MANCHESTER,M30 0GB
C00197,AGENCY NETWORK,"6 KEEPERS CLOSE, HOCKLEY",BIRMINGHAM,B18 5SN
C00198,BANYAN TREE ENTERPRISE,265 OLD WALSALL ROAD,BIRMINGHAM,B42 1HY
C00199,B J B PLUMBING SERVICES,"7 EMERSON DRIVE EMERSON DRIVE, MIDDLETON",MANCHESTER,M24 5UB
C00200,AOA CAFE & STREET FOOD LTD,139 WILBRAHAM ROAD,MANCHESTER,M14 7DS
C00201,BRITASIA TV NETWORK LTD,BROAD STREET,BIRMINGHAM,B15 1DT
C00202,ATHB TECHNOLOGIES LTD,"5-7 OXFORD PLACE, OXFORD PLACE",MANCHESTER,M14 5SF
C00203,BDFISH01 LTD,139 WILBRAHAM ROAD,MANCHESTER,M147DS
C00204,BIRTLES MILL FARM MANAGEMENT LIMITED,"67 WINDSOR ROAD, PRESTWICH",MANCHESTER,M250DB
C00205,BELFIQ,"FLAT 41, LOWTON COURT, TEDDINGTON ROAD",MANCHESTER,M40 0DW
C00206,ADIAN'S TROPICAL FUSION,"THE GOODSYARD ADIAN'S, 12 STATION WAY",BIRMINGHAM,B18 6FH
C00207,A&A COMMERCIAL REFRIGERATION LTD,15 GEORGE ROAD,BIRMINGHAM,B25 8JA
C00208,BLUE LAKE RESTAURANT,PLYMOUTH GROVE,MANCHESTER,M13 9LU
C00209,ALLCLEAR CLEARANCES,"UNIT 5, METRO TRIANGLE MOUNT STREET, NECHELLS",BIRMINGHAM,B7 5QT
C00210,AZIZ PROPERTY INVESTMENTS & DEVELOPMENT COMPANY,EBLEY ROAD,BIRMINGHAM,B20 2LX
C00211,A&J BESPOKE MUSIC,"FLAT 1, 26 EGERTON ROAD NORTH",MANCHESTER,M21 0SF
C00212,BAYT AL FANN,DICKENSON RD,MANCHESTER,M13 0NG
C00213,AL-JAWADAIN LTD,PARADISE LANE,BIRMINGHAM,B28 0DY
C00214,ART COURIER SERVICES UK LTD,36 BELLE WALK,BIRMINGHAM,B13 9DB
C00215,BRIGHT MODE,59A KNOWSLEY STREET,MANCHESTER,M8 8JF
C00216,BRIGHT SPARK BROKER TECH LIMITED,"1 WORSLEY COURT HIGH STREET, WORSLEY",MANCHESTER,M28 3NJ
C00217,21 DESIGN CONSTRUCTION LIMITED,WENTWORTH WAY 57,BIRMINGHAM,B32 2UX
C00218,BARGINZ LTD,LEIGHTON ROAD,MANCHESTER,M16 9NX
C00219,A. D. M. DIGITAL,"194 MEDLOCK ROAD, WOODHOUSES FAILSWORTH",MANCHESTER,M359NG
C00220,1TECHNO,SUITE 22C CITY TOWER,MANCHESTER,M1 4BT
C00221,ABIEL HOLDINGS LIMITED,INITIAL BUSINESS CENTRE,MANCHESTER,M40 8WN
C00222,S & M ML LTD,PARK PLACE,MANCHESTER,M4 4EY
C00223,BROOKHILL SUPERMARKET,495 ALUM ROCK RD,BIRMINGHAM,B8 3EA
C00224,ATLANTIC COPPER,"PICCADILLY BUSINESS CENTRE UNIT C, ALDOW ENTERPRISE PARK, BLACKETT ST",MANCHESTER,M12 6AE
C00225,BEARMORE PROPERTIES LTD,103 SELLY PARK ROAD,BIRMINGHAM,B29 7LH
C00226,BINKY HOLDINGS LTD,"ALEX HOUSE, 260-268 CHAPEL STREET, SALFORD",MANCHESTER,M3 5JZ
C00227,36 CHAMBERS CONSULTING LTD,25 FARM CRESCENT,MANCHESTER,M26 4LU
C00228,A L R MED LIMITED,"1 HARDMAN STREET, SPINNINGFIELDS",MANCHESTER,M3 3HF
C00229,BKD DEVELOPMENTS,"26 WORSLEY ROAD, WORSLEY",MANCHESTER,M28 2GQ
C00230,ANEKA RAD,28 SAPPHIRE HEIGHT,BIRMINGHAM,B1 3ES
C00231,BIRMINGHAM LEP COMPANY LIMITED,"C/O ALBANY SPC SERVICES LTD 3RD FLOOR, 3-5 CHARLOTTE STREET",MANCHESTER,M1 4HB
C00232,ADL REHAB LTD,223 SLADE LANE,MANCHESTER,M19 2GX
C00233,AARNAV LICITED,HARBORNE ROAD,BIRMINGHAM,B15 3HG
C00234,BH KITCHEN & BEDROOMS LTD,"1094A STRATFORD ROAD, HALL GREEN",BIRMINGHAM,B28 8AD
C00235,ANSTEE INDICATION SYSTEMX,"HOLBECHE HOUSE SHIRLEY ROAD, ACOCKS GREEN",BIRMINGHAM,B27 7NX
C00236,GRACEY AURIQ LIMITED,"21 RIVERMEAD ROAD, DENTON",MANCHESTER,M34 7PQ
C00237,AREOLITHIX,9 SANDRINGHAM STREET,MANCHESTER,M18 7BY
C00238,ASAAS GROUP,"UNIT 1, THE AMANAH MASJID 28 STRATFORD ST NORTH, SPARKBROKE",BIRMINGHAM,B11 1BP
C00239,SME SERVICES LTD,"UNIT 7 INITIAL BUSINESS CENTRE, WILSON BUSINESS PARK",MANCHESTER,M40 8WN
C00240,BECURA LIFESCIENCES UK LTD,"SUBHAJIT CHATTERJEE PICCADILLY BUSINESS CENTRE, BLACKETT STREET",MANCHESTER,M12 6AE
C00241,ADD HOUSING LTD,63 KINGSWAY,MANCHESTER,M19 2LL
C00242,BELVALE ESTATES,"BARTLE HOUSE, 9 OXFORD COURT",MANCHESTER,M2 3WQ
C00243,ARTNEER,"UNIT 6, GROUND FLOOR, RUTHERFORD HOUSE, PENCROFT WAY",MANCHESTER,M15 6JJ
C00244,4AWH P04,"BROWNE JACOBSON LLP (CS) 15TH FLOOR, 103 COLMORE ROW",BIRMINGHAM,B3 3AG
C00245,ARROW CLEANING SERVICES,"38 SOVEREIGN ROAD, KINGS NORTON BUSINESS CENTRE",BIRMINGHAM,B30 3HN
C00246,AL ATIF & AYAAN LTD,OFFICE 12,MANCHESTER,M40 8WN
C00247,AUTISM ASSESSORS LTD,9 PAINSWICK ROAD,BIRMINGHAM,B28 0HE
C00248,AUTOAMTION RECRUITMENT SOLUTIONS LTD,"8 BIRCH ROAD, REDNAL",BIRMINGHAM,B45 9DP
C00249,BABX TRADE LTD,"FLAT 4 29 VICTORIA ROAD, STECHFORD",BIRMINGHAM,B33 8AL
C00250,AVORA HOUSING LTD,"2ND FLOOR, 9 PORTLAND STREET",MANCHESTER,M1 3BE
C00251,APEO GL LTD,"FLAT 2409 VIADUX, 42 GREATBRIDGE WATER ST,",MANCHESTER,M1 5LP
C00252,BASINO,"REGUS 3RD FLOOR, 82 KING ST",MANCHESTER,M2 4WQ
C00253,BLACK AXLE LTD,"THE HOLLOWAY, APARTMENT 301, 12 ELLIS STREET",BIRMINGHAM,B1 1HL
C00254,ADAM CONSTRUTION ENGINEERING LTD,19/21 HATCHETT ST,BIRMINGHAM,B19 3NX
C00255,BCL HOLD CO LTD,122 EMILY STREET,BIRMINGHAM,B12 0XJ
C00256,ALLIED LONDON HOLDCO TWO,"C/O ALLIED LONDON, SUITE 1, BONDED WAREHOUSE, 18 LOWER BYROM STREET",MANCHESTER,M3 4AY
C00257,APEX SIA TRAINING,1 1F MOUNT RD,MANCHESTER,M18 7BG
C00258,ASHTON PACKET BOAT CO. LIMITED,"211 ST ANNES ROAD, DENTON",MANCHESTER,M34 3BT
C00259,AW8 EXECUTIVE LTD,"5 GEORGE ROAD, EDGBASTON",BIRMINGHAM,B15 1HP
C00260,BMM HIRE CARS LTD,54 LOUISA STREET,MANCHESTER,M11 1AN
C00261,AMNESIA BLONDE LIMITED,"115 MELTHAM AVENUE, WITHINGTON",MANCHESTER,M201FD
C00262,ALPHA2 FOOD,"534 STOCKPORT ROAD,",MANCHESTER,M12 4JJ
C00263,2827 MANAGEMENT LTD,"369 HAGLEY ROAD WEST, QUINTON",BIRMINGHAM,B32 2AL
C00264,ADRIAN COURIER SERVICES,"59 ALCOMBE GROVE, STECHFORD",BIRMINGHAM,B33 8SB
C00265,BETA ENERGY DIRECT LIMITED,KING STREET,MANCHESTER,M2 4NH
C00266,BAISAN LTD,41 DROITWICH RD,MANCHESTER,M40 8ED
C00267,ASTON FOF LICENCE LTD,405 WITTON RD,BIRMINGHAM,B6 6SP
C00268,5 STARR FLAVA,78 WITTON LODGE ROAD,BIRMINGHAM,B23 5AH
C00269,A M PROPERTIES (WEST MIDLANDS) LIMITED,"146 REGINALD ROAD, SALTLEY",BIRMINGHAM,B8 1LU
C00270,AUTOMATION.DANI LIMITED,111 HOMELEA RD,BIRMINGHAM,B25 8TD
C00271,BEARDMORE MEDIA,"5 BRUNDRETTS ROAD, CHORLTON",MANCHESTER,M21 9DA
C00272,BRISTOW & ARDY,"1ST FLOOR, BRIDGE STREET STUDIOS, 62 BRIDGE STREET",MANCHESTER,M3 3BW
C00273,ATH LOCUM SERVICES LIMITED,"19 SOUTHAM ROAD, HALL GREEN",BIRMINGHAM,B28 8DG
C00274,BENJAMIN PROPERTIES (UB),"193A STATION ROAD, STECHFORD",BIRMINGHAM,B33 8BB
C00275,ALSADAD FIRST LTD,SIDDINGTON AVENUE 12,MANCHESTER,M20 1AT
C00276,ACOCKS GREEN LASER PRACTICE LTD,1078 WARWICK ROAD,BIRMINGHAM,B27 6BH
C00277,AUTOSEC,15 MUNN ROAD,MANCHESTER,M9 0WW
C00278,AMV LEGAL,"INTERNATIONAL HOUSE, 61 MOSLEY STREET",MANCHESTER,M2 3HZ
C00279,AUCTERIS LIMITED,"BELVEDERE, 12 BOOTH STREET",MANCHESTER,M2 4AW
C00280,BIRMINGHAM BUSINESS PARK (PLOTS 6110-6160) MANAGEMENT COMPANY,"6TH FLOOR,55, COLMORE ROW",BIRMINGHAM,B3 2AA
C00281,AB PHARMASERVE LTD,183 CHERRYWOOD RD,BIRMINGHAM,B9 4XE
C00282,BRAINIX LIMITED,171 SLADE LANE,MANCHESTER,M19 2AE
C00283,77 EDGE LANE LIMITED,"FLAT 4 77 EDGE LANE, STRETFORD",MANCHESTER,M32 8PA
C00284,ABSOLUTE GROUP HOLDINGS UK LIMITED,"JUBILEE WORKS GORSEY LANE, COLESHILL",BIRMINGHAM,B46 1JU
C00285,BIRMINGHAM SPECIALIST GLASS COMPANY LIMITED,"100 EDWARD ROAD, BALSALL HEATH",BIRMINGHAM,B12 9LS
C00286,BRIDGE TOWN INTERIORS LIMITED,"TAXBELL ASSOCIATES LIMITED, THE BEE HIVE OFFICES 1ST FLOOR, SUITE 112A, 53 DERBY ST",MANCHESTER,M8 8HW
C00287,AYDIN TECHNOLOGY AND CONSULTANCY LTD,"INTERNATIONAL HOUSE, 61 MOSLEY STREET",MANCHESTER,M2 3HZ
C00288,AMON HOUSING LTD,"YARDLEY ROAD, ACOCKS GREEN 116",BIRMINGHAM,B27 6LG
C00289,786 MANAGEMENT LTD,199 GOLDEN HILLOCK RD,BIRMINGHAM,B11 2PN
C00290,BILIV CARE,8 GRIMSHAW ROAD,BIRMINGHAM,B27 7SN
C00291,ASSET RESIDENTIAL (ESTATES) LIMITED,"UNIT 6, SIRIUS, 95, JOHN BRIGHT STREET",BIRMINGHAM,B1 1BU
C00292,ARLOW (BURY OLD ROAD),2 DERWENT AVENUE,MANCHESTER,M21 7QP
C00293,ELEGAS (BIRMINGHAM),81 STOUR STREET,BIRMINGHAM,B18 7AJ
C00294,BE LEGAL SERVICES LTD,"426 STOCKFIELD ROAD, YARDLEY",BIRMINGHAM,B25 8JJ
C00295,ATLANTIC SPRINGS CONSULTING,"STUDIO 9, 50-54 ST. PAULS SQUARE",BIRMINGHAM,B3 1QS
C00296,BEAUTY RIAZ LTD,22 ALBERT ROAD,MANCHESTER,M19 2FP
C00297,ALL PLUS MANAGEMENT TWO,C/O ALLIED LONDON,MANCHESTER,M3 4AP
C00298,ACADEMIC MEDIA GROUP LIMITED,"INTERNATIONAL HOUSE, 61 MOSLEY STREET",,M2 3HZ
C00299,ALMIGHTY FIGHTING CHAMPIONSHIP LTD,527 MOSELEY ROAD,BIRMINGHAM,B12 9BU
C00300,ASAS ENTERPRISES LIMITED,"107 CHESTNUT DRIVE, ERDINGTON",BIRMINGHAM,B24 0DR
C00301,EMMA SMITH VIRTUAL ASSISTANT,34 RUABON ROAD,MANCHESTER,M20 5LW
C00302,AB SAME DAY SERVICES LTD,70 WARREN ROAD,BIRMINGHAM,B8 2YL
C00303,B2C RTEAIL LTD,UNIT 7D BEALEY INDUSTRIAL ESTATE DUMERS LANE,MANCHESTER,M26 2BD
C00304,BEAUMONT CONSULTING (UK),"35 BEAUCHAMP AVENUE, HANDSWORTH WOOD",BIRMINGHAM,B20 1DR
C00305,MODE BMD LIMITED,"UNIT 4 FOURNIER HOUSE, 8 TENBY STREET",BIRMINGHAM,B1 3AJ
C00306,BEST SHAWARMA PALACE,"25 UNION STREET,, UNIT 1",BIRMINGHAM,B2 4YX
C00307,AS OUTDOOR SOLUTIONS LTD,"376 WALSALL ROAD, PERRY BARR",BIRMINGHAM,B42 2LX
C00308,ARMANY WEST LIMITED,"PICCADILLY BUSINESS CENTRE UNIT C ALDOW ENTERPRISE PARK, BLACKETT STREET",MANCHESTER,M12 6AE
C00309,AZGOR & CO,WILBRAHAM ROAD,MANCHESTER,M14 7DS
C00310,BIRRING CAPITAL LTD,"ONYX HOUSE 12 PHOENIX BUSINESS PARK, AVENUE CLOSE",BIRMINGHAM,B7 4NU
C00311,365 24/7 INTERNATIONAL LIMITED,"106 RUSSELL ROAD, HALL GREEN",BIRMINGHAM,B28 8SG
C00312,ASTON MEICAL TECHNOLOGY LIMITED,5 SELWYN ROAD,BIRMINGHAM,B16 0SH
C00313,ADDER-VAX LIMITED,"RENOLD BUILDING, 32A, ALTRINCHAM STREET",MANCHESTER,M1 7JR
C00314,ADVOCATE PUBLIC AFFIARS (MIDLANDS),"UNIT 3 CUCKOO WHARF, LICHFIELD ROAD",BIRMINGHAM,B6 7SS
C00315,EXPERTS FAKHAMA LIMITED,"199 QUEENS ROAD, ERDINGTON",BIRMINGHAM,B27 0FE
C00316,774 LETTINGS LIMITED,"47 SELLY PARK ROAD, SELLY PARK",BIRMINGHAM,B29 7PH
C00317,BPF CLINICAL CONSULTING LTD,"11 DARTFORD AVENUE, ECCLES",MANCHESTER,M30 8NF
C00318,ASCENDANCY PROPERTY INVESTMENTS,"52 ORCHARD AVENUE, WORSLEY",MANCHESTER,M28 1FT
C00319,AKM LEGAL SERVICES LIMITED,"LIFFORD HALL LIFFORD LANE, KINGS NORTON",BIRMINGHAM,B30 3JN
C00320,BIRCH PARK INVESTMENTS LIMITED,2ND FLOOR PARKGATES BURY NEW ROAD,MANCHESTER,M25 0TL
C00321,AMINGTON INVESTMENTS LIMITED,"AMINGTON HOUSE, 95 AMINGTON ROAD",BIRMINGHAM,B25 8EP
C00322,AEU PROPERTIES,"7 JENNY STREET, WORSLEY",,M28 3ZJ
C00323,BENZ BAKERH,"67 WINDSOR ROAD, PRESTWICH",MANCHESTER,M25 0DB
C00324,BLUESKY35 LTD,35 FERNDALE RD,BIRMINGHAM,B28 9AU
C00325,ATLAS CAREERS,"10 DAVENTRY GROVE, QUINTON",BIRMINGHAM,B32 1JA
C00326,A&M CARPET CLEANING LTD,146 OLDKNOW ROAD,BIRMINGHAM,B10 0HX
C00327,ASMAR CAPITAL,"TIMEPLAN HOUSE, 170 HOLLIDAY STREET",BIRMINGHAM,B1 1TJ
C00328,ADAMS & BENNETT HOLDINGS LIMITD,"425 - 429 COVENTRY ROAD, SMALL HEATH",BIRMINGHAM,B10 0TH
C00329,AEW ARCHITECTS LIMITED,"TRINITY COURT, 16 JOHN DALTON STREET",MANCHESTER,M2 6HY
C00330,PRO SA STUDY ADVISORS & IMMIGRATION LTD.,17 CROSSFIELD ROAD,BIRMINGHAM,B33 9HS
C00331,ALLA PROPERTIES LTD,123 AYRES ROAD,MANCHESTER,M16 9NR
C00332,BRIXBERG BOOSTERS LTD,"21 CHESTER ROAD, CASTLE BROMWICH",MANCHESTER,M4 5JW
C00333,BAHH NQ LIMITED,"BARTLE HOUSE, OXFORD COURT",MANCHESTER,M2 3WQ
C00334,ASPINGTON LTD,651A MAULDETH RD WEST,MANCHESTER,M21 7SA
C00335,ASHCOTT SOLICITORS,"5TH FLOOR STREET JAMES TOWER, 7 CHARLOTTE ST",MANCHESTER,M1 4DZ
C00336,AROSA DRIVE MANAGEMENT CO. LIMITED,"C/O PRINCIPLE ESTATE SERVICES LIMITED, 137 NEWHALL STREET",BIRMINGHAM,B3 1SF
C00337,BRANDLOVE CONSULTING LIMITED,48 RINGLEY DRIVE,MANCHESTER,M45 7LR
C00338,APPLE WHITE PROPERTY SOLUTIONS LIMITED,27 BANNERS WALK,BIRMINGHAM,B44 0TB
C00339,BOOST PMO SERVICES LTD,51 ALEXANDRA ROAD,MANCHESTER,M30 7HH
C00340,A&D QUICK MAINTENANCE LTD,2 TARPORLEY AVENUE,MANCHESTER,M147EQ
C00341,ARM CONSULTANTS,WASHWOOD HEATH,BIRMINGHAM,B8 1RQ
C00342,1ST PREMIER BASE LIMITED,"FIRST FLOOR, SWAN BUILDINGS, 20 SWAN STREET",MANCHESTER,M4 5JW
C00343,BOOKFOLIO LTD,26 JOHN HOGAN V C ROAD,MANCHESTER,M40 7QU
C00344,ANTARII,"SWAN BUILDING, 20 SWAN ST",MANCHESTER,M4 5JW
C00345,A&A MAX,"FLAT 1 7 TALBOT ROAD, OLD TRAFFORD",,M16 0QL
C00346,AFTER FUN,416 KITTSGREEN ROAD,BIRMINGHAM,B33 0DP
C00347,ABBS 4 PROPERTIES,"HARPAL HOUSE 14 HOLYHEAD ROAD, HANDSWORTH",BIRMINGHAM,B21 0LT
C00348,AR NEUROLOGY,419 COVENTRY RD,BIRMINGHAM,B10 0TH
C00349,ACCIDENT ADVICE INSUARNCE MANAGEMENT GROUP,"FIRST FLOOR, LEE HOUSE, 90 GREAT BRIDGEWATER STREET",MANCHESTER,M1 5JW
C00350,AIR AND ACOUSTI CONSULTANTS (BIRMINGHAM),"EDMUND HOUSE 12-22, NEWHALL STREET",BIRMINGHAM,B3 3AS
C00351,BRIGHT EYES DAY CARE HOLDINGS,584 KINGSTANDING ROAD,BIRMINGHAM,B44 9SH
C00352,BELFORD CONTRACT REFURBISHENT,"249 ALEXANDER ROAD, ACOCKS GREEN",BIRMINGHAM,B27 6EU
C00353,AMPLEXA CARE,"BARTLE HOUSE, OXFORD COURT",MANCHESTER,M2 3WQ
C00354,BODY MEND THERAPHY LTD,5 SHAWBERRY AVENUE,BIRMINGHAM,B35 6QU
C00355,BLUE TAR OCEAN,225A GREAT WESTERN STREET,MANCHESTER,M14 4LG
C00356,BADRE RESTAURANT 2,GROUND FLOOR 13 ST.,BIRMINGHAM,B13 8HW
C00357,ASCENTRIC CONSULTING,15 SYLVIA PANKHURST WAY,,M13 9NJ
C00358,BASILEIA CAPITAL LIMITED,"6 BOTANICAL CLOSE, MIDDLETON",MANCHESTER,M24 6FA
C00359,AIDAS CONSULTING,"FIRST FLOOR 24 HIGH STREET, KINGS HEATH",BIRMINGHAM,B14 7JT
C00360,APIMIRAB,"UNIT 7, 73 SHERBORNE STREET",,M8 8NU
C00361,BLUE OAK PROPERTY GROUP LTD,HIGH STREET 111,BIRMINGHAM,B23 6SA
C00362,AVALON HEALTH AND SAFETY TRAINING LTD,"UNIT 16 SAWLEY ROAD, MILES PLATTING",MANCHESTER,M40 8BB
C00363,BARONS MANOR PARK CLASSICS APP LIMITED,"145 ASHVILLE AVENUE, CASTLE BROMWICH",MANCHESTER,M2 5GP
C00364,BMEALS,3.17 57 DALE STREET,,M1 2HS
C00365,AIU HOMES LIMITED,22 BEACHBURN WAY,BIRMINGHAM,B20 2AU
C00366,WORLDWIDE FOODS LONGSIGHT LIMITED,24 SLADE LANE,MANCHESTER,M13 0TE
C00367,BIDEFORD RETAIL,32-34 BIDEFORD DRIVE,MANCHESTER,M23 0ZN
C00368,JASM1NE LIMDTED,UNIT 7 INITIAL BUSINESS CENTER,MANCHESTER,M40 8WN
C00369,ARC CLADDING SOLUTIONS LTD,"42 DUNKERLEY AVENUE, FAILSWORTH",MANCHESTER,M35 0EB
C00370,BOSWELL INTERNATIONAL LIMITED,WOOLWICH HOUSE,MANCHESTER,M2 3HZ
C00371,AMRO AMASHA LIMITED,"30 PARKFIELD ROAD, ALUM ROCK",BIRMINGHAM,B8 3AU
C00372,BLASTLINE,"EDGE LANE, DROYLSDEN",MANCHESTER,M43 6BU
C00373,CWJTMT DESIGN LIMITED,"7B ST MICHAEL'S COURT WARSTONE PARADE EAST, JEWELLERY QUARTER",BIRMINGHAM,B18 6NR
C00374,BRIDGEX COMMERCE,"MIRAGE HOUSE 25-27, ST. CHADS ST",MANCHESTER,M8 8QA
C00375,AYAAN&YAHYA LTD,100-102 SALE ROAD,MANCHESTER,M23 0BX
C00376,312 PROPERTY 01 BRAINCH LTD,43 NELL LANE,MANCHESTER,M40 8AW
C00377,AWSM GLOBAL SERVICES LTD,4 CHERRY LEA,BIRMINGHAM,B34 6TJ
C00378,8864 INVESTMENTS LIMITED,189 MAULDETH RD,MANCHESTER,M19 1BA
C00379,BLUEBRIDGE ADVISORY LIMITED,UNIT 4 HOCKLEY INDUSTRIAL ESTATE,BIRMINGHAM,B18 6PT
C00380,VOYAGER GP UK LTD,"BELVEDERE, 12 BOOTH STREET",MANCHESTER,M2 4AW
C00381,GOPU UK LIMITED,7 SIDDALL ST,MANCHESTER,M12 4GE
C00382,ALIPUR TAKEAWAY LIMITED,"133 PARTINGTON LANE, SWINTON",MANCHESTER,M27 0NS
C00383,BANKFIELD PROPERTIES LTD,"MSS HOUSE BANKFIELD ROAD, TYLDESLEY",MANCHESTER,M29 8QH
C00384,ATLANTIS TUTORING LTD,"125 CHURCH LANE, HANDSWORTH",BIRMINGHAM,B20 2HJ
C00385,365 LANDSCAPING LTD,"74 TREEN ROAD, TYLDESLEY",MANCHESTER,M29 7HA
C00386,BAGBLOXX,KENSAL DRIVE,MANCHESTER,M20 2NE
C00387,BESTWAY CONSULTING LTD,"OFFICE 620 INITIAL BUSINESS CENTRE, WILSON BUSINESS PARK",MANCHESTER,M40 8WN
C00388,A C PLANT GLAZING LIMITED,"UNIT 4 COAL PIT LANE, ATHERTON",MANCHESTER,M46 0FY
C00389,ASTLEY HEALTHCARE,32 DENISON RD,MANCHESTER,M14 5SQ
C00390,ABRAHAM FOLD MANAGEMENT COMPANY LIMITED,"253 MONTON ROAD, ECCLES",MANCHESTER,M30 9PS
C00391,BEIS PROPERTY,"REEDHAM HOUSE, 31 KING ST WEST",MANCHESTER,M3 2BJ
C00392,ASTLEY ROOMS LTD,369 HAGLEY ROAD WEST,BIRMINGHAM,B32 2AL
C00393,ARA COMMERCIAL MANAGEMENT,"C/O WILLIAMSON & CROFT YORK HOUSE, 20 YORK STREET",MANCHESTER,M2 3BB
C00394,ALLGOOD HOLDINGS LTD,63-83 BREARLEY ST,BIRMINGHAM,B19 3NT
C00395,AGRSOFT LTD,"3 ASHBOURNE GROVE, FENTHEM ROAD, ASTON",BIRMINGHAM,B6 6AY
C00396,BOURNVILLE FLOWERS & PLANTS LIMITED,"43 SYCAMORE ROAD, BOURNVILLE",BIRMINGHAM,B30 2AA
C00397,S KHAN ASSOCIATE,"3RD FLOOR, 82 KING STREET",MANCHESTER,M2 4WQ
C00398,BAL & INDRA PROPERTIES,5 MEAD AVENUE,BIRMINGHAM,B16 0QW
C00399,BOGDAN&PATRICK LPD,67 HAWTHORN ROAD,BIRMINGHAM,B44 8QT
C00400,AVENSURE PEOPLECLOUD,"4TH FLOOR, ST JOHNS HOUSE, 2-10 QUEEN STREET",MANCHESTER,M2 5JB
C00401,AL-SUMOUD INVESTMENT UNION,"UNIT 7 INITIAL BUSINESS CENTRE, WILSON BUSINESS PARK",MANCHESTER,M40 8WN
C00402,AME CHOPPER LIMITED,69 GREAT HAMPTON ST,BIRMINGHAM,B186EW
C00403,A-Z COMMUNICATION SERVICES LIMITED,253 ALCESTER RD SOUTH,BIRMINGHAM,B14 6DT
C00404,BAHAY DEVELOPMENTS,"87 COLESHILL ROAD, MARSTON GREEN",,B37 7HT
C00405,ADRIEL LEGAL SOLUTIONS,"OFFICE 6 BRIGHTON HOUSE 1 TURKS ROAD, RADCLIFFE",MANCHESTER,M26 4PY
C00406,BRIMCO BRADSHAW LTD,"NO 360 125 DEANSGATE, 125 DEANSGATE",MANCHESTER,M3 2BY
C00407,AKABOL LIMITED,"54 SOUTHDOWN CRESCENT, CHARLESTOWN",MANCHESTER,M9 7DG
C00408,SIMPLE HEATHCARE SERVICES LIMITED,"THE SPENCER, 20 AUGUSTA STREET",BIRMINGHAM,B18 6JL
C00409,AIR TOOLS & COMPRESOSR SERVICES 2000,"UNITS 1 2 3, WATERLOO AVENUE INDUSTRIAL ESTATE BURHILL WAY",BIRMINGHAM,B37 6RT
C00410,BEAUTY AND SCISSORS LTD,9 WESTLEY ROAD,BIRMINGHAM,B27 7UQ
C00411,ADAM & KAMRAN LTD,"44 SLADE ROAD, ERDINGTON",,B23 7PG
C00412,AREEZ LTD,11 DEAKINS ROAD,BIRMINGHAM,B25 8DX
C00413,AWAN STUDIO LTD,"PICCADILLY BUSINESS CENTRE, UNIT C, BLACKETT STREET",MANCHESTER,M12 6AQ
C00414,AAA GLAZING SYSTEMS LIMITED,196 BLACKCARR ROAD,MANCHESTER,M23 1PA
C00415,AURA TRADING GROUM,281 BARNES HILL,BIRMINGHAM,B29 5TX
C00416,AMD INFOSEC LTD,"181 CHARLBURY CRESCENT, YARDLEY",BIRMINGHAM,B18 5SQ
C00417,ALETHEIA ACCOUNTING SERVICES,MORLAND RD 1,MANCHESTER,M16 9WZ
C00418,ALLIANCE OF GREEN BUILDERS LTD,"THE ORCHARD, ROCKWELL LANE",BIRMINGHAM,B487QT
C00419,9N TECHNOLOGIES LIMITED,"FIRST FLOOR, SWAN BUILDINGS, 20 SWAN ST",MANCHESTER,M4 5JW
C00420,MSA ACCOUNTANCY,350 DICKENSON ROAD,MANCHESTER,M130NG
C00421,BIK TRANSPORT LTD,"295 YARDLEY ROAD, YARDLEY",BIRMINGHAM,B25 8NA
C00422,ANDERSEN JAMES GROUP LIMITED,"TOWER 12 PT LEVEL 9 TOWER 12, 18-22 BRIDGE STREET",MANCHESTER,M3 3BZ
C00423,BEPILATES LIMITED,"1ST FLOOR, 98-100 HOSPITAL STREET",BIRMINGHAM,B19 3QP
C00424,BISHOPS ASSOCIATES LIMITED,"UNIT 7 INITIAL BUSINESS CENTRE,, WILSON BUSINESS PARK, MONSALL ROAD",MANCHESTER,M40 8WN
C00425,ALDOAA LTD,TIXALL RD,BIRMINGHAM,B28 0RS
C00426,ASHCHILD,15 BULLER RD,MANCHESTER,M13 0PP
C00427,ALLIED LONDON DEVELOPMENT MANAGEMENT HOLDCO LIMITED,C/O ALLIED LONDON,MANCHESTER,M3 4AP
C00428,ASPIRIS LD,"OFFICE 3.22, 02 UNIVERSAL SQUARE, DEVONSHIRE STREET NORTH,",MANCHESTER,M12 6JH
C00429,AKHTAR AND SON,"FIRST FLOOR, ARDEN HOUSE, TALBOT WAY",BIRMINGHAM,B10 0HJ
C00430,BROOMWOOD ESTATES LIMITED,"SUITE 106, JUNCTION HOUSE JUNCTION ECO PARK, RAKE LANE, SWINTON",MANCHESTER,M27 8LU
C00431,AIMAG LIMTED,"25 WELLSTOCK LANE, LITTLE HULTON",MANCHESTER,M38 9TX
C00432,ASTRAL SEARCH LIMITED,"8TH FLOOR, NO. 1 SPINNINGFIELDS, HARDMAN SQUARE",MANCHESTER,M3 3EB
C00433,AU CRAETIVE LTD,"8.02 THE SOUTHSIDE BUILDING, 31 HURST STREET",BIRMINGHAM,B5 4BD
C00434,ARDELA LIMITED,"ARDELA LIMITED BIRMINGHAM OFFICE 1, IZABELLA HOUSE 24-26 REGENT PLACE",BIRMINGHAM,B1 3NJ
C00435,ANSARYS,"UNIT 18 CHEETHAM HILL SHOPPING CENTRE, 40 BURY OLD ROAD",MANCHESTER,M8 5EL
C00436,RESIDENTIAL BABOON LTD,"166 A MAULDETH ROAD WEST, CHORLTON",MANCHESTER,M40 0SW
C00437,BROPHY RIAZ & PARTNERS LIMITED,"48A HYLTON STREET, JEWELLERY QUARTER",BIRMINGHAM,B18 6HN
C00438,APEX LOOPS LTD,292 WAKE GREEN ROAD,BIRMINGHAM,B13 9QP
C00439,A.B. HARDWARE DIY AND GIFTS LTD,"164 WALKDEN ROAD, WORSLEY",MANCHESTER,M28 7DP
C00440,BEST 4 BUSINESS COMMUNICATIONS,SHELDON CHAMBERS,BIRMINGHAM,B26 3NW
C00441,A5 PRODUCTS LTD,"UNIT H SPRINGHILL BUSINESS PARK, 114 STEWARD ST",BIRMINGHAM,B18 7AF
C00442,ARCADIA INNOVATION LTD,LEAHILL CROFT,BIRMINGHAM,B37 5JN
C00443,BALKAN PROPERTY MAINTENANCE LTD,"75 TEDSTONE ROAD, QUINTON",BIRMINGHAM,B32 2PB
C00444,BELLA BAGS UK LIMITED,DERBY STREET,MANCHESTER,M8 8HN
C00445,ABDULLAH AL AYAN LTD,"OFFICE 12, INITIAL BUSINESS CENTRE, WILSON BUSINESS PARK",MANCHESTER,M40 8WN
C00446,AYDO-DEUTSCHLAND LTD,"UNIT 620 INITIAL BUSINESS CENTRE, WILSON BUSINESS PARK",MANCHESTER,M40 8WN
C00447,BISMILLAH COMPLIANCE SOLUTIONS LIMITED,39 HILLFIELD RD,BIRMINGHAM,B11 3LS
C00448,AHA PHARM LIMITED,"7 LINCOLN AVENUE, STRETFORD",MANCHESTER,M32 9TU
C00449,BERESFORD PROPERTY SOLUTIONS,"1 DAVYHULME CIRCLE DAVYHULME CIRCLE, URMSTON",,M41 0ST
C00450,BLUE KITE HOUSING LTD,8 ENDSLEIGH GROVE,BIRMINGHAM,B28 8NU
C00451,ACME CLEANING SERVICES LIMITED,"16 NEWHALL PLACE, 16-17 NEWHALL HILL",BIRMINGHAM,B1 3JH
C00452,BAHDR GROUP LTD,17 CHALFONT ROAD,BIRMINGHAM,B20 3RF
C00453,AL-MIRZA UNITED LTD,"UNIT 7 INITIAL BUSINESS CENTRE, WILSON BUSINESS PARK",,M40 8WN
C00454,AJG PROPERTY INVESTMENTS (MIDLANDS),"LIFFORD HALL LIFFORD LANE, KINGS NORTON",BIRMINGHAM,B30 3JN
C00455,BRAVO BRV LIMITED,APARTMENT 1219 NOBEL WAY,MANCHESTER,M1 7FY
C00456,BROOMFIELD LEASEHOLDER LIMITED,77 HOLYHEAD ROAD,BIRMINGHAM,B21 0LG
C00457,BASKETLY LTD,SEDDON STREET 31,MANCHESTER,M12 4GP
C00458,AMOS HOUSING LIMITED,33 ROSLIN GROVE,BIRMINGHAM,B19 2HT
C00459,AMAL AL DAEM FOR BUSINESS LTD,"UNIT 7 INITIAL BUSINESS CENTRE, WILSON BUSINESS PARK",MANCHESTER,M40 8WN
C00460,BLING HOME DECOR,5 CLIFFDALE DRIVE,MANCHESTER,M8 4QF
C00461,ANALTICA,"15 RANDS CLOUGH DRIVE, BOOTHSTOWN, WORSLEY",MANCHESTER,M28 1HJ
C00462,AVENIX GROUP,144 MANCHESTER ROAD,MANCHESTER,M16 0DZ
C00463,AVELA STAYS LIMITED,"20 SWAN STREET, FIRST FLOOR, SWAN BUILDINGS",MANCHESTER,M4 5JW
C00464,WORLDWIDE FOODS FRUIT & VEGETABLE MERCHANTS LIMITED,24 SLADE LANE,MANCHESTER,M13 0QE
C00465,ACTIVITEE GROUP LTD,84 ABBOTSFORD ROAD,BIRMINGHAM,B11 1PB
C00466,AH INSULATION AND HEATING LTD,83 BENNETTS ROAD,,B8 1QJ
C00467,SAINT CREATIVE STUDIOS LIMITED,260 HOSPITAL STREET,BIRMINGHAM,B19 2YF
C00468,ARABS IN UK,87 ALCESTER ROAD,BIRMINGHAM,B13 8EB
C00469,ADMS ASSOCIATES LIMITED,19 TYSELEY LANE,BIRMINGHAM,B11 3PT
C00470,BRICK SECURE (HOLDINGS) LTD,80 MOSTON LANE EAST,MANCHESTER,M40 3QY
C00471,A&P LOTIONS AND POTIONS LIMITED,361 YARDLEY WOOD ROAD,BIRMINGHAM,B13 9LD
C00472,ATREUS CORPORATION LIMITED,29 OLD CHURCH STREET,MANCHESTER,M40 2JN
C00473,A.K. GARMENTS (MCR) LIMITED,1 A K GARMENTS LTD,MANCHESTER,M8 8WA
C00474,AXIRA LOGISTICS,"19 BEECHCROFT SEDGLEY PARK ROAD, PRESTWICH",MANCHESTER,M25 0AL
C00475,ANAMARIA CLEANING EXPERTS,15 CHURCHILL ROAD,BIRMINGHAM,B9 5NY
C00476,ASF REAL ESTATES,121 LIVERY STREET,BIRMINGHAM,B3 1SS
C00477,ASG ELECTRICAL NORTH WEST LIMITED,"BRITANNIC HOUSE 657 LIVERPOOL ROAD, IRLAM",MANCHESTER,M44 5XD
C00478,AYRAAA,19 HILLSIDE CLOSE,MANCHESTER,M40 9PQ
C00479,BARETA CLEANPRO GROUP,15 QUEENS ROAD,BIRMINGHAM,B23 7JP
C00480,AA&F PROPERTY LIMITEP,"SUITE 46-47 FIFTH FLOOR, THE WHITEHOUSE, 111 NEW STREET",BIRMINGHAM,B2 4EU
C00481,BESPOKE BATHROOM SPECIALISTS LTD,"3 DALEBANK, ATHERTON",MANCHESTER,M46 9PE
C00482,BOOTH'S PLUBMING AND HEATING SERVICES LIMITED,"4 BROOMEHOUSE AVENUE, IRLAM",MANCHESTER,M44 5FT
C00483,ENGINEERING RESOURCE NORTHERN,"4 TAN PITS CLOSE, ASTLEY",MANCHESTER,M29 7FG
C00484,BOURNE TO FRY LTD,77 HOLYHEAD ROAD,BIRMINGHAM,B21 0LG
C00485,BROOME AND WELLINGTON (USA),"3RD FLOOR BARLOW HOUSE, 4 MINSHULL ST",MANCHESTER,M1 3DZ
C00486,A2E ENTERPRISES,1 MARSDEN STREET,MANCHESTER,M2 1HW
C00487,ALLOPATHIC HEALTHCRAE LTD,65 WOOLMORE ROAD,BIRMINGHAM,B23 7EB
C00488,BLUE ROCK PAPER MERCHANTS LTD,280-282 CHURCH ROAD,BIRMINGHAM,B26 3YH
C00489,AMZ MANAGEMENT,MOSELEY ROAD,BIRMINGHAM,B12 9BX
C00490,BOARDMANS HOLDINGS LIMITED,"UNIT 10 CLARENCE AVENUE, TRAFFORD PARK",MANCHESTER,M17 1QS
C00491,BHS CORP LTD,"FLAT 2 SMITHS YARD, 43 BLOSSOM STREET",MANCHESTER,M4 6AJ
C00492,BOND WOLFE EUROPE LIMITED,"THE COUNTING HOUSE 61 CHARLOTTE STREET, ST PAUL'S SQUARE",BIRMINGHAM,B3 1PX
C00493,ANSTEE (UK) LT,"17 MELKSHAM SQUARE, CASTLE VALE",BIRMINGHAM,B35 6BY
C00494,A3 GLOBAL TRAVEL LIMITED,99 CLAREMONT ROAD,MANCHESTER,M14 4RG
C00495,1ST CALL MAINTENANCE (MANCHESTER),"24 OSWALD ROAD, CHORLTON CUM HARDY",MANCHESTER,M21 9LP
C00496,BLUE PIE UK PROPERTIES LIMITED,"CARE OF SIGMA CONNECTED, MCLAREN BUILDING, 46 PRIORY QUEENSWAY",BIRMINGHAM,B4 7LR
C00497,A H MIDS PLUMBING,"1 GEORGE ROAD, WATER ORTON",BIRMINGHAM,B46 1PE
C00498,ASK RETROFIT-UK,"204 KENDAL RISE ROAD, REDNAL",BIRMINGHAM,B45 9PS
C00499,ABBS 3 PROPERTIES,"HARPAL HOUSE 14 HOLYHEAD ROAD, HANDSWORTH",BIRMINGHAM,B21 0LT
C00500,ALGO COMMODITIES,"27 CHAPEL ROAD, SWINTON",MANCHESTER,M27 0HF
C00501,AHSAN WARRAICH LTD,277 TILE CROSS ROAD,BIRMINGHAM,B33 0NB
C00502,4TS CRAETIVE,"SUITE 46-47, FIFTH FLOOR THE WHITEHOUSE, 111 NEW ST",BIRMINGHAM,B2 4EU
C00503,A CNOSULTANTS,"SUITE F9-10, RM 11-14, 5TH FLOOR SCALA HOUSE, HOLLOWAY CIRCUS QUEENSWAY",BIRMINGHAM,B1 1EQ
C00504,AIRSHANK,LADYBARN RD,MANCHESTER,M14 6WN
C00505,ALI HEARING LIMITED,"111 WHITEHALL ROAD, HANDSWORTH",BIRMINGHAM,B21 9AX
C00506,BASATIN ALKHALIJ ALMUMAYAZA,"UNIT 7 INITIAL BUSINESS CENTRE, WILSON BUSINESS PARK",MANCHESTER,M40 8WN
C00507,BLUEPRINT ENGINEERING CONSULTING,30 ANTHONY CLOSE,MANCHESTER,M12 5EJ
C00508,A.D.E. ELECTRICAL SOLUTIONS LTD,"SAPPHIRE HEIGHTS COURTYARD, 31 TENBY STREET NORTH",BIRMINGHAM,B1 3ES
C00509,ACCUCHECK SERVICES LTD,65 DREWS LANE,BIRMINGHAM,B8 2QE
C00510,37 DEGREES CLIMATE CONTROL,"BRITANNIC HOUSE 657 LIVERPOOL ROAD, IRLAM",MANCHESTER,M44 5XD
C00511,A.Z PENN,"213 WARREN ROAD, WASHWOOD HEATH",BIRMINGHAM,B8 2YG
C00512,BREAK HOLIDAYS,"FLAT 51, PITMASTON COURT WEST, GOODBY ROAD",BIRMINGHAM,B13 8RL
C00513,AUBREY LEE HOMES,"39 BURY NEW ROAD, PRESTWICH",MANCHESTER,M25 9JY
C00514,AFFILIATE MARKETING LTD,"63 BENNETTS ROAD, SALTLEY",BIRMINGHAM,B8 1QJ
C00515,AT ENGINEERING SOLUTIONS,"8 CRUMMOCK DRIVE LANGLEY MIDDLETON MANCHESTER CRUMMOCK DRIVE, MIDDLETON",MANCHESTER,M24 5NP
C00516,APEX EMPORIUM LTD,"69 HAMILTON RD LONGSITE BUSINESS PARK, STUDIO 9",MANCHESTER,M13 0PD
C00517,B.O.X INSTALLATIONS LTD,129 WESTACRE GARDENS,BIRMINGHAM,B33 8RH
C00518,AL-TAJ INVESTMENTS LIMITED,"124 MOSS VALE ROAD, URMSTON",MANCHESTER,M41 0QH
C00519,AL-ITQAN ELITE GROUP,UNIT 7 INITIAL BUSINESS CENTRE,MANCHESTER,M40 8WN
C00520,BROOMWELL BRIGHTSTAR LIMITED,134 GRANBY ROW,MANCHESTER,M13 9SS
C00521,AUA ENTERPRISES LIMITED,"B1 GEORGE BEGG BUILDING SACKVILLE STREET, UNIVERSITY OF MANCHESTER",MANCHESTER,M1 3BB
C00522,BM3 BIRMINGHAM LIMITED,28 PICKFORD STREET,BIRMINGHAM,B5 5QH
C00523,ABDUL INDEPENDET DELIVERY,15 KENSINGTON AVENUE ROSHVEN ROAD,BIRMINGHAM,B12 8BY
C00524,DACIAN PROPERTIES LIMITED,A208 HURST STREET,BIRMINGHAM,B5 4TD
C00525,BEAUTY ZONE HAIR & COSMETICS,"UNIT 26, ONE STOP SHOPPING CENTRE WALSALL ROAD, PERRY BARR",BIRMINGHAM,B42 1AA
C00526,ASTON MEDICAL TECHNOLOGY LIMITED,5 SELWYN ROAD,BIRMINGHAM,B16 0SH
C00527,BLUEROSE ENGINEERING,"C/O MENZIES LLP ONE EXPRESS, 1 GEORGE LEIGH STREET",MANCHESTER,M4 5DL
C00528,AUSTIN WALKER MARKETING ASSOCIATES LIMITED,"THE COPPER ROOM DEVA CITY OFFICE PARK, TRINITY WAY",MANCHESTER,M3 7BG
C00529,AYUR VILLA,"1202-1204 WARWICK ROAD WARWICK ROAD, ACOCKS GREEN",,B27 6BY
C00530,ALPHA LASER UK LIMITED,"1 GREENFIELD CRESCENT, EDGBASTON VILLAGE, C/O HHM ACCOUNTANTS",BIRMINGHAM,B15 3BE
C00531,AVA MOBILE FLEET CARE,25 BURTONS PARK ROAD,BIRMINGHAM,B36 0TW
C00532,99AI LTD,34 RUNCORN ROAD,,B12 8RQ
C00533,121 CASHIERS,"FIRST FLOOR, SWAN BUILDINGS, 20 SWAN STREET",MANCHESTER,M4 5JW
C00534,BON TSAYS LTD,39 KINGSLAND ROAD,BIRMINGHAM,B44 9PT
C00535,AMD FOOD SERVICES,92 HAMPSHIRE ROAD,BIRMINGHAM,B71 2PS
C00536,4UM CARE,1192 ROCHDALE ROAD,MANCHESTER,M9 6FR
C00537,BL CARE SOLUTIONS LTD,"4 HEYWOOD AVENUE, CLIFTON, SWINTON",MANCHESTER,M27 8QX
C00538,BLOOMING PROPERTY SERVICES,"SUITE 2A, 6TH FLOOR COBALT SQUARE, 83-85 HAGLEY ROAD",BIRMINGHAM,B16 8QG
C00539,BOURNBROOK SECRET WOODS LTD,COLMORE AVENUE 1,BIRMINGHAM,B14 6AN
C00540,BIG EVIL CORPORATION LTD,1 NEWBROOK AVENUE,MANCHESTER,M217PT
C00541,MORTGAGE DRIVE LIMITED,23 MACFARREN STREET,MANCHESTER,M12 4WX
C00542,BOWLAND PROPERTY DEVELOPMENT LIMITED,"BARTLE HOUSE, 9 OXFORD COURT",MANCHESTER,M2 3WQ
C00543,ADI BUILDING MANAGEMENT SYSTEMS LIMITED,"66 MELCHETT ROAD, KINGS NORTON BUSINESS CENTRE KINGS NORTON",BIRMINGHAM,B30 3HX
C00544,AAM CONTRACTMRS,"FLAT A4203, 9 OWEN STREET",MANCHESTER,M15 4TU
C00545,A K CRYSTAL AND STONES LIMTED LTD,56 AYLESFORD RD,,B21 8DW
C00546,MONICA TODD,"UNIT 7 INITIAL BUSINESS CENTER, WILSON BUSINESS PARK",MANCHESTER,M40 8WN
C00547,BRADLEY-CABRAL PROPERTIES LTD,SOMERSET ROAD,BIRMINGHAM,B23 6NQ
C00548,ALLOY LAB LTD,"ALLAINCE MILL, BROWN STREET UNIT 2,",MANCHESTER,OL1 3QE
C00549,ALPHARD SOLUTIONS LTD,66 SEYMOUR GROVE,MANCHESTER,M16 0LN
C00550,BATHROOM CITY LIMITED,"UNIT 15 TYSELEY INDUSTRIAL, ESTATE, SEELEYS ROAD,  TYSELEY",BIRMINGHAM,B11 2UQ
C00551,AKA MANCHESTER LTD,"UNIT 1, ST JAMES TOWER, 7 CHARLOTTE STREET",MANCHESTER,M1 4DZ
C00552,ADEL EQUIPMENT MANAGEMENT LIMITED,"VICTORIA WORKS WILLIAMS ROAD, GORTON",MANCHESTER,M18 7AY
C00553,BISMILLAH HOUSING,SOHO HILL,BIRMINGHAM,B19 1AY
C00554,AR DREAM SECURITY,"37 WOODSTOCK ROAD, MOSTON",MANCHESTER,M40 0DU
C00555,YELLOW BOX SELF STORAGE LIMITED,"59-61 CHARLOTTE STREET, STREET PAULS SQUARE",BIRMINGHAM,B3 1PX
C00556,AQUAFRONT,"OFFICE 6 UNION HOUSE UNION DRIVE, THE ROYAL TOWN OF SUTTON COLDFIELD",BIRMINGHAM,B73 5TN
C00557,ADEN AND SONS ESTATES,MOTT STREET,BIRMINGHAM,B19 3HE
C00558,A TO ZEEE,"63A SLADE LANE, SLADE LANE",MANCHESTER,M13 0GW
C00559,VPPAREL ONE10,128 PARKFIELD ROAD NORTH,MANCHESTER,M40 3RQ
C00560,BOWERS AND BLAIR LIMITED,"17 HOWARD ROAD, GREAT BARR",BIRMINGHAM,B43 5DT
C00561,DISCOUNT FACTOR,"142 WOOD STREET, MIDDLETON",MANCHESTER,M24 4BB
C00562,BARLOWS BREAD,"198 LIVERPOOL ROAD, CADISHEAD",MANCHESTER,M44 5DB
C00563,24 7 EXPRESS TRANSPORT LIMITED,16 LEWIS AVENUE,MANCHESTER,M9 4BT
C00564,312 PROPERTY 01 LTD,"HILLBIT HOUSE, NEW STREET",MANCHESTER,M40 8AW
C00565,ARC EVENTS ORGANISATION,11 CAROLINE ST,BIRMINGHAM,B3 1TR
C00566,BAOBAB CARE HOLDINGS,"200 ALCESTER STREET, DIGBETH",BIRMINGHAM,B12 0NQ
C00567,AL-FAROOQ MEDICAL,147 AUBREY ROAD,BIRMINGHAM,B10 9DJ
C00568,ATHERTON AUTO PARTS LTD,"UNIT 3 LINSTOCK WAY, ATHERTON",MANCHESTER,M46 0RS
C00569,A M S 786 LTD,442-444 BARLOW MOOR ROAD,MANCHESTER,M21 0BQ
C00570,AKPX SERVICES,"SAWLEY ROAD, SAWLEY ROAD",MANCHESTER,M40 8BB
C00571,ABASEEN EXPRESS LIMITED,999 STOCKPORT ROAD,MANCHESTER,M19 2SY
C00572,3C CAR PARTS,56 ST. CLEMENTS ROAD,BIRMINGHAM,B7 5AF
C00573,ANUNNAKI TECHNOLOGIS,C/O ALEXANDER & CO CENTURION HOUSE,MANCHESTER,M3 3WR
C00574,ARBTECH CONSULTING,ONE STREET PETER'S SQUARE,MANCHESTER,M2 3DE
C00575,ATHENA COMMERCIAL INTERIORS LIMITED,"C/O BLUEWATER QUADRANT COURT, 49 CALTHORPE RD",BIRMINGHAM,B15 1TH
C00576,A & P PROPERTIES NW LTD,"17 CHURCH AVENUE, DENTON",MANCHESTER,M34 7PP
C00577,ANCHORA INTERNATIONAL LMITED,"349 BURY OLD ROAD, PRESTWICH",MANCHESTER,M25 1PY
C00578,ACY COSMETICS HOLDING,50 GRANBY ROW,MANCHESTER,M1 7AY
C00579,ALM GLOBAL DISTRIBUTORS LIMITED,86 BURNEY LANE,BIRMINGHAM,B8 2AR
C00580,"ASHDWN CLOSE (MANAGEMENT) CO, LIMITED","FF REAR 1882 PERSHORE ROAD, KINGS NORTON",BIRMINGHAM,B30 3AS
C00581,AERGIA PROPERTIES,"CHARTER HOUSE, 161 NEWHALL STREET",BIRMINGHAM,B3 1SW
C00582,ACS SKIP HIRE LIMITED,"UNIT 4 MONDE TRADING ESTATE, WESTINGHOUSE ROAD, TRAFFORD PARK",,M17 1LP
C00583,CRICHTON VYXER LTD,INITIAL BUSINESS CENTRE,MANCHESTER,M40 8WN
C00584,APLUSTEACHING LTD,"OFFICE 12 INITIAL BUSINESS CENTRE, WILSON BUSINESS PARK",MANCHESTER,M40 8WN
C00585,BLAKE PROPERTY DEVELOPMENT LTD,"APARTMENT 100 BRITANNIC PARK 15 YEW TREE ROAD, MOSELEY",BIRMINGHAM,B13 8NF
C00586,AC BUILDERS GROUP LIMITED,23 BENTLEY ROAD,BIRMINGHAM,B36 0ES
C00587,BDS PLUMBING SOLUTIONS LTD,"2ND FLOOR - PARKGATES BURY NEW ROAD, PRESTWICH",MANCHESTER,M25 0TL
C00588,BIGNALL (HOLDINGS),2 WHEELEYS ROAD,BIRMINGHAM,B15 2LD
C00589,A N U UTILITIES,MACFARREN STREET,MANCHESTER,M12 4WX
C00590,AMAZING GRACE SOCIAL CARE,21 HILLEND ROAD,MANCHESTER,M23 0LL
C00591,BLAZESPARK TRADING SOLUTIONS,"UNIT 7, INITIAL BUSINESS CENTRE, WILSON BUSINESS PARK",MANCHESTER,M40 8WN
C00592,BLUE DOLPHIN SERVICES,"5 BOWFELL ROAD, URMSTON",MANCHESTER,M41 5RW
C00593,AUTO REPAIR WINSON GREEN BEEWISE LTD,"82 BOOTHDALE DRIVE, AUDENSHAW",BIRMINGHAM,B18 4NN
C00594,ASCENDEX FREIGHT SOLUTIONS LTD,STUDIO 9,BIRMINGHAM,B3 1QS
C00595,AYH PROPERTY HOLDINGS LIMITED,"LINSTOCK WAY, ATHERTON UNIT 3",MANCHESTER,M46 0RS
C00596,AAWM DELIVERY SERVICES LIMITED,40 SHELDON HEATH RD,BIRMINGHAM,B26 2DH
C00597,BEYOND ATOZ LIMITED,"BRULIMAR HOUSE JUBILEE ROAD, MIDDLETON",MANCHESTER,M24 2LX
C00598,AMANAH ACCOUNTANTS LIMITED,"56 GREEN LANE, SMALL HEATH",BIRMINGHAM,B9 5DB
C00599,ANNOVATO INVESTMENTS LIMITED,"1ST FLOOR CLOISTER HOUSE RIVERSIDE, NEW BAILEY ST",MANCHESTER,M3 5FS
C00600,BEACH WORM LIMITED,"9 HAMILTON ROAD, PRESTWICH",MANCHESTER,M25 9GG
C00601,BLUEFAIRY,"APARTMENT 7 CITY HEIGHTS, 1 SAMUEL OGDEN STREET",MANCHESTER,M1 7AX
C00602,AVAXTER LIMITED,"APARTMENT 9, 107 HAZELBOTTOM ROAD",MANCHESTER,M8 0GQ
C00603,BLUE WATER CAPITAL,"QUADRANT COURT 49 CALTHORPE ROAD, EDGBASTON",BIRMINGHAM,B15 1TH
C00604,A D I MECHANICAL LIMITED,"66 MELCHETT ROAD, KINGS NORTON BUSINESS CENTRE",BIRMINGHAM,B30 3HX
C00605,ALITE,"26 CORONATION ROAD, DROYLSDEN",MANCHESTER,M43 7RL
C00606,AI REPAIRS,NF18 ARNDALE MARKET,MANCHESTER,M4 3AH
C00607,A REDMOND SERVICES,"THE OLD SCHOOLHOUSE, 5-7 BYROM STREET",MANCHESTER,M3 4PF
C00608,ALANNA,"FLAT 30 BELLTOWER, 347 CITY ROAD",MANCHESTER,M15 4FW
C00609,ART UK CONSTRUCTION,"1166 COVENTRY ROAD, YARDLEY",BIRMINGHAM,B25 8DA
C00610,ASKLEPIAN CONSULTING LIMITED,45 VALENTINE RD,BIRMINGHAM,B14 7AJ
C00611,BOOTLE DEVELOPMENT LIMITDE,"71 KENYON LANE, MIDDLETON",MANCHESTER,M24 2QS
C00612,BLUEBIRD LAHORI LIMITED,28 CARVER STREET,BIRMINGHAM,B1 3AS
C00613,NP COACHES LIMITED,231 SOHO ROAD,BIRMINGHAM,B21 9RY
C00614,BECAUSE I HEAR YOU LTD,19 TROYDALE DRIVE,MANCHESTER,M40 2FG
C00615,AZH MINI MARKET,"443 LIVERPOOL ROAD, ECCLES",MANCHESTER,M30 7HY
C00616,BENIDORM BUS,AYRES ROAD,MANCHESTER,M16 7WY
C00617,BENDKOWSKI LTD,118 POOL FARM ROAD,BIRMINGHAM,B27 7HD
C00618,ALI NEXA INNOVATIONS,72-74 CRESCENT RD,MANCHESTER,M8 9NT
C00619,65 ALBANY MANAGEMENT COMPANY LIMITED,18A GAWSWORTH AVENUE,MANCHESTER,M20 5HF
C00620,AMBER PUBLICATIONS & TRAINING,"ST. THOMAS CHILDREN'S CENTRE, BELL BARN ROAD",BIRMINGHAM,B15 2AF
C00621,BEAUTYBYBN,"SUITE 2A, 6 FLOOR COBALT SQUARE, 83-85 HAGLEY ROAD",BIRMINGHAM,B16 8QG
C00622,BLACK'S GARDENING AND GROUNDS-KEEPING SERVICES LTD,58 OLD CROFTS BANK,MANCHESTER,M41 7AB
C00623,BRO OKES HOUSING,BROMFORD DRIVE,BIRMINGHAM,B36 8QU
C00624,AMROC LTD,"PICCADILLY BUSINESS CENTRE UNIT C ALDOW ENTERPRISE PARK, BLACKETT ST",MANCHESTER,M12 6AE
C00625,BRAVO EIGHT GROUP,"63 HIGHFIELD ROAD, SALTLEY",,B8 3QE
C00626,ASTON MANOR EXECUTIVE LTD,"137 WAINWRIGHT STREET, OFFICE 3",BIRMINGHAM,B6 5TG
C00627,BETTER COACHING & TRAINING LTD,3 DERWENT AVENUE,MANCHESTER,M21 7QP
C00628,ARCHFIT BEAUTY BY RABIA EHSAN,GLENWOOD ROAD,BIRMINGHAM,B38 8HE
C00629,BLUE GEMINI LTD,"APARTMENT 1 VICTORIA PLACE 4 WORSLEY ROAD NORTH, WORSLEY",MANCHESTER,M28 3GW
C00630,APEX ATHLEISURE LTD,33 BURY NEW RD,MANCHESTER,M8 8EQ
C00631,ANEVO,WOODLANDS ROAD 235,MANCHESTER,M8 0GH
C00632,AP NORTH LTD,69 MINEHEAD AVENUE,MANCHESTER,M20 1FP
C00633,ALERHIIA LTD,"22A EDGE LANE, EDGE LANE",MANCHESTER,M21 9JF
C00634,BRITHIVD,"UNIT 2, UNIT 2, ESSENCE PROPERTY, 41 ESSEX ST",BIRMINGHAM,B5 4TR
C00635,BRONSON HOLDINGS LIMITED,"MANCHESTER BUSINESS PARK, 3500 AVIATOR WAY",MANCHESTER,M22 5TG
C00636,BCD TRANSPORT & DISTRIBUTION LTD,"CEDAR HOUSE 123 WORSLEY ROAD, WORSLEY",MANCHESTER,M28 2WG
C00637,AL MANSOURI FOR CONTRACTING,"UNIT 7 INITIAL BUSINESS CENTRE, WILSON BUSINESS PARK",MANCHESTER,M40 8WN
C00638,BIG PLANNING LIMITED,"65 VICEROY CLOSE, EDGBASTON",BIRMINGHAM,B5 7UT
C00639,BMSL BUILDERS LIMITED,23 STANLEY ST,MANCHESTER,M8 8SH
C00640,BAILEY 'S JERK AND GRILL LTD,RUSTON STREET,BIRMINGHAM,B16 8BB
C00641,INSIGHTS TRADERS LTD,3 BEDNAL AVENUE,MANCHESTER,M2 6NJ
C00642,ASK PORTFOLIO,77 HOLYHEAD ROAD,BIRMINGHAM,B21 0LG
C00643,ASH TEACHING LIMITED,"THE LEXICON SECOND FLOOR, MOUNT ST",MANCHESTER,M2 5NT
C00644,AA MART LIMITED,"08 GLADSTONE ROAD, URMSTON",MANCHESTER,M41 0XZ
C00645,AARON NORRIS LTD,"25 MARLE CROFT, WHITEFIELD",MANCHESTER,M45 7NB
C00646,BREEZE KITCHENS AND BEDROOMS LTD,"UNIT B11 AVENUE ROAD, NECHELLS",BIRMINGHAM,B7 4NT
C00647,AM MILITARY SKILLS ACADEM LTD,"247 BURY OLD ROAD, PRESTWICH",MANCHESTER,M25 1JE
C00648,BRICKS SSET MANAGEMENT LTD,15 BLENHEIM DRIVE,BIRMINGHAM,B43 5BP
C00649,AMAL SEARCH LTD,"PICADILLY BUSINESS CENTRE, ALDOW ENTERPRISE PARK",MANCHESTER,M12 6AE
C00650,BML GARDNER LIMITED,"15 GUEST ROAD, PRESTWICH",MANCHESTER,M25 3DJ
C00651,3 ON LTD,"25 STATION ROAD, KINGS HEATH",BIRMINGHAM,B14 7SR
C00652,JIRMINGHAM CAR IMPORTER,55 LANGLEY RD,BIRMINGHAM,B10 0TN
C00653,AMAL TRADING,253 ALCESTER ROAD SOUTH,,B14 6DT
C00654,ALFA SMART,58 BELLEFIELD ROAD,BIRMINGHAM,B18 4EP
C00655,A.M HOUSING SERVICES,99 COLDBATH ROAD,BIRMINGHAM,B13 0LH
C00656,AM PROPERTIES MCR LTD,10 ROBERT STREET,MANCHESTER,M3 1EY
C00657,AVANTIS HEALTH LTD,SWINFORD ROAD 195,BIRMINGHAM,B29 5SE
C00658,ABERDEEN CAPITOL NOMINEES,"1ST FLOOR RICO HOUSE GEORGE STREET, PRESTWICH",MANCHESTER,M25 9WS
C00659,BRIDGEWATER METALS LIMITED,"7 CHRISTIE WAY, CHRISTIE FIELDS",MANCHESTER,M21 7QY
C00660,ALIA WELLNESS STUDIO LTD,STATION ROAD 152,BIRMINGHAM,B33 8BT
C00661,ASH'S UNIT LTD,126 STRATFORD ROAD,BIRMINGHAM,B11 1AJ
C00662,BILLICANN HOLDINGS LIMITED,INTERNATIONAL HOUSE THE MCLAREN BUILDING,BIRMINGHAM,B4 7LR
C00663,APPLEDORE,"14TH FLOOR, BANK HOUSE, 8 CHERRY STREET",BIRMINGHAM,B2 5AL
C00664,AK GREEN CARS,98 PARK ROAD,,B11 4HB
C00665,AFFAN SULTAN LTD,"425 KINGSBURY ROAD, ERDINGTON",BIRMINGHAM,B24 9NH
C00666,BIRMINGHAM STAFF LIMITED,"UNIT 227 DUCIE HOUSE, DUCIE STREET",MANCHESTER,M1 2JW
C00667,A AND D PRINTING UK,"8.02 THE SOUTHSIDE BUILDING, 31 HURST ST",BIRMINGHAM,B5 4BD
C00668,ALI SUPERSTORE (UK),"567 MAULDETH ROAD WEST, CHORLTON CUM HARDY",MANCHESTER,M21 7SH
C00669,ASLAM ESTATES,"ORANGE GROVE HOUSE, 2 SHERWOOD STREET",MANCHESTER,M14 6NJ
C00670,BRDB CULINARY VENTURES LIMITED,77 HOLYHEAD RD,BIRMINGHAM,B21 0LG
C00671,A F HOWLAND ASSOCIATES LIMITED,ONE STREET PETER'S SQUARE,,M2 3DE
C00672,ARTEMIS XY,"BLACKETT STREET UNIT C,",MANCHESTER,M12 6AE
C00673,BOMO ASSOCIATES LIMITED,9 CLUBHOUSE AVENUE,MANCHESTER,M38 9AZ
C00674,ASHBURN PROPERTY HOLDINGS,11 ST. PAULS SQUARE,BIRMINGHAM,B3 1RB
C00675,HANS HANDL,5 HATTONS COURT,MANCHESTER,M32 0AP
C00676,B.A.A.R PROPERTIES LIMITED,28-30 WILBRAHAM ROAD,MANCHESTER,M14 7DW
C00677,ACCESS BUILDING AND ROOFING LTD,109 PORTLAND STREET,MANCHESTER,M1 6AN
C00678,AJH ENGINEERING LTD,LUDGATE HILL,BIRMINGHAM,B3 1EH
C00679,BIZAROUX CONSULTING & GROWTH LTD,15 PINTO CLOSE,BIRMINGHAM,B16 9EP
C00680,BELLS PROPERTY GROUP LTD,7 NORTHANGER ROAD,BIRMINGHAM,B27 7RG
C00681,STEPS2SPORT HEALTH & FITNESS,12 LAUGHTON CLOSE,BIRMINGHAM,B31 3PF
C00682,SILVER SCREAM LTD,"95, NORTHWOOD STREET, NORTHWOOD STREET",BIRMINGHAM,B3 1TH
C00683,AZURO MONEY LIMITED,"519-523 HYDE ROAD, IHK HOUSE",MANCHESTER,M12 5FL
C00684,AVON CARPENTRY LTD,10 AVON ROAD,MANCHESTER,M19 1FW
C00685,AKS DISTRIBUTION LTD,12 BELVIDE GROVE,BIRMINGHAM,B29 5ED
C00686,ASI ENTERPRISE,245 BURNAGE LANE,MANCHESTER,M19 1FN
C00687,94E WHITELADIES RD LTD,"C/O MICHAEL HEAVEN AND ASSOCIATES LIMITED 47 CALTHORPE ROAD, EDGBASTON",BIRMINGHAM,B151TH
C00688,ADVANCED GENOMICS,"UNIT 5 QUINTON BUSINESS PARK 11 RIDGEWAY, QUINTON",BIRMINGHAM,B32 1AF
C00689,APP CONSULTING LTD,70 SUMMER LANE,BIRMINGHAM,B19 3NG
C00690,ARSLAN SHAHID,"18 CHURCH ROAD, SHELDON",BIRMINGHAM,B26 3TH
C00691,M&B CORPORATION,4 NAVAL STREET,MANCHESTER,M4 6EW
C00692,BLOSSOM COFFEE ROASTERS,"16 LONG WOOD ROAD, TRAFFORD PARK",MANCHESTER,M17 1PZ
C00693,BLOOM PRINT KIDS LTD,"INITIAL BUSINESS CENTRE, UNIT 7 WILSON BUSINESS PARK",MANCHESTER,M40 8WN
C00694,BACS WEST MIDLANDS,"34 BURNLEA GROVE, WEST HEATH",BIRMINGHAM,B31 3LT
C00695,BELL CANNOCK,"SIX WAYS BUSINESS CENTRE, 1 GUILDFORD STREET",BIRMINGHAM,B19 2HN
C00696,ALDER PROPERTY GROUP LIMITED,264 LOZELLS RD,BIRMINGHAM,B19 1NP
C00697,A.K. GARMENTR LIMITED,BRADSTONE ROAD,MANCHESTER,M8 8WA
C00698,AURORA LINK SERVICES LTD,BARTLE HOUSE,MANCHESTER,M2 3WQ
C00699,BEE BARBERS CUT LTD,149 GREAT ANCOATS STREET,MANCHESTER,M4 6DH
C00700,ANISE FO 123 LIMITED,25 AYRSHIRE CLOSE,BIRMINGHAM,B36 8QN
C00701,ARTQD PAINTING AND DECORATING BRONSON LIMITED,"91 MANCHESTER ROAD WEST, LITTLE HULTON",BIRMINGHAM,B43 5BT
C00702,BROOKES DUTTON,"UNIT 7, INITIAL BUSINESS CENTER, WILSON BUSINESS PARK",MANCHESTER,M40 8WN
C00703,1 UK FRIED CHICKEN & PIZZA LTD,"584 GREEN LANE, SMALL HEATH",BIRMINGHAM,B9 5QG
C00704,AIR CONDITIONING DESIGN LIMITED,"46-48 LONG STREET, MIDDLETON",MANCHESTER,M24 6UQ
C00705,AESC,"20 PLYMOUTH ROAD, BARNT GREEN",BIRMINGHAM,B45 8JA
C00706,BM CAPITAL ESTATES LTD,42 SHEPHERDS GREEN ROAD,BIRMINGHAM,B24 8EU
C00707,AFROROOT FOODS AND LOGISTICS LTD,"FIRST FLOOR, SWAN BUILDINGS, 20 SWAN STREET",MANCHESTER,M4 5JW
C00708,ASR LINK LIMITED,SOHO ROAD,BIRMINGHAM,B21 9SA
C00709,AMSA INFOSEC LTD,"ICENTRUM, HOLT STREET",BIRMINGHAM,B7 4BP
C00710,AL-RAYHAN LIMITED,369D STRETFORD ROAD,MANCHESTER,M15 4AW
C00711,BRITANNIC FURNITURE,122 FAIRY LANE,MANCHESTER,M8 8YD
C00712,ANS ELECTRICAL & COMPANY SUPPLIES,755 STOCKPORT ROAD,MANCHESTER,M19 3DL
C00713,BESPOKELIVINGESTATES,"62 MINT DRIVE, HOCKLEY",BIRMINGHAM,B18 6EA
C00714,AUSTIN CASHMORE ESTATES LTD,"CROSBY COURT, 28 GEORGE ST",BIRMINGHAM,B3 1NG
C00715,ALAM VALIDATION SERVICES LIMITED,52 ELECTRIC WAY,BIRMINGHAM,B11 3NJ
C00716,ANCHORBRIDGE DEVELOPMENTS LIMITED,WREN HOUSE 108 PALATINE ROAD,MANCHESTER,M20 3ZA
C00717,AJH ENGINEERING DESIGN LTD,"316 LICKEY ROAD, REDNAL",BIRMINGHAM,B45 8RY
C00718,BOUDEN TRAVEL,"UNIT 18, ORTON WAY",BIRMINGHAM,B35 7BT
C00719,ASFF HOXDCO,"LEN'S CHIPPY MANCHESTER ROAD, DROYLSDEN",MANCHESTER,M436JE
C00720,BABY SNOOZE,83 DERWENT ROAD,BIRMINGHAM,B30 2UZ
C00721,ARTHUR WEBB HOLDINGS LIMITED,"BROCKHILL HOUSE, BROCKHILL LANE, ALVECHURCH",BIRMINGHAM,B48 7EE
C00722,BRESLINS WORCESTER LTD,"CROSBY COURT, 28 GEORGE ST",BIRMINGHAM,B3 1QG
C00723,BEYOND THE DUST LTG,"105 HIGHFIELD ROAD, HALL GREEN",,B28 0HR
C00724,A1 PLASTICS MIDLANDS,149 SPON LANE,BIRMINGHAM,B70 6AS
C00725,ANDROID SYSTEES LIMITED,"55 KINGSWAY, SWINTON",MANCHESTER,M27 4JW
C00726,ALIMENTARY LTD,20 SWAN ST,MANCHESTER,M4 5JW
C00727,APEX INK LTD,"17C VYSE STREET, HOCKLEY",BIRMINGHAM,B18 6LE
C00728,A&M BLACKSHAW HOLDINGS LIMITED,C/O ROCA ACCOUNTANTS LIMITED FLOOR 4,MANCHESTER,M50 1RF
C00729,ANITA DEÍCIA LTD,16 BEESTON CLOSE,BIRMINGHAM,B6 5UE
C00730,ASTETICA AESTHETICS LIMITED,"BARTLE HOUSE, 9 OXFORD COURT",MANCHESTER,M2 3WQ
C00731,ALL ABOUT GORONGOSA LIMITED,"FOURWAYS HOUSE, 57 HILTON STREET",MANCHESTER,M1 2EJ
C00732,BERT MALM,"OFFICE 8312 PICCADILLY BUSINESS CENTRE, UNIT C ALDOW ENTERPRISE PARK BLACKETT ST",MANCHESTER,M12 6AE
C00733,BARENBURG CAPITAL PARTNERS,"77 FRANCIS ROAD, EDGBASTON",BIRMINGHAM,B16 8SP
C00734,ARGENTUM CONSTRUCTION,46 JULIA ST,MANCHESTER,M3 1DQ
C00735,ASTON VILLA FC LIMITED,VILLA PARK,BIRMINGHAM,B6 6HE
C00736,A&M COMMERCIAL SERVICES LTD,14 UNDERHILL RD,BIRMINGHAM,B8 3AH
C00737,ANIL FARMAH,218 HOLE LANE,BIRMINGHAM,B31 2BZ
C00738,3 HARDMAN STREET INVESTMENTS LIMITED,"C/O ALLIED LONDON, SUITE 1, BONDED WAREHOUSE, 18 LOWER BYROM STREET",MANCHESTER,M3 4AP
C00739,BRIDGING4BUSINESS LTD,"154 BURY NEW ROAD, WHITEFIELD",MANCHESTER,M45 6AD
C00740,BPM ONE,608 BROMFORD LANE,BIRMINGHAM,B82DP
C00741,BEHIND THE COUNTER,JACTIN HOUSE,MANCHESTER,M4 6WX
C00742,BPP COMMERCIAL LTD,10 PARK PLACE,MANCHESTER,M4 4EY
C00743,RESTORATION ASRAN LTD,"2 WHEELEYS ROAD, EDGBASTON",BIRMINGHAM,B15 2LD
C00744,AZIMI BUILDING SERVICES,1 SHEEN ROAD,BIRMINGHAM,B44 9PH
C00745,BABY SENSORC (BIRMINGHAM SOUTH) LIMITED,"THE WOW FAMILY HUB 1046 BRISTOL ROAD, SELLY OAK",BIRMINGHAM,B29 6SJ
C00746,AZEEMISM,828A STOCKPORT RD,MANCHESTER,M19 3AW
C00747,AGHEHA LTD,"UNIT 7 INITIAL BUSINESS CENTRE, WILSON BUSINESS PARK",MANCHESTER,M40 8WN
C00748,BEYOND RESULTS PERSONAL TRAINING LIMITED,"3 VICTORIA PARADE, URMSTON",MANCHESTER,M41 9BP
C00749,AROSE MATEU LTD,"2 PRINCETHORPE ROAD, WEOLEY CASTLE",BIRMINGHAM,B29 5PX
C00750,BRICKFIELD HOUSE RM4 NO.3 LIMIETD,APARTMENT 18 ATLAS COURT,MANCHESTER,M14 4AP
C00751,AVIARY AVIATION SERVICES LIMITED,"1 MONTONMILL GARDENS, ECCLES",MANCHESTER,M30 8BQ
C00752,BRANDWOOD HOMES LTD,14 KERNTHORPE ROAD,BIRMINGHAM,B14 6RA
C00753,LABAITY MASTERY,"OFFICE 12, INITIAL BUSINESS CENTRE, WILSON BUSINESS PARK",MANCHESTER,M40 8WN
C00754,A TO Z AUTOPARTS (MIDLANDS),"106-112 EMILY STREET, HIGHGATE",BIRMINGHAM,B12 0SL
C00755,IMPORTS BARBERS LIMITED,"12, 53 IVY GRAHAM CLOSE",MANCHESTER,M40 3AX
C00756,ANDERSON AND COMPANY SURVEILLANCE AND PRIVATE INVESTIGATORS,"OFFICE 1, IZABELLA HOUSE 24-26 REGENT PLACE, CITY CENTRE",BIRMINGHAM,B1 3NJ
C00757,BLUARC WD LTD,"27 PARLIAMENT STREET, ASTON",BIRMINGHAM,B6 4TH
C00758,BRIT TEX,"FLAT 3, 75, EAST RD",MANCHESTER,M12 5QY
C00759,ASTRO VAPOURS,95 WENDOVER ROAD,MANCHESTER,M23 9EG
C00760,MOSELEY RUGBY LIMITED,"BILLESLEY COMMON, YARDLEY WOOD ROAD",BIRMINGHAM,B13 0TP
C00761,BDMIC,"INITIAL BUSINESS CENTRE, WILSON BUSINESS PARK OFFICE 12,",MANCHESTER,M40 8WN
C00762,AKB 2 LIMITED,19 KENRICK WAY,BIRMINGHAM,B33 9FL
C00763,A2Z CUTZ LTD,121 BRISCOE LANE,MANCHESTER,M40 2TP
C00764,AMSONS GROUP SERVICES,"349-357 COVENTRY ROAD, SMALL HEATH",BIRMINGHAM,B10 0SN
C00765,PIMCO 2802 LIMITED,"SEVENDALE HOUSE 3RD FLOOR, SUITE 6C, 5-7 DALE ST",,M1 1JB
C00766,ARKI'S FISH BAR LIMITED,"FIRST FLOOR, HAGLEY COURT, 40 VICARAGE ROAD, EDGBASTON",BIRMINGHAM,B15 3EZ
C00767,ARBIL RESTAURANT,WILMSLOW ROAD,MANCHESTER,M14 5AJ
C00768,GUARDIAN WARRANTIES,"IRVING HOUSE, 47 FREDERICK STREET",BIRMINGHAM,B1 3HN
C00769,AHMED & ARIF SERVICES,"2 WARREN GROVE, WASHWOOD HEATH",BIRMINGHAM,B8 2XL
C00770,APEX BRANDS,UNIT 7 FAIRHILLS INDUSTRIAL ESTATE,MANCHESTER,M44 6ZQ
C00771,AGNES G,"46 WOODBROOKE GROVE, NORTHFIELD",BIRMINGHAM,B31 2FG
C00772,ALTUS AMIRA LTD,"UNIT 2, UNIT 2, ESSENCE PROPERTY, 41 ESSEX STREET",BIRMINGHAM,B5 4TR
C00773,ABEY INVESTMENTS LTD,"UNIT 2 46 HOCKLEY HILL, HOCKLEY",BIRMINGHAM,B18 5AQ
C00774,ABC PHONES AND LAPTOP REPAIR,"595 STRATFORD ROAD, SPARKHILL",BIRMINGHAM,B11 4LS
C00775,AARONITE LIMITED,4 WENTWORTH PARK AVENUE,BIRMINGHAM,B17 9QU
C00776,B & I PUB COMPANY LIMITED,"693 WINDMILL LANE, DENTON",MANCHESTER,M34 2ET
C00777,ASIFSONS LTD,117 WHARFDALE ROAD,BIRMINGHAM,B11 2DB
C00778,AVERON LOGISTICS,OAKCROFT RD 88,BIRMINGHAM,B13 0HP
C00779,BOREHOLE SOLUTIONS,"SAPPHIRE HEIGHTS COURTYARD, 31 TENBY STREET NORTH",,B1 3ES
C00780,BLACKFISH ASSET MANAGEMENT LTD,"35 GARDNER ROAD, PRESTWICH",MANCHESTER,M25 3HX
C00781,BRIDGE DITI LTD,"PICCADILLY BUSINESS CENTRE, UNIT C ALDOW ENTERPRISE PARK",MANCHESTER,M12 6AE
C00782,ALPEX CLADDING AKHRI LTD,32 MIDFORD GROVE,BIRMINGHAM,B20 1DN
C00783,ACPAS,"1 FARLANDS GROVE, GREAT BARR",BIRMINGHAM,B43 5PY
C00784,AT-TAAJIR THE MERCHANT LTD,5 HOLBORN DRIVE,MANCHESTER,M8 8US
C00785,ASK TAX LIMITED,"UNIT 1E, BROMSGROVE HOUSE, 88 BROMSGROVE STREET",BIRMINGHAM,B5 6AJ
C00786,BIG B LTD,22 ALBERT ROAD,MANCHESTER,M19 2FP
C00787,JCHO 410 LIMITED,100 BARBIROLLI SQUARE,MANCHESTER,M2 3AB
C00788,AVA VAPE STORE LTD,752 STOCKPORT ROAD,MANCHESTER,M12 4GD
C00789,BOTH BARRELS PR & SPONSORSHIP MARKETING,"FFT REEDHAM HOUSE, 31 KING STREET WEST",MANCHESTER,M3 2PJ
C00790,A J VICTORIA MANSIONS UK,34 HALL STREET,BIRMINGHAM,B18 6BS
C00791,BOND WOLFE LAND LIMITED,"2ND FLOOR, 75-77 COLMORE ROW",BIRMINGHAM,B3 2AP
C00792,AAABIRMINGHAM,40 SHELDON HEATH ROAD,BIRMINGHAM,B26 2DH
C00793,STRATEGY CLADDING LTD,"14-15 ALLISON STREET, DIGBETH",BIRMINGHAM,B5 5TH
C00794,BRITANIA WHEELS LTD,"08 LIDGETT CLOSE, LITTLE HULTON",MANCHESTER,M38 9NN
C00795,AROMA CURRYHOUSE,"HAGLEY COURT 1ST FLOOR, 40 VICARAGE ROAD",BIRMINGHAM,B15 3EZ
C00796,JCCO 410 LIMITED,100 BARBIROLLI SQUARE,,M2 3AB
C00797,ARAMKAO LTB,"8 OAK AVENUE, MIDDLETON",MANCHESTER,M24 1DS
C00798,ANDOVER PRECISION LIMITED,"59-61 CHARLOTTE STREET, ST PAULS SQUARE",BIRMINGHAM,B3 1PX
C00799,ALLIED LONDON PROPERTY INVESTMENTS LIMITED,"C/O ALLIED LONDON, SUITE 1, BONDED WAREHOUSE, 18 LOWER BYROM ST",MANCHESTER,M3 4AP
C00800,BRIDGEWATER TECHNOLOGIES LIMIETD,"150 HEATHFIELD ROAD, HANDSWORTH",BIRMINGHAM,B19 1TF
C00801,BIRMINGHAM ELECTRICAL TRAINING GROUP LIMITED,"34 BREARLEY STREET, HOCKLEY",BIRMINGHAM,B19 3NR
C00802,KEELINGS GROUP,REEDHAM HOUSE,MANCHESTER,M3 2PJ
C00803,AKHTAR HOLDINGS (MIDLANDS) LTD,"15 THE VALE, SPARKHILL",BIRMINGHAM,B11 4EN
C00804,AINZ GLOBAL LTD,INITIAL BUSINESS CENTRE WILSON BUSINESS PARK,MANCHESTER,M40 8WN
C00805,AL-MUTTAHIDUN AL-MUMAYYAZUN,"PICCADILLY BUSINESS CENTRE UNIT C ALDOW ENTERPRISE PARK, BLACKETT STREET",MANCHESTER,M12 6AE
C00806,34 AESTHETICS UK DIGITAL LIMITED,"190 AESTHETICS UK LTD, IVY MILL 2ND FLOOR CROWN STREET",MANCHESTER,M35 9BG
C00807,ASCENT RISK SOLUTIONS LIMITED,"59-61 CHARLOTTE STREET, ST PAULS SQUARE",BIRMINGHAM,B3 1PX
C00808,AUSTAR GROUP,"UNIT 1E, BROMSGROVE HOUSE, 88 BROMSGROVE STREET",BIRMINGHAM,B5 6AJ
C00809,ASHBROOK STRATEGY,"CAPITAL HOUSE 272 MANCHESTER ROAD, DROYLSDEN",MANCHESTER,M43 6PW
C00810,OMNIVERT GROUP,"32 WYCOMBE CLOSE, URMSTON",MANCHESTER,M41 7ND
C00811,BISMA INTERNATIONLA LTD,13-14 OLD GRANGE ROAD,BIRMINGHAM,B11 4LL
C00812,ANLEY LOFTS,"C/O ACCOUNTS AND LEGAL, 81 KING STREET",MANCHESTER,M2 4AH
C00813,BRIARWOOD RETAIL LTD,"WINDMILL LANE POST OFFICE, 697 WINDMILL LANE",MANCHESTER,M34 2ET
C00814,ASSETZ SME CAPITAL LIMITED,"ASSETZ HOUSE MANCHESTER GREEN, 335 STYAL ROAD",,M22 5LW
C00815,BIZMARKT OUTLET LTD,"129 FIRST FLOOR, TRAFALGAR BUSINESS PARK",MANCHESTER,M2 8QJ
C00816,B21 AUTOS,"REAR OF 223, HOLYHEAD RD",BIRMINGHAM,B21 0AS
C00817,10STORE LTD,"THIRD FLOOR, 4 HARDMAN STREET",MANCHESTER,M3 3HB
C00818,AMTEX GLOBAL LTD,"3.7 UNIVERSAL BUSINESS SQUARE, 3RD FLOOR,PURPAL ZOON.OFFICE NO 3.7",MANCHESTER,M12 6JH
C00819,BMS BROADCAT LIMITED,"59-61 CHARLOTTE STREET, ST PAULS SQUARE",BIRMINGHAM,B3 1PX
C00820,BRITANZA,"OFFICE 12, INITIAL BUSINESS CENTRE, WILSON BUSINESS PARK",MANCHESTER,M408WN
C00821,BLUE DIAMONDS PROFESSIONAL SERVICES LIMITED,"335 GARRETTS GREEN LANE, SHELDON",BIRMINGHAM,B33 0TU
C00822,BKDANISH LUSTRE & LORE BAL LIMITED,"185 YARDLEY ROAD, ACOCKS GREEN",MANCHESTER,M20 1LW
C00823,4 BIZ PROPERTIES,"198 LIVERPOOL ROAD, CADISHEAD",MANCHESTER,M44 5DB
C00824,AEDESIA LIMITED,13 PORTLAND ROAD,BIRMINGHAM,B16 9HN
C00825,ARAN MOTORS,CRABTREE RD 20,BIRMINGHAM,B18 7HP
C00826,AFRIZORA LTD,"BARTLE HOUSE, 9 OXFORD COURT",MANCHESTER,M23WQ
C00827,BAO ST LTD,"220-222 WARWICK ROAD, SPARKHILL",BIRMINGHAM,B11 2NB
C00828,GOLDBOROUGH TRADING LIMITED,"UNIT 7 INITIAL BUSINESS CENTRE,, WILSON BUSINESS PARK, MONSALL ROAD",MANCHESTER,M40 8WN
C00829,BALTI MACCLESFIELD LTD,139 WILBRAHAM ROAD,MANCHESTER,M14 7DS
C00830,A&A MATADAR,1-3 WEST STREET,MANCHESTER,M26 1PP
C00831,AJC EVENTS LIMITED,28 CATO STREET NORTH,BIRMINGHAM,B7 5AN
C00832,BABA SHOP LTD,ALUM ROCK RD,BIRMINGHAM,B8 3DD
C00833,AFNAN SEAFOOD LTD,"84 STRATFORD ROAD, SPARKHILL",BIRMINGHAM,B11 1AN
C00834,ACTIVE VEHICLE CARE,19 CINCINNATI DRIVE,BIRMINGHAM,B24 0SB
C00835,910MANCHESTERROAD,"16 MARKET STREET, DENTON",,M34 2XW
C00836,BOLD LABEL LTO,"39 NORTHCOTE AVENUE, WYTHENSHAWE",MANCHESTER,M22 9AJ
C00837,AWMC RESTAURANTS,15 CARNARVON STREET,MANCHESTER,M3 1HJ
C00838,BCMSG,"UNIT 7, WILSONS BUSINESS PARK",MANCHESTER,M40 8WN
C00839,ENSO FINANCE,"BARTLE HOUSE, OXFORD COURT",,M2 3WQ
C00840,AURUM & FIDELIS LTD,POLICE STREET,MANCHESTER,M2 7LQ
C00841,A.W. SMITH & SONS (SUNDRIES) LIMITED,UNIT 21 STIRCHLEY TRADING ESTATE,BIRMINGHAM,B30 2PF
C00842,BEE DIRECT LIMITED,"THE POINT, 173 CHEETHAM HILL ROAD",MANCHESTER,M8 8LG
C00843,JUVENIS CARE SERVICES LTD,"UNIT 1, WYTHALL LANDSCAPE CENTRE, SILVER STREET, WYTHALL",BIRMINGHAM,B47 6LZ
C00844,EARLY YEARS AMBASSADORS,8 WARSTONE MEWS,BIRMINGHAM,B18 6JB
C00845,AYRA ENTERPRISES,288 DICKENSON RD,MANCHESTER,M13 0YL
C00846,AGURI LIMITED,"UNTI 8 GUINNESS ROAD, TRAFFORD PARK",MANCHESTER,M17 1SD
C00847,ADAMS CONVENIENCE,268 LADYPOOL RD,BIRMINGHAM,B12 8JU
C00848,EAT HALAL TAKEAWAY LIMITED,"19-21 HATCHETT STREET, HOCKLEY",BIRMINGHAM,B19 3NX
C00849,ADROIT CONDIMENTS LIMITED,3 POPLAR RD,MANCHESTER,M19 1QQ
C00850,BRAND YOUR OFFICE LIMITED,UNIT 2,BIRMINGHAM,B30 2BU
C00851,ALPHA PORT LOGISTICS,53 BENCHILL ROAD,MANCHESTER,M22 8EN
C00852,89BK PROPERTY HOLDINGS 2 LTD,45 MAINWAY,MANCHESTER,M24 1LL
C00853,AMNARA LTD,"SIX WAYS BUSINESS CENTRE, 1 GUILDFORD STREET",BIRMINGHAM,B19 2HN
C00854,5CX LIMITED,C/O ACCOUNTS AND LEGAL,MANCHESTER,M2 4AH
C00855,BEATZ FITNESS LIMITED,"STUDIO 4 IZABELLA HOUSE, 24-26 REGENT PLACE",BIRMINGHAM,B1 3NJ
C00856,BIRMINGHAM PROPERTY GROUP,"33 BILLESLEY LANE, MOSELEY",BIRMINGHAM,B13 9QT
C00857,ASTLEY ROOMS SYSTEMS LTD,77 ROWAN DRIVE,BIRMINGHAM,B32 2AL
C00858,ALGAR GRANGE MANAGEMENT COMPANY,HARBORNE ROAD,BIRMINGHAM,B15 3AA
C00859,BIRMINGHAM TRAINING GROUP LIMITED,"61 CHARLOTTE STREET, STREET PAULS SQUARE",BIRMINGHAM,B3 1PX
C00860,JAHALO LTD,"29 GEORGE STREET, DENTON",MANCHESTER,M34 3DJ
C00861,ALLIED HOUSING SOLUTIONS LTD,"QUADRANT COURT CALTHORPE ROAD, EDGBASTON",BIRMINGHAM,B15 1TH
C00862,A&T DIGITAL UK LIMITED,TARRY RD 55,BIRMINGHAM,B8 3JN
C00863,ALHAFIDH,LITTLEOVER AVENUE 7,BIRMINGHAM,B28 9HR
C00864,ALLSTAR AGENTS (UK),651A MAULDETH RD WEST,MANCHESTER,M21 7SA
C00865,BALMORAL PROPERTIES,"HARPAL HOUSE 14 HOLYHEAD ROAD, HANDSWORTH",BIRMINGHAM,B21 0LT
C00866,BRACKN LIMITED,"PICCADILLY BUSINESS CENTRE, UNIT C ALDOW ENTERPRISE PARK",MANCHESTER,M12 6AE
C00867,HELIUM MIRACLE 141 LIMITED,BELVEDERE,MANCHESTER,M2 4AW
C00868,ASCEND CREATIVE STUDIOS LTD,"UNIT 13, FIRST FLOOR, 20-22 MARY STREET",MANCHESTER,M3 1DZ
C00869,BOND STREET SHOE CO,20 BENT STREET,MANCHESTER,M8 8NF
C00870,ALLCALL SERVICES,"SUITE 5B, MACLAREN HOUSE TALBOT ROAD, STRETFORD",MANCHESTER,M32 0FP
C00871,AL QIMMA FOR INTERNATIONAL TRADING,"UNIT 7 INITIAL BUSINESS CENTRE, WILSON BUSINESS PARK",MANCHESTER,M40 8WN
C00872,ANTIMICROBIAL MATERIALS,91 PRINCESS ST,MANCHESTER,M1 4HT
C00873,ANDREADRIVE LTD,96 MAAS ROAD,BIRMINGHAM,B31 2PR
C00874,ALLBRO'S PROPERTIES LIMITED,"56 PARKSWAY, PRESTWICH",MANCHESTER,M250JB
C00875,BATES LIMITED,LONGBRIDGE LANE,BIRMINGHAM,B31 4RH
C00876,AURORA LOUNGE LTD,18 SHERBORNE ST,MANCHESTER,M3 1FN
C00877,ASSURED ENEGY SOLUTIONS,"PARKWAY HOUSE, PALATINE ROAD",MANCHESTER,M22 4DB
C00878,ANVIL IRONCRAFT LTD,"95 CHURCH ROAD, ERDINGTON",BIRMINGHAM,B24 9BE
C00879,BESPOKE SUPPLY,"UNIT A31 SITE A FORMER PRINCES, LORD NORTH STREET",MANCHESTER,M40 2HJ
C00880,BRANDBERG ESTATES INDEMNITY LTD,"55 GREENHILL ROAD, HANDSWORTH",MANCHESTER,M25 0DB
C00881,ATHERTON VEHICLE SERVICES ESTATES LTD,"58 BELGRAVE CRESCENT, ECCLES",MANCHESTER,M46 0RS
C00882,AL-KHUZAEI HOLDING LIMITED,"APARTMENT 18, ATLAS COURT, 75 HEALD GROVE",MANCHESTER,M14 4AP
C00883,MAZEN MECHANIC LTD,118 POOL FARM ROAD,BIRMINGHAM,B27 7HD
C00884,NUNU SOLUTIONS,"39 BRISTOWE STREET, CLAYTON",MANCHESTER,M114LW
C00885,AWSUM DESSERT LTD,21 BURNSALL CLOSE,BIRMINGHAM,B37 5JE
C00886,BLACK TECH EXPO LIMITED,"29 SCOTT ROAD, DROYLSDEN",MANCHESTER,M43 7UW
C00887,A1 TYRES MCR LIMITED,91A SLADE LANE,MANCHESTER,M13 0GW
C00888,4D ENVIRONMENTAL LTD,1 BOLESWORTH CLOSE,MANCHESTER,M21 9BE
C00889,BIRMINGHAM CAR IMPORTER LTD,55 LANGLEY ROAD,BIRMINGHAM,B10 0TN
C00890,365 DIGITAL MARKETING,"COBALT SQUARE SUITE 2A, 6 FLOOR, 83-85 HAGLEY ROAD",BIRMINGHAM,B168QG
C00891,BROKOSON (5373H),20 MATHER AVENUE,MANCHESTER,M45 8WX
C00892,5 STAR NORTH WEST LIMITED,"200-202 ELLIOTT STREET, TYLDESLEY",MANCHESTER,M29 8DS
C00893,ADEEB ENTERPRISES LTD,9 NEWLAND STREET,MANCHESTER,M8 5RY
C00894,BRENDAN DUGGAN LTD,"BRULIMAR HOUSE JUBILEE ROAD, MIDDLETON",MANCHESTER,M242LX
C00895,A&O JOINERY,C/O ATHERTON ACCOUNTANCY LIMITED 30 BOLTON OLD ROAD,MANCHESTER,M46 9DL
C00896,BOB JONES AND ASSOCIATES AS LTD,"102 LIVERPOOL ROAD, CADISHEAD",MANCHESTER,M44 5AN
C00897,ARCTERRA LTD,45 LEOMINSTER ROAD,BIRMINGHAM,B11 3BH
C00898,BANSAL CONSTRUCTION,47 EARLSMEAD ROAD,BIRMINGHAM,B21 0HU
C00899,BECATHOM,"SUITE 2576 INITIAL BUSINESS CENTRE, UNIT 7 WILSON BUSINESS PARK",MANCHESTER,M40 8WN
C00900,AVELINE THERAPY,88 HAGLEY ROAD,BIRMINGHAM,B16 8LU
C00901,ADUWA &CO LTD,"APARTMENT 1310 METROPOLITAN HOUSE, 1 HAGLEY ROAD",BIRMINGHAM,B16 8HX
C00902,ALL MIXED UP PRODUCTIONS LTD,"11 HEADLANDS DRIVE, PRESTWICH",MANCHESTER,M25 9YF
C00903,7TON PLASTSC MOULDERS LTD,"SIX WAYS BUSINESS CENTRE, 1 GUILDFORD ST",BIRMINGHAM,B19 2HN
C00904,BOBO HUB LTD,"2264 COVENTRY ROAD, SHELDON",BIRMINGHAM,B26 3JR
C00905,BROOKFIELD SOLUTIONS,"4TH FLOOR CENTENARY HOUSE, 1 CENTENARY WAY",MANCHESTER,M50 1RF
C00906,ALEXIA MARINE LTD,25 BOOTHDALE DRIVE,MANCHESTER,M34 5JU
C00907,A.A. PROPERTIES BIRMINGHAM,"CAR & COMMERCIAL SERVICE CENTRE 292 SHORT HEATH ROAD, ERDINGTON",BIRMINGHAM,B236LB
C00908,BABAY MEDICAL,SOHO HOUSE 362-364,BIRMINGHAM,B21 9QL
C00909,VERMA STADIUM LIMITED,"113 PARK ROAD, HOCKLEY",MANCHESTER,M30 3FP
C00910,PHANTOM DRONE MEDIA LTD,"INTERNATIONAL HOUSE, 61 MOSLEY STREET",MANCHESTER,M2 3HZ
C00911,AKS SURGICAL SERVICES,THE LEXICON SECOND FLOOR,MANCHESTER,M2 5NT
C00912,BIRDBROOK LIMITED,"22 BILLY LANE, BARNT GREEN",BIRMINGHAM,B458BY
C00913,12MONTHSEO LIMITED,94 BOWLAND ROAD,MANCHESTER,M23 1LJ
C00914,BIN AZIZ LIMITED,"106 SOUTH STREET, LONGSIGHT",MANCHESTER,M12 4DT
C00915,BDP TEST AUTOMATION,"1D ALBERT ROAD, KINGS HEATH",BIRMINGHAM,B14 7HH
C00916,BOOTCAPM MEDIA LIMITED,9-11 VITTORIA STREET,BIRMINGHAM,B1 3ND
C00917,A.L.K. BRICKWORK & BUILDING SERVICES,28-30 WILBRAHAM ROAD,MANCHESTER,M14 7DW
C00918,AZ GENERAL TRADING LTD,LIVERPOOL ROAD,MANCHESTER,M30 0ND
C00919,APLUS PROPERTY MANAGEMENT & CONSTRUCTION LTD,"55 ST. ANDREWS AVENUE, DROYLSDEN",,M43 6BP
C00920,BARZANJI,159 WILBRAHAM ROAD,MANCHESTER,M14 7DS
C00921,BRIDGEWATER LODGE RESIDENTS CO,"C/O SCANLANS PROPERTY MANAGEMENT CARVERS WAREHOUSE SUITE 2B, 77 DALE ST",MANCHESTER,M1 2HG
C00922,ALH LEGAL,"20 GLENDALE ROAD, WORSLEY",MANCHESTER,M28 1AZ
C00923,AHK PROPERTIES GROUP LIMITED,426-428 LADYPOOL ROAD,BIRMINGHAM,B128JZ
C00924,ANPERA,"7 STATION ROAD, HARBORNE",BIRMINGHAM,B17 9JT
C00925,AUTUMN ROSE HAIR & BEAUTY LTD,26 EGGHILL LANE,BIRMINGHAM,B31 5NR
C00926,LATALABORIS LIMITED,"CHANCERY PLACE, 50 BROWN ST",MANCHESTER,M2 2JG
C00927,AL NABULSI FOR SPARE PARTS TRADING LTD,"UNIT 7 INITIAL BUSINESS CENTRE, WILSON BUSINESS PARK",MANCHESTER,M40 8WN
C00928,BBIRL,APARTMENT 109,BIRMINGHAM,B12 0ND
C00929,164GROUP,"APARTMENT 164 LIBERTY PLACE 26-38, SHEEPCOTE ST",BIRMINGHAM,B16 8JZ
C00930,ACCUSPA,50 BRIDGE ST,MANCHESTER,M3 3BW
C00931,ALBIA LAW,"ADAMSON HOUSE, WILMSLOW ROAD",MANCHESTER,M20 2YY
C00932,ALX BARBER,"GROUND FLOOR, 45 TAUNTON ROAD",BIRMINGHAM,B12 8AU
C00933,AHRDEVELOPMENTS,93 KEDLESTON ROAD,BIRMINGHAM,B28 0ND
C00934,33 BLUE,"37 SHELSLEY AVENUE, OLDBURY",BIRMINGHAM,B69 1BQ
C00935,AURORA BUILDING CARE,161 CORISANDE ROAD,BIRMINGHAM,B29 6RT
C00936,ASHA'S SHOES,"UNIT 50 ARNDALE CENTRE, 49 HIGH STREET",MANCHESTER,M4 3AH
C00937,ALL OF US GLOBAL,BARTLE HOUSE,MANCHESTER,M2 3WQ
C00938,ALBION SQUARE COMMERCIAL MANAGEMENT LIMITED,"COBALT SQUARE SECOND FLOOR, 83-85 HAGLEY RD",BIRMINGHAM,B16 8QG
C00939,AJ PRMIUM SERVICES LTD,62 NEWBRIDGE ROAD,BIRMINGHAM,B9 5UG
C00940,APPLIANCE REPAIR EXPRESS LIMITED,"517A HAGLEY ROAD, BIRMINGHAM",BIRMINGHAM,B66 4AX
C00941,BLACK BEANS LTD,152 TYNEDALE ROAD,BIRMINGHAM,B11 3QT
C00942,AL SHIFA CARE LTD,38 PEPLOW ROAD,BIRMINGHAM,B33 9LN
C00943,ADRTAN EVANS TECHNICAL LTD,"29 HIGHWOOD CROFT, KINGS NORTON",BIRMINGHAM,B38 8ET
C00944,AIR CORP INDUSTRIES LIMITED,"UNIT 7 INITIAL BUSINESS CENTER, WILSON BUSINESS PARK",MANCHESTER,M408WN
C00945,BLACKFIELDS COURT MANAGEMENT COMPANY,"247 BURY OLD ROAD, PRESTWICH",MANCHESTER,M25 1JE
C00946,BOLINKO,"INITIAL BUSINESS CENTRE, UNIT 7 WILSON BUSINESS PARK",MANCHESTER,M40 8WN
C00947,AE FREIGHT CONSULTANCY,"11, 40, MILLTOWN APARTMENTS, STAND LANE",MANCHESTER,M26 1LJ
C00948,ADAM LOGISTICS 25 LTD,STARBANK ROAD,BIRMINGHAM,B10 9LP
C00949,BREEZE RECRUITMENT DRIVEFORCE (HOLDINGS),"59-61 CHARLOTTE STREET, ST PAULS SQUARE",,B3 1PX
C00950,BIRCHFIELD HOUSE MANAGEMENT CO,"C/O XEINADIN, 100 BARBIROLLI SQUARE",MANCHESTER,M2 3BD
C00951,WILLINGTON STORES LIMITED,"2 WHEELEYS ROAD, EDGBASTON",BIRMINGHAM,B15 2LD
C00952,BIRMINGHAM MOT HOLLINGS LIMITED,"BANGOR ROAD UNIT 2,",BIRMINGHAM,B9 4TX
C00953,A&A CLEANING & MAINTENANCE SERVICES LTD,"C/O ATHERTON ACCOUNTANCY LIMITED 30 BOLTON OLD ROAD, ATHERTON",MANCHESTER,M46 9DL
C00954,BAYA FINANCIAL LTD,"MOOSE ACCOUNTING STUDIO 520 GREEN HOUSE, CUSTARD FACTORY, GIBB STREET",BIRMINGHAM,B9 4DP
C00955,ACHIEVE BRAINWAVE LIMITED,"34 167 CADDIE ROAD, LITTLE HULTON",BIRMINGHAM,B26 3AX
C00956,AMIRA BLINDS LIMITED,24 WARDEND ROAD,,B8 2QT
C00957,AFILMORY FOR COMMERCIAL CENTERS LTD,"UNIT 7 INITIAL BUSINESS CENTRE, WILSON BUSINESS PARK",MANCHESTER,M40 8WN
C00958,AJP CORPORATE ACCOUNTANTS,"26 SEDGLEY PARK ROAD, PRESTWICH",MANCHESTER,M25 0AN
C00959,A D E WASTE MANAGEMENT SERVICES LIMITED,"2 BROADWAY, ATHERTON",MANCHESTER,M46 9HW
C00960,BARQUES TRADING LIMITED,"LUDGATE PLACE, 23 LUDGATE HILL",BIRMINGHAM,B3 1DX
C00961,BECODEMY PRIVATE,"OFFICE 12 INITIAL BUSINESS CENTRE, WILSON BUSINESS PARK",MANCHESTER,M40 8WN
C00962,ALLIANCE AUTOMOTIVE UK CV LIMITED,"C/O PENNINGTONS MANCHES COOPER LLP 11TH FLOOR, 45 CHURCH STREET",BIRMINGHAM,B3 2RT
C00963,59 BARONEG FREEHOLD LTD,"2ND FLOOR PARKGATES BURY NEW ROAD, PRESTWICH",MANCHESTER,M25 0TL
C00964,AR ORTHOPAEDICS LIMITED,"53 WELLINGTON ROAD, EDGBASTON",BIRMINGHAM,B15 2ER
C00965,ALEXIOS LTD,"30 THE LINDENS, HARBORNE",BIRMINGHAM,B32 2ER
C00966,ASHDURN LIMITED,"LIFFORD HALL LIFFORD LANE, KINGS NORTON",BIRMINGHAM,B303JN
C00967,BAAY RESOURCES UK LIMITED,12 FREEMOUNT SQUARE,BIRMINGHAM,B43 5QT
C00968,ALVISUAL UK LTD,"651A MAULDETH ROAD WEST, CHORLTON",,M21 7SA
C00969,BEEWISE ENERGY LTD,"SWAN BUILDING, 20 SWAN STREET",MANCHESTER,M4 5JW
C00970,3343 LIMITED,"UNIT 8, SAFE HARBOUR INDUSTRIAL ESTATE, 25 MOOR LANE",BIRMINGHAM,B67AE
C00971,B. & S. TOOLS,"1, STATION ROAD, STECHFORD",BIRMINGHAM,B33 9AX
C00972,B&N BOOKKEEPING,"11 CLEVEDON AVENUE, URMSTON",MANCHESTER,M41 9PR
C00973,ANIMEX,"INITIAL BUSINESS CENTRE, UNIT 7 MONSALL ROAD, INITIAL BUSINESS CENTRE, UNIT 7, WILSON BUSINESS PARK",MANCHESTER,M40 8WN
C00974,"""THE FOUR"" - CHILDRENS BOOKS","4A BEACON ROAD, GREAT BARR",BIRMINGHAM,B43 7BP
C00975,A & J HAULAGE LIMITED,"RSM, NINTH FLOOR LANDMARK, ST PETER’S SQUARE, 1 OXFORD STREET",MANCHESTER,M14PB
C00976,AWESOME QUOTES,15 LLOYD STREET,BIRMINGHAM,B10 0LH
C00977,BJZ GROUP,"5 TYLDESLEY ROAD, ATHERTON",MANCHESTER,M46 9DA
C00978,BENEFIT BRIDGE LTD,13 CUCKOO RD,BIRMINGHAM,B7 5SY
C00979,BLACK MUNEE LIMITED,"BOULEVARD PLAZA 417 BOULEVARD PLAZA, 654B BRISTOL ST",BIRMINGHAM,B5 7FY
C00980,ALLDAY ESSENTIALS,GEORGE ST,BIRMINGHAM,B3 1QA
C00981,BLUEMORA LTD,54 SANDFIELDS AVENUE,BIRMINGHAM,B10 0BN
C00982,AUTOCONTROL PROCESS INSTRUMENTATION LTD,10 PARK PLACE,MANCHESTER,M4 4EY
C00983,AMESTOWN LIMITED,"1ST FLOOR, CLOISTER HOUSE, RIVERSIDE, NEW BAILEY ST",MANCHESTER,M3 5FS
C00984,ARAM RESOURCEC LIMITED,"6210 BISHOPS COURT, BIRMINGHAM BUSINESS PARK, SOLIHULL",BIRMINGHAM,B37 7YB
C00985,ALYSTR NASH MUSIC LTD,"7A BELGRAVE CRESCENT, ECCLES",MANCHESTER,M30 9AE
C00986,BBJ ESTATES LTD,"2ND FLOOR PARKGATES BURY NEW ROAD, PRESTWICH",MANCHESTER,M25 0TL
C00987,ASTONCROFT TRADING HOTEL LTD,187 ROCHDALE ROAD,MANCHESTER,M40 8WN
C00988,AKAAL TRAVEL LTD,"68-82 SOHO HILL, BIRMINGHAM",BIRMINGHAM,B19 1AA
C00989,PORTLAND FM LIMITED,"UNIT 7, INITIAL BUSINESS CENTER, WILSON BUSINESS PA",MANCHESTER,M40 8WN
C00990,BLUE SPOT TOOLS,"STAKEHILL INDUSTRIAL ESTATE, MIDDLETON 64",MANCHESTER,M24 2RW
C00991,BIRDSYSTEM LTD,2ND FLOOR PARKGATES BURY NEW ROAD,MANCHESTER,M25 0TL
C00992,BEL MENDES LTD,16 BLACKFRIARS STREET,MANCHESTER,M3 5BQ
C00993,ACADEMY OF HOMEOPATHY & HOLISTIC THERAPIES-(A.H.H.T). LTD,484 ALCESTER ROAD SOUTH,,B14 6EP
C00994,APEX CAPITAL MANAGEMENT,"46-47 FIFTH FLOOR, THE WHITEHOUSE, 111 NEW STREET",BIRMINGHAM,B2 4EU
C00995,ALHABRI INTERNATIONAL,"226 WARWICK ROAD, SPARKHILL",BIRMINGHAM,B11 2NB
C00996,ASTLEY CAR WASH,"CHADDOCK LANE CHADDOCK LANE, TYLDESLEY",MANCHESTER,M29 7JY
C00997,ART & WELLNESS LTD,19 CAROLINE STREET,BIRMINGHAM,B3 1TR
C00998,AG SOLICITORS,580B STOCKPORT ROAD,MANCHESTER,M13 0RQ
C00999,AURANGZAIB KHAWAJA LTD,27 ST. CATHERINES CLOSE,BIRMINGHAM,B15 2FE
C01000,BEWLEY'S TEA & OCFFEE UK LIMITED,"ONE ELEVEN, EDMUND ST",BIRMINGHAM,B3 2HJ
C01001,ALICIA DUBNYCKYJ FINE ART,14 SELSEY ROAD,BIRMINGHAM,B17 8JS
C01002,AMS PROPERTY INVESTMENTS LTD,"1 HARDMAN STREET, SPINNINGFIELDS",MANCHESTER,M3 3HF
C01003,AQ PROPERTY GROUP LTD,"A907 CASTLEWHARF, 2A CHESTER RD",MANCHESTER,M15 4SA
C01004,AB (MIDLANDS) OTHER SERVICES,"116 YARDLEY ROAD, ACOCKS GREEN",BIRMINGHAM,B27 6LG
C01005,ANDREA FUCHS LTD,"OFFICE 620 INITIAL BUSINESS CENTRE, WILSON BUSINESS PARK",MANCHESTER,M40 8WN
C01006,A J FINANCIAL LIMITED,"WOODTHORPE GRANGE, PRESTWICH 4",MANCHESTER,M25 0GU
C01007,BLACK TOWER RENOVATIONS,"1A DAVYHULME CIRCLE, URMSTON",MANCHESTER,M41 0ST
C01008,AI SIGNS & POMOS LTD,191-195 ERRWOOD ROAD,MANCHESTER,M19 1JB
C01009,BIONIK STRENGTH LTD,"PERCY WESTHEAD AND CO HANOVER HOUSE, 30-32 CHARLOTTE ST",MANCHESTER,M1 4FD
C01010,AUTHENTIC KITCHEN INSTALLATION,"GUILDFORD GROVE, MIDDLETON 41",MANCHESTER,M24 2WX
C01011,ARMAGARD HOLDINGS,"UNIT 9, FORTNUM CLOSE",BIRMINGHAM,B33 0LG
C01012,ALMOCHA CAFE,201 STRATFORD ROAD,BIRMINGHAM,B11 1QZ
C01013,90 SQUARED CRESWELL,"STERLING HOUSE, 71 FRANCIS ROAD, EDGBASTON",BIRMINGHAM,B16 8SP
C01014,FRAGILE LILIES LIMITED,"UNIT 7 INITIAL BUSINESS CENTER, WILSON BUSINESS PARK",MANCHESTER,M40 8WN
C01015,ADC RECRUITMENT LIMITED,OAKWOOD ROAD,BIRMINGHAM,B11 4EX
C01016,ACTIVEPINE LIMITED,"222 ALCESTER ROAD, MOSELEY",BIRMINGHAM,B138EY
C01017,ASMARA’S HAIR AND BEAUTY,25 PEAK CROFT,BIRMINGHAM,B36 8LA
C01018,ATLANTIC PARAGON ESTATES,7 LINGDALE WALK,MANCHESTER,M40 9BR
C01019,TYRE AIPHYSIO LIMITED,10 PARK PLACE,MANCHESTER,M4 4EY
C01020,1206 PROPERTY LTD,202 ORPHANAGE ROAD,BIRMINGHAM,B24 0AD
C01021,LBG1.11 LTD,"UNIVERSAL SQUARE BUILDING 5, 5TH FLOOR, DEVONSHIRE STREET NORTH",MANCHESTER,M12 6JH
C01022,AS DWELLINGS LTD,"CARR BROOK DRIVE, ATHERTON 20",MANCHESTER,M46 9HT
C01023,BLACKLINE CARS LTD,100 MANOR FARM RD,BIRMINGHAM,B11 2HX
C01024,BESTWAY CLEANING SERVICES LTD,"132 SOUTH ROAD, ERDINGTON",BIRMINGHAM,B23 6EL
C01025,A LITTLE SOMETHING SPECIAL LTD,83 DUCIE STREET,MANCHESTER,M1 2JQ
C01026,SAGILL TUITION CENTRE LTD,6 SHORT HEATH RD,BIRMINGHAM,B23 6JP
C01027,AI DATABASE LIMITED,"152 STATION ROAD, STECHFORD",BIRMINGHAM,B33 8BT
C01028,BATOOL OPTICS LTD,23 BEATRICE AVENUE,MANCHESTER,M18 7JU
C01029,JUICE FOR LIFE BEDFORD,"1166 COVENTRY ROAD, YARDLEY",BIRMINGHAM,B25 8DA
C01030,A S CIVILS,1 BEDNAL AVENUE,MANCHESTER,M40 8DW
C01031,1072 PROPERTY,72 KINGSHILL ROAD,MANCHESTER,M21 9HD
C01032,ARTHUR BUILDS LTD,2 SWALLOW AVENUE,BIRMINGHAM,B36 0RH
C01033,BEEHIVE’S PROPERTIES,"BARTLE HOUSE, 9 OXFORD COURT",MANCHESTER,M2 3WQ
C01034,ANFORA GP LIMITED,"BELVEDERE, 12 BOOTH STREET",MANCHESTER,M2 4AW
C01035,ABBEY DRIVES LFD,"SAPPHIRE HEIGHTS COURTYARD, 31 TENBY STREET NORTH",BIRMINGHAM,B1 3ES
C01036,BE BROADCAST LTD,"CITY TOWER 13TH FLOOR, PICCADILLY PLAZA",MANCHESTER,M1 4BT
C01037,AQUILA BIDCO LIMITED,"C/O DWF LAW LLP 1 SCOTT PLACE, 2 HARDMAN ST",,M3 3AA
C01038,ALBERO HOMES LIMITED,"233 DUMERS LANE, RADCLIFFE",MANCHESTER,M26 2GE
C01039,ASIREM HOLDCO,"PETER HOUSE OFFICE 600 PETER HOUSE, OXFORD STREET",MANCHESTER,M15AN
C01040,(NW) ELECTRICAL SOLUTIONS LTD,"40 ASHDALE CRESCENT, DROYLSDEN",MANCHESTER,M43 6PT
C01041,ALL WHITE LINENS LTD,CONSTELLATION MILL UNIT 4A,MANCHESTER,M26 4DA
C01042,AR RESEARCH LTD,1 CONSTANCE ROAD,BIRMINGHAM,B5 7RB
C01043,SCHOOL AFFINITY LIMITED,"5TH FLOOR, ONE ST JAMES' SQUARE",MANCHESTER,M2 6DN
C01044,ADNAB HEALTHCARE,"195 KINGSWAY, CHEADLE",MANCHESTER,SK8 1QU
C01045,ALLMID LIMITED,"222 ALCESTER ROAD, MOSELEY",BIRMINGHAM,B13 8EY
C01046,AD AUT0GLAZE,"32 CEDAR ROAD, MIDDLETON",,M24 2FS
C01047,BRISKLAND LIMITED,THE ROYAL GEORGE HOTEL 325,BIRMINGHAM,B9 4PN
C01048,AQUAFIELD TRADING & CONSULTING SERVICES LTD,"15 GRANADA MEWS, ST. AUSTELL ST",MANCHESTER,M16 8GX
C01049,24-7 CARE SERVICES BIRMINGHAM LTD,LANDOR PRINT LTDB FIRSWOOD ROAD,BIRMINGHAM,B33 0TG
C01050,2A VIBES RECORDS LTD,"INTERNATIONAL HOUSE, THE MCLAREN BUILDING, 46 THE PRIORY QUEENSWAY",BIRMINGHAM,B4 7LR
C01051,APEX INTELLIGENCE PHARMA LTD,40 PELHAM ROAD,BIRMINGHAM,B8 2PA
C01052,3GS HOLDINGS LTD,"5TH FLOOR, 1 MARSDEN ST",MANCHESTER,M2 1HW
C01053,ACE PA,"39 NURSERY ROAD, PRESTWICH",MANCHESTER,M25 3DU
C01054,PAINTING ASOKE LTD,"BUILDING ONE TRIDENT BUSINESS PARK, STYAL ROAD",MANCHESTER,M22 5XB
C01055,BEWICK PROPERTIES,"2ND FLOOR, PARKGATES BURY NEW ROAD, PRESTWICH",MANCHESTER,M25 0TL
C01056,AGG INVESTMENT GROUP LIMITED,59-61 CHARLOTTE STREET,BIRMINGHAM,B3 1PX
C01057,AMAFFILIATE,20 ELLESBORO ROAD,BIRMINGHAM,B17 8PT
C01058,ARC TRUSTEES LIMITED,"NEW MAXDOV HOUSE, 130 BURY NEW RD",MANCHESTER,M25 0QA
C01059,PRIME SOURCE CONSULTING,"C/O CHRISTIAN DOUGLASS ACCOUNTANTS LIMITED 2 JORDAN STREET, KNOTT MILL",MANCHESTER,M15 4PY
C01060,AMELIA HOMES LTD,SIX WAYS BUSINESS CENTRE,BIRMINGHAM,B19 2HN
C01061,ATELIER INTEGRAL LIMITED,"APARTMENT 14 MERE HOUSE, 62 ELLESMERE ST",MANCHESTER,M15 4QR
C01062,BELO LASH,"11 WARWICK ROAD, OLD TRAFFORD",MANCHESTER,M16 0QQ
C01063,ALFA MEDICAL SERVICES LIMITED,"UNIT 4, MARLIN OFFIE VILLAGE, 1250 CHESTER ROAD",BIRMINGHAM,B35 7AZ
C01064,BA HOMES LIMITED,82 BROCKHURST ROAD,,B36 8JD
C01065,AG LONDON PROPERTIES 2 LIMITED,"1ST FLOOR, CLOISTER HOUSE RIVERSIDE, NEW BAILEY ST",MANCHESTER,M3 5FS
C01066,BITS SENT ANYWHERE LTD,27 DERWENT ROAD,MANCHESTER,M41 8TT
C01067,BRIDGE WALK ESTATES (BIRMINGHAM),"GRAND UNION HOUSE BRIDGE WALK, ACOCKS GREEN",BIRMINGHAM,B27 6SN
C01068,A SHARPE SOLUTION LTD,127E LIVERPOOL ROAD,MANCHESTER,M3 4JN
C01069,ABDUL BROTHERS LIMITED,"289A OLDHAM ROAD, MIDDLETON",MANCHESTER,M24 2DW
C01070,AWES TECHNOLOGY,"UNIT 7 INITIAL BUSINESS CENTRE, WILSON BUSINESS PARK",MANCHESTER,M40 8WN
C01071,ALAN (LEEDS),"UNIT 19 TULKETH INDUSTRIAL ESTATE MANCHESTER, TULKETH INDUSTRIAL ESTATE",MANCHESTER,M40 9LY
C01072,ACLO ASSETS MH LTD,"DANTZIC BUILDING, DANTZIC STREET",MANCHESTER,M4 2AH
C01073,BRITTA,"13-15 STOCKS STREET, UNIT 1",,M8 8GW
C01074,AJ MOTOR TRADER,6 STANHORNE AVENUE,MANCHESTER,M8 4PQ
C01075,A1 HEALTH TREATMENTS LTD,BRASSHOUSE LANE,BIRMINGHAM,B66 1BA
C01076,ANDYEW J BAKER,"FLAT 5, 14-16 CIRCULAR ROAD",MANCHESTER,M20 3LP
C01077,BLUE DRAGON RECOVERY & BREAKDOWN LTD,4 HAYLING CLOSE,BIRMINGHAM,B45 0HG
C01078,BRAMPTONS AUTOCENTRE,"96 BRAMPTONS AUTO CENTRE, FORDHOUSE LANE",BIRMINGHAM,B30 3AH
C01079,M65 SECURIT,"UNIT 10 HERBERT ROAD, SMALL HEATH",BIRMINGHAM,B10 0QR
C01080,300 MEDIA,"412 STRETFORD ROAD, AURA COURT BUSINESS CENTRE",MANCHESTER,M15 4AE
C01081,AZARAK LIMITED,5 ELMFIELD STREET,MANCHESTER,M8 0SZ
C01082,BEST CSR LTD,6 HOCKLEY HILL,BIRMINGHAM,B18 5AA
C01083,ATRUCHECKS LTD,"SUITE 2A BLACKTHORN HOUSE, STREET PAULS SQUARE",BIRMINGHAM,B3 1RL
C01084,ALL WORK AND SOCIAL HOLDCO LIMITED,C/O ALLIED LONDON,MANCHESTER,M3 4AP
C01085,ALA INTERNATIONAL MEDIA LTD,"KEY BUSINESS PARK KINGSBURY ROAD, ERDINGTON UNIT 14",BIRMINGHAM,B24 9PT
C01086,AMD COMMERCIAL ESTATES,"UNIT X HAMSTEAD INDUSTRIAL ESTATE AUSTIN WAY, GREAT BARR",BIRMINGHAM,B42 1DU
C01087,BAN-COLE ACCOUNTANTS,1 SALCOMBE ROAD,MANCHESTER,M11 1DQ
C01088,BLOOMSTONE TUTORS,12 MONACO DRIVE,,M22 4FG
C01089,APM ADVISORY LTD,PARK HILL RD,BIRMINGHAM,B17 9HJ
C01090,ALLGOOD LIMITED,63-83 BREARLEY STREET,BIRMINGHAM,B19 3NT
C01091,AQRAWI SHAWARMA LTD,647 WASHWOOD HEATH RD,BIRMINGHAM,B8 2HJ
C01092,AY UK ENTERPRISES LIMITED,182 SOHO HILL,BIRMINGHAM,B19 1AG
C01093,BEAUTY BY THE HOLY GRAIL LTD.,"32 PARKFIELD DRIVE, MIDDLETON",MANCHESTER,M24 4ED
C01094,ASD MOBILE MECHANICS,"1ST FLOOR 33A GROVE LANE, HANDSWORTH",BIRMINGHAM,B21 9ES
C01095,AM HYDRAULICS,"UNIT 6, HOCKLEY BROOK TRADING ESTATE, SOUTH ROAD AVENUE",BIRMINGHAM,B18 5JR
C01096,ARG LOGISTICS LTD,"43 DUCHESS ROAD, CRUMPSALL",MANCHESTER,M8 5UP
C01097,BACKFIRE STUDIOS LTD,BARTLE HOUSE,MANCHESTER,M2 3WQ
C01098,AA COMMERCE LIMITED,13 NEWVILLE DRIVE,MANCHESTER,M20 4TE
C01099,ATHERTON VEHICLE SERVICES,"UNIT 3 LINSTOCK WAY, ATHERTON",MANCHESTER,M46 0RS
C01100,151 PRODUCTS,"THE OLD SCHOOL HOUSE, 39 BENGAL STREET",MANCHESTER,M4 6AF
C01101,BRIT ENERGY SERVICES,60 PARKIN STREET,MANCHESTER,M12 5RL
C01102,ABDULLAH HASAN AL-SAGHEER TRADING,"UNIT 7 INITIAL BUSINESS CENTRE, WILSON BUSINESS PARK",MANCHESTER,M40 8WN
C01103,AURORA GRAND LTD,"271 BORDESLEY GREEN ROAD, SALTLEY",BIRMINGHAM,B8 1BY
C01104,AL-HIKMAH SERVICES LIMITED,"60 RUSSELL ROAD, HALL GREEN",BIRMINGHAM,B28 8SF
C01105,ARVS DIRECT,"FLAT 66 HANI WELLS, 20 HENDERSON ST",MANCHESTER,M19 2DY
C01106,BREAANNA,3 HARDMAN SQUARE,MANCHESTER,M33EB
C01107,AHL TRANSPORT LIMITDE,42 LOMOND ROAD,MANCHESTER,M22 5JD
C01108,AHSAN KHAN LTD,"AHSAN KHAN LTD, 136 BILTON GRANGE ROAD",BIRMINGHAM,B26 2LT
C01109,BLADE GJS MANAGEMENT COMPANY LTD,"C/O ZENITH MANAGEMENT, NQ BUILDING, 47 BENGAL STREET",MANCHESTER,M4 6BB
C01110,A6000 LTD,"2 WHEELEYS ROAD, EDGBASTON",BIRMINGHAM,B15 2RD
C01111,BETTS SQUARED,"582-586 KINGSBURY ROAD, ERDINGTON",BIRMINGHAM,B24 9ND
C01112,AK GLAMORY LTD,"5 TALBOT ROAD, STRETFORD",MANCHESTER,M16 0QL
C01113,ADDO PHARMA LTD,WAYLAND RD,MANCHESTER,M18 7HA
C01114,BRAMHALL CARE,BRIGHTON RANGE,MANCHESTER,M18 7LP
C01115,A R S PROPERTIES LTD,"462 DUDLEY ROAD, C/O FAIRFIELD ACCOUNTANTS LTD, WINSON GREEN",BIRMINGHAM,B18 4HF
C01116,BAIS BORUCH,"2ND FLOOR, PARKGATES BURY NEW ROAD, PRESTWICH",,M25 0TL
C01117,ARROW COURQERS LTD,19 KINGS CLOSE,BIRMINGHAM,B14 6TP
C01118,BROMFORD APPLIANCES LTD,"354 BROMFORD LANE, WASHWOOD HEATH",BIRMINGHAM,B8 2RZ
C01119,BROOKVALE ADVISORY,LUDGATE HILL 33,BIRMINGHAM,B3 1EH
C01120,BEECLEAN PRIMA LTD,44 BRICKFIELD ROAD,MANCHESTER,M27 7HW
C01121,BELLBOURN CONSULTING,52 MOOR POOL AVENUE,BIRMINGHAM,B17 9DT
C01122,BRIDGEWORTHY PROPERTIES LIMITED,"THE VALLANCE DENTAL CENTRE 1ST FLOOR THE VALLANCE CENTRE, WADESON ROAD",MANCHESTER,M13 9UJ
C01123,5TPK BUSINESS LTD,4 BOWGREEN WALK,MANCHESTER,M154DJ
C01124,BJM MOT LTD,"SUITE 3, 4TH FLOOR QUEENS GATE, 121 SUFFOLK ST QUEENSWAY",BIRMINGHAM,B1 1LX
C01125,AB PHARMA MCR,"117 BURY OLD ROAD, PRESTWICH",MANCHESTER,M250EQ
C01126,BEN NICHOLAS,"15 WILTON STREET, WHITEFIELD",MANCHESTER,M45 7FT
C01127,BOND ST INTERIORS,"393 COVENTRY ROAD, SMALL HEATH",BIRMINGHAM,B10 0SP
C01128,B1 PROFESSIONAL CAFE LIMITED,370A DUDLEY ROAD,BIRMINGHAM,B18 4HH
C01129,BOLTON ENGINEERING AND MANUFACTURING LIMITED,"UNIT R HIGHFIELD ROAD, LITTLE HULTON",MANCHESTER,M38 9ST
C01130,ALSHAMI UK LTD,"24A CROFTS BANK ROAD, URMSTON",MANCHESTER,M41 0TS
C01131,BED & BUITER LIMITED,"16 EGMONT STREET, SALFORD",MANCHESTER,M6 7FZ
C01132,BCN GROUP (BRADFORD),"SECOND FLOOR, BUILDING 4, MANCHESTER GREEN, STYAL ROAD",MANCHESTER,M22 5LW
C01133,ASR REAL ESTATES,121 LIVERY STREET,BIRMINGHAM,B3 1RS
C01134,BERNARD MATTHEWS LIMITED,"BOPARAN SUPPORT CENTRE PORTLAND HOUSE, BICKENHILL LANE",BIRMINGHAM,B37 7WR
C01135,BOOST AUTOMOTIVE LIMITED,"6TH FLOOR, COBALT SQUARE, 83-85 HAGLEY ROAD",BIRMINGHAM,B16 8QG
C01136,AMTM,49 CARPENTER RD,BIRMINGHAM,B15 2JW
C01137,10 PIXELS,1041 STOCKPORT ROAD,MANCHESTER,M19 2TF
C01138,AGILYX EMEA LTD,"FARADAY WHARF, HOLT ST",BIRMINGHAM,B7 4BB
C01139,AP PORTFOLIO LIMITED,"97 GREENRIDGE ROAD, HANDSWORTH WOOD",BIRMINGHAM,B20 1JN
C01140,AUMBER ROPERTY LIMITED,86C WATER STREET,BIRMINGHAM,B3 1HL
C01141,BLUE DREAM BIRMINGHAM LIMITED,19 PARKSIDE ROAD,BIRMINGHAM,B20 1EL
C01142,BOYD PEILL PROPERTIES LTD,"2ND FLOOR, GROVE HOUSE 774-780 WILMSLOW ROAD, DIDSBURY",MANCHESTER,M20 2DR
C01143,ALNESS ROAD LTD,45 MANLEY ROAD,MANCHESTER,M16 8HP
C01144,AN ICE TIPPLE LIMITED,"2A BREW THIRTY TWO, 2A TAYLORS ROAD",MANCHESTER,M32 0JA
C01145,112GW NVILSEA LIMITED,"STUDIO 202, BARFORD ST",BIRMINGHAM,B5 7EP
C01146,ARC ELECTRICAL CONTRACTORS LTD,60 BRANTWOOD TERRACE,MANCHESTER,M9 4LR
C01147,BOLD LABEL LTD,"39 NORTHCOTE AVENUE, WYTHENSHAWE",MANCHESTER,M22 9AJ
C01148,AVIS HEALTHCARE LIMITED,"GROSVENOR HOUSE, 11 ST. PAULS SQUARE",BIRMINGHAM,B3 1RB
C01149,SECURITY COMMAND LIMITED,"UNIT 7 INITIAL BUSINESS CENTER, WILSON BUSINESS PARK",MANCHESTER,M40 8WN
C01150,BROOKE PLAT,UNIT 10F TURNER STREET,MANCHESTER,M34 3EG
C01151,AELJL,99 SHILLINGFORD ROAD,MANCHESTER,M18 7TN
C01152,A S ASHMORE BUILDERS LTD,149 SPON LANE,BIRMINGHAM,B70 6AS
C01153,AVENUE ESTATES,"2ND FLOOR PARKGATES BURY NEW ROAD, PRESTWICH",MANCHESTER,M25 0TL
C01154,AIRREALMEDIA,116 MARSH LANE,,B23 6PL
C01155,5 STAR FOOD UK,"651A MAULDETH ROAD WEST, CHORLTON",MANCHESTER,M21 7SA
C01156,ABEE CARS,CHAMBERLAIN SQUARE,BIRMINGHAM,B3 3AX
C01157,A&R HOUSING LTD,ROSARY RD,BIRMINGHAM,B23 7RB
C01158,ARTL LTD,"ENTERPRISE HOUSE 2 PASS STREET, OLDHAM",MANCHESTER,OL9 6HZ
C01159,2N PROPERTB,"STUDIO 9 STUDIO 9, 50-54 ST. PAULS SQUARE",BIRMINGHAM,B3 1QS
C01160,BATCHELOR RESOURCES,"FLAT 47 FIRCROFT HOUSE, WINCHESTER DRIVE",BIRMINGHAM,B37 5QB
C01161,BANANI FAMILY LTD,"98 PARKFIELD ROAD, ALUM ROCK",BIRMINGHAM,B29 5BW
C01162,ALFA REMOVAL,"FLAT 2, 69 GILLOTT RD",BIRMINGHAM,B16 0EU
C01163,BGM TRANS,80 RIDDFIELD ROAD,BIRMINGHAM,B36 8PS
C01164,APPLE CHILDCARE VOUCHERS LIMITED,"XEINADIN MANCHESTER, 100 BARBIROLLI SQUARE",MANCHESTER,M2 3BD
C01165,BIG RED PROPERTIES LTD,"5 FAIRWAY COURT, DENTON",MANCHESTER,M34 3QG
C01166,ALS CUSTOM SERVICES AND SOLUTIONS,"ALS CUSTOMS SERVICES LIVERPOOL ROAD, ECCLES",MANCHESTER,M30 7RF
C01167,ARIVI LTD,31 FELLPARK ROAD,MANCHESTER,M23 0EX
C01168,A&J ROOF SOLUTIONS LTD,"FLAT 1, 53 MANLEY ROAD",MANCHESTER,M16 8HP
C01169,B.G.SHEET METAL CO.LIMITED,95 VITTORIA STREET,BIRMINGHAM,B1 3NU
C01170,AMBITINS PROPERTY LTD,"149 SPON LANE, WEST BROMWICH",BIRMINGHAM,B70 6AS
C01171,21&CO,"1, MAIN BUILDING, 201 PALATINE ROAD",MANCHESTER,M20 2TW
C01172,MOKKA,"UNIT 1 WALMER ST EAST, RUSHOLME",MANCHESTER,M14 5SS
C01173,ARRENDS OSLUTIONS LIMITED,7A FIRST FLOOR,MANCHESTER,M8 9TZ
C01174,BISHOPSROAD15 LIMITED,15 BISHOPS ROAD,MANCHESTER,M25 0HT
C01175,BRANDXHUB BKDANISH LIMITED,7 BRIDGE STREET,BIRMINGHAM,B11 2EX
C01176,88 ALW,2 AVENUE CLOSE,BIRMINGHAM,B7 4NU
C01177,BRAINWAVE ASSET INTELLIGENCE,"3 VICTORIA PARADE, URMSTON",MANCHESTER,M41 9BT
C01178,ADBRIDGE ESTATE MANAGEMENT,"UNIT 1E, BROMSGROVE HOUSE, 88 BROMSGROVE STREET",BIRMINGHAM,B5 6AJ
C01179,BOON RECRUITMENT LIMITED,2 BELFIELD ROAD,MANCHESTER,M20 6BH
C01180,ABSBTA,9-9A BIRCHFIELD ROAD,BIRMINGHAM,B19 1SU
C01181,BESTIE MARKETING LIMITED,"SWAN BUILDING, 20 SWAN STREET",MANCHESTER,M4 5JW
C01182,AGENT SOFTWARE LIMITED,"3RD FLOOR, NORTH SQUARE, 11-13 SPEAR STREET",MANCHESTER,M1 1JU
C01183,AP TRAVEL LIMITED,"YEW TREE BUSINESS HUB, 153 YEW TREE LANE, YARDLEY",BIRMINGHAM,B26 1AY
C01184,A&H FASHION,"30 KILBURN ROAD, RADCLIFFE",MANCHESTER,M26 3NB
C01185,BRB TRADING LIMITED,"BIRMINGHAM ROYAL BALLET, THORP STREET",BIRMINGHAM,B5 4AU
C01186,ALWADI INVESTMENT LIMITED,"UNIT 1B, MONSALL ROAD",MANCHESTER,M40 8BN
C01187,TRISTAN WAUGH LIMITED,"INITIAL BUSINESS CENTER, WILSON BUSINESS PARK UNIT 7,",MANCHESTER,M40 8WN
C01188,ALTAYB LIMITED,"UNIT 1, DAGENHAM RD",MANCHESTER,M14 5ED
C01189,BEAM XYZ LTD,31 CHURCH ROAD,MANCHESTER,M22 4NN
C01190,AB PHARMA SERVICES LTD,2 YORK STREET,MANCHESTER,M19 3YS
C01191,AMMONITE GEOSERVICES LTD,"80 ASHTON ROAD, DENTON",MANCHESTER,M34 3JF
C01192,BOBRICK WASHROOM EQUIPMENT,1 CHAMBERLAIN SQUARE CS,BIRMINGHAM,B3 3AX
C01193,AASKI LTD,26 PETERFIELD WAY,MANCHESTER,SK12 1BD
C01194,BERNICE EY CARE,"APARTMENT 31, THE EDG, 103 SPRINGMEADOW ROAD",BIRMINGHAM,B15 2GJ
C01195,BREEZE STRATEGIC SERVICES,"UNITS B & C BROADLINK, MIDDLETON",MANCHESTER,M24 1UB
C01196,BLAZEFORGE CAPITAL ACT LIMITED,"194 MIDDLEMORE INDUSTRIAL ESTATE, MIDDLEMORE ROAD",MANCHESTER,M40 8WN
C01197,6DBIM SOFTWARE LTD,"THE COTTAGE GILSON ROAD, COLESHILL",BIRMINGHAM,B46 1LP
C01198,AGNEESWARA,748 ALUM ROCK ROAD,BIRMINGHAM,B8 3PP
C01199,VERAJ JEWELLERS,149 SPON LANE,BIRMINGHAM,B70 6AS
C01200,BRITANNIA CREST,68 WARSTONE LANE,BIRMINGHAM,B186HU
C01201,ADDERLEY ALARMS TD,34 DAISY FARM ROAD,BIRMINGHAM,B14 4QA
C01202,PH CASTLEFIELD BIDCO LTD,"HILTON HOUSE 26-28, HILTON STREET",MANCHESTER,M1 2ZH
C01203,ADEPT CORPORATE SERVICES LIMITED,"SUITE 1 BONDED WAREHOUSE, 18 LOWER BYROM STREET",MANCHESTER,M3 4AT
C01204,AERO NODE TECHNOLOGY BREAKDOWN LIMITED,107 WILMSLOW ROAD,MANCHESTER,M3 4DY
C01205,A&T FISHMONGER,83 BERESFORD ROAD,MANCHESTER,M130TA
C01206,AIR UK (TP) AGM LIMITED,67 KINGSWAY,MANCHESTER,M3 4JH
C01207,ABHIDIYA PROPERTIES LIMITED,"SUITE 2 PARKWAY 5 PARKWAY BUSINESS CENTRE, PRINCESS RD",MANCHESTER,M14 7HR
C01208,AZIZI MANAGEMENT,CHEETHAM HILL ROAD,MANCHESTER,M8 8LQ
C01209,A-EYE AURORION SECURITY LTD,"FLAT 34 WARD END HOUSE, 496 WASHWOOD HEATH RD",BIRMINGHAM,B8 2HE
C01210,COMPANIES ANGLO LTD,84 ABBOTSFORD ROAD,BIRMINGHAM,B11 1PB
C01211,ANQA CARE & SUPPORT,30 BRANDFORTH ROAD,MANCHESTER,M8 0RH
C01212,19 MONART LIMITED,"12 WOODFIELD ROAD, MIDDLETON",MANCHESTER,M24 1NF
C01213,33MM STUDIO,UNIT 5 THE MEWS,MANCHESTER,M12 6HS
C01214,E&B FIRE PROTECTION LTD,76 BOOTH HALL RD,MANCHESTER,M9 7BL
C01215,ANTHIZ GROUP LTD,"5 PHILIP AVENUE, DENTON",MANCHESTER,M34 3WY
C01216,ASB ACCOUNTANCY,"1ST FLOOR, 305, BIRCHFIELD ROAD",BIRMINGHAM,B20 3BX
C01217,ARABIAN JAMAL LTD,"RADCLYFFE HOUSE 66-68, HAGLEY RD",BIRMINGHAM,B16 8PF
C01218,AL-MURSHED FOR TRADING LTD,"UNIT 7 INITIAL BUSINESS CENTRE, WILSON BUSINESS PARK",MANCHESTER,M40 8WN
C01219,A1 TYRE TRACK LIMITED,91A SLADE LANE,MANCHESTER,M13 0GF
C01220,JAIM CARS,10 BURLINGTON STREET,BIRMINGHAM,B6 4UB
C01221,AM PLUMBING SERVICES,"FLAT 1 36 DAVYHULME ROAD EAST, STRETFORD",MANCHESTER,M32 0DW
C01222,AROKAYA THAI YOGA MASSAGE AND SPA,557 BARLOW MOOR RD,MANCHESTER,M21 8AN
C01223,AVENTUS PROPERTY INVESTMENTS,"BARTLE HOUSE, 9 OXFORD COURT",MANCHESTER,M2 3WQ
C01224,AAZTECH LIMITED,8 BEASTOW ROAD,MANCHESTER,M12 5US
C01225,ADAPTABLE DESIGN COMPANY (UK) LTD,"GROSVENOR HOUSE, 11 ST. PAULS SQUARE",BIRMINGHAM,B3 1RB
C01226,TRANQUIL PC LTD,"2 QUEENSMEAD PLACE, TRAFFORD PARK",MANCHESTER,M17 1PH
C01227,AL ANIQ MDOESTWEAR LTD,286 UPPER BALSALL HEATH RD,BIRMINGHAM,B12 9DR
C01228,BRINDLEHAND ENTERPRISE,"1 HARDMAN STREET, SPINNINGFIELDS",MANCHESTER,M3 3HF
C01229,BROW LIFE LIMITED,"813 MANCHESTER OLD ROAD, MIDDLETON",MANCHESTER,M24 4RE
C01230,AM VICTUAL LTD,"HAGLEY ROAD, EDGBASTON 167",BIRMINGHAM,B16 8UQ
C01231,ASL COSMETICS,"18 PINE AVENUE, WHITEFIELD",MANCHESTER,M45 7EQ
C01232,MAXMODE,KNOWSLEY STREET 34,MANCHESTER,M8 8HQ
C01233,ALRIGHT ABB LTD,7 REDFORD CLOSE,,B13 9YX
C01234,BIDCO KORU LIMITED,20 DALE ST,MANCHESTER,M1 1EZ
C01235,AVS PROPERTIES MMNCHESTER LIMITED,"99 LONG STREET, MIDDLETON 99",MANCHESTER,M24 6UN
C01236,AROUND THE WORLD LOGISTICC LTD,382 KINGSWAY,MANCHESTER,M19 1PL
C01237,BAMBOO HAIR AND AESTHETIC LTD,"191 CHURCH ROAD, YARDLEY",BIRMINGHAM,B25 8QR
C01238,BOUQUET & BALLOONS,170 CHAPMAN STREET,MANCHESTER,M18 8WD
C01239,BILGA ENTERPRISE,"2 WHEELEYS ROAD, EDGBASTON",BIRMINGHAM,B15 2LD
C01240,ABB DINER LTD,135 FAZELEY STREET,MANCHESTER,M24 0BG
C01241,AMB NEWS LIMITED,63 ERDINGTON HALL ROAD,BIRMINGHAM,B24 8JN
C01242,ASSIST TRAVEL LIMITED,"16 CHURCH LANE, HANDSWORTH WOOD",BIRMINGHAM,B20 2EP
C01243,ADM PROPERTY & DEVELOPMENT,"STANMORE HOUSE 64-68 BLACKBURN STREET, RADCLIFFE",MANCHESTER,M26 2JS
C01244,MCINTOSH HOUSING LTD,19-21 HATCHETT STREET,BIRMINGHAM,B19 3NX
C01245,ASUMAHQ LTD,ASUMAHQ,MANCHESTER,M4 5JW
C01246,MAJ LOGISTICAL SERVICES,171 SOMERSET ROAD,BIRMINGHAM,B20 2JF
C01247,B & G BUILDING AND MAINTENANCE,"57 GRANVILLE ROAD, URMSTON",MANCHESTER,M41 0ZB
C01248,CHILD'S PLAY (HOME FROM HOME) LTD,"47 HARPERS ROAD, NORTHFIELD",BIRMINGHAM,B31 4AW
C01249,AURORA GRAPHICS AND DISPLAYS,"UNIT 7 GRAVELLY INDUSTRIAL PARK, ERDINGTON",BIRMINGHAM,B24 8HZ
C01250,BIRINGHAM FUSION LIMITED,THE FORT SHOPPING PARK,BIRMINGHAM,B24 9FP
C01251,AHAR TECHNOLOGIES LTD,CRESCENT RD 102,MANCHESTER,M8 5UF
C01252,BLOOMLIGHT CREATIVE,"82 ISLINGTON WHARF, 153 GREAT ANCOATS ST",MANCHESTER,M4 6DN
C01253,BRIGHT CLOUD PROPERKY UK LIMITED,"1312 JEFFERSON PLACE, 1 FERNIE STREET",MANCHESTER,M4 4BT
C01254,BITRON DIGITAL LTD,BROADSTONE RD,BIRMINGHAM,B26 2BY
C01255,B AND G CONSULTING ENGINEERS,"2 BOWLING GREEN MEWS, BOTTEVILLE RD",,B27 7BQ
C01256,BACKFACE LIMITED,"CROSBY COURT, 28 GEORGE ST",BIRMINGHAM,B31QG
C01257,BHANGRA LTD,"369 HAGLEY ROAD WEST, QUINTON",BIRMINGHAM,B32 2AL
C01258,AMON SPRINGS LIMITED,"80 MOSLEY ROAD, TRAFFORD PARK",MANCHESTER,M17 1LE
C01259,AK MEMORILAS LTD,"UNIT 6, 156 HOCKLEY HILL",BIRMINGHAM,B18 5FN
C01260,AUTOMATION LOGIC,"SUITE 3D&E, THIRD FLOOR, 31 TEMPLE STREET",BIRMINGHAM,B2 5SB
C01261,AEROENERGY SOLUTIONS,"15 WYTHENSHAWE ROAD, SALE",MANCHESTER,M33 2JQ
C01262,ALMA SS GROUP,81 BUSHWOOD ROAD,BIRMINGHAM,B29 5AY
C01263,ASHLEY GLADMAN CONSULTANCY,C/O STR84WARD ACCOUNTING LIMITED LEWIS BUILDING,BIRMINGHAM,B4 6EQ
C01264,THERMECO,"THERMECO, GATEWAY HOUSE",MANCHESTER,M22 5WY
C01265,ALA HOLDWNGS LIMITED,1087 STOCKPORT ROAD,MANCHESTER,M19 2RE
C01266,AMKAF,78 GRANGE PARK ROAD,MANCHESTER,M9 7AH
C01267,5 HEALTH SOLUTIONS LTD,"SUIT 2, PARKWAY 5 PARKWAY BUSINESS CENTRE, 300 PRINCESS RD",MANCHESTER,M14 7HR
C01268,AMERATI STAYL LTD,"UNIT 7 INITIAL BUSINESS CENTRE, WILSON BUSINESS PARK",MANCHESTER,M40 8WN
C01269,A E WILLIAMS (EST 1779),"6, WELL LANE, DIGBETH",BIRMINGHAM,B5 5TE
C01270,SIA OPCO LTD,"137 HEADLANDS DRIVE, PRESTWICH",MANCHESTER,M14 0NN
C01271,ALIF EDUCATION LTD,"62 MILTON ROAD, STRETFORD",MANCHESTER,M32 0TG
C01272,AUDIO VISUAL TECHNOLRGY SOLUTIONS (UK) LIMITED,"UNIT 18 PHOENIX BUSINESS PARK, AVENUE CLOSE",BIRMINGHAM,B7 4NU
C01273,AUTORAMA UK,"NO.3 CIRCLE SQUARE, 3 HAWKSHAW ST",MANCHESTER,M1 7BL
C01274,AIRTIGHT PRODUCTIONS LIMITED,"UNIT 16 ALBANY ROAD TRADING ESTATE, CHORLTON CUM HARDY",MANCHESTER,M21 0EZ
C01275,BRANDINGPULP,26 GATHURST STREET,MANCHESTER,M18 8GR
C01276,A1 POWER CONSULTANTS LTD,ASTON AVENUE,MANCHESTER,M14 7HL
C01277,4 KRD,218 WYCHALL ROAD,BIRMINGHAM,B31 3GU
C01278,ARMEX UK LIMITED,110 BEECHES DRIVE,BIRMINGHAM,B24 0DS
C01279,ABTS CONSULTANCY,"12 THE TUBE BUSINESS CENTRE, 86 NORTH ST",MANCHESTER,M8 8RA
C01280,ALQAESI AND COMPANY,1037 STOCKPORT ROAD,MANCHESTER,M19 2TB
C01281,174SR ASZL & SONS,280-282 CHURCH ROAD,BIRMINGHAM,B26 3YH
C01282,AP CONTRACTORS (WEST MIDS),78 LEAHILL RD,BIRMINGHAM,B20 2AS
C01283,2368 SECURITY,ASHBOURNE ROAD 14,BIRMINGHAM,B16 0JS
C01284,ALLIED WORKFORCE SOLUTIONS LIMITED,77 MARSHALL GROVE,BIRMINGHAM,B44 8HP
C01285,AVENQUIS STUDIOS LTD,149 COBDEN STREET,MANCHESTER,M9 4EB
C01286,AMERSHAMS DIGITAL,"BARTLE HOUSE, OXFORD COURT",MANCHESTER,M2 3WQ
C01287,ALLIED LONDON CANAL,"C/O ALLIED LONDON, SUITE 1, BONDED WAREHOUSE, 18 LOWER BYROM STREET",MANCHESTER,M3 4AP
C01288,BLYTHE HEALTHCARE SOLUTIONS,KINGSNORTH HOUSE,BIRMINGHAM,B44 8LS
C01289,ATHENE SECURE LIMITED,"IZABELLA HOUSE, 24-26 REGENT PLACE",BIRMINGHAM,B1 3NJ
C01290,BANGOR VALETING LTD,139 WILBRAHAM ROAD,MANCHESTER,M14 7DS
C01291,BEE PARTNERS,"UNIT 3, THAMES INDUSTRIAL ESTATE",MANCHESTER,M12 6DD
C01292,AUTOSPIN(OIL SEALS)LIMITED,"BIRKDALE AVENUE, SELLY OAK",BIRMINGHAM,B29 6UB
C01293,ANYU & SONS,"171 RESERVOIR ROAD, SELLY OAK",BIRMINGHAM,B29 6SX
C01294,ALI ZAKAN TRANSPORT,19 WORSLEY AVENUE,MANCHESTER,M40 9WA
C01295,ALEXANDER (MIDLANDS) DEVELOPMENTS ASHBROOK LIMITED,"181 BARON FOLD CRESCENT, LITTLE HULTON",BIRMINGHAM,B15 2LD
C01296,BENJAMIN HANNA PROPERTY COMPANY LIMITED,"10 WALTER STREET, OLD TRAFFORD",MANCHESTER,M169GB
C01297,A TO Z VALETING LTD,"UNIT 18 LONGSIGHT BUSINESS PARK, 69 HAMILTON RD",MANCHESTER,M13 0PD
C01298,A&C BRIGHT HOMES LIMITED,EDENHALL ROAD,BIRMINGHAM,B32 1DE
C01299,BONDCARE (LONDON) LTD,1ST FLOOR CLOISTER HOUSE RIVERSIDE,MANCHESTER,M3 5FS
C01300,AL QIMMA FOR INTERNATIONAL TRADING FRESHENER LIMITED,104 RYMOND ROAD,MANCHESTER,M40 8WN
C01301,ATTENTIVE MOBILE UK,"SQUIRE PATTON BOGGS (UK) LLP (REF: CSU), 19 CORNWALL STREET",,B3 2DX
C01302,OCCAM MECHANICS LTD,"IVY MILL BUSINESS CENTRE, IVY MILL CROWN STREET, FAILSWORTH",MANCHESTER,M35 9BD
C01303,BRICKTOWER,382 KINGSWAY,MANCHESTER,M19 1PL
C01304,BGI L,1 COLMORE CRESCENT,BIRMINGHAM,B13 9SJ
C01305,AISHA HOLDINGS LIMITED,40 BRICKFIELD ROAD,BIRMINGHAM,B25 8HE
C01306,APMG BRISTOW LIMITED,160 HANSONS BRIDGE ROAD,BIRMINGHAM,B21 8XN
C01307,4NB CONSULTANCY LIMITED,"THE MALTINGS 2 ANDERSON ROAD, BEARWOOD",BIRMINGHAM,B66 4AR
C01308,AK1 SHOP,"1543 STRATFORD ROAD, HALL GREEN",BIRMINGHAM,B28 9JA
C01309,AMAZING GARCE PROPERTIES LIMITED,WADCROFT WALK,MANCHESTER,M9 4GJ
C01310,AM PROPERTIES (MANCHESTER),"25 OGDEN ROAD, FAILSWORTH",MANCHESTER,M35 0WN
C01311,A AND WHITE PROPERTIES LIMITED,"STUDIO 10, CLARKS COURTYARD, 145 GRANVILLE ST",BIRMINGHAM,B1 1SB
C01312,APEX PINNACLE ESTATES LTD,55 STATION ROAD,MANCHESTER,M8 5EB
C01313,APMG CONSULTING LTD,"FLAT 1 EAGLES NEST BUTTERSTILE LANE, PRESTWICH",MANCHESTER,M25 9PP
C01314,BROMFORD MERE HOUSING MANAGEMENT,ST MARY'S HOUSE,BIRMINGHAM,B17 0DH
C01315,ADS BOUNCY CASTLES LTD,"UNIT B24, LORD NORTH ST",MANCHESTER,M40 2HJ
C01316,ARROWMERE 7,40 PETER STREET,MANCHESTER,M2 5GP
C01317,BROAST SALFORD,SEYMOUR GROVE,MANCHESTER,M16 0LN
C01318,ABDILADIFPARCEL,43 SHAWBURY GROVE,BIRMINGHAM,B12 0TS
C01319,ABDULLAH BROS,318 PALATINE RD,MANCHESTER,M22 4FW
C01320,ANA CARR COMMERCIAL CLEANING,"22 EVERARD CLOSE, WORSLEY",MANCHESTER,M287TY
C01321,BINY COURIERS LTD,169 ASH ROAD,BIRMINGHAM,B8 1DR
C01322,BOSS UFNERAL HOLDINGS LIMITED,13 PORTLAND ROAD,BIRMINGHAM,B16 9HN
C01323,AUTOMANIA JAPAN LTD,"UNIT 15 TINSLEY STREET, TIPTON",BIRMINGHAM,DY4 7LH
C01324,BORDESLEY APARTMENTS LIMITED,80 HOLLOWAY HEAD,BIRMINGHAM,B1 1QP
C01325,ALS CREATIVE,23 COLERIDGE ROAD,MANCHESTER,M16 9QU
C01326,ADAMARR LTD,1 KINGS HALL DRIVE,MANCHESTER,M18 7FN
C01327,BETTER WORLD CARE LTD,"MTM 3RD FLOOR, 82 KING STREET",MANCHESTER,M2 4WQ
C01328,BLUE PENGUIN TEXTILES LTD,"494-504 GREEN LANE, SMALL HEATH",BIRMINGHAM,B9 5QH
C01329,BOLLINGTON ESTATES,"1ST FLOOR CLOISTER HOUSE RIVERSIDE, NEW BAILEY STREET",MANCHESTER,M3 5FS
C01330,AMBAL SERVICES LIMITED,"KITCHEN 10, 10 BUCKINGHAM STREET",BIRMINGHAM,B193HT
C01331,A & K PROPERTY HOLDING GROUP,"TEMPLE ROW HOUSE, 369 CITY ROAD",BIRMINGHAM,B16 0NB
C01332,786 INVESTMENT CLUB LIMITED,"COVENTRY ROAD, SMALL HEATH 786A",BIRMINGHAM,B10 0TX
C01333,ASQUITH 2,11 ST. PAULS SQUARE,BIRMINGHAM,B3 1RB
C01334,BROAD MEDICALS LIMITED,"C/O ECHO TAX, SPACES MANCHESTER PETER HOUSE, OXFORD STREET",MANCHESTER,M1 5AN
C01335,35NIL,91 SOHO HILL,BIRMINGHAM,B19 1AY
C01336,BRIVTIBE,16 METCHLEY DRIVE,BIRMINGHAM,B17 0JX
C01337,ARABIAN FABRIC UK LIMITED,"ELEVEN BRINDLEY PLACE, 2 BRUNSWICK SQUARE",BIRMINGHAM,B1 2LP
C01338,ATTBI PROPERTIES,70 VICTORIA ROAD,MANCHESTER,M14 6BZ
C01339,ANGLO RESIDENTIAL VT LIMITED,"C/O WILLIAMSON & CROFT YORK HOUSE, 20 YORK STREET",MANCHESTER,M2 3BB
C01340,BARCX,23 RADIUM STREET,MANCHESTER,M4 6AY
C01341,BRESLINS PEOPLE,"CROSBY COURT, 28 GEORGE STREET",BIRMINGHAM,B3 1QG
C01342,AMPIRE VEHICLE INSTALLATIONS,"651A MAULDETH RD WEST, CHORLTON",,M21 7SA
C01343,AQUA PLASTERING AND PROPERTY SERVICES,39 ROMA ROAD,BIRMINGHAM,B112JH
C01344,AVA & ALPH CHILDREN’S WEAR,"54 BARON FOLD CRESCENT, LITTLE HULTON",MANCHESTER,M38 9RD
C01345,BOLD LEAP CHUCKERY LIMITED,2 WHEELEYS ROAD,BIRMINGHAM,B15 2LD
C01346,AH TRANSPORT & LOGISTICS,DOUGLAS AVENUE,BIRMINGHAM,B36 8EN
C01347,DRAIN ALLGOODS LTD,58 TIB STREET,MANCHESTER,M2 1PJ
C01348,ASHOK SERVICES,"10 BELMONT CRESCENT, NORTHFIELD",BIRMINGHAM,B31 2FH
C01349,AL-MANARA MEDICAL,"UNIT 7 INITIAL BUSINESS CENTRE, WILSON BUSINESS PARK",MANCHESTER,M40 8WN
C01350,AXA CONSULTANST,"41A ASPINALL CRESCENT, WORSLEY",MANCHESTER,M28 0TF
C01351,BRANDXHUB LTD,"551 WARWICK ROAD, TYSELEY",BIRMINGHAM,B11 2EX
C01352,AUREXECH,"1015 - UNIT 7 WILSON BUSINESS PARK, MONSALL RD",MANCHESTER,M40 8WN
C01353,BARBERS BOUTIQUE LTD,"37-39 1ST FLOOR, BLOOM STREET",MANCHESTER,M1 3LY
C01354,3 JESTERS,79 VERNON ROAD,BIRMINGHAM,B16 9SQ
C01355,BODFARI (QUARRIES),"GROUND FLOOR T3 TRINITY PARK, BICKENHILL LANE",BIRMINGHAM,B37 7ES
C01356,AUTOMATION RECRUITMENT SOLUTIONS LTD,"8 BIRCH ROAD, REDNAL",BIRMINGHAM,B45 9DP
C01357,AFTAB PROPERTIES LTD,10 PARK PLACE,MANCHESTER,M4 4EY
C01358,ABODY SERVICES LTD,28C SOHO HILL,BIRMINGHAM,B19 1AA
C01359,ALWAYSE ENGINEERING,"6 MILLER STREET, ASTON",,B6 4NF
C01360,BRADA HOUSE,"6 LYON GROVE, WORSLEY",MANCHESTER,M28 2RJ
C01361,APPROVEDBYGROUP LTD,"44 RECTORY AVENUE, PRESTWICH",MANCHESTER,M25 1DE
C01362,AL-AKHAWAIN TRADING COMPANY LTD,"UNIT 7 INITIAL BUSINESS CENTRE, WILSON BUSINESS PARK",MANCHESTER,M40 8WN
C01363,BOREALIS PROPERTIES,"GROSVENOR HOUSE DOWNCAST WAY, SWINTON",MANCHESTER,M27 8UW
C01364,CAT AALIYAH LTD,4 - 18 MARY STREET,BIRMINGHAM,B14 2JT
C01365,BEAUTY EDUCATION KIT LTD,73A STOCKPORT ROAD,,M34 6DD
C01366,BIRMINGHAM PRIME PROPERTIES,BURTON WOOD DRIVE,BIRMINGHAM,B20 3WD
C01367,BAJWA FONE HOUSE,371 BORDESLEY GREEN,BIRMINGHAM,B9 5RP
C01368,AKAAL DRIVING,"2 WHEELEYS ROAD, EDGBASTON",BIRMINGHAM,B15 2LD
C01369,BAYCITY SOLUTIONS LIMITED,"UNIT 7 INITIAL BUSINESS CENTRE, WILSON BUSINESS PARK, MONSALL ROAD",MANCHESTER,M408WN
C01370,AERGIA LTD,60 GROVELEY LANE,BIRMINGHAM,B31 4YH
C01371,AKTINSON MOTOR ENGINEERING LTD,"SUITE 34, CARIOCCA  BUSINESS PARK, 2 SAWLEY ROAD",MANCHESTER,M40 8BB
C01372,ABC PUBLISHERS,212 GOOCH STREET,BIRMINGHAM,B5 7HY
C01373,BEEHIVE BUILDING CONSULTANCY LTD,"6 PLATINUM ROAD, URMSTON",MANCHESTER,M41 7LJ
C01374,ASAS ALMEMAAR,"UNIT 7 INITIAL BUSINESS CENTRE, WILSON BUSINESS PARK",MANCHESTER,M40 8WN
C01375,AA CITY HOMES LIMITED,STANHORNE AVENUE,MANCHESTER,M8 4PQ
C01376,ASAT PROERTIES,"9 WOODSTOCK DRIVE, WORSLEY",MANCHESTER,M28 2NP
C01377,BFOI LIMITED,COMMUNICATIONS HOUSE,MANCHESTER,M40 9WB
C01378,BAASHA TRADING CO.,"29 GORDON ROAD, HARBORNE",BIRMINGHAM,B17 9HA
C01379,BERSU PRPPERTY LTD,14 MOORSIDE STREET,MANCHESTER,M43 7XB
C01380,BIG CHICKEN LTD,"373 STRATFORD ROAD, SPARKHILL",BIRMINGHAM,B11 4JZ
C01381,A&L HELLIWELL LTD,15 LEOPOLD STREET,BIRMINGHAM,B12 0LP
C01382,APEX ADVENTURES TOURS,"KINGSNORTH HOUSE, BLENHEIM WAY",BIRMINGHAM,B44 8LS
C01383,ALFAREED VENTURE LTD,31 PORTLAND ROAD,MANCHESTER,M13 0SA
C01384,ACERWOOD GROUP LIMITED,"PICCADILLY BUSINESS CENTRE UNIT C27 ALDOW ENTERPRISE PARK, BLACKETT STREET",MANCHESTER,M12 6AE
C01385,AURIQ,11 MUSBOROUGH CLOSE,BIRMINGHAM,B36 9EW
C01386,ACT-TRAINING LTD,"369 HAGLEY ROAD WEST, QUINTON",BIRMINGHAM,B32 2AL
C01387,ALCHEMICITY LIMITED,2 GREYSTONE AVENUE,MANCHESTER,M21 7RP
C01388,A.B.LITTLE & CO(STUBSHAW CROSS)LIMITED,"INCOM HOUSE WATERSIDE, TRAFFORD PARK",MANCHESTER,M17 1WD
C01389,BORO & CO INTERNATIONAL,"514 COVENTRY ROAD, GROUND FLOOR",BIRMINGHAM,B10 0UN
C01390,BEVENDON PROPERTIES 1,"2ND FLOOR, PARKGATES BURY NEW ROAD, PRESTWICH",MANCHESTER,M25 0TL
C01391,"AODESAIZF CO., LTD","OFFICE 15661 INITIAL BUSINESS CENTRE, UNIT 7 WILSON BUSINESS PARK",MANCHESTER,M40 8WN
C01392,8PLANNING,"REGUS, 82 KING ST",MANCHESTER,M2 4WQ
C01393,360 PROPERTY SERVICES BIRMINGHTM LTD,"862 BRISTOL ROAD, SELLY OAK",BIRMINGHAM,B29 6HW
C01394,ABABEEL HOTEL LIMITED,"ABABEEL HOTEL 1069 WARWICK ROAD, ACOCKS GREEN",BIRMINGHAM,B27 6QT
C01395,BLACKWELL MONTESSORI NURSERY,"22 RISE AVENUE, REDNAL",,B45 9PT
C01396,ASTL PROPERTY LTD,FILEY ROAD,MANCHESTER,M14 6GG
C01397,BEAR AND BLOOM,86 CLEE ROAD,BIRMINGHAM,B31 3RF
C01398,BTEH BEAUTY STUDIO LTD,22 HOCKLEY CLOSE,BIRMINGHAM,B19 2NS
C01399,AMBER ACOUSTIC SERVICES LTD,67 WINDSOR ROAD,MANCHESTER,M25 0DB
C01400,EDGAR BENTLEY,"BRIDGE HOUSE UNIT 1, MOOR LANE",BIRMINGHAM,B6 7HH
C01401,ALBION PLACE BHAM,"77 FRANCIS ROAD, EDGBASTON",,B16 8SP
C01402,BIOX MEDICAL LTD,"47 BURY NEW ROAD, PRESTWICH",MANCHESTER,M259JY
C01403,ATOSMART BODY REPAIR LTD,"UNIT 1A 351 STOCKPORT RD, LONGSIGHT",MANCHESTER,M13 0LQ
C01404,A 2 B LLOYS LTD,"76 FACTORY ST WEST, ATHERTON",MANCHESTER,M46 0EF
C01405,A-CUBE PVT UK,10 BANK ST,BIRMINGHAM,B14 7RH
C01406,AWAAN INVESTMENTS,"77 FRANCIS ROAD, EDGBASTON",BIRMINGHAM,B168SP
C01407,AK SPORTS AND FITNESS,"UNIT B056 SIMPLE STORAGE SOLUTIONS 272 KINGS ROAD, TYSELEY",BIRMINGHAM,B11 2AB
C01408,AQ OPULENT ESTATES LTD,181 RESERVIOR ROAD 181,BIRMINGHAM,B23 6DJ
C01409,AZMAT G LIMITED,"494-504 GREEN LANE, SMALL HEATH",BIRMINGHAM,B9 5QH
C01410,AMBRACIA PROPERTIES LTD,292 WAKE GREEN ROAD,BIRMINGHAM,B13 9QP
C01411,MANCHESTER QUAYS DEVELOPMENTS SIX LIMITED,"C/O ALLIED LONDON, SUITE 1, BONDED WAREHOUSE, 18 LOWER BYROM STREET",MANCHESTER,M3 4AP
C01412,AK786 LIMITED,"IZABELLA HOUSE ,, REGENT PLACE",BIRMINGHAM,B1 3NJ
C01413,BRADLEYS CONSULTANCY SERVICES,"HILLVIEW SANDHILLS GREEN, ALVECHURCH",BIRMINGHAM,B48 7BT
C01414,ACOSTRUCT LTD,"10 REEDMAKER PLACE, SWINTON",MANCHESTER,M27 9LN
C01415,AT ONE INVESTMENTS,"19 ASHFIELD ROAD, SALE",MANCHESTER,M33 7DY
C01416,BEAUTISPHERE LTD,56 NELL LANE,MANCHESTER,M21 7SN
C01417,BRAVO INTERNATIONAL LTD,35 WARREN FARM RD,BIRMINGHAM,B44 0PT
C01418,AMARI COMMERCIAL,"MORGAN REACH HOUSE, 136 HAGLEY ROAD",BIRMINGHAM,B16 9NX
C01419,BOX CODE LTD,"7 AGECROFT RD EAST, PRESTWICH",MANCHESTER,M25 9RQ
C01420,BK KARAHI,97 WILMSLOW ROAD,MANCHESTER,M14 5SU
C01421,AL ACCOUNTANTS LTD,235 WITTON ROAD,BIRMINGHAM,B6 6NU
C01422,ANGELA ZENRY LTD,"WISSCC TRAINING CENTER SUPPORT 4 PROGRESS, WESTWOOD STREET",MANCHESTER,M14 4SW
C01423,ANYDOOR.UK,"1254 KINGSBURY ROAD KINGSBURY ROAD, CASTLE VALE",BIRMINGHAM,B356AG
C01424,AREA CODE DEVELOPMENTS LTD,42 LADYBARN ROAD,MANCHESTER,M14 6WW
C01425,ACE GYMNASTICS LTD,"36A FOXDENTON LANE, MIDDLETON",MANCHESTER,M24 1QG
C01426,BIRMINGHAM FOOD COURT,98 LOZELLS ROAD,BIRMINGHAM,B19 2TB
C01427,A2B SITE SERVICES,"43 NOWELL COURT, MIDDLETON",MANCHESTER,M24 6EY
C01428,AURORA FINANCIAL IFA,"11 BRINDLEY PLACE, BRUNSWICK SQUARE",BIRMINGHAM,B1 2LP
C01429,BARAKA UK MINI MARKET LTD,334A PLATT LANE,MANCHESTER,M14 7DA
C01430,AA HOUSING AND SUPPORT,67 VENTNOR AVENUE,BIRMINGHAM,B36 8EF
C01431,AANCHAL EXCLUSIVE LTD,"149 GROUND FLOOR LOZELLS ROAD, LOZELLS",BIRMINGHAM,B19 2TP
C01432,AQWA SPORTS,471 SHIRLEY ROAD HALL GREEN,,B28 8QL
C01433,AETHER SUMMIT GLOBAL INVESTMENTS,"UNIT 7 INITIAL BUSINESS CENTRE, WILSON BUSINESS PARK",MANCHESTER,M40 8WN
C01434,BIG PARTY LTD,127 HIGH ST DIGBETH,BIRMINGHAM,B12 0JU
C01435,BG HMO MAN LIMITED,"UNIT 18 PHOENIX BUSINESS PARK, AVENUE CLOSE",BIRMINGHAM,B7 4NU
C01436,BIRMINGHAMEPOS,"17 SCHOOL ROAD, HALL GREEN",BIRMINGHAM,B28 8JG
C01437,AETHER GROUP HOLDINGS LIMITED,"MITCHELL CHARLESWORTH 3RD FLOOR, 44 PETER ST",MANCHESTER,M2 5GP
C01438,AROMATIK MUSIC LTD,285 SHELDON HEATH ROAD,BIRMINGHAM,B26 2TY
C01439,BOHDI SUPPLEMENST,25 BRADFORD ROAD,MANCHESTER,M40 7EY
C01440,RECRUITMENT BRARKI LTD,"25 MARLE CROFT, WHITEFIELD",MANCHESTER,M45 7NB
C01441,AVORSOFT,MATTHEWS LANE 56,MANCHESTER,M19 3ES
C01442,BLUE SHELL CONSULTANCY,"5 CLAYPIT CRESCENT, LEVENSHULME",MANCHESTER,M19 2ZL
C01443,A &CEE COMPANY LTD,15-17 BIRCHFIELD ROAD,BIRMINGHAM,B19 1SU
C01444,B.I.G STORAGE & PROCESSING LTD,"CRYSTAL HOUSE, LATTICE 60, CRYSTAL DRIVE",BIRMINGHAM,B66 1QG
C01445,BRICK PROPERTIES LIMITED,"1ST FLOOR CLOISTER HOUSE RIVERSIDE, NEW BAILEY STREET",MANCHESTER,M3 5FS
C01446,ARTICHAULAGE LTD,107 BEAUMONT ROAD,BIRMINGHAM,B30 2EB
C01447,AMI COLLECION,"8 PONSONBY ROAD, STRETFORD",MANCHESTER,M32 0DU
C01448,BDP MIDDLE EAST LIMITED,11 DUCIE STREET,MANCHESTER,M1 2JB
C01449,BOURNVILLE VILLAGE ENTERPRISES LIMITED,"350 BOURNVILLE LANE, BOURNVILLE",BIRMINGHAM,B30 1QY
C01450,BESPNCO INNOVATIONS,UNIT 31 BIRMINGHAM NEW ST STATION,BIRMINGHAM,B2 4QE
C01451,23 THORNFIELD GROVE LTD,111 RICO HOUSE GEORGE STREET,MANCHESTER,M25 9WS
C01452,ANTHONY BOARDMAN DESIGNS LIMITED,"7 WATERGATE, AUDENSHAW",MANCHESTER,M34 5QP
C01453,BHAKAR REALTY INVESTMENT CO,BRYNDALE AVENUE 36,BIRMINGHAM,B14 6NG
C01454,AEROLEX (UK),514 COVENTRY ROAD,BIRMINGHAM,B10 0UN
C01455,AT-TARIQ,"95 ROBIN HOOD LANE, HALL GREEN",BIRMINGHAM,B28 0JF
C01456,AELOWYN MODESTWEAR LTD,"69 MARKET STREET, DROYLSDEN",MANCHESTER,M43 6DQ
C01457,ANTRINGHAM PROPERTIES,64 BOOTHS FARM ROAD,BIRMINGHAM,B42 2NP
C01458,BANBURY DENLAL LIMITED,19-21 HATCHETT STREET,BIRMINGHAM,B19 3NX
C01459,AK ECO ENERGY LTD,POWICK ROAD,BIRMINGHAM,B23 7NY
C01460,AI DATABASE LIMIETD,"152 STATION ROAD, STECHFORD",BIRMINGHAM,B33 8BT
C01461,BEOLING,FLAT 4,BIRMINGHAM,B23 6DN
C01462,AIRA GROUP,"65 STOCKPORT ROAD, DENTON",MANCHESTER,M34 6DD
C01463,"ANDREW, HILDITCH & SON LIMITED",THE COPPER ROOM DEVA CENTRE,MANCHESTER,M3 7BG
C01464,OBJECT STYLE LTD,117 BEECH RD,MANCHESTER,M21 9EQ
C01465,BRITANNIA GROUP DEVELOPMENTS LIMITED,"BRITANNIA HOUSE 160-164 WELLINGTON ROAD,, WITHINGTON",MANCHESTER,M20 3FU
C01466,ALLERY HOLDINGS,"PICCADILLY BUSINESS CENTRE, UNIT C ALDOW ENTERPRISE PARK",MANCHESTER,M12 6AE
C01467,ASTHETICS HEALTH,ASTHETICS 664 OLDHAM ROAD,MANCHESTER,M35 9DU
C01468,BARK PARK REALTY LIMITED,MOSLEY STREET,MANCHESTER,M2 3HZ
C01469,ARYSA,60 WEOLEY PARK RD,BIRMINGHAM,B29 6AB
C01470,AFRICAN FUTURE FOR INVESTMENT AND DEVELOPMENT LTD,UNIT 7 INITIAL BUSINESS CENTRE,MANCHESTER,M40 8WN
C01471,UNSTUCK SOLUTIONS,209 COOKS LANE,BIRMINGHAM,B37 6NX
C01472,BLUEWATER TAX ACCOUNTING,"QUADRANT COURT 49 CALTHORPE ROAD, EDGBASTON",BIRMINGHAM,B15 1TJ
C01473,ADAM DALY ELECTRICIAN,"WAYNE CLOSE, DROYLSDEN 9",MANCHESTER,M43 7LQ
C01474,"ABBASI,S GROUP",9 LYDFORD GROVE,BIRMINGHAM,B24 9RT
C01475,BOOMBIOTICS LTD,UNIT 4 DISCOVERY WORKS,MANCHESTER,M17 1AN
C01476,ALUPIGUS GREUCEANU,105 HEATHCOTE ROAD,MANCHESTER,M18 7QL
C01477,ANGLO MERCHANTS,WOODLANDS ROAD,MANCHESTER,M8 9LF
C01478,AIBL PRIMA,"IVY MILL BUSINESS CENTRE, IVY MILL CROWN STREET, FAILSWORTH",MANCHESTER,M35 9BD
C01479,ALDERMAN BIRCH CONSULTING,"S51 205 KINGS ROAD, TYSELEY",BIRMINGHAM,B11 2AA
C01480,BAZ & DAD,37 TINTERN AVENUE,MANCHESTER,M41 6FH
C01481,BHR INTERIORS LIMITED,195 FINCHLEY ROAD,BIRMINGHAM,B44 0JX
C01482,ANTAOBOAT INTERNATIONAL COMMERCE,"PICCADILLY BUSINESS CENTRE PICCADILLY BUSINESS CENTRE, UNIT C ALDOW ENTERPRISE PARK, BLACKETT STREET",MANCHESTER,M12 6AE
C01483,A K INVESTMENT PROPERTIES MIDLANDS,"149 SPON LANE, WEST BROMWICH",BIRMINGHAM,B70 6AS
C01484,ALLIOTT ACCOUNTANTS & TAX CONSULTANTS LTD,AND 2D BAMVILLE RD 2C,BIRMINGHAM,B8 2TL
C01485,DIXON JONES BDP LIMITED,11 DUCIE ST,MANCHESTER,M1 2JB
C01486,ACCESS4LOFTS,"C/O ACCOUNTS AND LEGAL, 81 KING STREET",MANCHESTER,M2 4AH
C01487,A LICENCE LIMITED,TEMPLE ROW,BIRMINGHAM,B2 5LS
C01488,ACORN CLEANING MANCHESTE,"ARCHWOOD HOUSE 46-48 LONG STREET, MIDDLETON",MANCHESTER,M24 6UQ
C01489,A&S NETWORK LTD,12 PETERSFIELD COURT STRATFORD RD,,B28 9BL
C01490,ELECTRIC HIRE CARS LIMITED,88 LOWER TOWER STREET,BIRMINGHAM,B19 3NL
C01491,HALLCO 1735,"ETIHAD STADIUM, ETIHAD CAMPUS",MANCHESTER,M11 3FF
C01492,BREEZE HEALTHCARE LTD,156 GREAT CHARLES STREET QUEENSWAY,BIRMINGHAM,B3 3HN
C01493,AMG FAST LOGISTICS LMIITED,BURY OLD RD,MANCHESTER,M8 5BW
C01494,ATTA-GUL HOLDINGS LIMITED,51 SELWYN ROAD,BIRMINGHAM,B16 0SY
C01495,AC REAL ESTATES NW,"2ND FLOOR - PARKGATES BURY NEW ROAD, PRESTWICH",MANCHESTER,M250TL
C01496,BRIGHT FUTURE SOLUTIONS CONSULTANCY SERVICES LIMIETD,"SECURITY HOUSE, PAPER MILL END",BIRMINGHAM,B44 8NH
C01497,AANTA LEARNING LTD,"PICCADILLY BUSINESS CENTRE UNIT C ALDOW ENTERPRISE PARK, BLACKETT STREET",MANCHESTER,M12 6AE
C01498,BEVEL,"INITIAL BUSINESS CENTRE, WILSON BUSINESS PARK",MANCHESTER,M40 8WN
C01499,BOUBA AND MORANE,"28 BEN STREET, CLAYTON",MANCHESTER,M11 4EW
C01500,AVID PANDA LIMITED,"ALPHA WORKS, ALPHA TOWER, SUFFOLK STREET QUEENSWAY",BIRMINGHAM,B11TT
C01501,AH BUSINESS SERVICES LTD,"APARTMENT 7 VICKERY COURT 3 GIANTS SEAT GROVE, SWINTON",MANCHESTER,M27 8BD
C01502,AEDAS ARCHITECTS LIMITED,"5TH FLOOR, 55 PRINCESS STREET",MANCHESTER,M2 4EW
C01503,ANDREW CHEUNG CONSULTING,"UNIT 3A WING YIP CENTRE, 278 THIMBLE MILL LANE",,B7 5HD
C01504,ADIL TRAINING & CONSULTANCY LTD,ARDEN ROAD,BIRMINGHAM,B8 1DY
C01505,90 SQUARED LTD,"UNIT 3, ELECTRA PARK, ELECTRIC AVENUE, WITTON",BIRMINGHAM,B6 7EB
C01506,BOOKD DIGITAL,470 PORTWAY,MANCHESTER,M22 0FJ
C01507,BLACK KNIGHT CAPITAL,33 NORTHUMBERLAND ROAD,MANCHESTER,M16 9DA
C01508,BAHAAR BANOO,"CHATSWORTH HOUSE APARTMENT 201, 19 LEVER STREET",MANCHESTER,M1 1BY
C01509,AU 25 LTD,"DIXY CHICKEN, 306 KITTS GREEN ROAD",BIRMINGHAM,B33 9TB
C01510,BRACKENDALE HOMES LIMITED,"LIFFORD HALL LIFFORD LANE, KINGS NORTON",BIRMINGHAM,B30 3JN
C01511,ART UK SPORT LIMITED,"38 BLANDFORD ROAD, QUINTON",BIRMINGHAM,B32 2LN
C01512,AK INTERNATIONAL ENTERPRISES,"SOHO HOUSE, 362-364 SOHO RD",BIRMINGHAM,B21 9QL
C01513,AURA FIGHTWEAR LTD,142-144 LADYPOOL ROAD,BIRMINGHAM,B12 8JA
C01514,HANDCRAFT APOLLO,"UNIT 7 INITIAL BUSINESS CENTRE, WILSON BUSINESS PARK",MANCHESTER,M408WN
C01515,ASMS,213 LADYPOOL RD,BIRMINGHAM,B12 8LG
C01516,AMG AL MADA GROUP LTD,"UNIT 7 INITIAL BUSINESS CENTRE, WILSON BUSINESS PARK",MANCHESTER,M40 8WN
C01517,ALI DEVELOPERS LTD,629 STOCKPORT RD,MANCHESTER,M12 4QA
C01518,ARESA BARON LIMITED,161 WEOLEY PARK ROAD,BIRMINGHAM,B2 7SN
C01519,3 BROSKI'S,"96 LIVERPOOL ROAD, IRLAM",,M44 6FF
C01520,AFGHAN SUPEMARKET LTD,"370 GREEN LANE, SMALL HEATH",BIRMINGHAM,B95DT
C01521,APEXION FOR CONSTRUCTION LTD,"UNIT 7 INITIAL BUSINESS CENTRE, WILSON BUSINESS PARK",MANCHESTER,M40 8WN
C01522,AICARE PERSONNEL,61 ASTBURY AVENUE,BIRMINGHAM,B67 6JH
C01523,AMBER VENTURES LTD.,"INTERNATIONAL HOUSE, 61 MOSLEY ST",MANCHESTER,M2 3HN
C01524,BOURNVILLE HAIR LIMITED,"220 MARY VALE ROAD, BOURNVILLE",BIRMINGHAM,B30 1PJ
C01525,AAE VISION LIMITED,42 FLINT GREEN RD,BIRMINGHAM,B27 6QA
C01526,BEC WINTER FUNLAND LTD,"651A MAULDETH ROAD WEST, CHORLTON",,M21 7SA
C01527,AVENTUS ENGINEERING LTD,"FAIRGATE HOUSE C/O SF CHARTERED CERTIFIED ACCOUNTANTS, 205 KINGS ROAD",BIRMINGHAM,B11 2AA
C01528,AHL TRANSPORT LIMITED,42 LOMOND ROAD,MANCHESTER,M22 5JD
C01529,AVREN GROUP LTD,86 BURY OLD ROAD,MANCHESTER,M8 5BW
C01530,ABBASIAN AND COMPANY LTD,"THE LEXICON SECOND FLOOR, MOUNT ST",MANCHESTER,M2 5NT
C01531,ALAP LTD,"PICCADILLY BUSINESS CENTRE UNIT C ALDOW ENTERPRISE PARK, BLACKETT STREET",MANCHESTER,M12 6AE
C01532,BRITEPATH LIMITED,"C/O BDO LLP TWO SNOWHILL, 7TH FLOOR",BIRMINGHAM,B4 6GA
C01533,BEAUCREST LIMITED,"HOLDFORD ROAD, WILTON",BIRMINGHAM,B6 7EP
C01534,BEST TYRES FIT,95 WRIGHT STREET,BIRMINGHAM,B10 9SP
C01535,BEYOND CONVEYANCING LIMITED,"SECOND FLOOR, BASS WAREHOUSE, 4 CASTLE ST",MANCHESTER,M3 4LZ
C01536,BISMI ADRIEL LIMITED,"100 FARADAY STREET, NORTHERN QUARTER",MANCHESTER,M20 4AF
C01537,AYW CAPITAL LTD,"PARKGATES BURY NEW ROAD, PRESTWICH",MANCHESTER,M25 0TL
C01538,A G PARTNERSHIP PROPERTY INVESTMENTS,4 DEWHURST STREET,MANCHESTER,M8 8FT
C01539,BOURNE LETTNIGS LIMITED,3 KINGSTON AVENUE,MANCHESTER,M20 2SP
C01540,AVEETIE LTD,25 PLAYDON GROVE,BIRMINGHAM,B14 4WH
C01541,BHATTI LOGISTICS,"CKW CHARTERED CERTIFIED ACCOUNTANTS, 469 KINGSWAY",MANCHESTER,M19 1NR
C01542,AUTO TRIMZ,"23-27 HUNTERS ROAD, UNIT 3",BIRMINGHAM,B19 1DP
C01543,ALBARIU TRADING,"151 DERYBYSHIRE LANE, STRETFORD",MANCHESTER,M32 8DS
C01544,BERT DALTON & SON LIMITED,NEWTON PLACE,BIRMINGHAM,B18 5JY
C01545,32 & COUNTING LIMITED,161 WESTRIDGE RD,BIRMINGHAM,B13 0EB
C01546,ATHWAL PROPERTIES LIMITED,"HARPAL HOUSE 14 HOLYHEAD ROAD, HANDSWORTH",BIRMINGHAM,B21 0LT
C01547,AAACTIVE LTD,34 KNOWSLEY ST,MANCHESTER,M8 8HQ
C01548,BEAUTY IN THE COURTYARD,"73 THORNBRIDGE AVENUE, GREAT BARR",BIRMINGHAM,B42 2PW
C01549,AS GAS & HEATING,15 EATON ROAD,BIRMINGHAM,B11 3JF
C01550,ALFATAH TRADERS,"SUIT 2, PARKWAY 5 PARKWAY BUSINESS CENTRE, PRINCESS ROAD",MANCHESTER,M14 7HR
C01551,AZTEC ONLINE,GRAINGER AVENUE,MANCHESTER,M12 4WT
C01552,BRIGHT LIFE LIVING (WOLVERHAMPTON) LTD,"PEAK HOUSE, FARM HOUSE WAY",BIRMINGHAM,B43 7SE
C01553,AB1 CAPITAL LTD,46 THE PRIORY QUEENSWAY,BIRMINGHAM,B4 7LR
C01554,AUREUM BAMSI LIMITED,"ENTERPRISE HOUSE 2 PASS STREET, OLDHAM",MANCHESTER,OL9 6HZ
C01555,BENJAMIN RICHARD STUDIOS,"211 MANCHESTER NEW ROAD, MIDDLETON",MANCHESTER,M24 1JT
C01556,BRICKWISE ESTATES,64 NORMAN AVENUE,BIRMINGHAM,B32 2EY
C01557,AI PROPERTY INNOVATION LIMITED,51 LORD STREET,MANCHESTER,M3 1HE
C01558,ARDENT HOUSING,"FLAT 1 318 GREEN LANE, SMALL HEATH",BIRMINGHAM,B9 5DP
C01559,AKO PROPERTIES,15 WESTFIELD ROAD,BIRMINGHAM,B15 3QF
C01560,ANNIE MARIE TD,BROADHIDLEY DRIVE,BIRMINGHAM,B32 3QN
C01561,CARTOON (ACQUISITION),"80 MOSLEY ROAD, TRAFFORD PARK",MANCHESTER,M17 1LE
C01562,ARTQD PAINTING AND DECORATING,25 BROOMHILL CLOSE,,B43 5BT
C01563,ASTONMONT NAIL LIMITED,158 BURNAGE LANE,MANCHESTER,M8 8LY
C01564,BRIGHT HEADWAY,SPACES OXFORD STREET,MANCHESTER,M1 5AN
C01565,ATMAN ETERNAL,41 POWELL ST,,B1 3DH
C01566,BDS MUSIC LIMITED,"FIRST FLOOR, 33A GROVE LANE, HANDSWORTH",,B21 9ES
C01567,BELGE CONVENIENE STORE,"63 RICHMOND ROAD, STECHFORD",BIRMINGHAM,B33 8TL
C01568,BISON ENERGY AND CONTROLS LIMITED,11 BOLTON ST,BIRMINGHAM,B9 4HH
C01569,AB'S CONVENIENCE STORE,359 BARLOW MOOR RD,MANCHESTER,M21 7FU
C01570,ARTDOTSAUCE LIMITED,"ALLISON STREET, DIGBETH 11",BIRMINGHAM,B5 5TH
C01571,ASSIST CAR BODY REPAIRS LTD,48 HYLTON STREET,,B18 6HN
C01572,AUXILIUM EQUITY LIMITED,4 TENBY STREET,BIRMINGHAM,B1 3EL
C01573,BIKE WHERE YOU LIKE,281 PALATINE ROAD,MANCHESTER,M22 4ET
C01574,ASGRO LTD,"MARSTON HOUSE, ELMDON LANE",BIRMINGHAM,B37 7DL
C01575,2021 HEANEY PROPERTIES LTD,"JONES AND CO, STYLING OPTICIANS,, 82 KING STREET",MANCHESTER,M2 4WQ
C01576,BRITSMAID LD,"BARTLE HOUSE, 9 OXFORD COURT",MANCHESTER,M2 3WQ
C01577,AOS INVESTMENTS LIMITED,"WORSLEY COURT HIGH STREET, WORSLEY 1",MANCHESTER,M28 3NJ
C01578,AGR GAMING LTD,64 YARDLEY GREEN ROAD,BIRMINGHAM,B9 5QE
C01579,JAMES ANTROBUS LTD,"209 MILLINERS WHARF, 2 MUNDAY ST",MANCHESTER,M4 7BG
C01580,829 ASSET LIMITED,"109, 52, LONSDALE HOUSE, BLUCHER STREET",BIRMINGHAM,B1 1ZU
C01581,AA8,12 TURNPIKE CLOSE,BIRMINGHAM,B11 1SU
C01582,BEKAN INVESTMENTS LIMITED,C/O FERGUS & FERGUS,MANCHESTER,M21 9LP
C01583,A1 PROPERTY INVESTMENTS (BHAM),"152 STATION ROAD, STECHFORD",BIRMINGHAM,B33 8BT
C01584,AC BUILDING SERVICES CONVEYANCING LIMITED,180 RYEBANK CLOSE,BIRMINGHAM,B47 5BN
C01585,1-WEB SERVICE,KINGSHILL ROAD,MANCHESTER,M21 9HD
C01586,AZD ACCOUNTANTS LTD,"OFFICE 102, REGUS ST JAMES TOWER, 7 CHARLOTTE STREET",MANCHESTER,M1 4DU
C01587,BRANTINGHAM AUTO MANCHESTER,351 STOCKPORT ROAD,MANCHESTER,M13 0LF
C01588,BODY SHOP CONSUMABLES,"UNIT 5, 5 ROGER ST",MANCHESTER,M4 4EN
C01589,UVEE STAFFORD DEVELOPMENTS LTD,"PHOENIX BUSINESS PARK, AVENUE CLOSE UNIT 18",BIRMINGHAM,B7 4NU
C01590,BE MORE MARTYN LTD,"HARDMAN STREET, SPINNINGFIELDS 1",MANCHESTER,M3 3HF
C01591,BATROOM JUNCTION,"308 PARK ROAD, HOCKLEY",BIRMINGHAM,B18 5HE
C01592,BCA HOUSING,"INVICTA HOUSE 409A WARWICK ROAD, TYSELEY",BIRMINGHAM,B11 2JR
C01593,BEECHES GENERAL STORES LTD,128 BEECHES ROAD,BIRMINGHAM,B42 2HQ
C01594,BLAZEFORGE CAPITAL,"UNIT 7 INITIAL BUSINESS CENTRE, WILSON BUSINESS PARK",MANCHESTER,M40 8WN
C01595,BCEGI CONSTRUCTION (UK),"SUITE 1S-B,FIRST FLOOR, TRAFFORD HOUSE CHESTER ROAD, OLD TRAFFORD",MANCHESTER,M32 0RS
C01596,BABOON JUICE LIMITED,"9 KENILWORTH AVENUE, SWINTON",MANCHESTER,M27 8JA
C01597,ALPEX CLADDING LTD,"FLAT 35, PYTCHELEY HOUSE, BROWNS GREEN",BIRMINGHAM,B20 1DN
C01598,AS ATELIER LTD,23 EGMONT STREET,MANCHESTER,M8 9LY
C01599,BATCHOFBANG,"OFFICE 12 INITIAL BUSINESS CENTRE, WILSON BUSINESS PARK",MANCHESTER,M40 8WN
C01600,AIS BUSINESS CONSULTING LTD,45 INVERCLYDE ROAD,BIRMINGHAM,B20 2LL
C01601,2KK (HOLDINGS),"19 HIGHFIELD ROAD, EDGBASTON",,B15 3BH
C01602,ARISTOCATS LIMITED,"WARDLEY GRANGE FARM, WARDLEY, SWINTON",MANCHESTER,M27 9GN
C01603,ALI AIA FRESHENER LTD,"UNIT 18, MOUNT ST BUSINESS CENTRE, MOUNT STREET, NECHELLS",BIRMINGHAM,B7 5RD
C01604,5D DEVELOPMENTS,382 KINGSWAY,MANCHESTER,M19 1PL
C01605,ALSECURE GUARDING LIMITED,"42 KANSAS AVENUE, SALFORD",MANCHESTER,M50 2GL
C01606,BOLDPARK,"GROUND FLOOR, 47 BURY NEW ROAD, PRESTWICH",MANCHESTER,M25 9JY
C01607,AHRDEVELOPMENTS LIMITED,93 KEDLESTON RD,BIRMINGHAM,B28 0ND
C01608,B & T TRADING CO (GB) LTD,"11F, GROUND FLOOR, PITSFORD STREET",BIRMINGHAM,B18 6LN
C01609,AR INVESTMENTS (B'HAM) LTD,"NELSON ACCOUNTS FIRST FLOOR MARLBOROUGH ROAD, CASTLE BROMWICH",BIRMINGHAM,B36 0EH
C01610,BOLTON TROY UK LIMITED,"HOPE MILL THEATRE, 113 POLLARD STREET",MANCHESTER,M4 7JA
C01611,AHMEDZ PROPERTIES LIMITED,BROOKLYN AVENUE 11,MANCHESTER,M16 0BY
C01612,AKEHARD CARE LIMITED,31 CEYLON STREET,MANCHESTER,M40 2EF
C01613,1ST. CONSULTANCY LIMITED,19L ALBION STREET,MANCHESTER,M1 5LN
C01614,AFTER FUN BIRTLES LIMITED,"65 SMITHS YARD, 43 BLOSSOM STREET",BIRMINGHAM,B33 0DP
C01615,ADVERIX,"FLAT 8 6 HOPE ROAD, THE GABLES",,M14 5BB
C01616,"31-33 TYNWALD HLIL, LIVERPOOL LTD","LEON HOUSE MYRTLE GROVE, PRESTWICH",MANCHESTER,M25 9XA
C01617,BCWFC HOLDCO,ST ANDREWS @ KNIGHTHEAD PARK,BIRMINGHAM,B9 4RL
C01618,AMCI PROJECTS TLD,133 TAME ROAD,BIRMINGHAM,B6 7DY
C01619,1SAAT,"73 EDGE LANE, STRETFORD",MANCHESTER,M32 8PA
C01620,BIRMINGHAM GROUP LTD,"80 HIGHFIELD ROAD, SALTLEY",BIRMINGHAM,B8 3QU
C01621,ASBURY GAS SERVICSS,"259 CHURCH ROAD, ASTLEY, TYLDESLEY",MANCHESTER,M29 7ET
C01622,BIGORANGE SERVICES LTD,"31 HERRINGBONE RD 31 HERRINGBONE ROAD, WORSLEY",MANCHESTER,M28 3YJ
C01623,24/7 PLUMING & HEATING,157 WOODLANDS ROAD,,M8 0NG
C01624,AJAY SINGH BHATOA LTD,30 COXWELL GARDENS,BIRMINGHAM,B16 9EX
C01625,AGITO MEDICAL,BIRMINGHAM BUSINESS PARK,BIRMINGHAM,B37 7YB
C01626,ASHER HR CONSULTANTS,21 MELLAND ROAD,MANCHESTER,M18 7QA
C01627,BEAUTY TALKZ LTD,"FLAT 2, 26  ALBERT ROAD",MANCHESTER,M19 2FP
C01628,ANDRSON 89 LTD,"FLAT 2, 32 ERDINGTON HALL ROAD",BIRMINGHAM,B24 8JW
C01629,ARCH CHEMICALS UK HOLDINGS,"HEXAGON TOWER CRUMPSALL VALE, BLACKLEY",MANCHESTER,M98GQ
C01630,AHQAAF,INITIAL BUSINESS CENTRE,MANCHESTER,M40 8WN
C01631,27MT ECOM,"FLAT 304, 190 DANTZIC STREET",MANCHESTER,M4 4LF
C01632,THE ICON -CO,53 PRIESTLEY ROAD,BIRMINGHAM,B11 1RW
C01633,AK AUTO GARAGE LTD,"PLOT 4A, WATTVILLE ROAD, SMETHWICK",BIRMINGHAM,B66 2NU
C01634,11 FINANCE LIMIMED,9 LANGDALE ROAD,MANCHESTER,M14 5PQ
C01635,BANGLA KITCHEN LMIITED,"286 MANCHESTER ROAD EAST, LITTLE HULTON",MANCHESTER,M38 9UQ
C01636,A.BLAKE HOLDINGS LTD,"746A STRATFORD ROAD, SPARKHILL",BIRMINGHAM,B11 4BP
C01637,1TO1SALES LTD,"5 RECTORY GARDENS, ALVECHURCH",BIRMINGHAM,B48 7TH
C01638,AMZ ESSENTIALS LTD,181 ERDINGTON HALL ROAD,BIRMINGHAM,B24 8JB
C01639,BRAYWHITE MS LIMITED,216 MANSEL ROAD,,B10 9NL
C01640,ASLI LAHORI DERA,78 DICKENSON ROAD,MANCHESTER,M14 5HF
C01641,ABBOTT COURIERS,"AYRE ROAD, ERDINGTON 7",BIRMINGHAM,B24 9DU
C01642,APM ADVISORY DRAIN LIMITED,23 EMILY STREET,BIRMINGHAM,B17 9HJ
C01643,ANIKO LTD,"FLAT 3 1 YORK ROAD, HALL GREEN",BIRMINGHAM,B28 8BD
C01644,AUREVIA GROUP OF COMPANIES ARCHBROOK LTD,"9 PINE AVENUE, WHITEFIELD",MANCHESTER,M8 8HQ
C01645,AADEL,"KNOLL HOUSE 46 PILKINGTON AVENUE, SUTTON COLDFIELD",BIRMINGHAM,B72 1LG
C01646,ACCESS INTEGRATION,"36 FREDERICK ROAD, SELLY OAK",BIRMINGHAM,B29 6PB
C01647,B S O'BRIEN ORTHOPAEDICS LTD.,"C/O CAPITAX & CO (TAX CONSULTANTS) LTD CUCKOO WHARF, 427 LICHFIELD ROAD",BIRMINGHAM,B6 7SS
C01648,BOURNEDGE LIMITED,"GROUND FLOOR, 47 BURY NEW ROAD, PRESTWICH",MANCHESTER,M25 9JY
C01649,BELTERS MOTORS,"CLEMENCY BUSINESS CENTRE, HOLLINWOOD AVENUE",MANCHESTER,M40 0JB
C01650,BOLOTI AFRICAN CUISINE LTD,339 DUDLEY ROAD,BIRMINGHAM,B18 4HB
C01651,ABERDEEN HUNTLEY NOMINEES LIMITED,"1ST FLOOR RICO HOUSE GEORGE STREET, PRESTWICH",MANCHESTER,M25 9WS
C01652,ADAR GROUP LIMITED,"111 RICO HOUSE GEORGE STREET, PRESTWICH",MANCHESTER,M25 9WS
C01653,ARCADIAN TASTY FOODS LTD,"FLAT127, 41 ESSEX ST",BIRMINGHAM,B5 4TU
C01654,14THSHIP,169 OXHILL ROAD,BIRMINGHAM,B21 8HA
C01655,APEX & LEGACY,"2ND FLOOR - PARKGATES BURY NEW ROAD, PRESTWICH",MANCHESTER,M25 0TL
C01656,BAMBI FITNESS LTD,FLAT 179,MANCHESTER,M4 4GU
C01657,ABOVE LIVING,"ABOVE LIVING LIMITED 292 ROOKERY ROAD, HANDSWORTH",,B21 9PR
C01658,AMARYLLIS CLEANING SERVICE,"APARTMENT 19 2 WORSLEY RD NORTH, WORSLEY",MANCHESTER,M28 3GW
C01659,ALPHA LEISURE AMUSEMENTS,"21 RIVERMEAD ROAD, DENTON",MANCHESTER,M34 7PQ
C01660,BROOKLANDS ESTATES (NW),2A CATHERINE ROAD,MANCHESTER,M8 4HA
C01661,ARDEN ESTATE AGENTS LIMITED,"13 COLESHILL ROAD, HODGE HILL",BIRMINGHAM,B368DT
C01662,BLUE TARTAN PROPERTIES LIMITED,"KINGSNORTH HOUSE, BLENHEIM WAY",BIRMINGHAM,B44 8LS
C01663,ACER K9 LTD,6 SHARNFORD SQUARE,MANCHESTER,M12 5HA
C01664,AHJ ESTATES & COMPANY,"426 STOCKFIELD ROAD, YARDLEY",BIRMINGHAM,B25 8JJ
C01665,BLUE PATH PROPERTY LTD,18 BANFORD RD,BIRMINGHAM,B8 3EN
C01666,BLACK TRADING FOREX LTD,"155 CHURCH ROAD, YARDLEY",BIRMINGHAM,B25 8UP
C01667,ADVERTISING-CONSULTING,"INITIAL BUSINESS CENTRE, WILSON BUSINESS PARK OFFICE 620",MANCHESTER,M40 8WN
C01668,AYOO SERVICES LIMITED,"UNIT 10 LONG WOOD ROAD, TRAFFORD PARK",MANCHESTER,M17 1PZ
C01669,ATS BUILDING & JOINERY,"FIRST FLOOR, SWAN BUILDINGS, 20 SWAN STREET",MANCHESTER,M4 5JW
C01670,AAH CONSULTANCY LTD,BROADYATES ROAD,BIRMINGHAM,B25 8JE
C01671,ADALYN UK,22 ALSTON WALK,MANCHESTER,M24 4LL
C01672,BOB WILSON UFNFAIRS,THE WHITE HOUSE AMUSEMENT DEPOT,BIRMINGHAM,B25 8DS
C01673,AUXILIUM NO 2 LTD,"STUDIO 9, 50-54 ST PAUL'S SQUARE, ST. PAULS SQUARE",BIRMINGHAM,B3 1QU
C01674,ADVCNCE MARKETING (PVT) LTD,"CALICO HOUSE, PRINTWORKS LANE",MANCHESTER,M19 3JP
C01675,A & J PLANT HIRE,"26 THE GREEN, KINGS NORTON",BIRMINGHAM,B38 8SD
C01676,AURACLE MANAGEMENT GROUP LIMITED,"APARTMENT 40 APARTMENT 40, 105 BELL BARN ROAD",BIRMINGHAM,B15 2GL
C01677,CONTINENTAL AUTOMOTIVE UK,36 GRAVELLY INDUSTRIAL PARK,BIRMINGHAM,B24 8TA
C01678,A&N DESIGN AND BUILD,43 ALLERTON RD,BIRMINGHAM,B25 8NX
C01679,3BELLE.AMI HEALTH LIMITED,"4340-4350 SOLIHULL PARKWAY, BIRMINGHAM BUSINESS PARK",BIRMINGHAM,B37 7YN
C01680,BERLINS FIRST,"FIRST FLOOR 33A GROVE LANE, HANDSWORTH",BIRMINGHAM,B219ES
C01681,808 BUIL,"SIDMOUTH AVENUE, URMSTON 11",MANCHESTER,M41 8ST
C01682,ASCENT (SHERWOOD) LIMITED,"1 HARDMAN STREET, SPINNINGFIELDS",MANCHESTER,M3 3HF
C01683,1ST CLASSS CLEANING,"PROTAX 371, BORDESLEY GREEN",BIRMINGHAM,B9 5RP
C01684,192 CONSULTANCY FRESHENER LIMITED,34 WELLINGTON STREET,BIRMINGHAM,B24 9BJ
C01685,A AND K MANCHESTER LIMITED,"44 ADDINGTON STREET, NEW CROSS",MANCHESTER,M4 5EU
C01686,ASJ PROPERTYS,"HARPAL HOUSE 14 HOLYHEAD ROAD, HANDSWORTH",BIRMINGHAM,B21 0LT
C01687,ALLGOODS INC LTD,"UNIT 1-2 EURO ENTERPRISE PARK, SAMPSON ROAD NORTH",,B11 1BH
C01688,AEMAR ALRAWABI TRADING LIMITED,"UNIT 4A, MONSALL RD",MANCHESTER,M40 8WN
C01689,AHDAS GLOBAL LIMITED,118 WILBRAHAM ROAD,,M14 7DU
C01690,BINTANG HOMES LIMITED,"FLAT 15 LAPWING COURT, LAPWING LANE",MANCHESTER,M20 2WT
C01691,1&1,"1196 STOCKPORT ROAD, STOCKPORT ROAD",MANCHESTER,M19 2RA
C01692,AWAN REAL ESTATE,"819 CHESTER ROAD, ERDINGTON",BIRMINGHAM,B24 0BX
C01693,AEROFLAIR AROSA LTD,27 CRESCENT ROAD,MANCHESTER,M3 9TQ
C01694,FIGHTING BHOX LTD,164 BURLINGTON STREET,MANCHESTER,M27 8TY
C01695,ABBBA,32 HALLWORTH ROAD,MANCHESTER,M8 5UW
C01696,BRARKI LIMITED,"111 SLADE ROAD, ERDINGTON",BIRMINGHAM,B23 7QU
C01697,BIRMINGHAM SYSTEMIC AND FAMILY THERAPY LTD,"2 WHEELEYS ROAD, EDGBASTON",BIRMINGHAM,B15 2LD
C01698,4 GLADESTONE ROAD LTD,"RICO HOUSE GEORGE STREET, PRESTWICH",MANCHESTER,M25 9WS
C01699,HILL NICHOLLS SOLUTIONS LTD,26 YORK STREET,BIRMINGHAM,B17 0HG
C01700,AGROTONOMY,"UNIT 17 CHEETHAM HILL SHOPPING CENTRE, 40 BURY OLD RD",MANCHESTER,M8 5EL
C01701,AM & SS CO LIMITED,LITTLE HEATH CROFT,BIRMINGHAM,B34 6QA
C01702,BAX ANALYTICS,"17 STANLEY ROAD, ECCLES",MANCHESTER,M30 7HL
C01703,ARAFAT AHMED AHMED MURSHED LTD,"UNIT 7 INITIAL BUSINESS CENTRE, WILSON BUSINESS PARK",MANCHESTER,M40 8WN
C01704,AMA FINANCIAL GROUP,4 KEEPERS CLOSE,BIRMINGHAM,B46 3HB
C01705,BARWAAQO TRANSPORT LTD,GEORGE ARTHUR ROAD,BIRMINGHAM,B8 1LN
C01706,BARNSLEY JEWELLERS,"19A THE BIRTLES, WYTHENSHAWE",MANCHESTER,M22 5RF
C01707,SIA WELLBEING LIMITED,"APARTMENT 111 ALBION HOUSE, 75 POPE STREET",BIRMINGHAM,B1 3BG
C01708,BLACK CUBE TRADING,"C/O RUS & CO, 1192 STRATFORD ROAD, HALL GREEN",BIRMINGHAM,B28 8AB
C01709,AC CABLE SOLUTIONS,"MITCHELL CHARLESWORTH, 3RD FLOOR, 44 PETER STREET",MANCHESTER,M2 5GP
C01710,BIRMINGHAM MAINTENANCE SERVICES LTD,310 SLADE ROAD,BIRMINGHAM,B23 7LU
C01711,AASSH GLOAL LTD,587 KINGSWAY,MANCHESTER,M19 1RA
C01712,SUMMER SUPPLIES LTD,"UNIT 7 INITIAL BUSINESS CENTRE, WILSON BUSINESS PARK",MANCHESTER,M40 8WN
C01713,AWANGOODJ LTD,"FLAT 8, 379 STRETFORD ROAD",MANCHESTER,M15 4AD
C01714,ALSHAMI INK LIMITED,"11 KING STREET, RADCLIFFE",MANCHESTER,M26 1ND
C01715,BOGDANEL LIMITED,BAGSHAW ROAD 34,BIRMINGHAM,B33 8DJ
C01716,BHAGRATH ANQ GLENNIE CONSULTANCY LIMITED,"1 COTON LANE, ERDINGTON",BIRMINGHAM,B23 6TP
C01717,BAINSPHARM,4 4 MILLPOOL WAY,BIRMINGHAM,B664HW
C01718,ARSH AND COMPANY UK LTD,"24 WISEACRE CROFT, SHIRLEY, SOLIHULL",BIRMINGHAM,B90 1BD
C01719,BELFAIRPROPERTY LTD,"521 GREEN LANE, SMALL HEATH",BIRMINGHAM,B9 5PT
C01720,DRIFT CAR HIRE,153 SOMERVILLE ROAD,BIRMINGHAM,B10 9EY
C01721,ASR LEGAL SERVICES LTD,"C/O ECOTAX SUITE 2,  GROUND FLOOR, 435 CHEETHAM HILL ROAD",MANCHESTER,M8 0PF
C01722,AUGMENTED CONSULTING LTD,36 NEWTOWN STREET,MANCHESTER,M25 1HU
C01723,BLESSED KIDS LTD,"12 DUFFIELD ROAD, MIDDLETON",MANCHESTER,M24 1WQ
C01724,ASSET REALM HOLDINGS LTD,3 CHATSWORTH RD,MANCHESTER,M18 7AF
C01725,ADDISON BUILDING LTD,SCHOOL LANE,MANCHESTER,M20 6WN
C01726,GT PUBLISHING LIMITED,"UNIT 1, STELLING STREET",MANCHESTER,M18 8LW
C01727,AK MOTOR TECH,205 HOLYHEAD RD,BIRMINGHAM,B21 0AS
C01728,ASTERISK CONNECT LTD,83 BURY NEW RD,MANCHESTER,M8 8FX
C01729,1ST CHOICE ROOFING & BUILDING LTD,28 NAYLAND CROFT,,B28 0QH
C01730,ADVIK ANVIL LTD,"89 MARINA PLACE, APARTMENT 28, SMITH HOUSE",MANCHESTER,M12 0GQ
C01731,BASKET2DOOR,"OFFICE #5Y, FIRST FLOOR, UNIT 2, LITTLE GIANT MALL, 30-32 KNOWSLEY STREET",MANCHESTER,M8 8HQ
C01732,AHMAD ALI AND CO TRADING,74 LOWER DARTMOUTH STREET,BIRMINGHAM,B9 4LA
C01733,BC JOINERY & CONSTRUCTION,"25 RIDGE CRESCENT, WHITEFIELD",MANCHESTER,M45 8EP
C01734,ADORNED COUCHES LIMITED,"GROSVENOR HOUSE, 11 ST. PAULS SQUARE",BIRMINGHAM,B3 1RB
C01735,ASTONMONT LIMITED,141 CHEETHAM HILL ROAD,MANCHESTER,M8 8LY
C01736,AMANAH SUPERMARKET LTD,545 MOSELEY RD,,B12 9BU
C01737,567 KITCHEN LIMITED,"FLOOR 5, SCALA HOUSE, 36 HOLLOWAY CIRCUS QUEENSWAY",BIRMINGHAM,B1 1EQ
C01738,BRIVTITS,2-16 BURY NEW ROAD,MANCHESTER,M8 8EL
C01739,ACIVICO TRADED SERVICES LIMITED,BRINDLEY PLACE 10,BIRMINGHAM,B1 2JB
C01740,ADAPTIVE E-LEARN SYSTEM (ADES) LTD,"158 RUSSELL STREET, RUSSELL STREET",MANCHESTER,M16 7JL
C01741,AKS COMMERCIAL LTD,"CAPITAL HOUSE 272 MANCHESTER ROAD, DROYLSDEN",MANCHESTER,M43 6PW
C01742,BLUESTREET GROUP LIMITED,"692-696 STRATFORD ROAD, SPARKHILL",BIRMINGHAM,B11 4AT
C01743,AGR ACQUISITIONS LTD,"STUDIO 2, 50-54 ST PAULS SQUARE",BIRMINGHAM,B3 1QS
C01744,5 HEALTH & WELLBEING,"SUITE 2,PARKWAY 5, PARKWAY BUSINESS CENTRE,, 300 PRINCESS ROAD",MANCHESTER,M14 7HR
C01745,BARZAKH,"16 LAPWORTH GROVE, CANNON HILL",BIRMINGHAM,B12 9TL
C01746,BRAYMERE CODE LIMITED,33 AUBURN ROAD,MANCHESTER,M16 9WS
C01747,A2 GAMING,"SAFFERY TRINITY, 16 JOHN DALTON ST",MANCHESTER,M2 6HY
C01748,OPTICS TOPGEAR LTD,11 SANDYSHOT WALK,MANCHESTER,M22 5AQ
C01749,AXIOM PHOTONICS,MOAT LANE,BIRMINGHAM,B5 5BD
C01750,BRAIN SPHERE LTD,"304 GOLDEN HILLOCK ROAD, SPARKBROOK",BIRMINGHAM,B11 2PY
C01751,CONFESSIONS AAM LIMITED,"UNIT 2,, TRADING CENTRE, 60 SHERBORNE STREET",MANCHESTER,M8 8LR
C01752,BEST TRANSMISSION,"2-4 BATH WALK, BALSAL HEATH",BIRMINGHAM,B12 9RH
C01753,ARVP GROUP LIMITED,"ARVP GROUP OFFICE 1, IZABELLA HOUSE, 24-26 REGENT PLACE, CITY CENTER",BIRMINGHAM,B1 3NJ
C01754,AMI VIENNA UK LIMITED,"2ND FLOOR PARKGATES BURY NEW ROAD, PRESTWICH",MANCHESTER,M25 0TL
C01755,ALEX-CRISTINA TRANSPROT LTD,122 HAMILTON ROAD,BIRMINGHAM,B21 8AH
C01756,A-Z HUNTERS MANAGMENT LIMITED,"8 THE BOATSTEPS BARTON ROAD, WORSLEY",MANCHESTER,M28 2PB
C01757,ASMD HOLDING LIMITED,BRISTOL ROAD,BIRMINGHAM,B5 7SN
C01758,AIB RISK SOLUTIONS,"C/O DJH ST GEORGES HOUSE, 56 PETER STREET",MANCHESTER,M2 3NQ
C01759,AULAK HOLDINGN,"2 WHEELEYS ROAD, EDGBASTON",BIRMINGHAM,B152LD
C01760,BLACK GIRL CONFESSIONS LTD,"459 BARTON ROAD, STRETFORD",,M32 9TA
C01761,BABA FOOD PROCESSING CO,"ZANDRA HOUSE, 73 CARLTON RD FLAT 25",MANCHESTER,M16 8BQ
C01762,BOULEVARD FLOWERS LTD,"WESTFIELD ROAD, KINGS HEATH 110",BIRMINGHAM,B14 7SU
C01763,ASPSTORES,"VERACITY WORKS FOUNDRY LANE, SMETHWICK",BIRMINGHAM,B66 2PD
C01764,151 AND 153 ST PANCRAS WAY LIMITED,"53 SELLY PARK ROAD, SELLY PARK",BIRMINGHAM,B29 7PH
C01765,TEN41,SLEDMOOR ROAD 11,MANCHESTER,M23 0NU
C01766,BIRCH HOLLOW TRADING HOUSE,"UNIT 7 INITIAL BUSINESS CENTRE, WILSON BUSINESS PARK",MANCHESTER,M40 8WN
C01767,BRIDGEWATER RECRUITMENT RGOUP LTD,"ADAMSON HOUSE TOWERS BUSINESS PARK, WILMSLOW ROAD, DIDSBURY",MANCHESTER,M202YY
C01768,ORTHOMATS LTD,"FIRST FLOOR, 20, SWAN BUILDINGS SWAN STREET",MANCHESTER,M4 5JW
C01769,AA CONSTRUCTION & RENOVATIONS,"72 FREDERICK ROAD, SELLY OAK",BIRMINGHAM,B29 6PB
C01770,YCN TRADES,"24 EAST STREET, AUDENSHAW",MANCHESTER,M34 5BX
C01771,BROOME & WELLINGTON (HOLDINGS) LIMITED,"3RD FLOOR BARLOW HOUSE, 4 MINSHULL STREET",MANCHESTER,M1 3DZ
C01772,BLUSKY PROPERTIES (M/CR) LIMITED,"73 NORFOLK CRESCENT, FAILSWORTH",MANCHESTER,M35 0WD
C01773,A.R.A LOGISTIC SERVICES,21 STONERWOOD AVENUE,BIRMINGHAM,B28 0AX
C01774,AUTOKEY KINGS LIMITED,"OSBORNE SUITE 2.08 IMPERIAL & WHITEHALL, 23 COLMORE ROW",,B3 2BS
C01775,ASAP TUNING,"116 YARDLEY ROAD, ACOCKS GREEN",BIRMINGHAM,B27 6LG
C01776,ORANGE KEYS ESTATE AGENT LTD,323 HARBORNE LANE,BIRMINGHAM,B17 0NH
C01777,BEAMFEATURE,"3 ADBASTON ROAD, COBRA COURT STRETFORD",,M32 0TP
C01778,BC21.01,UNIVERSAL SQUARE BUILDING 5,MANCHESTER,M12 6JH
C01779,BEAR SOUL,"59B TURVES ROAD, CHEADLE HULME",MANCHESTER,SK8 6AE
C01780,28247 HOLDINGS LTD,10 PARK PLACE,MANCHESTER,M4 4EY
C01781,BEST ASSET GENERATION LTD,"344 WALKDEN ROAD, WORSLEY",MANCHESTER,M28 7ER
C01782,A&M FJST FREEZE,"UNIT 5, RONALD ROAD",BIRMINGHAM,B9 4UL
C01783,ALBAATROS,"OFFICE 1, IZABELLA HOUSE 24-26 REGENT PLACE, CITY CENTRE",BIRMINGHAM,B1 3NJ
C01784,AJC TATTOO LTD,"342-344 GRIMSHAW LANE, MIDDLETON",MANCHESTER,M24 2AU
C01785,A & H FOOTWEAR LTD,"UNIT 6 VALE PARK WAY, HENDHAM VALE INDUSTRIAL PARK",MANCHESTER,M8 0AD
C01786,HAMILTON BRANDON GATE ASSETS (NO 2),"1ST FLOOR RICO HOUSE GEORGE STREET, PRESTWICH",MANCHESTER,M25 9WS
C01787,A & T LETTINGS,LIFFORD HALL LIFFORD LANE,BIRMINGHAM,B30 3JN
C01788,ALLIED LONDON FIRE STATION OPCO LIMITED,"C/O ALLIED LONDON, SUITE 1, BONDED WAREHOUSE, 18 LOWER BYROM STREET",MANCHESTER,M3 4AP
C01789,AWA MEDN,"229 STRATFORD ROAD, SOLIHULL",BIRMINGHAM,B90 3AH
C01790,B&Y CONSTRUCTION AHR LIMITED,161 WHITE MOSS AVENUE,BIRMINGHAM,B28 9JA
C01791,ATHRU PSYCHOTHERAPY LTD,"MILTON HALL, 244 DEANSGATE,, DEANSGATE",MANCHESTER,M3 4BQ
C01792,ASBESTOS REMOVAL NEAR ME,"24-26 OFFICE 1, IZABELLA HOUSE, 24-26 REGENT PLACE",BIRMINGHAM,B1 3NJ
C01793,AZELECTRONICS BROOKLANDS LIMITED,113 YARDLEY GREEN ROAD,BIRMINGHAM,B16 1ZY
C01794,ARD ALRIYF PIONEERING PROJECTS,"UNIT 7 INITIAL BUSINESS CENTRE, WILSON BUSINESS PARK",MANCHESTER,M40 8WN
C01795,BPB HOSIERY,"18 HAZEL DRIVE, HOLLYWOOD",BIRMINGHAM,B47 5RJ
C01796,ATMOSPHERE BAR LINCOLN LIMITED,317 NEW VIC,MANCHESTER,M4 4DZ
C01797,BDP SUSTAINABILITY,11 DUCIE ST,MANCHESTER,M1 2JB
C01798,ARJEAN ADVISORY LIMITED,ONE STREET PETER'S SQUARE,MANCHESTER,M2 3DE
C01799,ASHWOOD SOLICITORS LIMITED,11 WILMSLOW ROAD,MANCHESTER,M14 5TB
C01800,BAKE-DANUK LTD,73 CAMPBELL ROAD,MANCHESTER,M27 5GR
C01801,1927CTFC LIMITED,"UNIT A, CHANTRY INDUSTRIAL ESTATE KINGSBURY ROAD, MINWORTH",BIRMINGHAM,B76 9EF
C01802,ADDICTED ORIGINAL LTD,KING STREET,MANCHESTER,M2 4WQ
C01803,AZIZ HOMES LTD,98 WAKE GREEN ROAD,BIRMINGHAM,B13 9PX
C01804,AMOVITA GROUP,20-26 KAY STREET,MANCHESTER,M11 2DU
C01805,AUTOMOTIVE MANIA COMPETITIONS,"UNIT 8 50 JAMES ROAD, TYSELEY",BIRMINGHAM,B11 2BA
C01806,AXIOM CARE SOLUTIONS,"BARTLE HOUSE, 9 OXFORD COURT",MANCHESTER,M2 3WQ
C01807,BLACK SHEEP PROTECTION,"APARTMENT 111 ALBION HOUSE, 75 POPE STREET",BIRMINGHAM,B1 3BG
C01808,BRITWELL PHARMA LTD,479 CHESTER ROAD,MANCHESTER,M16 9HF
C01809,BONDHU MAHAL BIRMINGHAM UK,ST. BENEDICTS ROAD,BIRMINGHAM,B10 9DW
C01810,BHOX GROUP LIMITED,16 SWANSBROOK GARDENS,BIRMINGHAM,B38 0BJ
C01811,14 FLOORING LD,"INTERNATIONAL HOUSE, 61 MOSLEY STREET",MANCHESTER,M2 3HZ
C01812,AK AUTO GARAGE LTD,PLOT 4A,BIRMINGHAM,B66 2NU
C01813,BENCHMARK ESTIMATING SOFTWRE LIMITED,INCOM HOUSE WATERSIDE,MANCHESTER,M17 1WD
C01814,BLISSTREE,3 MALLORY RISE,BIRMINGHAM,B13 9YE
C01815,ARROWMERE 8 LIMITED,40 PETER ST,MANCHESTER,M25GP
C01816,BRIDGEGATE ESTATES LIMITED,32 ST. PAUL'S RD,BIRMINGHAM,B12 8NG
C01817,BOUIRIGUE GLOBAL SERVICES ASHTONS LTD,140 WELLFIELD ROAD,MANCHESTER,M12 6JH
C01818,BMQ ESTATES LTD,20 CRYER STREET,MANCHESTER,M43 7LF
C01819,PLANTS TYRES LTD,55 SWANSBROOK GARDENS,MANCHESTER,M28 3ZT
C01820,BHINDER FOODS (WARWICK),"149 SPON LANE, WEST BROMWICH",BIRMINGHAM,B70 6AS
C01821,CESARA STUDIOS LIMITED,299 ROOKERY ROAD,BIRMINGHAM,B21 9PS
C01822,AGILE HOLDINGS,"BLACKFRIARS HOUSE, STREET MARY'S PARSONAGE",MANCHESTER,M3 2JA
C01823,AICROS LIMITED,69 GREAT HAMPTON STREET,BIRMINGHAM,B18 6EW
C01824,BRINDLEYS PAYROLL,"2 WHEELEYS ROAD, EDGBASTON",BIRMINGHAM,B15 2LD
C01825,AVR TUNE,29 RAINFORTH ST,MANCHESTER,M13 0RP
C01826,NEW LOOK DESIGNS,"28 MANNERING STREET, MANCHESTER M18 7SW UNITED KINGDOM",MANCHESTER,M18 7SW
C01827,BI1.02 LTD,"UNIVERSAL SQUARE BUILDING 5, 5TH FLOOR, DEVONSHIRE STREET NORTH",MANCHESTER,M12 6JH
C01828,BAMI TRADING,"105 MOSEDALE ROAD, MIDDLETON",MANCHESTER,M24 5GW
C01829,ARKA BUILDERS LTD,"146 HAGLEY ROAD, CIBA BUILDING",BIRMINGHAM,B16 9NX
C01830,AR EDGE ESTATES,"20 WOODLANDS ROAD, SPARKHILL",BIRMINGHAM,B11 4HE
C01831,911 INVESTMENST,"119 PERSHORE ROAD, EDGBASTON",BIRMINGHAM,B5 7NX
C01832,BLUE BLISS LTD,"INITIAL BUSINESS CENTRE, UNIT 7 WILSON BUSINESS PARK",,M40 8WN
C01833,CORPTOOLS (UK) LIMITED,"THE COUNTING HOUSE 4A MOSS LANE, SWINTON",MANCHESTER,M27 9SA
C01834,1STINCARE LTD,998 STOCKPORT RD,MANCHESTER,M19 3WN
C01835,888 CAPITAL,"21 GADBURY FOLD, ATHERTON",MANCHESTER,M46 0GN
C01836,AUTO REPAIR WINSON GREEN LTD,171 WELLINGTON STREET,BIRMINGHAM,B18 4NN
C01837,BOPARAN BRANDS LIMITED,"BOPARAN SUPPORT CENTRE PORTLAND HOUSE,, BICKENHILL LANE",BIRMINGHAM,B37 7WR
C01838,BEAUTY EOOSTERS AESTHETICS LTD,15 RYMOND ROAD,BIRMINGHAM,B34 6BU
C01839,BARBERS RAZ LTD,989 TYBURN RD,BIRMINGHAM,B24 0TJ
C01840,BREEZE KITCHENS & BEDROOMS,"UNIT B11 AVENUE ROAD, NECHELLS",BIRMINGHAM,B7 4NT
C01841,A&Z HOME LTD,"C/O DIGTAX ACCOUNTANT, DEPARTMENT CAMPFIELD, LOWER BYROM STREET,",MANCHESTER,M3 4FP
C01842,ARMAGARD LIMITED,"UNIT 9 FORTNUM CLOSE, KITTS GREEN",BIRMINGHAM,B330LG
C01843,BIRMINGHAMLINENCO LIMITED,"UNIT 5 WHITWORTH INDUSTRIAL PARK, TILTON ROAD",,B9 4PP
C01844,3H LEASEHOLD,"802 THE SOUTHSIDE BUILDING, 31 HURST ST",BIRMINGHAM,B5 4BD
C01845,BREAKFAST STATION LTD,243 MERRITTS BROOK LANE,BIRMINGHAM,B31 1UJ
C01846,BROUGHTON SH LTD,"UNIT 2 HYTECH INDUSTRIAL PARK,, PEEL LANE, CHEETHAM HILL",MANCHESTER,M8 8RJ
C01847,ADL TALENT SOLUTIONS,641 WILBRAHAM RD,MANCHESTER,M21 9JT
C01848,AU CREATIVE LTD,"8.02 THE SOUTHSIDE BUILDING, 31 HURST STREET",BIRMINGHAM,B5 4BD
C01849,2OG LIMITED,8 WYNFIELD GARDENS,BIRMINGHAM,B14 6EY
C01850,114-124 HABERDASHER STREET LIMITED,"GROVE HOUSE, 2ND FLOOR 774 - 780 WILMSLOW ROAD, DIDSBURY",MANCHESTER,M202DR
C01851,BMCR ENGINEERING,"17H VYSE STREET, HOCKLEY",BIRMINGHAM,B18 6LT
C01852,AKL CONSTRUCTIONS & TRADING,"FLAT 10,",MANCHESTER,M15 6JN
C01853,ARCAMS LIMITED,"129 C/O ALEXANDER & CO, CENTURION HOUSE, 129 DEANSGATE",MANCHESTER,M3 3WR
C01854,BLONDE ON BLONDE (BIRMINGHAM) LTD,"26 THE GREEN, KINGS NORTON",BIRMINGHAM,B38 8SD
C01855,ALBAN HOUSE (HEREFORD),"ST PAULS HOUSE, 23 ST PAULS SQURE",BIRMINGHAM,B3 1RB
C01856,BLACKTHORN INVESTMENT GROUP,"WAYNE BLANCE 8 RICHMOND CLOSE, WHITEFIELD",MANCHESTER,M45 7PW
C01857,BOYARCHER LTD,KILDARE ROAD,MANCHESTER,M21 0YG
C01858,AVEN HOME LTD,GROSVENOR HOUSE,BIRMINGHAM,B3 1RB
C01859,BAL PROPERTY SERVICES LTD,21 STATHAM DRIVE,BIRMINGHAM,B16 0TF
C01860,ARLEC PROPERTY SERVICES LTD,"7 REEDMAKER PLACE, SWINTON",MANCHESTER,M27 9LN
C01861,ARABIAN STREET,"UNIT 7 INITIAL BUSINESS CENTRE, WILSON BUSINESS PARK",MANCHESTER,M40 8WN
C01862,ALRIYADH RESTAURANT LTD,308 PLATT LANE,MANCHESTER,M14 7BZ
C01863,EXCEL AUTOMATION LIMITED,C/O BDO LLP 125,BIRMINGHAM,B3 3SD
C01864,10MILESGREEN,"B2 TOMLINSON HOUSE, 325 TYBURN ROAD",BIRMINGHAM,B24 8HJ
C01865,ALPEC LTD,15A LEOPOLD STREET,BIRMINGHAM,B12 0UP
C01866,BRIPOL (UK) LIMITED,70 BORDESLEY STREET,BIRMINGHAM,B5 5QA
C01867,BAJ STORE LTD,BONHAM GROVE,BIRMINGHAM,B25 8RX
C01868,ASCENT HOUSING AND SUPPORT,388 TYBURN ROAD,,B24 8HP
C01869,ASTERMILL LIMITED,VENUS BUILDING 1 OLD PARK LANE,MANCHESTER,M41 7HA
C01870,BLEAD WIN LTD,"BRULIMAR HOUSE JUBILEE ROAD, MIDDLETON",MANCHESTER,M24 2LX
C01871,ALMAK CONSTRUCTIONS,"37-49 BASEMENT UNIT 1, DEVONSHIRE STREET NORTH",MANCHESTER,M12 6JR
C01872,CHEMICALS RESULTS LTD,34 HOLLAND ROAD,BIRMINGHAM,B66 2SF
C01873,BOSS REALTY,"1201 VISTA RIVER GARDENS, WATER ST",MANCHESTER,M3 4GA
C01874,AIZE PRODUCTS LTD,91 FINCHLEY ROAD,BIRMINGHAM,B44 0LB
C01875,AUPEX,30 BROADOAK ROAD,MANCHESTER,M22 8LY
C01876,ABDUL BRAND,204 BLAKESLEY ROAD,BIRMINGHAM,B25 8RY
C01877,BRIGHTLOGIC SYSTEMS,2ND FLOOR CATHAY BUILDING,BIRMINGHAM,B1 1NB
C01878,BELLEWOOD,BARTLE HOUSE,MANCHESTER,M2 3WQ
C01879,ADAMS PICKARD,18-22 LLOYD STREET,MANCHESTER,M2 5WA
C01880,APEX CAPITAL SOLUTIONS,"FLAT G06 WHITWORTH, 39 POTATO WHARF",MANCHESTER,M3 4BH
C01881,BLOSSOMS HEALTHCARE WEST MIDLANDS,"2 GEORGE DIXON ROAD, NORTH EDGBASTON",BIRMINGHAM,B17 8LQ
C01882,AIR (UK) OXFORD RD LTD,"UNIT 4 MANCHESTER INDUSTRIAL ESTATE, NEW ELM ROAD",MANCHESTER,M3 4JH
C01883,247 GAS SERVICES (NW) LIMTED,"57 TINTERN AVENUE, WHITEFIELD",MANCHESTER,M45 8WY
C01884,BENIVIV,"FLAT 5, 148 FERNCLIFFE ROAD, HARBORNE",BIRMINGHAM,B17 0QJ
C01885,ALEXANDER (MIDLANDS) DEVELOPMENTS LTD,2 WHEELEYS ROAD,BIRMINGHAM,B15 2LD
C01886,BHX LOGISTICS,"SBE QUADRANT COURT, 49 CALTHORPE RD",BIRMINGHAM,B15 1TH
C01887,BMD PIPEFITTING AND STEEL FABRICATION,274 PRIORY ROAD,BIRMINGHAM,B28 0SR
C01888,ABDUL MAJID & SONS HOLDING,103 SPRINGFIELD ROAD,BIRMINGHAM,B13 9NN
C01889,ADOAM LIMITED,11 WOODLINN WALK,MANCHESTER,M9 5QG
C01890,ALPHA OVERSEAS HOLDINGS,"BUILDING 319 WORLD CARGO CENTRE, MANCHESTER AIRPORT",MANCHESTER,M90 5EX
C01891,AXCESS TEN,292 WAKE GREEN RD,BIRMINGHAM,B13 9QP
C01892,AKZ GLOBAL LIMITED,"FLAT 15 KENTMERE TOWER, BEECHMOUNT DRIVE",BIRMINGHAM,B23 5UF
C01893,BRAMHALL PROPERTY LETTINGS LIMITED,"DAVID NUGENT & CO LTD, 4A MOSS LANE, SWINTON",MANCHESTER,M27 9SA
C01894,ALTA GROUP HOLDINGS LTD,"UNIT 4 FOURNIER HOUSE, 8 TENBY ST",BIRMINGHAM,B1 3AJ
C01895,BLOSSOM UP LTD,"SMITHS YARD, 43 BLOSSOM STREET 161",MANCHESTER,M4 6FX
C01896,ASTLEY GLASS CO.,"251/253 ELLIOTT ST, TYLDESLEY",MANCHESTER,M29 8DG
C01897,BAHDR ASAPTODAY LTD,"16 UNION STREET,, UNIT 1",BIRMINGHAM,B7 0JJ
C01898,ASHFORD INVESTMENT PROPERTIES LIMITED,2 ANERLEY GROVE,BIRMINGHAM,B44 9QH
C01899,ALIMENTARY,20 SWAN ST,MANCHESTER,M4 5JW
C01900,"BEG, STEAL & BORROW","AFLEX PALACE, 52 CHURCH STREET",MANCHESTER,M4 1PW
C01901,AL-MUTAMAYIZOON TRADING BIRCHFIELD LTD,121 NEWELLS ROAD,MANCHESTER,M12 6AE
C01902,ALI OPTICS LTD,"COLLEGE ROAD, ALUM ROCK 123",BIRMINGHAM,B8 3SQ
C01903,AARON B CONSULTANCY LIMITED,10 PARK PLACE,MANCHESTER,M4 4EY
C01904,ALSADIQ&SONS LOGISTICS SERVICE,"FAIRGATE HOUSE, 205 KINGS ROAD",BIRMINGHAM,B11 2AA
C01905,BLACK BOX SOUNDS,"651 MAULDETH ROAD WEST, CHORLTON CUM HARDY",MANCHESTER,M21 7RA
C01906,BARNES VJLLAGE SPV,"PORTLAND HOUSE GROUND FLOOR OFFICES, 103 PORTLAND STREET",MANCHESTER,M1 6DF
C01907,BRIDCOVE LTD,"RICO HOUSE GEORGE STREET, PRESTWICH",MANCHESTER,M25 9WS
C01908,2DEC TECHNOLOGIES LIMITED,40 CHESTERTON ROAD,MANCHESTER,M23 9LB
C01909,BONDHU MAHAL BIRMINGHAM UK LTD,28 ST. BENEDICTS ROAD,BIRMINGHAM,B10 9DW
C01910,4GROWING FACILITIES LIMITED,24 CAMPLIN CRESCENT,BIRMINGHAM,B20 1LS
C01911,BIRMINGHAM DRY FRUITS AND NUTS,34 FOURLANDS ROAD,BIRMINGHAM,B31 1EP
C01912,285DUALCONCEPTS LIMITED,"125 RESERVOIR ROAD, SELLY OAK",BIRMINGHAM,B29 6SU
C01913,ACES CAR HIRE LIMITED,"UNIT 174-176 OLD WELLINGTON ROAD, ECCLES",MANCHESTER,M30 9FU
C01914,BEE BARGAINS LTD,26 PREMIER RD,MANCHESTER,M8 8HH
C01915,ANAHATA PARTNERS LIMITED,"22 SWANSHURST LANE, MOSELEY",BIRMINGHAM,B13 0AJ
C01916,ARGYLE STREET DEVELOPMENT LTD,ARCA,BIRMINGHAM,B2 5AF
C01917,BRANDBERG ESTATES LTD,"WINDSOR ROAD, PRESTWICH 79",MANCHESTER,M25 0DB
C01918,BIRMINGHAM ORCHARD HOUSE LTD,6 WELL ST,BIRMINGHAM,B193BG
C01919,AE & CO. BUILDING LTD,"27 GREENHILL ROAD, HANDSWORTH",BIRMINGHAM,B21 8DX
C01920,AMINO,3 AINSFORD ROAD,,M20 4ST
C01921,BALKAN SISTERS LTD,143 BROMSGROVE STREET,BIRMINGHAM,B5 6RG
C01922,ATLANTIC TRADING (WORLDWIDE),"PETER HOUSE, OXFORD STREET",MANCHESTER,M1 5AN
C01923,2ND LOVE SHOP LTD,58 LONGFORD ROAD,BIRMINGHAM,B44 0RR
C01924,AVENMERE HOUSING LTD,"57 ALFRED STREET, SPARKBROOK",BIRMINGHAM,B12 8JP
C01925,A. NASIR MEDICAL,"FLAT 104 QUANTUM HOUSE, 2 KENSAL DRIVE",MANCHESTER,M20 2NE
C01926,ADELAINE BEAUTY,"30 MARTINEAU ROAD, MARTINEAU ROAD",BIRMINGHAM,B33 0JB
C01927,B R HEATING & BATHROOMS,"100 LIVERPOOL ROAD, CADISHEAD",MANCHESTER,M44 5AN
C01928,BLUEPRINT SERVICES LTD,"UNIT 2, CARLTON BUSINESS CENTER, 104 NECHELLS PLACE",BIRMINGHAM,B7 5AB
C01929,AIRJACK 2000,"22 HILLHOUSE LANE, STECHFORD",BIRMINGHAM,B33 8DP
C01930,AS GODOS,22A BRIDGELANDS WAY,BIRMINGHAM,B20 3UT
C01931,BPW PROPERTY GROUP,6 ANSWELL AVENUE,MANCHESTER,M8 4GG
C01932,BRIGHTLOGIC AHRA LTD,176 COUCHMAN ROAD,MANCHESTER,M4 4AD
C01933,BRIOSELL LTD,"35, UNIT 1A, CUTHBERT AVENUE",MANCHESTER,M19 3DG
C01934,ASHIQ LTD,"ASHIQ HOUSE SHERBORNE STREET, CHEETHAM HILL",MANCHESTER,M8 8LE
C01935,ART NEVER FADE LIMITED,17 ASHTON CROFT,BIRMINGHAM,B168EX
C01936,ARTCO CONTRACTS,"PAPER MILL END, GREAT BARR",BIRMINGHAM,B44 8NH
C01937,BARIC PUMPS,1 WOLVERTON STREET,,M11 2ET
C01938,AIM HIGH (ACCESS REPAIRS),"696 YARDLEY WOOD ROAD, BILLESLEY",BIRMINGHAM,B13 0HW
C01939,PRIME CHANGE,"UNIT 7 INITIAL BUSINESS CENTRE,, WILSON BUSINESS PARK, MONSALL RD",MANCHESTER,M408WN
C01940,ALLIED MANAGED SERVICES LIMITED,"C/O CONNAUGHTON & CO 1ST FLOOR, 4 JORDAN STREET",MANCHESTER,M15 4PY
C01941,BRIXBERG LIMITED,"FIRST FLOOR, SWAN BUILDINGS, 20 SWAN STREET",MANCHESTER,M4 5JW
C01942,AIR UK (TP) LTD,"UNIT 4 MANCHESTER INDUSTRIAL ESTATE, NEW ELM ROAD",MANCHESTER,M3 4JH
C01943,ARIEL PROPERTY SOLUTION LIMITED,"SUITE 8, SULAW HOUSE 1 CHAPEL STREET, PRESTWICH",MANCHESTER,M25 1AE
C01944,APEX ROOFING AND REPAIR SPECIALISTS LTD,"FIRST FLOOR, CITY CENTRE, SWAN BUILDINGS, 20 SWAN STREET",MANCHESTER,M4 5JW
C01945,AP & DH PROPERTIES LIMITED,THE COPPER ROOM DEVA CITY OFFICE PARK,MANCHESTER,M3 7BG
C01946,BLOXWICH NAIL BAR,100-104 BRISTOL STREET,BIRMINGHAM,B5 7AH
C01947,URBAN DESIGN HUB,"STUDIO 9, 50-54 ST PAUL’S SQUARE",BIRMINGHAM,B3 1QS
C01948,BOMBAY BRUNCH CLUB LTD,71 BOTTETOURT RD,BIRMINGHAM,B29 5TF
C01949,"AXIFORMA TECH (GUANGDONG) CO., LTD","OFFICE 15598 INITIAL BUSINESS CENTRE, UNIT 7 WILSON BUSINESS PARK",MANCHESTER,M408WN
C01950,BLOOMING ADORNMENTS LTD,"9, BARTLE HOUSE, OXFORD COURT",MANCHESTER,M2 3WG
C01951,BEYOND PHILANTHROPY LIMITED,"C/O ECHO TAX, SPACES MANCHESTER PETER HOUSE, OXFORD ST",MANCHESTER,M1 5AN
C01952,AB (MIDLANDS) OTHER SERVICES MEAT LIMITED,45 GREAT HAMPTON STREET,BIRMINGHAM,B27 6LG
C01953,BAAZ PROPERTY HOLDINGS LTD,"ONYX HOUSE 12 PHOENIX BUSINESS PARK, AVENUE CLOSE",BIRMINGHAM,B7 4NU
C01954,BFS RSEOURCES LIMITED,"30 LAWNHURST AVENUE, WYTHENSHAWE",MANCHESTER,M23 9RY
C01955,ARESA E FILMS LTD,"1 ROCKY LANE, ASTON",BIRMINGHAM,B6 5RQ
C01956,AWAN PROPERTY INVESTMENTS,"KHYBER BUILDING, HEATON STREET HOCKLEY",BIRMINGHAM,B185BB
C01957,BIRMINGHAM CITY STADIUM,"STREET ANDREWS @ KNIGHTHEAD PARK, CATTELL RD",BIRMINGHAM,B9 4RL
C01958,BEYOND BORDERS SECURITY SERVICES LTD,2 ELMHURST DRIVE,MANCHESTER,M19 1GD
C01959,ABANCAY HOLDINGS UK LIMITED,C/O KUIT STEINART LEVY LLP,MANCHESTER,M3 2RD
C01960,BEST NO 1 MINI STORE,834 BRISTOL ROAD SOUTH,BIRMINGHAM,B31 2NS
C01961,ASQUARE GLOBAL BRNAD HOUSE,2 WOODSIDE ROAD,MANCHESTER,M16 0BT
C01962,ACG DEVELOPMENTS LIMITED,"44-45 CALTHORPE ROAD, EDGBASTON",BIRMINGHAM,B15 1TH
C01963,BISMILLAH 786 PROPERTY MANAGEMENT LTD,296 COLESHILL ROAD,BIRMINGHAM,B36 8BG
C01964,ATELIER 81 LTD,"APARTMENT 164 SOUTHSIDE, ST. JOHN'S WALK",BIRMINGHAM,B5 4TJ
C01965,BRAXTON CALLISTER,"388 MAULDETH ROAD WEST, CHORLTON CUM HARDY",MANCHESTER,M21 7RB
C01966,AURA CARE - EAR WAX REOMVAL SPECIALIST,"11 EGGHILL LANE, NORTHFIELD",BIRMINGHAM,B31 5NU
C01967,BACK 2 LIFE CHIROPRACTORS LIMITED,"124 BEECHES ROAD, GREAT BARR",BIRMINGHAM,B42 2HQ
C01968,AH NEW DEVELOPMENTS LTD,"384 MANCHESTER ROAD WEST, LITTLE HULTON",MANCHESTER,M38 9XU
C01969,ANGEL MEADOW COMMERCIAL LIMITED,"FLOOR 6, PALL MALL, 61-67 KING STREET",MANCHESTER,M2 4RD
C01970,ACCESSORISE EXTRAS,"25 EASTLEIGH ROAD, PRESTWICH",MANCHESTER,M25 0BX
C01971,ASCEND MEDICAL,"UNIT 1E, BROMSGROVE HOUSE, 88 BROMSGROVE STREET",BIRMINGHAM,B5 6AJ
C01972,BEECH MAINTENANCE,84 CHELMSLEY LANE,BIRMINGHAM,B37 7BP
C01973,AL AMIRI MI LTD,"UNIT 10, 30-32 KNOWSLEY STREET CHEETHAM HILL",MANCHESTER,M8 8HQ
C01974,AMBERHILL ASSOCIATES LIMITED,"12 AMBERHILL WAY, WORSLEY",MANCHESTER,M28 1UP
C01975,ALL ELECTRIC CAR PARTS UK LTD,42 PLOUGH AVENUE,BIRMINGHAM,B32 3TQ
C01976,7M INVESTMENTS LTD,45 LORD STREET,BIRMINGHAM,B7 4DQ
C01977,TILES AVENUE,29 PEMBROKE CROFT,BIRMINGHAM,B28 9EY
C01978,ASIAN CLASSIC,"MAISONETTE 283 HIGH STREET, HARBORNE",BIRMINGHAM,B17 9QH
C01979,BALI HOMES LTD,171 JILL AVENUE,MANCHESTER,M2 0AF
C01980,ARKA BUILDERS LTD,146 HAGLEY ROAD,BIRMINGHAM,B16 9NX
C01981,ALEN NORWAY CONSULTING AND SERVICE LIMITED,"UNIT C PICCADILLY BUSINESS CENTRE  ALDOW ENTERPRISE PARK, BLACKETT STREET",MANCHESTER,M12 6AE
C01982,BENCHMARK ESTIMATING LIMITED,"INCOM HOUSE WATERSIDE, TRAFFORD PARK",MANCHESTER,M171WD
C01983,ACCOUNTANCE LIMITED,166B ALCESTER ROAD,BIRMINGHAM,B13 8HS
C01984,BOGDAN LAW OFFICE LTD,"235A HIGH STREET, ERDINGTON",BIRMINGHAM,B236SS
C01985,11ELEVEN COMPFTITIONS LTD,"FLAT 18 HOLYROOD COURT, HOLYROOD GROVE, PRESTWICH",MANCHESTER,M25 1PG
C01986,BRIGHTSET STAR CHILD CARE LTD,119 COBDEN STREET,MANCHESTER,M9 4DY
C01987,ALEXANDRA RESIDENTIAL CARE LTD,163 KINGSWAY,MANCHESTER,M19 2ND
C01988,TSLP224 LTD,"UNIT 7 INITIAL BUSINESS CENTRE, WILSON BUSINESS PARK",MANCHESTER,M40 8WN
C01989,BARBERINI MEDICAL COMMUNICATIONS,9-11 VITTORIA STREET,BIRMINGHAM,B1 3ND
C01990,BLAZETECH,"1 EGERTON STREET, MIDDLETON",MANCHESTER,M24 4QD
C01991,2K MANAGEMENT LTI,"3RD FLOOR COLWYN CHAMBERS, 19 YORK STREET",MANCHESTER,M2 3DA
C01992,BRIARCROFT SERVICE CENTRE LTD,"1 MORLEY STREET, ATHERTON",MANCHESTER,M46 0AE
C01993,BIRMINGHAM PROPERTIES CONSULTANT LIMITED,"UNIT 6 & 7 CENTURY PARK GARRISON LANE, BORDESLEY GREEN",BIRMINGHAM,B9 4NZ
C01994,ASBSEB LTD,"THE BELMONT, SUITE 11, 89 MIDDLETON ROAD",MANCHESTER,M8 4JY
C01995,464 RESTAURANT LIMITED,"166 HIGHFIELD ROAD, HALL GREEN",BIRMINGHAM,B28 0HY
C01996,BORDESLY OFFLICENCE'S I LTD,99 BORDESLEY GREEN,BIRMINGHAM,B9 4QP
C01997,DEAN TEACH,"UNIT 7 INITIAL BUSINESS CENTRE, WILSON BUSINESS PARK, MONSALL RD",MANCHESTER,M40 8XN
C01998,BROMSGROVE BUILDING SERVICES LTD,"COBALT SQUARE 83-85 HAGLEY ROAD, EDGBASTON",BIRMINGHAM,B16 8QG
C01999,AN DIGITAL MARKETING,"100 TOWNLEY STREET, MIDDLETON",MANCHESTER,M24 1BT
C02000,A TRANSFER,12 CARISBROOKE AVENUE,BIRMINGHAM,B37 7QG
C02001,EHLIUM MIRACLE 141,"BELVEDERE, 12 BOOTH STREET",MANCHESTER,M2 4AW
C02002,AMINATA’S CHILDCARE SERVICES LTD,"APARTMENT 1, TRINITY HOUSE, 32 BLUCHER STREET",BIRMINGHAM,B1 1QH
C02003,AI PAYROLL PARTNER TD,"651 A MAULDETH RD WEST, CHORLTON",MANCHESTER,M21 7SA
C02004,ABINGTON AEROMEDICAL,"C/O RUS & CO 1192 STRATFORD ROAD, HALL GREEN",BIRMINGHAM,B28 8AB
C02005,KASAMERA TRADERS UK,"3 OAKLAND ROAD, HANDSWORTH",BIRMINGHAM,B21 0NA
C02006,TANSYCOURT LIMITED,1 BALLOON ST,MANCHESTER,M4 4BE
C02007,ACONIQUE LTD,156 OGDEN LANE,MANCHESTER,M11 2LZ
C02008,ARTSY PACKAGING,46 GLENAVON ROAD,BIRMINGHAM,B14 5BL
C02009,BRENTWOOD INVESTMENTS LTD,"364 MOSTON LANE, MOSTON",,M40 9JS
C02010,BLUEROCK OPPORTUNITIES 3 LIMITED,"MB ADVISORS (UK) LTD 69, MIDDLETON RD",MANCHESTER,M8 4JY
C02011,AGHADELLY UK LTD,"FLAT 10, ST. ANDREWS COURT, BOLTON ROAD",BIRMINGHAM,B10 0BG
C02012,AMBERBROOK,"PEAR TREE DRIVE, NEWTON ROAD",BIRMINGHAM,B43 6HS
C02013,BRICK AND PEBBTE LTD,"FLAT 11 6, KEELEY CLOSE",MANCHESTER,M40 1NP
C02014,B&D HOLDINGS LTD,"231 SOMERVILLE RD, SMALL HEATH",BIRMINGHAM,B10 9DD
C02015,AL-KANTO FOR TRADING LTD,UNIT 7 INITIAL BUSINESS CENTRE,MANCHESTER,M40 8WN
C02016,B.T.E. LIMITED,"C/O WILLIAMSON & CROFT YORK HOUSE, 20 YORK STREET",MANCHESTER,M2 3BB
C02017,AZ OF TALENT AND HR,"BARTLE HOUSE, 9 OXFORD COURT",MANCHESTER,M2 3WQ
C02018,AMAN'S COMPUTER SERVICES,"15 MARTYN SMITH CLOSE, GREAT BARR",BIRMINGHAM,B43 6JG
C02019,AZIZ PHARMA SOLUTIONS LTD,41 LEONARD ROAD,BIRMINGHAM,B19 1JU
C02020,56 INVESTMENTS,56 TENNYSON ROAD,BIRMINGHAM,B10 0EX
C02021,ARROWMERE 5 LIMITED,PETER ST 40,MANCHESTER,M2 5GP
C02022,BROOMHALL BDP LIMITED,61 CHERRY ORCHARD ROAD,BIRMINGHAM,B15 4ES
C02023,AVAMI,160 BROOM LANE,MANCHESTER,M19 3LJ
C02024,BERTENSHAW SOFTWARE CONSULTANCY LTD,"2 ARLINGTON AVENUE, SWINTON",MANCHESTER,M27 0AQ
C02025,BIRMINGHAM JQ INTESTMENTS LIMITED,146 ADDISON ROAD,BIRMINGHAM,B14 7EX
C02026,8 STARTS TYS,5 KELVIN ST,MANCHESTER,M4 1ET
C02027,AYDANS,"358 KINGS ROAD, STRETFORD",MANCHESTER,M32 8QQ
C02028,PURE PRESSURE MANCHESTER LTD,2 FALSHAW WAY,MANCHESTER,M18 7TG
C02029,ATS AUTO GADGETS UK LIMITEZ,"135 MOSEDALE ROAD, MIDDLETON",MANCHESTER,M24 5GW
C02030,65 SECURITY,"UNIT 10 HERBERT ROAD, SMALL HEATH",BIRMINGHAM,B10 0PR
C02031,BALANCE BREWING & BLENDING LTD,SHEFFIELD STREET,MANCHESTER,M1 2ND
C02032,SME SERVICES,"UNIT 7 INITIAL BUSINESS CENTRE, WILSON BUSINESS PARK",MANCHESTER,M40 8WN
C02033,ALVI CONSULTANTS LMIITED,"FAIREGATE HOUSE, 205 KINGS ROAD, TYSELEY",BIRMINGHAM,B11 2AA
C02034,ACME ENTERPRISE LTD,"43B FORMANS ROAD, SPARKHILL",BIRMINGHAM,B11 3AA
C02035,BOKHARI FOODS LTD,189 MAULDETH ROAD,MANCHESTER,M19 1BA
C02036,BRESLINS DUDLEY LTD,"CROSBY COURT, 28 GEORGE STREET",BIRMINGHAM,B31QG
C02037,A VERMA INVESTMENTS,161 WESTRIDGE ROAD,BIRMINGHAM,B13 0EB
C02038,BEACHER OCCAM LTD,"INITIAL BUSINESS CENTRE, UNIT 7 WILSON BUSINESS PARK OFFICE 8054",MANCHESTER,M40 8WN
C02039,101 RENTALS LTD,101 CHELSFIELD GROVE,MANCHESTER,M21 7BD
C02040,ARQ360,"FLAT 4 178 ALBERT ROAD, STECHFORD",BIRMINGHAM,B33 8UE
C02041,AWM CREATIONS LTD,58 CYRIL ROAD,BIRMINGHAM,B10 0TG
C02042,ASILELABS LIMITED,"MANCHESTER BUSINESS PARK, 3000 AVIATOR WAY",,M22 5TG
C02043,BALTI SPICE,139 WILBRAHAM ROAD,MANCHESTER,M14 7DS
C02044,AMORE DATI LTD,"INITIAL BUSINESS CENTRE UNIT 7, WILSON BUSINESS PARK",,M40 8WN
C02045,ALJANDEEL LTD,42 LAMPORT COURT,MANCHESTER,M1 7EG
C02046,AFFINITY MANAGEMENT SOLUTIONS,29 WILBRAHAM RD,MANCHESTER,M14 6FG
C02047,STREET LEONARDS MEDICAL PROPERTY LIMITED,SUITE 2F MANCHESTER INTERNATIONAL OFFICE CENTRE,MANCHESTER,M22 5WB
C02048,23 CENTRAL RD (FREEHOLD) LIMITED,"23 CENTRAL ROAD, WEST DIDSBURY",,M20 4YE
C02049,BLANC LABEL LTD,"53 EPPING STREET, GREATER MANCHESTER",MANCHESTER,M15 6LF
C02050,BOOMBIOTICS,"UNIT 4 DISCOVERY WORKS, TRAFFORD PARK ROAD, TRAFFORD PARK",MANCHESTER,M17 1AN
C02051,BLOOM IN DESIGN LIMITED,"SUITE 22C CITY TOWER, PICCADILLY PLAZA",MANCHESTER,M1 4BT
C02052,AR DIGITAL SURVEYS LTD,HEYSHAM AVENUE,MANCHESTER,M20 1EL
C02053,AIRPHONE MIDLANDS,"149 SPON LANE, WEST BROMWICH",BIRMINGHAM,B70 6AS
C02054,BLUE HAVANA,"LIFFORD HALL, LIFFORD LANE",BIRMINGHAM,B30 3JN
C02055,A & K R,"C/O BTMR LIMITED CENTURY BUILDINGS, 14 ST MARY'S PARSONAGE",MANCHESTER,M3 2DF
C02056,ASTONCROFT TRADING LIMITED,UNIT 7 INITIAL BUSINESS CENTRE,MANCHESTER,M40 8WN
C02057,ART WOOD PRODUCT LTD,"11 GROSVENOR HOUSE, ST. PAULS SQUARE",BIRMINGHAM,B3 1RB
C02058,ALVI LOCUM SERVICES LTD,48 CAMPLIN CRESCENT,BIRMINGHAM,B20 1LT
C02059,AYC DEVELOPMENT LTD,72 METCHLEY DRIVE,BIRMINGHAM,B17 0LA
C02060,AMSRAJ ESTATES,HOLYHEAD ROAD 77,BIRMINGHAM,B21 0LG
C02061,ARTISANS LEATHER LTD,155 MANCHESTER ROAD,MANCHESTER,M16 0FE
C02062,BRITANIA WINDOWS LTD,191A BURNAGE LANE,MANCHESTER,M19 1FE
C02063,INNOVATE TECHNOLOGIES LIMITED,"1 HARDMAN STREET, SPINNINGFIELDS",MANCHESTER,M3 3HF
C02064,A & M PLUMBING & EATING LTD,41 OLD CROFTS BANK,MANCHESTER,M41 7AB
C02065,ADVERTMETRICS,132 -134 GREAT ANCOAT ST,MANCHESTER,M4 6DE
C02066,MS MARKETING FX,"333 KINGS ROAD, KINGSTANDING",,B44 0TF
C02067,AQUABIT LIMITED,69 GREAT HAMPTON ST,BIRMINGHAM,B18 6EW
C02068,A - BEYOND LIMITED,3 OXFORD COURT,MANCHESTER,M2 3WQ
C02069,75 DEGREE BAKERY LTD,"BENBENBEARDIMSUM, 77 ADDISON CRESCENT",MANCHESTER,M16 0LZ
C02070,AL-QASIMI FOR WELLBEING AND EDUCATION UK,6 THORNHOLME CLOSE,MANCHESTER,M18 7RL
C02071,AMBER RIDGE ASSOCIATES LTD,ST. JAMES TOWER,MANCHESTER,M1 4DZ
C02072,AMALA LIVING LTD,2A ESSEX AVENUE,MANCHESTER,M20 6AN
C02073,BELISAMORE LIMITED,"BARTLE HOUSE, 9 OXFORD COURT",MANCHESTER,M2 3WQ
C02074,BATCHLINE TRANSPORT SOLUTIONS LTD,"80 VICTORIA ROAD, ASTON",BIRMINGHAM,B6 5HN
C02075,BLACKBERRY LANE PROPERTY,KETTLES WOOD DRIVE,BIRMINGHAM,B32 3DB
C02076,A M GARAGE SERVICES,"69 OAKWOOD ROAD, SPARKHILL",BIRMINGHAM,B11 4EX
C02077,ANTHONY HEWSON TREE SERVICES LIMITED,17 EDWARD ROAD,BIRMINGHAM,B14 5UA
C02078,BIN HAFIDH,"FLAT 15 HOGARTH HOUSE, BELL BARN ROAD",BIRMINGHAM,B15 2AE
C02079,BODYBTO,35 ALLEYNE ROAD,BIRMINGHAM,B24 8EJ
C02080,MISS ROMANTIQUE,"UNIT 7 INITIAL BUSINESS CENTRE, WILSON BUSINESS PARK",,M40 8WN
C02081,AWAR LOGISTICS LTD,"FLAT 388 COVENTRY ROAD, SMALL HEATH",BIRMINGHAM,B100UF
C02082,ACCESS AND DOCK LTD,"ACCESS AND DOCK LTD OFFICE 1, IZABELLA HOUSE, 24-26 REGENT PLACE, CITY CENTRE",BIRMINGHAM,B1 3NJ
C02083,ARNOLD IT CONSULTANCY LTD,"2 MALVERN ROAD, ACOCKS GREEN",BIRMINGHAM,B27 6EH
C02084,AK TRAVEL SERVICE LTD,212 WASHWOOD HEATH ROAD,BIRMINGHAM,B81RQ
C02085,BANANA FRITTERS LTD,"C/O STR84WARD ACCOUNTING LIMITED, LEWIS BUILDING, 35 BULL STREET",BIRMINGHAM,B4 6EQ
C02086,THE SAFE PHONE LTD,3 ARCHWAY,MANCHESTER,M15 5QJ
C02087,ANDREWS CONTINENTAL DELICACIES LIMITED,2/4 MUSLIN STREET,MANCHESTER,M5 4NF
C02088,BRIMCO COATING SERVICES LTD,49 PORTRUSH RD,MANCHESTER,M22 5NG
C02089,ABT SERVICES INTERNATIONAL LIMITED,1 CHAMBERLAIN SQUARE CS,BIRMINGHAM,B3 3AX
C02090,ASSESSORS DIRECT,"369 HAGLEY ROAD WEST, QUINTON",BIRMINGHAM,B32 2AL
C02091,BARLOWS CHILDCARE PROPERTIES HOLDINGS LIMITED,"THE COPPER ROOM DEVA CITY OFFICE PARK, TRINITY WAY",MANCHESTER,M3 7SG
C02092,BRAYAN TCHOUMY,61 AUSTELL ROAD,MANCHESTER,M22 0NG
C02093,AKHTAR AND ASSCOIATES,2B ALDERMARY RD,MANCHESTER,M21 7QN
C02094,ALBERTROSTON INVESTMENTS LIMITED,"79 WINDSOR ROAD, PRESTWICH",MANCHESTER,M25 0DB
C02095,GORSI FOODS,61 RICHMOND ROAD,BIRMINGHAM,B33 8TL
C02096,BARRIER BASE LTD,"104 MIDDLEMORE INDUSTRIAL ESTATE, MIDDLEMORE RD",BIRMINGHAM,B66 2EP
C02097,AYK MEATS,63 KINGSWAY,MANCHESTER,M19 2LL
C02098,BAY EDUCATION CENTRE LTD,10 GROVE HILL ROAD,BIRMINGHAM,B21 9PA
C02099,AL FAKHAMA FOR FABRICS AND LEATHER,UNIT 7 INITIAL BUSINESS CENTRE,MANCHESTER,M40 8WN
C02100,BREK CAPITAL,OFFICE 1.12,MANCHESTER,M4 6LZ
C02101,ABERDEEN FRASER NOMIENES 1,1ST FLOOR RICO HOUSE GEORGE STREET,MANCHESTER,M25 9WS
C02102,ALBERT ESTATES LTD,"GROUND FLOOR, 47 BURY NEW ROAD, PRESTWICH",MANCHESTER,M25 9JY
C02103,WILD OYSTER CONSULTING,"(GROUND FLOOR) NEW STREET, ERDINGTON 13",BIRMINGHAM,B23 6SD
C02104,PN ESTATES,"165 MINSTEAD ROAD, ERDINGTON",BIRMINGHAM,B24 8PR
C02105,A1 SERVICE STATION LIMITED,"63 COLE BANK ROAD, HALL GREEN",BIRMINGHAM,B28 8EZ
C02106,ALVI ASSET MANAGEMENT UK LTD,"UNIT 18 WHITWORTH INDUSTRIAL ESTATE, TILTON ROAD",BIRMINGHAM,B9 4PP
C02107,AIHOME INTERIORS LTD,33 SOUTHDOWN CRESCENT,MANCHESTER,M9 7DQ
C02108,BAIG HEALTH LTD,249 CHURCH LANE,MANCHESTER,M9 4PA
C02109,BRIT RETAIL,2 DUNKERLEYS CLOSE,,M8 9EH
C02110,AUTOMOTIVE CENTRAL,82 EDENBRIDGE RD,BIRMINGHAM,B28 8PR
C02111,BEAR SKILLS TRAINING,"31 BIRCHWOOD ROAD, BIRCHWOOD ROAD",BIRMINGHAM,B12 8TP
C02112,AK TRAVEL SERVICE SHARPE LTD,7 MONACO DRIVE,BIRMINGHAM,B8 1RQ
C02113,A & M PROPERTY CARE LTD,32 COLBRAND GROVE,BIRMINGHAM,B15 2BB
C02114,ACADEMIC ENRICHMENT LEARNING LTD,"5 GEORGE ROAD, EDGBASTON",BIRMINGHAM,B15 1NP
C02115,ALPEC BIOX LTD,146 WELLINGTON STREET,MANCHESTER,M1 1UH
C02116,AUTO KEY CARE LTD,"SUITE 5, THE CLOISTERS 12 GEORGE ROAD, EDGBASTON",BIRMINGHAM,B15 1NP
C02117,AL FAEZOUN SCHOOL LTD,18 ANGLESIDE AVENUE,MANCHESTER,M19 1NU
C02118,TUNING SNOOZE LTD,23 RADIUM STREET,MANCHESTER,M4 6AY
C02119,BNB+CONSTRUCTION LTD,59 BROOMHALL RD,MANCHESTER,M9 8PB
C02120,ATLANTIS TRANSLATE LINE LTD,"497A STRATFORD ROAD, SPARKHILL",BIRMINGHAM,B11 4LE
C02121,BRICKTOWER BRASIL LIMITED,370A DUDLEY ROAD,BIRMINGHAM,B18 4HH
C02122,APEX CE SPECIALISTS LIMITED,"NO 360 125 DEANSGATE, 125 DEANSGATE",MANCHESTER,M3 2BY
C02123,DRIVE ANIMEX LTD,56 TARRY ROAD,MANCHESTER,M3 8NQ
C02124,AVOCADO DESIGN COMMUNICATIONS LIMITED,"UNIT 1 AVOCADO COURT COMMERCE WAY, TRAFFORD PARK",MANCHESTER,M17 1HW
C02125,BROOK LANE COFFEE CO CONGLETON,91 PRINCESS STREET,MANCHESTER,M1 4HT
C02126,ANSARI TRADING GROUP,"UNIT 5, 2-4 BRADSTONE ROAD",MANCHESTER,M8 8WA
C02127,BRIGHT WHISPER,7 CHATFIELD ROAD,MANCHESTER,M21 8UR
C02128,BLUE HORSE PVT,283 HAMSTEAD ROAD,BIRMINGHAM,B43 5TA
C02129,ROAN BUILDING SOLUTIONS,"11TH FLOOR, TWO SNOWHILL",BIRMINGHAM,B4 6WR
C02130,AS AURA HOLDINGS LJD,"1A GREENFIELD CRESCENT, HHM OFFICE",BIRMINGHAM,B15 3BE
C02131,BEYOND PERMANENT,"80 ASHTON ROAD, DENTON",MANCHESTER,M343JF
C02132,BIG BUCKS LIMITED,"UNIT 7 INITIAL BUSINESS CENTER, WILSON BUSINESS PARK",MANCHESTER,M40 8WN
C02133,AGS INVESTMENTS 2 LIMITED,"NO 1, MARSDEN STREET",MANCHESTER,M2 1HW
C02134,BETHESDA GROUP,70 WATERHOUSES STREET,MANCHESTER,M34 5UQ
C02135,BOLT TRADING AJK LTD,"84 EDWARD ROAD, BALSALL HEATH",MANCHESTER,M16 7WD
C02136,AL HALAL HOLDINGS LIMTIED,"360 COVENTRY ROAD, SMALL HEATH",BIRMINGHAM,B10 0XE
C02137,AKHRI SOMALI,68 STUD LANE,BIRMINGHAM,B33 9EX
C02138,ARX AURUM,16 - 18 MARY ST,MANCHESTER,M3 1NH
C02139,234 FOG LANE,139 WILBRAHAM ROAD,MANCHESTER,M14 7DS
C02140,BERKLEY HEATH,2 REDSTONE ROAD,MANCHESTER,M19 1RB
C02141,AUSTIN UNITED LTD,"UNIT J AUSTIN WAY, HAMPSTEAD INDUSTRIAL ESTATE",BIRMINGHAM,B42 1DU
C02142,AZK ECOMMERCE LTD,"40 KIRKFELL DRIVE, MIDDLETON",MANCHESTER,M24 5AP
C02143,AA ADAMS PROPERTY INVESTMENT,9-11 VITTORIA STREET,BIRMINGHAM,B1 3ND
C02144,GROMASEASON LTD,"8.02 THE SOUTHSIDE BUILDING, 31 HURST ST",BIRMINGHAM,B5 4BD
C02145,BALAGAN ESTATES LTD,"BALAGAN ESTATES LTD C/O TAXLITE OFFICE, 6 SOHO RD",BIRMINGHAM,B21 9BH
C02146,AMPIH,1 TOFT ROAD,MANCHESTER,M18 7TY
C02147,A&M AUTO INSTALLATION,166-188 SION STREET,MANCHESTER,M26 3SB
C02148,ARB COMMERCIAL HOLDINGS LTD,JORDAN ST,MANCHESTER,M15 4PY
C02149,ASOKE,UPPER MARSHALL STREET,BIRMINGHAM,B1 1LA
C02150,NDREW GIDNEY LIMITED,"GROUND FLOOR, 35 NEWHALL STREET",BIRMINGHAM,B3 3PU
C02151,BEACONSFIELD REAL ESTATE LIMITED,"47-49 KING STREET, KING STREET",MANCHESTER,M2 7AY
C02152,A2 STARSHINE LTD,5 WEAVING WAY,MANCHESTER,M18 7SX
C02153,BAKERS AUTOMOTIVES LTD,"428 STOCKFIELD ROAD, YARDLEY",BIRMINGHAM,B25 8JJ
C02154,96 SOUTHSIDE,61 GREEN MEADOW ROAD,BIRMINGHAM,B29 4DD
C02155,ABBIEJOE,"DIRECTOR'S OFFICE NO.353, UNIT 7 WILSONS BUSINESS PARK",MANCHESTER,M40 8WN
C02156,BELLEGROVE ROAD (2017) LTD,"2ND FLOOR PARKGATES BURY NEW ROAD, PRESTWICH",MANCHESTER,M25 0TL
C02157,AT-TARIQ ACCOUNTANCY SERVICES LIMITED,"95 ROBIN HOOD LANE, HALL GREEN",BIRMINGHAM,B28 0JF
C02158,AZIZ & BEGUM PROPERTIES LIMITED,30 HAWTHORN CLOSE,BIRMINGHAM,B94JF
C02159,ALBIE ALES LTD,4 BROOKCOT ROAD,MANCHESTER,M23 1DU
C02160,ADVIK TECHNOLOGIES,"61 WATER STREET, JEWELLERY QUARTER",BIRMINGHAM,B3 1HN
C02161,BRINOZA,17 LEXTON AVENUE,MANCHESTER,M8 4GD
C02162,BROAD COURT PROPERTY MANAGEMENT LIMITED,"496-498  BRISTOL ROAD, SELLY OAK",BIRMINGHAM,B29 6BD
C02163,BRAINENTRAIN,6 AUSTIN DRIVE,MANCHESTER,M20 6EG
C02164,A K OPTICS,"92 EDGE LANE, STRETFORD",MANCHESTER,M32 8PX
C02165,BELLMAN PAINMING,"100 LIVERPOOL ROAD, CADISHEAD",MANCHESTER,M44 5AN
C02166,ASH CLOTHING UK LTD,8 WARREN CLOSE,MANCHESTER,M34 2DT
C02167,BROOKVILLE INVESTMENTS LTD,"DIGBETH COURT 162-164 HIGH STREET, DERITEND",BIRMINGHAM,B12 0LD
C02168,ASIA COMBO HOLDINGS LIMITED,72 LOMBARD STREET,BIRMINGHAM,B12 0QR
C02169,A PULS ACADEMY DIDSBURY LTD,1 QUEENSWAY,MANCHESTER,M19 1QP
C02170,AYMI SOCIALS HOLDINGS LTD,"253 MONTON ROAD, ECCLES",MANCHESTER,M30 9PS
C02171,DINING ASHLEA LIMITED,40 CHESTERTON ROAD,MANCHESTER,M23 9LB
C02172,A KUMAR PROPERTIES,"1 HARDMAN STREET, SPINNINGFIELDS",MANCHESTER,M3 3HF
C02173,BLUE RIDGE PROPERTY DEVELOPMENTS LIMITED,37 WHITMORE RD,BIRMINGHAM,B10 0NR
C02174,ADDLINGTON-WEST GROUP LTD,"THE ATRIUM GROUND FLOOR,, 18 - 20 FREDERICK STREET",BIRMINGHAM,B1 3HE
C02175,BALCAP,"ROOM 1 FIRST FLOOR 377 BURY OLD ROAD, PRESTWICH",MANCHESTER,M25 1QA
C02176,ANIKAY LOGISTICS & DELIVERY SERVICES LTD,67 BROWNFIELD ROAD,BIRMINGHAM,B34 7HT
C02177,ARW GATES LIMITED,"BRULIMAR HOUSE JUBILEE ROAD, MIDDLETON",MANCHESTER,M24 2LX
C02178,AM DENT HEALTHCARE SERVICES,"AMS ACCOUNTANTS MEDICAL LIMITED 1 HARDMAN STREET, SPINNINGFIELDS",MANCHESTER,M3 3HF
C02179,ABBOTT PROPERTY RENTALS LTD,96 WYTHENSHAWE ROAD,MANCHESTER,M23 0PA
C02180,ASTONMART LIMITED,32 WARDEND ROAD,BIRMINGHAM,B82QT
C02181,BETR RESIDENTIAL INVESTMENTS,STREET PAULS HOUSE,BIRMINGHAM,B3 1RB
C02182,BLACK LION COLLECTIVE LTD,93 WOOLMORE ROAD,BIRMINGHAM,B23 7ED
C02183,AP STATIONARY SUPPLIES LIMITED,"238 - 240, LIVERPOOL ROAD ECCLES",MANCHESTER,M30 0SD
C02184,BELFAST CITYSIDE NOMINEES 1 LIMITED,"1ST FLOOR RICO HOUSE GEORGE STREET, PRESTWICH",MANCHESTER,M25 9WS
C02185,BETR RESIDENTIAL INVESTMENTS,"ST PAULS HOUSE, 23 ST PAULS SQUARE",BIRMINGHAM,B3 1RB
C02186,BODORGAN HOMES GROUNDS MANAGEMENT COMPANY LIMITED,"SAVILLS, 55 COLMORE ROW",BIRMINGHAM,B3 2AA
C02187,BMG HAULAGE,"651A MAULDETH ROAD WEST, CHORLTON",,M21 7SA
C02188,AHUJAS & FAMILY LTD,104 STOCKPORT ROAD,MANCHESTER,M13 9DZ
C02189,ALPHA MALE,C/O SCCS,MANCHESTER,M40 8WN
C02190,A&P HOLDINGS NW LTD,2 HOLLAND ROAD,MANCHESTER,M8 4NP
C02191,A E WEDDING PHOTOGRAPHY LTD,"154 MAY LANE, KINGS HEATH",BIRMINGHAM,B14 4AG
C02192,BLUEBIRD GOLF CENTRE LTD,"63 CLOUGH FOLD, RADCLIFFE",MANCHESTER,M26 1GZ
C02193,BLN.NO.1 PROPERTIES LTD,"252 LUMB LANE, DROYLSDEN",MANCHESTER,M43 7LG
C02194,BILLIONAIRE BARBERS,34 STAMFORD NEW ROAD,MANCHESTER,WA14 1EJ
C02195,AEE GROUR,"81 STONEY LANE, BALSALL HEATH",BIRMINGHAM,B12 8EQ
C02196,BROOK PHILLIPS LIMITED,"INITIAL BUSINESS CENTER, WILSON BUSINESS PARK UNIT 7",MANCHESTER,M40 8WN
C02197,ARAMKAO LTD,"8 OAK AVENUE, MIDDLETON",MANCHESTER,M24 1DS
C02198,BELLS BUILDING AND PLUMBING SERVICES LTD,53 PACKINGTON AVENUE,BIRMINGHAM,B34 7PB
C02199,AS HOLDINGS OF LEEDS,53 FLOYD AVENUE,MANCHESTER,M21 7WG
C02200,RAWE PROPERTIES,36 HARDY LANE,MANCHESTER,M21 7LA
C02201,BAKAN GIZO UK,"DYNASTY HOUSE, KAY ST",,M11 2DX
C02202,AZURE CONSULTANCY SERVICES LTD,25 MIDFORD GROVE,BIRMINGHAM,B15 2DT
C02203,GG-861-398,43 ASHFIELD DRIVE,MANCHESTER,M40 1WJ
C02204,ABUGHABUSH FOR TRADING,"UNIT 7 INITIAL BUSINESS CENTRE, WILSON BUSINESS PARK",MANCHESTER,M40 8WN
C02205,DALAT SEVICES,"1 HARDMAN STREET, SPINNINGFIELDS",MANCHESTER,M3 3HF
C02206,AALIYAH,"816 816 CARDIGAN WHARF, 3 PITT ST",BIRMINGHAM,B4 7FL
C02207,BANANA ENTERPRISE LTD,"14 REEDLEY DRIVE, WORSLEY",MANCHESTER,M28 7XR
C02208,AFFORD IT LTD,"20, SWAN BUILDING, SWAN ST",MANCHESTER,M4 5JW
C02209,ALNAFAD INTERNATIONAL FOR INVESTMENT LTD,UNIT 7 INITIAL BUSINESS CENTRE,MANCHESTER,M40 8WN
C02210,AGILE PLANNING LTD,26 ASHOVER AVENUE,MANCHESTER,M12 5FW
C02211,BNZ 1,280-282 CHURCH ROAD,BIRMINGHAM,B26 3YH
C02212,BK BOXING LIMITED,"275 KINGS ROAD, CHORLTON CUM HARDY",MANCHESTER,M21 0XG
C02213,ACE ESTATEJ,133 TAME ROAD,,B6 7DG
C02214,WHOLESALES AELOWYN LIMITED,ONE ST PETER'S SQUARE,MANCHESTER,M2 3DE
C02215,MADEEHA OPTICS LTD,"654 ALUM ROCK ROAD, WARD END",BIRMINGHAM,B8 3NS
C02216,BAKESBYCH LTD,9 DELTA ROAD,MANCHESTER,M34 5HR
C02217,ALFA REAL ESTATE,"UNIT 4, MARLIN OFFIE VILLAGE, 1250 CHESTER ROAD",BIRMINGHAM,B357AZ
C02218,AA SPORTS ZONE LTD,FLAT 6 25 WOLSELEY STREET,BIRMINGHAM,B9 4NW
C02219,ADL EXECUTIVE CARS,UNIT 66 TOUCHET HALL ROAD,MANCHESTER,M24 2FL
C02220,AOQA CONSULTANCY LTD,"2 DUDLEY ROAD, SWINTON",MANCHESTER,M27 6SE
C02221,AKCROS ACQUISITION LIMITED,"LANKRO WAY LANKRO WAY, ECCLES",MANCHESTER,M30 0LX
C02222,BROOKE HOUSE SEARCH & SELECT LTD.,"10 VYSE STREET, HOCKLEY",BIRMINGHAM,B18 6LT
C02223,ASPIRE HOMES GROUP,"147 BURY OLD ROAD, SALFORD",MANCHESTER,M7 4QH
C02224,ANDAROS HOLDINGS,"3RD FLOOR, 12 HILTON ST",MANCHESTER,M1 1JF
C02225,BRICKFIELD PROPERTIES GROUP,"38 CITY VIEW, ERDINGTON",BIRMINGHAM,B23 6GP
C02226,BOUIRIGUE GLOBAL SERVICES,"SUITE 3.16 UNIVERSAL SQUARE, BUSINESS CENTRE",MANCHESTER,M12 6JH
C02227,ANGELCARESERVICESUK LTD,"WILSONS PARK, MONSALL RD UNIT 7,",MANCHESTER,M40 8WN
C02228,BROUGHTON SH,"UNIT 2 HYTECH INDUSTRIAL PARK,, PEEL LANE, CHEETHAM HILL",MANCHESTER,M8 8RJ
C02229,3RD EYE BOOKKEEPING AND PAYROLL LTD,"MEADOWBROOK MILLER STREET, RADCLIFFE",MANCHESTER,M26 4JG
C02230,BRONSON HOLDINGS AKAAL LIMITED,23 TIXALL ROAD,MANCHESTER,M22 5TG
C02231,ALWAYS FINESSING RECORDS LIMITED,"94 MOSS PARK ROAD, STRETFORD",MANCHESTER,M32 9HQ
C02232,ABODE FSS,"10 DERWENT CLOSE, DENTON",MANCHESTER,M34 2FW
C02233,APPLETREE BUSINESS SUPPORT MARKETING LTD,22 LINCOMBE ROAD,BIRMINGHAM,B45 8NZ
C02234,ARIEL ARTIFICIAL INTELLIGENCE LTD,10 RAINTON WALK,MANCHESTER,M40 0FR
C02235,ANDINN LTD,"1 ST. PETERS SQUARE, ANDINN LTD @WEWORK",MANCHESTER,M2 3DE
C02236,8VIO HOME,10 PARK PLACE,MANCHESTER,M4 4EY
C02237,AGITO MEDICAL BISMI LIMITED,"7 NORTHMOOR RD, LONGSIGHT",BIRMINGHAM,B37 7YB
C02238,AERO CORP LTD,61 PRESTBURY AVENUE,MANCHESTER,M26 5ND
C02239,PROPERTYRUN TESTING LIMITED,"111 RICO HOUSE GEORGE STREET, PRESTWICH",MANCHESTER,M25 9DS
C02240,ARCTIC ELECTRICAL,41 TEMPLEFIELD GARDENS,BIRMINGHAM,B9 4NY
C02241,ARM ENGINEERING NW,28/30 WILBRAHAM ROAD,MANCHESTER,M14 7DW
C02242,BLACK CAT BUILDING CONSULTANCY,"5TH FLOOR, ONE ST JAMES' SQUARE",MANCHESTER,M2 6DN
C02243,ANGEL NAILS 1AE LIMITED,100-104 BRISTOL ST,BIRMINGHAM,B5 7AH
C02244,BRCH & SONS CARPENTRY,130 LANCHESTER WAY,BIRMINGHAM,B36 9LE
C02245,A & D ACCOUNTING LTD,"OFFICE 1.16 BRISTOL ROAD SOUTH, REDNAL",BIRMINGHAM,B45 9JH
C02246,6A PROPERTIES LTD,122 SLADE LANE,MANCHESTER,M19 2AL
C02247,BEST TRADING (GM),"SURE SELF STORAGE,, 772-776 CHESTER ROAD",MANCHESTER,M32 0GA
C02248,BOUDICCA ESTATES LTD,12 MILLWAY WALK,MANCHESTER,M40 1JZ
C02249,BROOKLANDS COURT MANAGEMENT COMPANY (MANCHESTER) LIMITED,"RICO HOUSE GEORGE STREET, PRESTWICH",MANCHESTER,M25 9WS
C02250,BESTWAY PANACEA HOLDINGS LIMITED,"MERCHANTS WAREHOUSE CASTLE STREET, CASTLEFIELD",MANCHESTER,M3 4LZ
C02251,BROOKLYN NEWS,3 BIRDBROOK ROAD,BIRMINGHAM,B44 8RA
C02252,AMG CIVILS LIMITED,"THE COTTAGE MONWODE  LEA LANE, OVER WHITACRE",,B46 2NP
C02253,APEX SOLUTIONS MIDLANDS LIMITED,"KINGSNORTH HOUSE, BLENHEIM WAY",BIRMINGHAM,B44 8LS
C02254,BARRYS FURNITURE LIMITED,"349 BURY OLD ROAD, PRESTWICH",MANCHESTER,M25 1PY
C02255,ADELINE SEARCH LTD,20 FIRST FLOOR,MANCHESTER,M4 5JW
C02256,BETTER CONNECTIONS (DEVELOPMENTS) LIMITED,"BLACK HORSE CHAMBERS 231 ELLIOTT STREET, TYLDESLEY",MANCHESTER,M29 8DG
C02257,BASE PVT,4 MORNA WALK,MANCHESTER,M12 6WP
C02258,ALI PROPERTIES MIDLANDS,1659 STRATFORD ROAD,BIRMINGHAM,B28 9JB
C02259,AY UK ENTERPRISES LOGIC LIMITED,"75 CORKERS HOUSE, 1A CHAIN ROAD",BIRMINGHAM,B19 1AG
C02260,BIGHOPE UK,"SUITE 46-47, FIFTH FLOOR THE WHITEHOUSE, 111 NEW ST",BIRMINGHAM,B2 4EU
C02261,BIG UP TV,LILLIAN ST,MANCHESTER,M16 9QD
C02262,AUTO GTI,"GROSVENOR HOUSE, 658 CHESTER ROAD",BIRMINGHAM,B23 5TE
C02263,BRANDOVATION UK,11 KING STREET,MANCHESTER,M26 1ND
C02264,AFFABLE HOME & OFFICE CLEANING SERVICES,12,MANCHESTER,M40 3AX
C02265,AZAL MEDICAL LTD,"1406 COVENTRY ROAD, YARDLEY",BIRMINGHAM,B25 8AE
C02266,ANANTTAMBE.COM LIMITED,5 QUAYSIDE CLOSE,MANCHESTER,M28 1YB
C02267,A.L. PRINT,137-139 STRATFORD RD,BIRMINGHAM,B11 1RD
C02268,BLACKHAWK PROPERTIES LIMITED,"IVY MILL CROWN STREET, FAILSWORTH",MANCHESTER,M35 9BG
C02269,AESTHETICS BY CHARLIE EMILY LTD,106-108 REDDISH LANE,MANCHESTER,M18 7JL
C02270,APEX EDGE INVESTMENT LIMITED,"UNIT 10A, MONSALL ROAD",MANCHESTER,M40 8WN
C02271,BAY OPHTHALMIC,J W HINKS 19 HIGHFIELD ROAD,BIRMINGHAM,B15 3BH
C02272,AL'CHEMIST HEALTHCARE,30 TYTHERINGTON DRIVE,MANCHESTER,M19 3TD
C02273,ENERGY AID ECO LTD,"GREAT BARR BUSINESS PARK BALTIMORE ROAD, GREAT BARR UNIT 4,",BIRMINGHAM,B42 1DY
C02274,AUREUM ACCESS LTD,"FLAT C2307 NORTH TOWER, 9 OWEN STREET",MANCHESTER,M15 4UL
C02275,AMAZING SOUTHSIDE LIMITED,"GREGS BUILDINGS, 1 BOOTH STREET",MANCHESTER,M2 4RD
C02276,ASIM RIAZ LEGAL SERVICES LIMITED,"156 SPRINGFIELD ROAD, KINGS HEATH",BIRMINGHAM,B14 7DU
C02277,AIGO DIGITAL,"NF17 ARNDALE NEW MARKET, 49 HIGH STREET",MANCHESTER,M4 3AH
C02278,AA HOUSING GROUP LTD,"C/O RUS & CO, 1192 STRATFORD ROAD, HALL GREEN",BIRMINGHAM,B28 8AB
C02279,ASH CYBER SECURITY LTD,"931 BRISTOL ROAD, SELLY OAK",BIRMINGHAM,B29 6ND
C02280,AECMS LTD,BARTLE HOUSE,MANCHESTER,M2 3WQ
C02281,HOMEOPATHY BRIMSTONE LTD,187 HEATHCOTE ROAD,MANCHESTER,M25 3EN
C02282,BEAUTY BIOLOGY LTD,162-194 BISHOP STREET,BIRMINGHAM,B5 7EJ
C02283,AI ENERGIE X LIMITED,15 COURT OAK ROAD,BIRMINGHAM,B17 9TH
C02284,ALBION STREET DEVELOPMENTS LIMITED,"HARPAL HOUSE 14 HOLYHEAD ROAD, HANDSWORTH",BIRMINGHAM,B21 0LT
C02285,AIMANS FASHIONS,34 LYTTON AVENUE,MANCHESTER,M8 0SQ
C02286,BIG BAD INVESTMENTS,3 VICTORIA PARADE,MANCHESTER,M41 9BP
C02287,ENN CLEAN ENERGY UK LIMITED,"STATION ROAD, COLESHILL",BIRMINGHAM,B46 1JY
C02288,ALAP,"PICCADILLY BUSINESS CENTRE UNIT C ALDOW ENTERPRISE PARK, BLACKETT ST",MANCHESTER,M12 6AE
C02289,B AND N,"THE BREEZE BARTLE HOUSE, 9 OXFORD COURT",MANCHESTER,M23WQ
C02290,AMS MIDCO 1 LTD,"1 HARDMAN STREET, SPINNINGFIELDS",MANCHESTER,M3 3HF
C02291,AS FOAMS,"GATE 2, UNIT B-12, LORD NORTH STREET",MANCHESTER,M40 8AD
C02292,ATMOSPHERE PROPERTY LETTING LTD,"117 CENTRAL ROAD, PARTINGTON",MANCHESTER,M31 4EQ
C02293,ABB RIVERSIDE,"FIRST FLOOR, HAGLEY COURT, 40 VICARAGE ROAD, EDGBASTON",BIRMINGHAM,B15 3EZ
C02294,BLBCKCAT COMMS,"58 ASHVILLE AVENUE, CASTLE BROMWICH",BIRMINGHAM,B34 6LH
C02295,A&O ONE STOP LIMITED,"111 TAYLOR LANE, DENTON",MANCHESTER,M34 3WQ
C02296,ABSOLUTE ROOFING SOLUTIONS,"JUBILEE WORKS GORSEY LANE, COLESHILL",BIRMINGHAM,B46 1JU
C02297,AJ NORTHWEST LTD,"UNIT C, BLACKETT ST",MANCHESTER,M12 6AE
C02298,AK BUSINESS SERVICES LIMITED,295A BIRCHFIELD RD,BIRMINGHAM,B20 3BX
C02299,BELLO WEAR,"1 SPRINGFIELD APARTMENTS, HEAP STREET",MANCHESTER,M26 2SS
C02300,A@MD SERVICES LTD,"FLAT 1, 67, REYLAND ROAD",BIRMINGHAM,B24 8JJ
C02301,ADVANCED MARKET SYSTEM LIMITED,FIRST FLOOR,BIRMINGHAM,B17 9AE
C02302,APHAROZA LIMITED,"CHATSWORTH HOUSE, 19 LEVER STREET",,M1 1AN
C02303,AFG DRIED FRUIT & NUTS,"UNIT 8 CAMP LANE, HANDSWORTH",BIRMINGHAM,B21 8JF
C02304,BWP BIO SOILS,ONE ST PETER'S SQUARE,MANCHESTER,M2 3DE
C02305,BARLOW HOUSE (PHASE 1) MANAGEMENT COMPANY LIMITED,WOODBARN FARM TWELVE YARDS ROAD,MANCHESTER,M44 5LY
C02306,ALIAAN PROPERTY MANAGEMENT,"29 GEORGE STREET SOUTH, SALFORD",MANCHESTER,M7 4PN
C02307,BOB RETAIL LTD,"26 HULTON STREET, FAILSWORTH",MANCHESTER,M35 0AZ
C02308,CASTLEGATE 752,"LIFFORD HALL LIFFORD LANE, KINGS NORTON",BIRMINGHAM,B30 3JN
C02309,BRAVENTO COMMERCE,8 PARKFIELD AVENUE,MANCHESTER,M14 4HL
C02310,ACORN MED,272 MANCHESTER ROAD,MANCHESTER,M43 6PW
C02311,ASSURED CHOICE LTD,"4TH FLOOR CARDINAL HOUSE, 20 ST. MARYS PARSONAGE",MANCHESTER,M3 2LY
C02312,ABSHIR FARH,414 MOSELEY ROAD,BIRMINGHAM,B12 9AT
C02313,ATLAS SHAWARMA,3 CAVENDISH TERRACE,MANCHESTER,M21 0UA
C02314,APEX OIL RECYCLING UK LIMITED,908 ALUM ROCK ROAD,BIRMINGHAM,B8 2LU
C02315,K W VENTURES LIMITED,"COLMORE GATE, 2 COLMORE ROW",BIRMINGHAM,B3 2BN
C02316,CORP AFSAR LIMITED,"41A ASPINALL CRESCENT, WORSLEY",MANCHESTER,M28 0JF
C02317,HAPPY LEMON LONDON LTI,"SUITE 1, 5TH FLOOR THE SOUTHSIDE BUILDING, 31, HURST STREET",BIRMINGHAM,B5 4BD
C02318,BRIAN'S PROPERTY SOLUTIONS LTD,245 CHURCH ROAD,MANCHESTER,M41 6EP
C02319,BARONS MANOR PARK CLASSICS,PETER STREET,MANCHESTER,M2 5GP
C02320,A.M.S. (ACCESS MORTGAGE SOLUTIONS) LIMITED,"CHANTRY HOUSE HIGH STREET, COLESHILL",BIRMINGHAM,B46 3BP
C02321,A8I8.BUILDING,8 BRYNORME RD,MANCHESTER,M8 4QN
C02322,ARSHAD KHAN LTD,90 STECHFORD LANE,BIRMINGHAM,B8 2AN
C02323,BOOKING SERVICES INTERNATIONAL LIMITED,"4TH FLOOR, CHURCHGATE HOUSE,, 56, OXFORD STREET",MANCHESTER,M1 6EU
C02324,ASTON DESSERTS LTD,255 WITTON ROAD,,B6 6NU
C02325,AD CLOTHING,"22 CRICKET STREET, DENTON",MANCHESTER,M34 3DR
C02326,FABRIC AARNAV LIMITED,"80 DENISE DRIVE, HARBORNE",BIRMINGHAM,B23 8WZ
C02327,BLUNDELL'S WOOD MANAGEMENT COMPANY LIMITED,"VENUS BUILDING 1 OLD PARK LANE, TRAFFORDCITY",MANCHESTER,M41 7HA
C02328,ALEX-CRISTINA TRANSPORT LTD,122 HAMILTON ROAD,BIRMINGHAM,B21 8AB
C02329,BROAD INFRASTRUCTURE LIMITED,YORK STREET,MANCHESTER,M2 2AW
C02330,A S DINER,"262E CHESTER ROAD, CASTLE BROMWICH",BIRMINGHAM,B360JE
C02331,AIRPLUS TRAVELS,BORDESLEY GREEN 253,BIRMINGHAM,B9 5EX
C02332,AG7 CONSTRUCT,26 HADDINGTON DRIVE,MANCHESTER,M96LR
C02333,ALESEC LTD,209 MAINE RD,MANCHESTER,M14 7WQ
C02334,AEDIFEX RESTORATION,"14 CORKERS HOUSE, 1A CHAIN ROAD",MANCHESTER,M9 6AJ
C02335,AAY ESS PROPS LIMITED,"ALBANY HOUSE, 9 GIBSON ROAD",BIRMINGHAM,B20 3UE
C02336,BRIMSTONE PYROTECHNICS LIMITED,"RIVERSIDE WORKS, COLLYHURST ROAD",MANCHESTER,M40 7RU
C02337,ACCORDIA TRACK & HIRE,382 KINGSWAY,MANCHESTER,M19 1PL
C02338,BEECH HANDSCAPES LTD,11 WESTGATE,MANCHESTER,M419EL
C02339,ARLO HUXLEY,3 MALLORY WALK,MANCHESTER,M23 9ED
C02340,BLACTIE SUPPLY,84 GRANVILLE ST,BIRMINGHAM,B1 1JW
C02341,AITOOLVERSE,"OFFICE 15761 INITIAL BUSINESS CENTRE, UNIT 7 WILSON BUSINESS PARK",MANCHESTER,M40 8WN
C02342,ARIF LOGISTICS,"15 MIDDLE LEASOW, QUINTON",BIRMINGHAM,B32 1SN
C02343,A&B AIR CONDITIONING LIMITED,"8 LOWOOD AVENUE, URMSTON",MANCHESTER,M41 8GD
C02344,VAN INNOVATION LIMITED,75 ST. CLEMENTS ROAD,MANCHESTER,M4 6WJ
C02345,ASHTON & WILSON DEVELOPMENTS,"116 YARDLEY ROAD, ACOCKS GREEN",BIRMINGHAM,B27 6LG
C02346,BOX-PREP FULFILMENT LTD,111 NEWLANDS RD,BIRMINGHAM,B30 2RL
C02347,ASHALL'S COACHES,11 FROXMER STREET,MANCHESTER,M18 8EF
C02348,ACTUAL CARE SERVICES LTD,"NUVO HOUSE BUSINESS CENTRE AUSTIN WAY, HAMSTEAD INDUSTRIAL ESTATE",BIRMINGHAM,B42 1DU
C02349,BIDZNESS,231 HEALD PLACE,MANCHESTER,M14 5NJ
C02350,AUXILIO HOUSING,"45-47 RICHMOND ROAD, OLTON, SOLIHULL",BIRMINGHAM,B92 7RP
C02351,AIH TRADING,"INITIAL BUSINESS CENTRE, WILSON BUSINESS PARK",MANCHESTER,M40 8WN
C02352,ANDERSEN JAMES US LIMITED,"TOWER 12, PT FLOOR 9, 18-22 BRIDGE ST",MANCHESTER,M3 3BZ
C02353,BOLTON REALTY LIMITED,"1ST FLOOR, CLOISTER HOUSE, NEW BAILEY STREET",MANCHESTER,M3 5FS
C02354,BE YOUR CHERISH CO LTD,"SUITE RO, MORGAN REACH HOUSE, 136 HAGLEY ROAD",BIRMINGHAM,B16 9NX
C02355,360 TRADING,"1ST FLOOR CLOISTER HOUSE, RIVERSIDE, NEW BAILEY STREET",MANCHESTER,M3 5FS
C02356,BOPARAN HOLDCO LIMITED,"BOPARAN SUPPORT CENTRE PORTLAND HOUSE,, BICKENHILL LANE",BIRMINGHAM,B37 7UR
C02357,AERO ENGINEERING LIMITED,"16 ST. HILDAS VIEW, AUDENSHAW",MANCHESTER,M34 5JJ
C02358,ARWCARSALESMCR LTD,VAUGHAN RD,MANCHESTER,M21 0ZL
C02359,AURORA BOREALIS,"3 RED CLIFF APARTMENTS 10-14 WATER STREET, RADCLIFFE",MANCHESTER,M26 4TW
C02360,BAELS KNS LTD,1 CAKEBREAD STREET,MANCHESTER,M12 6HF
C02361,AFRICA FOOD FOREVER LTD,BAMFORD STREET,MANCHESTER,M11 4FE
C02362,7 BROTHERS & CO (NW),139 WILBRAHAM ROAD,MANCHESTER,M14 7DS
C02363,ASHDEE LIMITED,"UNIVERSAL SQUARE BUILDING 5, 5TH FLOOR, DEVONSHIRE ST NORTH",MANCHESTER,M12 6JH
C02364,ABBEY BAY CRUSHING & DEMOLITION LTD,"PARKGATES BURY NEW ROAD, PRESTWICH",MANCHESTER,M25 0JW
C02365,ABTRIO,"69 MARKET STREET, DROYLSDEN",MANCHESTER,M43 6DQ
C02366,ARMSTRONG QUAY FREEHOLD (LIVERPOOL) LIMITED,10 JAMES NASMYTH WAY,MANCHESTER,M30 0SF
C02367,ALJNIDI LTD,"8 WALMER STREET EAST, RUSHOLME",MANCHESTER,M14 5SD
C02368,BELMONT FACILITIES,87 LOZELLS STREET,BIRMINGHAM,B19 2AP
C02369,206 WHAM PROPERTIES LIMITED,12 PERRINS GROVE,BIRMINGHAM,B8 2EU
C02370,TSLP243 LTD,UNIT 7 INITIAL BUSINESS CENTRE,MANCHESTER,M40 8WN
C02371,BC21.02 LTD,"UNIVERSAL SQUARE BUILDING 5, 5TH FLOOR, DEVONSHIRE STREET NORTH",MANCHESTER,M12 6JH
C02372,BELTHORNE LTD,"UNIVERSAL SQUARE BUILDING 5, 5TH FLOOR, DEVONSHIRE STREET NORTH",MANCHESTER,M12 6JH
C02373,ASRAN DIAGNOSTICS,"25 BIRCH ROAD, ATHERTON",MANCHESTER,M46 9EA
C02374,ASAL UK LTD,256 YARDLEY FIELDS ROAD,BIRMINGHAM,B33 8RL
C02375,A B&B,GAS STREET 42A,BIRMINGHAM,B1 2JT
C02376,BMM BUILDERS,"FIRST FLOOR 2 HAMPTON COURT ROAD, HARBORNE",BIRMINGHAM,B17 9AE
C02377,AZAD MECHANIC LTD,"41 BOROUGH AVENUE, RADCLIFFE",MANCHESTER,M262QG
C02378,ATMOSHAUS LTD,109 SHERWOOD ROAD,BIRMINGHAM,B28 0EY
C02379,ARABIA GLOBAL,8 WILLESDEN AVENUE,MANCHESTER,M13 0ZN
C02380,AGAPI APARTMENTS,29 CHISHOLM STREET,MANCHESTER,M11 2LF
C02381,WORLD CLASS MANUFACTURING SOLUTIONS LIMITED,548 BURNAGE LANE,MANCHESTER,M19 1LA
C02382,BETHELWARE PIE LIMITED,"132 ROOM 4 ROCHDALE ROAD, MIDDLETON",BIRMINGHAM,B23 7PR
C02383,PALM CHEMICALS (UK) LIMITED,"SQUIRE PATTON BOGGS (UK) LLP (REF: CSU), 19 CORNWALL STREET",BIRMINGHAM,B3 2DX
C02384,360AUTOSUK,"44 BIRMINGHAM ROAD, SUTTON COLDFIELD",BIRMINGHAM,B72 1QQ
C02385,AAA DELHI LIMITED,724 YARDLEY WOOD ROAD,BIRMINGHAM,B13 0HY
C02386,BRIDGE COMMUNITY SUPPORT LTD,"BRIDGE, 60 FREDERICK STREET",BIRMINGHAM,B1 3HS
C02387,AVORA HOUSING PLUMBING LIMITED,151 DREWS LANE,MANCHESTER,M1 3BE
C02388,BOROUGH ELECTRICAL EDGINEERS SERVICES,"9 APPLEBY CLOSE, KINGS HEATH",BIRMINGHAM,B14 6PA
C02389,1ST CALL BUSINESS SERVICES,"SUITE 60, CARIOCCA BUSINESS PARK HELLIDON CLOSE, ARDWICK",MANCHESTER,M12 4AH
C02390,ADDISON AARON (BIRMINGHAM) LIMITED,CORNWALL BUILDINGS,BIRMINGHAM,B3 3QR
C02391,ALL DRAIN SOLUTIONS (MIDLANDS) LIMITED,"53 AVIEMORE CRESCENT, GREAT BARR",BIRMINGHAM,B43 7QA
C02392,ANY TOR DICK AND HARRY LIMITED,"UNIT 4, MARLIN OFFICE VILLAGE, 1250 CHESTER ROAD,",BIRMINGHAM,B35 7AZ
C02393,HAN DYNASTY EDUCATION CONSULTANT,"812 KING EDWARDS WHARF, 25 SHEEPCOTE STREET",BIRMINGHAM,B16 8AH
C02394,BOOL SURVEY INSIGHTS,OFFICE 15317 INITIAL BUSINESS CENTRE,MANCHESTER,M40 8WN
C02395,ALI-SHAH REAL ESTATE LIMITED,"808 COVENTRY ROAD, SMALL HEATH",BIRMINGHAM,B10 0TY
C02396,BODY SHARP LIMITED,48 POWICK ROAD,BIRMINGHAM,B23 7NY
C02397,A.N PHARMAWORK LTD,35 GOWAN RD,MANCHESTER,M16 8LU
C02398,ADERANT LWGAL (UK),"SQUIRE PATTON BOGGS (UK) LLP (REF: CSU), 19 CORNWALL STREET",BIRMINGHAM,B3 2DX
C02399,BRAYS BAKERY WHOLESALE LIMITED,127 BRISCOE LANE,MANCHESTER,M40 2TP
C02400,ASR RECOVERY,28-30 WILBRAHAM ROAD,MANCHESTER,M14 7DW
C02401,AAA PROPERTIES (MCR) LTD,315 DICKENSON ROAD,MANCHESTER,M130NR
C02402,ALMIGHTY BITE LTD,"369 HAGLEY RD WEST, QUINTON",BIRMINGHAM,B32 2AL
C02403,AUGUSTUS BRADFORD LTD,2 WHEELEYS ROAD,BIRMINGHAM,B15 2LD
C02404,BEAR PROPERTY LETTINGS,"C/O DJH ST GEORGES HOUSE, 56 PETER STREET",MANCHESTER,M2 3NQ
C02405,ARCHMOOR CARE LIMITED,"651A MAULDETH RD WEST, CHORLTON",MANCHESTER,M21 7SA
C02406,ACCISO LTD,"THE MALTINGS 2 ANDERSON ROAD, BEARWOOD",BIRMINGHAM,B66 4AR
C02407,BONDCARE (HALIFAX) LIMITED,"1ST FLOOR CLOISTER HOUSE RIVERSIDE, NEW BAILEY STREET",MANCHESTER,M3 5FS
C02408,BROOKE HOUSE PUBLISHING LIMITED,10 VYSE STREET,BIRMINGHAM,B18 6LT
C02409,AAD EXCLUSIVE LTD,10 ELMDON RD,BIRMINGHAM,B27 6LH
C02410,BLUESTONE TRADING,"UNIT 7 INITIAL BUSINESS CENTRE, WILSON BUSINESS PARK, MONSALL RD",MANCHESTER,M40 8WN
C02411,DEGREES BAHAY LTD,4 CAPSTONE AVENUE,MANCHESTER,M2 3TZ
C02412,A FORD ELECTRICAL LTD,"FLAT 2, QUEENS WOOD HOUSE, 219 BRANDWOOD ROAD",BIRMINGHAM,B14 6PU
C02413,BHARATHI HAULAGE LIMITED,"OFFICE 1, IZABELLA HOUSE 24-26 REGENT PLACE, CITY CENTRE",BIRMINGHAM,B1 3NJ
C02414,MAJID KITCHEN LTD,"299 ROOKERY ROAD, HANDSWORTH",BIRMINGHAM,B21 9PS
C02415,AELOWYN TRADE LIMITED,"INITIAL BUSINESS CENTRE UNIT 30, WILSON BUSINESS PARK",,M40 8WN
C02416,DR4INS LIMITED,"UNIT 7, INITIAL BUSINESS CENTER, WILSON BUSINESS PA",MANCHESTER,M40 8UN
C02417,BALI FINANCIAL SERVICES LTD,35 CAMPLIN CRESCENT,BIRMINGHAM,B20 1LS
C02418,BLIVING,"596 PERSHORE ROAD, SELLY PARK",BIRMINGHAM,B29 7HG
C02419,AKRON HEALTCARE LTD,"HIGHFIELD RD PHARMACY 307 HIGHFIELD ROAD, HALL GREEN",BIRMINGHAM,B28 0BX
C02420,AHSAN INVESTMENTS LTD,"82 EASTFIELD ROAD, BORDESLEY GREEN",BIRMINGHAM,B9 5XA
C02421,BOLINKO LTD,"INITIAL BUSINESS CENTRE, UNIT 7 WILSON BUSINESS PARK",MANCHESTER,M40 8WN
C02422,ASR LEGAL SERVICES LTD,C/O ECOTAX SUITE 2,MANCHESTER,M8 0PF
C02423,BEHIND THE COUNTER ARGENTUM LTD,"162 DROYLSDEN WHARF ROAD, DROYLSDEN",MANCHESTER,M4 6WX
C02424,AL-MALAKI SAUDI COMPANY,"UNIT 7 INITIAL BUSINESS CENTRE, WILSON BUSINESS PARK",MANCHESTER,M40 8WN
C02425,BREAKPOINT MANCHESTER LTD,87 NEWTON STREET,MANCHESTER,M1 1EX
C02426,ALBEEK MCR LTD,17-19 BURY NEW ROAD,MANCHESTER,M8 8FW
C02427,ASC LLB,3 CORISANDE ROAD,BIRMINGHAM,B29 6RJ
C02428,ARAGSAN BEAUTY,"FLAT 11 CLEVELAND TOWER, HOLLOWAY HEAD",BIRMINGHAM,B1 1UB
C02429,ALARM TECH,302 LIVERPOOL ROAD,MANCHESTER,M44 5UG
C02430,AAA CLEANING SERVICES LTD,BENTON AVENUE,BIRMINGHAM,B11 1UA
C02431,BIRMINGHAM HIPPODROME,"BIRMINGHAM HIPPODROME THEATRE, HURST STREET",BIRMINGHAM,B5 4TB
C02432,ADORNA HEATINGF,45 MERSTON DRIVE,MANCHESTER,M20 5NT
C02433,AUREVIA GROUP OF COMPANIES LTD,"OFFICE F2D UNIT#2, 30-32 KNOWSLEY ST",MANCHESTER,M8 8HQ
C02434,TRIMZ BRIGHTVALE LTD,"101 RICO HOUSE GEORGE STREET, PRESTWICH",MANCHESTER,M19 3TP
C02435,AB FIRE SAFETY SERVICES LTD,26 26 THE GREEN,BIRMINGHAM,B38 8SD
C02436,BELLE ANNE LTD,44 STRATFORD HOUSE ROAD,BIRMINGHAM,B5 7EZ
C02437,BABAJI,"36A BIRMINGHAM ROAD, GREAT BARR",BIRMINGHAM,B43 6NS
C02438,BECK ACCOUNTING,22 GREENSIDE RD,BIRMINGHAM,B24 0SJ
C02439,AYR PETERHEAD ASSETS,1ST FLOOR RICO HOUSE GEORGE STREET,MANCHESTER,M25 9WS
C02440,AP SD THIRTY THREE,"UNIT 11 MOUNT STREET BUSINESS CENTRE MOUNT STREET, NECHELLS",BIRMINGHAM,B7 5RD
C02441,AJT UPHOLSTERY SUPPLIES,"23 DENISE DRIVE, HARBORNE",BIRMINGHAM,B17 0BN
C02442,APPLIED ELEC-TECH SERVICES LTD,"87 CUNNINGHAM DRIVE, BURY",MANCHESTER,BL9 8PD
C02443,BLOTASTE FOOD FOR PACKAGING & PROCESSING,"UNIT 7 INITIAL BUSINESS CENTRE, WILSON BUSINESS PARK",MANCHESTER,M40 8QN
C02444,A2024CONSULTING,1D QUEENS RD,MANCHESTER,M8 8UQ
C02445,BIRMINGHAM ABODES,62 HOLLYFASTE RD,BIRMINGHAM,B33 0UU
C02446,ARMZ TRAINZ LTD,46 BURY NEW ROAD,MANCHESTER,M8 8EL
C02447,AWSURED CPD LTD,63 KINGSWAY,MANCHESTER,M19 2LL
C02448,A2 STQRSHINE LTD,5 WEAVING WAY,MANCHESTER,M18 7SX
C02449,SHIFA CONSULTING LIMITED,"16 ST. HILDAS VIEW, AUDENSHAW",MANCHESTER,M34 5JJ
C02450,SAEED RAVAT LTD,"KNOLL HOUSE 46 PILKINGTON AVENUE, SUTTON COLDFIELD",BIRMINGHAM,B72 1LG
C02451,BLACK BEAUTIQUE,"PICCADILLY BUSINESS CENTRE ALDOW ENTERPRISE PARK, BLACKETT ST",MANCHESTER,M12 6AE
C02452,BRIDGEPOINT GLOBAL LTD,"UNIT 7 INITIAL BUSINESS CENTRE, WILSON BUSINESS PARK",MANCHESTER,M40 8WN
C02453,ASM GROUP LTD,"STUDIO 9, 50 - 54 ST. PAULS SQUARE",BIRMINGHAM,B3 1QS
C02454,BLATRAX,INITIAL BUSINESS CENTRE,MANCHESTER,M40 8WN
C02455,ATMOSPHERE BAR LINCOLN,"317 NEW VIC, 103 CORPORATION STREET",MANCHESTER,M4 4DB
C02456,CULTIVATE EDUCATION,"71 CYPRUS STREET, STRETFORD",MANCHESTER,M32 8BD
C02457,BAKES CAKE,"692-696 STRATFORD ROAD, SPARKHILL",BIRMINGHAM,B11 4AT
C02458,TAKE THE LEAD DOGS,35 HENDERSON STREET,MANCHESTER,M19 2GQ
C02459,BLUESTONE FOR TRADING LIMITED,"UNIT 7, INITIAL BUSINESS CENTRE, WILSON BUSINESS PARK",MANCHESTER,M40 8WN
C02460,B H C (MIDLANDS) LTD,"152 STATION ROAD, STECHFORD",BIRMINGHAM,B33 8BT
C02461,BIRCHFIELD NORTH WEST CONSTRUCTION LTD,NIGEL ROAD,MANCHESTER,M9 4PD
C02462,BHS TRADING LTD,"BHS TRADING LTD, INITIAL BUSINESS CENTRE",,M40 8WN
C02463,TWINLINE ACCESS LTD,147 BROADWAY,MANCHESTER,M40 3NB
C02464,VELLORA SERVICEY LTD,CAPSTONE AVENUE,BIRMINGHAM,B18 6PJ
C02465,BOSMA LOGISTIC,291 MOSTON LANE,MANCHESTER,M40 9WJ
C02466,BATH PROPERTY CORPORATION,JILL AVENUE 31,BIRMINGHAM,B43 6DH
C02467,AKRAM STEEL LIMITED,UNIT 5,MANCHESTER,M11 2WL
C02468,AGRIFINLINK,STEPHENS ROAD,MANCHESTER,M20 4XD
C02469,ALLABOUTTRENDS LIMITED,149 CHERRY ORCHARD RD,BIRMINGHAM,B20 2JY
C02470,ACE ALTERNATIVE PROVISION LTD,5 PARSONAGE,MANCHESTER,M3 2HS
C02471,BEECLEAN MANCHESTER LTD,"APARTMENT 1, 389, STRETFORD ROAD",MANCHESTER,M15 4AD
C02472,BIKE AND JUICE LTD,32 WILLOW DRIVE,BIRMINGHAM,B21 8JZ
C02473,AN NISSA ACADEMY BIRMINGHAM,"4 LIME GROVE, LOZELLS",BIRMINGHAM,B19 1RX
C02474,AGHA TRADERS,SOHO ROAD,BIRMINGHAM,B21 9LR
C02475,ARROW GLOBAL (HOLDINGS) LIMITED,"BELVEDERE, 12 BOOTH STREET",MANCHESTER,M2 4AW
C02476,BOLT ACADEMY LTD,"100 LIVERPOOL ROAD, CADISHEAD",MANCHESTER,M44 5AN
C02477,APIDEX,"FLAT 11 PAKENHAM VILLAGE, 11 GILLDOWN PLACE",BIRMINGHAM,B15 2LR
C02478,FLAMES OCEAN LIMITED,65 LINCOMBE ROAD,MANCHESTER,M22 1PY
C02479,ALSBRE COMPANY LTD,"UNIT 2, CENTURY PARK, GARRISON LANE",BIRMINGHAM,B9 4NZ
C02480,AA ROUTES LTD,100A WARREN FARM ROAD,BIRMINGHAM,B44 0QB
C02481,ANSONSCO 4,"121 SHADY LANE, GREAT BARR",BIRMINGHAM,B44 9ET
C02482,ALBATROSS ENGINEERING GROUP LTD,"11 PORTLAND ROAD, EDGBASTON",BIRMINGHAM,B16 9HN
C02483,ASSESSORS DIRECT ESTIMATING LTD,"97 CLOUGH FOLD, RADCLIFFE",BIRMINGHAM,B32 2AL
C02484,BATON LOCK,"BATON HOUSE UNIT 1 FOURTH AVENUE, TRAFFORD PARK",MANCHESTER,M17 1DB
C02485,ACADEMICS,"KINGSTON HOUSE TOWERS BUSINESS PARK, WILMSLOW ROAD",MANCHESTER,M20 2LD
C02486,BELFAIRPROPERTY CHEMICALS LTD,"220-222 WARWICK ROAD, SPARKHILL",BIRMINGHAM,B11 2NB
C02487,ACORN FLOORS & FURNISHINGS,"C/O MICHAEL HEAVEN & ASSOCIATES LIMITED 47 CALTHORPE ROAD, EDGBASTON",BIRMINGHAM,B15 1TZ
C02488,ACCOMMODATION MARKETING LTD,111 PICCADILLY,MANCHESTER,M1 2HY
C02489,AXT LAW,422 PARRS WOOD ROAD,MANCHESTER,M20 5GP
C02490,BONITA CARE,"30 WORTHINGTON STREET, MOSTON",MANCHESTER,M40 0BQ
C02491,AEW FORWARD,"TRINITY COURT, 16 JOHN DALTON STREET",MANCHESTER,M2 6HY
C02492,S&J PROPERTY GROUP LIMITED,"C/O WILLIAMSON & CROFT YORK HOUSE, 20 YORK STREET",MANCHESTER,M2 3BB
C02493,FRIED ASSOCIATES LTD,"149 SPON LANE, WEST BROMWICH",BIRMINGHAM,B70 6AS
C02494,ACTIF MANAGEMENT LIMITED,"CROWN HOUSE HIGH STREET, TYLDESLEY",MANCHESTER,M29 8AL
C02495,APEXTECH,49 SANDYHILL ROAD,MANCHESTER,M9 8JQ
C02496,ART DRESS,"UNIT 7, MONSALL RD",MANCHESTER,M40 8WN
C02497,PRETTYLITTLETHING.COM,49-51 DALE STREET,MANCHESTER,M1 2HF
C02498,ALYSS CAPITA LIMITED,169 HANSONS BRIDGE ROAD,,B24 0PD
C02499,MORTGAGE BOYARCHER LIMITED,"110 FOX HOLLIES ROAD, ACOCKS GREEN",MANCHESTER,M9 7TG
C02500,ALIF EDUCATION LTZ,"62 MILTON ROAD, STRETFORD",MANCHESTER,M32 0TG
C02501,ARCHER BRICK & STONE LTD,"77 SCHOOL LANE, DIDSBURY",MANCHESTER,M20 6WN
C02502,BASZAK ENGINEERING,31 RAINSOUGH BROW,MANCHESTER,M25 9XW
C02503,AADHYA TECH LIMITED,"286 UNIT A GREEN LANE, SMALL HEATH",BIRMINGHAM,B9 5DN
C02504,BRIGHTVUE DIGITAL,1 HARDMAN STREET,MANCHESTER,M3 3HF
C02505,BANKIFI TECHNOLOGY LIMITED,"C/O ALEXANDER & CO CENTURION HOUSE, 129 DEANSGATE",MANCHESTER,M3 3WR
C02506,BESWICK PROPERTY MANAGEMENT,BESWICK,MANCHESTER,M11 3WU
C02507,ATTENTION DIGITAL MARKETING,"UNIT C ALDOW ENTERPRISE PARK,, PICCADILLY BUSINESS CENTRE,",,M12 6AE
C02508,1M COURIED LTD,67 TENNYSON ROAD,BIRMINGHAM,B10 0EX
C02509,AZARIHATECH,"FIRST FLOOR,  PALATINE ROAD 402",MANCHESTER,M22 4FZ
C02510,A HENDRIE HAIDRESSING LTD,"42 HARPERS ROAD, NORTHFIELD",BIRMINGHAM,B31 4AR
C02511,ASTON BRADLEY EDGBASTON,"1ST FLOOR, 107 -108 ICKNIELD PORT ROAD, 1ST FLOOR, 107 -108 ICKNIELD PORT ROAD",BIRMINGHAM,B16 0AA
C02512,BIRMINGHAM EVENTS LTD,THE PRIORY QUEENSWAY,BIRMINGHAM,B4 7LR
C02513,BERSHUV ESTATES,"361 BURY OLD ROAD, PRESTWICH",MANCHESTER,M25 1PY
C02514,BRIT AGENT DISTRIBUTION AND ACQUISITION,"FLAT 62, BRIAN REDHEAD COURT, 123, JACKSON CRESCENT",MANCHESTER,M155RR
C02515,AUTOMOTIVE RECOVERY AND STORAGE SOLUTIONS,"C/O CNA AND CO, 810 STOCKPORT ROAD",MANCHESTER,M12 4QL
C02516,GREEN PIECE FACILITIES & SECURITY SERVICES LIMITED,"71 VICTORIA AVENUE EAST, VICTORIA AVENUE EAST",MANCHESTER,M9 6HP
C02517,ASHMAAN NW,"28-30 WILBRAHAM ROAD WILBRAHAM ROAD, FALLOWFIELD",MANCHESTER,M14 7DW
C02518,AUTO CARE CLINIC LIMITED,"WORSLEY ROAD NORTH, WORSLEY UNIT 22",MANCHESTER,M28 3QW
C02519,AB HAPPY SMILES LTD,FLAT 11,MANCHESTER,M16 8NP
C02520,BEELEY SN DEVELOPMENT LIMITED,16 CORNWALL ST,MANCHESTER,M11 2PS
C02521,AIMAN FASHION LTD,"SUITE 19, PARKWAY 2, PARKWAY BUSINESS CENTRE, 300 PRINCESS RD",MANCHESTER,M14 7HR
C02522,AK MCR,"OFFICE NO 1, 329, DICKENSON  ROAD",MANCHESTER,M13 0NR
C02523,AURORA KITCHEN LTD,"368 STRATFORD ROAD, SPARKHILL",BIRMINGHAM,B11 4AB
C02524,ALEGRIA PROPERTY SERVICES,"534 KINGS ROAD, STRETFORD",MANCHESTER,M32 8JT
C02525,ABODEALL,3 TOMMY BROWELL CLOSE,MANCHESTER,M14 4BH
C02526,ACT ASTONCROFT LTD,9 PAINSWICK ROAD,BIRMINGHAM,B28 0HE
C02527,BIBIAIRLINEUK,"29 HART STREET, DROYLSDEN",MANCHESTER,M43 7AN
C02528,NIEUPEI LTD,"UNIT 7 INITIAL BUSINESS CENTRE, WILSON BUSINESS PARK",MANCHESTER,M40 8WN
C02529,BRIT COLLEGE OF CAREER DEVELOPMENT LTD,"705 WARWICK ROAD, TYSELEY",BIRMINGHAM,B11 2HA
C02530,BPTJ SERVICES,"THE COPPER ROOM DEVA CITY OFFICE PARK, TRINITY WAY",,M3 7BG
C02531,AROMAS OF ARABIA,11 CHARTLEY ROAD,BIRMINGHAM,B23 7PU
C02532,ALI'S MOTORS,1B ANTHONY ROAD,BIRMINGHAM,B8 3JA
C02533,207 HOSPITALITY SERVICES,44 BIRMINGHAM ROAD,BIRMINGHAM,B72 1QQ
C02534,ADI APPARELS LTD,16 PREMIER RD,MANCHESTER,M8 8HH
C02535,BLOOM PROPERTY GROUP LIMITED,13 FRANCIS ROAD,MANCHESTER,M20 4XP
C02536,AIPHYSIO LTD,CALLINGDON RD 11,MANCHESTER,M21 7GN
C02537,AA CARE HOMES LTD,"617 BROMFORD LANE, WASHWOOD HEATH",BIRMINGHAM,B8 2EB
C02538,BARUWAL PROPERTIES,708 YARDLEY WOOD ROAD,BIRMINGHAM,B13 0HY
C02539,BERRY COFFEE LTD,204 NEWHALL STREET,BIRMINGHAM,B3 1SH
C02540,BLLWETHER SURVEYS,"59 ROOM 4 ROCHDALE ROAD, MIDDLETON",MANCHESTER,M24 2PT
C02541,AFK PROPERTY,70 WHITECROFT ROAD,BIRMINGHAM,B26 3RE
C02542,ASICO LUBES LTD,"8 RICHMOND HOUSE, 6A HIGHFIELD ROAD,EDGBASTON",,B15 3ED
C02543,ATKINS GARDENING LTD,"26 THE GREEN, KINGS NORTON",BIRMINGHAM,B38 8SD
C02544,BEAU VISAGE FACE & BODY AESTHETICS LTD,"31A HAZELHURST ROAD, WORSLEY",MANCHESTER,M28 2SX
C02545,AERO SERVICES.GLOBAL,1 MARSDEN STREET,MANCHESTER,M2 1HW
C02546,APPLE CHILDCARE VOUCHERS AROMASEASON LIMITED,"102 THE SOUTHSIDE BUILDING, 31 HURST STREET",MANCHESTER,M2 3BD
C02547,ASTRIXOR FOR INTERNATIONAL TRADING LIMITED,"UNIT 7, MONSALL ROAD",MANCHESTER,M40 8WN
C02548,AMK LEONARD PROPERTY INVESTMENT,"UNIT 2.3, 20 DALE STREET",MANCHESTER,M11EZ
C02549,ARCHBROOK MEDICAL LTD,"CORNBROOK MEDICAL PRACTICE, 63 BOOTH ST WEST",MANCHESTER,M15 6PR
C02550,AL-MUTAMAYIZOON TRADING,"UNIT C, BLACKETT ST",MANCHESTER,M12 6UE
C02551,BROCKLAMONT DEVELOPMENTS,4 OAKDENE DRIVE,BIRMINGHAM,B45 8LQ
C02552,AD GLOBAL PARTNERSHIP LTD,"UNIT 22 CARIOCCA BUSINESS PARK, 2 SAWLEY ROAD",MANCHESTER,M40 8BB
C02553,BROOKWOOD GROUP INVESTMENTS LIMITED,2ND FLOOR,BIRMINGHAM,B2 5SN
C02554,A. MYIN LTD,"9 WARWICK ROAD, CHORLTON",MANCHESTER,M21 0AU
C02555,ABUNDANCE LEARNING,9 BREEZE HILL ROAD BREEZE HILL ROAD,MANCHESTER,M46 9HJ
C02556,AJK INNOVATIONS LTD,"90 WHITEHALL ROAD, SMALL HEATH",BIRMINGHAM,B9 5EH
C02557,BRIGHTLY BARK LTD,"77 BEACON COURT BIRMINGHAM ROAD, GREAT BARR",BIRMINGHAM,B30 0XW
C02558,BALLIOL MEDICAL SERVICES,"THE LEXICON SECOND FLOOR, MOUNT STREET",MANCHESTER,M2 5NN
C02559,BIMINGHAM CONSERVATION TRUST (TRADING) LIMITED,"THE COFFIN WORKS, 13 -15 FLEET STREET",BIRMINGHAM,B3 1JP
C02560,ANH HOUSING,"SUITE 242 DIGBETH COURT, 162 - 164 HIGH STREET DERITEND",BIRMINGHAM,B12 0LD
C02561,BRIDGEMOUNT DEVELOPMENTS (HOLDINGS) LTD,"C/O ALEXANDER AND COMPANY CENTURION HOUSE, 129 DEANSGATE",MANCHESTER,M3 3WR
C02562,A & H OFF LICENCE LIMITED,COBDEN STREET,MANCHESTER,M9 4DZ
C02563,ALQAIM GROUP LTD,24 BARLOW HALL ROAD,,M21 7JN
C02564,ASJ AMMONITE LIMITED,"171 RESERVOIR ROAD, SELLY OAK",BIRMINGHAM,B29 6SX
C02565,BANA ACCOUNTANCY SERVICES LTD,"232A SOHO ROAD, HANDSWORTH",BIRMINGHAM,B21 9LR
C02566,595 STOCKPORT RD LTD,587C STOCKPORT RD,,M13 0RX
C02567,AK RANA,19/21 HATCHETT ST,BIRMINGHAM,B19 3NX
C02568,A&M COURIER SERVICES LTD,"47/59, GREEN LANE",BIRMINGHAM,B9 5BU
C02569,A MUSLEH LTD,11 GERALDINE ROAD,BIRMINGHAM,B25 8BE
C02570,B EMPOWERED,"21 WELLINGTON ROAD, EDGBASTON",BIRMINGHAM,B15 2EU
C02571,BALMORAL HOUSING,"30 HAMPTON ROAD, ASTON",BIRMINGHAM,B6 6AE
C02572,ASHTONS TOOLS AND FASTENERS LTD,"UNIT 12 ACHESON WAY, TRAFFORD PARK",MANCHESTER,M17 1GA
C02573,ALEX GABINET,"2 WHEELEYS ROAD, EDGBASTON",BIRMINGHAM,B15 2LD
C02574,BOOMSBURY PRIME SERVICES,"PRIME LODGE, NECHELLS PARKWAY",BIRMINGHAM,B7 4PN
C02575,AM PAINT&DEC LIMITED,44 GIVENDALE DRIVE,MANCHESTER,M8 4PZ
C02576,AMPERE TRADING LTD,87 DAVEY ROAD,BIRMINGHAM,B20 3EG
C02577,BIONUTRITION LIMITED,"NEO, 9 CHARLOTTE ST",MANCHESTER,M1 4ET
C02578,BANANI SAKTI INVESTMENTS,"APARTMENT 35, CITPEAK BLOCK D, 870, WILMSLOW ROAD",,M20 5AA
C02579,AQSA NASEER LIMITED,MENTOR ST,MANCHESTER,M13 0QW
C02580,BLINDS CLOUD LTD,"UNIT 7, MONSALL ROAD",MANCHESTER,M40 8WN
C02581,ALTRINCHAM CHILDERN’S CARE LIMITED,382 KINGSWAY,MANCHESTER,M19 1PL
C02582,BELLECHASSE SOUVENIRS,"SUITE 34, CARIOCCA  BUSINESS PARK, 2 SAWLEY ROAD",MANCHESTER,M40 8BB
C02583,BALAGO LIMITED,7 ASSISI GARDENS,MANCHESTER,M12 5AS
C02584,BOHEMIAN ENTERPRISES LTD,305 BROOKLANDS RD,MANCHESTER,M23 9HE
C02585,A AZA,33 GRANGE ROAD,BIRMINGHAM,B6 6LA
C02586,ABDUL SAMAW,12 TIRZA AVENUE,MANCHESTER,M19 2JY
C02587,CARGO NATIONWIDE LTD,134 CURBAR ROAD,BIRMINGHAM,B10 7XW
C02588,ACTION TRANSPORT UK,"FLAT 7 137 KINGSBURY ROAD, ERDINGTON",BIRMINGHAM,B24 8QT
C02589,BAS DERMATOLOGY LIMITED,LEAHURST CRESCENT,BIRMINGHAM,B17 0LG
C02590,AY THERAPY SERVICES,31 ROMILLY AVENUE,BIRMINGHAM,B20 2AT
C02591,AVK,"C/O ECHO TAX, SPACES MANCHESTER PETER HOUSE, OXFORD STREET",MANCHESTER,M1 5AN
C02592,BOLTON ARMANY LTD,"FLAT 3 1 YORK ROAD, HALL GREEN",BIRMINGHAM,B28 8BD
C02593,PINK GERANIUMS LIMITED,"UNIT 7 INITIAL BUSINESS CENTER, WILSON BUSINESS PARK",MANCHESTER,M40 8WN
C02594,ALHAMD PROPERTYES,49 SPRINGBRIDGE RD,MANCHESTER,M16 8PW
C02595,BAMBOO BLISS MANGEMENT LTD,112 UPPER MARSHALL STREET,BIRMINGHAM,B1 1LZ
C02596,ADELE CATHERINE EDUCATION,"GROSVENOR HOUSE DOWNCAST WAY, SWINTON",MANCHESTER,M27 8UW
C02597,ANAJI TRADING LTD,22 22 CONSTANCE RD,BIRMINGHAM,B5 7RB
C02598,APEX SELF STORAGE LIMITED,130-140 PRINCESS ROAD,MANCHESTER,M16 7BY
C02599,BAZIAI FADE LTD,8 OLD WALSALL ROAD,BIRMINGHAM,B42 1NN
C02600,BRIGHTVALE INDUSTRIAL LIMITED,221 MANSEL ROAD,BIRMINGHAM,B10 9NW
C02601,BARBERSBOUND LTD,"INTERNATIONAL HOUSE, 61 MOSLEY STREET",MANCHESTER,M2 3HZ
C02602,BEN'S FAST FOOD LTD,817 STRATFORD ROAD,BIRMINGHAM,B11 4DA
C02603,IVELOCITYSALES LTD,"C/O MICHAEL HEAVEN & ASSOCIATES LIMITED 47 CALTHORPE ROAD, EDGBASTON",BIRMINGHAM,B15 1TH
C02604,ALL SPARES247 LIMITED,"1137 PERSHORE ROAD, STIRCHLEY",BIRMINGHAM,B30 2YJ
C02605,BARK DIGITAL,47 MILTON GROVE,MANCHESTER,M16 0BP
C02606,ZAMLEA RECRUITMENT LTD,"HAGLEY ROAD, EDGBASTON 66",BIRMINGHAM,B16 8PF
C02607,DIRECT FINANCIAL HELP,"PETER HOUSE 7TH FLOOR, OXFORD STREET",MANCHESTER,M1 5AN
C02608,ALMAJD INVESTMENT LIMITED,UNIT 4A,MANCHESTER,M40 8WN
C02609,ADNAN DESIGNER STUDIO,219 LADYPOOL ROAD,BIRMINGHAM,B12 8LG
C02610,BACKGROUND TECHNOLOGIES LIMITED,"STUDIO 9, 50-54 ST PAUL'S SQUARE",BIRMINGHAM,B3 1QS
C02611,ADJEI CONSULTANCY LTD,"BATTLE HOUSE, OXFORD COURT",MANCHESTER,M23WQ
C02612,ADEN GROUP LTD,"9 LOWRY HOUSES CHURCH STREET, ECCLES",MANCHESTER,M30 0LQ
C02613,ASCENT (CHANDLERS FORD),"1 HARDMAN STREET, SPINNINGFIELDS",,M3 3HF
C02614,AMHA TRADERS LIMITED,"105 BARLOW ROAD, LEVENSHULME",MANCHESTER,M19 3FF
C02615,AAGMEMNON 2014 LTD,"86 KEW ROAD,",MANCHESTER,M35 9LA
C02616,AM DWZLLINGS LTD,11 ST PAUL'S SQUARE,BIRMINGHAM,B3 1RB
C02617,HEY BEAUTY LTD,"UNIT B 107 THE ARCADIAN, 70 HURST STREET",BIRMINGHAM,B5 4TY
C02618,BILIBALABI,"2508 ONE REGENT APARTMENT, 1 REGENT ROAD",MANCHESTER,M3 4BE
C02619,ARSLAN RESTAURANTS & CATERING LIMITED,"C/O MH ACCOUNTANT LTD 147, DICKENSON RD",MANCHESTER,M14 5LZ
C02620,ARDELLA REAL ESTATES LTD,"56 UNION STREET, TYLDESLEY",MANCHESTER,M29 8AR
C02621,BISTRO 1116 LTD,"76A KENWOOD ROAD, STRETFORD",MANCHESTER,M32 8PT
C02622,AIRSID LTD,"OFFICE 12, INITIAL BUSINESS CENTRE, WILSON BUSINESS PARK",MANCHESTER,M40 8WN
C02623,PRISMA KITCHENS LTD,53 HORTON ROAD,,M14 7QB
C02624,ACE3 TECHNOLOGY SYSTEMS LTD,"TEXTILE INNOVATION HOUSE 1 LYONS ROAD, TRAFFORD PARK",MANCHESTER,M17 1RN
C02625,A & C ACCOUNTS AND BOOKKEEPING SERVICES,"64A WHITTAKER LANE, PRESTWICH",MANCHESTER,M25 1ET
C02626,BLACA BLOB LIMITED,4 EDSON ROAD,MANCHESTER,M8 4WF
C02627,B.A.B IT & DIGITAL SOLUTIONS LTD,"6 GLENTHORN AVENUE, 6 GLENTHORN AVENUE",MANCHESTER,M9 6XP
C02628,AMAZING GRACEY CATERINGS LIMITED,MULL CROFT,BIRMINGHAM,B36 0QF
C02629,APPLIANCE WORLD OUTLET,200 PERCY ROAD,BIRMINGHAM,B11 3LG
C02630,ARTIFICIAL GRASS AND BUILDING LTD,"FLAT 1 3 GROSVENOR ROAD, HARBORNE",,B17 9AL
C02631,A4HEALTH LIMITED,"C/O CAPITAX & CO (TAX CONSULTANTS) LTD CUCKOO WHARF, 427 LICHFIELD ROAD",BIRMINGHAM,B6 7SS
C02632,BJH LIVING,"FLAT A4902, 9 OWEN STREET",MANCHESTER,M15 4TU
C02633,BACHD TRADING LIMITED,1 HARDMAN STREET,MANCHESTER,M3 3HF
C02634,ALPHA GLOBAL HUB LTD,"FLAT 1, 118 EGERTON ROAD NORTH",,M16 0DA
C02635,AB CONSULTING SERVICES (ABCS) LIMITED,"ONE DIDSBURY POINT THE AVENUE, DIDSBURY",MANCHESTER,M20 2EY
C02636,ALYRU HUB,"SHOP, 7 WALFORD RD FLAT ABOVE",BIRMINGHAM,B11 1NP
C02637,AASSH AQWA LIMITED,"188 TOWN LANE, DENTON",BIRMINGHAM,B12 8DY
C02638,B-ACTIVE HEALTH AND FITNESS CENTRE LIMITED,"STERLING HOUSE, 71 FRANCIS ROAD, EDGBASTON,",BIRMINGHAM,B16 8SP
C02639,NATIONAL COLLEGE FOR LOGISTICS,"C/O MANTRA LEARNING LTD GREENGATE, MIDDLETON",MANCHESTER,M24 1RU
C02640,3DFIY LWD,"29 BROMFORD LANE, ERDINGTON",BIRMINGHAM,B24 8JT
C02641,AL MAZA HOLDING,"APARTMENT 18 ATLAS COURT, 75 HEALD GROVE",MANCHESTER,M14 4AP
C02642,AZAM LIMITED,"ALEXANDER HOUSE, 60 - 61 TENBY ST NORTH",BIRMINGHAM,B1 3EG
C02643,ADZ INTERNATIONAL LIMITED,95-97 UPPER SUTTON ST,BIRMINGHAM,B6 5BN
C02644,BRACEBRIDGE PROPERTY INVESTMETS LTD,"619 KINGS ROAD, GREAT BARR",BIRMINGHAM,B44 9HW
C02645,BRIDGEWATER FINANCE AND CREDIT LTD,"245 BURY NEW ROAD, WHITEFIELD",MANCHESTER,M45 8QA
C02646,BICKERTON AUDIO,33 BEAUMONT ROAD,BIRMINGHAM,B30 2EF
C02647,BPM MUSIC LTD,"307 HEYWOOD ROAD, PRESTWICH",MANCHESTER,M25 2RQ
C02648,B7 HOUSING LTD,36 ALLENS CROFT ROAD,BIRMINGHAM,B14 6RQ
C02649,ADEPT CORPORATE SERVICES TWO LIMITED,"SUITE 1 BONDED WAREHOUSE, 18 LOWER BYROM STREET",MANCHESTER,M3 4AP
C02650,BRIGHT LITTLE STEPS LTD,3 REDSTONE ROAD,MANCHESTER,M19 1RB
C02651,BIG DRAG EVENTS,CHORLEY WOOD AVENUE 11,MANCHESTER,M19 1HE
C02652,BMH PROPERTY,"27 DURHAM CRESCENT, FAILSWORTH",MANCHESTER,M35 0QL
C02653,BIRMINGHAM TRAINING ACADEMY,"GROSVENOR HOUSE  11 ST  PAULS SQUARE, ST. PAULS SQUARE",BIRMINGHAM,B3 1RB
C02654,DORIC ANDERTON LIMITED,"THE COPPER ROOM DEVA CITY OFFICE PARK, TRINITY WAY",MANCHESTER,M3 7BG
C02655,ABC BOOKKEEPING AND ACCOUNTANCY (UK),155 CHURCH ROAD,BIRMINGHAM,B25 8UP
C02656,AERO ENGINEERING,"16 ST. HILDAS VIEW, AUDENSHAW",MANCHESTER,M34 5JJ
C02657,5337,24 CAVENDISH ROAD,MANCHESTER,M32 0PR
C02658,AD RANK ONE LIMITED,AD RANK ONE LTD,MANCHESTER,M4 4BE
C02659,BIG BOSS CONSTRUCTIONS LTD,BEAUCHAMP AVENUE,BIRMINGHAM,B20 1DT
C02660,B.L.K BRICKWORK LTD,128 HURST LANE,BIRMINGHAM,B34 7HE
C02661,ASHBY SQUARE PROPERTY LD,"4 CHANDOS ROAD SOUTH, CHORLTON",MANCHESTER,M21 0TF
C02662,AROSE BUILT LTD,100 WAYLAND ROAD,MANCHESTER,M9 2BR
C02663,BEAUTY BOUTIQUE NAILS & BEAUTY BAR LTD,"231 ELLIOTT STREET, TYLDESLEY",,M29 8DG
C02664,BALLAGGAN LIMITED,"HARPAL HOUSE 14 HOLYHEAD ROAD, HANDSWORTH",BIRMINGHAM,B21 0LT
C02665,ABOUTIME,"C/O AHMAD ACCOUNTANTS 28 SHAFTMOOR LANE, ACOCKS GREEN",BIRMINGHAM,B27 7RS
C02666,1ST CLASS HOLIDAYS,"TRAFFORD HOUSE, CHESTER ROAD OLD TRAFFORD",MANCHESTER,M32 0RS
C02667,AKAASH PROPERTY,"WHEELEYS ROAD, EDGBASTON 2",BIRMINGHAM,B15 2LD
C02668,BARGAIN BULK,"UNIT 7, MONSALL ROAD",MANCHESTER,M40 8WN
C02669,12 VICTORIA AVENUE MANAGEMENT LIMITED,"425 PARRS WOOD ROAD, DIDSBURY",MANCHESTER,M20 5NE
C02670,9XPERTS SERVICE LTD,160 MOUNT RD,MANCHESTER,M18 7QS
C02671,AFFILIATE PROGRAMME LTD,"OFFICE 1, IZABELLA HOUSE, 24 - 26 REGENTS PLACE",BIRMINGHAM,B1 3NJ
C02672,AI UVD,"C/O RUS AND CO, 1192 STRATFORD ROAD, HALL GREEN",BIRMINGHAM,B28 8AB
C02673,ASPECT SUPPORTED LIVING,"UNIT 9 MAGREAL BUSINESS PARK, FREETH STREET",BIRMINGHAM,B16 0QZ
C02674,CHILD'S PLAY (HOME FROM HOME) LTD,47 HARPERS ROAD,BIRMINGHAM,B31 4AW
C02675,B AND L INGOE LIMITED,"247 BURY OLD ROAD, PRESTWICH",MANCHESTER,M25 1JE
C02676,BATHLA PROPERTIES,"59-61 CHARLOTTE STREET, ST PAULS SQUARE",BIRMINGHAM,B31PX
C02677,ASPIRE ASSET & PROPERTY MANAGEMENT,225 BRISTOL ROAD,BIRMINGHAM,B5 7UB
C02678,AARONZENY LIMITED,6 ACHESON STREET,,M18 8LQ
C02679,ANSANYI PROPERTY SOLUTIONS LTD,48 ALDERMOOR CLOSE,,M11 1JQ
C02680,AJ LOCUM SOLUTIONS LIMITED,"SUITE 22C, CITY TOWER, PICCADILLY PLAZA",MANCHESTER,M1 4BT
C02681,ALCO CAPITAL LIMITED,"1ST FLOOR CLOISTER HOUSE RIVERSIDE, NEW BAILEY STREET",MANCHESTER,M3 5FS
C02682,BLUE GLAZE WINDOWS AND DOORS LTD,86C WATER STREET,BIRMINGHAM,B3 1HL
C02683,BARNES UK HOLDINGS LIMITED,91 PRINCESS STREET,MANCHESTER,M14HT
C02684,AK STEEL & SIGNS LTD,"UNIT 6, ADDERLEY ROAD",BIRMINGHAM,B8 1AW
C02685,AV ELECTRICAL CONTRACTORS LIMITED,"BLACK HORSE CHAMBERS 231 ELLIOTT STREET, TYLDESLEY",MANCHESTER,M29 8DG
C02686,1ST PROTECTION SOLUTIONS LTD,"SANDOWN HOUSE, AUCKLAND ROAD",BIRMINGHAM,B11 1RH
C02687,ANDY'S ACCOUNTANCY,27 HAWKER CLOSE,BIRMINGHAM,B31 2GU
C02688,AAESTHETIX,12 POPLAR RD,BIRMINGHAM,B14 7AD
C02689,HSOO 658,ATTIRE EMEA,BIRMINGHAM,B37 7YE
C02690,BINARY MAAGED SOLUTIONS LTD,"BINARY MANAGED SOLUTIONS LTD BARTLE HOUSE, 9 OXFORD COURT",MANCHESTER,M2 3RQ
C02691,ATYAB LTD,15 CROMER ROAD,BIRMINGHAM,B12 9QP
C02692,3D CAD DESIGN,"4 ALBION STREET, OLD TRAFFORD",MANCHESTER,M16 9LZ
C02693,AWA AFROROOTS LIMITED,"109 PLUMTREE CLOSE, ECCLES",MANCHESTER,M14 3EQ
C02694,AH ALBANY,FRANCIS RD,BIRMINGHAM,B16 8SP
C02695,AB HOUSING SOLUTIONS,"10 POPLAR ROAD, KINGS HEATH",BIRMINGHAM,B14 7AD
C02696,BLACKWOOD LEGAL LTD,"98 MANOR ROAD, STECHFORD",BIRMINGHAM,B33 8EQ
C02697,ACKARACA,"PICCADILLY BUSINESS CENTRE, ALDOW ENTERPRISE PARK",MANCHESTER,M12 6AE
C02698,BC21.10,"UNIVERSAL SQUARE BUILDING 5, 5TH FLOOR, DEVONSHIRE STREET NORTH",MANCHESTER,M12 6JH
C02699,BHAI BHAI GARMENTS LIMITED,"162-164 HIGH STREET, DERITEND",BIRMINGHAM,B12 0LD
C02700,CAPITAL AND CENTRIC (TELLIFY),UNIT 2.3,MANCHESTER,M1 1EZ
C02701,BAMBOO PROPERTY HOLDINGS LTD,20 CORNFIELD RD,,B31 2EB
C02702,PRODUCTS REPAIRS LIMITED,"41 STOCKFIELD ROAD, YARDLEY",BIRMINGHAM,B1 1ZP
C02703,1ST EAST LIMITED,"UNIT 7 INITIAL BUSINESS CENTRE, WILSON BUSINESS PARK, MONSALL ROAD",MANCHESTER,M40 8WN
C02704,BABY BIRD DEVELOPMENTS,83 FOUNTAIN STREET,MANCHESTER,M2 2EE
C02705,EAST BLACTIE LIMITED,"2 WHEELEYS ROAD, EDGBASTON",BIRMINGHAM,B15 2LD
C02706,ANJANA PROPERTY @ UK,28 BLUEBELL CRESCENT,BIRMINGHAM,B42 2FS
C02707,AKBAR GLOBAL LTD,"129 RESERVOIR ROAD, ERDINGTON",BIRMINGHAM,B23 6DN
C02708,B AND H MOULDINGS LIMITED,"UNIT 4 LYONS ROAD, TRAFFORD PARK",MANCHESTER,M17 1RN
C02709,AIRBORNE PLAQUES LTD,GMCT LTD C/O BOWLEE NURSERY,MANCHESTER,M24 4TH
C02710,AVISHAN LTD,95 LONGBRIDGE LANE,BIRMINGHAM,B31 2UT
C02711,ALEXA HARTLE DESIGN LTD,79 TIB STREET,MANCHESTER,M4 1LS
C02712,ALHADADEEN FOOD,"196 LIVERPOOL ROAD, ECCLES",MANCHESTER,M30 0PF
C02713,ARC VISION MONITORING,"C/O AMS ACCOUNTANTS 1 HARDMAN STREET, SPINNINGFIELDS",MANCHESTER,M3 3HF
C02714,AVIGHNA SOFTWARE AND CONSULTANCG SERVICES LTD.,11 THOMAS GEORGE WAY,BIRMINGHAM,B19 2NE
C02715,8RAHM,11 SANDYSHOT WALK,MANCHESTER,M22 5AQ
C02716,AAC CONSULTANTS,ROWAN DRIVE 2,BIRMINGHAM,B28 0YH
C02717,BLINDS NATION LTD,"UNIT 1 PREMIER TRADING ESTATE, DARTMOUTH MIDDLEWAY",BIRMINGHAM,B7 4AT
C02718,A2Z HEALTHCARE (UK) LIMITED,196 NEW ROAD,BIRMINGHAM,B45 9JA
C02719,BKDANISH LUSTRE AND LORE LTD,12 ROBERT HARRISON AVENUE,MANCHESTER,M20 1LW
C02720,ACCESS IT SOLUTIONS (UK) LIMITED,94 SCHOOL ROAD,BIRMINGHAM,B28 8JD
C02721,BACKROW900 LTD,"C/O BLUEWATER QUADRANT COURT, 49 CALTHORPE RD",BIRMINGHAM,B15 1TH
C02722,AMICUS LEGAL SERVICES,121 LIVERY STREET,BIRMINGHAM,B3 1RS
C02723,ANHUBOOKS LIMITED,2 BERTHA RD,BIRMINGHAM,B11 2NN
C02724,ARTEON INVSTOR,6 MILLINGTON RD,BIRMINGHAM,B36 8BN
C02725,APEX SECURITY 1875 LIMITED,"LIFFORD HALL LIFFORD LANE, KINGS NORTON",BIRMINGHAM,B30 3JN
C02726,BLUE EARTH POWER LTD,46 BRANTLEY ROAD,BIRMINGHAM,B6 7DR
C02727,ADMIKI,"UNIT 8 FIRST FLOOR, 537 COVENTRY ROAD, SMALL HEATH",BIRMINGHAM,B10 0LL
C02728,BRICKS ASSET MANAGEMENT LTD,15 BLENHEIM DRIVE,BIRMINGHAM,B43 5BP
C02729,AIRLEY HEALTHCARE LIMITED,"67 WINDSOR ROAD, PRESTWICH",MANCHESTER,M25 0DB
C02730,AYKOME UK LIMITED,FIRST FLOOR,MANCHESTER,M4 5JW
C02731,OVAL (2237),FLEET STREET 27,BIRMINGHAM,B3 1JP
C02732,BOSH SERVICES,ELLESBORO ROAD,BIRMINGHAM,B17 8PT
C02733,CONVEYANCING AIRREALMEDIA LTD,"UNIT 9 FORTNUM CLOSE, KITTS GREEN",BIRMINGHAM,B33 0LG
C02734,RAHMA REFLECTIONS,10 GROVE HILL RD,BIRMINGHAM,B21 9PA
C02735,UK WORLD,"UNIT 7 INITIAL BUSINESS CENTRE, WILSON BUSINESS PARK, MONSALL ROAD",MANCHESTER,M40 8WN
C02736,PROJECT CANADA NEWCO,"TRAFFORD HOUSE CHESTER ROAD, OLD TRAFFORD",MANCHESTER,M32 0RS
C02737,ANYX SEVICES LIMITED,EXEL DRIVE,BIRMINGHAM,B11 3JG
C02738,ABBAS GROUP HOLDINGS,11 BLYTHSFORD RD,BIRMINGHAM,B28 0UP
C02739,ABC LEATHER GOODS,12 AMESBURY ROAD,MANCHESTER,M9 6JJ
C02740,AUTOMOTIVE MANIA KEY LTD,"133 LAWNHURST AVENUE, WYTHENSHAWE",BIRMINGHAM,B11 2BA
C02741,BENIDORM NEWS,9 AYRES ROAD,MANCHESTER,M16 7WY
C02742,AAS PROPERTY MANCHESTER,24 WHITE MOSS AVENUE,MANCHESTER,M21 0XT
C02743,2 UK FRIED CHICKEN AND PIZZA LTD,445 BRAYS RD,BIRMINGHAM,B26 2RR
C02744,AMBET LIMITED,FARNBOROUGH ROAD,MANCHESTER,M40 7WF
C02745,ARYHA,"141 CHESTER ROAD, 701 ELIZABETH TOWER, CROWN STREET",MANCHESTER,M15 4ZF
C02746,BRIGHTLIGHT SOLUTIONS LIMITED,"160 CHARLBURY CRESCENT, YARDLEY",BIRMINGHAM,B26 2LW
C02747,AS AND NK HOUSING,94 SOHO HILL,BIRMINGHAM,B19 1AD
C02748,ALAM INTERNATIONAL RESTAURANT,"SIX WAYS BUSINESS CENTRE, 1 GUILDFORD STREET",BIRMINGHAM,B19 2HN
C02749,AGECROFT PET SUPPLIES,UNIT 22/23 SHEARER WAY,MANCHESTER,M27 8WA
C02750,BLUE RIVER CAPITAL LIMITED,GREENFIELD CRESCENT 1,BIRMINGHAM,B15 3BE
C02751,BNS SELLY OAK LIMITED,"23 OAK TREE LANE, SELLY OAK",BIRMINGHAM,B29 6JE
C02752,AL RAYYAN CARWASH LTD,AL RAYYAN CARWASH LTD SMITHY LANE,MANCHESTER,M31 4RB
C02753,1ST CALL 4 SERVICE LIMITED,"UNIT B10, 187 PARK LANE",BIRMINGHAM,B35 6AN
C02754,AMANOAH PROPERTIES LTD,165 WESTRIDGE RD,BIRMINGHAM,B13 0EB
C02755,ALPHA PROPERTIES AND MAINTENANCE LTD,LANSDOWNE RD,BIRMINGHAM,B21 9AT
C02756,AHRA INVESTMENTS LTD,"2 WHEELEYS ROAD, EDGBASTON",BIRMINGHAM,B15 2LD
C02757,BDP MEPLOYEE BENEFIT TRUSTEES LIMITED,11 DUCIE STREET,,M1 2JB
C02758,BROOMHALL SOLICITORS LIMITED,"CHELTENHAM HOUSE 14-16, TEMPLE ST",,B2 5BG
C02759,FIRE EYES LIMITED,25 ALEXANDRA ROAD,MANCHESTER,M8 5QF
C02760,BARUJBURGS LTD,651 MAULDETH ROAD WEST,MANCHESTER,M21 7SA
C02761,BANGER & BANGRE PROPERTY,39 HOSPITAL STREET,BIRMINGHAM,B19 3PU
C02762,5 STAR BEAUTY LTD,"1454 PERSHORE ROAD, STIRCHLEY",BIRMINGHAM,B30 2PH
C02763,BASTIONLAND PRESS LIMITED,KINBURN RD,MANCHESTER,M19 1RH
C02764,BD ELECTRICAL AND ELECTRONICS,"PICCADILLY BUSINESS CENTRE, ALDOW ENTERPRISE PARK",MANCHESTER,M12 6AE
C02765,ALAYA.ZONE,17 LYNCROFT RD,,B11 3EJ
C02766,AJ HOME MANAGEMENT SERVICES LTD,"UNIT B, MADISON PLACE, NORTHAMPTON RD",MANCHESTER,M40 5AG
C02767,BLIZZARDS CONSULTING LIMITED,"THE LODGE, CASTLE BROMWICH HALL CHESTER ROAD, CASTLE BROMWICH",BIRMINGHAM,B36 9DE
C02768,ARTDOTSAUCE ACO LIMITED,"19 ASTLEY HALL DRIVE, TYLDESLEY",MANCHESTER,M29 7TX
C02769,BALQEES PROPERTYS LIMITED,"FLAT 208, 1 DEANSGATE",MANCHESTER,M3 1AZ
C02770,A & R HEALTHCARE LTD,26 DENISON ROAD,MANCHESTER,M14 5SQ
C02771,AG TRANSLATION SERVICES LTD,"GREGS BUILDINGS, 1 BOOTH STREET",MANCHESTER,M2 4AU
C02772,A&J CONCRETE AND SCREED LTD,"64 ROMA ROAD, TYSELEY",BIRMINGHAM,B11 2JL
C02773,AFTERMARKET INSIGHTS & RESEARCH SERVICES LTD,CAMPFIELD HOUSE,MANCHESTER,M3 4FP
C02774,PESHAWEAR (U.K.),"UNIT 10 CLARENCE AVENUE, TRAFFORD PARK",MANCHESTER,M17 1QS
C02775,BARONISSIMA LIMITED,69 GREAT HAMPTON ST,BIRMINGHAM,B18 6EW
C02776,73 PROJECTS LTD,"35 DROYLSDEN WHARF ROAD, DROYLSDEN",MANCHESTER,M43 6SR
C02777,ACE ROOFING & LEADWORK,"67 WINDSOR ROAD, PRESTWICH",MANCHESTER,M25 0DB
C02778,ATHENA HOLDINGS GROUP LIMITED,"C/O BLUEWATER QUADRANT COURT, 49 CALTHORPE RD",BIRMINGHAM,B15 1TZ
C02779,ADEBOY LIMITED,"CASTLE DRIVE, COLESHILL 49",BIRMINGHAM,B46 3LX
C02780,A.H. ETHIO LTD,"2 YORK STREET, LEVENSHULME",MANCHESTER,M19 3YS
C02781,BEARS AND PEARS PROPERTY LIMITED,"696 YARDLEY WOOD ROAD, BILLESLEY",BIRMINGHAM,B13 0HY
C02782,A1 TYRES 4 U LIMITER,"21 NINEVEH ROAD, HANDSWORTH",BIRMINGHAM,B21 0SU
C02783,A AND K DENTON,"10 TOWN LANE, DENTON",MANCHESTER,M34 6LE
C02784,BC21.07 LTD,"UNIVERSAL SQUARE BUILDING 5, 5TH FLOOR, DEVONSHIRE ST NORTH",MANCHESTER,M12 6JH
C02785,ALSUFRAH FOOD LTD,"7 PLUMTREE CLOSE, ECCLES",MANCHESTER,M30 0UY
C02786,BE WILD CREATIVE,"25 CALEDONIAN DRIVE, ECCLES",MANCHESTER,M30 0SX
C02787,ALDERROOK FINANCIAL SERVICES,"THE ARGENT CENTRE, 60 FREDERICK STREET",BIRMINGHAM,B13HS
C02788,ADEKOYA & OLUMUYIWA LIMITED,45 STEEPWOOD CROFT,BIRMINGHAM,B30 1AR
C02789,ALDERMINT LIMITED,"OFFICE 15614 INITIAL BUSINESS CENTRE, UNIT 7 WILSON BUSINESS PARK",MANCHESTER,M40 8XN
C02790,ALS AUTOS VEHICLE MAINTENANCE & SERVICE CENTRE LTD,"UNIT 3-4, DARTMOUTH MIDDLEWAY",BIRMINGHAM,B7 4AT
C02791,ATENSHI FOR TRADING,"UNIT 7 INITIAL BUSINESS CENTRE, WILSON BUSINESS PARK",MANCHESTER,M40 8WN
C02792,ALTAF BROTHERS,16 BOYLESTON ROAD,BIRMINGHAM,B28 9JL
C02793,ABOVE REAL ESTATES,"292 ROOKERY ROAD, HANDSWORTH",BIRMINGHAM,B21 9PR
C02794,BEELA’S COLLECTION,64 VENTURE SCOUT WAY,MANCHESTER,M8 8SY
C02795,ACTIVE AERO DRONE SERVICES,2 STAINSBY AVENUE,BIRMINGHAM,B193ES
C02796,AKS HUOSING,"99 FENTHAM ROAD, ASTON",BIRMINGHAM,B6 6AG
C02797,BLAKE GROUNDS SERVICES,"JACTIN HOUSE 24 HOOD STREET, ANCOATS",MANCHESTER,M4 6WX
C02798,VAPOURS APPROVEDBYGROUP LTD,4 4 MILLPOOL WAY,BIRMINGHAM,B66 4HW
C02799,ALVORO GROUP,FLAT 3306 15 SILVERCROFT STREET,MANCHESTER,M15 4ZD
C02800,AEIRE HOMES,"GROSVENOR HOUSE, 11 ST. PAULS SQUARE",BIRMINGHAM,B3 1RB
C02801,25 TEVERSAL AVENUE LIMITED,202 FAZELEY STREET,BIRMINGHAM,B5 5SE
C02802,AJBRINKMAN LTD,"21 SUMNER STREET, ATHERTON",MANCHESTER,M46 0DJ
C02803,AGYAD LIMITED,"5 ROSS AVENUE, WHITEFIELD",MANCHESTER,M45 7FH
C02804,AUTUMN & EMBER,163 BROOKLANDS ROAD,BIRMINGHAM,B28 8JP
C02805,GEMCAP UK,"33 TURNER STREET, C/O BRIERLEY COLEMAN & CO",MANCHESTER,M4 1DW
C02806,BAB AL HARA CATERING LTD,"1 GRAFTON ROAD, SPARKBROOK",BIRMINGHAM,B11 1JP
C02807,ACQUIRTAL LIVING LIMITED,"BEEVER AND STRUTHERS, ONE EXPRESS 1 GEORGE LEIGH STREET, ANCOATS",MANCHESTER,M4 5DL
C02808,M20 CAPITAL II LTD,BANK CHAMBERS,MANCHESTER,M20 6UR
C02809,31 CALEDONIA PLACE MANAGEMENT COMPANY LIMITED,"HIGHFIELD ROAD, EDGBASTON 19",BIRMINGHAM,B15 3BH
C02810,SCH ACCOUNTANCY SERVICES LIMITED,"7 HEWELL LANE, BARNT GREEN",BIRMINGHAM,B45 8NZ
C02811,BATTLEGROUNDS ANALYTICS,"9 MANTHORPE AVENUE, WORSLEY",MANCHESTER,M28 2NZ
C02812,BEE’S KNEES NURSERY & PRE-SCHOOL,"86 ROCHDALE ROAD, MIDDLETON",MANCHESTER,M24 2QA
C02813,LOLA CHUNG,"UNIT 7 INITIAL BUSINESS CENTER, WILSON BUSINESS PARK",MANCHESTER,M40 8WN
C02814,ALLKEMPT LTD,12 HIGHFIELD ROAD,MANCHESTER,M19 3JX
C02815,BEVE,"167 167 CADDIE ROAD, LITTLE HULTON",MANCHESTER,M389BW
C02816,AR WELDCRAFT,"15 PARVET AVENUE, DROYLSDEN",MANCHESTER,M43 7SS
C02817,AL WAHHAB HOLDINGS,"BARTLE HOUSE, 9 OXFORD COURT",MANCHESTER,M2 3WQ
C02818,BIRCH & SONS CARPENTRY SALES LTD,"103 OSWALD ROAD, CHORLTON CUM HARDY",BIRMINGHAM,B36 9LE
C02819,AFRIQI HEALTH & BEAUTY LTD,82 RAVENSBURY STREET,,M11 4JJ
C02820,2205,"PICCADILLY BUSINESS CENTRE UNIT C ALDOW ENTERPRISE PARK, BLACKETT ST",MANCHESTER,M12 6AE
C02821,A TO Z PHARMACARE,54 EDMUND ROAD,BIRMINGHAM,B8 1HF
C02822,AENO ORBIT,"C/O ACCOUNTS AND LEGAL, 81 KING STREET",MANCHESTER,M2 4AH
C02823,ADASOFT LTD,42 GRAVELLY LANE,BIRMINGHAM,B23 6UH
C02824,ECO GREEN FRIENDLY CLEANING LTD,31 BARRY RD,MANCHESTER,M23 0EB
C02825,ADVANCEDSOLUTIONSWORLDWIDE LTD,"FLAT 35 BRINDLEY POINT, 20 SHEEPCOTE STREET",BIRMINGHAM,B16 8AE
C02826,AZLANCO LIMITED,"UNIT 1A, 54 DERBY ST",MANCHESTER,M8 8HF
C02827,BATCHABLE ENTERPRISES LIMITED,"84/90 STANLEY STREET, OPENSHAW",MANCHESTER,M11 1LE
C02828,ABEEL TRADERS,76 SOUTHERN ROAD,BIRMINGHAM,B8 2ES
C02829,AMRENT MEDICAL,"82A ROLFE STREET, SMETHWICK",BIRMINGHAM,B66 2AF
C02830,AYUR HOME,"1194 -1196 WARWICK ROAD, ACOCKS GREEN",BIRMINGHAM,B27 6BY
C02831,AMSTOR ACCOUNTANTS,"PREMIER HOUSE 15 LEOPOLD STREET, HIGH GATE",BIRMINGHAM,B12 0UP
C02832,ALYSOFI LTD,WATTVILLE ROAD,BIRMINGHAM,B21 0DR
C02833,ASSOCIATED TYRE SPECIALISTS (INVESTMENT) LIMITED,"FIRST FLOOR AQUEOUS II, ASTON CROSS BUSINESS PARK, ROCKY LANE",BIRMINGHAM,B6 5RQ
C02834,BOHEMIA BEAUTY LIMITED,"SUITE 6 639/641 MANCHESTER OLD ROAD, MIDDLETON",MANCHESTER,M24 4PN
C02835,ADY ENGINEERING & RECYCLING SOLUTIONS,"SUITE 2, MERCER HOUSE, 780A HAGLEY ROAD WEST",BIRMINGHAM,B68 0PJ
C02836,AMOS DYNAMIC SOLUTIONS,QUEENSWOOD ROAD 42,BIRMINGHAM,B13 9AX
C02837,AMARJI LIMITED,"KINGSNORTH HOUSE, BLENHEIM WAY",BIRMINGHAM,B44 8LS
C02838,ARUF GROUP,CHATLEY STREET,MANCHESTER,M3 1HX
C02839,ANAVRIN ATCOUNTANTS,10 BICKLEY GROVE,BIRMINGHAM,B26 3DH
C02840,BIG FLOWER STALL,98 PADDLE STREET,,M38 9DH
C02841,AFTEC HOLDINGS,"LIFFORD HALL LIFFORD LANE, KINGS NORTON",BIRMINGHAM,B30 3JN
C02842,ASHTON SMETHURST (BUILDERS) LIMITED,"LODGE STREET, MIDDLETON",MANCHESTER,M24 6AD
C02843,BC1.07 TLD,"UNIVERSAL SQUARE BUILDING 5, 5TH FLOOR, DEVONSHIRE STREET NORTH",MANCHESTER,M12 6JH
C02844,A&U MOTORS LTD,157 LITTLE GREEN LANE,BIRMINGHAM,B9 5BG
C02845,ARIAN (CATERING SUPPLIERS) LIMITED,"UNIT 4, BLOCK 1 ALBERT CLOSE TRADING ESTATE, WHITEFIELD",MANCHESTER,M45 8EH
C02846,AHEAD BUILDERS,27 27 GILES STREET,MANCHESTER,M12 5GE
C02847,BAMSI DOGAN LTD,24 WOODLANDS STREET,MANCHESTER,M8 9LL
C02848,ALL SPARES123 LTD,"UNIT 49 KINGS ROAD, TYSELEY",BIRMINGHAM,B11 2AL
C02849,AURAKIZ TRADE LIMITED,40 PETER MOSS WAY,MANCHESTER,M19 3JS
C02850,AP SD FIFTY ONE,"UNIT 2 480 BRISTOL ROAD, SELLY OAK",BIRMINGHAM,B29 6BD
C02851,ACT PROPERTY LIMITED,"THE COPPER ROOM DEVA CITY OFFICE PARK, TRINITY WAY",MANCHESTER,M3 7BG
C02852,AJDENT LTD,1 HARDMAN STREET,MANCHESTER,M3 3HF
C02853,BAMBS PROPERTY,4 FALLOW AVENUE,MANCHESTER,M18 7GD
C02854,AGR INTEGRATED SOLUTIONS LTD,"AQUEOUS 3, SECOND FLOOR, ASTON CROSS BUSINESS PARK, ROCKY LANE",BIRMINGHAM,B6 5RQ
C02855,BIRCHFIELD HOUSE MANAGEMENT CO BREAKPOINT LTD,"75 STRATFORD ROAD, SPARKBROOK",MANCHESTER,M2 3BD
C02856,AN & MN HOLDINGS,JERRYS LANE,BIRMINGHAM,B23 5PA
C02857,BP HOLDBNGS,BADSHAH PALACE,BIRMINGHAM,B42 1LR
C02858,A&T TREE SERVICES LIMITED,39 GRACEMERE CRESCENT,BIRMINGHAM,B280TY
C02859,ADDRESSING ADDICTIONS LIMITED,22 LINDFORD WAY,BIRMINGHAM,B38 0BD
C02860,PERLMART LIMITED,UNIT 7 INITIAL BUSINESS CENTRE,MANCHESTER,M40 8WN
C02861,AMANJ BUILDERS BIRMINGHAM,107 UPPER MEADOW ROAD,BIRMINGHAM,B32 1NR
C02862,AMRITSARI TARKA SOHO,121 SOHO ROAD,BIRMINGHAM,B21 9ST
C02863,AYESH HEALTHARE LIMITED,51 TRINITY ROAD,BIRMINGHAM,B6 6LW
C02864,ARDENVALE INVESTMENTS LIMITED,25 STECHFORD RD,BIRMINGHAM,B34 6AA
C02865,AR LANCASHIRE,27 HALSBURY CLOSE,MANCHESTER,M12 4NP
C02866,B.S. PLASTICS LIMITED,"25 DULVERTON ROAD, WITTON",BIRMINGHAM,B6 7EQ
C02867,AMORIA BOND LIMITED,"2ND FLOOR, ONE DIDSBURY POINT, 2 THE AVENUE",MANCHESTER,M20 2EY
C02868,A-W GARAGE LTD,PINNER PLACE,MANCHESTER,M19 1JL
C02869,AJH JOINERY,"211 MANCHESTER NEW ROAD, MIDDLETON",MANCHESTER,M24 1JT
C02870,AULAKH HOUSING,64 STADIUM ROAD,BIRMINGHAM,B28 8BF
C02871,ARABIAN NITEZ NW LTD,WILMSLOW ROAD 258,MANCHESTER,M14 6JR
C02872,APS PRIVATE,372 FARM STREET,BIRMINGHAM,B19 2TZ
C02873,AUTO MATTERS,"VICTORY PARK INDUSTRIAL ESTATE, FAILSWORTH UNIT 6",MANCHESTER,M35 0BG
C02874,AUCTIO LIMITED,280-282 CHURCH ROAD,BIRMINGHAM,B26 3YH
C02875,ACCUGROWTH LTD,1 FINSBURY AVENUE,MANCHESTER,M40 2RX
C02876,KINAXIA LOGISTICS TRAINING,"ALBA WAY STRETFORD MOTORWAY ESTATE, STRETFORD",MANCHESTER,M32 0ZH
C02877,BROMLEY CROSS ESTATES LTD,"LIFFORD HALL LIFFORD LANE, KINGS NORTON",BIRMINGHAM,B30 3JN
C02878,ARMANI & SONS,1 ALUM ROCK ROAD,BIRMINGHAM,B8 1LL
C02879,ALSHAMERI & SONS,43 OMBERSLEY RD,BIRMINGHAM,B12 8UT
C02880,ALI FOROUZ LTD,1 REDSTONE ROAD,MANCHESTER,M19 1RB
C02881,ALTAS BETA,69 OLLIER AVENUE,MANCHESTER,M12 5SW
C02882,APOTHIS CAPITAL LTD,"SIX WAYS BUSINESS CENTRE, 1 GUILDFORD STREET",BIRMINGHAM,B19 2HN
C02883,BLUE ESKIMO SOLUTIONS LIMITED,KINGSNORTH HOUSE,BIRMINGHAM,B44 8LS
C02884,BELLEGLOW BEAUTY LTD,"5 WENTWORTH AVENUE, NORTHFIELD",BIRMINGHAM,B31 5US
C02885,BRIT PHONES,"BRIT PHONES LTD, KIOSK 4 THE UPPER PARADE , COVERED MARKET, SWINTON",MANCHESTER,M27 4BD
C02886,A I IMMIGRATION SERVICES LTD,"UNIT 1 , 214-218 HERBERT ROAD, SMALL HEATH",BIRMINGHAM,B10 0PR
C02887,ASAWAR’S MAKE LTD,WHITMORE RD,BIRMINGHAM,B10 0NP
C02888,A PLUS ACADEMY DIDSBURY,1 QUEENSWAY,MANCHESTER,M19 1QP
C02889,AMALS HOUSE,5 BECKETT STREET,MANCHESTER,M18 7AW
C02890,AVECTO,"BUILDING ONE TRIDENT BUSINESS PARK, STYAL ROAD",MANCHESTER,M225XB
C02891,ALLENS BAKERY AND CONFECTIONERY LTD,"CAPITAL HOUSE 272 MANCHESTER ROAD, DROYLSDEN",MANCHESTER,M43 6PW
C02892,BRIERSTONE MELTHAM LIMITED,"C/O WILLIAMSON & CROFT YORK HOUSE, 20 YORK STREET",MANCHESTER,M2 3BB
C02893,ABBEY DRIVES LTD,"SAPPHIRE HEIGHTS COURTYARD, 31 TENBY STREET NORTH",BIRMINGHAM,B1 3ES
C02894,ARVION HOLDING,UNIT 1E BROMSGROVE HOUSE,BIRMINGHAM,B5 6AJ
C02895,AYKAH AL-NAMAA FOR TRADING,"UNIT 7 INITIAL BUSINESS CENTRE, WILSON BUSINESS PARK",MANCHESTER,M40 8WN
C02896,A1 COMMODITIES,18 PHILIP SIDNEY RD,BIRMINGHAM,B11 4HZ
C02897,BORDESLEY MOBILE TYRE SERVICES LTD,"122 FRANCES ROAD, KINGS NORTON",BIRMINGHAM,B30 3DX
C02898,CONVEYANCING WHISPER LIMITED,12 HEATHER DALE,BIRMINGHAM,B13 8NN
C02899,AU VENTURES LIMITED,"ASTON UNIVERSITY, LEGAL SERVICES, ASTON TRIANGLE",BIRMINGHAM,B4 7ET
C02900,AKL THERAPEUTICS LIMITED,"THE LEXICON SECOND FLOOR, MOUNT STREET",MANCHESTER,M2 5NT
C02901,ABDULLAH HAIR STUDIO LTD,453 BROOK LANE,BIRMINGHAM,B13 0BT
C02902,ACHA HALAL,HEYBARNES ROAD,BIRMINGHAM,B10 9HR
C02903,ABRAHAM LAW SOLICITORS,"1388 - 1394 COVENTRY ROAD, YARDLEY",BIRMINGHAM,B25 8AE
C02904,B69,COMPASS BLOCK MANAGEMENT,BIRMINGHAM,B18 6DA
C02905,BLIK AA LTD,107 FIFTH AVENUE,BIRMINGHAM,B9 5RB
C02906,ASAD MART LTD,STOCKPORT ROAD,MANCHESTER,M19 2SU
C02907,ABBEY DRY CLEANERS BEARWOOD LTD,"29 ABBEY ROAD, SMETHWICK",BIRMINGHAM,B67 5RA
C02908,BRIGHTEN UP MAINTENANCE,17 KINGSMERE CLOSE,BIRMINGHAM,B24 8QL
C02909,BEAUFORD WEDDING CAR MANCHESTER LTD,24 PARK ROAD,MANCHESTER,M8 4HU
C02910,AK INVESTMENT PORTFOLIO LTD,140 CHEETHAM HILL ROAD,MANCHESTER,M8 8PZ
C02911,BANDESHA.BROTHERS LIMITED,UNIT 3 VICTORY PARK INDUSTRIAL ESTATE,MANCHESTER,M35 0BG
C02912,ADHK LOCUM LIMITED,159 SWANSHURST LANE,BIRMINGHAM,B13 0AS
C02913,ASHIQ BARBER LTD,545 WARWICK ROAD,BIRMINGHAM,B11 2EX
C02914,FIRST 4 SERVICES LTD,77 HOLYHEAD RD,BIRMINGHAM,B21 0LG
C02915,ANXT,"LIFFORD HALL LIFFORD LANE, KINGS NORTON",BIRMINGHAM,B30 3JN
C02916,ANDY BUCKLEY LIMITED,"31 VICTORIA LANE, SWINTON",MANCHESTER,M27 9LS
C02917,CABLE GLANDS UK,"MITCHELL CHARLESWORTH, 3RD FLOOR, 44 PETER STREET",MANCHESTER,M2 5GP
C02918,BEDS CENTRAL,119 PERSHORE ROAD,BIRMINGHAM,B5 7NL
C02919,ROBERTSON TOTAL PROPERTY MAINTENANCE LIMITED,"1 ROCKY LANE, ASTON",BIRMINGHAM,B6 5RQ
C02920,BCL THERAPIES LTD,"26 THE GREEN, KINGS NORTON",BIRMINGHAM,B38 8SD
C02921,3 STAR SHOP,"305 FOX HOLLIES ROAD, ACOCKS GREEN",BIRMINGHAM,B27 7PS
C02922,B1 TOPGEAR MOTORS,10-12 FLORENCE STREET,BIRMINGHAM,B1 1NX
C02923,ALIMENTARY BLENDING LTD,"189 BRAMPTONS AUTO CENTRE, FORDHOUSE LANE",MANCHESTER,M24 2QN
C02924,ACHEL GROUP LTD,"CARDINAL HOUSE, 20 ST. MARYS PARSONAGE",MANCHESTER,M3 2LY
C02925,ATOZ HEALTH LTD,PALATINE RD 74,MANCHESTER,M20 3JW
C02926,BRADNOCKS CONTRACTORS LIMITED,C/O VAGHELA & CO,BIRMINGHAM,B1 1SB
C02927,ADVANCU FORWARD TWO WORK LTD,"BRANSTON COURT, BRANSTON STREET",BIRMINGHAM,B18 6BA
C02928,AMY NAILS BEAUTY LIMITED,"10 MIDDLETON GARDENS, MIDDLETON",MANCHESTER,M24 4TF
C02929,HASHIM & ASSOCIATES LIMITED,548A WILBRAHAM ROAD,MANCHESTER,M21 9LB
C02930,BB HEXLTH LAB LIMITED,SUMMER HILL STREET,BIRMINGHAM,B1 2PE
C02931,AK CONTRACTS QUALITY MANAGEMENT LIMITED,"UNIT 23 KENYON FORGE, KENYON STREET",BIRMINGHAM,B186AR
C02932,ASKO SERVICES,KELSALL CROFT,BIRMINGHAM,B1 2PS
C02933,ASHVINE HOMES,7 CROSBY CLOSE,BIRMINGHAM,B1 2QB
C02934,ASH & A,"2 NORTH WESTERN STREET, LEVENSHULME",MANCHESTER,M19 3NY
C02935,ABOTSFORD CARE HOME LIMITED,"GROUND FLOOR, 47 BURY NEW ROAD, PRESTWICH",MANCHESTER,M259JY
C02936,ATIFORIA LTD,"52 BOWLER STREET, LEVENSHULME",MANCHESTER,M19 2TY
C02937,AL-GAAFARI & BIN HATEM PHARMACEUTICAL IMPORT & MARKETING LTD,"UNIT 7 INITIAL BUSINESS CENTRE, WILSON BUSINESS PARK",MANCHESTER,M40 8WN
C02938,BOWER PROPERTY DEVELOPMENTS,12 MARY STREET,MANCHESTER,M43 7AX
C02939,AUNTY RUGS BUSINESS ENTERPRISE,"4 LIDBROOK WALK, LONGSIGHT",MANCHESTER,M12 4LN
C02940,ARMITA GLOBAL LTD,86C WATER STREET,BIRMINGHAM,B3 1HL
C02941,BEE’S KNEES NURSERY & RPE-SCHOOL,"86 ROCHDALE ROAD, MIDDLETON",,M24 2QA
C02942,AGAD HEALTH CARE,"840 CHESTER ROAD, ERDINGTON",BIRMINGHAM,B24 0EH
C02943,A MANAN LIMITED,1 PRESTBURY AVENUE,MANCHESTER,M14 7HF
C02944,AARMILL MARKETING CONSULTANCY AYW LTD,"29 MANCHESTER ROAD EAST, LITTLE HULTON",MANCHESTER,M19 2QR
C02945,BRANDZ TATTOO STUDIO MCR,"OFFICE 5, 485 OLDHAM ROAD, FAILSWORTH",MANCHESTER,M35 9AB
C02946,ALI MOTORS MIDLANDS LIMITED,286 OLTON BOULEVARD WEST,BIRMINGHAM,B11 3HH
C02947,ACCIDENT ASSIST YORKSHIRE LTD,"HIGHFIELD HOUSE 1562 STRATFORD ROAD, HALL GREEN",BIRMINGHAM,B28 9HA
C02948,ASHBOURNE DENTAL PRACTICE IMITED,"ASHBOURNE DENTAL PRACTICE, 89-95 NEW SUMMER STREET",BIRMINGHAM,B19 3TE
C02949,A TO Z PROPERTY HOLDINGS,234 THE BROADWAY,BIRMINGHAM,B20 3DL
C02950,BRADSHAW ASSETS LIMITED,UNIT 4 TALLOW WAY,MANCHESTER,M44 6RJ
C02951,ALLMID OAK LTD,20 DEWHURST STREET,BIRMINGHAM,B24 0RH
C02952,ADVANCED DAMP PROOFING,91 PRINCESS STREET,MANCHESTER,M1 4HT
C02953,ASA TECHNICAL SOLUTIONS LTD,"SIX WAYS BUSINESS CENTRE, 1 GUILDFORD STREET",BIRMINGHAM,B19 2HN
C02954,40EVENTS2GO LIMITED,"BARTLE HOUSE, 9 OXFORD COURT",MANCHESTER,M2 3WQ
C02955,ARKI'S FISH BAR UVD LIMITED,66 KINGSLAND ROAD,BIRMINGHAM,B15 3EZ
C02956, 2 Z AUTO SERVICES,"UNIT 3,, MIDLAND STREET",MANCHESTER,M12 6LB
C02957,BAWA SOFTWARE LIMITED,"UNIVERSAL SQUARE, DEVONSHIRE STREET NORTH",MANCHESTER,M12 6JH
C02958,BAMSI BOGDAN LIMITED,"45 - 240, LIVERPOOL ROAD ECCLES",BIRMINGHAM,B33 4TW
C02959,ADEN TRADING LTD,2 RYEBANK CLOSE,BIRMINGHAM,B30 1SN
C02960,ADVANCE PROJECT,71 LANGLEY LANE,MANCHESTER,M24 5LL
C02961,"BECOKA INTERNATIONAL CO., LIMITED","OFFICE 15246 INITIAL BUSINESS CENTRE, UNIT 7 WILSON BUSINESS PARK",MANCHESTER,M40 8WN
C02962,ASENOV FAMILY CO LIMITED,"GREGS BUILDINGS, 1 BOOTH ST",MANCHESTER,M2 4AD
C02963,3H HOUSES LIMITED,HATHERLEY RD 27,MANCHESTER,M20 4RN
C02964,BLACK MOUNTAIN BIKES,"SUMMER HILL WORKS, POWELL STREET",BIRMINGHAM,B1 3DH
C02965,BIG & LUNA INTERNATIONAL TRADING LTD,CHEETHAM HILL ROAD,MANCHESTER,M8 8PY
C02966,ALUCORE MCR,83 SCHUSTER ROAD,MANCHESTER,M14 5LJ
C02967,AAZ INVESTMENT PROPERTIES,"547 COVENTRY ROAD, SMALL HEATH",BIRMINGHAM,B10 0LP
C02968,ALUM SUPPLIES LTD,"426 STOCKFIELD ROAD, YARDLEY",BIRMINGHAM,B25 8JJ
C02969,ALM LONSDALE CONSULTING LIMITED,66 LONSDALE ROAD,BIRMINGHAM,B17 9QZ
C02970,AC BUILDING SERVICES,"UNIT 6 HOLLYWOOD TRADING ESTATE, DARK LANE",BIRMINGHAM,B47 5BN
C02971,AK MCR,"OFFICE NO 1, 329, DICKENSON RD",MANCHESTER,M13 0NR
C02972,ALTITUDE PROPERTY MANAGEMENT COMPANY,"ST MARYS HOUSE, HARBORNE PARK ROAD",BIRMINGHAM,B17 0DH
C02973,ANISH CONSULTANCY LTD,"BEECH HOUSE, 1A ARTHUR ROAD",BIRMINGHAM,B15 2UW
C02974,AG TECHNICAL SEVICES,3 CORBYN ROAD,BIRMINGHAM,B95UR
C02975,AKAAL RESIDENCES,"C/O NASEEMS 104 STONEY LANE, BALSALL HEATH",BIRMINGHAM,B12 8AF
C02976,3EEES HEALTHCARE,"TOP HOUSE, SHAWHEATH CLOSE",MANCHESTER,M15 4BQ
C02977,BOYD HOMES,7 FAIRCROFT ROAD,BIRMINGHAM,B36 9UE
C02978,AFRAM SOCIAL CARE CONSULTANCY LTD,"233 WEST BOULEVARD WEST BOULEVARD, QUINTON",BIRMINGHAM,B32 2DE
C02979,A1 CAR LEASING UK,3 HAWTHORN DRIVE,MANCHESTER,M19 1HQ
C02980,NWM DESIGN STUDIO LIMITED,131 WYCKHAM ROAD,BIRMINGHAM,B36 0HU
C02981,ABILITY ENGIWEERING LIMITED,527 MOSELEY ROAD,BIRMINGHAM,B12 9BU
C02982,192 CONSULTANCY LTD,12 ROLLASON ROAD,BIRMINGHAM,B24 9BJ
C02983,BESTINQUALITYSERVICES LTD,"33 CROMPTON ROAD, HANDSWORTH",BIRMINGHAM,B20 3QD
C02984,MYCOLOOPS GROUP,"THE COPPER ROOM DEVA CITY OFFICE PARK, TRINITY WAY",MANCHESTER,M3 7BH
C02985,AMENDS ROOFING & POINTING LIMITED,"CROWN HOUSE 4 HIGH STREET, TYLDESLEY",MANCHESTER,M29 8AL
C02986,BILAL CONSTRUCTION GROUP,65 RECTORY PARK ROAD,BIRMINGHAM,B26 3LJ
C02987,BETTER BUSINESS PERFORMANCE LIMITED,14 ELLESBORO RD,BIRMINGHAM,B17 8PT
C02988,ALCESTER CONVENIENCE STORE LTD,1005 ALCESTER RD SOUTH,BIRMINGHAM,B14 5JA
C02989,BRASS LOCK,194 PARKDALE RD,BIRMINGHAM,B26 3UX
C02990,AXIA COMPUTER SYSETMS LIMITED,"BARTLE HOUSE, 9 OXFORD COURT",MANCHESTER,M2 3WQ
C02991,BMT HEALTHCARE SOUTH HOLDINGS LIMITED,"UNIT 5 CROWN POINT SOUTH INDUSTRIAL PARK, KING STREET, DENTON",MANCHESTER,M34 6PF
C02992,BACK A YARD LTD,"435 WILMSLOW ROAD, WITHINGTON",MANCHESTER,M20 4AF
C02993,BRIGHTSTAR BOOKS LIMITED,89 BURY NEW ROAD,MANCHESTER,M45 7EG
C02994,ANDIRECT LIMITED,35 THE LINKS,MANCHESTER,M40 3NT
C02995,AWAIS AJ MOTERS,"UNIT 16 POWKE LANE, ROWLEY GEGIS",BIRMINGHAM,B65 0AH
C02996,BLUENILE SECURITY SERVICES LIMITED,"FLAT 63 SCHOLEFIELD TOWER, UXBRIDGE STREET",BIRMINGHAM,B19 3UW
C02997,BEN CARPENTER PHOTOGRAPHY,"272 MANCHESTER ROAD, DROYLSDEN",MANCHESTER,M43 6PW
C02998,BEECHES GENERAL STORES BACCHUS LTD,52 WITTON ROAD,BIRMINGHAM,B42 2HQ
C02999,ASKARI MANAGEMENT,2 WHEELEYS ROAD,BIRMINGHAM,B15 2LD
C03000,ABU MAZEN TRADING,6 CARRINGTON TERRACE,MANCHESTER,M27 8BJ
C03001,BONDWEST LTD,"305 KINGSTANDING RD KINGSTANDING ROAD, KINGSTANDING",BIRMINGHAM,B44 9TH
C03002,B&Y CONSTRUCTION,1565,BIRMINGHAM,B28 9JA
C03003,BMN BG,51 HUNTON HILL,BIRMINGHAM,B23 7ND
C03004,AHSEN LTD,"UNIT 4 APOLLO BUSINESS CENTRE, APSLEY GROVE",MANCHESTER,M12 6AW
C03005,ARROW LAW LIMITED,"PARKWAY FIVE, PRINCESS ROAD",MANCHESTER,M14 7HR
C03006,ASIAPACK LTD,GREEN LANE (REAR OF),BIRMINGHAM,B9 5QJ
C03007,CREATE.IF CONSTRUCT LTD,"321, BRADFORD STREET",BIRMINGHAM,B5 6ET
C03008,BLUE INDEMNITY BROKERS,54 HAGLEY RD,BIRMINGHAM,B16 8PE
C03009,APEXX TRADING LTD,334 SLADE LANE,MANCHESTER,M19 2BL
C03010,AKS  PROPERTIES ARE LIMITED,120 WHEELER STREET,BIRMINGHAM,B19 2HB
C03011,670 GRAMS LTD,"CROSBY COURT, 28 GEORGE STREET",BIRMINGHAM,B3 1QG
C03012,A&A STORE AND GO,"UNIT 2,, TRADING CENTRE, 60 SHERBORNE STREET",,M8 8LR
C03013,KB LOGIC LIMITED,"13TH FLOOR, PICCADILLY PLAZA",MANCHESTER,M1 4BT
C03014,BICKERTON UADIO,33 BEAUMONT ROAD,BIRMINGHAM,B30 2EA
C03015,ASZMA PROPERTY SERVICES,3 COUCHMAN ROAD,BIRMINGHAM,B8 3SL
C03016,SPIREX GROUP,25-27 HARKNESS ST,MANCHESTER,M12 6BT
C03017,AIDAN HOUSING LTD,24 MENIN ROAD,BIRMINGHAM,B13 0TT
C03018,ADAPT NETWORKS LTD,"GROUND FLOOR FRONT PLANTAGENET, 98 SPENCER STREET",BIRMINGHAM,B18 6DB
C03019,AREEZ LTD,DEAKINS ROAD,BIRMINGHAM,B25 8DX
C03020,BAC TRANSPORT SERVICES LTD,"70 HAMSTEAD ROAD, GREAT BARR",BIRMINGHAM,B43 5BU
C03021,BARQUES OAK LTD,49 CARPENTER ROAD,BIRMINGHAM,B15 2JP
C03022,AKHONDZADA GROUP,"24 WELLSTOCK LANE, LITTLE HULTON",MANCHESTER,M38 9TX
C03023,BHL CIVIL ENGINEERING,"26 THE GREEN, KINGS NORTON",BIRMINGHAM,B38 8SD
C03024,BRAVO INNS II LIMITED,ONE ST PETER'S SQUARE,MANCHESTER,M2 3DE
C03025,APEX INK,"17C VYSE STREET, HOCKLEY",BIRMINGHAM,B18 6LE
C03026,AMAZING SALES MANCHLSTER LIMITED,"55 KINGSWAY, SWINTON",MANCHESTER,M27 4JW
C03027,CHANEL BEDS,37 WELLFIELD RD,BIRMINGHAM,B289ND
C03028,B70 INVESTMENTS LTD,53 VITTORIA ST,BIRMINGHAM,B1 3NU
C03029,ALBURAQ CARGO LTD.,"FAIRGATE HOUSE KINGS ROAD, TYSELEY",BIRMINGHAM,B11 2AA
C03030,ALPHA INVESTMENT PROPERTY LIMITED,"C/O BTMR LIMITED CENTURY BUILDINGS, 14 ST MARY'S PARSONAGE",MANCHESTER,M3 2DF
C03031,BIR ESTATES,"2 WHEELEYS ROAD, EDGBASTON",BIRMINGHAM,B15 2LD
C03032,116BSL,10 PARK PLACE,MANCHESTER,M4 4EY
C03033,ACADEMY (MIDLANDS) LIMITED,"LIFFORD HALL LIFFORD LANE, KINGS NORTON",BIRMINGHAM,B30 3JN
C03034,AGHOCO 2378,"ONE, ST PETER'S SQUARE",MANCHESTER,M2 3DE
C03035,BIG STAR LIMITED,14 PHILLIMORE ROAD,BIRMINGHAM,B8 1PR
C03036,BLESSINGS PROPERTY,"46/47 5/F, THE WHITEHOUSE, 111 NEW STREET",BIRMINGHAM,B2 4EU
C03037,BOSWORTH NEWCO 1,"ONE ELEVEN, EDMUND STREET",BIRMINGHAM,B3 2HJ
C03038,AUTOMOTIVE & MACHINERY SAFETY,14 BURTONS PARK ROAD,BIRMINGHAM,B36 0TW
C03039,AL ABNAA AL MUDHIA GENERAL TRADING LTD,"UNIT 7 INITIAL BUSINESS CENTRE, WILSON BUSINESS PARK",MANCHESTER,M40 8WN
C03040,ASTARDIGM LTD,FLAT 5 15 OXFORD ROAD,BIRMINGHAM,B13 9EH
C03041,AMBROSIA HOMES LIMITED,"361 BURY NEW ROAD, WHITEFIELD",MANCHESTER,M45 7SU
C03042,SNWAR JONES PROPERTIES,53 GIBWOOD ROAD,MANCHESTER,M22 4BS
C03043,AZELECTRONICS,"WINDSOR ROAD, HARPURHEY 46",MANCHESTER,M9 5BW
C03044,BETTER FUTURE INVESTMENTS LTD,24 LARCH DRIVE,BIRMINGHAM,B31 5HB
C03045,AMITECH LTD,236 FLOYER ROAD,BIRMINGHAM,B10 9NA
C03046,ACTIVE CARE PRO REHAB,"109 CHEETHAM HILL ROAD, CHEETHAM HILL",MANCHESTER,M8 8PY
C03047,BASRAN LIMTIED,"2 WHEELEYS ROAD, EDGBASTON",BIRMINGHAM,B15 2LD
C03048,BOND & SINCLAIR SUPPORTED HOUSING LTD,214 ASTON LANE,BIRMINGHAM,B20 3HE
C03049,HICORP 115 LIMITED,"SMETHWICK WORKS, UNIT 9, SPRING RD",BIRMINGHAM,B66 1YE
C03050,PIE FX,"BARTLE HOUSE, 9 OXFORD COURT",MANCHESTER,M2 3WQ
C03051,736HILL GROUP LIMITED,"APARTMENT 73, GUNSMITH HOUSE, 61 PRICE STREET,",BIRMINGHAM,B4 6GR
C03052,AMBROSI INSULATION,38 GORSE FARM ROAD,BIRMINGHAM,B43 5LT
C03053,BLESST LTD,"LEWIS BUILDING FIRST FLOOR OFFICE 136, 34 BULL STREET",BIRMINGHAM,B4 6AF
C03054,A3M,"C/O SIGMA CHARTERED ACCOUNTANTS, CUBO, 55 COLMORE ROW",BIRMINGHAM,B3 2AA
C03055,ABI'S CARE SOLUTIONS LTD,"17 GRANTHAM CRESCENT, ECCLES",MANCHESTER,M30 0ZD
C03056,ASHDURN HOLDINGS LIMITED,"LIFFORD HALL LIFFORD LANE, KINGS NORTON",BIRMINGHAM,B30 3JN
C03057,BOSS LADY'S HAIR LTD,"480 LIVERPOOL ROAD, ECCLES, MANCHESTER, ENGLAND, 480 LIVERPOOL ROAD, ECCLES, MANCHESTER, M30 7HZ",MANCHESTER,M30 7HZ
C03058,BEST SIMPLE SOLUTION LTD,"OFFICE 12, INITIAL BUSINESS CENTRE, WILSON BUSINESS PARK",MANCHESTER,M40 8WN
C03059,92 LETTINGS LTD,17 HARTINGTON STREET,MANCHESTER,M14 4RW
C03060,ADAM SUPER STORE LIMITED,"142 HIGH STREET, HARBORNE",BIRMINGHAM,B17 9NN
C03061,AVERA CLUB,"15 NORTON STREET, OLD TRAFFORD",MANCHESTER,M16 7GQ
C03062,A5 NEWS LIMITED,"240 GROVE LANE, HANDSWORTH",BIRMINGHAM,B20 2EY
C03063,APEJOL,1 SEARBY RD,MANCHESTER,M18 7RQ
C03064,ATONH GLOBAL,227 CHURCH HILL ROAD,BIRMINGHAM,B20 3PH
C03065,ADVERTIISNG BILLBOARDS,14 FELTON AVENUE,MANCHESTER,M22 9PR
C03066,BLUEHARBOR TRADING LIMITED,6 CANBERRA WAY,BIRMINGHAM,B12 0TN
C03067,AYLAAN,"80A STAND LANE, RADCLIFFE",,M26 1JU
C03068,BLINDS & SHUTTERS EXPERTS,"72 HIGHFIELD LANE, QUINTON",BIRMINGHAM,B32 1QX
C03069,BOONDA INC,SCHOOL LANE,MANCHESTER,M20 6HQ
C03070,ASLAM SERVICES,"1192 STRATFORD ROAD, HALL GREEN",BIRMINGHAM,B28 8AB
C03071,AMH CARS BHM LTD,257 KINGSTANDING ROAD,BIRMINGHAM,B44 8LB
C03072,ABOUTIME ANWAAR LTD,44 BIRMINGHAM ROAD,BIRMINGHAM,B72 1QQ
C03073,BLUE BRICK CORPORATION LTD,"727 SHIRLEY ROAD, HALL GREEN",BIRMINGHAM,B28 9JR
C03074,AMBLESIDE FISH BAR WORCESTER,"40 VICARAGE ROAD, EDGBASTON",BIRMINGHAM,B15 3EZ
C03075,ABACUS BUSINESS SERVICES LIMITED,"45 HIGHMEADOW, RADCLIFFE",MANCHESTER,M26 1YN
C03076,BEARJAY LIMITED,"323A BELLAM COURT, WARDLEY",MANCHESTER,M27 9GD
C03077,BB 168,"299 ALCESTER ROAD SOUTH, KINGS HEATH",BIRMINGHAM,B146EB
C03078,ALPHA OCCASIONS,158 FIELDHOUSE RD,BIRMINGHAM,B25 8SJ
C03079,BJS IMPROVE LTD,"OFFICE 620 INITIAL BUSINESS CENTRE, WILSON BUSINESS PARK",MANCHESTER,M40 8WN
C03080,ADVERTISING AYDIN LTD,"175 RICHMOND ROAD, STECHFORD",MANCHESTER,M27 9PZ
C03081,ATLANTICA ESTATES LIMITED,"C/O XEINADIN, 100 BARBIROLLI SQUARE",MANCHESTER,M2 3BD
C03082,AGM DEVELOPMENTS LIMITED,"SUITE 4.13, 1 UNIVERSAL SQUARE, DEVONSHIRE STREET NORTH",MANCHESTER,M12 6JH
C03083,AH YA SO NICE (UK),"292 AH YA SO NICE ,FOX HOLLIES ROAD, ACOCKS GREEN",BIRMINGHAM,B27 7PT
C03084,BELLA NAILS & BEAUT ACADEMY,"12 FARADAY STREET, NORTHERN QUARTER",MANCHESTER,M1 1BE
C03085,BASHAYER AL-KHAYR,"PICCADILLY BUSINESS CENTRE UNIT C ALDOW ENTERPRISE PARK, BLACKETT ST",MANCHESTER,M12 6AE
C03086,AGHO DISTRIBUTIONS LTD,"51 HOWDEN ROAD, BLACKLEY",MANCHESTER,M9 0RQ
C03087,AARMILL MARKETING CONSULTANCY LTD,83 HENDERSON STREET,MANCHESTER,M19 2QR
C03088,BATHROOM MASTERY,"222 222 GREGORY AVENUE, 222 GREGORY AVENUE",BIRMINGHAM,B29 5DR
C03089,ABU MAZEN MINI MARKET LTD,"105 GREAME ST, MOSSSIDE",MANCHESTER,M14 4RN
C03090,ALGOFREE,104 WYCHALL ROAD,BIRMINGHAM,B31 3AJ
C03091,AST P.A.P.E.R. LIMITED,"SANKOFA HOUSE 10 WATERSTONE PARADE EAST, JEWELLERY QUARTER",BIRMINGHAM,B18 6NR
C03092,BARKHADLE TRANSPORTATION,1 GILBY ROAD,BIRMINGHAM,B16 8RG
C03093,BOWDON DEVELOPMENTS GB LIMITED,"DIDSBURY HOUSE, 748 WILMSLOW ROAD",,M20 2DW
C03094,AUREUS COMMERCIAL,OFFICE 1,BIRMINGHAM,B1 3NJ
C03095,ABOVE ROCK LIMITED,"INITIAL BUSINESS CENTRE, UNIT 7 WILSON BUSINESS PARK",MANCHESTER,M40 8WN
C03096,BLOOM ST CONVENIENCE STORE LTD,37/39 BLOOM STREET,MANCHESTER,M1 3LY
C03097,BENN HUNTER DESIGN LTD,"8 EDDISBURY AVENUE, URMSTON",MANCHESTER,M41 8QJ
C03098,NJ BIDCO,"BROADOAK BUSINESS PARK ASHBURTON ROAD WEST, TRAFFORD PARK",MANCHESTER,M17 1RW
C03099,BESPOKE RECRUITMENT UK LTD,1142A STRATFORD ROAD,,B28 8AE
C03100,BCN TOPCO LIMITED,"SECOND FLOOR, BUILDING 4 STYAL ROAD, MANCHESTER GREEN",MANCHESTER,M22 5LW
C03101,BALQEES PROPERTYS LIMIBED,"FLAT 208, 1 DEANSGATE",MANCHESTER,M3 1AZ
C03102,BAKEWELL HEALTHCARE LTD,81 SHIRLEY ROAD,MANCHESTER,M8 0WD
C03103,BEDI HOLD CO LIMITED,28 CARVER STREET,BIRMINGHAM,B1 3AD
C03104,10-12 CURZON AVENUE LIMITED,334 SLADE LANE,,M19 2BL
C03105,BEAUTYBYBN LTD,"SUITE 2A, 6 FLOOR COBALT SQUARE, 83-85 HAGLEY RD",BIRMINGHAM,B16 8QG
C03106,ANDREJAMESBEAUTY,65 LINCOMBE ROAD,MANCHESTER,M22 1PY
C03107,BARDCREST,"94 DERBYSHIRE LANE, STRETFORD",MANCHESTER,M32 8DR
C03108,24 HOURS CARE SUPPORT LTD,82 HAIGH CRESCENT,,B23 5UN
C03109,BLACKWELL APPAREL LTD,20 EARLSBURY GARDENS,BIRMINGHAM,B20 3AF
C03110,ADVENT DOMICILIARY SERVICES,"176 CHADDOCK LANE, WORSLEY",MANCHESTER,M28 1DF
C03111,BRONZE CAPITAL LIMITED,MANCHESTER NEW ROAD,MANCHESTER,M24 1JT
C03112,AQUARIUS INVESTMENTS LTD,"261-277 ROOKERY ROAD, HANDSWORTH",BIRMINGHAM,B21 9PT
C03113,AAA COMPLIANCE EUROPE,5 BEACON COURT BIRMINGHAM ROAD,BIRMINGHAM,B43 6NN
C03114,BAN JIN,"UNIT 2, 80 MOSLEY STREET",MANCHESTER,M2 3FX
C03115,BACCHUS CONVENIENCE STORE,201 BACCHUS RD,BIRMINGHAM,B18 4RB
C03116,BROS ENTERPWISE LTD,4 FORGER CLOSE,BIRMINGHAM,B42 2FF
C03117,ASM R&D,KITTS GREEN ROAD,BIRMINGHAM,B33 9SA
C03118,AURUM FORUM LTD,HARBORNE ROAD,BIRMINGHAM,B15 3HE
C03119,ANAH ENTERPRISE LTD,FLAT 13 DELAMERE COURT,MANCHESTER,M9 0QZ
C03120,ALLIED LONDON LEEDS HOLDING COMPANY ONE,C/O ALLIED LONDON,MANCHESTER,M3 4AP
C03121,62 FIZTJOHNS AVENUE,"62 FITZJOHNS AVENUE LTD C/O PRINCIPLE ESTATE MANAGEME, 137 NEWHALL STREET",,B3 1SF
C03122,4LEAF TREASURE LTD,264 COTTERILLS LANE,BIRMINGHAM,B8 2PE
C03123,ART.SALONS&BARBERS LTD,"14-15 ALLISON STREET, DIGBETH",BIRMINGHAM,B5 5TH
C03124,A1 MOTOR GRAND,HALLADALE,BIRMINGHAM,B38 9DX
C03125,BRACEBRIDGE PROPERTY SERVICES LTD,"HOLBECHE HOUSE 437 SHIRLEY ROAD, ACOCKS GREEN",BIRMINGHAM,B27 7NX
C03126,ADRIAN EVANS TECHNICAL LTD,"29 HIGHWOOD CROFT, KINGS NORTON",BIRMINGHAM,B38 8ET
C03127,0161 FLAMINFOOD,63 KINGSWAY,MANCHESTER,M19 2LL
C03128,BIRMINGHAM BUILDING RENOVATIONS LTD,12 HEATHER DALE,BIRMINGHAM,B13 8NN
C03129,AK-HOMESS INVESTMENT,"13 DAIRY DRIVE, PERRY BAR",BIRMINGHAM,B42 2FY
C03130,BRACKNO LIMITED,28 WOODFORD DRIVE,MANCHESTER,M27 9UA
C03131,BLACK COUNTRY CAPITAL LTD,SECOND FLOOR,BIRMINGHAM,B15 3AA
C03132,BETTER CHOICE PROPERTIES LTD,18 MAPLE AVENUE,MANCHESTER,M21 8BD
C03133,ALAIRA LIMITED,CHIPPERFIELD ROAD,BIRMINGHAM,B36 8BX
C03134,AHA OPTICS LTD,829 WILMSLOW ROAD,MANCHESTER,M20 5WD
C03135,34 AESTHETICS UK,"34 AESTHETICS UK LTD, IVY MILL 2ND FLOOR CROWN ST",MANCHESTER,M35 9BG
C03136,ALEEF ESTATES LTD,11 BANKFIELD AVENUE,MANCHESTER,M13 0YQ
C03137,BORED WRECKERS MARKETPLACE,"1 MARINA PLACE, APARTMENT 28, SMITH HOUSE",BIRMINGHAM,B16 8WQ
C03138,A&A CONTRACTORS MIDLAKDS,"UNIT 1E PARK LANE, HANDSWORTH",BIRMINGHAM,B21 8LE
C03139,AXEL KONSTRUCTION LIMITED,16 BASFORD RD,MANCHESTER,M16 0GE
C03140,AE ACCOUNTANCY,SUITE 3.16 DEVONSHIRE ST NORTH,MANCHESTER,M12 6JH
C03141,BI ACCOUNTANCY LTD,"80 ASHTON ROAD, DENTON",MANCHESTER,M34 3JF
C03142,AL MUSTAWDA AL KHALEEJI COMPANY,"UNIT 7 INITIAL BUSINESS CENTRE, WILSON BUSINESS PARK",MANCHESTER,M40 8WN
C03143,SMART 1 SUPERMARKET LTD,UNIT 3 58-76 ALCESTER RD SOUTH,BIRMINGHAM,B14 7PT
C03144,BIG L LIMITED,1 COLMORE CRESCENT,BIRMINGHAM,B139SJ
C03145,ACHIEVE 2 EXCEL,88 TRINITY ROAD,BIRMINGHAM,B75 6TJ
C03146,ARMOS SECURITY,BIRCH LANE,MANCHESTER,M13 0WN
C03147,BABYLON MOTORS LTD,"UNIT 40 EURO SPACE, BORDESLEY GREEN RD",BIRMINGHAM,B9 4TR
C03148,78JBJAWADI,DERBYSHIRE CRESCENT,MANCHESTER,M32 9LG
C03149,BMAC,"UNITS 13-14 SHEPLEY INDUSTRIAL ESTATE SOUTH, AUDENSHAW",MANCHESTER,M34 5DT
C03150,GLADMAN BRIDGEWORTHY LTD,80 LINCOMBE ROAD,MANCHESTER,M18 7FL
C03151,BRIDGEFORCESTAFF,"APARTMENT 5, 23 LAINDON ROAD",MANCHESTER,M14 5FJ
C03152,AJS PROPERTIES INVESTMENT LTD,UNIT 8,MANCHESTER,M12 6JR
C03153,BLUSH AND BLOOM EVENTS LTD,WYCOME ROAD,BIRMINGHAM,B28 9EN
C03154,AAJ FASHIONS LTD,"UNIT 1, 39-41 BENT STREET, BENT STREET",MANCHESTER,M8 8NW
C03155,AXG CONSULTING,8 WOODROUGH DRIVE,BIRMINGHAM,B13 9EP
C03156,AFRO KRAFT LOUNGE LIMITED,90-96 HOSPITAL STREET,BIRMINGHAM,B19 3QP
C03157,B.OCURAGEOUS LTD,63 CREGOE STREET,BIRMINGHAM,B15 2DP
C03158,BRIGHT PATH DIGITAL LTD,INITIAL BUSINESS CENTER,MANCHESTER,M40 8WN
C03159,AGLHAU,"33 MEADOWGRASS GARDENS, WORSLEY",MANCHESTER,M28 1PS
C03160,AHMED SAID REHAB FOR MANUFACTURING READYMADE CLOTHES LTD,"UNIT 7 INITIAL BUSINESS CENTRE, WILSON BUSINESS PARK",MANCHESTER,M40 8WN
C03161,APPROVE SERVICES,"CITY GATE HOUSE, 26 MOAT LANE",BIRMINGHAM,B5 5BD
C03162,BISMI,BUSHBURY HOUSE,MANCHESTER,M20 4AF
C03163,BRIAN WOODALL LTD,"1 HASELEY CLOSE, TYLDESLEY",MANCHESTER,M29 8RQ
C03164,AW (LONGHILL),"1 HARDMAN STREET, SPINNINGFIELDS",MANCHESTER,M3 3HF
C03165,BKJ (UK) LIMITED,"UNIT 409 95 SPENCER STREET, HOCKLEY",BIRMINGHAM,B18 6DA
C03166,MA AUTO'S (MCR) LTD,"UNIT 7, 2 MELBOURNE STREET",MANCHESTER,M9 4EH
C03167,STARDUST777 LTD,"IZABELLA HOUSE, REGENT PLACE",BIRMINGHAM,B1 3NJ
C03168,AMIN & COMPANY WHOLESALE LTD,380 CHEETHAM HILL RD,MANCHESTER,M8 9LS
C03169,BERKSHIRE GENERAL SURGEONS LIMITED,"11 FLOOR, 54 HAGLEY ROAD, HAGLEY ROAD",BIRMINGHAM,B16 8PE
C03170,AMG FAST LOGISTICS LIMITED,86 BURY OLD ROAD,MANCHESTER,M8 5BW
C03171,"BEG, STEAL & BORROW LTD","AFLEX PALACE, 52 CHURCH STREET",MANCHESTER,M41PW
C03172,BOW LEASEOLD,11 BROMLEY STREET,BIRMINGHAM,B9 4AN
C03173,ASCENT (NEWCASTLE),"1 HARDMAN STREET, SPINNINGFIELDS",MANCHESTER,M3 3HF
C03174,BRITANNIA REALTY LTD,"APT 29, 870 WILMSLOW ROAD",MANCHESTER,M20 5AB
C03175,AUTOPAY PARKING LIMITED,209 EVERY STREET,MANCHESTER,M4 7EX
C03176,ASTO HIRE,82 BAYSWATER ROAD,BIRMINGHAM,B20 3AJ
C03177,BARONS CLOSE TENANTS ASSOCIATION,"FIRST FLOOR REAR 1882 PERSHORE ROAD, KINGS NORTON",BIRMINGHAM,B30 3AS
C03178,BLANKET MEDIA WEST MIDLANDS,40 ERCALL CLOSE,BIRMINGHAM,B23 7TJ
C03179,BAXSTONE,"LIFFORD HALL LIFFORD LANE, KINGS NORTON",BIRMINGHAM,B30 3JN
C03180,35NIL AGILE LTD,"146 STATION ROAD, KINGS HEATH",BIRMINGHAM,B19 1AY
C03181,ANFIELD TEXTILES,"ENTERPRISE POINT, ALTRINCHAM RD",MANCHESTER,M22 9AF
C03182,BAIWOOD PROPERTY LIMITED,"89 CHORLEY ROAD, SWINTON",MANCHESTER,M27 4AA
C03183,BIZMARKT LIMITED,107 SOHO HILL,BIRMINGHAM,B19 1AY
C03184,AUTOBODY FLEX SMART REPAIRS,134 AMINGTON ROAD,BIRMINGHAM,B25 8EL
C03185,SAIA COMBO HOLDINGS,"72 LOMBARD STREET, DIGBETH",BIRMINGHAM,B12 0QR
C03186,ASPECTS REAL ESTATE LTD,"32 PERSHORE ROAD SOUTH, COTTERIDGE",BIRMINGHAM,B30 3EJ
C03187,AMNA PODIATRY,231 MONTGOMERY STREET,BIRMINGHAM,B11 1DS
C03188,ARDEN COURT (KINGSBURY ROAD) MANAGEMENT LIMITED,"ST MARY'S HOUSE 68 HARBORNE PARK ROAD, HARBORNE",BIRMINGHAM,B17 0DH
C03189,ACRUX GLOBAL,"FORMER AMBULANCE STATION, HENRIETTA ST",BIRMINGHAM,B19 3QY
C03190,ALTA CYCLOTRON SERVICES LQMITED,"FINANCE OFFICE UNIVERSITY OF BIRMINGHAM, EDGBASTON",BIRMINGHAM,B15 2TT
C03191,ARCHER BASSETT LTD,"WARWICK ROAD, ACOCKS GREEN 1172",BIRMINGHAM,B27 6BS
C03192,AXION CABLES LTD,"SWAN BUILDING, 20 SWAN STREET",MANCHESTER,M4 5JW
C03193,AWP GROUP,"THIRD FLOOR COLWYN CHAMBERS, 19 YORK STREET",MANCHESTER,M2 3BA
C03194,AS ANWAAR (INVESTMENTS) LTD,"CALICO HOUSE LEVENSHULME TRADING ESTATE, PRINTWORKS LANE",MANCHESTER,M19 3JP
C03195,ABOUT CHANGE EDUCATION LTD,"26 THE GREEN, KINGS NORTON",BIRMINGHAM,B38 8SD
C03196,ADAMPENNEY,13 BROWS AVENUE,MANCHESTER,M23 0LR
C03197,AFFINITY REAL ESTATES,"29 WILBRAHAM RD WILBRAHAM ROAD, FALLOWFIELD",MANCHESTER,M14 6FG
C03198,AMEL (UK),54 PARKSTONE AVENUE,MANCHESTER,M45 7QH
C03199,AZJ ENTERPRISES LIMITED,"UNIT B3 BROUGHTON STREET, CHEETHAM HILL",MANCHESTER,M8 8NN
C03200,ANIKAD S LTD,THE MALTINGS 2 ANDERSON ROAD,BIRMINGHAM,B66 4AR
