reg_id,legal_name,address_line,post_town,postcode,incorporation_date,sic_text,company_number
R00001,B.T.E. LIMITED,"C/O WILLIAMSON & CROFT YORK HOUSE, 20 YORK STREET",MANCHESTER,M2 3BB,06/06/1929,68209 - Other letting and operating of own or leased real estate,00240104
R00002,BIRMINGHAM MOTOR TYRES LIMITED,"103-115 WALSALL ROAD, PERRY BARR",BIRMINGHAM,B42 1TU,02/07/1935,45310 - Wholesale trade of motor vehicle parts and accessories,00302493
R00003,ALLGOOD HOLDINGS LTD,63-83 BREARLEY STREET,BIRMINGHAM,B19 3NT,04/04/1940,"46150 - Agents involved in the sale of furniture, household goods, hardware and ironmongery",00360355
R00004,ALWAYSE ENGINEERING LIMITED,"6 MILLER STREET, ASTON",BIRMINGHAM,B6 4NF,05/08/1940,25620 - Machining,00362715
R00005,B. & S. TOOLS LIMITED,"1, STATION ROAD, STECHFORD",BIRMINGHAM,B33 9AX,29/05/1947,32990 - Other manufacturing n.e.c.,00435910
R00006,BERT DALTON & SON LIMITED,"NEWTON PLACE, HOCKLEY",BIRMINGHAM,B18 5JY,17/02/1949,"46730 - Wholesale of wood, construction materials and sanitary equipment",00464691
R00007,BARONS CLOSE TENANTS ASSOCIATION LIMITED,"FIRST FLOOR REAR 1882 PERSHORE ROAD, KINGS NORTON",BIRMINGHAM,B30 3AS,16/07/1962,98000 - Residents property management,00729922
R00008,BIRCH PARK INVESTMENTS LIMITED,"2ND FLOOR PARKGATES BURY NEW ROAD, PRESTWICH",MANCHESTER,M25 0TL,28/03/1963,68209 - Other letting and operating of own or leased real estate,00755370
R00009,BOOKMAKERS OF BIRMINGHAM LIMITED,"51 NORMAN AVENUE, HARBORNE",BIRMINGHAM,B32 2EY,02/04/1963,68100 - Buying and selling of own real estate,00756056
R00010,B.G.SHEET METAL CO.LIMITED,"95 VITTORIA STREET, HOCKLEY",BIRMINGHAM,B1 3NU,04/06/1963,25990 - Manufacture of other fabricated metal products n.e.c.,00763074
R00011,"ASHDOWN CLOSE (MANAGEMENT) CO, LIMITED","FF REAR 1882 PERSHORE ROAD, KINGS NORTON",BIRMINGHAM,B30 3AS,18/11/1963,98000 - Residents property management,00781284
R00012,BROOKLANDS COURT MANAGEMENT COMPANY (MANCHESTER) LIMITED,"RICO HOUSE GEORGE STREET, PRESTWICH",MANCHESTER,M25 9WS,10/01/1964,98000 - Residents property management,00787554
R00013,A.B.LITTLE & CO(STUBSHAW CROSS)LIMITED,"INCOM HOUSE WATERSIDE, TRAFFORD PARK",MANCHESTER,M17 1WD,29/04/1965,49410 - Freight transport by road,00847076
R00014,AUMOVIO UK LIMITED,36 GRAVELLY INDUSTRIAL PARK,BIRMINGHAM,B24 8TA,10/04/1970,26301 - Manufacture of telegraph and telephone apparatus and equipment,00976731
R00015,ALLIED LONDON PROPERTY INVESTMENTS LIMITED,"C/O ALLIED LONDON, SUITE 1, BONDED WAREHOUSE, 18 LOWER BYROM STREET",MANCHESTER,M3 4AP,20/11/1970,41201 - Construction of commercial buildings,00994925
R00016,BEWLEY'S TEA AND COFFEE UK (ROASTERY) LIMITED,"ONE ELEVEN, EDMUND STREET",BIRMINGHAM,B3 2HJ,27/09/1972,10832 - Production of coffee and coffee substitutes,01074021
R00017,31 CALEDONIA PLACE MANAGEMENT COMPANY LIMITED,"19 HIGHFIELD ROAD, EDGBASTON",BIRMINGHAM,B15 3BH,29/11/1972,98000 - Residents property management,01084233
R00018,ASTLEY GLASS CO. LIMITED,"251/253 ELLIOTT ST, TYLDESLEY",MANCHESTER,M29 8DG,20/06/1974,43342 - Glazing,01174680
R00019,AUTOSPIN(OIL SEALS)LIMITED,"BIRKDALE AVENUE, SELLY OAK",BIRMINGHAM,B29 6UB,09/04/1975,32990 - Other manufacturing n.e.c.,01206807
R00020,ASTERMILL LIMITED,"VENUS BUILDING 1 OLD PARK LANE, TRAFFORDCITY",MANCHESTER,M41 7HA,06/02/1976,99999 - Dormant Company,01243365
R00021,ASHTON PACKET BOAT CO. LIMITED,"211 ST ANNES ROAD, DENTON",MANCHESTER,M34 3BT,17/03/1977,96090 - Other service activities n.e.c.,01303371
R00022,BOB WILSON FUNFAIRS LIMITED,"THE WHITE HOUSE AMUSEMENT DEPOT, SHIPWAY ROAD HAY MILLS",BIRMINGHAM,B25 8DS,09/03/1978,93290 - Other amusement and recreation activities n.e.c.,01356748
R00023,ANDOVER PRECISION LIMITED,"59-61 CHARLOTTE STREET, ST PAULS SQUARE",BIRMINGHAM,B3 1PX,23/03/1978,30300 - Manufacture of air and spacecraft and related machinery,01359580
R00024,ARTHUR WEBB HOLDINGS LIMITED,"BROCKHILL HOUSE, BROCKHILL LANE, ALVECHURCH",BIRMINGHAM,B48 7EE,26/10/1979,70100 - Activities of head offices,01457153
R00025,BIRMINGHAM HIPPODROME LIMITED,"BIRMINGHAM HIPPODROME THEATRE, HURST STREET",BIRMINGHAM,B5 4TB,13/02/1981,90020 - Support activities to performing arts,01545498
R00026,ARDEN COURT (KINGSBURY ROAD) MANAGEMENT LIMITED,"ST MARY'S HOUSE 68 HARBORNE PARK ROAD, HARBORNE",BIRMINGHAM,B17 0DH,15/06/1981,98000 - Residents property management,01567964
R00027,AMESTOWN LIMITED,"1ST FLOOR, CLOISTER HOUSE, RIVERSIDE, NEW BAILEY STREET",MANCHESTER,M3 5FS,15/06/1981,68100 - Buying and selling of own real estate,01568235
R00028,BOLTON ENGINEERING AND MANUFACTURING LIMITED,"UNIT R HIGHFIELD ROAD, LITTLE HULTON",MANCHESTER,M38 9ST,26/11/1981,71129 - Other engineering activities,01600113
R00029,BLAST EQUIPMENT LIMITED,"EDGE LANE, DROYLSDEN",MANCHESTER,M43 6BU,23/02/1982,74990 - Non-trading company,01616196
R00030,BARDCREST LIMITED,"94 DERBYSHIRE LANE, STRETFORD",MANCHESTER,M32 8DR,15/04/1982,71129 - Other engineering activities,01629153
R00031,BLACKFIELDS COURT MANAGEMENT COMPANY LIMITED,"247 BURY OLD ROAD, PRESTWICH",MANCHESTER,M25 1JE,21/06/1982,98000 - Residents property management,01644894
R00032,BROAD COURT PROPERTY MANAGEMENT LIMITED,"496-498  BRISTOL ROAD, SELLY OAK",BIRMINGHAM,B29 6BD,06/08/1982,68320 - Management of real estate on a fee or contract basis,01656831
R00033,BRAMPTONS AUTOCENTRE LIMITED,"96 BRAMPTONS AUTO CENTRE, FORDHOUSE LANE",BIRMINGHAM,B30 3AH,18/04/1983,45200 - Maintenance and repair of motor vehicles,01715835
R00034,62 FITZJOHNS AVENUE LIMITED,"62 FITZJOHNS AVENUE LTD C/O PRINCIPLE ESTATE MANAGEME, 137 NEWHALL STREET",BIRMINGHAM,B3 1SF,26/05/1983,98000 - Residents property management,01727019
R00035,BEAUCREST LIMITED,"HOLDFORD ROAD, WILTON",BIRMINGHAM,B6 7EP,21/07/1983,17219 - Manufacture of other paper and paperboard containers,01741419
R00036,BOOKING SERVICES INTERNATIONAL LIMITED,"4TH FLOOR, CHURCHGATE HOUSE,, 56, OXFORD STREET",MANCHESTER,M1 6EU,16/07/1984,96090 - Other service activities n.e.c.,01833039
R00037,A.W. SMITH & SONS (SUNDRIES) LIMITED,"UNIT 21 STIRCHLEY TRADING ESTATE, HAZELWELL ROAD STIRCHLEY",BIRMINGHAM,B30 2PF,15/10/1984,99999 - Dormant Company,01855689
R00038,ALLMID LIMITED,"222 ALCESTER ROAD, MOSELEY",BIRMINGHAM,B13 8EY,14/11/1985,41100 - Development of building projects,01959058
R00039,ASHDURN LIMITED,"LIFFORD HALL LIFFORD LANE, KINGS NORTON",BIRMINGHAM,B30 3JN,06/01/1986,43991 - Scaffold erection,01975201
R00040,ACTIVEPINE LIMITED,"222 ALCESTER ROAD, MOSELEY",BIRMINGHAM,B13 8EY,19/03/1986,41100 - Development of building projects,02001524
R00041,BODFARI (QUARRIES) LIMITED,"GROUND FLOOR T3 TRINITY PARK, BICKENHILL LANE",BIRMINGHAM,B37 7ES,14/05/1986,99999 - Dormant Company,02019627
R00042,"ANDREW, HILDITCH & SON LIMITED","THE COPPER ROOM DEVA CENTRE, TRINITY WAY",MANCHESTER,M3 7BG,19/06/1986,96090 - Other service activities n.e.c.,02029406
R00043,BEAMFEATURE LIMITED,"3 ADBASTON ROAD, COBRA COURT STRETFORD",MANCHESTER,M32 0TP,20/06/1986,13923 - manufacture of household textiles,02029999
R00044,151 PRODUCTS LIMITED,"THE OLD SCHOOL HOUSE, 39 BENGAL STREET",MANCHESTER,M4 6AF,23/07/1987,46499 - Wholesale of household goods (other than musical instruments) n.e.c.,02149608
R00045,BROOME & WELLINGTON (HOLDINGS) LIMITED,"3RD FLOOR BARLOW HOUSE, 4 MINSHULL STREET",MANCHESTER,M1 3DZ,30/07/1987,64999 - Financial intermediation not elsewhere classified,02151840
R00046,ALLGOOD LIMITED,63-83 BREARLEY STREET,BIRMINGHAM,B19 3NT,13/11/1987,"46740 - Wholesale of hardware, plumbing and heating equipment and supplies",02193307
R00047,BRACKNO LIMITED,"28 WOODFORD DRIVE, SWINTON",MANCHESTER,M27 9UA,15/12/1987,85590 - Other education n.e.c.,02205801
R00048,ALLIANCE AUTOMOTIVE UK CV LIMITED,"C/O PENNINGTONS MANCHES COOPER LLP 11TH FLOOR, 45 CHURCH STREET",BIRMINGHAM,B3 2RT,22/12/1987,45310 - Wholesale trade of motor vehicle parts and accessories,02207440
R00049,A & K MANCHESTER LIMITED,"44 ADDINGTON STREET, NEW CROSS",MANCHESTER,M4 5EU,21/09/1988,46410 - Wholesale of textiles,02298588
R00050,BRISKLAND LIMITED,"THE ROYAL GEORGE HOTEL 325, GARRISON LANE, SMALL HEATH",BIRMINGHAM,B9 4PN,23/11/1988,55100 - Hotels and similar accommodation,02321074
R00051,BRICK PROPERTIES LIMITED,"1ST FLOOR CLOISTER HOUSE RIVERSIDE, NEW BAILEY STREET",MANCHESTER,M3 5FS,02/12/1988,74990 - Non-trading company,02324600
R00052,AIR CONDITIONING DESIGN LIMITED,"46-48 LONG STREET, MIDDLETON",MANCHESTER,M24 6UQ,30/12/1988,"43220 - Plumbing, heat and air-conditioning installation",02331935
R00053,ANDREWS CONTINENTAL DELICACIES LIMITED,"2/4 MUSLIN STREET, SALFORD",MANCHESTER,M5 4NF,19/01/1989,10130 - Production of meat and poultry meat products,02336833
R00054,02348232 LIMITED,"COLMORE GATE, 2 COLMORE ROW",BIRMINGHAM,B3 2BN,15/02/1989,None Supplied,02348232
R00055,BERLYNE BAILEY & COMPANY LIMITED,"GROUND FLOOR, 47 BURY NEW ROAD, PRESTWICH",MANCHESTER,M25 9JY,25/04/1989,68100 - Buying and selling of own real estate,02375694
R00056,BIRMINGHAM CONSERVATION TRUST (TRADING) LIMITED,"THE COFFIN WORKS, 13 -15 FLEET STREET",BIRMINGHAM,B3 1JP,19/06/1989,"47990 - Other retail sale not in stores, stalls or markets",02396218
R00057,ALS CUSTOMS SERVICES & SOLUTIONS LIMITED,"ALS CUSTOMS SERVICES LIVERPOOL ROAD, ECCLES",MANCHESTER,M30 7RF,07/12/1989,49410 - Freight transport by road,02450325
R00058,ASTON VILLA FC LIMITED,"VILLA PARK, TRINITY ROAD",BIRMINGHAM,B6 6HE,17/05/1990,93120 - Activities of sport clubs,02502822
R00059,BROOKE HOUSE PUBLISHING LIMITED,"10 VYSE STREET, HOCKLEY",BIRMINGHAM,B18 6LT,22/06/1990,99999 - Dormant Company,02514587
R00060,ASSOCIATED TYRE SPECIALISTS (INVESTMENT) LIMITED,"FIRST FLOOR AQUEOUS II, ASTON CROSS BUSINESS PARK, ROCKY LANE",BIRMINGHAM,B6 5RQ,31/08/1990,64204 - Activities of distribution holding companies,02535892
R00061,APPLEFORD PROPERTIES LTD,548 BURNAGE LANE,MANCHESTER,M19 1LA,09/01/1991,68100 - Buying and selling of own real estate,02572623
R00062,AMBERBROOK LIMITED,"PEAR TREE DRIVE, NEWTON ROAD",BIRMINGHAM,B43 6HS,18/02/1991,86900 - Other human health activities,02583265
R00063,A D I MECHANICAL LIMITED,"66 MELCHETT ROAD, KINGS NORTON BUSINESS CENTRE",BIRMINGHAM,B30 3HX,31/05/1991,43210 - Electrical installation,02615971
R00064,02675250 LIMITED,"C/O BDO LLP 125, 125 COLMORE ROW",BIRMINGHAM,B3 3SD,06/01/1992,2922 - Manufacture of lift & handling equipment,02675250
R00065,AEROLEX (UK) LIMITED,514 COVENTRY ROAD,BIRMINGHAM,B10 0UN,04/03/1992,79110 - Travel agency activities,02693791
R00066,AIRPORT PETROLEUM LIMITED,"6TH FLOOR OLYMPIC HOUSE, MANCHESTER AIRPORT",MANCHESTER,M90 1QX,14/05/1992,47300 - Retail sale of automotive fuel in specialised stores,02714831
R00067,AVENISTA LIMITED,"13TH FLOOR, PICCADILLY PLAZA",MANCHESTER,M1 4BT,04/06/1992,62020 - Information technology consultancy activities,02720245
R00068,BOURNEDGE LIMITED,"GROUND FLOOR, 47 BURY NEW ROAD, PRESTWICH",MANCHESTER,M25 9JY,04/08/1992,68100 - Buying and selling of own real estate,02737278
R00069,77 EDGE LANE LIMITED,"FLAT 4 77 EDGE LANE, STRETFORD",MANCHESTER,M32 8PA,26/10/1992,98000 - Residents property management,02758677
R00070,ASHTON SMETHURST (BUILDERS) LIMITED,"LODGE STREET, MIDDLETON",MANCHESTER,M24 6AD,01/04/1993,4521 - Gen construction & civil engineer,02806153
R00071,BOBRICK WASHROOM EQUIPMENT LTD.,1 CHAMBERLAIN SQUARE CS,BIRMINGHAM,B3 3AX,26/08/1993,46499 - Wholesale of household goods (other than musical instruments) n.e.c.,02848421
R00072,BATCHABLE ENTERPRISES LIMITED,"84/90 STANLEY STREET, OPENSHAW",MANCHESTER,M11 1LE,20/09/1993,21200 - Manufacture of pharmaceutical preparations,02855120
R00073,ANFIELD TEXTILES LIMITED,"ENTERPRISE POINT, ALTRINCHAM ROAD",MANCHESTER,M22 9AF,06/04/1994,99999 - Dormant Company,02916124
R00074,B & H MOULDINGS LIMITED,"UNIT 4 LYONS ROAD, TRAFFORD PARK",MANCHESTER,M17 1RN,10/05/1994,22290 - Manufacture of other plastic products,02927272
R00075,AXIA COMPUTER SYSTEMS LIMITED,"BARTLE HOUSE, 9 OXFORD COURT",MANCHESTER,M2 3WQ,19/09/1994,"47410 - Retail sale of computers, peripheral units and software in specialised stores",02969346
R00076,ALPHA FLIGHT GROUP LIMITED,"BUILDING 319 WORLD CARGO CENTRE, MANCHESTER AIRPORT",MANCHESTER,M90 5EX,05/12/1994,70100 - Activities of head offices,02997941
R00077,BATON LOCK LIMITED,"BATON HOUSE UNIT 1 FOURTH AVENUE, TRAFFORD PARK",MANCHESTER,M17 1DB,23/12/1994,82990 - Other business support service activities n.e.c.,03004925
R00078,AROSA DRIVE MANAGEMENT CO. LIMITED,"C/O PRINCIPLE ESTATE SERVICES LIMITED, 137 NEWHALL STREET",BIRMINGHAM,B3 1SF,19/01/1995,68320 - Management of real estate on a fee or contract basis,03011866
R00079,BDP SPORT LIMITED,11 DUCIE STREET,MANCHESTER,M1 2JB,06/06/1995,99999 - Dormant Company,03064952
R00080,ANTHONY BOARDMAN DESIGNS LIMITED,"7 WATERGATE, AUDENSHAW",MANCHESTER,M34 5QP,30/06/1995,71129 - Other engineering activities,03074805
R00081,BATHROOM CITY LIMITED,"UNIT 15 TYSELEY INDUSTRIAL, ESTATE, SEELEYS ROAD,  TYSELEY",BIRMINGHAM,B11 2LQ,03/07/1995,47789 - Other retail sale of new goods in specialised stores (not commercial art galleries and opticians),03075399
R00082,AMBET LIMITED,91 FARNBOROUGH ROAD,MANCHESTER,M40 7WF,19/04/1996,43999 - Other specialised construction activities n.e.c.,03188554
R00083,ACTIF MANAGEMENT LIMITED,"CROWN HOUSE HIGH STREET, TYLDESLEY",MANCHESTER,M29 8AL,22/11/1996,68320 - Management of real estate on a fee or contract basis,03282572
R00084,ARAM RESOURCES LIMITED,"6210 BISHOPS COURT, BIRMINGHAM BUSINESS PARK, SOLIHULL",BIRMINGHAM,B37 7YB,22/04/1997,08990 - Other mining and quarrying n.e.c.,03358080
R00085,A F HOWLAND ASSOCIATES LIMITED,ONE ST PETER'S SQUARE,MANCHESTER,M2 3DE,26/06/1997,82990 - Other business support service activities n.e.c.,03393180
R00086,ACME CLEANING SERVICES LIMITED,"16 NEWHALL PLACE, 16-17 NEWHALL HILL",BIRMINGHAM,B1 3JH,14/07/1997,81299 - Other cleaning services,03402877
R00087,BRINDLEYS LIMITED,"2 WHEELEYS ROAD, EDGBASTON",BIRMINGHAM,B15 2LD,03/09/1997,69201 - Accounting and auditing activities,03428275
R00088,1ST CLASS HOLIDAYS LIMITED,"TRAFFORD HOUSE, CHESTER ROAD OLD TRAFFORD",MANCHESTER,M32 0RS,06/10/1997,79110 - Travel agency activities,03445248
R00089,ATLANTICA ESTATES LIMITED,"C/O XEINADIN, 100 BARBIROLLI SQUARE",MANCHESTER,M2 3BD,03/11/1997,74990 - Non-trading company,03459363
R00090,AFSAR STORE LIMITED,46A EDGBASTON ROAD,BIRMINGHAM,B12 9PB,24/11/1997,46410 - Wholesale of textiles,03469925
R00091,ABC PUBLISHERS LIMITED,"212 GOOCH STREET, DIGBETH",BIRMINGHAM,B5 7HY,25/11/1997,58190 - Other publishing activities,03471222
R00092,AVENUE ESTATES LIMITED,"2ND FLOOR PARKGATES BURY NEW ROAD, PRESTWICH",MANCHESTER,M25 0TL,26/01/1998,68209 - Other letting and operating of own or leased real estate,03498876
R00093,BDP SUSTAINABILITY LIMITED,11 DUCIE STREET,MANCHESTER,M1 2JB,23/04/1998,99999 - Dormant Company,03551018
R00094,A & T LETTINGS LIMITED,"LIFFORD HALL LIFFORD LANE, KINGS NORTON",BIRMINGHAM,B30 3JN,29/05/1998,68209 - Other letting and operating of own or leased real estate,03572614
R00095,ALAM INTERNATIONAL RESTAURANT LIMITED,"SIX WAYS BUSINESS CENTRE, 1 GUILDFORD STREET",BIRMINGHAM,B19 2HN,18/06/1998,56101 - Licensed restaurants,03584045
R00096,ABILITY ENGINEERING LIMITED,"527 MOSELEY ROAD, BALSALL HEATH",BIRMINGHAM,B12 9BU,29/09/1998,70229 - Management consultancy activities other than financial management,03639900
R00097,BRIPOL (UK) LIMITED,70 BORDESLEY STREET,BIRMINGHAM,B5 5QA,09/04/1999,25610 - Treatment and coating of metals,03750307
R00098,ANDREW MORRISON & ASSOCIATES LTD,"IRVING HOUSE, 47 FREDERICK STREET",BIRMINGHAM,B1 3HN,21/04/1999,68209 - Other letting and operating of own or leased real estate,03756044
R00099,BRIDGEWATER LODGE RESIDENTS COMPANY LIMITED,"C/O SCANLANS PROPERTY MANAGEMENT CARVERS WAREHOUSE SUITE 2B, 77 DALE STREET",MANCHESTER,M1 2HG,13/09/1999,98000 - Residents property management,03842839
R00100,BOLLINGTON ESTATES LIMITED,"1ST FLOOR CLOISTER HOUSE RIVERSIDE, NEW BAILEY STREET",MANCHESTER,M3 5FS,04/10/1999,68209 - Other letting and operating of own or leased real estate,03855072
R00101,A & J HAULAGE LIMITED,"RSM, NINTH FLOOR LANDMARK, ST PETER’S SQUARE, 1 OXFORD STREET",MANCHESTER,M1 4PB,16/12/1999,49410 - Freight transport by road,03895278
R00102,ARISTOCATS LIMITED,"WARDLEY GRANGE FARM, WARDLEY, SWINTON",MANCHESTER,M27 9GN,18/01/2000,82990 - Other business support service activities n.e.c.,03908582
R00103,ACORN FLOORS LTD,"C/O MICHAEL HEAVEN & ASSOCIATES LIMITED 47 CALTHORPE ROAD, EDGBASTON",BIRMINGHAM,B15 1TH,31/01/2000,43330 - Floor and wall covering,03916603
R00104,AJP CORPORATE ACCOUNTANTS LIMITED,"26 SEDGLEY PARK ROAD, PRESTWICH",MANCHESTER,M25 0AN,21/02/2000,69201 - Accounting and auditing activities,03929459
R00105,BLUEPRINT SERVICES LTD,"UNIT 2, CARLTON BUSINESS CENTER, 104 NECHELLS PLACE",BIRMINGHAM,B7 5AB,09/03/2000,18129 - Printing n.e.c.,03947098
R00106,AC CABLE SOLUTIONS 2024 LTD,"MITCHELL CHARLESWORTH, 3RD FLOOR, 44 PETER STREET",MANCHESTER,M2 5GP,04/04/2000,82990 - Other business support service activities n.e.c.,03963792
R00107,ARCH CHEMICALS UK HOLDINGS LIMITED,"HEXAGON TOWER CRUMPSALL VALE, BLACKLEY",MANCHESTER,M9 8GQ,03/05/2000,70100 - Activities of head offices,03984684
R00108,AP OFFICE SUPPLIES LIMITED,"238 - 240, LIVERPOOL ROAD ECCLES",MANCHESTER,M30 0SD,05/06/2000,46760 - Wholesale of other intermediate products,04007206
R00109,AXCESS TEN LIMITED,292 WAKE GREEN ROAD,BIRMINGHAM,B13 9QP,06/06/2000,63990 - Other information service activities n.e.c.,04008700
R00110,BRANDIMS GRAPHIC SERVICES LIMITED,"UNIT 1 AVOCADO COURT COMMERCE WAY, TRAFFORD PARK",MANCHESTER,M17 1HW,10/07/2000,82920 - Packaging activities,04029885
R00111,A & J PLANT HIRE LIMITED,"26 THE GREEN, KINGS NORTON",BIRMINGHAM,B38 8SD,27/07/2000,68100 - Buying and selling of own real estate,04041978
R00112,BDP EMPLOYEE BENEFIT TRUSTEES LIMITED,11 DUCIE STREET,MANCHESTER,M1 2JB,02/08/2000,74990 - Non-trading company,04045436
R00113,ASPECTS REAL ESTATE LTD,"32 PERSHORE ROAD SOUTH, COTTERIDGE",BIRMINGHAM,B30 3EJ,07/12/2000,68100 - Buying and selling of own real estate,04120722
R00114,AMEL (UK) LIMITED,"54 PARKSTONE AVENUE, WHITEFIELD",MANCHESTER,M45 7QH,22/03/2001,69201 - Accounting and auditing activities,04184779
R00115,BARRETT VALUES CENTRE LIMITED,"THE COUNTING HOUSE 4A MOSS LANE, SWINTON",MANCHESTER,M27 9SA,10/05/2001,82990 - Other business support service activities n.e.c.,04213543
R00116,BOURNVILLE HAIR LIMITED,"220 MARY VALE ROAD, BOURNVILLE",BIRMINGHAM,B30 1PJ,04/10/2001,96020 - Hairdressing and other beauty treatment,04299017
R00117,BRENTWOOD INVESTMENTS LTD,"364 MOSTON LANE, MOSTON",MANCHESTER,M40 9JS,02/11/2001,68209 - Other letting and operating of own or leased real estate,04315585
R00118,A.K. GARMENTS LIMITED,1 BRADSTONE ROAD,MANCHESTER,M8 8WA,24/12/2001,13990 - Manufacture of other textiles n.e.c.,04344835
R00119,AHR ARCHITECTS LIMITED,"5TH FLOOR, 55 PRINCESS STREET",MANCHESTER,M2 4EW,04/01/2002,71111 - Architectural activities,04347086
R00120,BROOMWELL HEALTHWATCH RESOURCES LIMITED,"3RD FLOOR BARLOW HOUSE, 4 MINSHULL STREET",MANCHESTER,M1 3DZ,18/01/2002,74990 - Non-trading company,04356141
R00121,ABC COACHES (2002) LIMITED,"152 STATION ROAD, STECHFORD",BIRMINGHAM,B33 8BT,11/02/2002,49320 - Taxi operation,04370782
R00122,BENEFOOT (UK) LIMITED,"UNIT 1 BRANSON COURT, BRANSON STREET",MANCHESTER,M40 7FP,18/02/2002,46900 - Non-specialised wholesale trade,04375696
R00123,ABACUS BUSINESS SERVICES LIMITED,"45 HIGHMEADOW, RADCLIFFE",MANCHESTER,M26 1YN,08/03/2002,69201 - Accounting and auditing activities,04390147
R00124,ASHIQ LTD,"ASHIQ HOUSE SHERBORNE STREET, CHEETHAM HILL",MANCHESTER,M8 8LE,08/03/2002,46900 - Non-specialised wholesale trade,04390652
R00125,BIRMINGHAM TRAINING GROUP LIMITED,"34 BREARLEY STREET, HOCKLEY",BIRMINGHAM,B19 3NR,12/03/2002,85590 - Other education n.e.c.,04392052
R00126,BIRMINGHAM MOSELEY RUGBY LIMITED,"BILLESLEY COMMON, YARDLEY WOOD ROAD",BIRMINGHAM,B13 0TP,26/03/2002,93199 - Other sports activities,04403748
R00127,BEARS AND PEARS PROPERTY LIMITED,"696 YARDLEY WOOD ROAD, BILLESLEY",BIRMINGHAM,B13 0HY,13/05/2002,68201 - Renting and operating of Housing Association real estate,04436637
R00128,A C PLANT GLAZING LIMITED,"UNIT 4 COAL PIT LANE, ATHERTON",MANCHESTER,M46 0FY,22/05/2002,45200 - Maintenance and repair of motor vehicles,04445332
R00129,ASHTONS TOOLS AND FASTENERS LTD,"UNIT 12 ACHESON WAY, TRAFFORD PARK",MANCHESTER,M17 1GA,30/05/2002,46190 - Agents involved in the sale of a variety of goods,04452250
R00130,AIRTIGHT PRODUCTIONS LIMITED,"UNIT 16 ALBANY ROAD TRADING ESTATE, CHORLTON CUM HARDY",MANCHESTER,M21 0AZ,21/06/2002,59200 - Sound recording and music publishing activities,04467026
R00131,BELFORD CONTRACT REFURBISHMENT LIMITED,"249 ALEXANDER ROAD, ACOCKS GREEN",BIRMINGHAM,B27 6EU,12/07/2002,41100 - Development of building projects,04484347
R00132,A-DAY CONSULTANTS LIMITED,"KINGSTON HOUSE TOWERS BUSINESS PARK, WILMSLOW ROAD",MANCHESTER,M20 2LD,23/07/2002,78109 - Other activities of employment placement agencies,04493101
R00133,AMNESIA BLONDE LIMITED,"115 MELTHAM AVENUE, WITHINGTON",MANCHESTER,M20 1FD,01/08/2002,59113 - Television programme production activities,04501522
R00134,A. MYIN LTD,"9 WARWICK ROAD, CHORLTON",MANCHESTER,M21 0AU,09/08/2002,86900 - Other human health activities,04508440
R00135,BROOKE HOUSE SEARCH & SELECT LTD.,"10 VYSE STREET, HOCKLEY",BIRMINGHAM,B18 6LT,12/08/2002,99999 - Dormant Company,04509253
R00136,ABBOTT COURIERS LIMITED,"7 AYRE ROAD, ERDINGTON",BIRMINGHAM,B24 9DU,03/09/2002,53202 - Unlicensed carrier,04524530
R00137,BRIDGEWATER METALS LIMITED,"7 CHRISTIE WAY, CHRISTIE FIELDS",MANCHESTER,M21 7QY,04/09/2002,46720 - Wholesale of metals and metal ores,04526328
R00138,BRIGHTLIGHT SOLUTIONS LIMITED,"160 CHARLBURY CRESCENT, YARDLEY",BIRMINGHAM,B26 2LW,05/09/2002,33140 - Repair of electrical equipment,04526799
R00139,BROOMWOOD ESTATES LIMITED,"SUITE 106, JUNCTION HOUSE JUNCTION ECO PARK, RAKE LANE, SWINTON",MANCHESTER,M27 8LU,23/10/2002,68100 - Buying and selling of own real estate,04571548
R00140,BELTHORNE LTD,"UNIVERSAL SQUARE BUILDING 5, 5TH FLOOR, DEVONSHIRE STREET NORTH",MANCHESTER,M12 6JH,13/11/2002,68209 - Other letting and operating of own or leased real estate,04589269
R00141,AIRJACK 2000 LIMITED,"22 HILLHOUSE LANE, STECHFORD",BIRMINGHAM,B33 8DP,24/12/2002,30990 - Manufacture of other transport equipment n.e.c.,04625360
R00142,BLUE ESKIMO SOLUTIONS LIMITED,"KINGSNORTH HOUSE, BLENHEIM WAY",BIRMINGHAM,B44 8LS,03/01/2003,78109 - Other activities of employment placement agencies,04628354
R00143,ALQAESI & CO LIMITED,"1037 STOCKPORT ROAD, LEVENSHULME",MANCHESTER,M19 2TB,23/01/2003,69201 - Accounting and auditing activities,04645729
R00144,BARLOW HOUSE (PHASE 1) MANAGEMENT COMPANY LIMITED,"WOODBARN FARM TWELVE YARDS ROAD, CHAT MOSS IRLAM",MANCHESTER,M44 5LY,17/03/2003,98000 - Residents property management,04699291
R00145,ASHLEA GRANGE MANAGEMENT COMPANY LIMITED,"2 ASHLEA GRANGE 1 HALF EDGE LANE, MONTON",MANCHESTER,M30 9RG,28/03/2003,68320 - Management of real estate on a fee or contract basis,04715378
R00146,BRINDLEYS SECRETARIES LTD,"2 WHEELEYS ROAD, EDGBASTON",BIRMINGHAM,B15 2LD,07/04/2003,70229 - Management consultancy activities other than financial management,04724889
R00147,2CRSI UK LTD,"2 QUEENSMEAD PLACE, TRAFFORD PARK",MANCHESTER,M17 1PH,01/05/2003,26200 - Manufacture of computers and peripheral equipment,04750746
R00148,ALVISUAL UK LTD,"651A MAULDETH ROAD WEST, CHORLTON",MANCHESTER,M21 7SA,28/05/2003,68100 - Buying and selling of own real estate,04778264
R00149,ACE PA LIMITED,"39 NURSERY ROAD, PRESTWICH",MANCHESTER,M25 3DU,01/06/2003,"77390 - Renting and leasing of other machinery, equipment and tangible goods n.e.c.",04783026
R00150,65 ALBANY MANAGEMENT COMPANY LIMITED,18A GAWSWORTH AVENUE,MANCHESTER,M20 5NF,09/07/2003,68320 - Management of real estate on a fee or contract basis,04826963
R00151,ABBASIAN & CO LTD,"THE LEXICON SECOND FLOOR, MOUNT STREET",MANCHESTER,M2 5NT,04/08/2003,86210 - General medical practice activities,04855143
R00152,BEAUMONT CONSULTING (UK) LIMITED,"35 BEAUCHAMP AVENUE, HANDSWORTH WOOD",BIRMINGHAM,B20 1DR,21/09/2003,62090 - Other information technology service activities,04906259
R00153,ATH LOCUM SERVICES LIMITED,"19 SOUTHAM ROAD, HALL GREEN",BIRMINGHAM,B28 8DG,25/09/2003,86900 - Other human health activities,04912274
R00154,ALBION SQUARE COMMERCIAL MANAGEMENT LIMITED,"COBALT SQUARE SECOND FLOOR, 83-85 HAGLEY ROAD",BIRMINGHAM,B16 8QG,13/10/2003,68320 - Management of real estate on a fee or contract basis,04930533
R00155,BERKSHIRE GENERAL SURGEONS LIMITED,"11 FLOOR, 54 HAGLEY ROAD, HAGLEY ROAD",BIRMINGHAM,B16 8PE,16/10/2003,86210 - General medical practice activities,04934162
R00156,BRIMSTONE PYROTECHNICS LIMITED,"RIVERSIDE WORKS, COLLYHURST ROAD",MANCHESTER,M40 7RU,20/10/2003,93290 - Other amusement and recreation activities n.e.c.,04938272
R00157,BARIC PUMPS LIMITED,1 WOLVERTON STREET,MANCHESTER,M11 2ET,07/11/2003,99999 - Dormant Company,04956432
R00158,10-12 CURZON AVENUE LIMITED,334 SLADE LANE,MANCHESTER,M19 2BL,10/11/2003,68209 - Other letting and operating of own or leased real estate,04958925
R00159,1ST CALL 4 SERVICE LIMITED,"UNIT B10, 187 PARK LANE",BIRMINGHAM,B35 6AN,18/11/2003,33190 - Repair of other equipment,04966975
R00160,AURORA GRAPHICS AND DISPLAYS LIMITED,"UNIT 7 GRAVELLY INDUSTRIAL PARK, ERDINGTON",BIRMINGHAM,B24 8HZ,25/11/2003,18129 - Printing n.e.c.,04976417
R00161,A & C ACCOUNTS AND BOOKKEEPING SERVICES LIMITED,"64A WHITTAKER LANE, PRESTWICH",MANCHESTER,M25 1ET,17/12/2003,69201 - Accounting and auditing activities,04998057
R00162,ADERANT LEGAL (UK) LIMITED,"SQUIRE PATTON BOGGS (UK) LLP (REF: CSU), 19 CORNWALL STREET",BIRMINGHAM,B3 2DX,19/01/2004,62020 - Information technology consultancy activities,05018961
R00163,ANDERTON BOARD AND PACKAGING LIMITED,"THE COPPER ROOM DEVA CITY OFFICE PARK, TRINITY WAY",MANCHESTER,M3 7BG,19/01/2004,17120 - Manufacture of paper and paperboard,05019441
R00164,ANDREW J BAKER LIMITED,"FLAT 5, 14-16 CIRCULAR ROAD",MANCHESTER,M20 3LP,28/01/2004,74209 - Photographic activities not elsewhere classified,05027753
R00165,BELVADERE LTD,"PETER HOUSE 7TH FLOOR, OXFORD STREET",MANCHESTER,M1 5AN,12/02/2004,64999 - Financial intermediation not elsewhere classified,05042179
R00166,BC TRANSPORT 2017 LIMITED,"ALBA WAY STRETFORD MOTORWAY ESTATE, STRETFORD",MANCHESTER,M32 0ZH,02/03/2004,49410 - Freight transport by road,05059819
R00167,ABBOTSFORD CARE HOME LIMITED,"GROUND FLOOR, 47 BURY NEW ROAD, PRESTWICH",MANCHESTER,M25 9JY,04/05/2004,87100 - Residential nursing care facilities,05118830
R00168,ACCIDENT ADVICE INSURANCE MANAGEMENT GROUP LIMITED,"FIRST FLOOR, LEE HOUSE, 90 GREAT BRIDGEWATER STREET",MANCHESTER,M1 5JW,06/05/2004,99999 - Dormant Company,05121320
R00169,AUTOTRADER LEASING LIMITED,"NO.3 CIRCLE SQUARE, 3 HAWKSHAW STREET",MANCHESTER,M1 7BL,25/05/2004,77110 - Renting and leasing of cars and light motor vehicles,05137709
R00170,AME CHOPPER LIMITED,69 GREAT HAMPTON STREET,BIRMINGHAM,B18 6EW,26/05/2004,82990 - Other business support service activities n.e.c.,05138096
R00171,AT-TARIQ LIMITED,"95 ROBIN HOOD LANE, HALL GREEN",BIRMINGHAM,B28 0JF,21/06/2004,69201 - Accounting and auditing activities,05158342
R00172,AQUABIT  LIMITED,69 GREAT HAMPTON STREET,BIRMINGHAM,B18 6EW,23/06/2004,82990 - Other business support service activities n.e.c.,05161141
R00173,BLUE SPOT TOOLS LIMITED,"64 STAKEHILL INDUSTRIAL ESTATE, MIDDLETON",MANCHESTER,M24 2RW,16/07/2004,74990 - Non-trading company,05181550
R00174,APEX SELF STORAGE LIMITED,130-140 PRINCESS ROAD,MANCHESTER,M16 7BY,03/08/2004,96090 - Other service activities n.e.c.,05195871
R00175,ACADEMY (MIDLANDS) LIMITED,"LIFFORD HALL LIFFORD LANE, KINGS NORTON",BIRMINGHAM,B30 3JN,05/08/2004,74990 - Non-trading company,05198284
R00176,A TO Z AUTOPARTS (MIDLANDS) LTD,"106-112 EMILY STREET, HIGHGATE",BIRMINGHAM,B12 0SL,20/08/2004,45310 - Wholesale trade of motor vehicle parts and accessories,05210705
R00177,ALICIA DUBNYCKYJ FINE ART LIMITED,"14 SELSEY ROAD, EDGBASTON",BIRMINGHAM,B17 8JS,18/11/2004,90030 - Artistic creation,05289980
R00178,BRIT ASIA ACADEMY LTD,158 BROAD STREET,BIRMINGHAM,B15 1DT,22/11/2004,59113 - Television programme production activities,05293090
R00179,ANDREW GIDNEY LIMITED,"GROUND FLOOR, 35 NEWHALL STREET",BIRMINGHAM,B3 3PU,20/12/2004,64209 - Activities of other holding companies n.e.c.,05317622
R00180,BOARDMAN BROS LIMITED,"UNIT 10 CLARENCE AVENUE, TRAFFORD PARK",MANCHESTER,M17 1QS,21/12/2004,46420 - Wholesale of clothing and footwear,05318077
R00181,ANALTICA LIMITED,"15 RANDS CLOUGH DRIVE, BOOTHSTOWN, WORSLEY",MANCHESTER,M28 1HJ,26/01/2005,"74909 - Other professional, scientific and technical activities n.e.c.",05342936
R00182,ARMAGARD LIMITED,"UNIT 9 FORTNUM CLOSE, KITTS GREEN",BIRMINGHAM,B33 0LG,27/01/2005,25110 - Manufacture of metal structures and parts of structures,05345241
R00183,BOND WOLFE CAPITAL LIMITED,"THE COUNTING HOUSE 61 CHARLOTTE STREET, ST PAUL'S SQUARE",BIRMINGHAM,B3 1PX,16/02/2005,64991 - Security dealing on own account,05366275
R00184,BMAC LIMITED,"UNITS 13-14 SHEPLEY INDUSTRIAL ESTATE SOUTH, AUDENSHAW",MANCHESTER,M34 5DW,15/03/2005,30990 - Manufacture of other transport equipment n.e.c.,05393377
R00185,BRIDCOVE LTD,"RICO HOUSE GEORGE STREET, PRESTWICH",MANCHESTER,M25 9WS,04/04/2005,43999 - Other specialised construction activities n.e.c.,05412405
R00186,BISMI LIMITED,"BUSHBURY HOUSE, 435 WILMSLOW, ROAD, WITHINGTON",MANCHESTER,M20 4AF,13/04/2005,47789 - Other retail sale of new goods in specialised stores (not commercial art galleries and opticians),05422951
R00187,A V RACKS LIMITED,109-111 POPE STREET,BIRMINGHAM,B1 3AG,02/06/2005,25990 - Manufacture of other fabricated metal products n.e.c.,05469784
R00188,ARROWMERE CAPITAL 8 LIMITED,40 PETER STREET,MANCHESTER,M2 5GP,06/07/2005,68100 - Buying and selling of own real estate,05500802
R00189,BIRMINGHAM ELECTRICAL TRAINING GROUP LIMITED,"61 CHARLOTTE STREET, ST PAULS SQUARE",BIRMINGHAM,B3 1PX,13/07/2005,99999 - Dormant Company,05507403
R00190,151 AND 153 ST PANCRAS WAY LIMITED,"53 SELLY PARK ROAD, SELLY PARK",BIRMINGHAM,B29 7PH,14/09/2005,98000 - Residents property management,05564228
R00191,BLACKCAT COMMS LIMITED,"58 ASHVILLE AVENUE, CASTLE BROMWICH",BIRMINGHAM,B34 6LN,29/09/2005,43390 - Other building completion and finishing,05578928
R00192,BIG L LIMITED,1 COLMORE CRESCENT,BIRMINGHAM,B13 9SJ,05/10/2005,60100 - Radio broadcasting,05584154
R00193,BARBARA NICE LIMITED,"3RD FLOOR, COLWYN CHAMBERS, 19 YORK STREET",MANCHESTER,M2 3BA,13/10/2005,90010 - Performing arts,05591550
R00194,ARROW GLOBAL (HOLDINGS) LIMITED,"BELVEDERE, 12 BOOTH STREET",MANCHESTER,M2 4AW,28/10/2005,70100 - Activities of head offices,05606576
R00195,BEKAN INVESTMENTS LIMITED,"C/O FERGUS & FERGUS, 24 OSWALD, ROAD, CHORLTON CUM HARDY",MANCHESTER,M21 9LP,22/11/2005,68209 - Other letting and operating of own or leased real estate,05631783
R00196,AWAN REAL ESTATE LIMITED,"819 CHESTER ROAD, ERDINGTON",BIRMINGHAM,B24 0BX,01/12/2005,"46439 - Wholesale of radio, television goods & electrical household appliances (other than records, tapes, CD's & video tapes and the equipment used for playing them)",05641639
R00197,AWAN PROPERTY INVESTMENTS LIMITED,"KHYBER BUILDING, HEATON STREET HOCKLEY",BIRMINGHAM,B18 5BB,01/12/2005,68100 - Buying and selling of own real estate,05641654
R00198,BEST 4 BUSINESS COMMUNICATIONS LTD,"SHELDON CHAMBERS, 2235/2243 COVENTRY ROAD",BIRMINGHAM,B26 3NW,13/12/2005,82990 - Other business support service activities n.e.c.,05652552
R00199,ARBTECH CONSULTING LIMITED,ONE ST PETER'S SQUARE,MANCHESTER,M2 3DE,17/01/2006,02200 - Logging,05678552
R00200,BROPHY RIAZ & PARTNERS LIMITED,"48A HYLTON STREET, JEWELLERY QUARTER",BIRMINGHAM,B18 6HN,05/04/2006,71111 - Architectural activities,05771256
R00201,3 HARDMAN STREET INVESTMENTS LIMITED,"C/O ALLIED LONDON, SUITE 1, BONDED WAREHOUSE, 18 LOWER BYROM STREET",MANCHESTER,M3 4AP,11/05/2006,68209 - Other letting and operating of own or leased real estate,05813898
R00202,ARROWMERE CAPITAL 7 LIMITED,40 PETER STREET,MANCHESTER,M2 5GP,12/05/2006,68100 - Buying and selling of own real estate,05814921
R00203,ADAM CONSTRUCTION ENGINEERING LTD,19/21 HATCHETT STREET,BIRMINGHAM,B19 3NX,30/05/2006,42990 - Construction of other civil engineering projects n.e.c.,05831500
R00204,ADAM RECRUITMENT LIMITED,"5TH FLOOR MARGOLIS BUILDING, 37 TURNER STREET",MANCHESTER,M4 1DG,09/06/2006,78109 - Other activities of employment placement agencies,05842266
R00205,AMBASSADORS RESOURCING LIMITED,8 WARSTONE MEWS,BIRMINGHAM,B18 6JB,24/07/2006,78200 - Temporary employment agency activities,05884259
R00206,ALPHA MALE LIMITED,"C/O SCCS, BUILDING 1, SUITE 1A, 1ST FLOOR,, WILSONS PARK, MONSALL ROAD",MANCHESTER,M40 8WN,26/07/2006,82990 - Other business support service activities n.e.c.,05886898
R00207,AMORIA BOND LIMITED,"2ND FLOOR, ONE DIDSBURY POINT, 2 THE AVENUE",MANCHESTER,M20 2EY,03/08/2006,78109 - Other activities of employment placement agencies,05895820
R00208,BLUE & SKY LIMITED,"THERMECO, GATEWAY HOUSE",MANCHESTER,M22 5WY,30/08/2006,35110 - Production of electricity,05918709
R00209,ASAL UK LTD,256 YARDLEY FIELDS ROAD,BIRMINGHAM,B33 8RL,07/09/2006,"47990 - Other retail sale not in stores, stalls or markets",05927554
R00210,A-Z COMMUNICATION SERVICES LIMITED,253 ALCESTER ROAD SOUTH,BIRMINGHAM,B14 6DT,18/09/2006,61900 - Other telecommunications activities,05938471
R00211,AM PROPERTIES (MANCHESTER) LTD,"25 OGDEN ROAD, FAILSWORTH",MANCHESTER,M35 0WN,19/09/2006,68100 - Buying and selling of own real estate,05939996
R00212,ALTITUDE PROPERTY MANAGEMENT COMPANY LIMITED,"ST MARYS HOUSE, HARBORNE PARK ROAD",BIRMINGHAM,B17 0DH,02/11/2006,98000 - Residents property management,05986250
R00213,BKSL LIMITED,"80 MOSLEY ROAD, TRAFFORD PARK",MANCHESTER,M17 1LE,17/11/2006,46450 - Wholesale of perfume and cosmetics,06001689
R00214,ADRIAN EVANS TECHNICAL LTD,"29 HIGHWOOD CROFT, KINGS NORTON",BIRMINGHAM,B38 8ET,05/01/2007,43210 - Electrical installation,06042934
R00215,BLACKHAWK PROPERTIES LIMITED,"IVY MILL CROWN STREET, FAILSWORTH",MANCHESTER,M35 9BG,07/02/2007,68100 - Buying and selling of own real estate,06090097
R00216,BLUEROSE ENGINEERING LIMITED,"C/O MENZIES LLP ONE EXPRESS, 1 GEORGE LEIGH STREET",MANCHESTER,M4 5DL,09/02/2007,71129 - Other engineering activities,06092131
R00217,BROOKSON (5373H) LIMITED,20 MATHER AVENUE,MANCHESTER,M45 8WX,13/02/2007,82990 - Other business support service activities n.e.c.,06101577
R00218,ADL EXECUTIVE CARS LTD,"UNIT 66 TOUCHET HALL ROAD, MIDDLETON",MANCHESTER,M24 2FL,20/02/2007,49390 - Other passenger land transport,06117194
R00219,BIRMINGHAM BUSINESS PARK (PLOTS 6110-6160) MANAGEMENT COMPANY LIMITED,"6TH FLOOR,55, COLMORE ROW",BIRMINGHAM,B3 2AA,05/03/2007,68320 - Management of real estate on a fee or contract basis,06138314
R00220,BENCHMARK ESTIMATING LIMITED,"INCOM HOUSE WATERSIDE, TRAFFORD PARK",MANCHESTER,M17 1WD,07/03/2007,43999 - Other specialised construction activities n.e.c.,06142404
R00221,BENCHMARK ESTIMATING SOFTWARE LIMITED,"INCOM HOUSE WATERSIDE, TRAFFORD PARK",MANCHESTER,M17 1WD,07/03/2007,62012 - Business and domestic software development,06142429
R00222,BN  ESTATES LIMITED,"165 MINSTEAD ROAD, ERDINGTON",BIRMINGHAM,B24 8PR,15/03/2007,68209 - Other letting and operating of own or leased real estate,06163781
R00223,A. D. M. DIGITAL LTD,"194 MEDLOCK ROAD, WOODHOUSES FAILSWORTH",MANCHESTER,M35 9NG,19/03/2007,"47990 - Other retail sale not in stores, stalls or markets",06168114
R00224,B69 LIMITED,"COMPASS BLOCK MANAGEMENT, 95 SPENCER STREET",BIRMINGHAM,B18 6DA,02/04/2007,98000 - Residents property management,06199212
R00225,AVIARY AVIATION SERVICES LIMITED,"1 MONTONMILL GARDENS, ECCLES",MANCHESTER,M30 8BQ,04/04/2007,33160 - Repair and maintenance of aircraft and spacecraft,06203313
R00226,A E WEDDING PHOTOGRAPHY LTD,"154 MAY LANE, KINGS HEATH",BIRMINGHAM,B14 4AG,11/04/2007,59112 - Video production activities,06209204
R00227,AVK LTD,"C/O ECHO TAX, SPACES MANCHESTER PETER HOUSE, OXFORD STREET",MANCHESTER,M1 5AN,06/06/2007,86210 - General medical practice activities,06270220
R00228,19 CHARLOTTE ROAD LIMITED,"86 ST. MARYS ROW, MOSELEY",BIRMINGHAM,B13 9EF,21/06/2007,98000 - Residents property management,06288563
R00229,ASBURY GAS SERVICES LTD,"259 CHURCH ROAD, ASTLEY, TYLDESLEY",MANCHESTER,M29 7ET,13/08/2007,82990 - Other business support service activities n.e.c.,06340795
R00230,BRAVO INNS II LIMITED,ONE ST PETER'S SQUARE,MANCHESTER,M2 3DE,07/09/2007,56302 - Public houses and bars,06364308
R00231,ALLMAN BUILDERS LIMITED,"C/O REDSTONE ACCOUNTANCY 253 MONTON ROAD, ECCLES",MANCHESTER,M30 9PS,21/09/2007,43999 - Other specialised construction activities n.e.c.,06377728
R00232,ABSBAT LIMITED,9-9A BIRCHFIELD ROAD,BIRMINGHAM,B19 1SU,29/10/2007,86900 - Other human health activities,06411106
R00233,BROMFORD MERE HOUSING MANAGEMENT LIMITED,"ST MARY'S HOUSE, 68 HARBORNE PARK ROAD",BIRMINGHAM,B17 0DH,31/10/2007,98000 - Residents property management,06413541
R00234,ASHOK SERVICES LTD,"10 BELMONT CRESCENT, NORTHFIELD",BIRMINGHAM,B31 2FH,07/01/2008,81210 - General cleaning of buildings,06465531
R00235,BRESLINS HR LTD,"CROSBY COURT, 28 GEORGE STREET",BIRMINGHAM,B3 1QG,23/01/2008,78109 - Other activities of employment placement agencies,06481767
R00236,AIR TOOLS & COMPRESSOR SERVICES 2000 LIMITED,"UNITS 1 2 3, WATERLOO AVENUE INDUSTRIAL ESTATE BURHILL WAY",BIRMINGHAM,B37 6RF,29/01/2008,28490 - Manufacture of other machine tools,06487554
R00237,BLACKBERRY VEHICLE SOLUTIONS LIMITED,"UNIT 1, STELLING STREET",MANCHESTER,M18 8LW,12/02/2008,45112 - Sale of used cars and light motor vehicles,06502012
R00238,BEM BRASIL RESTAURANTS LIMITED,"BEM BRASIL, 58 LEVER STREET",MANCHESTER,M1 1FJ,27/02/2008,56101 - Licensed restaurants,06515257
R00239,ASSURED ENERGY SOLUTIONS LIMITED,"PARKWAY HOUSE, PALATINE ROAD",MANCHESTER,M22 4DB,03/03/2008,82990 - Other business support service activities n.e.c.,06521787
R00240,BODY SHARP LIMITED,48 POWICK ROAD,BIRMINGHAM,B23 7NY,10/03/2008,93199 - Other sports activities,06529363
R00241,AVECTO LTD,"BUILDING ONE TRIDENT BUSINESS PARK, STYAL ROAD",MANCHESTER,M22 5XB,18/03/2008,62012 - Business and domestic software development,06538381
R00242,A2Z HEALTHCARE (UK) LIMITED,196 NEW ROAD,BIRMINGHAM,B45 9JA,18/04/2008,86900 - Other human health activities,06569843
R00243,ASPINGTON LTD,"651A MAULDETH ROAD WEST, CHORLTON",MANCHESTER,M21 7SA,29/04/2008,96090 - Other service activities n.e.c.,06579367
R00244,ARTCO CONTRACTS LTD,"PAPER MILL END, GREAT BARR",BIRMINGHAM,B44 8NH,06/06/2008,49410 - Freight transport by road,06613561
R00245,ANSTEE (UK) LTD,"17 MELKSHAM SQUARE, CASTLE VALE",BIRMINGHAM,B35 6BY,11/06/2008,43390 - Other building completion and finishing,06615980
R00246,ARROWMERE CAPITAL 5 LIMITED,40 PETER STREET,MANCHESTER,M2 5GP,15/06/2008,68209 - Other letting and operating of own or leased real estate,06620213
R00247,BORRANS PARK HOUSE MANAGEMENT LIMITED,5 HERITAGE GARDENS,MANCHESTER,M20 5HJ,18/06/2008,68320 - Management of real estate on a fee or contract basis,06622754
R00248,AM OPTOMETRIST LIMITED,146 REGINALD ROAD,BIRMINGHAM,B8 1LU,07/07/2008,86220 - Specialists medical practice activities,06639134
R00249,ACCESS FOR WIGAN LIMITED,"SEVENDALE HOUSE 3RD FLOOR, SUITE 6C, 5-7 DALE STREET",MANCHESTER,M1 1JB,15/07/2008,70100 - Activities of head offices,06647358
R00250,BAAY RESOURCES UK LIMITED,12 FREEMOUNT SQUARE,BIRMINGHAM,B43 5QT,22/07/2008,68201 - Renting and operating of Housing Association real estate,06652628
R00251,APPLE CHILDCARE VOUCHERS LIMITED,"XEINADIN MANCHESTER, 100 BARBIROLLI SQUARE",MANCHESTER,M2 3BD,08/08/2008,96090 - Other service activities n.e.c.,06667955
R00252,ASHWOOD ARCHIVE LIMITED,"11 WILMSLOW ROAD, RUSHOLME",MANCHESTER,M14 5TB,12/08/2008,74990 - Non-trading company,06670818
R00253,5 KEYS VENTURES LTD,"2 WHEELEYS ROAD, EDGBASTON",BIRMINGHAM,B15 2LD,14/08/2008,96090 - Other service activities n.e.c.,06673254
R00254,AMBER PUBLICATIONS & TRAINING LIMITED,"ST. THOMAS CHILDREN'S CENTRE, BELL BARN ROAD",BIRMINGHAM,B15 2AF,27/08/2008,85100 - Pre-primary education,06682626
R00255,1ST CALL MAINTENANCE (MANCHESTER) LTD,"24 OSWALD ROAD, CHORLTON CUM HARDY",MANCHESTER,M21 9LP,02/09/2008,43999 - Other specialised construction activities n.e.c.,06686719
R00256,BENAMY IT SERVICES LIMITED,"12 WET EARTH GREEN, SWINTON",MANCHESTER,M27 8AL,21/10/2008,62020 - Information technology consultancy activities,06728944
R00257,AMSTOR ACCOUNTANTS LIMITED,"PREMIER HOUSE 15 LEOPOLD STREET, HIGH GATE",BIRMINGHAM,B12 0UP,17/11/2008,69201 - Accounting and auditing activities,06750616
R00258,B&N BOOKKEEPING LIMITED,"11 CLEVEDON AVENUE, URMSTON",MANCHESTER,M41 9PR,18/11/2008,69201 - Accounting and auditing activities,06752570
R00259,BDP MENA LIMITED,11 DUCIE STREET,MANCHESTER,M1 2JB,27/11/2008,71111 - Architectural activities,06760033
R00260,BENNETT JONES LIMITED,18-22 LLOYD STREET,MANCHESTER,M2 5WA,06/01/2009,"74909 - Other professional, scientific and technical activities n.e.c.",06783589
R00261,ASCENDER FUND PARTNERS (UK) LIMITED,"33 TURNER STREET, C/O BRIERLEY COLEMAN & CO",MANCHESTER,M4 1DW,20/01/2009,66300 - Fund management activities,06795280
R00262,BEVEL LIMITED,"INITIAL BUSINESS CENTRE, WILSON BUSINESS PARK",MANCHESTER,M40 8WN,22/01/2009,28240 - Manufacture of power-driven hand tools,06798162
R00263,BEECH LANDSCAPE DVP LTD,11 WESTGATE,MANCHESTER,M41 9EL,20/03/2009,74990 - Non-trading company,06853883
R00264,BLONDE ON BLONDE (BIRMINGHAM) LTD,"26 THE GREEN, KINGS NORTON",BIRMINGHAM,B38 8SD,06/04/2009,96020 - Hairdressing and other beauty treatment,06870722
R00265,ADDISON BUILDING LTD,77 SCHOOL LANE,MANCHESTER,M20 6WN,21/04/2009,43999 - Other specialised construction activities n.e.c.,06883996
R00266,AMBERHILL ASSOCIATES LIMITED,"12 AMBERHILL WAY, WORSLEY",MANCHESTER,M28 1UP,14/05/2009,70229 - Management consultancy activities other than financial management,06905257
R00267,APS INTERNATIONAL LIMITED,"CITY GATE HOUSE, 26 MOAT LANE",BIRMINGHAM,B5 5BD,18/05/2009,64999 - Financial intermediation not elsewhere classified,06908056
R00268,BIRMINGHAM LEP COMPANY LIMITED,"C/O ALBANY SPC SERVICES LTD 3RD FLOOR, 3-5 CHARLOTTE STREET",MANCHESTER,M1 4HB,27/05/2009,41100 - Development of building projects,06915791
R00269,BABAJI LIMITED,"36A BIRMINGHAM ROAD, GREAT BARR",BIRMINGHAM,B43 6NS,29/05/2009,96040 - Physical well-being activities,06918580
R00270,3 JESTERS LIMITED,79 VERNON ROAD,BIRMINGHAM,B16 9SQ,08/07/2009,68100 - Buying and selling of own real estate,06956344
R00271,ARCHMOOR CARE LIMITED,"651A MAULDETH ROAD WEST, CHORLTON",MANCHESTER,M21 7SA,23/07/2009,87900 - Other residential care activities n.e.c.,06971335
R00272,BDP BUSINESS SERVICES LIMITED,"C/O CHRISTIAN DOUGLASS ACCOUNTANTS LIMITED 2 JORDAN STREET, KNOTT MILL",MANCHESTER,M15 4PY,24/07/2009,"74909 - Other professional, scientific and technical activities n.e.c.",06972414
R00273,ADDISON AARON (BIRMINGHAM) LIMITED,"CORNWALL BUILDINGS, 45-51 NEWHALL STREET",BIRMINGHAM,B3 3QR,01/08/2009,69102 - Solicitors,06978193
R00274,AJ LOCUM SOLUTIONS LIMITED,"SUITE 22C, CITY TOWER, PICCADILLY PLAZA",MANCHESTER,M1 4BT,18/08/2009,86900 - Other human health activities,06993135
R00275,ALARM TECH LTD,"302 LIVERPOOL ROAD, CADISHEAD",MANCHESTER,M44 5UG,25/08/2009,"74909 - Other professional, scientific and technical activities n.e.c.",07000645
R00276,ACTAVO BUILDING SOLUTIONS (UK) LIMITED,"11TH FLOOR, TWO SNOWHILL",BIRMINGHAM,B4 6WR,28/08/2009,43999 - Other specialised construction activities n.e.c.,07003876
R00277,BELLA BAGS UK LIMITED,38H DERBY STREET,MANCHESTER,M8 8HN,15/09/2009,46900 - Non-specialised wholesale trade,07018615
R00278,ARSHAD KHAN LTD,90 STECHFORD LANE,BIRMINGHAM,B8 2AN,18/09/2009,86101 - Hospital activities,07023209
R00279,AZAM LIMITED,"ALEXANDER HOUSE, 60 - 61 TENBY STREET NORTH",BIRMINGHAM,B1 3EG,23/09/2009,68320 - Management of real estate on a fee or contract basis,07027145
R00280,ACS SKIP HIRE LIMITED,"UNIT 4 MONDE TRADING ESTATE, WESTINGHOUSE ROAD, TRAFFORD PARK",MANCHESTER,M17 1LP,15/10/2009,82990 - Other business support service activities n.e.c.,07045311
R00281,B-ACTIVE HEALTH AND FITNESS CENTRE LIMITED,"STERLING HOUSE, 71 FRANCIS ROAD, EDGBASTON,",BIRMINGHAM,B16 8SP,16/10/2009,93120 - Activities of sport clubs,07046727
R00282,BC1.07 LTD,"UNIVERSAL SQUARE BUILDING 5, 5TH FLOOR, DEVONSHIRE STREET NORTH",MANCHESTER,M12 6JH,18/11/2009,68209 - Other letting and operating of own or leased real estate,07080552
R00283,BC21.02 LTD,"UNIVERSAL SQUARE BUILDING 5, 5TH FLOOR, DEVONSHIRE STREET NORTH",MANCHESTER,M12 6JH,18/11/2009,68209 - Other letting and operating of own or leased real estate,07080647
R00284,BC21.01 LTD,"UNIVERSAL SQUARE BUILDING 5, 5TH FLOOR, DEVONSHIRE STREET NORTH",MANCHESTER,M12 6JH,18/11/2009,68209 - Other letting and operating of own or leased real estate,07080650
R00285,BC21.07 LTD,"UNIVERSAL SQUARE BUILDING 5, 5TH FLOOR, DEVONSHIRE STREET NORTH",MANCHESTER,M12 6JH,18/11/2009,68209 - Other letting and operating of own or leased real estate,07080692
R00286,BC21.10 LTD,"UNIVERSAL SQUARE BUILDING 5, 5TH FLOOR, DEVONSHIRE STREET NORTH",MANCHESTER,M12 6JH,18/11/2009,68209 - Other letting and operating of own or leased real estate,07080718
R00287,AADEL LIMITED,"KNOLL HOUSE 46 PILKINGTON AVENUE, SUTTON COLDFIELD",BIRMINGHAM,B72 1LG,27/11/2009,70229 - Management consultancy activities other than financial management,07088921
R00288,A&A STORE AND GO LIMITED,"UNIT 2,, TRADING CENTRE, 60 SHERBORNE STREET",MANCHESTER,M8 8LR,01/12/2009,52103 - Operation of warehousing and storage facilities for land transport activities,07092642
R00289,AUTOMATION LOGIC LTD,"SUITE 3D&E, THIRD FLOOR, 31 TEMPLE STREET",BIRMINGHAM,B2 5DB,02/12/2009,62012 - Business and domestic software development,07093444
R00290,BEN'S FAST FOOD LTD,"817 STRATFORD ROAD, SPARKHILL",BIRMINGHAM,B11 4DA,09/12/2009,56103 - Take-away food shops and mobile food stands,07099879
R00291,ABBEY DRIVES LTD,"SAPPHIRE HEIGHTS COURTYARD, 31 TENBY STREET NORTH",BIRMINGHAM,B1 3ES,15/12/2009,43999 - Other specialised construction activities n.e.c.,07105196
R00292,BROOKSHAW DEVELOPMENTS LIMITED,"ETIHAD STADIUM, ETIHAD CAMPUS",MANCHESTER,M11 3FF,07/01/2010,39000 - Remediation activities and other waste management services,07118805
R00293,ALDERHAWK LIMITED,"UNIVERSAL SQUARE BUILDING 5, 5TH FLOOR, DEVONSHIRE STREET NORTH",MANCHESTER,M12 6JH,05/02/2010,68209 - Other letting and operating of own or leased real estate,07147195
R00294,AUSTIN WALKER MARKETING ASSOCIATES LIMITED,"THE COPPER ROOM DEVA CITY OFFICE PARK, TRINITY WAY",MANCHESTER,M3 7BG,09/02/2010,73110 - Advertising agencies,07151773
R00295,BAR2.0 LTD,"UNIVERSAL SQUARE BUILDING 5, 5TH FLOOR, DEVONSHIRE STREET NORTH",MANCHESTER,M12 6JH,17/02/2010,99999 - Dormant Company,07160904
R00296,ATHERTON AUTO PARTS LTD,"UNIT 3 LINSTOCK WAY, ATHERTON",MANCHESTER,M46 0RS,15/03/2010,45200 - Maintenance and repair of motor vehicles,07189398
R00297,BACS WEST MIDLANDS LIMITED,"34 BURNLEA GROVE, WEST HEATH",BIRMINGHAM,B31 3LT,17/03/2010,82110 - Combined office administrative service activities,07192469
R00298,AIM HIGH (ACCESS REPAIRS) LIMITED,"696 YARDLEY WOOD ROAD, BILLESLEY",BIRMINGHAM,B13 0HY,24/03/2010,45200 - Maintenance and repair of motor vehicles,07201318
R00299,BEAUTY IN THE COURTYARD LIMITED,"73 THORNBRIDGE AVENUE, GREAT BARR",BIRMINGHAM,B42 2PW,08/04/2010,96020 - Hairdressing and other beauty treatment,07217066
R00300,360 TRADING LIMITED,"1ST FLOOR CLOISTER HOUSE, RIVERSIDE, NEW BAILEY STREET",MANCHESTER,M3 5FS,13/04/2010,47910 - Retail sale via mail order houses or via Internet,07222399
R00301,BABY SENSORY (BIRMINGHAM SOUTH) LIMITED,"THE WOW FAMILY HUB 1046 BRISTOL ROAD, SELLY OAK",BIRMINGHAM,B29 6LJ,22/04/2010,85100 - Pre-primary education,07231794
R00302,BRIGHT MODE LTD,59A KNOWSLEY STREET,MANCHESTER,M8 8JF,04/05/2010,47710 - Retail sale of clothing in specialised stores,07242599
R00303,AKPX SERVICES LTD,"SAWLEY ROAD, SAWLEY ROAD",MANCHESTER,M40 8BB,12/05/2010,96090 - Other service activities n.e.c.,07251708
R00304,A REDMOND SERVICES LIMITED,"THE OLD SCHOOLHOUSE, 5-7 BYROM STREET",MANCHESTER,M3 4PF,18/05/2010,70229 - Management consultancy activities other than financial management,07257179
R00305,ASHCOTT SOLICITORS LIMITED,"5TH FLOOR ST JAMES TOWER, 7 CHARLOTTE STREET",MANCHESTER,M1 4DZ,20/05/2010,69102 - Solicitors,07259817
R00306,114-124 HABERDASHER STREET LIMITED,"GROVE HOUSE, 2ND FLOOR 774 - 780 WILMSLOW ROAD, DIDSBURY",MANCHESTER,M20 2DR,04/06/2010,99999 - Dormant Company,07273716
R00307,AEW ARCHITECTS LIMITED,"TRINITY COURT, 16 JOHN DALTON STREET",MANCHESTER,M2 6HY,04/06/2010,99999 - Dormant Company,07274573
R00308,ALL DRAIN SOLUTIONS (MIDLANDS) LIMITED,"53 AVIEMORE CRESCENT, GREAT BARR",BIRMINGHAM,B43 7QA,08/07/2010,39000 - Remediation activities and other waste management services,07309178
R00309,ARMSTRONG QUAY FREEHOLD (LIVERPOOL) LIMITED,"10 JAMES NASMYTH WAY, ECCLES",MANCHESTER,M30 0SF,25/08/2010,68320 - Management of real estate on a fee or contract basis,07357231
R00310,1-WEB SERVICE LTD.,23 KINGSHILL ROAD,MANCHESTER,M21 9HD,08/09/2010,62012 - Business and domestic software development,07368876
R00311,ARROW GLOBAL MANAGEMENT LIMITED,"BELVEDERE, 12 BOOTH STREET",MANCHESTER,M2 4AW,13/09/2010,99999 - Dormant Company,07373491
R00312,12 VICTORIA AVENUE MANAGEMENT LIMITED,"425 PARRS WOOD ROAD, DIDSBURY",MANCHESTER,M20 5NE,14/09/2010,98000 - Residents property management,07374566
R00313,BERTEY LTD,"INITIAL BUSINESS CENTRE, 7 WILSON BUSINESS PARK",MANCHESTER,M40 8WN,08/10/2010,62090 - Other information technology service activities,07401812
R00314,AQUAFRONT LTD,"OFFICE 6 UNION HOUSE UNION DRIVE, THE ROYAL TOWN OF SUTTON COLDFIELD",BIRMINGHAM,B73 5TN,27/10/2010,74100 - specialised design activities,07420290
R00315,AYDANS LIMITED,"358 KINGS ROAD, STRETFORD",MANCHESTER,M32 8QQ,01/11/2010,45200 - Maintenance and repair of motor vehicles,07424607
R00316,ADI GROUP SERVICES LIMITED,"66 MELCHETT ROAD, KINGS NORTON BUSINESS CENTRE KINGS NORTON",BIRMINGHAM,B30 3HX,02/11/2010,70100 - Activities of head offices,07426849
R00317,AFROLEFT LTD,"SPACES OXFORD STREET, C/O TRUNK WORKS LIMITED",MANCHESTER,M1 5AN,03/11/2010,62020 - Information technology consultancy activities,07428843
R00318,BKJ (UK) LIMITED,"UNIT 409 95 SPENCER STREET, HOCKLEY",BIRMINGHAM,B18 6DA,07/12/2010,46480 - Wholesale of watches and jewellery,07461746
R00319,100 NARBOROUGH LTD,"COLMAN HOUSE, 121 LIVERY STREET",BIRMINGHAM,B3 1RS,09/12/2010,56102 - Unlicensed restaurants and cafes,07465702
R00320,AKHTAR & ASSOCIATES LIMITED,2B ALDERMARY ROAD,MANCHESTER,M21 7QN,29/12/2010,94120 - Activities of professional membership organizations,07478574
R00321,3D CAD DESIGN LIMITED,"4 ALBION STREET, OLD TRAFFORD",MANCHESTER,M16 9LZ,11/01/2011,71122 - Engineering related scientific and technical consulting activities,07487763
R00322,BIRDSYSTEM LTD,"2ND FLOOR PARKGATES BURY NEW ROAD, PRESTWICH",MANCHESTER,M25 0TL,11/01/2011,99999 - Dormant Company,07487961
R00323,ANCHORA INTERNATIONAL LIMITED,"349 BURY OLD ROAD, PRESTWICH",MANCHESTER,M25 1PY,11/01/2011,46190 - Agents involved in the sale of a variety of goods,07488875
R00324,BOPARAN HOLDCO LIMITED,"BOPARAN SUPPORT CENTRE PORTLAND HOUSE,, BICKENHILL LANE",BIRMINGHAM,B37 7WR,18/01/2011,70100 - Activities of head offices,07495915
R00325,BELLA NAILS & BEAUTY ACADEMY LIMITED,"12 FARADAY STREET, NORTHERN QUARTER",MANCHESTER,M1 1BE,18/01/2011,96020 - Hairdressing and other beauty treatment,07496702
R00326,BESPOKE BATHROOM SPECIALISTS LTD,"3 DALEBANK, ATHERTON",MANCHESTER,M46 9PE,22/02/2011,43390 - Other building completion and finishing,07538373
R00327,3SIXTY RESTAURANTS LIMITED,27 FLEET STREET,BIRMINGHAM,B3 1JP,23/02/2011,56101 - Licensed restaurants,07540663
R00328,BACK 2 LIFE CHIROPRACTORS LIMITED,"124 BEECHES ROAD, GREAT BARR",BIRMINGHAM,B42 2HQ,07/03/2011,86210 - General medical practice activities,07554188
R00329,AFTEC HOLDINGS LIMITED,"LIFFORD HALL LIFFORD LANE, KINGS NORTON",BIRMINGHAM,B30 3JN,16/03/2011,64209 - Activities of other holding companies n.e.c.,07566863
R00330,ANAND VIVEK JOSAN LTD,"C/O ECHO TAX, SPACES MANCHESTER PETER HOUSE, OXFORD STREET",MANCHESTER,M1 5AN,23/03/2011,86210 - General medical practice activities,07576091
R00331,AV ELECTRICAL CONTRACTORS LIMITED,"BLACK HORSE CHAMBERS 231 ELLIOTT STREET, TYLDESLEY",MANCHESTER,M29 8DG,06/05/2011,41100 - Development of building projects,07624243
R00332,AIM EDGE LTD,"SUIT 2, PARKWAY 5 PARKWAY BUSINESS CENTRE, PRINCESS ROAD",MANCHESTER,M14 7HR,16/05/2011,70229 - Management consultancy activities other than financial management,07635530
R00333,B S O'BRIEN ORTHOPAEDICS LTD.,"C/O CAPITAX & CO (TAX CONSULTANTS) LTD CUCKOO WHARF, 427 LICHFIELD ROAD",BIRMINGHAM,B6 7SS,01/06/2011,86220 - Specialists medical practice activities,07654396
R00334,ALTA CYCLOTRON SERVICES LIMITED,"FINANCE OFFICE UNIVERSITY OF BIRMINGHAM, EDGBASTON",BIRMINGHAM,B15 2TT,21/06/2011,20590 - Manufacture of other chemical products n.e.c.,07677805
R00335,A&N DESIGN & BUILD LTD,43 ALLERTON ROAD,BIRMINGHAM,B25 8NX,14/07/2011,41100 - Development of building projects,07705141
R00336,AMAN'S COMPUTER SERVICES LIMITED,"15 MARTYN SMITH CLOSE, GREAT BARR",BIRMINGHAM,B43 6JG,14/07/2011,62090 - Other information technology service activities,07705226
R00337,BREEZE RECRUITMENT DRIVEFORCE (HOLDINGS) LIMITED,"59-61 CHARLOTTE STREET, ST PAULS SQUARE",BIRMINGHAM,B3 1PX,21/07/2011,64209 - Activities of other holding companies n.e.c.,07714154
R00338,BNZ 1 LIMITED,280-282 CHURCH ROAD,BIRMINGHAM,B26 3YH,28/07/2011,49320 - Taxi operation,07722004
R00339,BALMORAL PROPERTIES LIMITED,"HARPAL HOUSE 14 HOLYHEAD ROAD, HANDSWORTH",BIRMINGHAM,B21 0LT,01/08/2011,68100 - Buying and selling of own real estate,07724415
R00340,BRENDAN DUGGAN LTD,"BRULIMAR HOUSE JUBILEE ROAD, MIDDLETON",MANCHESTER,M24 2LX,10/08/2011,35110 - Production of electricity,07736488
R00341,AIR END REPAIR LIMITED,"SMETHWICK WORKS, UNIT 9, SPRING ROAD",BIRMINGHAM,B66 1PE,18/08/2011,33120 - Repair of machinery,07744765
R00342,ALLENS BAKERY & CONFECTIONERY LTD,"CAPITAL HOUSE 272 MANCHESTER ROAD, DROYLSDEN",MANCHESTER,M43 6PW,19/08/2011,10710 - Manufacture of bread; manufacture of fresh pastry goods and cakes,07746116
R00343,A TO Z PHARMACARE LTD,54 EDMUND ROAD,BIRMINGHAM,B8 1HF,22/08/2011,99999 - Dormant Company,07748418
R00344,ALI SUPERSTORE (UK) LTD,"567 MAULDETH ROAD WEST, CHORLTON CUM HARDY",MANCHESTER,M21 7SH,24/08/2011,47190 - Other retail sale in non-specialised stores,07751517
R00345,ARDEN ESTATE AGENTS LIMITED,"13 COLESHILL ROAD, HODGE HILL",BIRMINGHAM,B36 8DT,12/09/2011,68310 - Real estate agencies,07769522
R00346,BARZAKH LTD,"16 LAPWORTH GROVE, CANNON HILL",BIRMINGHAM,B12 9TL,12/09/2011,96030 - Funeral and related activities,07770531
R00347,AL'CHEMIST HEALTHCARE LTD,30 TYTHERINGTON DRIVE,MANCHESTER,M19 3TD,12/09/2011,47730 - Dispensing chemist in specialised stores,07770636
R00348,AHEP ENTERPRISES LIMITED,"B1 GEORGE BEGG BUILDING SACKVILLE STREET, UNIVERSITY OF MANCHESTER",MANCHESTER,M1 3BB,18/10/2011,94120 - Activities of professional membership organizations,07814323
R00349,AUBREY LEE HOMES LIMITED,"39 BURY NEW ROAD, PRESTWICH",MANCHESTER,M25 9JY,25/10/2011,68310 - Real estate agencies,07821980
R00350,BROTHERS INVESTMENT LTD,6-14 GREAT ANCOATS STREET,MANCHESTER,M4 5AZ,07/11/2011,95240 - Repair of furniture and home furnishings,07837295
R00351,ASSIST TRAVEL LIMITED,"16 CHURCH LANE, HANDSWORTH WOOD",BIRMINGHAM,B20 2EP,21/11/2011,96090 - Other service activities n.e.c.,07854034
R00352,AKRON HEALTHCARE LTD,"HIGHFIELD ROAD PHARMACY 307 HIGHFIELD ROAD, HALL GREEN",BIRMINGHAM,B28 0BX,25/11/2011,47730 - Dispensing chemist in specialised stores,07860494
R00353,BOURNE LETTINGS LIMITED,3 KINGSTON AVENUE,MANCHESTER,M20 2SP,29/11/2011,68209 - Other letting and operating of own or leased real estate,07863538
R00354,ALPHA LEISURE AMUSEMENTS LTD,"21 RIVERMEAD ROAD, DENTON",MANCHESTER,M34 7PQ,05/01/2012,93290 - Other amusement and recreation activities n.e.c.,07899405
R00355,ACPAS LIMITED,"1 FARLANDS GROVE, GREAT BARR",BIRMINGHAM,B43 5PY,11/01/2012,86900 - Other human health activities,07905327
R00356,ASK 4 ACCOUNTANTS LTD,77 HOLYHEAD ROAD,BIRMINGHAM,B21 0LG,03/02/2012,82990 - Other business support service activities n.e.c.,07935292
R00357,ALLSTAR AGENTS (UK) LTD,"651A MAULDETH ROAD WEST, CHORLTON",MANCHESTER,M21 7SA,10/02/2012,82990 - Other business support service activities n.e.c.,07946165
R00358,BANYAN TREE ENTERPRISE LIMITED,265 OLD WALSALL ROAD,BIRMINGHAM,B42 1HY,21/02/2012,47190 - Other retail sale in non-specialised stores,07957230
R00359,A5 PRODUCTS LTD,"UNIT H SPRINGHILL BUSINESS PARK, 114 STEWARD STREET",BIRMINGHAM,B18 7AF,29/02/2012,46900 - Non-specialised wholesale trade,07970695
R00360,BALLIOL MEDICAL SERVICES LTD,"THE LEXICON SECOND FLOOR, MOUNT STREET",MANCHESTER,M2 5NT,05/03/2012,86210 - General medical practice activities,07976812
R00361,595 STOCKPORT ROAD LTD,587C STOCKPORT ROAD,MANCHESTER,M13 0RX,14/03/2012,68209 - Other letting and operating of own or leased real estate,07989464
R00362,ATLANTIC SPRINGS CONSULTING LTD,"STUDIO 9, 50-54 ST. PAULS SQUARE",BIRMINGHAM,B3 1QS,15/03/2012,62020 - Information technology consultancy activities,07992220
R00363,BIRMINGHAM SPECIALIST GLASS COMPANY LIMITED,"100 EDWARD ROAD, BALSALL HEATH",BIRMINGHAM,B12 9LS,22/03/2012,43342 - Glazing,08000906
R00364,ASSETZ SME CAPITAL LIMITED,"ASSETZ HOUSE MANCHESTER GREEN, 335 STYAL ROAD",MANCHESTER,M22 5LW,27/03/2012,64999 - Financial intermediation not elsewhere classified,08007287
R00365,BALFOUR BELL LEISURE LIMITED,"30 PARNHAM CLOSE, RADCLIFFE",MANCHESTER,M26 3XU,25/04/2012,99999 - Dormant Company,08045900
R00366,AUDIO VISUAL TECHNOLOGY SOLUTIONS (UK) LIMITED,"UNIT 18 PHOENIX BUSINESS PARK, AVENUE CLOSE",BIRMINGHAM,B7 4NU,04/05/2012,47591 - Retail sale of musical instruments and scores,08058736
R00367,BOOTH'S PLUMBING AND HEATING SERVICES LIMITED,"4 BROOMEHOUSE AVENUE, IRLAM",MANCHESTER,M44 5FT,18/05/2012,"43220 - Plumbing, heat and air-conditioning installation",08075022
R00368,BLUNDELL'S WOOD MANAGEMENT COMPANY LIMITED,"VENUS BUILDING 1 OLD PARK LANE, TRAFFORDCITY",MANCHESTER,M41 7HA,22/05/2012,99999 - Dormant Company,08077860
R00369,BOOTCAMP MEDIA LIMITED,9-11 VITTORIA STREET,BIRMINGHAM,B1 3ND,22/05/2012,62020 - Information technology consultancy activities,08078066
R00370,AZAL MEDICAL LTD,"1406 COVENTRY ROAD, YARDLEY",BIRMINGHAM,B25 8AE,29/05/2012,47730 - Dispensing chemist in specialised stores,08087462
R00371,AESC LIMITED,"20 PLYMOUTH ROAD, BARNT GREEN",BIRMINGHAM,B45 8JA,01/06/2012,70229 - Management consultancy activities other than financial management,08091881
R00372,AD RANK ONE LIMITED,"AD RANK ONE LTD, 1 BALLOON STREET",MANCHESTER,M4 4BE,07/06/2012,62090 - Other information technology service activities,08095611
R00373,ALI AIR FRESHENER LTD,"UNIT 18, MOUNT ST BUSINESS CENTRE, MOUNT STREET, NECHELLS",BIRMINGHAM,B7 5RD,03/07/2012,32990 - Other manufacturing n.e.c.,08127926
R00374,BMS BROADCAST LIMITED,"59-61 CHARLOTTE STREET, ST PAULS SQUARE",BIRMINGHAM,B3 1PX,10/07/2012,60200 - Television programming and broadcasting activities,08137903
R00375,BARBERS BOUTIQUE LTD,"37-39 1ST FLOOR, BLOOM STREET",MANCHESTER,M1 3LY,17/07/2012,96020 - Hairdressing and other beauty treatment,08145766
R00376,APPLETREE BUSINESS SUPPORT LTD,"7 HEWELL LANE, BARNT GREEN",BIRMINGHAM,B45 8NZ,18/07/2012,69201 - Accounting and auditing activities,08147843
R00377,AFTER FUN LTD,416 KITTSGREEN ROAD,BIRMINGHAM,B33 0DP,24/07/2012,45320 - Retail trade of motor vehicle parts and accessories,08153799
R00378,ART WOOD PRODUCT LTD,"11 GROSVENOR HOUSE, ST. PAULS SQUARE",BIRMINGHAM,B3 1RB,24/07/2012,"46730 - Wholesale of wood, construction materials and sanitary equipment",08154235
R00379,0728 LTD,"812 KING EDWARDS WHARF, 25 SHEEPCOTE STREET",BIRMINGHAM,B16 8AH,31/07/2012,85600 - Educational support services,08162451
R00380,ACCESS IT SOLUTIONS (UK) LIMITED,"94 SCHOOL ROAD, HALL GREEN",BIRMINGHAM,B28 8JD,13/08/2012,47910 - Retail sale via mail order houses or via Internet,08177327
R00381,AL-FAROOQ MEDICAL LTD,"147 AUBREY ROAD, SMALL HEATH",BIRMINGHAM,B10 9DJ,20/08/2012,86210 - General medical practice activities,08184934
R00382,ANTHEM TUITION LTD,"35 KILCOBY AVENUE, SWINTON",MANCHESTER,M27 8AD,06/09/2012,85590 - Other education n.e.c.,08204717
R00383,BRADLEY PROJECTS LTD,"4 TAN PITS CLOSE, ASTLEY",MANCHESTER,M29 7FG,10/09/2012,71122 - Engineering related scientific and technical consulting activities,08208878
R00384,ALI MOTORS MIDLANDS LIMITED,286 OLTON BOULEVARD WEST,BIRMINGHAM,B11 3HH,14/09/2012,45112 - Sale of used cars and light motor vehicles,08215946
R00385,ALLIED LONDON HOLDCO TWO LIMITED,"C/O ALLIED LONDON, SUITE 1, BONDED WAREHOUSE, 18 LOWER BYROM STREET",MANCHESTER,M3 4AP,08/10/2012,68209 - Other letting and operating of own or leased real estate,08243213
R00386,ALL WHITE LINENS LTD,"CONSTELLATION MILL UNIT 4A, CONSTELLATION MILL, AINSWORTH ROAD, RADCLIFFE",MANCHESTER,M26 4DA,09/10/2012,82990 - Other business support service activities n.e.c.,08245023
R00387,BLUE APPLE PRINTING LTD,3 CAVENDISH TERRACE,MANCHESTER,M21 0UA,15/11/2012,18129 - Printing n.e.c.,08295512
R00388,BLOOM ST CONVENIENCE STORE LTD,37/39 BLOOM STREET,MANCHESTER,M1 3LY,27/11/2012,47190 - Other retail sale in non-specialised stores,08309300
R00389,AURORA BUILDING CARE LIMITED,"161 CORISANDE ROAD, SELLY OAK",BIRMINGHAM,B29 6RT,04/12/2012,82990 - Other business support service activities n.e.c.,08317886
R00390,ARKI'S FISH BAR LIMITED,"FIRST FLOOR, HAGLEY COURT, 40 VICARAGE ROAD, EDGBASTON",BIRMINGHAM,B15 3EZ,10/12/2012,56103 - Take-away food shops and mobile food stands,08324627
R00391,AIRBORNE PLAQUES LTD,"GMCT LTD C/O BOWLEE NURSERY, HEYWOOD OLD ROAD, MIDDLETON, BOWLEE NURSERY",MANCHESTER,M24 4TH,31/12/2012,"47990 - Other retail sale not in stores, stalls or markets",08343117
R00392,BARK DIGITAL LTD,47 MILTON GROVE,MANCHESTER,M16 0BP,08/01/2013,62020 - Information technology consultancy activities,08350643
R00393,ANISH CONSULTANCY LTD,"BEECH HOUSE, 1A ARTHUR ROAD",BIRMINGHAM,B15 2UW,11/01/2013,86220 - Specialists medical practice activities,08356092
R00394,ARG LOGISTICS LTD,"43 DUCHESS ROAD, CRUMPSALL",MANCHESTER,M8 5UP,16/01/2013,53100 - Postal activities under universal service obligation,08362313
R00395,BFOI LIMITED,"COMMUNICATIONS HOUSE, 290 MOSTON LANE",MANCHESTER,M40 9WB,24/01/2013,99999 - Dormant Company,08372986
R00396,BOUDEN TRAVEL LTD,"UNIT 18, ORTON WAY",BIRMINGHAM,B35 7BT,18/02/2013,49390 - Other passenger land transport,08406680
R00397,312 PROPERTY 01 LTD,"HILLBIT HOUSE, NEW STREET",MANCHESTER,M40 8AW,25/02/2013,68100 - Buying and selling of own real estate,08418023
R00398,AQUA PLUMBING SOLUTIONS LIMITED,"89 CHORLEY ROAD, SWINTON",MANCHESTER,M27 4AA,25/02/2013,"43220 - Plumbing, heat and air-conditioning installation",08418338
R00399,ADAPT NETWORKS LTD,"GROUND FLOOR FRONT PLANTAGENET, 98 SPENCER STREET",BIRMINGHAM,B18 6DB,12/03/2013,43390 - Other building completion and finishing,08439872
R00400,ABC LEATHER GOODS LTD,12 AMESBURY ROAD,MANCHESTER,M9 6JJ,13/03/2013,46760 - Wholesale of other intermediate products,08442523
R00401,A.M.S. (ACCESS MORTGAGE SOLUTIONS) LIMITED,"CHANTRY HOUSE HIGH STREET, COLESHILL",BIRMINGHAM,B46 3BP,14/03/2013,66190 - Activities auxiliary to financial intermediation n.e.c.,08444769
R00402,ADVANCE MARKETING (PVT) LTD,"CALICO HOUSE, PRINTWORKS LANE",MANCHESTER,M19 3JP,21/03/2013,82990 - Other business support service activities n.e.c.,08454965
R00403,ADVERTICO LIMITED,"19-21 HATCHETT STREET, HOCKLEY",BIRMINGHAM,B19 3NX,22/03/2013,62090 - Other information technology service activities,08458560
R00404,BATES LIMITED,292 LONGBRIDGE LANE,BIRMINGHAM,B31 4RH,03/04/2013,86220 - Specialists medical practice activities,08472273
R00405,ABSOLUTE ROOFING SOLUTIONS LIMITED,"JUBILEE WORKS GORSEY LANE, COLESHILL",BIRMINGHAM,B46 1JU,15/04/2013,43910 - Roofing activities,08487521
R00406,BLACKWELL MONTESSORI NURSERY LIMITED,"22 RISE AVENUE, REDNAL",BIRMINGHAM,B45 9PT,18/04/2013,88910 - Child day-care activities,08495401
R00407,BRIGHT WHISPER LTD.,7 CHATFIELD ROAD,MANCHESTER,M21 8UR,01/05/2013,62020 - Information technology consultancy activities,08512717
R00408,AARMILL MARKETING CONSULTANCY LTD,83 HENDERSON STREET,MANCHESTER,M19 2QR,10/05/2013,70229 - Management consultancy activities other than financial management,08523432
R00409,APEX ECOMMERCE LIMITED,"95, NORTHWOOD STREET, NORTHWOOD STREET",BIRMINGHAM,B3 1TH,17/05/2013,62012 - Business and domestic software development,08533799
R00410,B J B PLUMBING SERVICES LIMITED,"7 EMERSON DRIVE EMERSON DRIVE, MIDDLETON",MANCHESTER,M24 5UB,30/05/2013,"43220 - Plumbing, heat and air-conditioning installation",08550073
R00411,ASKLEPIAN CONSULTING LIMITED,45 VALENTINE ROAD,BIRMINGHAM,B14 7AJ,19/06/2013,86900 - Other human health activities,08576077
R00412,AL-JAWADAIN LTD,29 PARADISE LANE,BIRMINGHAM,B28 0DY,21/06/2013,86210 - General medical practice activities,08579404
R00413,BLUE CUBE CHEMICALS (UK) LIMITED,"SQUIRE PATTON BOGGS (UK) LLP (REF: CSU), 19 CORNWALL STREET",BIRMINGHAM,B3 2DX,21/06/2013,20590 - Manufacture of other chemical products n.e.c.,08580217
R00414,ARMITA GLOBAL LTD,86C WATER STREET,BIRMINGHAM,B3 1HL,01/07/2013,99999 - Dormant Company,08591176
R00415,A1 SERVICE STATION LIMITED,"63 COLE BANK ROAD, HALL GREEN",BIRMINGHAM,B28 8EZ,01/07/2013,47300 - Retail sale of automotive fuel in specialised stores,08592439
R00416,AZTEC ONLINE LIMITED,13 GRAINGER AVENUE,MANCHESTER,M12 4WT,04/07/2013,62012 - Business and domestic software development,08597270
R00417,17 LONDON LTD,34 KNOWSLEY STREET,MANCHESTER,M8 8HQ,11/07/2013,46420 - Wholesale of clothing and footwear,08606212
R00418,ADAPTABLE DESIGN CO (UK) LTD,"GROSVENOR HOUSE, 11 ST. PAULS SQUARE",BIRMINGHAM,B3 1RB,12/07/2013,62012 - Business and domestic software development,08607332
R00419,ACCALIA CARE SERVICES LTD,"UNIT 1, WYTHALL LANDSCAPE CENTRE, SILVER STREET, WYTHALL",BIRMINGHAM,B47 6LZ,23/07/2013,87900 - Other residential care activities n.e.c.,08620766
R00420,A J FINANCIAL LIMITED,"4 WOODTHORPE GRANGE, PRESTWICH",MANCHESTER,M25 0GU,24/07/2013,69201 - Accounting and auditing activities,08623197
R00421,ARMEX UK LIMITED,110 BEECHES DRIVE,BIRMINGHAM,B24 0DS,25/07/2013,82990 - Other business support service activities n.e.c.,08625067
R00422,AICROS LIMITED,69 GREAT HAMPTON STREET,BIRMINGHAM,B18 6EW,08/08/2013,82990 - Other business support service activities n.e.c.,08643629
R00423,ARROW GLOBAL ONE LIMITED,"BELVEDERE, 12 BOOTH STREET",MANCHESTER,M2 4AW,14/08/2013,64205 - Activities of financial services holding companies,08649653
R00424,B & T TRADING CO (GB) LTD,"11F, GROUND FLOOR, PITSFORD STREET",BIRMINGHAM,B18 6LJ,16/08/2013,47710 - Retail sale of clothing in specialised stores,08652896
R00425,13 PERFORMING ARTS SCHOOL LTD,"100 LIVERPOOL ROAD, CADISHEAD",MANCHESTER,M44 5AN,27/08/2013,90010 - Performing arts,08663615
R00426,AIR LIQUIDE ADVANCED BUSINESS AND TECHNOLOGIES UK LIMITED,"STATION ROAD, COLESHILL",BIRMINGHAM,B46 1JY,04/09/2013,35220 - Distribution of gaseous fuels through mains,08676392
R00427,ARHM ASSOCIATES LTD,6 SHORT HEATH ROAD,BIRMINGHAM,B23 6JP,11/09/2013,82990 - Other business support service activities n.e.c.,08685614
R00428,BENDKOWSKI LTD,118 POOL FARM ROAD,BIRMINGHAM,B27 7HD,18/09/2013,49410 - Freight transport by road,08696084
R00429,BFS FUNDING MANAGERS LIMITED,"LEE HOUSE, 90 GREAT BRIDGEWATER STREET",MANCHESTER,M1 5JW,02/10/2013,64921 - Credit granting by non-deposit taking finance houses and other specialist consumer credit grantors,08714352
R00430,AR ORTHOPAEDICS LIMITED,"53 WELLINGTON ROAD, EDGBASTON",BIRMINGHAM,B15 2ER,07/10/2013,86101 - Hospital activities,08721536
R00431,ARCHER BASSETT LTD,"1172 WARWICK ROAD, ACOCKS GREEN",BIRMINGHAM,B27 6BS,15/10/2013,68310 - Real estate agencies,08732608
R00432,ACUSPA LTD,50 BRIDGE STREET,MANCHESTER,M3 3BW,21/10/2013,86900 - Other human health activities,08740512
R00433,ANDERSON 89 LTD,"FLAT 2, 32 ERDINGTON HALL ROAD",BIRMINGHAM,B24 8JW,22/10/2013,82990 - Other business support service activities n.e.c.,08743260
R00434,A&B AIR CONDITIONING LIMITED,"8 LOWOOD AVENUE, URMSTON",MANCHESTER,M41 8GD,25/10/2013,"43220 - Plumbing, heat and air-conditioning installation",08748247
R00435,ALRAKAEZ FOR ENGINEERING CONSULTING LTD,"UNIT 7 INITIAL BUSINESS CENTRE, WILSON BUSINESS PARK",MANCHESTER,M40 8WN,25/10/2013,42990 - Construction of other civil engineering projects n.e.c.,08748862
R00436,ASSIST FS LTD,"223 STEWARD STREET BUSINESS LOFTS, 69 STEWARD STREET",BIRMINGHAM,B18 7AF,29/10/2013,81100 - Combined facilities support activities,08753109
R00437,BISON ENERGY & CONTROLS LIMITED,11 BOLTON STREET,BIRMINGHAM,B9 4HH,04/11/2013,70229 - Management consultancy activities other than financial management,08759471
R00438,BEATRICE EVENTS LTD,"71 VICTORIA AVENUE EAST, VICTORIA AVENUE EAST",MANCHESTER,M9 6HP,05/11/2013,68310 - Real estate agencies,08761959
R00439,ALDERBROOK FINANCIAL SERVICES LIMITED,"THE ARGENT CENTRE, 60 FREDERICK STREET",BIRMINGHAM,B1 3HS,11/11/2013,64922 - Activities of mortgage finance companies,08768998
R00440,ADAPTIVE E-LEARN SYSTEM (ADES) LTD,"158 RUSSELL STREET, RUSSELL STREET",MANCHESTER,M16 7JL,12/11/2013,62090 - Other information technology service activities,08771145
R00441,BCEGI CONSTRUCTION (UK) LTD,"SUITE 1S-B,FIRST FLOOR, TRAFFORD HOUSE CHESTER ROAD, OLD TRAFFORD",MANCHESTER,M32 0RS,26/11/2013,41201 - Construction of commercial buildings,08790883
R00442,B & I PUB COMPANY LIMITED,"693 WINDMILL LANE, DENTON",MANCHESTER,M34 2ET,27/11/2013,56302 - Public houses and bars,08791653
R00443,AI SIGNS & PROMOS LTD,191-195 ERRWOOD ROAD,MANCHESTER,M19 1JB,11/12/2013,33140 - Repair of electrical equipment,08810800
R00444,ARC TRUSTEES LIMITED,"NEW MAXDOV HOUSE, 130 BURY NEW ROAD",MANCHESTER,M25 0AA,18/12/2013,64999 - Financial intermediation not elsewhere classified,08818861
R00445,300 MEDIA LTD,"412 STRETFORD ROAD, AURA COURT BUSINESS CENTRE",MANCHESTER,M15 4AE,07/01/2014,62090 - Other information technology service activities,08835058
R00446,BELGE CONVENIENCE STORE LTD,"63 RICHMOND ROAD, STECHFORD",BIRMINGHAM,B33 8TL,13/01/2014,"47110 - Retail sale in non-specialised stores with food, beverages or tobacco predominating",08841301
R00447,A CONSULTANTS LIMITED,"SUITE F9-10, RM 11-14, 5TH FLOOR SCALA HOUSE, HOLLOWAY CIRCUS QUEENSWAY",BIRMINGHAM,B1 1EQ,22/01/2014,33200 - Installation of industrial machinery and equipment,08856507
R00448,BABAY MEDICAL LTD,"SOHO HOUSE 362-364, SOHO ROAD",BIRMINGHAM,B21 9QL,22/01/2014,86101 - Hospital activities,08856777
R00449,BRIARWOOD RETAIL LTD,"WINDMILL LANE POST OFFICE, 697 WINDMILL LANE",MANCHESTER,M34 2ET,31/01/2014,47190 - Other retail sale in non-specialised stores,08870984
R00450,BATHLA PROPERTIES LIMITED,"59-61 CHARLOTTE STREET, ST PAULS SQUARE",BIRMINGHAM,B3 1PX,04/02/2014,68209 - Other letting and operating of own or leased real estate,08875171
R00451,ALBERTROSTON INVESTMENTS LIMITED,"79 WINDSOR ROAD, PRESTWICH",MANCHESTER,M25 0DB,11/02/2014,68209 - Other letting and operating of own or leased real estate,08886813
R00452,ARROW GLOBAL LUNA LIMITED,"BELVEDERE, 12 BOOTH STREET",MANCHESTER,M2 4AW,17/02/2014,64921 - Credit granting by non-deposit taking finance houses and other specialist consumer credit grantors,08898157
R00453,AMANAH ACCOUNTANTS LIMITED,"56 GREEN LANE, SMALL HEATH",BIRMINGHAM,B9 5DB,17/02/2014,69202 - Bookkeeping activities,08898640
R00454,AEDIS WARRANTIES LTD,"IRVING HOUSE, 47 FREDERICK STREET",BIRMINGHAM,B1 3HN,20/02/2014,65120 - Non-life insurance,08905383
R00455,AGAMEMNON 2014 LTD,"86 KEW ROAD,, FAILSWORTH,",MANCHESTER,M35 9LA,03/03/2014,82990 - Other business support service activities n.e.c.,08920206
R00456,5 STAR NORTH WEST LIMITED,"200-202 ELLIOTT STREET, TYLDESLEY",MANCHESTER,M29 8DS,07/04/2014,96090 - Other service activities n.e.c.,08981303
R00457,AIGO DIGITAL LTD,"NF17 ARNDALE NEW MARKET, 49 HIGH STREET",MANCHESTER,M4 3AH,07/04/2014,"47410 - Retail sale of computers, peripheral units and software in specialised stores",08983125
R00458,ARTS AND BEAUTY LIMITED,"SUITE 6 639/641 MANCHESTER OLD ROAD, MIDDLETON",MANCHESTER,M24 4PN,08/04/2014,47890 - Retail sale via stalls and markets of other goods,08984541
R00459,AHMAD & CO ACCOUNTANCY LTD,350 DICKENSON ROAD,MANCHESTER,M13 0NG,09/04/2014,69202 - Bookkeeping activities,08987478
R00460,BESPOKE HOME INTERIOR DESIGN LIMITED,"BROADOAK BUSINESS PARK ASHBURTON ROAD WEST, TRAFFORD PARK",MANCHESTER,M17 1RW,22/04/2014,31090 - Manufacture of other furniture,09004008
R00461,ATLA SERVICES LIMITED,"1 HARDMAN STREET, SPINNINGFIELDS",MANCHESTER,M3 3HF,22/04/2014,85590 - Other education n.e.c.,09005595
R00462,BARRYS FURNITURE LIMITED,"349 BURY OLD ROAD, PRESTWICH",MANCHESTER,M25 1PY,24/04/2014,"47599 - Retail of furniture, lighting, and similar (not musical instruments or scores) in specialised store",09009142
R00463,ALAP LTD,"PICCADILLY BUSINESS CENTRE UNIT C ALDOW ENTERPRISE PARK, BLACKETT STREET",MANCHESTER,M12 6AE,07/05/2014,85600 - Educational support services,09027984
R00464,BIG PLANNING LIMITED,"65 VICEROY CLOSE, EDGBASTON",BIRMINGHAM,B5 7UT,16/05/2014,82990 - Other business support service activities n.e.c.,09044257
R00465,APEX ISS (HOLDINGS) LIMITED,"REGENCY COURT, 62-66 DEANSGATE",MANCHESTER,M3 2EN,21/05/2014,70100 - Activities of head offices,09049180
R00466,AOS INVESTMENTS LIMITED,"1 WORSLEY COURT HIGH STREET, WORSLEY",MANCHESTER,M28 3NJ,05/06/2014,68100 - Buying and selling of own real estate,09073300
R00467,ALLIED MANAGED SERVICES LIMITED,"C/O CONNAUGHTON & CO 1ST FLOOR, 4 JORDAN STREET",MANCHESTER,M15 4PY,11/06/2014,99999 - Dormant Company,09081919
R00468,ABB RIVERSIDE LTD,"FIRST FLOOR, HAGLEY COURT, 40 VICARAGE ROAD, EDGBASTON",BIRMINGHAM,B15 3EZ,30/06/2014,56101 - Licensed restaurants,09106862
R00469,AVIGHNA SOFTWARE AND CONSULTANCY SERVICES LTD.,11 THOMAS GEORGE WAY,BIRMINGHAM,B19 2NE,30/06/2014,62020 - Information technology consultancy activities,09107735
R00470,AVIS HEALTHCARE LIMITED,"GROSVENOR HOUSE, 11 ST. PAULS SQUARE",BIRMINGHAM,B3 1RB,03/07/2014,86101 - Hospital activities,09114757
R00471,BARONISSIMA LIMITED,69 GREAT HAMPTON STREET,BIRMINGHAM,B18 6EW,04/07/2014,82990 - Other business support service activities n.e.c.,09116842
R00472,BETTER CONNECTIONS (DEVELOPMENTS) LIMITED,"BLACK HORSE CHAMBERS 231 ELLIOTT STREET, TYLDESLEY",MANCHESTER,M29 8DG,15/07/2014,82990 - Other business support service activities n.e.c.,09132236
R00473,AMSA INFOSEC LTD,"ICENTRUM, HOLT STREET",BIRMINGHAM,B7 4BP,17/07/2014,62020 - Information technology consultancy activities,09134665
R00474,BERNICE EYE CARE LIMITED,"APARTMENT 31, THE EDG, 103 SPRINGMEADOW ROAD",BIRMINGHAM,B15 2GJ,25/07/2014,86900 - Other human health activities,09147890
R00475,BENTLEY CONTRACTS LTD,147 BROADWAY,MANCHESTER,M40 3NW,28/07/2014,"74909 - Other professional, scientific and technical activities n.e.c.",09149817
R00476,AEDESIA LIMITED,"13 PORTLAND ROAD, EDGBASTON",BIRMINGHAM,B16 9HN,01/08/2014,70229 - Management consultancy activities other than financial management,09156872
R00477,3343 LIMITED,"UNIT 8, SAFE HARBOUR INDUSTRIAL ESTATE, 25 MOOR LANE",BIRMINGHAM,B6 7AE,04/08/2014,25990 - Manufacture of other fabricated metal products n.e.c.,09158890
R00478,ALSBRE COMPANY LTD,"UNIT 2, CENTURY PARK, GARRISON LANE",BIRMINGHAM,B9 4NZ,04/08/2014,47710 - Retail sale of clothing in specialised stores,09159719
R00479,AROKAYA THAI YOGA MASSAGE & SPA LTD,557 BARLOW MOOR ROAD,MANCHESTER,M21 8AN,05/08/2014,96090 - Other service activities n.e.c.,09160722
R00480,ADAM AND EESA LIMITED,"25 EASTLEIGH ROAD, PRESTWICH",MANCHESTER,M25 0BX,07/08/2014,46420 - Wholesale of clothing and footwear,09166650
R00481,AZIZ PHARMA SOLUTIONS LTD,41 LEONARD ROAD,BIRMINGHAM,B19 1JU,08/08/2014,86900 - Other human health activities,09167562
R00482,A.K. GARMENTS (MCR) LIMITED,"1 A K GARMENTS LTD, BRADSTONE ROAD",MANCHESTER,M8 8WA,11/08/2014,47190 - Other retail sale in non-specialised stores,09168880
R00483,ACCISO LTD,"THE MALTINGS 2 ANDERSON ROAD, BEARWOOD",BIRMINGHAM,B66 4AR,19/08/2014,86220 - Specialists medical practice activities,09182438
R00484,1TECHNO LIMITED,"SUITE 22C CITY TOWER, PICCADILLY PLAZA",MANCHESTER,M1 4BT,30/08/2014,62020 - Information technology consultancy activities,09195540
R00485,ASR REAL ESTATES LIMITED,121 LIVERY STREET,BIRMINGHAM,B3 1RS,05/09/2014,68100 - Buying and selling of own real estate,09204875
R00486,ASTONMONT LIMITED,141 CHEETHAM HILL ROAD,MANCHESTER,M8 8LY,10/09/2014,46190 - Agents involved in the sale of a variety of goods,09211403
R00487,BESTWAY NATIONAL CHEMISTS LIMITED,"MERCHANTS WAREHOUSE CASTLE STREET, CASTLEFIELD",MANCHESTER,M3 4LZ,18/09/2014,47730 - Dispensing chemist in specialised stores,09225457
R00488,BESTWAY PANACEA HOLDINGS LIMITED,"MERCHANTS WAREHOUSE CASTLE STREET, CASTLEFIELD",MANCHESTER,M3 4LZ,18/09/2014,70100 - Activities of head offices,09225479
R00489,BELL CANNOCK LTD,"SIX WAYS BUSINESS CENTRE, 1 GUILDFORD STREET",BIRMINGHAM,B19 2HN,18/09/2014,99999 - Dormant Company,09225495
R00490,BPW BIO SOILS LTD,ONE ST PETER'S SQUARE,MANCHESTER,M2 3DE,19/09/2014,39000 - Remediation activities and other waste management services,09226339
R00491,AUTO GTI LTD,"GROSVENOR HOUSE, 658 CHESTER ROAD",BIRMINGHAM,B23 5TE,24/09/2014,45200 - Maintenance and repair of motor vehicles,09232690
R00492,ASHALL'S COACHES LIMITED,11 FROXMER STREET,MANCHESTER,M18 8EF,10/10/2014,45200 - Maintenance and repair of motor vehicles,09257871
R00493,ALI'S MOTORS LTD,1B ANTHONY ROAD,BIRMINGHAM,B8 3AA,14/10/2014,45112 - Sale of used cars and light motor vehicles,09262981
R00494,AREA CODE DEVELOPMENTS LTD,42 LADYBARN ROAD,MANCHESTER,M14 6WW,15/10/2014,68100 - Buying and selling of own real estate,09266365
R00495,BOREHOLE SOLUTIONS LTD,"SAPPHIRE HEIGHTS COURTYARD, 31 TENBY STREET NORTH",BIRMINGHAM,B1 3ES,16/10/2014,43130 - Test drilling and boring,09266910
R00496,BOW LEASEHOLD LTD,11 BROMLEY STREET,BIRMINGHAM,B9 4AN,23/10/2014,70229 - Management consultancy activities other than financial management,09277167
R00497,BRESLINS TAX LTD,"CROSBY COURT, 28 GEORGE STREET",BIRMINGHAM,B3 1QG,24/10/2014,69201 - Accounting and auditing activities,09279899
R00498,ABC BOOKKEEPING AND ACCOUNTANCY (UK) LTD,"155 CHURCH ROAD, YARDLEY",BIRMINGHAM,B25 8UP,04/11/2014,69202 - Bookkeeping activities,09294488
R00499,BASZAK ENGINEERING LIMITED,31 RAINSOUGH BROW,MANCHESTER,M25 9XW,07/11/2014,71129 - Other engineering activities,09301439
R00500,AUTEUR STORE LTD,117 BEECH ROAD,MANCHESTER,M21 9EQ,10/11/2014,47710 - Retail sale of clothing in specialised stores,09303217
R00501,BRESLINS WORCESTER LTD,"CROSBY COURT, 28 GEORGE STREET",BIRMINGHAM,B3 1QG,27/11/2014,69201 - Accounting and auditing activities,09331146
R00502,AKHTAR AND SONS LIMITED,"FIRST FLOOR, ARDEN HOUSE, TALBOT WAY",BIRMINGHAM,B10 0HJ,01/12/2014,68100 - Buying and selling of own real estate,09335714
R00503,BLUEBIRD GOLF CENTRE LTD,"63 CLOUGH FOLD, RADCLIFFE",MANCHESTER,M26 1GZ,04/12/2014,93199 - Other sports activities,09340996
R00504,BEACONSFIELD REAL ESTATE LIMITED,"47-49 KING STREET, KING STREET",MANCHESTER,M2 7AY,04/12/2014,68209 - Other letting and operating of own or leased real estate,09341310
R00505,ARIAN (CATERING SUPPLIERS) LIMITED,"UNIT 4, BLOCK 1 ALBERT CLOSE TRADING ESTATE, WHITEFIELD",MANCHESTER,M45 8EH,10/12/2014,10890 - Manufacture of other food products n.e.c.,09348641
R00506,BHL CIVIL ENGINEERING LTD,"26 THE GREEN, KINGS NORTON",BIRMINGHAM,B38 8SD,10/12/2014,42990 - Construction of other civil engineering projects n.e.c.,09349419
R00507,B.S. PLASTICS LIMITED,"25 DULVERTON ROAD, WITTON",BIRMINGHAM,B6 7EQ,11/12/2014,22220 - Manufacture of plastic packing goods,09350237
R00508,AC BUILDING SERVICES LIMITED,"UNIT 6 HOLLYWOOD TRADING ESTATE, DARK LANE",BIRMINGHAM,B47 5BN,12/12/2014,35300 - Steam and air conditioning supply,09352166
R00509,BI ACCOUNTANCY LTD,"80 ASHTON ROAD, DENTON",MANCHESTER,M34 3JF,12/12/2014,69201 - Accounting and auditing activities,09352377
R00510,AHDAS GLOBAL LIMITED,118 WILBRAHAM ROAD,MANCHESTER,M14 7DU,24/12/2014,41201 - Construction of commercial buildings,09367397
R00511,B EMPOWERED LIMITED,"21 WELLINGTON ROAD, EDGBASTON",BIRMINGHAM,B15 2EU,19/01/2015,86900 - Other human health activities,09395253
R00512,AGURI LIMITED,"UNTI 8 GUINNESS ROAD, TRAFFORD PARK",MANCHESTER,M17 1SD,26/01/2015,62012 - Business and domestic software development,09406860
R00513,AG SOLICITORS LTD.,580B STOCKPORT ROAD,MANCHESTER,M13 0RQ,29/01/2015,69102 - Solicitors,09413012
R00514,BLOOM IN DESIGN LIMITED,"SUITE 22C CITY TOWER, PICCADILLY PLAZA",MANCHESTER,M1 4BT,30/01/2015,"46150 - Agents involved in the sale of furniture, household goods, hardware and ironmongery",09415055
R00515,AUNT TILLY'S LIMITED,"CENTURY BUILDINGS, 14 ST. MARY'S PARSONAGE",MANCHESTER,M3 2DF,02/02/2015,56210 - Event catering activities,09417007
R00516,ASAT PROPERTIES LIMITED,"9 WOODSTOCK DRIVE, WORSLEY",MANCHESTER,M28 2NP,03/02/2015,68201 - Renting and operating of Housing Association real estate,09420420
R00517,ASIM RIAZ LEGAL SERVICES LIMITED,"156 SPRINGFIELD ROAD, KINGS HEATH",BIRMINGHAM,B14 7DX,10/02/2015,69102 - Solicitors,09431814
R00518,BIRMINGHAM PROPERTY GROUP LIMITED,"33 BILLESLEY LANE, MOSELEY",BIRMINGHAM,B13 9QT,25/02/2015,68209 - Other letting and operating of own or leased real estate,09458785
R00519,BRACKN LIMITED,"PICCADILLY BUSINESS CENTRE, UNIT C ALDOW ENTERPRISE PARK",MANCHESTER,M12 6AE,05/03/2015,59200 - Sound recording and music publishing activities,09473646
R00520,A L R MED LIMITED,"1 HARDMAN STREET, SPINNINGFIELDS",MANCHESTER,M3 3HF,05/03/2015,86210 - General medical practice activities,09473901
R00521,4NB CONSULTANCY LIMITED,"THE MALTINGS 2 ANDERSON ROAD, BEARWOOD",BIRMINGHAM,B66 4AR,09/03/2015,69202 - Bookkeeping activities,09477779
R00522,ACES CAR HIRE LIMITED,"UNIT 174-176 OLD WELLINGTON ROAD, ECCLES",MANCHESTER,M30 9FU,11/03/2015,96090 - Other service activities n.e.c.,09483258
R00523,BOGDAN LAW OFFICE LTD,"235A HIGH STREET, ERDINGTON",BIRMINGHAM,B23 6SS,17/03/2015,69109 - Activities of patent and copyright agents; other legal activities n.e.c.,09493604
R00524,ASPIRIS LTD,"OFFICE 3.22, 02 UNIVERSAL SQUARE, DEVONSHIRE STREET NORTH,",MANCHESTER,M12 6JH,23/03/2015,62020 - Information technology consultancy activities,09503628
R00525,BLUE DIAMONDS PROFESSIONAL SERVICES LIMITED,"335 GARRETTS GREEN LANE, SHELDON",BIRMINGHAM,B33 0TU,26/03/2015,78200 - Temporary employment agency activities,09511801
R00526,ANSONSCO 4 LIMITED,"121 SHADY LANE, GREAT BARR",BIRMINGHAM,B44 9ET,01/04/2015,47730 - Dispensing chemist in specialised stores,09523179
R00527,5 HEALTH SOLUTIONS LTD,"SUIT 2, PARKWAY 5 PARKWAY BUSINESS CENTRE, 300 PRINCESS ROAD",MANCHESTER,M14 7HR,02/04/2015,86900 - Other human health activities,09525644
R00528,BEIS PROPERTY LIMITED,"REEDHAM HOUSE, 31 KING STREET WEST",MANCHESTER,M3 2PJ,02/04/2015,68100 - Buying and selling of own real estate,09525726
R00529,ASHER HR CONSULTANTS LIMITED,21 MELLAND ROAD,MANCHESTER,M18 7QA,08/04/2015,47910 - Retail sale via mail order houses or via Internet,09529568
R00530,A&A CLEANING AND MAINTENANCE SERVICES LTD,"C/O ATHERTON ACCOUNTANCY LIMITED 30 BOLTON OLD ROAD, ATHERTON",MANCHESTER,M46 9DL,08/04/2015,96090 - Other service activities n.e.c.,09531838
R00531,BPB HOSIERY LIMITED,"18 HAZEL DRIVE, HOLLYWOOD",BIRMINGHAM,B47 5RJ,09/04/2015,47710 - Retail sale of clothing in specialised stores,09533865
R00532,APEX CAELESTIS LTD.,19 COTTON LANE,MANCHESTER,M20 4UX,01/05/2015,01500 - Mixed farming,09570697
R00533,APPLIANCE REPAIR EXPRESS LIMITED,"517A HAGLEY ROAD, BIRMINGHAM",BIRMINGHAM,B66 4AX,12/05/2015,33140 - Repair of electrical equipment,09585777
R00534,AUXILIO HOUSING LIMITED,"45-47 RICHMOND ROAD, OLTON, SOLIHULL",BIRMINGHAM,B92 7RP,22/05/2015,64202 - Activities of production holding companies,09604266
R00535,ASTON VERTICAL TRANSPORTATION CONSULTANTS LTD,"BRANSTON COURT, BRANSTON STREET",BIRMINGHAM,B18 6BA,27/05/2015,71122 - Engineering related scientific and technical consulting activities,09609449
R00536,A6000 LTD,"2 WHEELEYS ROAD, EDGBASTON",BIRMINGHAM,B15 2LD,02/06/2015,46520 - Wholesale of electronic and telecommunications equipment and parts,09618140
R00537,AZIZ PROPERTY INVESTMENTS & DEVELOPMENT COMPANY LIMITED,8 EBLEY ROAD,BIRMINGHAM,B20 2LX,05/06/2015,68209 - Other letting and operating of own or leased real estate,09625082
R00538,ALHAFIDH LIMITED,7 LITTLEOVER AVENUE,BIRMINGHAM,B28 9HR,08/06/2015,64191 - Banks,09627341
R00539,BIG CHICKEN LTD,"373 STRATFORD ROAD, SPARKHILL",BIRMINGHAM,B11 4JZ,10/06/2015,56102 - Unlicensed restaurants and cafes,09632596
R00540,BRIGHTEST STAR CHILD CARE LTD,"119 COBDEN STREET, COBDEN STREET",MANCHESTER,M9 4DY,12/06/2015,96090 - Other service activities n.e.c.,09637610
R00541,ARW GATES LIMITED,"BRULIMAR HOUSE JUBILEE ROAD, MIDDLETON",MANCHESTER,M24 2LX,20/06/2015,31090 - Manufacture of other furniture,09649503
R00542,ANGELCARESERVICESUK LTD,"UNIT 7, WILSONS PARK, MONSALL ROAD",MANCHESTER,M40 8WN,25/06/2015,87900 - Other residential care activities n.e.c.,09657400
R00543,ANDERSEN JAMES GROUP LIMITED,"TOWER 12 PT LEVEL 9 TOWER 12, 18-22 BRIDGE STREET",MANCHESTER,M3 3BZ,01/07/2015,78109 - Other activities of employment placement agencies,09665493
R00544,AFFINITY REAL ESTATES LIMITED,"29 WILBRAHAM ROAD WILBRAHAM ROAD, FALLOWFIELD",MANCHESTER,M14 6FG,03/07/2015,68209 - Other letting and operating of own or leased real estate,09669550
R00545,AQWA SPORTS LIMITED,471 SHIRLEY ROAD HALL GREEN,BIRMINGHAM,B28 8QL,03/07/2015,47910 - Retail sale via mail order houses or via Internet,09670212
R00546,2K MANAGEMENT LTD,"3RD FLOOR COLWYN CHAMBERS, 19 YORK STREET",MANCHESTER,M2 3BA,03/07/2015,82990 - Other business support service activities n.e.c.,09670217
R00547,ACTIVE CARE PRO REHAB LTD.,"109 CHEETHAM HILL ROAD, CHEETHAM HILL",MANCHESTER,M8 8PY,06/07/2015,86900 - Other human health activities,09672399
R00548,ADL REHAB LTD,223 SLADE LANE,MANCHESTER,M19 2EX,07/07/2015,82990 - Other business support service activities n.e.c.,09674347
R00549,A3M LTD,"C/O SIGMA CHARTERED ACCOUNTANTS, CUBO, 55 COLMORE ROW",BIRMINGHAM,B3 2AA,10/07/2015,68209 - Other letting and operating of own or leased real estate,09680480
R00550,ATKINS FLYNN LTD,11 SLEDMOOR ROAD,MANCHESTER,M23 0NU,13/07/2015,69201 - Accounting and auditing activities,09681598
R00551,BLACK CAT BUILDING CONSULTANCY LIMITED,"5TH FLOOR, ONE ST JAMES' SQUARE",MANCHESTER,M2 6DN,13/07/2015,"74909 - Other professional, scientific and technical activities n.e.c.",09682289
R00552,BIZ-PARKS LTD,"BANK CHAMBERS, 93 LAPWING LANE",MANCHESTER,M20 6UR,14/07/2015,68100 - Buying and selling of own real estate,09685359
R00553,ALEXIOS LTD,"30 THE LINDENS, HARBORNE",BIRMINGHAM,B32 2ER,17/07/2015,47910 - Retail sale via mail order houses or via Internet,09691865
R00554,A5 NEWS LIMITED,"240 GROVE LANE, HANDSWORTH",BIRMINGHAM,B20 2EY,20/07/2015,68100 - Buying and selling of own real estate,09694287
R00555,BOMO ASSOCIATES LIMITED,9 CLUBHOUSE AVENUE,MANCHESTER,M38 9AZ,21/07/2015,69109 - Activities of patent and copyright agents; other legal activities n.e.c.,09695272
R00556,ALDERNEY LEARNING AND DEVELOPMENT LTD,"C/O MANTRA LEARNING LTD GREENGATE, MIDDLETON",MANCHESTER,M24 1RU,24/07/2015,99999 - Dormant Company,09701761
R00557,BRIDGEWATER FINANCE & CREDIT LTD,"245 BURY NEW ROAD, WHITEFIELD",MANCHESTER,M45 8QP,24/07/2015,64929 - Other credit granting n.e.c.,09701959
R00558,ABRAHAM BARON SOLICITORS LTD,"1388 - 1394 COVENTRY ROAD, YARDLEY",BIRMINGHAM,B25 8AE,14/08/2015,69102 - Solicitors,09733022
R00559,AGENT SOFTWARE LIMITED,"3RD FLOOR, NORTH SQUARE, 11-13 SPEAR STREET",MANCHESTER,M1 1JU,27/08/2015,62012 - Business and domestic software development,09751817
R00560,"AUTO, PLANT & VAN HIRE LTD",88 LOWER TOWER STREET,BIRMINGHAM,B19 3NL,27/08/2015,77110 - Renting and leasing of cars and light motor vehicles,09752197
R00561,BLUEBELLS DAY NURSERY (LONDON) LTD,"47 HARPERS ROAD, NORTHFIELD",BIRMINGHAM,B31 4AW,03/09/2015,85100 - Pre-primary education,09761478
R00562,BRONSON HOLDINGS LIMITED,"MANCHESTER BUSINESS PARK, 3500 AVIATOR WAY",MANCHESTER,M22 5TG,10/09/2015,96090 - Other service activities n.e.c.,09771991
R00563,ARPERO LTD,26 YORK STREET,BIRMINGHAM,B17 0HG,11/09/2015,78109 - Other activities of employment placement agencies,09773011
R00564,ADNAN DESIGNER STUDIO LTD,219 LADYPOOL ROAD,BIRMINGHAM,B12 8LG,15/09/2015,47710 - Retail sale of clothing in specialised stores,09777777
R00565,09778294 LIMITED,"UNIT 1 WALMER STREET EAST, RUSHOLME",MANCHESTER,M14 5SS,15/09/2015,55900 - Other accommodation,09778294
R00566,BOUBA & MORANE LTD,"28 BEN STREET, CLAYTON",MANCHESTER,M11 4EW,15/09/2015,86900 - Other human health activities,09778337
R00567,A & H OFF LICENCE LIMITED,92 COBDEN STREET,MANCHESTER,M9 4DZ,22/09/2015,"47110 - Retail sale in non-specialised stores with food, beverages or tobacco predominating",09789293
R00568,BEE ECO LIMITED,"UNIT 4, GREAT BARR BUSINESS PARK BALTIMORE ROAD, GREAT BARR",BIRMINGHAM,B42 1DY,25/09/2015,43999 - Other specialised construction activities n.e.c.,09794401
R00569,ASSET RESIDENTIAL (ESTATES) LIMITED,"UNIT 6, SIRIUS, 95, JOHN BRIGHT STREET",BIRMINGHAM,B1 1BE,29/09/2015,68100 - Buying and selling of own real estate,09799445
R00570,1ST CLASSS CLEANING LIMITED,"PROTAX 371, BORDESLEY GREEN",BIRMINGHAM,B9 5RP,01/10/2015,81210 - General cleaning of buildings,09804592
R00571,1ST CLASS HOLIDAYS (HOLDINGS) LIMITED,"TRAFFORD HOUSE CHESTER ROAD, OLD TRAFFORD",MANCHESTER,M32 0RS,02/10/2015,64209 - Activities of other holding companies n.e.c.,09805613
R00572,21THREE CLOTHING COMPANY LIMITED,49-51 DALE STREET,MANCHESTER,M1 2HF,07/10/2015,46410 - Wholesale of textiles,09813139
R00573,BMM BUILDERS LIMITED,"FIRST FLOOR 2 HAMPTON COURT ROAD, HARBORNE",BIRMINGHAM,B17 9AE,08/10/2015,41202 - Construction of domestic buildings,09815172
R00574,24-7 CARE SERVICES BIRMINGHAM LTD,"LANDOR PRINT LTDB FIRSWOOD ROAD, GARRETTS GREEN IND ESTATE",BIRMINGHAM,B33 0TG,14/10/2015,96090 - Other service activities n.e.c.,09824760
R00575,3GS HOLDINGS LTD,"5TH FLOOR, 1 MARSDEN STREET",MANCHESTER,M2 1HW,16/10/2015,64209 - Activities of other holding companies n.e.c.,09828650
R00576,ASC LLB LIMITED,3 CORISANDE ROAD,BIRMINGHAM,B29 6RJ,22/10/2015,70229 - Management consultancy activities other than financial management,09837626
R00577,ARMANY WEST LIMITED,"PICCADILLY BUSINESS CENTRE UNIT C ALDOW ENTERPRISE PARK, BLACKETT STREET",MANCHESTER,M12 6AE,23/10/2015,70229 - Management consultancy activities other than financial management,09838776
R00578,ANANTTAMBE.COM LIMITED,"5 QUAYSIDE CLOSE, WORSLEY",MANCHESTER,M28 1YB,26/10/2015,96090 - Other service activities n.e.c.,09840192
R00579,ASHBOURNE DENTAL PRACTICE LIMITED,"ASHBOURNE DENTAL PRACTICE, 89-95 NEW SUMMER STREET",BIRMINGHAM,B19 3TE,28/10/2015,86230 - Dental practice activities,09845010
R00580,BOROUGH ELECTRICAL ENGINEERS SERVICES LIMITED,"9 APPLEBY CLOSE, KINGS HEATH",BIRMINGHAM,B14 6PA,28/10/2015,41201 - Construction of commercial buildings,09845206
R00581,BIG BOSS CONSTRUCTIONS LTD,133 BEAUCHAMP AVENUE,BIRMINGHAM,B20 1DT,02/11/2015,43310 - Plastering,09851472
R00582,AYUR VILLA LTD,"1202-1204 WARWICK ROAD WARWICK ROAD, ACOCKS GREEN",BIRMINGHAM,B27 6BY,02/11/2015,86900 - Other human health activities,09852595
R00583,BEXHILL ASSETS (NO 2) LIMITED,"1ST FLOOR RICO HOUSE GEORGE STREET, PRESTWICH",MANCHESTER,M25 9WS,05/11/2015,99999 - Dormant Company,09858873
R00584,AROMATHERAPY INFUSIONS LTD,83 DUCIE STREET,MANCHESTER,M1 2JQ,13/11/2015,47910 - Retail sale via mail order houses or via Internet,09871440
R00585,A & H FOOTWEAR LTD,"UNIT 6 VALE PARK WAY, HENDHAM VALE INDUSTRIAL PARK",MANCHESTER,M8 0AD,16/11/2015,46420 - Wholesale of clothing and footwear,09872550
R00586,5337 LIMITED,"24 CAVENDISH ROAD, STRETFORD",MANCHESTER,M32 0PR,16/11/2015,59111 - Motion picture production activities,09873508
R00587,BPS PRINCIPAL EMPLOYER LIMITED,1 BALLOON STREET,MANCHESTER,M4 4BE,26/11/2015,65300 - Pension funding,09891147
R00588,ARM ENGINEERING NW LIMITED,28/30 WILBRAHAM ROAD,MANCHESTER,M14 7DW,02/12/2015,42990 - Construction of other civil engineering projects n.e.c.,09898057
R00589,ALLIED LONDON LEEDS HOLDING COMPANY ONE LIMITED,"C/O ALLIED LONDON, SUITE 1, BONDED WAREHOUSE, 18 LOWER BYROM STREET",MANCHESTER,M3 4AP,04/12/2015,68209 - Other letting and operating of own or leased real estate,09903545
R00590,ALAM VALIDATION SERVICES LIMITED,52 ELECTRIC WAY,BIRMINGHAM,B11 3NJ,04/01/2016,"74909 - Other professional, scientific and technical activities n.e.c.",09934179
R00591,BEAUMONT INC LTD,260 HOSPITAL STREET,BIRMINGHAM,B19 2YF,04/01/2016,73110 - Advertising agencies,09934464
R00592,BPNJ SERVICES LIMITED,"THE COPPER ROOM DEVA CITY OFFICE PARK, TRINITY WAY",MANCHESTER,M3 7BG,05/01/2016,70229 - Management consultancy activities other than financial management,09936847
R00593,BROUGHTON SH LTD,"UNIT 2 HYTECH INDUSTRIAL PARK,, PEEL LANE, CHEETHAM HILL",MANCHESTER,M8 8RJ,05/01/2016,46420 - Wholesale of clothing and footwear,09937097
R00594,ARIF LOGISTICS LIMITED,"15 MIDDLE LEASOW, QUINTON",BIRMINGHAM,B32 1SN,11/01/2016,49410 - Freight transport by road,09943399
R00595,BRIDGE CLOUD CAPITAL LTD,10 HARBORNE ROAD,BIRMINGHAM,B15 3AA,11/01/2016,82990 - Other business support service activities n.e.c.,09945143
R00596,ACADEMIC MEDIA GROUP LIMITED,"INTERNATIONAL HOUSE, 61 MOSLEY STREET",MANCHESTER,M2 3HZ,12/01/2016,"74909 - Other professional, scientific and technical activities n.e.c.",09946210
R00597,BEAUTY BOUTIQUE NAILS AND BEAUTY BAR LTD,"231 ELLIOTT STREET, TYLDESLEY",MANCHESTER,M29 8DG,13/01/2016,86900 - Other human health activities,09949648
R00598,BOURNVILLE PROPERTY MAINTENANCE LTD,160 WOODLANDS PARK ROAD,BIRMINGHAM,B30 1SE,15/01/2016,68209 - Other letting and operating of own or leased real estate,09954291
R00599,AWMC RESTAURANTS LTD,15 CARNARVON STREET,MANCHESTER,M3 1HJ,19/01/2016,56101 - Licensed restaurants,09959071
R00600,B & G CONSULTING ENGINEERS LIMITED,"2 BOWLING GREEN MEWS, BOTTEVILLE ROAD",BIRMINGHAM,B27 7BQ,20/01/2016,"74909 - Other professional, scientific and technical activities n.e.c.",09960261
R00601,BRIGHTSTAR BOOKS LIMITED,"89 BURY NEW ROAD, WHITEFIELD",MANCHESTER,M45 7EG,25/01/2016,58110 - Book publishing,09966552
R00602,BONDCARE (HALIFAX) LIMITED,"1ST FLOOR CLOISTER HOUSE RIVERSIDE, NEW BAILEY STREET",MANCHESTER,M3 5FS,28/01/2016,87300 - Residential care activities for the elderly and disabled,09976127
R00603,A1 POWER CONSULTANTS LTD,44 ASTON AVENUE,MANCHESTER,M14 7HL,01/02/2016,"74909 - Other professional, scientific and technical activities n.e.c.",09979846
R00604,BIRMINGHAM EVENTS LTD,46 THE PRIORY QUEENSWAY,BIRMINGHAM,B4 7LR,08/02/2016,70229 - Management consultancy activities other than financial management,09991844
R00605,BACKFACE LIMITED,"CROSBY COURT, 28 GEORGE STREET",BIRMINGHAM,B3 1QG,11/02/2016,"74909 - Other professional, scientific and technical activities n.e.c.",09999485
R00606,BLUEROCK OPPORTUNITIES 3 LIMITED,"MB ADVISORS (UK) LTD 69, MIDDLETON ROAD",MANCHESTER,M8 4JY,12/02/2016,41100 - Development of building projects,10002705
R00607,BOTANICAL ENG LIMITED,"INTERNATIONAL HOUSE THE MCLAREN BUILDING, 46 THE PRIORY, QUEENSWAY",BIRMINGHAM,B4 7LR,15/02/2016,86900 - Other human health activities,10004124
R00608,A 2 Z AUTO SERVICES LTD,"UNIT 3,, MIDLAND STREET",MANCHESTER,M12 6LB,15/02/2016,45112 - Sale of used cars and light motor vehicles,10005668
R00609,BREEZE KITCHENS & BEDROOMS LTD,"UNIT B11 AVENUE ROAD, NECHELLS",BIRMINGHAM,B7 4NT,17/02/2016,31020 - Manufacture of kitchen furniture,10009883
R00610,ARLEC PROPERTY SERVICES LTD,"7 REEDMAKER PLACE, SWINTON",MANCHESTER,M27 9LN,24/02/2016,43390 - Other building completion and finishing,10023624
R00611,A & K R LIMITED,"C/O BTMR LIMITED CENTURY BUILDINGS, 14 ST MARY'S PARSONAGE",MANCHESTER,M3 2DF,26/02/2016,68209 - Other letting and operating of own or leased real estate,10027676
R00612,AKCROS ACQUISITION LIMITED,"LANKRO WAY LANKRO WAY, ECCLES",MANCHESTER,M30 0LX,26/02/2016,64202 - Activities of production holding companies,10029773
R00613,AIS BUSINESS CONSULTING LTD,45 INVERCLYDE ROAD,BIRMINGHAM,B20 2LL,03/03/2016,62090 - Other information technology service activities,10040371
R00614,BEWICK PROPERTIES LIMITED,"2ND FLOOR, PARKGATES BURY NEW ROAD, PRESTWICH",MANCHESTER,M25 0TL,08/03/2016,68100 - Buying and selling of own real estate,10049196
R00615,ARROW CLEANING SERVICES LIMITED,"38 SOVEREIGN ROAD, KINGS NORTON BUSINESS CENTRE",BIRMINGHAM,B30 3HN,09/03/2016,81221 - Window cleaning services,10053122
R00616,A2E ENTERPRISES LIMITED,1 MARSDEN STREET,MANCHESTER,M2 1HW,11/03/2016,70229 - Management consultancy activities other than financial management,10057530
R00617,A.B. HARDWARE DIY & GIFTS LTD,"164 WALKDEN ROAD, WORSLEY",MANCHESTER,M28 7DP,15/03/2016,47190 - Other retail sale in non-specialised stores,10063899
R00618,AAC CONSULTANTS LTD,2 ROWAN DRIVE,BIRMINGHAM,B28 0YH,21/03/2016,70229 - Management consultancy activities other than financial management,10073972
R00619,ANCOATS LAB LTD,"209 MILLINERS WHARF, 2 MUNDAY STREET",MANCHESTER,M4 7BG,21/03/2016,62090 - Other information technology service activities,10075551
R00620,774 LETTINGS LIMITED,"47 SELLY PARK ROAD, SELLY PARK",BIRMINGHAM,B29 7PH,23/03/2016,55900 - Other accommodation,10080962
R00621,ASG INVESTMENTS 2 LIMITED,"NO 1, MARSDEN STREET",MANCHESTER,M2 1HW,23/03/2016,70229 - Management consultancy activities other than financial management,10082304
R00622,BOSS FUNERAL HOLDINGS LIMITED,"13 PORTLAND ROAD, EDGBASTON",BIRMINGHAM,B16 9HN,01/04/2016,64209 - Activities of other holding companies n.e.c.,10096452
R00623,AMK LOGISTICS LTD,171 SOMERSET ROAD,BIRMINGHAM,B20 2JF,15/04/2016,49410 - Freight transport by road,10128310
R00624,ADDAG LTD,348 PARRS WOOD ROAD,MANCHESTER,M20 6JU,15/04/2016,86900 - Other human health activities,10128468
R00625,AYOO SERVICES LIMITED,"UNIT 10 LONG WOOD ROAD, TRAFFORD PARK",MANCHESTER,M17 1PZ,18/04/2016,"46510 - Wholesale of computers, computer peripheral equipment and software",10129967
R00626,AERO SERVICES.GLOBAL LIMITED,"1 MARSDEN STREET, C/O A2E INDUSTRIES LIMITED",MANCHESTER,M2 1HW,22/04/2016,70229 - Management consultancy activities other than financial management,10142530
R00627,BRANDLOVE CONSULTING LIMITED,"48 RINGLEY DRIVE, WHITEFIELD",MANCHESTER,M45 7LR,26/04/2016,70229 - Management consultancy activities other than financial management,10146914
R00628,ALTAYB LIMITED,"UNIT 1, DAGENHAM ROAD",MANCHESTER,M14 5ED,27/04/2016,96090 - Other service activities n.e.c.,10149944
R00629,BRIGHT CLOUD PROPERTY UK LIMITED,"1312 JEFFERSON PLACE, 1 FERNIE STREET",MANCHESTER,M4 4BT,12/05/2016,68100 - Buying and selling of own real estate,10176425
R00630,BANANA ENTERPRISE LTD,"14 REEDLEY DRIVE, WORSLEY",MANCHESTER,M28 7XR,17/05/2016,74990 - Non-trading company,10183051
R00631,AIRSHACK LTD,25 LADYBARN ROAD,MANCHESTER,M14 6WN,19/05/2016,55900 - Other accommodation,10188331
R00632,BETTER HEALTH GROUP LIMITED,"LIFFORD HALL LIFFORD LANE, KINGS NORTON",BIRMINGHAM,B30 3JN,23/05/2016,64303 - Activities of venture and development capital companies,10193733
R00633,AIRPURE TRADEMARK LIMITED,"REEDHAM HOUSE, 31 KING STREET WEST",MANCHESTER,M3 2PJ,24/05/2016,99999 - Dormant Company,10196680
R00634,BORO & CO INTERNATIONAL LIMITED,"514 COVENTRY ROAD, GROUND FLOOR",BIRMINGHAM,B10 0UN,27/05/2016,70229 - Management consultancy activities other than financial management,10203316
R00635,BJM MOT LTD,"SUITE 3, 4TH FLOOR QUEENS GATE, 121 SUFFOLK STREET QUEENSWAY",BIRMINGHAM,B1 1LX,06/06/2016,82990 - Other business support service activities n.e.c.,10215674
R00636,BAS DERMATOLOGY LIMITED,39 LEAHURST CRESCENT,BIRMINGHAM,B17 0LG,07/06/2016,86102 - Medical nursing home activities,10218864
R00637,AMREET MEDICAL LIMITED,"82A ROLFE STREET, SMETHWICK",BIRMINGHAM,B66 2AX,15/06/2016,86210 - General medical practice activities,10233582
R00638,AURACLE MANAGEMENT GROUP LIMITED,"APARTMENT 40 APARTMENT 40, 105 BELL BARN ROAD",BIRMINGHAM,B15 2GL,17/06/2016,68100 - Buying and selling of own real estate,10237682
R00639,AIH TRADING LIMITED,"INITIAL BUSINESS CENTRE, WILSON BUSINESS PARK",MANCHESTER,M40 8WN,21/06/2016,47910 - Retail sale via mail order houses or via Internet,10244557
R00640,2KM (HOLDINGS) LIMITED,"19 HIGHFIELD ROAD, EDGBASTON",BIRMINGHAM,B15 3BH,24/06/2016,64202 - Activities of production holding companies,10249079
R00641,ASPIRE HOME RENOVATIONS LIMITED,"147 BURY OLD ROAD, SALFORD",MANCHESTER,M7 4QX,28/06/2016,82990 - Other business support service activities n.e.c.,10254480
R00642,AFFINITY MANAGEMENT SOLUTIONS LIMITED,29 WILBRAHAM ROAD,MANCHESTER,M14 6FG,04/07/2016,70221 - Financial management,10260878
R00643,ACT PROPERTY LIMITED,"THE COPPER ROOM DEVA CITY OFFICE PARK, TRINITY WAY",MANCHESTER,M3 7BG,08/07/2016,68209 - Other letting and operating of own or leased real estate,10268704
R00644,AB CONSULTING SERVICES (ABCS) LIMITED,"ONE DIDSBURY POINT THE AVENUE, DIDSBURY",MANCHESTER,M20 2EY,11/07/2016,82990 - Other business support service activities n.e.c.,10272723
R00645,AMINGTON INVESTMENTS LIMITED,"AMINGTON HOUSE, 95 AMINGTON ROAD",BIRMINGHAM,B25 8EP,15/07/2016,68100 - Buying and selling of own real estate,10281163
R00646,AMTM LIMITED,49 CARPENTER ROAD,BIRMINGHAM,B15 2JP,16/07/2016,64305 - Activities of property unit trusts,10282020
R00647,AIMAN TRADING LTD,"SUITE 19, PARKWAY 2, PARKWAY BUSINESS CENTRE, 300 PRINCESS ROAD",MANCHESTER,M14 7HR,16/07/2016,47910 - Retail sale via mail order houses or via Internet,10282183
R00648,AA OPTIC LTD,145 YARDLEY FIELDS ROAD,BIRMINGHAM,B33 8RP,22/07/2016,86900 - Other human health activities,10291969
R00649,AMERSHAMS DIGITAL LTD,"BARTLE HOUSE, OXFORD COURT",MANCHESTER,M2 3WQ,26/07/2016,82990 - Other business support service activities n.e.c.,10296552
R00650,31 HIGHBRIDGE ROAD LTD,"59-61 CHARLOTTE STREET, ST PAULS SQUARE",BIRMINGHAM,B3 1PX,04/08/2016,68209 - Other letting and operating of own or leased real estate,10312180
R00651,ALI FOROUZ LTD,1 REDSTONE ROAD,MANCHESTER,M19 1RB,08/08/2016,86230 - Dental practice activities,10316864
R00652,AMK LEONARD PROPERTY INVESTMENT LIMITED,"UNIT 2.3, 20 DALE STREET",MANCHESTER,M1 1EZ,09/08/2016,82990 - Other business support service activities n.e.c.,10320437
R00653,ADIL TRAINING & CONSULTANCY LTD,68 ARDEN ROAD,BIRMINGHAM,B8 1DY,09/08/2016,74901 - Environmental consulting activities,10321436
R00654,ARC ELECTRICAL CONTRACTORS LTD,60 BRANTWOOD TERRACE,MANCHESTER,M9 4LR,10/08/2016,43210 - Electrical installation,10322174
R00655,AAA GLAZING SYSTEMS LIMITED,196 BLACKCARR ROAD,MANCHESTER,M23 1PA,11/09/2016,43342 - Glazing,10369393
R00656,BERNARD MATTHEWS FROZEN LIMITED,"BOPARAN SUPPORT CENTRE PORTLAND HOUSE, BICKENHILL LANE",BIRMINGHAM,B37 7WR,13/09/2016,10130 - Production of meat and poultry meat products,10373131
R00657,ASIA COMBO HOLDINGS LIMITED,"72 LOMBARD STREET, DIGBETH",BIRMINGHAM,B12 0QR,27/09/2016,64209 - Activities of other holding companies n.e.c.,10395238
R00658,BARGINZ LTD,4 LEIGHTON ROAD,MANCHESTER,M16 9NX,29/09/2016,47910 - Retail sale via mail order houses or via Internet,10400523
R00659,BEST TYRES FIT LTD,95 WRIGHT STREET,BIRMINGHAM,B10 9SP,01/10/2016,45200 - Maintenance and repair of motor vehicles,10405344
R00660,AIRPLUS TRAVELS LIMITED,253 BORDESLEY GREEN,BIRMINGHAM,B9 5EX,01/10/2016,79110 - Travel agency activities,10406432
R00661,BLUE DOLPHIN SERVICES LIMITED,"5 BOWFELL ROAD, URMSTON",MANCHESTER,M41 5RW,05/10/2016,41100 - Development of building projects,10411763
R00662,BETTER BUSINESS PERFORMANCE LIMITED,14 ELLESBORO ROAD,BIRMINGHAM,B17 8PT,10/10/2016,70221 - Financial management,10419897
R00663,AL HALAL LONGSIGHT LIMITED,24 SLADE LANE,MANCHESTER,M13 0QE,12/10/2016,"47110 - Retail sale in non-specialised stores with food, beverages or tobacco predominating",10423311
R00664,BLUE PIE UK PROPERTIES LIMITED,"CARE OF SIGMA CONNECTED, MCLAREN BUILDING, 46 PRIORY QUEENSWAY",BIRMINGHAM,B4 7LR,20/10/2016,68209 - Other letting and operating of own or leased real estate,10437505
R00665,ALWAYS FINESSING RECORDS LIMITED,"94 MOSS PARK ROAD, STRETFORD",MANCHESTER,M32 9HQ,24/10/2016,"46431 - Wholesale of audio tapes, records, CDs and video tapes and the equipment on which these are played",10443453
R00666,A1 MOTOR GRAND LTD,17 HALLADALE,BIRMINGHAM,B38 9DX,25/10/2016,45112 - Sale of used cars and light motor vehicles,10445416
R00667,BAN JIN LIMITED,"UNIT 2, 80 MOSLEY STREET",MANCHESTER,M2 3FX,26/10/2016,56101 - Licensed restaurants,10446974
R00668,BRINDLEHAND ENTERPRISE LTD,"1 HARDMAN STREET, SPINNINGFIELDS",MANCHESTER,M3 3HF,03/11/2016,86210 - General medical practice activities,10459929
R00669,BRIDGEGATE ESTATES LIMITED,32 ST. PAUL'S RD,BIRMINGHAM,B12 8NG,04/11/2016,68100 - Buying and selling of own real estate,10463632
R00670,AM HYDRAULICS LIMITED,"UNIT 6, HOCKLEY BROOK TRADING ESTATE, SOUTH ROAD AVENUE",BIRMINGHAM,B18 5JR,04/11/2016,99999 - Dormant Company,10463730
R00671,360 GLOBAL PARTNERSHIPS LIMITED,3 ARCHWAY,MANCHESTER,M15 5QJ,07/11/2016,96090 - Other service activities n.e.c.,10464308
R00672,BISTRO 1116 LTD,"76A KENWOOD ROAD, STRETFORD",MANCHESTER,M32 8PT,07/11/2016,56101 - Licensed restaurants,10465227
R00673,A M S 786 LTD,442-444 BARLOW MOOR ROAD,MANCHESTER,M21 0BQ,18/11/2016,68310 - Real estate agencies,10486254
R00674,B & G BUILDING AND MAINTENANCE LIMITED,"57 GRANVILLE ROAD, URMSTON",MANCHESTER,M41 0ZB,21/11/2016,41201 - Construction of commercial buildings,10488184
R00675,ABSOLUTE GROUP HOLDINGS UK LIMITED,"JUBILEE WORKS GORSEY LANE, COLESHILL",BIRMINGHAM,B46 1JU,01/12/2016,64209 - Activities of other holding companies n.e.c.,10505980
R00676,ASAAS GROUP LTD,"UNIT 1, THE AMANAH MASJID 28 STRATFORD STREET NORTH, SPARKBROKE",BIRMINGHAM,B11 1BP,02/12/2016,46190 - Agents involved in the sale of a variety of goods,10508857
R00677,ABINGTON AEROMEDICAL LTD,"C/O RUS & CO 1192 STRATFORD ROAD, HALL GREEN",BIRMINGHAM,B28 8AB,06/12/2016,86210 - General medical practice activities,10511767
R00678,BROAD MEDICALS LIMITED,"C/O ECHO TAX, SPACES MANCHESTER PETER HOUSE, OXFORD STREET",MANCHESTER,M1 5AN,07/12/2016,86210 - General medical practice activities,10515545
R00679,BARZANJI LTD,159 WILBRAHAM ROAD,MANCHESTER,M14 7DS,08/12/2016,68209 - Other letting and operating of own or leased real estate,10516973
R00680,A M PROPERTIES (WEST MIDLANDS) LIMITED,"146 REGINALD ROAD, SALTLEY",BIRMINGHAM,B8 1LU,09/12/2016,68209 - Other letting and operating of own or leased real estate,10517954
R00681,ASK PORTFOLIO LTD,77 HOLYHEAD ROAD,BIRMINGHAM,B21 0LG,09/12/2016,68100 - Buying and selling of own real estate,10519439
R00682,BIR ESTATES LTD,"2 WHEELEYS ROAD, EDGBASTON",BIRMINGHAM,B15 2LD,16/12/2016,68100 - Buying and selling of own real estate,10529453
R00683,ADI APPARELS LTD,16 PREMIER ROAD,MANCHESTER,M8 8HH,21/12/2016,46420 - Wholesale of clothing and footwear,10534965
R00684,AUTOMOTIVE RECOVERY AND STORAGE SOLUTIONS LTD,"C/O CNA AND CO, 810 STOCKPORT ROAD",MANCHESTER,M12 4QL,23/12/2016,49420 - Removal services,10538790
R00685,ADEPT CORPORATE SERVICES LIMITED,"SUITE 1 BONDED WAREHOUSE, 18 LOWER BYROM STREET",MANCHESTER,M3 4AP,04/01/2017,80100 - Private security activities,10545482
R00686,ALLIED LONDON QUAY HOUSE DEVELOPMENTS LIMITED,"C/O ALLIED LONDON, SUITE 1, BONDED WAREHOUSE, 18 LOWER BYROM STREET",MANCHESTER,M3 4AP,04/01/2017,41100 - Development of building projects,10546044
R00687,BIRMINGHAM(UK) LINEN SERVICES LIMITED,"UNIT 5 WHITWORTH INDUSTRIAL PARK, TILTON ROAD",BIRMINGHAM,B9 4PP,06/01/2017,96090 - Other service activities n.e.c.,10550523
R00688,BIG EVIL CORPORATION LTD,1 NEWBROOK AVENUE,MANCHESTER,M21 7PT,09/01/2017,62012 - Business and domestic software development,10553707
R00689,5 C GROUP SERVICES LTD,"106 RUSSELL ROAD, HALL GREEN",BIRMINGHAM,B28 8SG,12/01/2017,49410 - Freight transport by road,10560729
R00690,ALFA MEDICAL SERVICES LIMITED,"UNIT 4, MARLIN OFFIE VILLAGE, 1250 CHESTER ROAD",BIRMINGHAM,B35 7AZ,23/01/2017,86210 - General medical practice activities,10578204
R00691,AK CONTRACTS MANAGEMENT LIMITED,"UNIT 23 KENYON FORGE, KENYON STREET",BIRMINGHAM,B18 6AR,24/01/2017,68100 - Buying and selling of own real estate,10580583
R00692,BEYOND PERMANENT LTD,"80 ASHTON ROAD, DENTON",MANCHESTER,M34 3JF,10/02/2017,70229 - Management consultancy activities other than financial management,10612371
R00693,BELLEGROVE ROAD (2017) LTD,"2ND FLOOR PARKGATES BURY NEW ROAD, PRESTWICH",MANCHESTER,M25 0TL,13/02/2017,66190 - Activities auxiliary to financial intermediation n.e.c.,10614701
R00694,108 BUILDERS DEVELOPMENTS LIMITED,53 HORTON ROAD,MANCHESTER,M14 7QB,15/02/2017,41201 - Construction of commercial buildings,10622222
R00695,BIRMINGHAMEPOS LIMITED,"17 SCHOOL ROAD, HALL GREEN",BIRMINGHAM,B28 8JG,16/02/2017,"47410 - Retail sale of computers, peripheral units and software in specialised stores",10623424
R00696,BLACK MOUNTAIN BIKES LIMITED,"SUMMER HILL WORKS, POWELL STREET",BIRMINGHAM,B1 3DH,16/02/2017,99999 - Dormant Company,10623580
R00697,BMD PIPEFITTING AND STEEL FABRICATION LTD,"274 PRIORY ROAD, HALL GREEN",BIRMINGHAM,B28 0SR,16/02/2017,"43220 - Plumbing, heat and air-conditioning installation",10624322
R00698,AUSTIN UNITED LTD,"UNIT J AUSTIN WAY, HAMPSTEAD INDUSTRIAL ESTATE",BIRMINGHAM,B42 1DU,17/02/2017,"28930 - Manufacture of machinery for food, beverage and tobacco processing",10625371
R00699,ACCESS4LOFTS LTD,"C/O ACCOUNTS AND LEGAL, 81 KING STREET",MANCHESTER,M2 4AH,20/02/2017,"77400 - Leasing of intellectual property and similar products, except copyright works",10628875
R00700,BIG UP TV LIMITED,6 LILLIAN STREET,MANCHESTER,M16 9QD,20/02/2017,59113 - Television programme production activities,10629048
R00701,AUSTIN BRUTTI LIMITED,"SUITE 2F MANCHESTER INTERNATIONAL OFFICE CENTRE, STYAL ROAD",MANCHESTER,M22 5WB,21/02/2017,96090 - Other service activities n.e.c.,10631690
R00702,ABT BRITAIN LIMITED,1 CHAMBERLAIN SQUARE CS,BIRMINGHAM,B3 3AX,22/02/2017,"74909 - Other professional, scientific and technical activities n.e.c.",10633588
R00703,AJH JOINERY LTD,"211 MANCHESTER NEW ROAD, MIDDLETON",MANCHESTER,M24 1JT,23/02/2017,43320 - Joinery installation,10636431
R00704,BIRMINGHAM FOOD COURT LTD,98 LOZELLS ROAD,BIRMINGHAM,B19 2TB,28/02/2017,56102 - Unlicensed restaurants and cafes,10643140
R00705,BONDCARE (LONDON) LTD,"1ST FLOOR CLOISTER HOUSE RIVERSIDE, NEW BAILEY STREET",MANCHESTER,M3 5FS,02/03/2017,87300 - Residential care activities for the elderly and disabled,10649160
R00706,ABBEY BAY CRUSHING LTD,"PARKGATES BURY NEW ROAD, PRESTWICH",MANCHESTER,M25 0JW,06/03/2017,41201 - Construction of commercial buildings,10653029
R00707,BENJAMIN HANNA PROPERTY COMPANY LIMITED,"10 WALTER STREET, OLD TRAFFORD",MANCHESTER,M16 9GB,20/03/2017,68100 - Buying and selling of own real estate,10678213
R00708,BOYARCHER LTD,1 KILDARE ROAD,MANCHESTER,M21 0YG,24/03/2017,59111 - Motion picture production activities,10690167
R00709,BFORB INTERNATIONAL TRADING LIMITED,"19 ASTLEY HALL DRIVE, TYLDESLEY",MANCHESTER,M29 7TX,27/03/2017,94990 - Activities of other membership organizations n.e.c.,10692187
R00710,BANKIFI TECHNOLOGY LIMITED,"C/O ALEXANDER & CO CENTURION HOUSE, 129 DEANSGATE",MANCHESTER,M3 3WR,29/03/2017,62012 - Business and domestic software development,10696778
R00711,AGILE HOLDINGS LIMITED,"BLACKFRIARS HOUSE, ST MARY'S PARSONAGE",MANCHESTER,M3 2JA,30/03/2017,62090 - Other information technology service activities,10700313
R00712,ALBAN HOUSE (HEREFORD) LIMITED,"ST PAULS HOUSE, 23 ST PAULS SQURE",BIRMINGHAM,B3 1RB,06/04/2017,41100 - Development of building projects,10711898
R00713,BRADNOCKS CONTRACTORS LIMITED,"C/O VAGHELA & CO, STUDIO 10, CLARK'S COURTYARD, 145 GRANVILLE STREET",BIRMINGHAM,B1 1SB,06/04/2017,42990 - Construction of other civil engineering projects n.e.c.,10713544
R00714,ACTUAL CARE SERVICES LTD,"NUVO HOUSE BUSINESS CENTRE AUSTIN WAY, HAMSTEAD INDUSTRIAL ESTATE",BIRMINGHAM,B42 1DU,13/04/2017,87100 - Residential nursing care facilities,10724461
R00715,AJ PALLETS & GOODS LTD,76 BOOTH HALL ROAD,MANCHESTER,M9 7BL,19/04/2017,43390 - Other building completion and finishing,10729564
R00716,AWAAN INVESTMENTS LTD,"77 FRANCIS ROAD, EDGBASTON",BIRMINGHAM,B16 8SP,24/04/2017,82990 - Other business support service activities n.e.c.,10737237
R00717,BERTENSHAW SOFTWARE CONSULTANCY LTD,"2 ARLINGTON AVENUE, SWINTON",MANCHESTER,M27 0AQ,03/05/2017,62020 - Information technology consultancy activities,10750826
R00718,ASGRO LTD,"MARSTON HOUSE, ELMDON LANE",BIRMINGHAM,B37 7DL,04/05/2017,68100 - Buying and selling of own real estate,10754280
R00719,ALFA REAL ESTATE LIMITED,"UNIT 4, MARLIN OFFIE VILLAGE, 1250 CHESTER ROAD",BIRMINGHAM,B35 7AZ,05/05/2017,68209 - Other letting and operating of own or leased real estate,10756904
R00720,BENIDORM BUS LIMITED,9 AYRES ROAD,MANCHESTER,M16 7WY,08/05/2017,99999 - Dormant Company,10759147
R00721,BIRMINGHAM SYSTEMIC & FAMILY THERAPY LTD,"2 WHEELEYS ROAD, EDGBASTON",BIRMINGHAM,B15 2LD,09/05/2017,86220 - Specialists medical practice activities,10760388
R00722,AGLP ENTERPRISES LTD,"1078 WARWICK ROAD, ACOCKS GREEN",BIRMINGHAM,B27 6BH,10/05/2017,82301 - Activities of exhibition and fair organisers,10762717
R00723,BRADSHAW ASSETS LIMITED,"UNIT 4 TALLOW WAY, IRLAM",MANCHESTER,M44 6RJ,16/05/2017,68209 - Other letting and operating of own or leased real estate,10774100
R00724,BATHROOM JUNCTION LTD,"308 PARK ROAD, HOCKLEY",BIRMINGHAM,B18 5HE,25/05/2017,47789 - Other retail sale of new goods in specialised stores (not commercial art galleries and opticians),10788428
R00725,ALAN (LEEDS) LIMITED,"UNIT 19 TULKETH INDUSTRIAL ESTATE MANCHESTER, TULKETH INDUSTRIAL ESTATE",MANCHESTER,M40 9LY,25/05/2017,56101 - Licensed restaurants,10788670
R00726,B2C RETAIL LTD,"UNIT 7D BEALEY INDUSTRIAL ESTATE DUMERS LANE, RADCLIFFE",MANCHESTER,M26 2BD,26/05/2017,47910 - Retail sale via mail order houses or via Internet,10792662
R00727,ASJ PROPERTYS LIMITED,"HARPAL HOUSE 14 HOLYHEAD ROAD, HANDSWORTH",BIRMINGHAM,B21 0LT,05/06/2017,68209 - Other letting and operating of own or leased real estate,10801823
R00728,AHA PHARM LIMITED,"7 LINCOLN AVENUE, STRETFORD",MANCHESTER,M32 9TU,06/06/2017,86900 - Other human health activities,10805768
R00729,AL-RAYHAN LIMITED,369D STRETFORD ROAD,MANCHESTER,M15 4AW,07/06/2017,"46330 - Wholesale of dairy products, eggs and edible oils and fats",10807281
R00730,AGENCY NETWORK LTD,"6 KEEPERS CLOSE, HOCKLEY",BIRMINGHAM,B18 5SN,27/06/2017,69202 - Bookkeeping activities,10837599
R00731,ASLAM ESTATES LTD,"ORANGE GROVE HOUSE, 2 SHERWOOD STREET",MANCHESTER,M14 6NJ,11/07/2017,68209 - Other letting and operating of own or leased real estate,10860326
R00732,59 BARONET FREEHOLD LTD,"2ND FLOOR PARKGATES BURY NEW ROAD, PRESTWICH",MANCHESTER,M25 0TL,17/07/2017,68320 - Management of real estate on a fee or contract basis,10867805
R00733,BLUE WATER CAPITAL LIMITED,"QUADRANT COURT 49 CALTHORPE ROAD, EDGBASTON",BIRMINGHAM,B15 1TH,17/07/2017,64303 - Activities of venture and development capital companies,10870130
R00734,ALBURAQ CARGO LTD.,"FAIRGATE HOUSE KINGS ROAD, TYSELEY",BIRMINGHAM,B11 2AA,18/07/2017,52241 - Cargo handling for water transport activities,10871898
R00735,ASLAM SERVICES LTD,"1192 STRATFORD ROAD, HALL GREEN",BIRMINGHAM,B28 8AB,19/07/2017,86900 - Other human health activities,10873487
R00736,ACORN MED LIMITED,"272 MANCHESTER ROAD, DROYLSDEN",MANCHESTER,M43 6PW,21/07/2017,86900 - Other human health activities,10877912
R00737,B.L.K BRICKWORK LTD,128 HURST LANE,BIRMINGHAM,B34 7HE,31/07/2017,99999 - Dormant Company,10890543
R00738,AMOS DYNAMIC SOLUTIONS LIMITED,42 QUEENSWOOD ROAD,BIRMINGHAM,B13 9AX,02/08/2017,62020 - Information technology consultancy activities,10894761
R00739,BEATZ FITNESS LIMITED,"STUDIO 4 IZABELLA HOUSE, 24-26 REGENT PLACE",BIRMINGHAM,B1 3NJ,03/08/2017,85510 - Sports and recreation education,10897862
R00740,BRIDGEWATER RECRUITMENT GROUP LTD,"ADAMSON HOUSE TOWERS BUSINESS PARK, WILMSLOW ROAD, DIDSBURY",MANCHESTER,M20 2YY,03/08/2017,78109 - Other activities of employment placement agencies,10898128
R00741,AZARAK LIMITED,5 ELMFIELD STREET,MANCHESTER,M8 0SZ,07/08/2017,78109 - Other activities of employment placement agencies,10902695
R00742,AVRAM INVESTMENTS LIMITED,"C/O SF CHARTERED CERTIFIED ACCOUNTANTS FAIRGATE HOUSE, 205 KINGS ROAD",BIRMINGHAM,B11 2AA,10/08/2017,68100 - Buying and selling of own real estate,10909842
R00743,ATHENE SECURE LIMITED,"IZABELLA HOUSE, 24-26 REGENT PLACE",BIRMINGHAM,B1 3NJ,11/08/2017,62020 - Information technology consultancy activities,10911795
R00744,AQUARIUS INVESTMENTS LTD,"261-277 ROOKERY ROAD, HANDSWORTH",BIRMINGHAM,B21 9PT,16/08/2017,68209 - Other letting and operating of own or leased real estate,10918220
R00745,ACCOMMODATION TECHNOLOGIES LTD,111 PICCADILLY,MANCHESTER,M1 2HY,16/08/2017,63120 - Web portals,10918648
R00746,BISMILLAH COMPLIANCE SOLUTIONS LIMITED,39 HILLFIELD ROAD,BIRMINGHAM,B11 3LH,18/08/2017,96090 - Other service activities n.e.c.,10921858
R00747,AGNIFIX LTD,99 WOOLMORE ROAD,BIRMINGHAM,B23 7ED,25/08/2017,62020 - Information technology consultancy activities,10932886
R00748,B26 HOLDINGS LIMITED,"1 HARDMAN STREET, SPINNINGFIELDS",MANCHESTER,M3 3HF,01/09/2017,62020 - Information technology consultancy activities,10941846
R00749,A E WILLIAMS (EST 1779) LTD,"6, WELL LANE, DIGBETH",BIRMINGHAM,B5 5TE,05/09/2017,32990 - Other manufacturing n.e.c.,10946466
R00750,AG TRANSLATION SERVICES LTD,"GREGS BUILDINGS, 1 BOOTH STREET",MANCHESTER,M2 4AD,11/09/2017,74300 - Translation and interpretation activities,10956887
R00751,21ST CENTURY DOGS LTD,35 HENDERSON STREET,MANCHESTER,M19 2GQ,12/09/2017,96090 - Other service activities n.e.c.,10958874
R00752,AH TRANSPORT & LOGISTICS LIMITED,6 DOUGLAS AVENUE,BIRMINGHAM,B36 8EN,14/09/2017,52290 - Other transportation support activities,10962202
R00753,A&R HOUSING LTD,70 ROSARY ROAD,BIRMINGHAM,B23 7RB,14/09/2017,68209 - Other letting and operating of own or leased real estate,10963362
R00754,ALTEREDMEDIA LTD,"C/O TAN & CO 5TH FLOOR ALBANY HOUSE, 31 HURST STREET",BIRMINGHAM,B5 4BD,21/09/2017,68209 - Other letting and operating of own or leased real estate,10975223
R00755,ALPHA INVESTMENT PROPERTY LIMITED,"C/O BTMR LIMITED CENTURY BUILDINGS, 14 ST MARY'S PARSONAGE",MANCHESTER,M3 2DF,22/09/2017,68209 - Other letting and operating of own or leased real estate,10977392
R00756,35NIL LIMITED,91 SOHO HILL,BIRMINGHAM,B19 1AY,27/09/2017,68209 - Other letting and operating of own or leased real estate,10983836
R00757,ADEPT CORPORATE SERVICES TWO LIMITED,"SUITE 1 BONDED WAREHOUSE, 18 LOWER BYROM STREET",MANCHESTER,M3 4AP,04/10/2017,80100 - Private security activities,10994701
R00758,ALL PLUS MANAGEMENT TWO LIMITED,"C/O ALLIED LONDON, SUITE 1, BONDED WAREHOUSE, 18 LOWER BYROM STREET",MANCHESTER,M3 4AP,04/10/2017,68209 - Other letting and operating of own or leased real estate,10995987
R00759,ARTNEER LIMITED,"UNIT 6, GROUND FLOOR, RUTHERFORD HOUSE, PENCROFT WAY",MANCHESTER,M15 6JJ,09/10/2017,62020 - Information technology consultancy activities,11003450
R00760,BELMONT WOOLRICH LIMITED,"REAR - GROUND FLOOR, 1089 STOCKPORT ROAD",MANCHESTER,M19 2RE,12/10/2017,82990 - Other business support service activities n.e.c.,11010017
R00761,BETTER FUTURE INVESTMENTS LTD,"24 LARCH DRIVE, NORTHFIELD",BIRMINGHAM,B31 5HB,16/10/2017,62020 - Information technology consultancy activities,11014776
R00762,ASA TECHNICAL SOLUTIONS LTD,"SIX WAYS BUSINESS CENTRE, 1 GUILDFORD STREET",BIRMINGHAM,B19 2HN,17/10/2017,82990 - Other business support service activities n.e.c.,11015555
R00763,ANGEL MEADOW COMMERCIAL LIMITED,"FLOOR 6, PALL MALL, 61-67 KING STREET",MANCHESTER,M2 4PD,18/10/2017,68320 - Management of real estate on a fee or contract basis,11020125
R00764,BRAXTON CALLISTER LIMITED,"388 MAULDETH ROAD WEST, CHORLTON CUM HARDY",MANCHESTER,M21 7RB,23/10/2017,56210 - Event catering activities,11026198
R00765,10STORE LTD,"THIRD FLOOR, 4 HARDMAN STREET",MANCHESTER,M3 3HF,25/10/2017,46420 - Wholesale of clothing and footwear,11030386
R00766,AYDO-DEUTSCHLAND LTD,"UNIT 620 INITIAL BUSINESS CENTRE, WILSON BUSINESS PARK",MANCHESTER,M40 8WN,25/10/2017,82990 - Other business support service activities n.e.c.,11031484
R00767,A D E WASTE MANAGEMENT SERVICES LIMITED,"2 BROADWAY, ATHERTON",MANCHESTER,M46 9HW,30/10/2017,39000 - Remediation activities and other waste management services,11036923
R00768,3C CAR PARTS LTD,56 ST. CLEMENTS ROAD,BIRMINGHAM,B7 5AF,30/10/2017,45200 - Maintenance and repair of motor vehicles,11037613
R00769,AMBER VENTURES LTD.,"INTERNATIONAL HOUSE, 61 MOSLEY STREET",MANCHESTER,M2 3HZ,08/11/2017,85510 - Sports and recreation education,11054870
R00770,ACTIVE SUPER STARS LTD,12 LAUGHTON CLOSE,BIRMINGHAM,B31 3PF,13/11/2017,85510 - Sports and recreation education,11060704
R00771,BRIGHT EYES DAY CARE HOLDINGS LTD,584 KINGSTANDING ROAD,BIRMINGHAM,B44 9SH,15/11/2017,64209 - Activities of other holding companies n.e.c.,11066014
R00772,BROAD CAPITAL MARKETS LIMITED,11 YORK STREET,MANCHESTER,M2 2AW,16/11/2017,70229 - Management consultancy activities other than financial management,11068072
R00773,ALPEC LTD,15A LEOPOLD STREET,BIRMINGHAM,B12 0UP,17/11/2017,69201 - Accounting and auditing activities,11069791
R00774,AUGUSTUS BRADFORD LTD,"2 WHEELEYS ROAD, EDGBASTON",BIRMINGHAM,B15 2LD,22/11/2017,68100 - Buying and selling of own real estate,11076032
R00775,BRANTINGHAM AUTO MANCHESTER LIMITED,351 STOCKPORT ROAD,MANCHESTER,M13 0LF,24/11/2017,45200 - Maintenance and repair of motor vehicles,11080899
R00776,ASCENT (CHANDLERS FORD) LIMITED,"1 HARDMAN STREET, SPINNINGFIELDS",MANCHESTER,M3 3HF,06/12/2017,86900 - Other human health activities,11098882
R00777,BALATRAX LTD,"INITIAL BUSINESS CENTRE, UNIT 7 WILSON BUSINESS PARK",MANCHESTER,M40 8WN,11/12/2017,47910 - Retail sale via mail order houses or via Internet,11105775
R00778,AU CREATIVE LTD,"8.02 THE SOUTHSIDE BUILDING, 31 HURST STREET",BIRMINGHAM,B5 4BD,15/12/2017,33140 - Repair of electrical equipment,11114539
R00779,ADDICTED ORIGINAL LTD,82 KING STREET,MANCHESTER,M2 4WQ,18/12/2017,"46160 - Agents involved in the sale of textiles, clothing, fur, footwear and leather goods",11116024
R00780,"""THE FOUR"" - CHILDRENS BOOKS LIMITED","4A BEACON ROAD, GREAT BARR",BIRMINGHAM,B43 7BP,27/12/2017,47610 - Retail sale of books in specialised stores,11125124
R00781,3BELLE.AMI HEALTH LIMITED,"4340-4350 SOLIHULL PARKWAY, BIRMINGHAM BUSINESS PARK",BIRMINGHAM,B37 7YN,10/01/2018,"87200 - Residential care activities for learning difficulties, mental health and substance abuse",11143635
R00782,A & D PRINTING UK LIMITED,"8.02 THE SOUTHSIDE BUILDING, 31 HURST STREET",BIRMINGHAM,B5 4BD,11/01/2018,18129 - Printing n.e.c.,11144003
R00783,AMITRA CAPITAL LIMITED,"BELVEDERE, 12 BOOTH STREET",MANCHESTER,M2 4AW,11/01/2018,64209 - Activities of other holding companies n.e.c.,11145006
R00784,A.L.K. BRICKWORK & BUILDING SERVICES LIMITED,"28-30 WILBRAHAM ROAD, FALLOWFIELD",MANCHESTER,M14 7DW,16/01/2018,41202 - Construction of domestic buildings,11151331
R00785,ASHLEY MORVEN LIMITED,"30 HARRISON ROAD, HARRISON ROAD",BIRMINGHAM,B24 9AA,17/01/2018,69201 - Accounting and auditing activities,11154805
R00786,ABC PHONES & LAPTOP REPAIR LTD,"595 STRATFORD ROAD, SPARKHILL",BIRMINGHAM,B11 4LS,19/01/2018,95110 - Repair of computers and peripheral equipment,11159077
R00787,ASTON MEDICAL TECHNOLOGY LIMITED,5 SELWYN ROAD,BIRMINGHAM,B16 0SH,24/01/2018,"26600 - Manufacture of irradiation, electromedical and electrotherapeutic equipment",11167265
R00788,ALLIED LONDON FIRE STATION OPCO LIMITED,"C/O ALLIED LONDON, SUITE 1, BONDED WAREHOUSE, 18 LOWER BYROM STREET",MANCHESTER,M3 4AP,24/01/2018,68209 - Other letting and operating of own or leased real estate,11167464
R00789,AKS HOUSING LTD,"99 FENTHAM ROAD, ASTON",BIRMINGHAM,B6 6AT,12/02/2018,68320 - Management of real estate on a fee or contract basis,11200872
R00790,BOND STREET INTERIORS LIMITED,"393 COVENTRY ROAD, SMALL HEATH",BIRMINGHAM,B10 0SP,12/02/2018,"46150 - Agents involved in the sale of furniture, household goods, hardware and ironmongery",11200909
R00791,AMPIRE VEHICLE INSTALLATIONS LTD,"651A MAULDETH ROAD WEST, CHORLTON",MANCHESTER,M21 7SA,14/02/2018,45320 - Retail trade of motor vehicle parts and accessories,11205201
R00792,ALEX GABINET LTD,"2 WHEELEYS ROAD, EDGBASTON",BIRMINGHAM,B15 2LD,14/02/2018,68100 - Buying and selling of own real estate,11205791
R00793,ARYHA LTD,"141 CHESTER ROAD, 701 ELIZABETH TOWER, CROWN STREET",MANCHESTER,M15 4ZF,14/02/2018,47710 - Retail sale of clothing in specialised stores,11206645
R00794,BARENBURG CAPITAL PARTNERS LTD,"77 FRANCIS ROAD, EDGBASTON",BIRMINGHAM,B16 8SP,15/02/2018,68100 - Buying and selling of own real estate,11207186
R00795,BROADCASTLE STUDIOS LTD,"299 ROOKERY ROAD, HANDSWORTH",BIRMINGHAM,B21 9PS,15/02/2018,59111 - Motion picture production activities,11208223
R00796,B.O.X INSTALLATIONS LTD,129 WESTACRE GARDENS,BIRMINGHAM,B33 8RH,19/02/2018,82990 - Other business support service activities n.e.c.,11213054
R00797,ATHWAL PROPERTIES LIMITED,"HARPAL HOUSE 14 HOLYHEAD ROAD, HANDSWORTH",BIRMINGHAM,B21 0LT,21/02/2018,68209 - Other letting and operating of own or leased real estate,11217991
R00798,AULAKH HOLDINGS LTD,"2 WHEELEYS ROAD, EDGBASTON",BIRMINGHAM,B15 2LD,22/02/2018,64209 - Activities of other holding companies n.e.c.,11220727
R00799,ARGENTUM CONSTRUCTION LTD,46 JULIA STREET,MANCHESTER,M3 1DQ,23/02/2018,68100 - Buying and selling of own real estate,11223383
R00800,AP & DH PROPERTIES LIMITED,"THE COPPER ROOM DEVA CITY OFFICE PARK, TRINITY WAY",MANCHESTER,M3 7BG,26/02/2018,68209 - Other letting and operating of own or leased real estate,11223992
R00801,BOGDAN&PATRICK LTD,67 HAWTHORN ROAD,BIRMINGHAM,B44 8QT,26/02/2018,82990 - Other business support service activities n.e.c.,11224211
R00802,BAYA FINANCIAL LTD,"MOOSE ACCOUNTING STUDIO 520 GREEN HOUSE, CUSTARD FACTORY, GIBB STREET",BIRMINGHAM,B9 4DP,27/02/2018,64999 - Financial intermediation not elsewhere classified,11227929
R00803,BLESST LTD,"LEWIS BUILDING FIRST FLOOR OFFICE 136, 34 BULL STREET",BIRMINGHAM,B4 6AF,28/02/2018,85590 - Other education n.e.c.,11229464
R00804,AURORA FINANCIAL IFA LIMITED,"11 BRINDLEY PLACE, BRUNSWICK SQUARE",BIRMINGHAM,B1 2LP,06/03/2018,66190 - Activities auxiliary to financial intermediation n.e.c.,11236418
R00805,AERO NODE TECHNOLOGY LTD,10 ST. JOHN STREET,MANCHESTER,M3 4DY,06/03/2018,55900 - Other accommodation,11238061
R00806,AI PAYROLL PARTNER LTD,"651 A MAULDETH ROAD WEST, CHORLTON",MANCHESTER,M21 7SA,08/03/2018,69201 - Accounting and auditing activities,11243014
R00807,AST P.A.P.E.R. LIMITED,"SANKOFA HOUSE 10 WATERSTONE PARADE EAST, JEWELLERY QUARTER",BIRMINGHAM,B18 6NR,11/03/2018,96090 - Other service activities n.e.c.,11249102
R00808,BRISTOW & HARDY LIMITED,"1ST FLOOR, BRIDGE STREET STUDIOS, 62 BRIDGE STREET",MANCHESTER,M3 3BW,12/03/2018,73110 - Advertising agencies,11250065
R00809,AZ OF TALENT & HR LTD,"BARTLE HOUSE, 9 OXFORD COURT",MANCHESTER,M2 3WQ,14/03/2018,70229 - Management consultancy activities other than financial management,11254104
R00810,ALLIED LONDON CANAL LIMITED,"C/O ALLIED LONDON, SUITE 1, BONDED WAREHOUSE, 18 LOWER BYROM STREET",MANCHESTER,M3 4AP,19/03/2018,68209 - Other letting and operating of own or leased real estate,11261375
R00811,ACHIEVE 2 EXCEL LIMITED,"88 TRINITY ROAD, SUTTON COLDFIELD",BIRMINGHAM,B75 6TJ,19/03/2018,96090 - Other service activities n.e.c.,11262941
R00812,ARTFORM ARCHITECTS LTD.,"STUDIO NINE, 9 STEVENSON SQUARE",MANCHESTER,M1 1DB,20/03/2018,71111 - Architectural activities,11265648
R00813,1ST PREMIER BASE LTD,"FIRST FLOOR, SWAN BUILDINGS, 20 SWAN STREET",MANCHESTER,M4 5JW,21/03/2018,46310 - Wholesale of fruit and vegetables,11268041
R00814,AFRAM SOCIAL CARE CONSULTANCY LTD,"233 WEST BOULEVARD WEST BOULEVARD, QUINTON",BIRMINGHAM,B32 2DE,21/03/2018,88990 - Other social work activities without accommodation n.e.c.,11268181
R00815,ASERTIS LTD,100 BARBIROLLI SQUARE,MANCHESTER,M2 3AB,22/03/2018,82990 - Other business support service activities n.e.c.,11269006
R00816,ALL SPARES123 LTD,"UNIT 49 KINGS ROAD, TYSELEY",BIRMINGHAM,B11 2AL,22/03/2018,"47990 - Other retail sale not in stores, stalls or markets",11270316
R00817,ASHLEY GLADMAN  CONSULTANCY LTD,"C/O STR84WARD ACCOUNTING LIMITED LEWIS BUILDING, 35 BULL STREET",BIRMINGHAM,B4 6EQ,23/03/2018,70229 - Management consultancy activities other than financial management,11273429
R00818,ADVANCED DAMP PROOFING LTD,91 PRINCESS STREET,MANCHESTER,M1 4HT,04/04/2018,43390 - Other building completion and finishing,11290362
R00819,AMITECH LTD,236 FLOYER ROAD,BIRMINGHAM,B10 9NA,04/04/2018,47910 - Retail sale via mail order houses or via Internet,11291584
R00820,AICARE PERSONNEL LTD,"61 ASTBURY AVENUE, SMETHWICK",BIRMINGHAM,B67 6JH,06/04/2018,78200 - Temporary employment agency activities,11296216
R00821,A4 HEALTH LIMITED,"C/O CAPITAX & CO (TAX CONSULTANTS) LTD CUCKOO WHARF, 427 LICHFIELD ROAD",BIRMINGHAM,B6 7SS,06/04/2018,86101 - Hospital activities,11296451
R00822,BILIV CARE LIMITED,8 GRIMSHAW ROAD,BIRMINGHAM,B27 7SN,11/04/2018,96040 - Physical well-being activities,11304112
R00823,AXIOM CONSTRUCT LIMITED,"321, BRADFORD STREET",BIRMINGHAM,B5 6ET,11/04/2018,41100 - Development of building projects,11304579
R00824,AT ENGINEERING SOLUTIONS LIMITED,"8 CRUMMOCK DRIVE LANGLEY MIDDLETON MANCHESTER CRUMMOCK DRIVE, MIDDLETON",MANCHESTER,M24 5NP,12/04/2018,96090 - Other service activities n.e.c.,11306166
R00825,AERGIA PROPERTIES LIMITED,"CHARTER HOUSE, 161 NEWHALL STREET",BIRMINGHAM,B3 1SW,16/04/2018,68209 - Other letting and operating of own or leased real estate,11310282
R00826,BED & BUTTER LIMITED,"16 EGMONT STREET, SALFORD",MANCHESTER,M6 7FJ,16/04/2018,68310 - Real estate agencies,11312375
R00827,AZJ ENTERPRISES LIMITED,"UNIT B3 BROUGHTON STREET, CHEETHAM HILL",MANCHESTER,M8 8NN,23/04/2018,46900 - Non-specialised wholesale trade,11323631
R00828,B&D HOLDINGS LTD,"231 SOMERVILLE RD, SMALL HEATH",BIRMINGHAM,B10 9DD,24/04/2018,68100 - Buying and selling of own real estate,11325791
R00829,ALGO COMMODITIES LIMITED,"27 CHAPEL ROAD, SWINTON",MANCHESTER,M27 0HF,25/04/2018,47910 - Retail sale via mail order houses or via Internet,11328164
R00830,ACHA HALAL LIMITED,7 HEYBARNES ROAD,BIRMINGHAM,B10 9HR,25/04/2018,56103 - Take-away food shops and mobile food stands,11328365
R00831,BAXSTONE LIMITED,"LIFFORD HALL LIFFORD LANE, KINGS NORTON",BIRMINGHAM,B30 3JN,03/05/2018,68100 - Buying and selling of own real estate,11344273
R00832,ASR BREAKDOWN RECOVERY MANCHESTER LIMITED,28-30 WILBRAHAM ROAD,MANCHESTER,M14 7DW,04/05/2018,49420 - Removal services,11346940
R00833,BCA SUPPORT LTD,"INVICTA HOUSE 409A WARWICK ROAD, TYSELEY",BIRMINGHAM,B11 2JR,16/05/2018,68209 - Other letting and operating of own or leased real estate,11366278
R00834,AMELIA HOMES LTD,"SIX WAYS BUSINESS CENTRE, 1 GUILDFORD STREET",BIRMINGHAM,B19 2HN,21/05/2018,68100 - Buying and selling of own real estate,11372746
R00835,ARTYL LTD,"ENTERPRISE HOUSE 2 PASS STREET, OLDHAM",MANCHESTER,OL9 6HZ,24/05/2018,62020 - Information technology consultancy activities,11381932
R00836,BASRAN LIMITED,"2 WHEELEYS ROAD, EDGBASTON",BIRMINGHAM,B15 2LD,25/05/2018,45112 - Sale of used cars and light motor vehicles,11382306
R00837,ARSLAN RESTAURANTS AND CATERING LIMITED,"C/O MH ACCOUNTANT LTD 147, DICKENSON ROAD",MANCHESTER,M14 5HZ,26/05/2018,56101 - Licensed restaurants,11385592
R00838,BABY SNOOZE LIMITED,83 DERWENT ROAD,BIRMINGHAM,B30 2UZ,01/06/2018,47190 - Other retail sale in non-specialised stores,11393778
R00839,ASTON BRADLEY SURVEYORS LTD,"1ST FLOOR, 107 -108 ICKNIELD PORT ROAD, 1ST FLOOR, 107 -108 ICKNIELD PORT ROAD",BIRMINGHAM,B16 0AA,05/06/2018,82990 - Other business support service activities n.e.c.,11399068
R00840,A ONE DESIGN STUDIO LIMITED,131 WYCKHAM ROAD,BIRMINGHAM,B36 0HU,07/06/2018,71111 - Architectural activities,11402069
R00841,ANNIE MARIE LTD,15 BROADHIDLEY DRIVE,BIRMINGHAM,B32 3QN,13/06/2018,68100 - Buying and selling of own real estate,11412444
R00842,AK MCR LTD,"OFFICE NO 1, 329, DICKENSON  ROAD",MANCHESTER,M13 0NR,15/06/2018,68100 - Buying and selling of own real estate,11418144
R00843,A&A MATADAR LIMITED,"1-3 WEST STREET, RADCLIFFE",MANCHESTER,M26 1PP,26/06/2018,53100 - Postal activities under universal service obligation,11433373
R00844,BRARKI LIMITED,"111 SLADE ROAD, ERDINGTON",BIRMINGHAM,B23 7QU,26/06/2018,68209 - Other letting and operating of own or leased real estate,11434710
R00845,AKO PROPERTIES LTD,15 WESTFIELD ROAD,BIRMINGHAM,B15 3QF,27/06/2018,68100 - Buying and selling of own real estate,11435436
R00846,BRITVITS LTD,2-16 BURY NEW ROAD,MANCHESTER,M8 8EL,05/07/2018,47290 - Other retail sale of food in specialised stores,11449163
R00847,AMS PROPERTY INVESTMENTS LTD,"1 HARDMAN STREET, SPINNINGFIELDS",MANCHESTER,M3 3HF,05/07/2018,64209 - Activities of other holding companies n.e.c.,11450523
R00848,BC JOINERY & CONSTRUCTION LTD,"25 RIDGE CRESCENT, WHITEFIELD",MANCHESTER,M45 8EQ,06/07/2018,82990 - Other business support service activities n.e.c.,11451801
R00849,ASHDEE LIMITED,"UNIVERSAL SQUARE BUILDING 5, 5TH FLOOR, DEVONSHIRE STREET NORTH",MANCHESTER,M12 6JH,11/07/2018,68209 - Other letting and operating of own or leased real estate,11458471
R00850,AUTO CARE CLINIC LIMITED,"UNIT 22 WORSLEY ROAD NORTH, WORSLEY",MANCHESTER,M28 3QW,16/07/2018,45200 - Maintenance and repair of motor vehicles,11465304
R00851,BINKY HOLDINGS LTD,"ALEX HOUSE, 260-268 CHAPEL STREET, SALFORD",MANCHESTER,M3 5JZ,19/07/2018,68100 - Buying and selling of own real estate,11473847
R00852,AL HALAL FRUIT & VEGETABLE MERCHANTS LIMITED,24 SLADE LANE,MANCHESTER,M13 0QE,25/07/2018,46310 - Wholesale of fruit and vegetables,11482784
R00853,BIKE WHERE YOU LIKE LTD,281 PALATINE ROAD,MANCHESTER,M22 4ET,27/07/2018,93199 - Other sports activities,11486895
R00854,BOWERS AND BLAIR LIMITED,"17 HOWARD ROAD, GREAT BARR",BIRMINGHAM,B43 5DT,31/07/2018,47910 - Retail sale via mail order houses or via Internet,11493204
R00855,BEAUTY BIOLOGY LTD,162-194 BISHOP STREET,BIRMINGHAM,B5 7EJ,01/08/2018,96020 - Hairdressing and other beauty treatment,11494856
R00856,BEHIND THE COUNTER LTD,"JACTIN HOUSE, 24 HOOD STREET",MANCHESTER,M4 6WX,16/08/2018,56101 - Licensed restaurants,11520691
R00857,BROCKLAMONT DEVELOPMENTS LTD,"4 OAKDENE DRIVE, BARNT GREEN",BIRMINGHAM,B45 8LQ,23/08/2018,41100 - Development of building projects,11534248
R00858,AK RANA LIMITED,19/21 HATCHETT STREET,BIRMINGHAM,B19 3NX,30/08/2018,"74909 - Other professional, scientific and technical activities n.e.c.",11543092
R00859,AFZAL AND SONS LTD,"157 NORTHMOOR RD, LONGSIGHT",MANCHESTER,M12 5RT,01/09/2018,96090 - Other service activities n.e.c.,11547289
R00860,BOWDON DEVELOPMENTS GB LIMITED,"DIDSBURY HOUSE, 748 WILMSLOW ROAD",MANCHESTER,M20 2DW,04/09/2018,41100 - Development of building projects,11551698
R00861,ADDLINGTON-WEST GROUP LTD,"THE ATRIUM GROUND FLOOR,, 18 - 20 FREDERICK STREET",BIRMINGHAM,B1 3HE,05/09/2018,70229 - Management consultancy activities other than financial management,11554567
R00862,AVS PROPERTIES MANCHESTER LIMITED,"99 99 LONG STREET, MIDDLETON",MANCHESTER,M24 6UN,14/09/2018,68209 - Other letting and operating of own or leased real estate,11569965
R00863,BLAKE GROUNDS SERVICES LIMITED,"JACTIN HOUSE 24 HOOD STREET, ANCOATS",MANCHESTER,M4 6WX,28/09/2018,81300 - Landscape service activities,11593303
R00864,ANS ELECTRICAL & COMPANY SUPPLIES LTD,755 STOCKPORT ROAD,MANCHESTER,M19 3DL,28/09/2018,46499 - Wholesale of household goods (other than musical instruments) n.e.c.,11594976
R00865,AKM LEGAL SERVICES LIMITED,"LIFFORD HALL LIFFORD LANE, KINGS NORTON",BIRMINGHAM,B30 3JN,01/10/2018,69102 - Solicitors,11597007
R00866,BPS1 LTD,"166 HIGHFIELD ROAD, HALL GREEN",BIRMINGHAM,B28 0HT,03/10/2018,68100 - Buying and selling of own real estate,11601842
R00867,AA CARE COMPLIANCE AND TRAININGS LTD,"654 ALUM ROCK ROAD, WARD END",BIRMINGHAM,B8 3NS,10/10/2018,"74909 - Other professional, scientific and technical activities n.e.c.",11615758
R00868,AK SPORTS AND FITNESS LTD,"UNIT B056 SIMPLE STORAGE SOLUTIONS 272 KINGS ROAD, TYSELEY",BIRMINGHAM,B11 2AB,12/10/2018,47190 - Other retail sale in non-specialised stores,11619353
R00869,APJ RUGBY SPORTS MEDICINE LIMITED,"2 THORNBANK, ECCLES",MANCHESTER,M30 9HL,15/10/2018,86220 - Specialists medical practice activities,11623924
R00870,ACE ESTATES LTD,133 TAME ROAD,BIRMINGHAM,B6 7DG,16/10/2018,68320 - Management of real estate on a fee or contract basis,11624929
R00871,129 HOLDINGS SUTTON COLDFIELD LTD,"UNIT 18 PHOENIX BUSINESS PARK, AVENUE CLOSE",BIRMINGHAM,B7 4NU,24/10/2018,41100 - Development of building projects,11639970
R00872,ATTENTION DIGITAL MARKETING LTD,"UNIT C ALDOW ENTERPRISE PARK,, PICCADILLY BUSINESS CENTRE,",MANCHESTER,M12 6AE,26/10/2018,82990 - Other business support service activities n.e.c.,11644433
R00873,BMT HEALTHCARE SOUTH HOLDINGS LIMITED,"UNIT 5 CROWN POINT SOUTH INDUSTRIAL PARK, KING STREET, DENTON",MANCHESTER,M34 6PF,30/10/2018,64209 - Activities of other holding companies n.e.c.,11650355
R00874,BENIDORM NEWS LIMITED,9 AYRES ROAD,MANCHESTER,M16 7WY,30/10/2018,99999 - Dormant Company,11650521
R00875,ALVI LOCUM SERVICES LTD,48 CAMPLIN CRESCENT,BIRMINGHAM,B20 1LT,31/10/2018,86900 - Other human health activities,11653337
R00876,5 HEALTH & WELLBEING LTD,"SUITE 2,PARKWAY 5, PARKWAY BUSINESS CENTRE,, 300 PRINCESS ROAD",MANCHESTER,M14 7HR,01/11/2018,47750 - Retail sale of cosmetic and toilet articles in specialised stores,11653829
R00877,ANNOVATO INVESTMENTS LIMITED,"1ST FLOOR CLOISTER HOUSE RIVERSIDE, NEW BAILEY STREET",MANCHESTER,M3 5FS,02/11/2018,68209 - Other letting and operating of own or leased real estate,11656710
R00878,4 BIZ PROPERTIES LIMITED,"198 LIVERPOOL ROAD, CADISHEAD",MANCHESTER,M44 5DB,09/11/2018,68100 - Buying and selling of own real estate,11670600
R00879,BCN TOPCO LIMITED,"SECOND FLOOR, BUILDING 4 STYAL ROAD, MANCHESTER GREEN",MANCHESTER,M22 5LW,12/11/2018,62020 - Information technology consultancy activities,11672759
R00880,AVID PANDA LIMITED,"ALPHA WORKS, ALPHA TOWER, SUFFOLK STREET QUEENSWAY",BIRMINGHAM,B1 1TT,13/11/2018,62090 - Other information technology service activities,11673693
R00881,ASHDURN HOLDINGS LIMITED,"LIFFORD HALL LIFFORD LANE, KINGS NORTON",BIRMINGHAM,B30 3JN,15/11/2018,64209 - Activities of other holding companies n.e.c.,11678664
R00882,ARA COMMERCIAL MANAGEMENT LIMITED,"C/O WILLIAMSON & CROFT YORK HOUSE, 20 YORK STREET",MANCHESTER,M2 3BB,15/11/2018,74902 - Quantity surveying activities,11680069
R00883,ADY ENGINEERING & RECYCLING SOLUTIONS LTD,"SUITE 2, MERCER HOUSE, 780A HAGLEY ROAD WEST",BIRMINGHAM,B68 0PJ,19/11/2018,99999 - Dormant Company,11683241
R00884,ALI PROPERTIES MIDLANDS LIMITED,"1659 STRATFORD ROAD, HALL GREEN",BIRMINGHAM,B28 9JB,29/11/2018,68100 - Buying and selling of own real estate,11702821
R00885,ATHRU PSYCHOTHERAPY LTD,"MILTON HALL, 244 DEANSGATE,, DEANSGATE",MANCHESTER,M3 4BQ,04/12/2018,94120 - Activities of professional membership organizations,11711685
R00886,AKS COMMERCIAL LTD,"CAPITAL HOUSE 272 MANCHESTER ROAD, DROYLSDEN",MANCHESTER,M43 6PW,10/12/2018,43910 - Roofing activities,11720271
R00887,A&H FASHION LTD,"30 KILBURN ROAD, RADCLIFFE",MANCHESTER,M26 3NB,14/12/2018,46420 - Wholesale of clothing and footwear,11729112
R00888,BLUE BRICK CORPORATION LTD,"727 SHIRLEY ROAD, HALL GREEN",BIRMINGHAM,B28 9JR,21/12/2018,68100 - Buying and selling of own real estate,11739123
R00889,BEN CARPENTER PHOTOGRAPHY LIMITED,"272 MANCHESTER ROAD, DROYLSDEN",MANCHESTER,M43 6PW,24/12/2018,74202 - Other specialist photography,11739836
R00890,BEAUTY AND SCISSORS LTD,9 WESTLEY ROAD,BIRMINGHAM,B27 7UQ,02/01/2019,96020 - Hairdressing and other beauty treatment,11747027
R00891,3 ON LTD,"25 STATION ROAD, KINGS HEATH",BIRMINGHAM,B14 7SR,07/01/2019,61900 - Other telecommunications activities,11751973
R00892,A&A CONTRACTORS MIDLANDS LTD,"UNIT 1E PARK LANE, HANDSWORTH",BIRMINGHAM,B21 8LE,07/01/2019,42990 - Construction of other civil engineering projects n.e.c.,11753879
R00893,BETTER COACHING & TRAINING LTD,3 DERWENT AVENUE,MANCHESTER,M21 7QP,09/01/2019,82990 - Other business support service activities n.e.c.,11756810
R00894,AGCHAU LTD,"33 MEADOWGRASS GARDENS, WORSLEY",MANCHESTER,M28 1PS,11/01/2019,47910 - Retail sale via mail order houses or via Internet,11761921
R00895,AJT COMMERCIAL ESTATES LTD,"UNIT X HAMSTEAD INDUSTRIAL ESTATE AUSTIN WAY, GREAT BARR",BIRMINGHAM,B42 1DU,14/01/2019,96090 - Other service activities n.e.c.,11764008
R00896,BRIGHTVUE DIGITAL LIMITED,1 HARDMAN STREET,MANCHESTER,M3 3HF,14/01/2019,62020 - Information technology consultancy activities,11764287
R00897,ARAGSAN BEAUTY LTD,"FLAT 11 CLEVELAND TOWER, HOLLOWAY HEAD",BIRMINGHAM,B1 1UB,14/01/2019,46450 - Wholesale of perfume and cosmetics,11765812
R00898,ARROW LAW LIMITED,"PARKWAY FIVE, PRINCESS ROAD",MANCHESTER,M14 7HR,16/01/2019,69102 - Solicitors,11769668
R00899,2N ENTERPRISES LTD,"STUDIO 9 STUDIO 9, 50-54 ST. PAULS SQUARE",BIRMINGHAM,B3 1QS,18/01/2019,64303 - Activities of venture and development capital companies,11776180
R00900,ALA HOLDINGS LIMITED,1087 STOCKPORT ROAD,MANCHESTER,M19 2RE,21/01/2019,68209 - Other letting and operating of own or leased real estate,11777619
R00901,ALSHAMI UK LTD,"24A CROFTS BANK ROAD, URMSTON",MANCHESTER,M41 0TS,21/01/2019,47190 - Other retail sale in non-specialised stores,11778421
R00902,37 DEGREES CLIMATE CONTROL LIMITED,"BRITANNIC HOUSE 657 LIVERPOOL ROAD, IRLAM",MANCHESTER,M44 5XD,23/01/2019,35300 - Steam and air conditioning supply,11783200
R00903,BRAYWHITE MS LIMITED,216 MANSEL ROAD,BIRMINGHAM,B10 9NL,23/01/2019,68100 - Buying and selling of own real estate,11784099
R00904,BRIDGING4BUSINESS LTD,"154 BURY NEW ROAD, WHITEFIELD",MANCHESTER,M45 6AD,01/02/2019,64999 - Financial intermediation not elsewhere classified,11802256
R00905,A TO Z HEALTHCARE SERVICES LIMITED,"THE SPENCER, 20 AUGUSTA STREET",BIRMINGHAM,B18 6JL,06/02/2019,86210 - General medical practice activities,11809800
R00906,ASHTON & WILSON DEVELOPMENTS LIMITED,"116 YARDLEY ROAD, ACOCKS GREEN",BIRMINGHAM,B27 6LG,07/02/2019,68209 - Other letting and operating of own or leased real estate,11811841
R00907,BHR INTERIORS LIMITED,195 FINCHLEY ROAD,BIRMINGHAM,B44 0JX,07/02/2019,43999 - Other specialised construction activities n.e.c.,11813803
R00908,BASE IMPACT SUPPORT LTD,"13 (GROUND FLOOR) NEW STREET, ERDINGTON",BIRMINGHAM,B23 6SD,11/02/2019,82990 - Other business support service activities n.e.c.,11819133
R00909,AZURE CONSULTANCY SERVICES LTD,25 MIDFORD GROVE,BIRMINGHAM,B15 2DT,15/02/2019,62020 - Information technology consultancy activities,11829821
R00910,ANXT LTD,"LIFFORD HALL LIFFORD LANE, KINGS NORTON",BIRMINGHAM,B30 3JN,18/02/2019,47910 - Retail sale via mail order houses or via Internet,11833275
R00911,BAWA SOFTWARE LIMITED,"UNIVERSAL SQUARE, DEVONSHIRE STREET NORTH",MANCHESTER,M12 6JH,21/02/2019,62012 - Business and domestic software development,11838946
R00912,BROOKLYN NEWS LIMITED,3 BIRDBROOK ROAD,BIRMINGHAM,B44 8RA,21/02/2019,"47110 - Retail sale in non-specialised stores with food, beverages or tobacco predominating",11839321
R00913,BLACK BLOB LIMITED,4 EDSON ROAD,MANCHESTER,M8 4WF,25/02/2019,41100 - Development of building projects,11843728
R00914,BLUE RIVER CAPITAL LIMITED,1 GREENFIELD CRESCENT,BIRMINGHAM,B15 3BE,01/03/2019,68100 - Buying and selling of own real estate,11854311
R00915,ASIAPACK LTD,460 GREEN LANE (REAR OF),BIRMINGHAM,B9 5QJ,05/03/2019,46190 - Agents involved in the sale of a variety of goods,11860125
R00916,APEX  SIA TRAINING LTD,1 1F MOUNT ROAD,MANCHESTER,M18 7BG,05/03/2019,80100 - Private security activities,11860368
R00917,B.I.G STORAGE AND PROCESSING LTD,"CRYSTAL HOUSE, LATTICE 60, CRYSTAL DRIVE",BIRMINGHAM,B66 1QG,05/03/2019,82990 - Other business support service activities n.e.c.,11861911
R00918,BRAND YOUR OFFICE LIMITED,"UNIT 2, CLONMEL ROAD BUSINESS PARK CLONMEL ROAD, STIRCHLEY",BIRMINGHAM,B30 2BU,09/03/2019,43330 - Floor and wall covering,11871678
R00919,AROMA CURRYHOUSE LTD,"HAGLEY COURT 1ST FLOOR, 40 VICARAGE ROAD",BIRMINGHAM,B15 3EZ,14/03/2019,56102 - Unlicensed restaurants and cafes,11882671
R00920,BALI FINANCIAL SERVICES LTD,35 CAMPLIN CRESCENT,BIRMINGHAM,B20 1LS,14/03/2019,69202 - Bookkeeping activities,11882681
R00921,AGECROFT PET SUPPLIES LTD,"UNIT 22/23 SHEARER WAY, SWINTON",MANCHESTER,M27 8WA,14/03/2019,47190 - Other retail sale in non-specialised stores,11883104
R00922,BELLMAN PAINTING LTD,"100 LIVERPOOL ROAD, CADISHEAD",MANCHESTER,M44 5AN,18/03/2019,43341 - Painting,11886478
R00923,ACG DEVELOPMENTS LIMITED,"44-45 CALTHORPE ROAD, EDGBASTON",BIRMINGHAM,B15 1TH,20/03/2019,41100 - Development of building projects,11894570
R00924,BEARDMORE MEDIA LTD,"5 BRUNDRETTS ROAD, CHORLTON",MANCHESTER,M21 9DA,20/03/2019,60100 - Radio broadcasting,11895063
R00925,A G PARTNERSHIP PROPERTY INVESTMENTS LIMITED,4 DEWHURST STREET,MANCHESTER,M8 8FT,22/03/2019,68100 - Buying and selling of own real estate,11899105
R00926,AOQA CONSULTANCY LTD,"2 DUDLEY ROAD, SWINTON",MANCHESTER,M27 6BE,23/03/2019,62020 - Information technology consultancy activities,11902625
R00927,BRITTA LTD,"13-15 STOCKS STREET, UNIT 1",MANCHESTER,M8 8GW,25/03/2019,47910 - Retail sale via mail order houses or via Internet,11903930
R00928,A HENDRIE HAIRDRESSING LTD,"42 HARPERS ROAD, NORTHFIELD",BIRMINGHAM,B31 4AR,27/03/2019,96020 - Hairdressing and other beauty treatment,11907641
R00929,21&CO LTD,"1, MAIN BUILDING, 201 PALATINE ROAD",MANCHESTER,M20 2TT,01/04/2019,70229 - Management consultancy activities other than financial management,11917325
R00930,BOYD HOMES LTD,7 FAIRCROFT ROAD,BIRMINGHAM,B36 9UE,02/04/2019,68209 - Other letting and operating of own or leased real estate,11921797
R00931,BROOMHALL SOLICITORS LIMITED,"CHELTENHAM HOUSE 14-16, TEMPLE STREET",BIRMINGHAM,B2 5BG,03/04/2019,69102 - Solicitors,11923901
R00932,BHAI BHAI GARMENTS LIMITED,"162-164 HIGH STREET, DERITEND",BIRMINGHAM,B12 0LD,03/04/2019,47710 - Retail sale of clothing in specialised stores,11924575
R00933,AW8 EXECUTIVE LTD,"5 GEORGE ROAD, EDGBASTON",BIRMINGHAM,B15 1NP,05/04/2019,49320 - Taxi operation,11927674
R00934,BAIS BORUCH LTD,"2ND FLOOR, PARKGATES BURY NEW ROAD, PRESTWICH",MANCHESTER,M25 0TL,09/04/2019,68209 - Other letting and operating of own or leased real estate,11934439
R00935,ATRUCHECKS LTD,"SUITE 2A BLACKTHORN HOUSE, ST PAULS SQUARE",BIRMINGHAM,B3 1RL,09/04/2019,86900 - Other human health activities,11936122
R00936,ACHIEVING HIGHER HOUSING LTD,19-21 HATCHETT STREET,BIRMINGHAM,B19 3NX,09/04/2019,68209 - Other letting and operating of own or leased real estate,11936182
R00937,APEX LOOPS LTD,292 WAKE GREEN ROAD,BIRMINGHAM,B13 9QP,10/04/2019,47910 - Retail sale via mail order houses or via Internet,11938863
R00938,ASSURED LETTING SOLUTIONS LTD,"3 OAKLAND ROAD, HANDSWORTH",BIRMINGHAM,B21 0NA,13/04/2019,43390 - Other building completion and finishing,11945063
R00939,APEX EMPORIUM LTD,"69 HAMILTON ROAD LONGSITE BUSINESS PARK, STUDIO 9",MANCHESTER,M13 0PD,13/04/2019,46900 - Non-specialised wholesale trade,11945166
R00940,AUNTY RUGS BUSINESS ENTERPRISE LTD,"4 LIDBROOK WALK, LONGSIGHT",MANCHESTER,M12 4LN,16/04/2019,"47110 - Retail sale in non-specialised stores with food, beverages or tobacco predominating",11949364
R00941,6DBIM SOFTWARE LTD,"THE COTTAGE GILSON ROAD, COLESHILL",BIRMINGHAM,B46 1LP,18/04/2019,62012 - Business and domestic software development,11953709
R00942,BETA ENERGY DIRECT LIMITED,76 KING STREET,MANCHESTER,M2 4NH,25/04/2019,96090 - Other service activities n.e.c.,11962567
R00943,AISLELABS LIMITED,"MANCHESTER BUSINESS PARK, 3000 AVIATOR WAY",MANCHESTER,M22 5TG,29/04/2019,62012 - Business and domestic software development,11967061
R00944,BAL PROPERTY SERVICES LTD,21 STATHAM DRIVE,BIRMINGHAM,B16 0TF,29/04/2019,98000 - Residents property management,11967747
R00945,BLUE ROCK PAPER MERCHANTS LTD,280-282 CHURCH ROAD,BIRMINGHAM,B26 3YH,02/05/2019,96090 - Other service activities n.e.c.,11976853
R00946,ANGLO RESIDENTIAL VT LIMITED,"C/O WILLIAMSON & CROFT YORK HOUSE, 20 YORK STREET",MANCHESTER,M2 3BB,09/05/2019,68100 - Buying and selling of own real estate,11987036
R00947,ANFORA GP LIMITED,"BELVEDERE, 12 BOOTH STREET",MANCHESTER,M2 4AW,10/05/2019,64209 - Activities of other holding companies n.e.c.,11988058
R00948,BARLOWS BREAD LTD,"198 LIVERPOOL ROAD, CADISHEAD",MANCHESTER,M44 5DB,14/05/2019,56290 - Other food services,11993582
R00949,AFG DRIED FRUIT & NUTS LTD,"UNIT 8 CAMP LANE, HANDSWORTH",BIRMINGHAM,B21 8JF,17/05/2019,46310 - Wholesale of fruit and vegetables,12001341
R00950,BIRMINGHAM CITY STADIUM LTD,"ST ANDREWS @ KNIGHTHEAD PARK, CATTELL ROAD",BIRMINGHAM,B9 4RL,20/05/2019,64209 - Activities of other holding companies n.e.c.,12004615
R00951,AURANGZAIB KHAWAJA LTD,27 ST. CATHERINES CLOSE,BIRMINGHAM,B15 2FE,21/05/2019,70229 - Management consultancy activities other than financial management,12008541
R00952,ASCENDANCY PROPERTY INVESTMENTS LIMITED,"52 ORCHARD AVENUE, WORSLEY",MANCHESTER,M28 1FT,23/05/2019,68100 - Buying and selling of own real estate,12014611
R00953,BRINKMAN LTD,"21 SUMNER STREET, ATHERTON",MANCHESTER,M46 0DJ,24/05/2019,82990 - Other business support service activities n.e.c.,12017057
R00954,ASMAR CAPITAL LIMITED,"TIMEPLAN HOUSE, 170 HOLLIDAY STREET",BIRMINGHAM,B1 1TJ,29/05/2019,68209 - Other letting and operating of own or leased real estate,12020926
R00955,ATMAN ETERNAL LIMITED,41 POWELL STREET,BIRMINGHAM,B1 3DH,30/05/2019,64209 - Activities of other holding companies n.e.c.,12024499
R00956,ACCUCHECK SERVICES LTD,65 DREWS LANE,BIRMINGHAM,B8 2QE,03/06/2019,86900 - Other human health activities,12029487
R00957,ARTDOTBARBERS LTD,"14-15 ALLISON STREET, DIGBETH",BIRMINGHAM,B5 5TH,03/06/2019,96020 - Hairdressing and other beauty treatment,12030010
R00958,BIRCHFIELD NORTH WEST CONSTRUCTION LTD,2A NIGEL ROAD,MANCHESTER,M9 4PD,06/06/2019,68209 - Other letting and operating of own or leased real estate,12036945
R00959,A1 COMMODITIES LIMITED,18 PHILIP SIDNEY ROAD,BIRMINGHAM,B11 4HY,10/06/2019,47190 - Other retail sale in non-specialised stores,12040363
R00960,AYRA GROUP LIMITED,"65 STOCKPORT ROAD, DENTON",MANCHESTER,M34 6DD,10/06/2019,"47110 - Retail sale in non-specialised stores with food, beverages or tobacco predominating",12041431
R00961,AUTO KEY CARE LTD,"SUITE 5, THE CLOISTERS 12 GEORGE ROAD, EDGBASTON",BIRMINGHAM,B15 1NP,12/06/2019,82990 - Other business support service activities n.e.c.,12046424
R00962,AGR ACQUISITIONS LTD,"STUDIO 2, 50-54 ST PAULS SQUARE",BIRMINGHAM,B3 1QS,13/06/2019,64304 - Activities of open-ended investment companies,12048090
R00963,AMSS LTD,213 LADYPOOL ROAD,BIRMINGHAM,B12 8LG,18/06/2019,56103 - Take-away food shops and mobile food stands,12056229
R00964,ADNAB HEALTHCARE LTD,"195 KINGSWAY, CHEADLE",MANCHESTER,SK8 1QU,18/06/2019,86900 - Other human health activities,12057466
R00965,1ST CALL BUSINESS SERVICES LIMITED,"SUITE 60, CARIOCCA BUSINESS PARK HELLIDON CLOSE, ARDWICK",MANCHESTER,M12 4AH,20/06/2019,78109 - Other activities of employment placement agencies,12060781
R00966,BINTANG HOMES LIMITED,"FLAT 15 LAPWING COURT, LAPWING LANE",MANCHESTER,M20 2WT,21/06/2019,68209 - Other letting and operating of own or leased real estate,12064526
R00967,ANIL FARMAH LTD,218 HOLE LANE,BIRMINGHAM,B31 2BZ,27/06/2019,70229 - Management consultancy activities other than financial management,12072953
R00968,BANKFIELD PROPERTIES LTD,"MSS HOUSE BANKFIELD ROAD, TYLDESLEY",MANCHESTER,M29 8QH,27/06/2019,68209 - Other letting and operating of own or leased real estate,12073307
R00969,BASTIONLAND PRESS LIMITED,21 KINBURN ROAD,MANCHESTER,M19 1RH,01/07/2019,58110 - Book publishing,12078641
R00970,B R HEATING & BATHROOMS LTD,"100 LIVERPOOL ROAD, CADISHEAD",MANCHESTER,M44 5AN,02/07/2019,"43220 - Plumbing, heat and air-conditioning installation",12079256
R00971,BLACKTHORN INVESTMENT GROUP LIMITED,"WAYNE BLANCE 8 RICHMOND CLOSE, WHITEFIELD",MANCHESTER,M45 7PW,04/07/2019,64304 - Activities of open-ended investment companies,12085294
R00972,14 FLOORING LTD,"INTERNATIONAL HOUSE, 61 MOSLEY STREET",MANCHESTER,M2 3HZ,05/07/2019,43330 - Floor and wall covering,12088026
R00973,AADHYA TECH LIMITED,"286 UNIT A GREEN LANE, SMALL HEATH",BIRMINGHAM,B9 5DN,16/07/2019,62020 - Information technology consultancy activities,12106606
R00974,AMCI PROJECTS LTD,133 TAME ROAD,BIRMINGHAM,B6 7DG,17/07/2019,70229 - Management consultancy activities other than financial management,12108682
R00975,AEROFLAIR LTD,"INTERNATIONAL HOUSE, 61 MOSLEY STREET",MANCHESTER,M2 3HZ,22/07/2019,59112 - Video production activities,12115025
R00976,ASHBY SQUARE PROPERTY LTD,"4 CHANDOS ROAD SOUTH, CHORLTON",MANCHESTER,M21 0TF,26/07/2019,68100 - Buying and selling of own real estate,12124316
R00977,BESWICK PROPERTY MANAGEMENT LTD,"BESWICK, 217-223 ASHTON OLD ROAD",MANCHESTER,M11 3WU,29/07/2019,68209 - Other letting and operating of own or leased real estate,12126351
R00978,AHL TRANSPORT LIMITED,42 LOMOND ROAD,MANCHESTER,M22 5JD,30/07/2019,52290 - Other transportation support activities,12129632
R00979,ACIVICO TRADED SERVICES LIMITED,10 BRINDLEY PLACE,BIRMINGHAM,B1 2JB,01/08/2019,43999 - Other specialised construction activities n.e.c.,12133486
R00980,ADOAM LIMITED,11 WOODLINN WALK,MANCHESTER,M9 5QG,01/08/2019,49320 - Taxi operation,12134133
R00981,AIR (UK) OXFORD RD LTD,"UNIT 4 MANCHESTER INDUSTRIAL ESTATE, NEW ELM ROAD",MANCHESTER,M3 4JH,02/08/2019,56102 - Unlicensed restaurants and cafes,12135787
R00982,70M HOLDINGS LTD,121 LIVERY STREET,BIRMINGHAM,B3 1RS,02/08/2019,70100 - Activities of head offices,12136748
R00983,BARBERINI MEDICAL COMMUNICATIONS LTD,9-11 VITTORIA STREET,BIRMINGHAM,B1 3ND,05/08/2019,86900 - Other human health activities,12138182
R00984,ANANTA LEARNING LTD,"PICCADILLY BUSINESS CENTRE UNIT C ALDOW ENTERPRISE PARK, BLACKETT STREET",MANCHESTER,M12 6AE,05/08/2019,70229 - Management consultancy activities other than financial management,12139253
R00985,BLACKFRIARS CONSTRUCTION LIMITED,"C/O WILLIAMSON & CROFT YORK HOUSE, 20 YORK STREET",MANCHESTER,M2 3BB,09/08/2019,41100 - Development of building projects,12147419
R00986,A3 GLOBAL TRAVEL LIMITED,99 CLAREMONT ROAD,MANCHESTER,M14 4RG,09/08/2019,79110 - Travel agency activities,12149351
R00987,AROUND THE WORLD LOGISTICS LTD,382 KINGSWAY,MANCHESTER,M19 1PL,12/08/2019,49410 - Freight transport by road,12151092
R00988,A K OPTICS LTD,"92 EDGE LANE, STRETFORD",MANCHESTER,M32 8PX,12/08/2019,86900 - Other human health activities,12151750
R00989,BOARDMANS HOLDINGS LIMITED,"UNIT 10 CLARENCE AVENUE, TRAFFORD PARK",MANCHESTER,M17 1QS,14/08/2019,64209 - Activities of other holding companies n.e.c.,12155571
R00990,BRIT RETAIL LIMITED,2 DUNKERLEYS CLOSE,MANCHESTER,M8 9EH,14/08/2019,46499 - Wholesale of household goods (other than musical instruments) n.e.c.,12155891
R00991,ADVERTMETRICS LTD,132 -134 GREAT ANCOAT STREET,MANCHESTER,M4 6DE,14/08/2019,63990 - Other information service activities n.e.c.,12156350
R00992,BIOX MEDICAL LTD,"47 BURY NEW ROAD, PRESTWICH",MANCHESTER,M25 9JY,16/08/2019,47749 - Retail sale of medical and orthopaedic goods in specialised stores (not incl. hearing aids) n.e.c.,12160624
R00993,ALPEX CLADDING LTD,"FLAT 35, PYTCHELEY HOUSE, BROWNS GREEN",BIRMINGHAM,B20 1DN,19/08/2019,43290 - Other construction installation,12164200
R00994,BRITANNIC FURNITURE LTD,122 FAIRY LANE,MANCHESTER,M8 8YD,20/08/2019,31010 - Manufacture of office and shop furniture,12165378
R00995,AYK MEATS LTD,63 KINGSWAY,MANCHESTER,M19 2LL,21/08/2019,46320 - Wholesale of meat and meat products,12166731
R00996,AH YA SO NICE (UK) LTD,"292 AH YA SO NICE ,FOX HOLLIES ROAD, ACOCKS GREEN",BIRMINGHAM,B27 7PT,23/08/2019,56103 - Take-away food shops and mobile food stands,12171820
R00997,A & M PLUMBING & HEATING LTD,"41 OLD CROFTS BANK, URMSTON",MANCHESTER,M41 7AB,23/08/2019,"43220 - Plumbing, heat and air-conditioning installation",12172712
R00998,ALLIED HOUSING SOLUTIONS LTD,"QUADRANT COURT CALTHORPE ROAD, EDGBASTON",BIRMINGHAM,B15 1TH,03/09/2019,68201 - Renting and operating of Housing Association real estate,12187467
R00999,ANDY BUCKLEY LIMITED,"31 VICTORIA LANE, SWINTON",MANCHESTER,M27 9LS,06/09/2019,62020 - Information technology consultancy activities,12193278
R01000,APEX SECURITY 1875 LIMITED,"LIFFORD HALL LIFFORD LANE, KINGS NORTON",BIRMINGHAM,B30 3JN,09/09/2019,80100 - Private security activities,12194887
R01001,ANDERSON & CO SURVEILLANCE & PRIVATE INVESTIGATORS LTD,"OFFICE 1, IZABELLA HOUSE 24-26 REGENT PLACE, CITY CENTRE",BIRMINGHAM,B1 3NJ,17/09/2019,80300 - Investigation activities,12210642
R01002,ADELAINE BEAUTY LTD,"30 MARTINEAU ROAD, MARTINEAU ROAD",BIRMINGHAM,B33 0JB,21/09/2019,96020 - Hairdressing and other beauty treatment,12220179
R01003,APPLE WHITE PROPERTY SOLUTIONS LIMITED,27 BANNERS WALK,BIRMINGHAM,B44 0TB,23/09/2019,98000 - Residents property management,12221889
R01004,ALBARIU TRADING LIMITED,"151 DERYBYSHIRE LANE, STRETFORD",MANCHESTER,M32 8DS,24/09/2019,47910 - Retail sale via mail order houses or via Internet,12224166
R01005,BLOOM MANCHESTER LTD,"COLONY JACTIN HOUSE, HOOD STREET",MANCHESTER,M4 6WX,30/09/2019,78109 - Other activities of employment placement agencies,12235385
R01006,BGL BUILDING SERVICES LTD,"26 THE GREEN, KINGS NORTON",BIRMINGHAM,B38 8SD,01/10/2019,43999 - Other specialised construction activities n.e.c.,12235628
R01007,BIG STARS LIMITED,14 PHILLIMORE ROAD,BIRMINGHAM,B8 1PR,01/10/2019,56102 - Unlicensed restaurants and cafes,12237426
R01008,BARLOWS CHILDCARE PROPERTIES HOLDINGS LIMITED,"THE COPPER ROOM DEVA CITY OFFICE PARK, TRINITY WAY",MANCHESTER,M3 7BG,01/10/2019,64209 - Activities of other holding companies n.e.c.,12237671
R01009,AUSTAR GROUP LIMITED,"UNIT 1E, BROMSGROVE HOUSE, 88 BROMSGROVE STREET",BIRMINGHAM,B5 6AJ,02/10/2019,70229 - Management consultancy activities other than financial management,12238670
R01010,APEXX TRADING LTD,334 SLADE LANE,MANCHESTER,M19 2BL,03/10/2019,45112 - Sale of used cars and light motor vehicles,12241402
R01011,ALWAYS CANDID LTD,"CAPITAL HOUSE 272 MANCHESTER ROAD, DROYLSDEN",MANCHESTER,M43 6PW,04/10/2019,70229 - Management consultancy activities other than financial management,12244174
R01012,BOSS LADY'S HAIR LTD,"480 LIVERPOOL ROAD, ECCLES, MANCHESTER, ENGLAND, 480 LIVERPOOL ROAD, ECCLES, MANCHESTER, M30 7HZ",MANCHESTER,M30 7HZ,11/10/2019,47750 - Retail sale of cosmetic and toilet articles in specialised stores,12257398
R01013,A&O JOINERY LTD,"C/O ATHERTON ACCOUNTANCY LIMITED 30 BOLTON OLD ROAD, ATHERTON",MANCHESTER,M46 9DL,12/10/2019,43320 - Joinery installation,12258191
R01014,ABBA CONSULTANCY LTD,"41A ASPINALL CRESCENT, WORSLEY",MANCHESTER,M28 0JF,17/10/2019,61900 - Other telecommunications activities,12268575
R01015,AK MEMORIALS LTD,"UNIT 6, 156 HOCKLEY HILL",BIRMINGHAM,B18 5AN,24/10/2019,"23700 - Cutting, shaping and finishing of stone",12278729
R01016,ALEXIA MARINE LTD,"25 BOOTHDALE DRIVE, AUDENSHAW",MANCHESTER,M34 5JU,24/10/2019,71121 - Engineering design activities for industrial process and production,12279789
R01017,ATMOSPHERE PROPERTY LETTING LTD,"117 CENTRAL ROAD, PARTINGTON",MANCHESTER,M31 4EQ,28/10/2019,68100 - Buying and selling of own real estate,12283862
R01018,A&T TREE SERVICES LIMITED,39 GRACEMERE CRESCENT,BIRMINGHAM,B28 0TY,29/10/2019,02100 - Silviculture and other forestry activities,12287401
R01019,BRACKENDALE HOMES LIMITED,"LIFFORD HALL LIFFORD LANE, KINGS NORTON",BIRMINGHAM,B30 3JN,13/11/2019,68209 - Other letting and operating of own or leased real estate,12312175
R01020,AN DIRECT LIMITED,35 THE LINKS,MANCHESTER,M40 3NT,20/11/2019,47910 - Retail sale via mail order houses or via Internet,12323525
R01021,ALLBRO'S PROPERTIES LIMITED,"56 PARKSWAY, PRESTWICH",MANCHESTER,M25 0JB,21/11/2019,68209 - Other letting and operating of own or leased real estate,12327376
R01022,AYC DEVELOPMENT LTD,72 METCHLEY DRIVE,BIRMINGHAM,B17 0LA,02/12/2019,68100 - Buying and selling of own real estate,12341777
R01023,BIRCHFIELD HOUSE MANAGEMENT CO LIMITED,"C/O XEINADIN, 100 BARBIROLLI SQUARE",MANCHESTER,M2 3BD,03/12/2019,98000 - Residents property management,12346368
R01024,AAESTHETIX LTD,12 POPLAR ROAD,BIRMINGHAM,B14 7AD,12/12/2019,96020 - Hairdressing and other beauty treatment,12360443
R01025,ABK SWAN STREET LTD,"UNIT 2.3, 20 DALE STREET",MANCHESTER,M1 1EZ,17/12/2019,41100 - Development of building projects,12368354
R01026,A FEW SCOOPS LIMITED,"2A BREW THIRTY TWO, 2A TAYLORS ROAD",MANCHESTER,M32 0JA,18/12/2019,10520 - Manufacture of ice cream,12369022
R01027,A BYRNES & SON LIMITED,"73 EDGE LANE, STRETFORD",MANCHESTER,M32 8PA,02/01/2020,70229 - Management consultancy activities other than financial management,12383827
R01028,ASTHETICS HEALTH LTD,"ASTHETICS 664 OLDHAM ROAD, FAILSWORTH",MANCHESTER,M35 9DU,09/01/2020,86900 - Other human health activities,12394028
R01029,ADR ARCHITECTURE LTD,"STUDIO 9, 50-54 ST PAUL’S SQUARE",BIRMINGHAM,B3 1QS,15/01/2020,71111 - Architectural activities,12404117
R01030,ATS AUTO GADGETS UK LIMITED,"135 MOSEDALE ROAD, MIDDLETON",MANCHESTER,M24 5GW,16/01/2020,45112 - Sale of used cars and light motor vehicles,12408270
R01031,AARONITE LIMITED,4 WENTWORTH PARK AVENUE,BIRMINGHAM,B17 9QU,22/01/2020,62020 - Information technology consultancy activities,12418932
R01032,670 GRAMS LTD,"CROSBY COURT, 28 GEORGE STREET",BIRMINGHAM,B3 1QG,24/01/2020,56101 - Licensed restaurants,12424257
R01033,BARWAAQO TRANSPORT LTD,5 GEORGE ARTHUR ROAD,BIRMINGHAM,B8 1LN,28/01/2020,52290 - Other transportation support activities,12429382
R01034,BROOKWOOD GROUP INVESTMENTS LIMITED,"2ND FLOOR, 36 BENNETTS HILL",BIRMINGHAM,B2 5SN,28/01/2020,96090 - Other service activities n.e.c.,12430368
R01035,BOULEVARD FLOWERS LTD,"110 WESTFIELD ROAD, KINGS HEATH",BIRMINGHAM,B14 7SU,30/01/2020,"47760 - Retail sale of flowers, plants, seeds, fertilizers, pet animals and pet food in specialised stores",12433686
R01036,ASAPTODAY LIMITED,"OFFICE 1, IZABELLA HOUSE 24-26 REGENT PLACE, CITY CENTRE",BIRMINGHAM,B1 3NJ,05/02/2020,49410 - Freight transport by road,12443443
R01037,1ST CHOICE ROOFING & BUILDING LTD,28 NAYLAND CROFT,BIRMINGHAM,B28 0QH,06/02/2020,43390 - Other building completion and finishing,12446266
R01038,BLYTHE HEALTHCARE SOLUTIONS LIMITED,"KINGSNORTH HOUSE, BLENHEIM WAY",BIRMINGHAM,B44 8LS,10/02/2020,85590 - Other education n.e.c.,12451053
R01039,APPOINT-ED SUPPORT STAFF LTD,"71 CYPRUS STREET, STRETFORD",MANCHESTER,M32 8BD,10/02/2020,78109 - Other activities of employment placement agencies,12451556
R01040,BLOSSOM COFFEE ROASTERS LTD,"16 LONG WOOD ROAD, TRAFFORD PARK",MANCHESTER,M17 1PZ,11/02/2020,"46370 - Wholesale of coffee, tea, cocoa and spices",12454226
R01041,ALL ABOUT GORONGOSA LIMITED,"FOURWAYS HOUSE, 57 HILTON STREET",MANCHESTER,M1 2EJ,11/02/2020,"46380 - Wholesale of other food, including fish, crustaceans and molluscs",12456024
R01042,BEARMORE PROPERTIES LTD,103 SELLY PARK ROAD,BIRMINGHAM,B29 7LH,12/02/2020,68100 - Buying and selling of own real estate,12457822
R01043,BOND STREET SHOE CO LTD,20 BENT STREET,MANCHESTER,M8 8NF,14/02/2020,47721 - Retail sale of footwear in specialised stores,12462581
R01044,BOUDICCA ESTATES LTD,12 MILLWAY WALK,MANCHESTER,M40 1JZ,14/02/2020,68100 - Buying and selling of own real estate,12463587
R01045,AHIEE LTD,"10 KINGSLEY AVENUE, STRETFORD",MANCHESTER,M32 0UB,17/02/2020,47890 - Retail sale via stalls and markets of other goods,12466725
R01046,AK ECO ENERGY LTD,11 POWICK ROAD,BIRMINGHAM,B23 7NY,18/02/2020,"43220 - Plumbing, heat and air-conditioning installation",12469575
R01047,BIRTLES MILL FARM MANAGEMENT LIMITED,"67 WINDSOR ROAD, PRESTWICH",MANCHESTER,M25 0DB,20/02/2020,96090 - Other service activities n.e.c.,12474309
R01048,AJ MOTOR TRADER LTD,6 STANHORNE AVENUE,MANCHESTER,M8 4PQ,21/02/2020,45112 - Sale of used cars and light motor vehicles,12476756
R01049,ACY COSMETICS HOLDING LIMITED,50 GRANBY ROW,MANCHESTER,M1 7AY,24/02/2020,99999 - Dormant Company,12478565
R01050,ARROW COURIERS LTD,19 KINGS CLOSE,BIRMINGHAM,B14 6TP,24/02/2020,53202 - Unlicensed carrier,12479735
R01051,ALLIED LONDON DEVELOPMENT MANAGEMENT HOLDCO LIMITED,"C/O ALLIED LONDON, SUITE 1, BONDED WAREHOUSE, 18 LOWER BYROM STREET",MANCHESTER,M3 4AP,25/02/2020,68209 - Other letting and operating of own or leased real estate,12481172
R01052,BALKAN PROPERTY MAINTENANCE LTD,"75 TEDSTONE ROAD, QUINTON",BIRMINGHAM,B32 2PB,26/02/2020,41202 - Construction of domestic buildings,12485929
R01053,ALLABOUTTRENDS LIMITED,149 CHERRY ORCHARD ROAD,BIRMINGHAM,B20 2JY,27/02/2020,62020 - Information technology consultancy activities,12486729
R01054,AXION AUTOMATION LIMITED,"8 BIRCH ROAD, REDNAL",BIRMINGHAM,B45 9DP,27/02/2020,78109 - Other activities of employment placement agencies,12486821
R01055,BROAD ENERGY (RODEN) LIMITED,"CHANCERY PLACE, 50 BROWN STREET",MANCHESTER,M2 2JG,27/02/2020,35110 - Production of electricity,12487015
R01056,BEYOND CONVEYANCING LIMITED,"SECOND FLOOR, BASS WAREHOUSE, 4 CASTLE STREET",MANCHESTER,M3 4LZ,27/02/2020,69102 - Solicitors,12488391
R01057,BBJ ESTATES LTD,"2ND FLOOR PARKGATES BURY NEW ROAD, PRESTWICH",MANCHESTER,M25 0TL,28/02/2020,82990 - Other business support service activities n.e.c.,12489746
R01058,BOOKSPACE LTD,"7B ST MICHAEL'S COURT WARSTONE PARADE EAST, JEWELLERY QUARTER",BIRMINGHAM,B18 6NR,02/03/2020,74100 - specialised design activities,12491866
R01059,ARISTEIA ACADEMY LTD,995 ALUM ROCK ROAD,BIRMINGHAM,B8 2LY,09/03/2020,85200 - Primary education,12504834
R01060,BLACK TRADING FOREX LTD,"155 CHURCH ROAD, YARDLEY",BIRMINGHAM,B25 8UP,11/03/2020,62020 - Information technology consultancy activities,12509980
R01061,BLAKE PROPERTY DEVELOPMENT LTD,"APARTMENT 100 BRITANNIC PARK 15 YEW TREE ROAD, MOSELEY",BIRMINGHAM,B13 8NF,16/03/2020,68100 - Buying and selling of own real estate,12518617
R01062,ANTRINGHAM PROPERTIES LTD,64 BOOTHS FARM ROAD,BIRMINGHAM,B42 2NP,24/03/2020,68100 - Buying and selling of own real estate,12532004
R01063,AKS  PROPERTIES ARE LIMITED,120 WHEELER STREET,BIRMINGHAM,B19 2HB,24/03/2020,47421 - Retail sale of mobile telephones,12532141
R01064,1M COURIER LTD,67 TENNYSON ROAD,BIRMINGHAM,B10 0EX,30/03/2020,52290 - Other transportation support activities,12539037
R01065,BLACK COUNTRY CAPITAL LTD,"SECOND FLOOR, WEST WING, 10 HARBORNE ROAD",BIRMINGHAM,B15 3AA,31/03/2020,46900 - Non-specialised wholesale trade,12540711
R01066,BIGHOPE UK LIMITED,"SUITE 46-47, FIFTH FLOOR THE WHITEHOUSE, 111 NEW STREET",BIRMINGHAM,B2 4EU,03/04/2020,68100 - Buying and selling of own real estate,12546651
R01067,BLUEWATER TAX ACCOUNTING LIMITED,"QUADRANT COURT 49 CALTHORPE ROAD, EDGBASTON",BIRMINGHAM,B15 1TH,22/04/2020,69201 - Accounting and auditing activities,12568241
R01068,ACRONIS-PARTNER LTD,"5 HATTONS COURT, OFF MOSS ROAD",MANCHESTER,M32 0AP,27/04/2020,99999 - Dormant Company,12574729
R01069,BJS IMPROVE LTD,"OFFICE 620 INITIAL BUSINESS CENTRE, WILSON BUSINESS PARK",MANCHESTER,M40 8WN,04/05/2020,82990 - Other business support service activities n.e.c.,12584706
R01070,ASSURED CHOICE LTD,"4TH FLOOR CARDINAL HOUSE, 20 ST. MARYS PARSONAGE",MANCHESTER,M3 2LY,07/05/2020,70229 - Management consultancy activities other than financial management,12592130
R01071,BANAH HOMES LTD,"GROSVENOR HOUSE, 11 ST. PAULS SQUARE",BIRMINGHAM,B3 1RB,11/05/2020,68100 - Buying and selling of own real estate,12593987
R01072,BOLTON REALTY LIMITED,"1ST FLOOR, CLOISTER HOUSE, NEW BAILEY STREET",MANCHESTER,M3 5FS,14/05/2020,68209 - Other letting and operating of own or leased real estate,12601740
R01073,BETTS SQUARED LIMITED,"582-586 KINGSBURY ROAD, ERDINGTON",BIRMINGHAM,B24 9ND,15/05/2020,70229 - Management consultancy activities other than financial management,12604314
R01074,BIGNALL (HOLDINGS) LTD,"2 WHEELEYS ROAD, EDGBASTON",BIRMINGHAM,B15 2LD,15/05/2020,64209 - Activities of other holding companies n.e.c.,12605728
R01075,ASIAGO (HOLDINGS) LTD,"2 WHEELEYS ROAD, EDGBASTON",BIRMINGHAM,B15 2LD,15/05/2020,64209 - Activities of other holding companies n.e.c.,12605815
R01076,ADDRESSING ADDICTIONS LIMITED,22 LINDFORD WAY,BIRMINGHAM,B38 0BD,18/05/2020,86900 - Other human health activities,12606428
R01077,BEACH WORM LIMITED,"9 HAMILTON ROAD, PRESTWICH",MANCHESTER,M25 9GG,18/05/2020,68209 - Other letting and operating of own or leased real estate,12608605
R01078,1812 UK LIMITED,"SUITE 46-47, FIFTH FLOOR THE WHITEHOUSE, 111 NEW STREET",BIRMINGHAM,B2 4EU,19/05/2020,68100 - Buying and selling of own real estate,12610329
R01079,ABUNDANCE LEARNING LTD,"9 BREEZE HILL RD BREEZE HILL ROAD, ATHERTON",MANCHESTER,M46 9HJ,26/05/2020,85310 - General secondary education,12621602
R01080,BIG TOP PROPERTIES LTD,"12 HATFIELD ROAD, LOZELLS",BIRMINGHAM,B19 1JR,28/05/2020,68100 - Buying and selling of own real estate,12629173
R01081,BLACK BEAUTIQUE LTD,"PICCADILLY BUSINESS CENTRE  ALDOW ENTERPRISE PARK, BLACKETT STREET",MANCHESTER,M12 6AE,02/06/2020,47910 - Retail sale via mail order houses or via Internet,12640967
R01082,BRIT PHONES LTD,"BRIT PHONES LTD, KIOSK 4 THE UPPER PARADE , COVERED MARKET, SWINTON",MANCHESTER,M27 4BD,04/06/2020,47421 - Retail sale of mobile telephones,12646313
R01083,AMARJI LIMITED,"KINGSNORTH HOUSE, BLENHEIM WAY",BIRMINGHAM,B44 8LS,05/06/2020,70229 - Management consultancy activities other than financial management,12648262
R01084,ASD MOBILE MECHANICS LTD,"1ST FLOOR 33A GROVE LANE, HANDSWORTH",BIRMINGHAM,B21 9ES,05/06/2020,45200 - Maintenance and repair of motor vehicles,12649635
R01085,ABOUTIME LTD,"C/O AHMAD ACCOUNTANTS 28 SHAFTMOOR LANE, ACOCKS GREEN",BIRMINGHAM,B27 7RS,05/06/2020,99999 - Dormant Company,12649721
R01086,BOX CODE LTD,"7 AGECROFT ROAD EAST, PRESTWICH",MANCHESTER,M25 9RQ,09/06/2020,"47640 - Retail sale of sports goods, fishing gear, camping goods, boats and bicycles",12656848
R01087,ACADEMIC ENRICHMENT LEARNING LTD,"5 GEORGE ROAD, EDGBASTON",BIRMINGHAM,B15 1NP,11/06/2020,85600 - Educational support services,12663969
R01088,AUTOMOTIVE CENTRAL LTD,82 EDENBRIDGE ROAD,BIRMINGHAM,B28 8PR,15/06/2020,45200 - Maintenance and repair of motor vehicles,12671622
R01089,BILLIG HOLDINGS LTD,"2 WHEELEYS ROAD, EDGBASTON",BIRMINGHAM,B15 2LD,19/06/2020,64209 - Activities of other holding companies n.e.c.,12681666
R01090,AKZ GLOBAL LIMITED,"FLAT 15 KENTMERE TOWER, BEECHMOUNT DRIVE",BIRMINGHAM,B23 5UF,22/06/2020,47910 - Retail sale via mail order houses or via Internet,12688828
R01091,BIRMINGHAM STAFF LIMITED,"UNIT 227 DUCIE HOUSE, DUCIE ST",MANCHESTER,M1 2JW,29/06/2020,78109 - Other activities of employment placement agencies,12701640
R01092,A M GARAGE SERVICES LIMITED,"69 OAKWOOD ROAD, SPARKHILL",BIRMINGHAM,B11 4EX,03/07/2020,45112 - Sale of used cars and light motor vehicles,12717241
R01093,BOAI GROUP LIMITED,25-27 HARKNESS STREET,MANCHESTER,M12 6BT,03/07/2020,46900 - Non-specialised wholesale trade,12718003
R01094,ASHBURN PROPERTY HOLDINGS LTD,11 ST. PAULS SQUARE,BIRMINGHAM,B3 1RB,05/07/2020,68100 - Buying and selling of own real estate,12719724
R01095,(NW) ELECTRICAL SOLUTIONS LTD,"40 ASHDALE CRESCENT, DROYLSDEN",MANCHESTER,M43 6PT,06/07/2020,43210 - Electrical installation,12722622
R01096,BIDCO KORU LIMITED,20 DALE ST,MANCHESTER,M1 1EZ,07/07/2020,96090 - Other service activities n.e.c.,12725988
R01097,ANCHORBRIDGE DEVELOPMENTS LIMITED,"WREN HOUSE 108 PALATINE ROAD, DIDSBURY",MANCHESTER,M20 3ZA,09/07/2020,41100 - Development of building projects,12730376
R01098,AYDIN TECHNOLOGY AND CONSULTANCY LTD,"INTERNATIONAL HOUSE, 61 MOSLEY STREET",MANCHESTER,M2 3HZ,09/07/2020,62020 - Information technology consultancy activities,12731891
R01099,ALEEF ESTATES LTD,11 BANKFIELD AVENUE,MANCHESTER,M13 0YQ,15/07/2020,68100 - Buying and selling of own real estate,12745289
R01100,APEJOL LIMITED,1 SEARBY ROAD,MANCHESTER,M18 7RQ,19/07/2020,13910 - Manufacture of knitted and crocheted fabrics,12753429
R01101,BJZ GROUP LTD,"5 TYLDESLEY ROAD, ATHERTON",MANCHESTER,M46 9DA,20/07/2020,38110 - Collection of non-hazardous waste,12756321
R01102,ASSURED FINANCE LIMITED,"CARDINAL HOUSE, 20 ST. MARYS PARSONAGE",MANCHESTER,M3 2LY,22/07/2020,66110 - Administration of financial markets,12761253
R01103,BALAGO LIMITED,7 ASSISI GARDENS,MANCHESTER,M12 5AS,28/07/2020,96090 - Other service activities n.e.c.,12775337
R01104,APEX CE SPECIALISTS LIMITED,"NO 360 125 DEANSGATE, 125 DEANSGATE",MANCHESTER,M3 2BY,31/07/2020,"74909 - Other professional, scientific and technical activities n.e.c.",12783569
R01105,APMG CONSULTING LTD,"FLAT 1 EAGLES NEST BUTTERSTILE LANE, PRESTWICH",MANCHESTER,M25 9PP,03/08/2020,96090 - Other service activities n.e.c.,12788994
R01106,AMAZING GRACE PROPERTIES LIMITED,13 WADCROFT WALK,MANCHESTER,M9 4GJ,07/08/2020,68100 - Buying and selling of own real estate,12798871
R01107,ALJANDEEL LTD,42 LAMPORT COURT,MANCHESTER,M1 7EG,07/08/2020,45112 - Sale of used cars and light motor vehicles,12798878
R01108,BABY BIRD DEVELOPMENTS LIMITED,83 FOUNTAIN STREET,MANCHESTER,M2 2EE,11/08/2020,68100 - Buying and selling of own real estate,12804577
R01109,BIONIK STRENGTH LTD,"PERCY WESTHEAD & COMPANY HANOVER HOUSE, 30-32 CHARLOTTE STREET",MANCHESTER,M1 4FD,11/08/2020,85510 - Sports and recreation education,12806374
R01110,ASM GROUP LTD,"STUDIO 9, 50 - 54 ST. PAULS SQUARE",BIRMINGHAM,B3 1QS,14/08/2020,68100 - Buying and selling of own real estate,12814238
R01111,BECK ACCOUNTING LIMITED,22 GREENSIDE ROAD,BIRMINGHAM,B24 0DJ,19/08/2020,69201 - Accounting and auditing activities,12824077
R01112,AUTOSMART BODY REPAIR LTD,"UNIT 1A 351 STOCKPORT RD, LONGSIGHT",MANCHESTER,M13 0LF,24/08/2020,45200 - Maintenance and repair of motor vehicles,12832868
R01113,BLUE HORSE PVT LIMITED,"283 HAMSTEAD ROAD, GREAT BARR",BIRMINGHAM,B43 5TA,24/08/2020,68209 - Other letting and operating of own or leased real estate,12833160
R01114,BACK A YARD LTD,"435 WILMSLOW ROAD, WITHINGTON",MANCHESTER,M20 4AF,25/08/2020,10320 - Manufacture of fruit and vegetable juice,12834966
R01115,ALI-SHAH REAL ESTATE LIMITED,"808 COVENTRY ROAD, SMALL HEATH",BIRMINGHAM,B10 0TY,27/08/2020,68209 - Other letting and operating of own or leased real estate,12842745
R01116,BAY OPHTHALMIC LTD,"J W HINKS 19 HIGHFIELD ROAD, EDGBASTON",BIRMINGHAM,B15 3BH,31/08/2020,86220 - Specialists medical practice activities,12845931
R01117,12850583 LIMITED,"111 RICO HOUSE GEORGE STREET, PRESTWICH",MANCHESTER,M25 9WS,01/09/2020,43210 - Electrical installation,12850583
R01118,ALITE SEARCH LTD,"26 CORONATION ROAD, DROYLSDEN",MANCHESTER,M43 7RL,02/09/2020,70229 - Management consultancy activities other than financial management,12853717
R01119,ALPHA OCCASIONS LTD,158 FIELDHOUSE ROAD,BIRMINGHAM,B25 8SJ,07/09/2020,96090 - Other service activities n.e.c.,12860798
R01120,ADZ INTERNATIONAL LIMITED,95-97 UPPER SUTTON STREET,BIRMINGHAM,B6 5BN,07/09/2020,46760 - Wholesale of other intermediate products,12862110
R01121,AAPKE MEIZBAN LTD,154 LADYPOOL ROAD,BIRMINGHAM,B12 8JS,08/09/2020,56102 - Unlicensed restaurants and cafes,12863740
R01122,AELJL LTD,99 SHILLINGFORD ROAD,MANCHESTER,M18 7TN,08/09/2020,68209 - Other letting and operating of own or leased real estate,12866672
R01123,BANA ARAM ACCOUNTANCY SERVICES LTD,"232A SOHO ROAD, HANDSWORTH",BIRMINGHAM,B21 9LR,13/09/2020,99999 - Dormant Company,12875546
R01124,BEYOND PHILANTHROPY LIMITED,"C/O ECHO TAX, SPACES MANCHESTER PETER HOUSE, OXFORD STREET",MANCHESTER,M1 5AN,13/09/2020,70229 - Management consultancy activities other than financial management,12875560
R01125,BRAMHALL PROPERTY LETTINGS LIMITED,"DAVID NUGENT & CO LTD, 4A MOSS LANE, SWINTON",MANCHESTER,M27 9SA,17/09/2020,68100 - Buying and selling of own real estate,12886498
R01126,23 THORNFIELD GROVE LTD,"111 RICO HOUSE GEORGE STREET, PRESTWICH",MANCHESTER,M25 9WS,18/09/2020,68100 - Buying and selling of own real estate,12888161
R01127,ARKA BUILDERS LTD,"146 HAGLEY ROAD, CIBA BUILDING",BIRMINGHAM,B16 9NX,23/09/2020,41202 - Construction of domestic buildings,12899323
R01128,ACORN CLEANING MANCHESTER LIMITED,"ARCHWOOD HOUSE 46-48 LONG STREET, MIDDLETON",MANCHESTER,M24 6UQ,24/09/2020,81210 - General cleaning of buildings,12901745
R01129,AUTOSEC LIMITED,15 MUNN ROAD,MANCHESTER,M9 0WW,25/09/2020,96090 - Other service activities n.e.c.,12905143
R01130,BASQUIAT PROPERTIES LIMITED,"32 WYCOMBE CLOSE, URMSTON",MANCHESTER,M41 7ND,03/10/2020,68100 - Buying and selling of own real estate,12924789
R01131,AFK PROPERTY LIMITED,70 WHITECROFT ROAD,BIRMINGHAM,B26 3RE,08/10/2020,70229 - Management consultancy activities other than financial management,12937736
R01132,BAY EDUCATION CENTRE LTD,10 GROVE HILL ROAD,BIRMINGHAM,B21 9PA,09/10/2020,85410 - Post-secondary non-tertiary education,12939700
R01133,BLUEWATER ONLINE LTD,36 PURCELL STREET,MANCHESTER,M12 4NU,14/10/2020,49320 - Taxi operation,12951005
R01134,ASAWAR’S MAKE LTD,24 WHITMORE ROAD,BIRMINGHAM,B10 0NP,14/10/2020,47910 - Retail sale via mail order houses or via Internet,12951072
R01135,A1 PROPERTY INVESTMENTS (BHAM) LTD,"152 STATION ROAD, STECHFORD",BIRMINGHAM,B33 8BT,15/10/2020,68100 - Buying and selling of own real estate,12955343
R01136,BALLAGGAN LIMITED,"HARPAL HOUSE 14 HOLYHEAD ROAD, HANDSWORTH",BIRMINGHAM,B21 0LT,21/10/2020,68209 - Other letting and operating of own or leased real estate,12964287
R01137,APPLEDORE LTD,"14TH FLOOR, BANK HOUSE, 8 CHERRY STREET",BIRMINGHAM,B2 5AL,22/10/2020,64209 - Activities of other holding companies n.e.c.,12968562
R01138,7M INVESTMENTS LTD,45 LORD STREET,BIRMINGHAM,B7 4DQ,23/10/2020,68100 - Buying and selling of own real estate,12969826
R01139,ADDO  PHARMA LTD,85 WAYLAND ROAD,MANCHESTER,M18 7HA,29/10/2020,86900 - Other human health activities,12982598
R01140,AP PORTFOLIO LIMITED,"97 GREENRIDGE ROAD, HANDSWORTH WOOD",BIRMINGHAM,B20 1JN,03/11/2020,68100 - Buying and selling of own real estate,12993300
R01141,ALLOPATHIC HEALTHCARE LTD,65 WOOLMORE ROAD,BIRMINGHAM,B23 7EB,05/11/2020,47730 - Dispensing chemist in specialised stores,12998165
R01142,BOGDANI DEVELOPMENT LTD,"CAPITAL HOUSE 272 MANCHESTER ROAD, DROYLSDEN",MANCHESTER,M43 6PW,09/11/2020,41100 - Development of building projects,13004989
R01143,AKEHARD CARE LIMITED,31 CEYLON STREET,MANCHESTER,M40 2EF,10/11/2020,86900 - Other human health activities,13007073
R01144,BEE ECO CLEANING LTD,31 BARRY ROAD,MANCHESTER,M23 0EB,11/11/2020,81210 - General cleaning of buildings,13009445
R01145,BAMBOO HAIR AND AESTHETIC LTD,"191 CHURCH ROAD, YARDLEY",BIRMINGHAM,B25 8UR,13/11/2020,96020 - Hairdressing and other beauty treatment,13017621
R01146,ACCURAIL LTD,"NEO, 9 CHARLOTTE STREET",MANCHESTER,M1 4ET,19/11/2020,62020 - Information technology consultancy activities,13030851
R01147,AALIYAH LIMITED,"816 816 CARDIGAN WHARF, 3 PITT STREET",BIRMINGHAM,B4 7FL,20/11/2020,"74909 - Other professional, scientific and technical activities n.e.c.",13035756
R01148,ACG P04 LTD,"BROWNE JACOBSON LLP (CS) 15TH FLOOR, 103 COLMORE ROW",BIRMINGHAM,B3 3AG,24/11/2020,87100 - Residential nursing care facilities,13039773
R01149,ARTQD PAINTING AND DECORATING LTD,25 BROOMHILL CLOSE,BIRMINGHAM,B43 5BT,24/11/2020,43390 - Other building completion and finishing,13040946
R01150,BLESSED KIDS LTD,"12 DUFFIELD ROAD, MIDDLETON",MANCHESTER,M24 1WQ,27/11/2020,88910 - Child day-care activities,13047082
R01151,BRINDLEYS PAYROLL LTD,"2 WHEELEYS ROAD, EDGBASTON",BIRMINGHAM,B15 2LD,01/12/2020,99999 - Dormant Company,13054414
R01152,BELO LASH LTD,"11 WARWICK ROAD, OLD TRAFFORD",MANCHESTER,M16 0QQ,02/12/2020,46450 - Wholesale of perfume and cosmetics,13058260
R01153,BRIDGEWORTHY PROPERTIES LIMITED,"THE VALLANCE DENTAL CENTRE 1ST FLOOR THE VALLANCE CENTRE, WADESON ROAD",MANCHESTER,M13 9UJ,02/12/2020,68100 - Buying and selling of own real estate,13058375
R01154,AMERICAN DINING FRANCHISE LTD,"SIX WAYS BUSINESS CENTRE, 1 GUILDFORD STREET",BIRMINGHAM,B19 2HN,02/12/2020,70229 - Management consultancy activities other than financial management,13058607
R01155,BIO ENTERPRISE LTD,"THE COPPER ROOM DEVA CITY OFFICE PARK, TRINITY WAY",MANCHESTER,M3 7BG,03/12/2020,02100 - Silviculture and other forestry activities,13060086
R01156,ALBERT ESTATES LTD,"GROUND FLOOR, 47 BURY NEW ROAD, PRESTWICH",MANCHESTER,M25 9JY,03/12/2020,68100 - Buying and selling of own real estate,13060550
R01157,AA MART LIMITED,"08 GLADSTONE ROAD, URMSTON",MANCHESTER,M41 0XZ,03/12/2020,46420 - Wholesale of clothing and footwear,13060728
R01158,ASPECT SUPPORTED LIVING LIMITED,"UNIT 9 MAGREAL BUSINESS PARK, FREETH STREET",BIRMINGHAM,B16 0QZ,06/12/2020,"87200 - Residential care activities for learning difficulties, mental health and substance abuse",13064833
R01159,206 WHAM PROPERTIES LIMITED,12 PERRINS GROVE,BIRMINGHAM,B8 2EU,09/12/2020,98000 - Residents property management,13073244
R01160,ABODE FSS LIMITED,"10 DERWENT CLOSE, DENTON",MANCHESTER,M34 2FW,09/12/2020,99999 - Dormant Company,13073526
R01161,BHATTI LOGISTICS LTD,"CKW CHARTERED CERTIFIED ACCOUNTANTS, 469 KINGSWAY",MANCHESTER,M19 1NR,11/12/2020,53100 - Postal activities under universal service obligation,13077158
R01162,ALL ELECTRIC CAR PARTS UK LTD,42 PLOUGH AVENUE,BIRMINGHAM,B32 3TQ,14/12/2020,45310 - Wholesale trade of motor vehicle parts and accessories,13079234
R01163,ADVANCED GENOMICS LIMITED,"UNIT 5 QUINTON BUSINESS PARK 11 RIDGEWAY, QUINTON",BIRMINGHAM,B32 1AF,15/12/2020,72110 - Research and experimental development on biotechnology,13082367
R01164,ALL WORK AND SOCIAL HOLDCO LIMITED,"C/O ALLIED LONDON, SUITE 1, BONDED WAREHOUSE, 18 LOWER BYROM STREET",MANCHESTER,M3 4AP,15/12/2020,64209 - Activities of other holding companies n.e.c.,13083116
R01165,BAZ & DAD LTD,37 TINTERN AVENUE,MANCHESTER,M41 6FH,17/12/2020,43390 - Other building completion and finishing,13086414
R01166,BLUE JEANS LTD,"8 UNIT 3, ALLISON STREET",MANCHESTER,M8 8AR,21/12/2020,46410 - Wholesale of textiles,13094412
R01167,AMAL TRADING LIMITED,253 ALCESTER ROAD SOUTH,BIRMINGHAM,B14 6DT,24/12/2020,46310 - Wholesale of fruit and vegetables,13099382
R01168,A.L. PRINT LIMITED,137-139 STRATFORD ROAD,BIRMINGHAM,B11 1RD,29/12/2020,18129 - Printing n.e.c.,13100435
R01169,BAMSI DOGAN LTD,24 WOODLANDS STREET,MANCHESTER,M8 9LL,29/12/2020,86230 - Dental practice activities,13101983
R01170,ARRENDS SOLUTIONS LIMITED,"7A FIRST FLOOR, TRAFALGAR BUSINESS PARK",MANCHESTER,M8 9TZ,30/12/2020,68209 - Other letting and operating of own or leased real estate,13103367
R01171,B & L INGOE LIMITED,"247 BURY OLD ROAD, PRESTWICH",MANCHESTER,M25 1JE,05/01/2021,68100 - Buying and selling of own real estate,13113796
R01172,AUTO LINE MCR LTD,334 SLADE LANE,MANCHESTER,M19 2BL,08/01/2021,45112 - Sale of used cars and light motor vehicles,13120945
R01173,ALVI ASSET MANAGEMENT UK LTD,"UNIT 18 WHITWORTH INDUSTRIAL ESTATE, TILTON ROAD",BIRMINGHAM,B9 4PP,11/01/2021,62020 - Information technology consultancy activities,13126318
R01174,AAA PROPERTIES (MCR) LTD,315 DICKENSON ROAD,MANCHESTER,M13 0NR,12/01/2021,68100 - Buying and selling of own real estate,13128924
R01175,BEELEY STREET DEVELOPMENT LIMITED,16 CORNWALL STREET,MANCHESTER,M11 2PS,15/01/2021,68209 - Other letting and operating of own or leased real estate,13137199
R01176,ALYSS CAPITAL LIMITED,169 HANSONS BRIDGE ROAD,BIRMINGHAM,B24 0PD,15/01/2021,68100 - Buying and selling of own real estate,13137782
R01177,BLING HOME DECOR LTD,"5 CLIFFDALE DRIVE, CRUMPSALL",MANCHESTER,M8 4QF,18/01/2021,47910 - Retail sale via mail order houses or via Internet,13140077
R01178,BALANCE BREWING & BLENDING LTD,10 SHEFFIELD STREET,MANCHESTER,M1 2ND,18/01/2021,11050 - Manufacture of beer,13140228
R01179,BAMBS PROPERTY LTD,4 FALLOW AVENUE,MANCHESTER,M18 7GD,20/01/2021,68100 - Buying and selling of own real estate,13145368
R01180,BEAUTY BY THE HOLY GRAIL LTD.,"32 PARKFIELD DRIVE, MIDDLETON",MANCHESTER,M24 4ED,20/01/2021,96020 - Hairdressing and other beauty treatment,13146648
R01181,BATTLEGROUNDS ANALYTICS LTD,"9 MANTHORPE AVENUE, WORSLEY",MANCHESTER,M28 2AZ,21/01/2021,62012 - Business and domestic software development,13148805
R01182,AE ACCOUNTANCY LTD,"SUITE 3.16 DEVONSHIRE STREET NORTH, UNIVERSAL SQUARE BUSINESS CENTRE",MANCHESTER,M12 6JH,21/01/2021,69202 - Bookkeeping activities,13151097
R01183,BCP INVESTMENTS LTD,"20 CHATSWORTH ROAD, ECCLES",MANCHESTER,M30 9DY,25/01/2021,82990 - Other business support service activities n.e.c.,13155593
R01184,BLACK MUNEE LIMITED,"BOULEVARD PLAZA 417 BOULEVARD PLAZA, 654B BRISTOL STREET",BIRMINGHAM,B5 7FY,26/01/2021,59200 - Sound recording and music publishing activities,13158119
R01185,BOSWELL INTERNATIONAL LIMITED,"WOOLWICH HOUSE, 61 MOSLEY STREET",MANCHESTER,M2 3HZ,26/01/2021,"74909 - Other professional, scientific and technical activities n.e.c.",13158255
R01186,BELOR888 LTD,43 ASHFIELD DRIVE,MANCHESTER,M40 1WJ,27/01/2021,68209 - Other letting and operating of own or leased real estate,13161043
R01187,ASHA'S SHOES LTD,"UNIT 50 ARNDALE CENTRE, 49 HIGH STREET",MANCHESTER,M4 3AH,04/02/2021,47721 - Retail sale of footwear in specialised stores,13179851
R01188,ADDERLEY ALARMS LTD,34 DAISY FARM ROAD,BIRMINGHAM,B14 4QA,08/02/2021,43210 - Electrical installation,13186600
R01189,BM3 BIRMINGHAM LIMITED,28 PICKFORD STREET,BIRMINGHAM,B5 5QH,09/02/2021,71111 - Architectural activities,13187889
R01190,BEAR PROPERTY LETTINGS LIMITED,"C/O DJH ST GEORGES HOUSE, 56 PETER STREET",MANCHESTER,M2 3NQ,09/02/2021,68209 - Other letting and operating of own or leased real estate,13190099
R01191,AT-TAAJIR THE MERCHANT LTD,5 HOLBORN DRIVE,MANCHESTER,M8 8US,16/02/2021,"47990 - Other retail sale not in stores, stalls or markets",13204788
R01192,2021 HEANEY PROPERTIES LTD,"JONES AND CO, STYLING OPTICIANS,, 82 KING STREET",MANCHESTER,M2 4WQ,17/02/2021,68100 - Buying and selling of own real estate,13205985
R01193,AVORSOFT LTD,56 MATTHEWS LANE,MANCHESTER,M19 3ES,18/02/2021,62090 - Other information technology service activities,13210309
R01194,A&Z HOME LTD,"C/O DIGTAX ACCOUNTANT, DEPARTMENT CAMPFIELD, LOWER BYROM STREET,",MANCHESTER,M3 4FP,18/02/2021,68100 - Buying and selling of own real estate,13210791
R01195,BEYOND ATOZ LIMITED,"BRULIMAR HOUSE JUBILEE ROAD, MIDDLETON",MANCHESTER,M24 2LX,18/02/2021,68209 - Other letting and operating of own or leased real estate,13211187
R01196,BLOOMSBURY PRIME SERVICES LTD,"PRIME LODGE, NECHELLS PARKWAY",BIRMINGHAM,B7 4PT,19/02/2021,68100 - Buying and selling of own real estate,13214632
R01197,AIMAG LIMITED,"25 WELLSTOCK LANE, LITTLE HULTON",MANCHESTER,M38 9TX,24/02/2021,68209 - Other letting and operating of own or leased real estate,13222004
R01198,ASPSTORES LTD,"VERACITY WORKS FOUNDRY LANE, SMETHWICK",BIRMINGHAM,B66 2PD,27/02/2021,47910 - Retail sale via mail order houses or via Internet,13233735
R01199,911 INVESTMENTS LTD,"119 PERSHORE ROAD, EDGBASTON",BIRMINGHAM,B5 7NX,03/03/2021,68209 - Other letting and operating of own or leased real estate,13242215
R01200,BLACK STREET PROPERTY LIMITED,36 HARDY LANE,MANCHESTER,M21 7LA,04/03/2021,68209 - Other letting and operating of own or leased real estate,13245242
R01201,AG LONDON PROPERTIES 2 LIMITED,"1ST FLOOR, CLOISTER HOUSE RIVERSIDE, NEW BAILEY STREET",MANCHESTER,M3 5FS,05/03/2021,68209 - Other letting and operating of own or leased real estate,13248522
R01202,ANTIMICROBIAL MATERIALS LIMITED,91 PRINCESS STREET,MANCHESTER,M1 4HT,11/03/2021,20200 - Manufacture of pesticides and other agrochemical products,13260285
R01203,BCN GROUP (BRADFORD) LIMITED,"SECOND FLOOR, BUILDING 4, MANCHESTER GREEN, STYAL ROAD",MANCHESTER,M22 5LW,15/03/2021,62020 - Information technology consultancy activities,13265969
R01204,"A1, 89-95 OLDHAM STREET LIMITED",4 NAVAL STREET,MANCHESTER,M4 6EW,16/03/2021,68209 - Other letting and operating of own or leased real estate,13270475
R01205,BARQUES TRADING LIMITED,"LUDGATE PLACE, 23 LUDGATE HILL",BIRMINGHAM,B3 1DX,16/03/2021,73110 - Advertising agencies,13270719
R01206,A N U UTILITIES LTD,23 MACFARREN STREET,MANCHESTER,M12 4WX,17/03/2021,35140 - Trade of electricity,13273882
R01207,ALEXANDER (MIDLANDS) DEVELOPMENTS LTD,"2 WHEELEYS ROAD, EDGBASTON",BIRMINGHAM,B15 2LD,17/03/2021,82990 - Other business support service activities n.e.c.,13273962
R01208,AGG INVESTMENT GROUP LIMITED,59-61 CHARLOTTE STREET,BIRMINGHAM,B3 1PX,19/03/2021,96090 - Other service activities n.e.c.,13279708
R01209,6A PROPERTIES LTD,122 SLADE LANE,MANCHESTER,M19 2AL,22/03/2021,68100 - Buying and selling of own real estate,13282246
R01210,7TON PLASTIC MOULDERS LTD,"SIX WAYS BUSINESS CENTRE, 1 GUILDFORD STREET",BIRMINGHAM,B19 2HN,23/03/2021,22290 - Manufacture of other plastic products,13286443
R01211,ASKARI MANAGEMENT LTD,"2 WHEELEYS ROAD, EDGBASTON",BIRMINGHAM,B15 2LD,26/03/2021,82990 - Other business support service activities n.e.c.,13293324
R01212,BMH PROPERTY LTD,"27 DURHAM CRESCENT, FAILSWORTH",MANCHESTER,M35 0QL,28/03/2021,68209 - Other letting and operating of own or leased real estate,13297740
R01213,ACONIQUE LTD,156 OGDEN LANE,MANCHESTER,M11 2LZ,29/03/2021,82990 - Other business support service activities n.e.c.,13299641
R01214,BACHD TRADING LIMITED,1 HARDMAN STREET,MANCHESTER,M3 3HF,08/04/2021,56290 - Other food services,13320173
R01215,BIG BARGAINS DEPOT LIMITED,"142 WOOD STREET, MIDDLETON",MANCHESTER,M24 4BB,12/04/2021,46190 - Agents involved in the sale of a variety of goods,13328526
R01216,1072 PROPERTY LTD,72 KINGSHILL ROAD,MANCHESTER,M21 9HD,12/04/2021,68209 - Other letting and operating of own or leased real estate,13328937
R01217,AR DIGITAL SURVEYS LTD,13 HEYSHAM AVENUE,MANCHESTER,M20 1EL,13/04/2021,71122 - Engineering related scientific and technical consulting activities,13330168
R01218,ASPECT HOUSING AND SUPPORT LIMITED,"5 HIGHGATE BUSINESS CENTRE, HIGHGATE ROAD",BIRMINGHAM,B12 8EA,15/04/2021,87900 - Other residential care activities n.e.c.,13337391
R01219,AUTHENTIC KITCHEN INSTALLATION LTD,"41 GUILDFORD GROVE, MIDDLETON",MANCHESTER,M24 2WX,19/04/2021,43320 - Joinery installation,13343231
R01220,AJ HOME MANAGEMENT SERVICES LTD,"UNIT B, MADISON PLACE, NORTHAMPTON ROAD",MANCHESTER,M40 5AG,19/04/2021,68310 - Real estate agencies,13343877
R01221,BOLT TRADING LTD,"UNIT 15 WINDRUSH MILLENNIUM CENTRE, 70 ALEXANDRA ROAD",MANCHESTER,M16 7WD,19/04/2021,47910 - Retail sale via mail order houses or via Internet,13344122
R01222,BLUE FLAMES HEATING & PLUMBING LTD,7 SIDDALL STREET,MANCHESTER,M12 4GE,19/04/2021,"43220 - Plumbing, heat and air-conditioning installation",13345232
R01223,AIM MARKETING LTD,"205, FAIRGATE HOUSE, KINGS ROAD",BIRMINGHAM,B11 2AA,20/04/2021,73110 - Advertising agencies,13347380
R01224,AJG PROPERTY INVESTMENTS (MIDLANDS) LIMITED,"LIFFORD HALL LIFFORD LANE, KINGS NORTON",BIRMINGHAM,B30 3JN,21/04/2021,68100 - Buying and selling of own real estate,13348948
R01225,ATTIRE HOLDINGS LTD,"ATTIRE EMEA, UNIT 2450 REGENTS COURT THE CRESCENT, BIRMINGHAM BUSINESS PARK",BIRMINGHAM,B37 7YE,23/04/2021,99999 - Dormant Company,13353261
R01226,BAC TRANSPORT SERVICES LTD,"70 HAMSTEAD ROAD, GREAT BARR",BIRMINGHAM,B43 5BU,23/04/2021,49410 - Freight transport by road,13354766
R01227,A & D ACCOUNTING LTD,"OFFICE 1.16 BRISTOL ROAD SOUTH, REDNAL",BIRMINGHAM,B45 9AH,23/04/2021,69202 - Bookkeeping activities,13355527
R01228,ALBION TRAINING LIMITED,11A BIRDBROOK ROAD,BIRMINGHAM,B44 8RA,26/04/2021,85421 - First-degree level higher education,13357760
R01229,BOONDA INC LTD,97 SCHOOL LANE,MANCHESTER,M20 6HQ,29/04/2021,62012 - Business and domestic software development,13367320
R01230,BRICKS ASSET MANAGEMENT LTD,15 BLENHEIM DRIVE,BIRMINGHAM,B43 5BP,05/05/2021,98000 - Residents property management,13376434
R01231,ATLANTIS TRANSLATE LINE LTD,"497A STRATFORD ROAD, SPARKHILL",BIRMINGHAM,B11 4LE,05/05/2021,74300 - Translation and interpretation activities,13376695
R01232,AL-HIKMAH SERVICES LIMITED,"60 RUSSELL ROAD, HALL GREEN",BIRMINGHAM,B28 8SF,07/05/2021,85600 - Educational support services,13382089
R01233,BILIBALABI LIMITED,"2508 ONE REGENT APARTMENT, 1 REGENT ROAD",MANCHESTER,M3 4BE,14/05/2021,98000 - Residents property management,13399323
R01234,BITS SENT ANYWHERE LTD,"27 DERWENT ROAD, URMSTON",MANCHESTER,M41 8TT,17/05/2021,45320 - Retail trade of motor vehicle parts and accessories,13402297
R01235,BIRDBROOK LIMITED,"22 BILLY LANE, BARNT GREEN",BIRMINGHAM,B45 8BY,17/05/2021,68100 - Buying and selling of own real estate,13402368
R01236,BLACK BOX SOUNDS LTD,"651 MAULDETH ROAD WEST, CHORLTON CUM HARDY",MANCHESTER,M21 7SA,19/05/2021,59112 - Video production activities,13408355
R01237,A.H. ETHIO LTD,"2 YORK STREET, LEVENSHULME",MANCHESTER,M19 3YS,19/05/2021,47730 - Dispensing chemist in specialised stores,13408827
R01238,AYKOME UK LIMITED,"FIRST FLOOR, SWAN BUILDINGS, 20 SWAN STREET",MANCHESTER,M4 5JW,25/05/2021,32990 - Other manufacturing n.e.c.,13419535
R01239,BELMONT FACILITIES LTD,87 LOZELLS STREET,BIRMINGHAM,B19 2AP,25/05/2021,46130 - Agents involved in the sale of timber and building materials,13419668
R01240,AIHOME INTERIORS LTD,33 SOUTHDOWN CRESCENT,MANCHESTER,M9 7DQ,26/05/2021,46420 - Wholesale of clothing and footwear,13421588
R01241,AGILYX EMEA LTD,"FARADAY WHARF, HOLT STREET",BIRMINGHAM,B7 4BB,28/05/2021,62020 - Information technology consultancy activities,13427137
R01242,2.0 INTERNATIONAL LTD,"C/O HCR LEGAL, 2 CORNWALL STREET",BIRMINGHAM,B3 2DX,31/05/2021,41100 - Development of building projects,13429846
R01243,BRAVO EIGHT GROUP LIMITED,"63 HIGHFIELD ROAD, SALTLEY",BIRMINGHAM,B8 3QE,01/06/2021,68209 - Other letting and operating of own or leased real estate,13432189
R01244,ASTLEY ROOMS LTD,"369 HAGLEY ROAD WEST, QUINTON",BIRMINGHAM,B32 2AL,01/06/2021,68100 - Buying and selling of own real estate,13432618
R01245,BEST BEAUTY 88 LTD,"UNIT B 107 THE ARCADIAN, 70 HURST STREET",BIRMINGHAM,B5 4TD,03/06/2021,47190 - Other retail sale in non-specialised stores,13437514
R01246,BROMFORD APPLIANCES LTD,"354 BROMFORD LANE, WASHWOOD HEATH",BIRMINGHAM,B8 2RZ,09/06/2021,47799 - Retail sale of other second-hand goods in stores (not incl. antiques),13447095
R01247,AMG CIVILS LIMITED,"THE COTTAGE MONWODE  LEA LANE, OVER WHITACRE",BIRMINGHAM,B46 2NP,09/06/2021,43290 - Other construction installation,13447932
R01248,ABU MAZEN TRADING LTD,"6 CARRINGTON TERRACE, OFF CARRINGTON STREET, PENDLEBURY, SWINTON",MANCHESTER,M27 8BJ,14/06/2021,33200 - Installation of industrial machinery and equipment,13455130
R01249,ARAN MOTORS LTD,20 CRABTREE ROAD,BIRMINGHAM,B18 7HP,15/06/2021,45112 - Sale of used cars and light motor vehicles,13456441
R01250,BIRMINGHAM MAINTENANCE SERVICES LTD,310 SLADE ROAD,BIRMINGHAM,B23 7LU,17/06/2021,43210 - Electrical installation,13461146
R01251,BEAUTY BOOSTERS AESTHETICS LTD,15 RYMOND ROAD,BIRMINGHAM,B34 6BU,20/06/2021,46900 - Non-specialised wholesale trade,13466623
R01252,ALHAMD PROPERTIES LTD,49 SPRINGBRIDGE ROAD,MANCHESTER,M16 8PW,22/06/2021,68100 - Buying and selling of own real estate,13470807
R01253,ACHEL GROUP LTD,"CARDINAL HOUSE, 20 ST. MARYS PARSONAGE",MANCHESTER,M3 2LY,23/06/2021,73110 - Advertising agencies,13472936
R01254,AKA MANCHESTER LTD,"UNIT 1, ST JAMES TOWER, 7 CHARLOTTE STREET",MANCHESTER,M1 4DZ,23/06/2021,56101 - Licensed restaurants,13473149
R01255,ASK RETROFIT-UK LIMITED,"204 KENDAL RISE ROAD, REDNAL",BIRMINGHAM,B45 9PS,28/06/2021,74901 - Environmental consulting activities,13480550
R01256,AGILE PLANNING LTD,26 ASHOVER AVENUE,MANCHESTER,M12 5FW,28/06/2021,70229 - Management consultancy activities other than financial management,13481742
R01257,AJS PROPERTIES INVESTMENT LTD,"UNIT 8, 1ST FLOOR 37-49, DEVONSHIRE STREET NORTH",MANCHESTER,M12 6JR,28/06/2021,68100 - Buying and selling of own real estate,13481852
R01258,BETTER WORLD CARE LTD,"MTM 3RD FLOOR, 82 KING STREET",MANCHESTER,M2 4WQ,01/07/2021,86900 - Other human health activities,13487151
R01259,ATHB TECHNOLOGIES LTD,"5-7 OXFORD PLACE, OXFORD PLACE",MANCHESTER,M14 5SF,13/07/2021,41201 - Construction of commercial buildings,13507235
R01260,BARCX LTD,23 RADIUM STREET,MANCHESTER,M4 6AY,16/07/2021,41100 - Development of building projects,13515833
R01261,BREEZE STRATEGIC SERVICES LIMITED,"UNITS B & C BROADLINK, MIDDLETON",MANCHESTER,M24 1UB,22/07/2021,64999 - Financial intermediation not elsewhere classified,13525128
R01262,ALBION COMPLIANCE LIMITED,81 STOUR STREET,BIRMINGHAM,B18 7AJ,23/07/2021,33190 - Repair of other equipment,13527031
R01263,BINARY MANAGED SOLUTIONS LTD,"BINARY MANAGED SOLUTIONS LTD BARTLE HOUSE, 9 OXFORD COURT",MANCHESTER,M2 3WQ,28/07/2021,61100 - Wired telecommunications activities,13534346
R01264,BREAD WIN LTD,"BRULIMAR HOUSE JUBILEE ROAD, MIDDLETON",MANCHESTER,M24 2LX,29/07/2021,96090 - Other service activities n.e.c.,13538215
R01265,ARYSA LTD,60 WEOLEY PARK ROAD,BIRMINGHAM,B29 6RB,30/07/2021,86230 - Dental practice activities,13541141
R01266,ABTS CONSULTANCY LTD,"12 THE TUBE BUSINESS CENTRE, 86 NORTH STREET",MANCHESTER,M8 8RA,02/08/2021,62020 - Information technology consultancy activities,13542730
R01267,AP TRAVEL LIMITED,"YEW TREE BUSINESS HUB, 153 YEW TREE LANE, YARDLEY",BIRMINGHAM,B26 1AY,04/08/2021,49390 - Other passenger land transport,13547563
R01268,BROW LIFE LIMITED,"813 MANCHESTER OLD ROAD, MIDDLETON",MANCHESTER,M24 4RE,07/08/2021,96020 - Hairdressing and other beauty treatment,13553975
R01269,AK INVESTMENT PORTFOLIO LTD,140 CHEETHAM HILL ROAD,MANCHESTER,M8 8PZ,12/08/2021,68100 - Buying and selling of own real estate,13561615
R01270,ABBS 3 PROPERTIES LIMITED,"HARPAL HOUSE 14 HOLYHEAD ROAD, HANDSWORTH",BIRMINGHAM,B21 0LT,13/08/2021,68209 - Other letting and operating of own or leased real estate,13564518
R01271,ALERHIIA LTD,"22A EDGE LANE, EDGE LANE",MANCHESTER,M21 9JF,16/08/2021,46420 - Wholesale of clothing and footwear,13567024
R01272,BEDI HOLDCO LTD,28 CARVER STREET,BIRMINGHAM,B1 3AS,18/08/2021,64209 - Activities of other holding companies n.e.c.,13573201
R01273,ADVANCED NATIONWIDE LIMITED,63 TEMPLE ROW,BIRMINGHAM,B2 5LS,20/08/2021,62090 - Other information technology service activities,13575944
R01274,ASSET REALM HOLDINGS LTD,3 CHATSWORTH ROAD,MANCHESTER,M18 7AF,23/08/2021,68100 - Buying and selling of own real estate,13580219
R01275,AKS SURGICAL SERVICES LIMITED,"THE LEXICON SECOND FLOOR, MOUNT STREET",MANCHESTER,M2 5NT,24/08/2021,86210 - General medical practice activities,13583679
R01276,ADBRIDGE ESTATE MANAGEMENT LIMITED,"UNIT 1E, BROMSGROVE HOUSE, 88 BROMSGROVE STREET",BIRMINGHAM,B5 6AJ,25/08/2021,68209 - Other letting and operating of own or leased real estate,13586014
R01277,ASR LEGAL SERVICES LTD,"C/O ECOTAX SUITE 2,  GROUND FLOOR, 435 CHEETHAM HILL ROAD",MANCHESTER,M8 0PF,26/08/2021,96090 - Other service activities n.e.c.,13588726
R01278,ALL SPARES247 LIMITED,"1137 PERSHORE ROAD, STIRCHLEY",BIRMINGHAM,B30 2YJ,01/09/2021,99999 - Dormant Company,13597310
R01279,AHMAD ALI AND CO TRADING LTD,74 LOWER DARTMOUTH STREET,BIRMINGHAM,B9 4LA,02/09/2021,47710 - Retail sale of clothing in specialised stores,13599475
R01280,AS HOLDINGS OF LEEDS LIMITED,53 FLOYD AVENUE,MANCHESTER,M21 7WG,04/09/2021,45112 - Sale of used cars and light motor vehicles,13602564
R01281,AAWM DELIVERY SERVICES LIMITED,40 SHELDON HEATH ROAD,BIRMINGHAM,B26 2DH,06/09/2021,52290 - Other transportation support activities,13604899
R01282,ALLAMAGAN SHOP LTD,"UNIT 11A 332-334 COVENTRY ROAD, SMALL HEATH",BIRMINGHAM,B10 0XE,06/09/2021,47190 - Other retail sale in non-specialised stores,13605695
R01283,BEST TRANSMISSION LTD,"2-4 BATH WALK, BALSAL HEATH",BIRMINGHAM,B12 9RH,10/09/2021,45200 - Maintenance and repair of motor vehicles,13614181
R01284,ASI ENTERPRISE LIMITED,245 BURNAGE LANE,MANCHESTER,M19 1FN,10/09/2021,47910 - Retail sale via mail order houses or via Internet,13615039
R01285,AZIMI BUILDING SERVICES LTD,1 SHEEN ROAD,BIRMINGHAM,B44 9PH,13/09/2021,41202 - Construction of domestic buildings,13617539
R01286,ABDUL MAJID & SONS HOLDING LTD,103 SPRINGFIELD ROAD,BIRMINGHAM,B13 9NN,14/09/2021,68100 - Buying and selling of own real estate,13621547
R01287,AEU PROPERTIES LTD,"7 JENNY STREET, WORSLEY",MANCHESTER,M28 3ZJ,15/09/2021,68100 - Buying and selling of own real estate,13622972
R01288,BLACK TOWER RENOVATIONS LTD,"1A DAVYHULME CIRCLE, URMSTON",MANCHESTER,M41 0ST,15/09/2021,68100 - Buying and selling of own real estate,13623672
R01289,APIMIRAB LTD,"UNIT 7, 73 SHERBORNE STREET",MANCHESTER,M8 8NU,16/09/2021,"47990 - Other retail sale not in stores, stalls or markets",13625448
R01290,BEC WINTER FUNLAND LTD,"651A MAULDETH ROAD WEST, CHORLTON",MANCHESTER,M21 7SA,17/09/2021,82301 - Activities of exhibition and fair organisers,13627697
R01291,AFTAB PROPERTIES LTD,10 PARK PLACE,MANCHESTER,M4 4EY,20/09/2021,68100 - Buying and selling of own real estate,13632618
R01292,BLACK PEARL TOUR PRODUCTION LTD,"HORTON HOUSE 2 URMSTON LANE, STRETFORD",MANCHESTER,M32 9BP,21/09/2021,90020 - Support activities to performing arts,13634108
R01293,ASB ACCOUNTANCY LTD,"1ST FLOOR, 305, BIRCHFIELD ROAD",BIRMINGHAM,B20 3BX,21/09/2021,69201 - Accounting and auditing activities,13634230
R01294,AMORE DATI LTD,"INITIAL BUSINESS CENTRE UNIT 7, WILSON BUSINESS PARK",MANCHESTER,M40 8WN,23/09/2021,"47990 - Other retail sale not in stores, stalls or markets",13638156
R01295,AIRLEY HEALTHCARE LIMITED,"67 WINDSOR ROAD, PRESTWICH",MANCHESTER,M25 0DB,23/09/2021,47730 - Dispensing chemist in specialised stores,13639559
R01296,ANAVRIN ACCOUNTANTS LTD,10 BICKLEY GROVE,BIRMINGHAM,B26 3DH,23/09/2021,69201 - Accounting and auditing activities,13640163
R01297,ATOZ HEALTH LTD,74 PALATINE ROAD,MANCHESTER,M20 3JW,23/09/2021,46460 - Wholesale of pharmaceutical goods,13640404
R01298,BRB TRADING LIMITED,"BIRMINGHAM ROYAL BALLET, THORP STREET",BIRMINGHAM,B5 4AU,24/09/2021,47910 - Retail sale via mail order houses or via Internet,13641651
R01299,B1 TOPGEAR MOTORS LTD,10-12 FLORENCE STREET,BIRMINGHAM,B1 1NX,24/09/2021,45200 - Maintenance and repair of motor vehicles,13642741
R01300,BDR 27 LTD,"66 HAGLEY ROAD, EDGBASTON",BIRMINGHAM,B16 8PF,29/09/2021,82990 - Other business support service activities n.e.c.,13650419
R01301,AM PROPERTIES MCR LTD,10 ROBERT STREET,MANCHESTER,M3 1EY,04/10/2021,68100 - Buying and selling of own real estate,13658463
R01302,ANVIL IRONCRAFT LTD,"95 CHURCH ROAD, ERDINGTON",BIRMINGHAM,B24 9BE,07/10/2021,25110 - Manufacture of metal structures and parts of structures,13666271
R01303,BRICK-IT LTD,"C/O MICHAEL HEAVEN & ASSOCIATES LIMITED 47 CALTHORPE ROAD, EDGBASTON",BIRMINGHAM,B15 1TH,12/10/2021,41100 - Development of building projects,13674276
R01304,BOYD PEILL PROPERTIES LTD,"2ND FLOOR, GROVE HOUSE 774-780 WILMSLOW ROAD, DIDSBURY",MANCHESTER,M20 2DR,14/10/2021,68100 - Buying and selling of own real estate,13678500
R01305,AL-QASIMI FOR WELLBEING AND EDUCATION UK LTD,6 THORNHOLME CLOSE,MANCHESTER,M18 7RL,19/10/2021,85600 - Educational support services,13687908
R01306,BOURNVILLE VILLAGE ENTERPRISES LIMITED,"350 BOURNVILLE LANE, BOURNVILLE",BIRMINGHAM,B30 1QY,20/10/2021,68201 - Renting and operating of Housing Association real estate,13692743
R01307,ANGELICAL FASHION LTD,53 PRIESTLEY ROAD,BIRMINGHAM,B11 1RW,21/10/2021,14190 - Manufacture of other wearing apparel and accessories n.e.c.,13695867
R01308,BELFAST CITYSIDE ASSETS LIMITED,"1ST FLOOR RICO HOUSE GEORGE STREET, PRESTWICH",MANCHESTER,M25 9WS,22/10/2021,68209 - Other letting and operating of own or leased real estate,13698888
R01309,APIDEX LIMITED,"FLAT 11 PAKENHAM VILLAGE, 11 GILLDOWN PLACE",BIRMINGHAM,B15 2LR,26/10/2021,49410 - Freight transport by road,13705202
R01310,BLESSINGS PROPERTY LIMITED,"46/47 5/F, THE WHITEHOUSE, 111 NEW STREET",BIRMINGHAM,B2 4EU,27/10/2021,68100 - Buying and selling of own real estate,13706897
R01311,AL-OULA AL-ALAMIA FOR INDUSTRY LTD,"UNIT 7 INITIAL BUSINESS CENTER, WILSON BUSINESS PARK",MANCHESTER,M40 8WN,01/11/2021,96090 - Other service activities n.e.c.,13714437
R01312,A 2 B ALLOYS LTD,"76 FACTORY STREET WEST, ATHERTON",MANCHESTER,M46 0EF,01/11/2021,45320 - Retail trade of motor vehicle parts and accessories,13715040
R01313,A-W GARAGE LTD,1 PINNER PLACE,MANCHESTER,M19 1JL,01/11/2021,45200 - Maintenance and repair of motor vehicles,13715706
R01314,AURORA KITCHEN LTD,"368 STRATFORD ROAD, SPARKHILL",BIRMINGHAM,B11 4AB,02/11/2021,"46170 - Agents involved in the sale of food, beverages and tobacco",13717540
R01315,ABDALLAH ZAKI ABDALLAH ABU-HADHOUD FOR TRADING LTD,"UNIT 7 INITIAL BUSINESS CENTER, WILSON BUSINESS PARK",MANCHESTER,M40 8WN,04/11/2021,46900 - Non-specialised wholesale trade,13722924
R01316,ARGYL GROUP LIMITED,"ARCA, TEMPLE ROW",BIRMINGHAM,B2 5AF,05/11/2021,55100 - Hotels and similar accommodation,13725213
R01317,ABSHIR FARS LIMITED,414 MOSELEY ROAD,BIRMINGHAM,B12 9AT,05/11/2021,56102 - Unlicensed restaurants and cafes,13726868
R01318,ADS BOUNCY CASTLES LTD,"UNIT B24, LORD NORTH STREET",MANCHESTER,M40 2HJ,08/11/2021,93290 - Other amusement and recreation activities n.e.c.,13728268
R01319,A KUMAR PROPERTIES LIMITED,"1 HARDMAN STREET, SPINNINGFIELDS",MANCHESTER,M3 3HF,08/11/2021,68100 - Buying and selling of own real estate,13728423
R01320,AKL CONSTRUCTIONS AND TRADING LTD,"FLAT 10,, 151 BOUNDARY LANE",MANCHESTER,M15 6JN,08/11/2021,41202 - Construction of domestic buildings,13730271
R01321,AA ADAMS PROPERTY INVESTMENT LTD,9-11 VITTORIA STREET,BIRMINGHAM,B1 3ND,09/11/2021,68100 - Buying and selling of own real estate,13732595
R01322,BAYT AL FANN LTD,324 DICKENSON ROAD,MANCHESTER,M13 0NG,10/11/2021,47781 - Retail sale in commercial art galleries,13735688
R01323,ASH TEACHING LIMITED,"THE LEXICON SECOND FLOOR, MOUNT STREET",MANCHESTER,M2 5NT,11/11/2021,85590 - Other education n.e.c.,13736932
R01324,AUTUMN ROSE HAIR & BEAUTY LTD,"26 EGGHILL LANE, NORTHFIELD",BIRMINGHAM,B31 5NR,16/11/2021,96020 - Hairdressing and other beauty treatment,13745985
R01325,BONDWEST LTD,"305 KINGSTANDING ROAD KINGSTANDING ROAD, KINGSTANDING",BIRMINGHAM,B44 9TH,16/11/2021,"74909 - Other professional, scientific and technical activities n.e.c.",13746925
R01326,AMAZING GRACE SOCIAL CARE LIMITED,21 HILLEND ROAD,MANCHESTER,M23 0LL,18/11/2021,99999 - Dormant Company,13751911
R01327,BAMBOO PROPERTY HOLDINGS LTD,20 CORNFIELD ROAD,BIRMINGHAM,B31 2EB,18/11/2021,68100 - Buying and selling of own real estate,13752067
R01328,BIK TRANSPORT LTD,"295 YARDLEY ROAD, YARDLEY",BIRMINGHAM,B25 8NA,18/11/2021,49410 - Freight transport by road,13752597
R01329,BIRMINGHAM PROPERTIES CONSULTANT LIMITED,"UNIT 6 & 7 CENTURY PARK GARRISON LANE, BORDESLEY GREEN",BIRMINGHAM,B9 4NZ,22/11/2021,68209 - Other letting and operating of own or leased real estate,13758402
R01330,ARMAGARD HOLDINGS LTD,"UNIT 9, FORTNUM CLOSE",BIRMINGHAM,B33 0LG,24/11/2021,64209 - Activities of other holding companies n.e.c.,13762996
R01331,AL ROWAD FOR INVESTMENT LTD,"UNIT 7 INITIAL BUSINESS CENTER, WILSON BUSINESS PARK",MANCHESTER,M40 8WN,27/11/2021,96090 - Other service activities n.e.c.,13768989
R01332,ASSURE SUPPORT LTD,323 HARBORNE LANE,BIRMINGHAM,B17 0NT,29/11/2021,68209 - Other letting and operating of own or leased real estate,13771511
R01333,BRICKFIELD HOUSE RM4 NO.3 LIMITED,"APARTMENT 18 ATLAS COURT, 75 HEALD GROVE",MANCHESTER,M14 4AP,29/11/2021,68100 - Buying and selling of own real estate,13772322
R01334,AIR CORP INDUSTRIES LIMITED,"UNIT 7 INITIAL BUSINESS CENTER, WILSON BUSINESS PARK",MANCHESTER,M40 8WN,02/12/2021,96090 - Other service activities n.e.c.,13777550
R01335,ALSHORAFA LTD,"UNIT 7 INITIAL BUSINESS CENTER, WILSON BUSINESS PARK",MANCHESTER,M40 8WN,02/12/2021,46900 - Non-specialised wholesale trade,13778921
R01336,BOLD LABEL LTD,"39 NORTHCOTE AVENUE, WYTHENSHAWE",MANCHESTER,M22 9AJ,06/12/2021,47710 - Retail sale of clothing in specialised stores,13783417
R01337,A & R HEALTHCARE LTD,26 DENISON ROAD,MANCHESTER,M14 5SQ,06/12/2021,86230 - Dental practice activities,13784809
R01338,AASSH GLOBAL LTD,587 KINGSWAY,MANCHESTER,M19 1RA,06/12/2021,47910 - Retail sale via mail order houses or via Internet,13785120
R01339,BEAUTY ZONE HAIR & COSMETICS LTD,"UNIT 26, ONE STOP SHOPPING CENTRE WALSALL ROAD, PERRY BARR",BIRMINGHAM,B42 1AA,07/12/2021,47750 - Retail sale of cosmetic and toilet articles in specialised stores,13786441
R01340,AUTISM ASSESSORS LTD,9 PAINSWICK ROAD,BIRMINGHAM,B28 0HE,08/12/2021,86900 - Other human health activities,13789473
R01341,ATTENTIVE MOBILE UK LTD,"SQUIRE PATTON BOGGS (UK) LLP (REF: CSU), 19 CORNWALL STREET",BIRMINGHAM,B3 2DX,10/12/2021,58290 - Other software publishing,13794151
R01342,ASSESSORS DIRECT LTD,"369 HAGLEY ROAD WEST, QUINTON",BIRMINGHAM,B32 2AL,10/12/2021,96090 - Other service activities n.e.c.,13794310
R01343,ANAJI TRADING LTD,22 22 CONSTANCE ROAD,BIRMINGHAM,B5 7RB,13/12/2021,47540 - Retail sale of electrical household appliances in specialised stores,13796066
R01344,ABU MAZEN MINI MARKET LTD,"105 GREAME ST, MOSSSIDE",MANCHESTER,M14 4RN,17/12/2021,"46170 - Agents involved in the sale of food, beverages and tobacco",13806546
R01345,BAWABAT AL HULOOL LTD,"UNIT 7, INITIAL BUSINESS CENTER, WILSON BUSINESS PA",MANCHESTER,M40 8WN,19/12/2021,96090 - Other service activities n.e.c.,13807906
R01346,BLOOVI LTD,"UNIT 7, INITIAL BUSINESS CENTER, WILSON BUSINESS PARK",MANCHESTER,M40 8WN,20/12/2021,96090 - Other service activities n.e.c.,13808042
R01347,AL QADIR LTD,"UNIT 7, INITIAL BUSINESS CENTER, WILSON BUSINESS PARK",MANCHESTER,M40 8WN,20/12/2021,96090 - Other service activities n.e.c.,13808092
R01348,BRIERSTONE MELTHAM LIMITED,"C/O WILLIAMSON & CROFT YORK HOUSE, 20 YORK STREET",MANCHESTER,M2 3BB,20/12/2021,41100 - Development of building projects,13808912
R01349,ABI'S CARE SOLUTIONS LTD,"17 GRANTHAM CRESCENT, ECCLES",MANCHESTER,M30 0ZB,21/12/2021,86102 - Medical nursing home activities,13810785
R01350,BCD TRANSPORT & DISTRIBUTION LTD,"CEDAR HOUSE 123 WORSLEY ROAD, WORSLEY",MANCHESTER,M28 2WG,23/12/2021,49410 - Freight transport by road,13816792
R01351,AL-OULA TRADING & INVESTMENT COMPANY LTD,"UNIT 7 INITIAL BUSINESS CENTER, WILSON BUSINESS PARK",MANCHESTER,M40 8WN,24/12/2021,96090 - Other service activities n.e.c.,13818038
R01352,BLACKMONT STRATEGIC ADVISORY LTD,548A WILBRAHAM ROAD,MANCHESTER,M21 9LB,29/12/2021,66190 - Activities auxiliary to financial intermediation n.e.c.,13820359
R01353,BIG BUCKS LIMITED,"UNIT 7 INITIAL BUSINESS CENTER, WILSON BUSINESS PARK",MANCHESTER,M40 8WN,29/12/2021,96090 - Other service activities n.e.c.,13820388
R01354,AL-ABWAB AL-TAKHASSUSIYA FOR CONTRACTING LTD,"UNIT 7 INITIAL BUSINESS CENTER, WILSON BUSINESS PARK",MANCHESTER,M40 8WN,30/12/2021,96090 - Other service activities n.e.c.,13822771
R01355,AQUAGREY HEALTH LTD,"FLAT 68 WICKETS TOWER, 2 WYATT CLOSE",BIRMINGHAM,B5 7TL,03/01/2022,"87200 - Residential care activities for learning difficulties, mental health and substance abuse",13825449
R01356,AXEL KONSTRUCTION LIMITED,16 BASFORD ROAD,MANCHESTER,M16 0GE,05/01/2022,41100 - Development of building projects,13830659
R01357,ADZIYO LTD,"28 MANNERING STREET, MANCHESTER M18 7SW UNITED KINGDOM",MANCHESTER,M18 7SW,07/01/2022,47910 - Retail sale via mail order houses or via Internet,13834279
R01358,BFS RESOURCES LIMITED,"30 LAWNHURST AVENUE, WYTHENSHAWE",MANCHESTER,M23 9RY,10/01/2022,47190 - Other retail sale in non-specialised stores,13837672
R01359,AB PHARMA SERVICES LTD,"2 YORK STREET, LEVENSHULME",MANCHESTER,M19 3YS,10/01/2022,47730 - Dispensing chemist in specialised stores,13839442
R01360,ACRUX GLOBAL LTD,"FORMER AMBULANCE STATION, HENRIETTA STREET",BIRMINGHAM,B19 3QE,24/01/2022,68209 - Other letting and operating of own or leased real estate,13866378
R01361,BILLICANN HOLDINGS LIMITED,"INTERNATIONAL HOUSE THE MCLAREN BUILDING, 46 THE PRIORY QUEENSWAY",BIRMINGHAM,B4 7LR,25/01/2022,64209 - Activities of other holding companies n.e.c.,13869463
R01362,AJK INNOVATIONS LTD,"90 WHITEHALL ROAD, SMALL HEATH",BIRMINGHAM,B9 5EH,25/01/2022,62020 - Information technology consultancy activities,13871710
R01363,ASG ELECTRICAL NORTH WEST LIMITED,"BRITANNIC HOUSE 657 LIVERPOOL ROAD, IRLAM",MANCHESTER,M44 5XD,03/02/2022,43210 - Electrical installation,13890407
R01364,BOREALIS PROPERTIES LTD,"GROSVENOR HOUSE DOWNCAST WAY, SWINTON",MANCHESTER,M27 8UW,03/02/2022,68100 - Buying and selling of own real estate,13892812
R01365,AB FIRE SAFETY SERVICES LTD,"26 26 THE GREEN, KINGS NORTON",BIRMINGHAM,B38 8SD,04/02/2022,96090 - Other service activities n.e.c.,13895128
R01366,ABDUL SAMAD LTD,12 TIRZA AVENUE,MANCHESTER,M19 2JY,07/02/2022,86900 - Other human health activities,13899032
R01367,ADAM DALY ELECTRICIAN LTD,"9 WAYNE CLOSE, DROYLSDEN",MANCHESTER,M43 7LQ,08/02/2022,43210 - Electrical installation,13902536
R01368,ANSTEE INDICATION SYSTEMS LIMITED,"HOLBECHE HOUSE SHIRLEY ROAD, ACOCKS GREEN",BIRMINGHAM,B27 7NX,09/02/2022,25940 - Manufacture of fasteners and screw machine products,13904476
R01369,AL MAHA HOLDING LIMITED,"APARTMENT 18 ATLAS COURT, 75 HEALD GROVE",MANCHESTER,M14 4AP,20/02/2022,68100 - Buying and selling of own real estate,13927437
R01370,ASTRAL SEARCH LIMITED,"8TH FLOOR, NO. 1 SPINNINGFIELDS, HARDMAN SQUARE",MANCHESTER,M3 3EB,21/02/2022,78109 - Other activities of employment placement agencies,13929560
R01371,AIB RISK SOLUTIONS LTD,"C/O DJH ST GEORGES HOUSE, 56 PETER STREET",MANCHESTER,M2 3NQ,23/02/2022,66220 - Activities of insurance agents and brokers,13935864
R01372,A &CEE COMPANY LTD,15-17 BIRCHFIELD ROAD,BIRMINGHAM,B19 1SU,23/02/2022,"87200 - Residential care activities for learning difficulties, mental health and substance abuse",13936733
R01373,BAKER MOTOR SERVICES LTD,"428 STOCKFIELD ROAD, YARDLEY",BIRMINGHAM,B25 8JJ,24/02/2022,45200 - Maintenance and repair of motor vehicles,13939576
R01374,BLOOM PROPERTY GROUP LIMITED,13 FRANCIS ROAD,MANCHESTER,M20 4XP,25/02/2022,68100 - Buying and selling of own real estate,13942313
R01375,BE BROADCAST LTD,"CITY TOWER 13TH FLOOR, PICCADILLY PLAZA",MANCHESTER,M1 4BT,28/02/2022,70210 - Public relations and communications activities,13943682
R01376,BOHEMIAN ENTERPRISES LTD,305 BROOKLANDS ROAD,MANCHESTER,M23 9HE,03/03/2022,"47990 - Other retail sale not in stores, stalls or markets",13951866
R01377,AR DREAM SECURITY LTD,"37 WOODSTOCK ROAD, MOSTON",MANCHESTER,M40 0DU,03/03/2022,80100 - Private security activities,13952878
R01378,BERKLEY HEATH LTD,2 REDSTONE ROAD,MANCHESTER,M19 1RB,03/03/2022,69201 - Accounting and auditing activities,13952879
R01379,AROSE MATEU LTD,"2 PRINCETHORPE ROAD, WEOLEY CASTLE",BIRMINGHAM,B29 5PX,04/03/2022,96090 - Other service activities n.e.c.,13954473
R01380,BAJWA FONE HOUSE LTD,371 BORDESLEY GREEN,BIRMINGHAM,B9 5RP,04/03/2022,47421 - Retail sale of mobile telephones,13956032
R01381,AKAAL RESIDENCES LTD,"C/O NASEEMS 104 STONEY LANE, BALSALL HEATH",BIRMINGHAM,B12 8AF,07/03/2022,68100 - Buying and selling of own real estate,13959723
R01382,BELLS PROPERTY GROUP LTD,7 NORTHANGER ROAD,BIRMINGHAM,B27 7RG,11/03/2022,68209 - Other letting and operating of own or leased real estate,13972248
R01383,ARCHER BRICK & STONE LTD,"77 SCHOOL LANE, DIDSBURY",MANCHESTER,M20 6WN,16/03/2022,43390 - Other building completion and finishing,13981172
R01384,BROOD MAGAZINE LIMITED,"UNIT 7, PENNY BLACK CHAMBERS BARTON ROAD, WORSLEY",MANCHESTER,M28 2PD,16/03/2022,58142 - Publishing of  consumer and business journals and periodicals,13981913
R01385,73 PROJECTS LTD,"35 DROYLSDEN WHARF ROAD, DROYLSDEN",MANCHESTER,M43 6SR,16/03/2022,62020 - Information technology consultancy activities,13982219
R01386,BESPOCO INNOVATIONS LIMITED,"UNIT 31 BIRMINGHAM NEW STREET STATION, SMALLBROOK QUEENSWAY",BIRMINGHAM,B2 4QE,21/03/2022,31090 - Manufacture of other furniture,13992831
R01387,A&M AUTO INSTALLATION LTD,"166-188 SION STREET, RADCLIFFE",MANCHESTER,M26 3SB,22/03/2022,43210 - Electrical installation,13995371
R01388,ANDREW CHEUNG CONSULTING LTD,"UNIT 3A WING YIP CENTRE, 278 THIMBLE MILL LANE",BIRMINGHAM,B7 5HD,22/03/2022,"46170 - Agents involved in the sale of food, beverages and tobacco",13996001
R01389,ACME ENTERPRISE LTD,"43B FORMANS ROAD, SPARKHILL",BIRMINGHAM,B11 3AA,25/03/2022,56103 - Take-away food shops and mobile food stands,14002582
R01390,A&P HOLDINGS NW LTD,2 HOLLAND ROAD,MANCHESTER,M8 4NP,30/03/2022,68100 - Buying and selling of own real estate,14011432
R01391,AVEN HOME LTD,"GROSVENOR HOUSE, 11 ST. PAULS SQUARE",BIRMINGHAM,B3 1RB,01/04/2022,68209 - Other letting and operating of own or leased real estate,14018856
R01392,AIBL PRIMA LTD,"IVY MILL BUSINESS CENTRE, IVY MILL CROWN STREET, FAILSWORTH",MANCHESTER,M35 9BD,04/04/2022,41100 - Development of building projects,14022871
R01393,ABABEEL HOTEL LIMITED,"ABABEEL HOTEL 1069 WARWICK ROAD, ACOCKS GREEN",BIRMINGHAM,B27 6QT,05/04/2022,55100 - Hotels and similar accommodation,14028253
R01394,A2 STARSHINE LTD,5 WEAVING WAY,MANCHESTER,M18 7SX,09/04/2022,47910 - Retail sale via mail order houses or via Internet,14037244
R01395,75 DEGREE BAKERY LTD,"BENBENBEARDIMSUM, 77 ADDISON CRESCENT",MANCHESTER,M16 0LZ,11/04/2022,96090 - Other service activities n.e.c.,14038017
R01396,ALLCALL SERVICES LTD,"SUITE 5B, MACLAREN HOUSE TALBOT ROAD, STRETFORD",MANCHESTER,M32 0FP,11/04/2022,98000 - Residents property management,14038925
R01397,A&C BRIGHT HOMES LIMITED,83 EDENHALL ROAD,BIRMINGHAM,B32 1DE,12/04/2022,68209 - Other letting and operating of own or leased real estate,14042727
R01398,AZIZI MANAGEMENT LTD,184 CHEETHAM HILL ROAD,MANCHESTER,M8 8LQ,13/04/2022,70229 - Management consultancy activities other than financial management,14045114
R01399,ARAMKAO LTD,"8 OAK AVENUE, MIDDLETON",MANCHESTER,M24 1DS,14/04/2022,68100 - Buying and selling of own real estate,14049454
R01400,ACO ACCOUNTING SERVICES LTD,"22 SHEARWATER DRIVE, WORSLEY",MANCHESTER,M28 0AH,17/04/2022,69202 - Bookkeeping activities,14050594
R01401,1STINCARE LTD,998 STOCKPORT ROAD,MANCHESTER,M19 3WN,18/04/2022,78109 - Other activities of employment placement agencies,14050792
R01402,AERO STAYS LTD,"ONYX HOUSE 12 PHOENIX BUSINESS PARK, AVENUE CLOSE",BIRMINGHAM,B7 4NU,19/04/2022,55100 - Hotels and similar accommodation,14053523
R01403,A-Z HUNTERS MANAGEMENT LIMITED,"8 THE BOATSTEPS BARTON ROAD, WORSLEY",MANCHESTER,M28 2PB,19/04/2022,68100 - Buying and selling of own real estate,14053674
R01404,ALI ABDIN IDRISS FOR TRADING LTD,"UNIT 7, INITIAL BUSINESS CENTER, WILSON BUSINESS PA",MANCHESTER,M40 8WN,20/04/2022,46900 - Non-specialised wholesale trade,14055226
R01405,24 HOURS CARE SUPPORT LTD,82 HAIGH CRESCENT,BIRMINGHAM,B23 5UN,22/04/2022,99999 - Dormant Company,14063028
R01406,ADEN TRADING LTD,2 RYEBANK CLOSE,BIRMINGHAM,B30 1SN,22/04/2022,46900 - Non-specialised wholesale trade,14063509
R01407,AHRA INVESTMENTS LTD,"2 WHEELEYS ROAD, EDGBASTON",BIRMINGHAM,B15 2LD,25/04/2022,41100 - Development of building projects,14065196
R01408,AZIZ HOMES LTD,98 WAKE GREEN ROAD,BIRMINGHAM,B13 9PX,25/04/2022,68100 - Buying and selling of own real estate,14066608
R01409,ANPERA LIMITED,"7 STATION ROAD, HARBORNE",BIRMINGHAM,B17 9JT,26/04/2022,68209 - Other letting and operating of own or leased real estate,14069389
R01410,4 GLADESTONE ROAD LTD,"RICO HOUSE GEORGE STREET, PRESTWICH",MANCHESTER,M25 9WS,26/04/2022,68100 - Buying and selling of own real estate,14070110
R01411,AM PAINT&DEC LIMITED,44 GIVENDALE DRIVE,MANCHESTER,M8 4PZ,04/05/2022,41202 - Construction of domestic buildings,14084423
R01412,AIMANS FASHIONS LTD,34 LYTTON AVENUE,MANCHESTER,M8 0SQ,04/05/2022,47910 - Retail sale via mail order houses or via Internet,14086835
R01413,AC REAL ESTATES NW LTD,"2ND FLOOR - PARKGATES BURY NEW ROAD, PRESTWICH",MANCHESTER,M25 0TL,06/05/2022,68209 - Other letting and operating of own or leased real estate,14091345
R01414,APEX INK LTD,"17C VYSE STREET, HOCKLEY",BIRMINGHAM,B18 6LE,11/05/2022,90030 - Artistic creation,14099510
R01415,AKRASI MARKETING AND DESIGN LTD,"333 KINGS ROAD, KINGSTANDING",BIRMINGHAM,B44 0TF,16/05/2022,66120 - Security and commodity contracts dealing activities,14109554
R01416,BACCHUS CONVENIENCE STORE LIMITED,201 BACCHUS ROAD,BIRMINGHAM,B18 4RB,17/05/2022,"47110 - Retail sale in non-specialised stores with food, beverages or tobacco predominating",14112070
R01417,BLIVING LIMITED,"596 PERSHORE ROAD, SELLY PARK",BIRMINGHAM,B29 7HQ,18/05/2022,98000 - Residents property management,14116003
R01418,4TS CREATIVE LIMITED,"SUITE 46-47, FIFTH FLOOR THE WHITEHOUSE, 111 NEW STREET",BIRMINGHAM,B2 4EU,19/05/2022,68100 - Buying and selling of own real estate,14117212
R01419,BRIGHT LIFE LIVING (WOLVERHAMPTON) LTD,"PEAK HOUSE, FARM HOUSE WAY",BIRMINGHAM,B43 7SE,06/06/2022,87900 - Other residential care activities n.e.c.,14149944
R01420,AZ FONETEK LTD,37 METCOMBE WAY,MANCHESTER,M11 3BY,06/06/2022,47421 - Retail sale of mobile telephones,14151559
R01421,BREEZE HEALTHCARE LTD,156 GREAT CHARLES STREET QUEENSWAY,BIRMINGHAM,B3 3HN,07/06/2022,78200 - Temporary employment agency activities,14153775
R01422,AGYAD LIMITED,"5 ROSS AVENUE, WHITEFIELD",MANCHESTER,M45 7FH,09/06/2022,46310 - Wholesale of fruit and vegetables,14163376
R01423,AC HOUSING LTD,521 GREEN LANE,BIRMINGHAM,B9 5PT,13/06/2022,68209 - Other letting and operating of own or leased real estate,14167552
R01424,A & WHITE PROPERTIES LIMITED,"STUDIO 10, CLARKS COURTYARD, 145 GRANVILLE STREET",BIRMINGHAM,B1 1SB,13/06/2022,68209 - Other letting and operating of own or leased real estate,14169039
R01425,ALSECURE GUARDING LIMITED,"42 KANSAS AVENUE, SALFORD",MANCHESTER,M50 2GL,13/06/2022,80200 - Security systems service activities,14169203
R01426,ASCENT (NEWCASTLE) LIMITED,"1 HARDMAN STREET, SPINNINGFIELDS",MANCHESTER,M3 3HF,13/06/2022,47730 - Dispensing chemist in specialised stores,14169762
R01427,BIKANER SWEET CENTRE LIMITED,38 WHATELEY ROAD,BIRMINGHAM,B21 9JD,16/06/2022,47290 - Other retail sale of food in specialised stores,14176602
R01428,AM VICTUAL LTD,"167 HAGLEY ROAD, EDGBASTON",BIRMINGHAM,B16 8UQ,16/06/2022,56102 - Unlicensed restaurants and cafes,14177360
R01429,BONITA CARE LTD,"30 WORTHINGTON STREET, MOSTON",MANCHESTER,M40 0BB,16/06/2022,86900 - Other human health activities,14177948
R01430,AVON CARPENTRY LTD,10 AVON ROAD,MANCHESTER,M19 1FW,16/06/2022,31090 - Manufacture of other furniture,14178344
R01431,AZALEA CARE SERVICES LTD,"CIBA BUILDING SUITE 203I, 146 HAGLEY ROAD",BIRMINGHAM,B16 9NX,19/06/2022,87300 - Residential care activities for the elderly and disabled,14181248
R01432,BAHIA SELLING GROUP LIMITED,56 CRAYTHORNE AVENUE,BIRMINGHAM,B20 1LL,19/06/2022,56103 - Take-away food shops and mobile food stands,14181305
R01433,A&J BESPOKE MUSIC LTD,"FLAT 1, 26 EGERTON ROAD NORTH",MANCHESTER,M21 0SF,21/06/2022,59200 - Sound recording and music publishing activities,14185108
R01434,BRADA HOUSE LTD,"6 LYON GROVE, WORSLEY",MANCHESTER,M28 2RH,21/06/2022,68209 - Other letting and operating of own or leased real estate,14185764
R01435,BAGBLOXX LTD,28 KENSAL DRIVE,MANCHESTER,M20 2NE,22/06/2022,47190 - Other retail sale in non-specialised stores,14188329
R01436,ARCHFIT BEAUTY BY RABIA EHSAN LTD,93 GLENWOOD ROAD,BIRMINGHAM,B38 8HE,22/06/2022,96020 - Hairdressing and other beauty treatment,14189876
R01437,BELFAST CITYSIDE ASSETS (NO 3) LIMITED,"1ST FLOOR RICO HOUSE GEORGE STREET, PRESTWICH",MANCHESTER,M25 9WS,23/06/2022,68209 - Other letting and operating of own or leased real estate,14190437
R01438,AUTO SOLUTIONS MCR LTD,"UNIT 7, 2 MELBOURNE STREET",MANCHESTER,M9 4EH,24/06/2022,45200 - Maintenance and repair of motor vehicles,14195022
R01439,BEE BARBERS CUT LTD,149 GREAT ANCOATS STREET,MANCHESTER,M4 6DH,25/06/2022,96020 - Hairdressing and other beauty treatment,14195863
R01440,ACE EDUCATION MANCHESTER LTD,5 PARSONAGE,MANCHESTER,M3 2HS,29/06/2022,85310 - General secondary education,14203854
R01441,AVISHAN LTD,95 LONGBRIDGE LANE,BIRMINGHAM,B31 2UT,29/06/2022,"47110 - Retail sale in non-specialised stores with food, beverages or tobacco predominating",14204780
R01442,BALTI MACCLESFIELD LTD,139 WILBRAHAM ROAD,MANCHESTER,M14 7DS,30/06/2022,56101 - Licensed restaurants,14206960
R01443,BOURNBROOK SECRET WOODS LTD,1 COLMORE AVENUE,BIRMINGHAM,B14 6AN,19/07/2022,68100 - Buying and selling of own real estate,14243176
R01444,AMANOAH PROPERTIES LTD,165 WESTRIDGE ROAD,BIRMINGHAM,B13 0EB,20/07/2022,68209 - Other letting and operating of own or leased real estate,14247308
R01445,A VERMA INVESTMENTS LTD,161 WESTRIDGE ROAD,BIRMINGHAM,B13 0EB,27/07/2022,68209 - Other letting and operating of own or leased real estate,14260174
R01446,BLOOMLIGHT CREATIVE LTD,"82 ISLINGTON WHARF, 153 GREAT ANCOATS STREET",MANCHESTER,M4 6DN,01/08/2022,62090 - Other information technology service activities,14266900
R01447,ARSLAN SHAHID LTD,"18 CHURCH ROAD, SHELDON",BIRMINGHAM,B26 3TH,04/08/2022,78200 - Temporary employment agency activities,14277957
R01448,ARTDOTSAUCE LIMITED,"11 ALLISON STREET, DIGBETH",BIRMINGHAM,B5 5TH,09/08/2022,47710 - Retail sale of clothing in specialised stores,14284168
R01449,ACQUIRTAL LIMITED,"BEEVER AND STRUTHERS, ONE EXPRESS 1 GEORGE LEIGH STREET, ANCOATS",MANCHESTER,M4 5DL,10/08/2022,68100 - Buying and selling of own real estate,14288764
R01450,ATLANTIC PARAGON ESTATES LTD,7 LINGDALE WALK,MANCHESTER,M40 9BR,10/08/2022,74902 - Quantity surveying activities,14289363
R01451,ALEXANDRA RESIDENTIAL CARE LTD,163 KINGSWAY,MANCHESTER,M19 2ND,11/08/2022,87900 - Other residential care activities n.e.c.,14291293
R01452,A MUSLEH LTD,11 GERALDINE ROAD,BIRMINGHAM,B25 8BE,12/08/2022,43120 - Site preparation,14293872
R01453,ANYX SERVICES LIMITED,3 EXEL DRIVE,BIRMINGHAM,B11 3JG,23/08/2022,80100 - Private security activities,14312317
R01454,BELLS BUILDING & PLUMBING SERVICES LTD,53 PACKINGTON AVENUE,BIRMINGHAM,B34 7PB,23/08/2022,43390 - Other building completion and finishing,14312442
R01455,AL OULA HOLDING FOR TRADING LTD,"UNIT 7 INITIAL BUSINESS CENTRE, WILSON BUSINESS PARK",MANCHESTER,M40 8WN,23/08/2022,46900 - Non-specialised wholesale trade,14312854
R01456,BILGA ENTERPRISE LTD,"2 WHEELEYS ROAD, EDGBASTON",BIRMINGHAM,B15 2LD,30/08/2022,85530 - Driving school activities,14324403
R01457,AMROC LTD,"PICCADILLY BUSINESS CENTRE UNIT C ALDOW ENTERPRISE PARK, BLACKETT STREET",MANCHESTER,M12 6AE,02/09/2022,41100 - Development of building projects,14333858
R01458,ALL SEASON CAR HIRE LTD,153 SOMERVILLE ROAD,BIRMINGHAM,B10 9EY,02/09/2022,77110 - Renting and leasing of cars and light motor vehicles,14333921
R01459,AKHONDZADA GROUP LTD,"24 WELLSTOCK LANE, LITTLE HULTON",MANCHESTER,M38 9TX,09/09/2022,66120 - Security and commodity contracts dealing activities,14346597
R01460,ASTLEY CAR WASH LIMITED,"CHADDOCK LANE CHADDOCK LANE, TYLDESLEY",MANCHESTER,M29 7JY,09/09/2022,81299 - Other cleaning services,14348480
R01461,BAIG HEALTH LTD,249 CHURCH LANE,MANCHESTER,M9 4PA,11/09/2022,47730 - Dispensing chemist in specialised stores,14349756
R01462,BEAR SOUL LTD,"59B TURVES ROAD, CHEADLE HULME",MANCHESTER,SK8 6AE,13/09/2022,46420 - Wholesale of clothing and footwear,14353115
R01463,BILLIONAIRE BARBERS - TA IZZY LTD,"34 STAMFORD NEW ROAD, ALTRINCHAM",MANCHESTER,WA14 1EJ,15/09/2022,96020 - Hairdressing and other beauty treatment,14357620
R01464,ALMAK CONSTRUCTIONS LTD,"37-49 BASEMENT UNIT 1, DEVONSHIRE STREET NORTH",MANCHESTER,M12 6JR,16/09/2022,41202 - Construction of domestic buildings,14361948
R01465,BRADLEYS CONSULTANCY SERVICES LTD,"HILLVIEW SANDHILLS GREEN, ALVECHURCH",BIRMINGHAM,B48 7BT,22/09/2022,70229 - Management consultancy activities other than financial management,14371719
R01466,BHS CORP LTD,"FLAT 2 SMITHS YARD, 43 BLOSSOM STREET",MANCHESTER,M4 6AJ,23/09/2022,"47990 - Other retail sale not in stores, stalls or markets",14372306
R01467,AUGMENTED CONSULTING LTD,36 NEWTOWN STREET,MANCHESTER,M25 1HU,26/09/2022,58290 - Other software publishing,14375771
R01468,ALLERY HOLDINGS LIMITED,"PICCADILLY BUSINESS CENTRE, UNIT C ALDOW ENTERPRISE PARK",MANCHESTER,M12 6AE,26/09/2022,70229 - Management consultancy activities other than financial management,14377637
R01469,BIRRING CAPITAL LTD,"ONYX HOUSE 12 PHOENIX BUSINESS PARK, AVENUE CLOSE",BIRMINGHAM,B7 4NU,30/09/2022,82990 - Other business support service activities n.e.c.,14389495
R01470,BOSS REALTY LIMITED,"1201 VISTA RIVER GARDENS, WATER ST",MANCHESTER,M3 4GA,02/10/2022,68100 - Buying and selling of own real estate,14391840
R01471,AZAM AUTOS LIMITED,136 WYCHBOLD CRESCENT,BIRMINGHAM,B33 9TD,11/10/2022,45112 - Sale of used cars and light motor vehicles,14410239
R01472,ABIEL HOLDINGS LIMITED,"INITIAL BUSINESS CENTRE, UNIT 7 WILSON BUSINESS PARK",MANCHESTER,M40 8WN,11/10/2022,64209 - Activities of other holding companies n.e.c.,14410258
R01473,BRITANNIA REALTY LTD,"APT 29, 870 WILMSLOW ROAD",MANCHESTER,M20 5AB,11/10/2022,68310 - Real estate agencies,14411859
R01474,10 PIXELS LIMITED,1041 STOCKPORT ROAD,MANCHESTER,M19 2TF,11/10/2022,62012 - Business and domestic software development,14412462
R01475,AROMATIK MUSIC LTD,285 SHELDON HEATH ROAD,BIRMINGHAM,B26 2TY,14/10/2022,59200 - Sound recording and music publishing activities,14419718
R01476,AHSAN INVESTMENTS LTD,"82 EASTFIELD ROAD, BORDESLEY GREEN",BIRMINGHAM,B9 5XA,17/10/2022,68209 - Other letting and operating of own or leased real estate,14422919
R01477,ADAMS AND BENNETT HOLDINGS LIMITED,"425 - 429 COVENTRY ROAD, SMALL HEATH",BIRMINGHAM,B10 0TH,17/10/2022,64209 - Activities of other holding companies n.e.c.,14423141
R01478,ANDAROS HOLDINGS LTD,"3RD FLOOR, 12 HILTON STREET",MANCHESTER,M1 1JF,18/10/2022,64209 - Activities of other holding companies n.e.c.,14426636
R01479,BOB JONES & ASSOCIATES AS LTD,"102 LIVERPOOL ROAD, CADISHEAD",MANCHESTER,M44 5AN,19/10/2022,"74909 - Other professional, scientific and technical activities n.e.c.",14428285
R01480,BRIGHT SPARK BROKER TECH LIMITED,"1 WORSLEY COURT HIGH STREET, WORSLEY",MANCHESTER,M28 3NJ,20/10/2022,96090 - Other service activities n.e.c.,14431856
R01481,BERLINS FIRST LIMITED,"FIRST FLOOR 33A GROVE LANE, HANDSWORTH",BIRMINGHAM,B21 9ES,21/10/2022,69201 - Accounting and auditing activities,14435262
R01482,AHMED YASEEN ABDALLAH FOR INVESTMENT LTD,"UNIT 7 INITIAL BUSINESS CENTRE, WILSON BUSINESS PARK, MONSALL ROAD",MANCHESTER,M40 8WN,26/10/2022,46900 - Non-specialised wholesale trade,14443226
R01483,ABHIDIYA PROPERTIES LIMITED,"SUITE 2 PARKWAY 5 PARKWAY BUSINESS CENTRE, PRINCESS ROAD",MANCHESTER,M14 7HR,26/10/2022,68100 - Buying and selling of own real estate,14443283
R01484,ABBEY DRY CLEANERS BEARWOOD LTD,"29 ABBEY ROAD, SMETHWICK",BIRMINGHAM,B67 5RA,26/10/2022,96010 - Washing and (dry-)cleaning of textile and fur products,14443685
R01485,BABA SHOP LTD,290 ALUM ROCK ROAD,BIRMINGHAM,B8 3DD,27/10/2022,"47110 - Retail sale in non-specialised stores with food, beverages or tobacco predominating",14446903
R01486,ARISE CARGO AND ALLIED SERVICES LTD,25 AYRSHIRE CLOSE,BIRMINGHAM,B36 8QN,28/10/2022,52241 - Cargo handling for water transport activities,14450064
R01487,AMB NEWS LIMITED,63 ERDINGTON HALL ROAD,BIRMINGHAM,B24 8JN,29/10/2022,60200 - Television programming and broadcasting activities,14450702
R01488,90 SQUARED LTD,"UNIT 3, ELECTRA PARK, ELECTRIC AVENUE, WITTON",BIRMINGHAM,B6 7EB,07/11/2022,64305 - Activities of property unit trusts,14466007
R01489,AERGIA LTD,60 GROVELEY LANE,BIRMINGHAM,B31 4QH,07/11/2022,"46160 - Agents involved in the sale of textiles, clothing, fur, footwear and leather goods",14466611
R01490,AWAR LOGISTICS LTD,"FLAT 388 COVENTRY ROAD, SMALL HEATH",BIRMINGHAM,B10 0UF,07/11/2022,52290 - Other transportation support activities,14467698
R01491,ADAMARR LTD,1 KINGS HALL DRIVE,MANCHESTER,M18 7FN,08/11/2022,41201 - Construction of commercial buildings,14469261
R01492,BRIGHTGUARD SECURITY LTD,"UNIT 10 HERBERT ROAD, SMALL HEATH",BIRMINGHAM,B10 0PR,08/11/2022,80100 - Private security activities,14470221
R01493,AQUAFIELD TRADING & INVESTMENT LIMITED,"15 GRANADA MEWS, ST. AUSTELL STREET",MANCHESTER,M16 8GX,09/11/2022,46711 - Wholesale of petroleum and petroleum products,14471697
R01494,BALTI SPICE LTD,139 WILBRAHAM ROAD,MANCHESTER,M14 7DS,09/11/2022,56101 - Licensed restaurants,14472143
R01495,BLUE PATH PROPERTY LTD,18 BANFORD ROAD,BIRMINGHAM,B8 3EN,13/11/2022,68100 - Buying and selling of own real estate,14480808
R01496,BOPARAN BRANDS LIMITED,"BOPARAN SUPPORT CENTRE PORTLAND HOUSE,, BICKENHILL LANE",BIRMINGHAM,B37 7WR,14/11/2022,"47110 - Retail sale in non-specialised stores with food, beverages or tobacco predominating",14482632
R01497,A.D.E. ELECTRICAL SOLUTIONS LTD,"SAPPHIRE HEIGHTS COURTYARD, 31 TENBY STREET NORTH",BIRMINGHAM,B1 3ES,14/11/2022,43210 - Electrical installation,14482784
R01498,BCL THERAPIES LTD,"26 THE GREEN, KINGS NORTON",BIRMINGHAM,B38 8SD,14/11/2022,86900 - Other human health activities,14483347
R01499,AT ONE INVESTMENTS LTD,"19 ASHFIELD ROAD, SALE",MANCHESTER,M33 7DY,18/11/2022,68100 - Buying and selling of own real estate,14491659
R01500,AURA CARE - EAR WAX REMOVAL SPECIALIST LTD,"11 EGGHILL LANE, NORTHFIELD",BIRMINGHAM,B31 5NU,19/11/2022,47741 - Retail sale of hearing aids,14494432
R01501,AVALON CARE AND SAFETY TRAINING LTD.,"UNIT 16 SAWLEY ROAD, MILES PLATTING",MANCHESTER,M40 8BB,21/11/2022,86900 - Other human health activities,14495812
R01502,ANDERSEN JAMES US LIMITED,"TOWER 12, PT FLOOR 9, 18-22 BRIDGE STREET",MANCHESTER,M3 3BZ,21/11/2022,78109 - Other activities of employment placement agencies,14496477
R01503,AAA CLEANING SERVICES LTD,17 BENTON AVENUE,BIRMINGHAM,B11 1UA,22/11/2022,81210 - General cleaning of buildings,14499520
R01504,ABERDEEN HUNTLY NOMINEES LIMITED,"1ST FLOOR RICO HOUSE GEORGE STREET, PRESTWICH",MANCHESTER,M25 9WS,23/11/2022,68209 - Other letting and operating of own or leased real estate,14501731
R01505,BLUARC WD LTD,"27 PARLIAMENT STREET, ASTON",BIRMINGHAM,B6 4TH,23/11/2022,41201 - Construction of commercial buildings,14501864
R01506,ANYDOOR.UK LTD,"1254 KINGSBURY ROAD KINGSBURY ROAD, CASTLE VALE",BIRMINGHAM,B35 6AG,23/11/2022,43320 - Joinery installation,14502395
R01507,ALVERA HOSPITALITY LTD,"UNIT 7 INITIAL BUSINESS CENTRE, WILSON BUSINESS PARK",MANCHESTER,M40 8WN,24/11/2022,96090 - Other service activities n.e.c.,14503356
R01508,ABBS 4 PROPERTIES LIMITED,"HARPAL HOUSE 14 HOLYHEAD ROAD, HANDSWORTH",BIRMINGHAM,B21 0LT,24/11/2022,68209 - Other letting and operating of own or leased real estate,14503707
R01509,ATTBI PROPERTIES LTD,"70 VICTORIA ROAD, FALLOWFIELD",MANCHESTER,M14 6BZ,24/11/2022,68209 - Other letting and operating of own or leased real estate,14504991
R01510,AUD CONSULTANTS LTD,200 WASHWOOD HEATH,BIRMINGHAM,B8 1RQ,29/11/2022,82990 - Other business support service activities n.e.c.,14512769
R01511,AWA MEDI LIMITED,"229 STRATFORD ROAD, SOLIHULL",BIRMINGHAM,B90 3AH,29/11/2022,99999 - Dormant Company,14513191
R01512,ALM LONSDALE CONSULTING LIMITED,66 LONSDALE ROAD,BIRMINGHAM,B17 9QZ,29/11/2022,70229 - Management consultancy activities other than financial management,14514149
R01513,B.COURAGEOUS LTD,63 CREGOE STREET,BIRMINGHAM,B15 2DP,03/12/2022,47910 - Retail sale via mail order houses or via Internet,14521992
R01514,ABEE CARS LIMITED,2 CHAMBERLAIN SQUARE,BIRMINGHAM,B3 3AX,06/12/2022,49320 - Taxi operation,14525104
R01515,AXLOGIC SYSTEMS LTD,88 MACDONALD STREET,BIRMINGHAM,B5 6TN,07/12/2022,62020 - Information technology consultancy activities,14528017
R01516,BLUE PENGUIN TEXTILES LTD,"494-504 GREEN LANE, SMALL HEATH",BIRMINGHAM,B9 5QH,07/12/2022,"46160 - Agents involved in the sale of textiles, clothing, fur, footwear and leather goods",14528120
R01517,BLAZE FM LTD,11 CALBOURNE CRESCENT,MANCHESTER,M12 5GX,08/12/2022,81299 - Other cleaning services,14529406
R01518,AGAD HEALTH CARE LTD,"840 CHESTER ROAD, ERDINGTON",BIRMINGHAM,B24 0EH,13/12/2022,"84120 - Regulation of health care, education, cultural and other social services, not incl. social security",14538116
R01519,ALSADIQ&SONS LOGISTICS SERVICE LIMITED,"FAIRGATE HOUSE, 205 KINGS ROAD",BIRMINGHAM,B11 2AA,13/12/2022,14190 - Manufacture of other wearing apparel and accessories n.e.c.,14539820
R01520,A8I8.BUILDING LTD,8 BRYNORME ROAD,MANCHESTER,M8 4QN,13/12/2022,43999 - Other specialised construction activities n.e.c.,14539879
R01521,ALI ZAMAN TRANSPORT LTD,19 WORSLEY AVENUE,MANCHESTER,M40 9WA,15/12/2022,49410 - Freight transport by road,14542360
R01522,A TO Z VALETING LTD,"UNIT 18 LONGSIGHT BUSINESS PARK, 69 HAMILTON ROAD",MANCHESTER,M13 0PD,15/12/2022,81299 - Other cleaning services,14542391
R01523,AISHA HOLDINGS LIMITED,40 BRICKFIELD ROAD,BIRMINGHAM,B25 8HE,15/12/2022,68209 - Other letting and operating of own or leased real estate,14542918
R01524,AMAL SEARCH LTD,"PICADILLY BUSINESS CENTRE, ALDOW ENTERPRISE PARK",MANCHESTER,M12 6AE,15/12/2022,78109 - Other activities of employment placement agencies,14543369
R01525,AC CABLE SOLUTIONS LTD,"MITCHELL CHARLESWORTH, 3RD FLOOR, 44 PETER STREET",MANCHESTER,M2 5GP,16/12/2022,82990 - Other business support service activities n.e.c.,14544594
R01526,BEST TRADING (GM) LIMITED,"SURE SELF STORAGE,, 772-776 CHESTER ROAD",MANCHESTER,M32 0GA,19/12/2022,46360 - Wholesale of sugar and chocolate and sugar confectionery,14547053
R01527,ASCENT (SHERWOOD) LIMITED,"1 HARDMAN STREET, SPINNINGFIELDS",MANCHESTER,M3 3HF,19/12/2022,47730 - Dispensing chemist in specialised stores,14549373
R01528,AG7 CONSTRUCT LTD,26 HADDINGTON DRIVE,MANCHESTER,M9 6LR,23/12/2022,16230 - Manufacture of other builders' carpentry and joinery,14557034
R01529,ABDUL INDEPENDENT DELIVERY LTD,"15 KENSINGTON AVENUE ROSHVEN ROAD, BALSALL HEATH",BIRMINGHAM,B12 8BY,28/12/2022,53202 - Unlicensed carrier,14559962
R01530,ACKARACA LIMITED,"PICCADILLY BUSINESS CENTRE, ALDOW ENTERPRISE PARK",MANCHESTER,M12 6AE,29/12/2022,47910 - Retail sale via mail order houses or via Internet,14560445
R01531,BANANA FRITTERS LTD,"C/O STR84WARD ACCOUNTING LIMITED, LEWIS BUILDING, 35 BULL STREET",BIRMINGHAM,B4 6EQ,29/12/2022,63990 - Other information service activities n.e.c.,14560773
R01532,AYESH HEALTHCARE LIMITED,51 TRINITY ROAD,BIRMINGHAM,B6 6LW,06/01/2023,86210 - General medical practice activities,14574859
R01533,8864 INVESTMENTS LIMITED,189 MAULDETH ROAD,MANCHESTER,M19 1BA,07/01/2023,68100 - Buying and selling of own real estate,14576790
R01534,ASHFORD INVESTMENT PROPERTIES LIMITED,2 ANERLEY GROVE,BIRMINGHAM,B44 9QH,08/01/2023,68100 - Buying and selling of own real estate,14577238
R01535,BALMORAL HOUSING LIMITED,"30 HAMPTON ROAD, ASTON",BIRMINGHAM,B6 6AE,09/01/2023,68201 - Renting and operating of Housing Association real estate,14578655
R01536,234 FOG LANE LTD,139 WILBRAHAM ROAD,MANCHESTER,M14 7DS,10/01/2023,56103 - Take-away food shops and mobile food stands,14581955
R01537,ABEY INVESTMENTS LTD,"UNIT 2 46 HOCKLEY HILL, HOCKLEY",BIRMINGHAM,B18 5AQ,11/01/2023,68320 - Management of real estate on a fee or contract basis,14586438
R01538,ADSKI LTD,"26 PETERFIELD WAY, POYNTON",MANCHESTER,SK12 1BD,16/01/2023,46900 - Non-specialised wholesale trade,14593557
R01539,ASK TAX LIMITED,"UNIT 1E, BROMSGROVE HOUSE, 88 BROMSGROVE STREET",BIRMINGHAM,B5 6AJ,16/01/2023,69201 - Accounting and auditing activities,14594086
R01540,AREEZ LTD,11 DEAKINS ROAD,BIRMINGHAM,B25 8DX,19/01/2023,47910 - Retail sale via mail order houses or via Internet,14605444
R01541,AKL THERAPEUTICS LIMITED,"THE LEXICON SECOND FLOOR, MOUNT STREET",MANCHESTER,M2 5NT,20/01/2023,72110 - Research and experimental development on biotechnology,14606862
R01542,ATLAS CAREERS LTD,"10 DAVENTRY GROVE, QUINTON",BIRMINGHAM,B32 1JA,20/01/2023,62012 - Business and domestic software development,14607665
R01543,AMAFFILIATE LTD,20 ELLESBORO ROAD,BIRMINGHAM,B17 8PT,20/01/2023,73110 - Advertising agencies,14608160
R01544,ASMARA’S HAIR & BEAUTY LTD,25 PEAK CROFT,BIRMINGHAM,B36 8LA,24/01/2023,96020 - Hairdressing and other beauty treatment,14613713
R01545,BROOK LANE COFFEE CO CONGLETON LTD,91 PRINCESS STREET,MANCHESTER,M1 4HT,26/01/2023,56102 - Unlicensed restaurants and cafes,14617454
R01546,B H C (MIDLANDS) LTD,"152 STATION ROAD, STECHFORD",BIRMINGHAM,B33 8BT,26/01/2023,86900 - Other human health activities,14619213
R01547,3EEES HEALTHCARE LIMITED,"TOP HOUSE, SHAWHEATH CLOSE",MANCHESTER,M15 4BQ,27/01/2023,86101 - Hospital activities,14620764
R01548,BROOKFIELD SOLUTIONS LIMITED,"4TH FLOOR CENTENARY HOUSE, 1 CENTENARY WAY",MANCHESTER,M50 1RF,30/01/2023,82990 - Other business support service activities n.e.c.,14624100
R01549,BAB AL HARA CATERING LTD,"1 GRAFTON ROAD, SPARKBROOK",BIRMINGHAM,B11 1JP,31/01/2023,96090 - Other service activities n.e.c.,14628133
R01550,AMS CONSULTING MIDCO LTD,"1 HARDMAN STREET, SPINNINGFIELDS",MANCHESTER,M3 3HF,01/02/2023,64209 - Activities of other holding companies n.e.c.,14630676
R01551,AGM DEVELOPMENTS LIMITED,"SUITE 4.13, 1 UNIVERSAL SQUARE, DEVONSHIRE STREET NORTH",MANCHESTER,M12 6JH,02/02/2023,43390 - Other building completion and finishing,14634270
R01552,ALDOAA LTD,54 TIXALL ROAD,BIRMINGHAM,B28 0RS,06/02/2023,86210 - General medical practice activities,14642212
R01553,BRIDGE WALK ESTATES (BIRMINGHAM) LIMITED,"GRAND UNION HOUSE BRIDGE WALK, ACOCKS GREEN",BIRMINGHAM,B27 6SN,07/02/2023,68209 - Other letting and operating of own or leased real estate,14644582
R01554,ATTA-GUL HOLDINGS LIMITED,51 SELWYN ROAD,BIRMINGHAM,B16 0SJ,13/02/2023,55900 - Other accommodation,14657670
R01555,ALI DEVELOPERS LTD,629 STOCKPORT ROAD,MANCHESTER,M12 4QA,13/02/2023,41100 - Development of building projects,14660379
R01556,APS PRIVATE LTD,372 FARM STREET,BIRMINGHAM,B19 2TZ,14/02/2023,49320 - Taxi operation,14660983
R01557,AANCHAL EXCLUSIVE LTD,"149 GROUND FLOOR LOZELLS ROAD, LOZELLS",BIRMINGHAM,B19 2TP,15/02/2023,47190 - Other retail sale in non-specialised stores,14665318
R01558,BEAUFORD WEDDING CAR MANCHESTER LTD,24 PARK ROAD,MANCHESTER,M8 4HU,17/02/2023,77110 - Renting and leasing of cars and light motor vehicles,14669533
R01559,ASLI LAHORI DERA LTD,78 DICKENSON ROAD,MANCHESTER,M14 5HF,21/02/2023,56103 - Take-away food shops and mobile food stands,14678298
R01560,ALBAATROS LIMITED,"OFFICE 1, IZABELLA HOUSE 24-26 REGENT PLACE, CITY CENTRE",BIRMINGHAM,B1 3NJ,27/02/2023,62020 - Information technology consultancy activities,14690943
R01561,A&M FAST FREEZE LTD,"UNIT 5, RONALD ROAD",BIRMINGHAM,B9 4UL,28/02/2023,33190 - Repair of other equipment,14693955
R01562,BKD DEVELOPMENTS LTD,"26 WORSLEY ROAD, WORSLEY",MANCHESTER,M28 2GQ,28/02/2023,68100 - Buying and selling of own real estate,14694493
R01563,BEN NICHOLAS LTD,"15 WILTON STREET, WHITEFIELD",MANCHESTER,M45 7FT,03/03/2023,68100 - Buying and selling of own real estate,14702779
R01564,ARLO HUXLEY LIMITED,3 MALLORY WALK,MANCHESTER,M23 9ED,06/03/2023,47710 - Retail sale of clothing in specialised stores,14709863
R01565,BDP TEST AUTOMATION LTD,"1D ALBERT ROAD, KINGS HEATH",BIRMINGHAM,B14 7HH,07/03/2023,58290 - Other software publishing,14710363
R01566,BANBURY DENTAL LIMITED,19-21 HATCHETT STREET,BIRMINGHAM,B19 3NX,08/03/2023,86230 - Dental practice activities,14715717
R01567,A & K PROPERTY HOLDING GROUP LIMITED,"TEMPLE ROW HOUSE, 369 CITY ROAD",BIRMINGHAM,B16 0NB,08/03/2023,68100 - Buying and selling of own real estate,14716047
R01568,AVAMI LTD,160 BROOM LANE,MANCHESTER,M19 3LJ,09/03/2023,47910 - Retail sale via mail order houses or via Internet,14719854
R01569,BNS SELLY OAK LIMITED,"23 OAK TREE LANE, SELLY OAK",BIRMINGHAM,B29 6JE,10/03/2023,56290 - Other food services,14722662
R01570,BRIGHT NATURE OVERSEAS EDUCATIONAL CONSULTANT LTD,17 CROSSFIELD ROAD,BIRMINGHAM,B33 9HS,13/03/2023,85590 - Other education n.e.c.,14727305
R01571,BPM MUSIC LTD,"307 HEYWOOD ROAD, PRESTWICH",MANCHESTER,M25 2RQ,14/03/2023,59200 - Sound recording and music publishing activities,14729095
R01572,AA&F PROPERTY LIMITED,"SUITE 46-47 FIFTH FLOOR, THE WHITEHOUSE, 111 NEW STREET",BIRMINGHAM,B2 4EU,15/03/2023,68100 - Buying and selling of own real estate,14731293
R01573,AMV LEGAL LIMITED,"INTERNATIONAL HOUSE, 61 MOSLEY STREET",MANCHESTER,M2 3HZ,20/03/2023,69102 - Solicitors,14741852
R01574,AS GAS & HEATING LTD,15 EATON ROAD,BIRMINGHAM,B11 3JF,20/03/2023,"43220 - Plumbing, heat and air-conditioning installation",14742708
R01575,AVENTUS ENGINEERING LTD,"FAIRGATE HOUSE C/O SF CHARTERED CERTIFIED ACCOUNTANTS, 205 KINGS ROAD",BIRMINGHAM,B11 2AA,20/03/2023,82990 - Other business support service activities n.e.c.,14743761
R01576,ALETHEIA ACCOUNTING SERVICES LTD,1 MORLAND ROAD,MANCHESTER,M16 9WZ,22/03/2023,69201 - Accounting and auditing activities,14747644
R01577,AZARIAHTECH LTD,"402 FIRST FLOOR,  PALATINE ROAD",MANCHESTER,M22 4FZ,22/03/2023,62012 - Business and domestic software development,14747994
R01578,BRIDGE DIGI LIMITED,"PICCADILLY BUSINESS CENTRE, UNIT C ALDOW ENTERPRISE PARK",MANCHESTER,M12 6AE,22/03/2023,62012 - Business and domestic software development,14748993
R01579,BREAKFAST STATION LTD,243 MERRITTS BROOK LANE,BIRMINGHAM,B31 1UJ,23/03/2023,56102 - Unlicensed restaurants and cafes,14753036
R01580,A. NASIR MEDICAL LIMITED,"FLAT 104 QUANTUM HOUSE, 2 KENSAL DRIVE",MANCHESTER,M20 2NE,27/03/2023,86220 - Specialists medical practice activities,14760205
R01581,365 LANDSCAPING LTD,"74 TREEN ROAD, TYLDESLEY",MANCHESTER,M29 7HA,27/03/2023,81300 - Landscape service activities,14762805
R01582,ASTLEY HEALTHCARE LIMITED,32 DENISON ROAD,MANCHESTER,M14 5SQ,28/03/2023,47730 - Dispensing chemist in specialised stores,14764343
R01583,BLADE GJS MANAGEMENT COMPANY LTD,"C/O ZENITH MANAGEMENT, NQ BUILDING, 47 BENGAL STREET",MANCHESTER,M4 6BB,29/03/2023,98000 - Residents property management,14765845
R01584,ANGELA HENRY LTD,"WISSCC TRAINING CENTER SUPPORT 4 PROGRESS, WESTWOOD STREET",MANCHESTER,M14 4SW,30/03/2023,74202 - Other specialist photography,14769553
R01585,BIRMINGHAM BUILDING RENOVATIONS LTD,12 HEATHER DALE,BIRMINGHAM,B13 8NN,11/04/2023,41100 - Development of building projects,14793187
R01586,BRACEBRIDGE PROPERTY INVESTMENTS LTD,"619 KINGS ROAD, GREAT BARR",BIRMINGHAM,B44 9HW,12/04/2023,68100 - Buying and selling of own real estate,14794206
R01587,BIDEFORD RETAIL LTD,32-34 BIDEFORD DRIVE,MANCHESTER,M23 0QN,12/04/2023,"47110 - Retail sale in non-specialised stores with food, beverages or tobacco predominating",14794302
R01588,AA HEALTHWAYS LIMITED,703 STOCKPORT ROAD,MANCHESTER,M12 4QN,12/04/2023,86900 - Other human health activities,14795473
R01589,BRANCH TATCO GIDA ITHALAT IHRACAT LIMITED,"PICCADILLY BUSINESS CENTRE UNIT C ALDOW ENTERPRISE PARK, BLACKETT STREET",MANCHESTER,M12 6AE,13/04/2023,96090 - Other service activities n.e.c.,14797981
R01590,ARJEAN ADVISORY LIMITED,ONE ST PETER'S SQUARE,MANCHESTER,M2 3DE,13/04/2023,70229 - Management consultancy activities other than financial management,14798021
R01591,10MILESGREEN LTD,"B2 TOMLINSON HOUSE, 325 TYBURN ROAD",BIRMINGHAM,B24 8HJ,17/04/2023,46460 - Wholesale of pharmaceutical goods,14809945
R01592,BD ELECTRICAL AND ELECTRONICS LTD,"PICCADILLY BUSINESS CENTRE, ALDOW ENTERPRISE PARK",MANCHESTER,M12 6AE,18/04/2023,33140 - Repair of electrical equipment,14812283
R01593,BRIDGE TOWN INTERIORS LIMITED,"TAXBELL ASSOCIATES LIMITED, THE BEE HIVE OFFICES 1ST FLOOR, SUITE 112A, 53 DERBY STREET",MANCHESTER,M8 8HW,20/04/2023,74100 - specialised design activities,14817690
R01594,1ST. CONSULTANCY LIMITED,19L ALBION STREET,MANCHESTER,M1 5LN,21/04/2023,96090 - Other service activities n.e.c.,14818879
R01595,AARON B CONSULTANCY LIMITED,10 PARK PLACE,MANCHESTER,M4 4EY,25/04/2023,70229 - Management consultancy activities other than financial management,14825545
R01596,ADIAN'S TROPICAL FUSION LTD,"THE GOODSYARD ADIAN'S, 12 STATION WAY",BIRMINGHAM,B18 6FH,28/04/2023,56101 - Licensed restaurants,14834764
R01597,ALPHA U LIMITED,"3RD FLOOR, 82 KING STREET",MANCHESTER,M2 4WQ,02/05/2023,70229 - Management consultancy activities other than financial management,14839340
R01598,ADELINE SEARCH LTD,"20 FIRST FLOOR, SWAN BUILDINGS  20, SWAN STREET",MANCHESTER,M4 5JW,02/05/2023,99999 - Dormant Company,14840498
R01599,ASK PROPERTY GROUP LTD,2 KEMPTON ROAD,MANCHESTER,M19 2GJ,04/05/2023,68209 - Other letting and operating of own or leased real estate,14846726
R01600,ALLGOOD CONSTRUCTION (NW) LTD,31 CHURCH ROAD,MANCHESTER,M22 4NN,04/05/2023,41100 - Development of building projects,14847594
R01601,ASTETICA AESTHETICS LIMITED,"BARTLE HOUSE, 9 OXFORD COURT",MANCHESTER,M2 3WQ,04/05/2023,46450 - Wholesale of perfume and cosmetics,14847778
R01602,ASTON UNIVERSITY VENTURES LIMITED,"ASTON UNIVERSITY, LEGAL SERVICES, ASTON TRIANGLE",BIRMINGHAM,B4 7ET,08/05/2023,74990 - Non-trading company,14852393
R01603,ARTSY PACKAGING LTD,46 GLENAVON ROAD,BIRMINGHAM,B14 5BL,10/05/2023,17219 - Manufacture of other paper and paperboard containers,14861145
R01604,BOON PAYMENTS LIMITED,2 BELFIELD ROAD,MANCHESTER,M20 6BH,11/05/2023,62020 - Information technology consultancy activities,14863538
R01605,AMAZING GRACEY CATERINGS LIMITED,8 MULL CROFT,BIRMINGHAM,B36 0QF,11/05/2023,56210 - Event catering activities,14863597
R01606,3H LEASEHOLD LIMITED,"802 THE SOUTHSIDE BUILDING, 31 HURST STREET",BIRMINGHAM,B5 4BD,16/05/2023,68209 - Other letting and operating of own or leased real estate,14871535
R01607,ACCESS BUILDING AND ROOFING LTD,109 PORTLAND STREET,MANCHESTER,M1 6DN,17/05/2023,43910 - Roofing activities,14875715
R01608,AWESOME QUOTES LTD,15 LLOYD STREET,BIRMINGHAM,B10 0LH,18/05/2023,32990 - Other manufacturing n.e.c.,14877494
R01609,33MM STUDIO LTD,"UNIT 5 THE MEWS, CHARLTON PLACE",MANCHESTER,M12 6HS,19/05/2023,46420 - Wholesale of clothing and footwear,14881713
R01610,AYW CAPITAL LTD,"PARKGATES BURY NEW ROAD, PRESTWICH",MANCHESTER,M25 0TL,23/05/2023,64209 - Activities of other holding companies n.e.c.,14887496
R01611,AL AMIRI MI LTD,"UNIT 10, 30-32 KNOWSLEY STREET CHEETHAM HILL",MANCHESTER,M8 8HQ,23/05/2023,47750 - Retail sale of cosmetic and toilet articles in specialised stores,14887669
R01612,AJT UPHOLSTERY SUPPLIES LIMITED,"23 DENISE DRIVE, HARBORNE",BIRMINGHAM,B17 0BN,24/05/2023,31090 - Manufacture of other furniture,14890570
R01613,BARK PARK REALTY LIMITED,59 MOSLEY STREET,MANCHESTER,M2 3HZ,24/05/2023,68100 - Buying and selling of own real estate,14892412
R01614,ARB COMMERCIAL HOLDINGS LTD,5 JORDAN STREET,MANCHESTER,M15 4PY,25/05/2023,68100 - Buying and selling of own real estate,14893965
R01615,AIZE FINANCE LTD,91 FINCHLEY ROAD,BIRMINGHAM,B44 0LB,29/05/2023,46320 - Wholesale of meat and meat products,14901354
R01616,ATELIER 81 LTD,"APARTMENT 164 SOUTHSIDE, ST. JOHN'S WALK",BIRMINGHAM,B5 4TJ,30/05/2023,71111 - Architectural activities,14902180
R01617,ARWYN GROUP LIMITED,"1 ROCKY LANE, ASTON",BIRMINGHAM,B6 5RQ,31/05/2023,41100 - Development of building projects,14906284
R01618,BIRMINGHAM ORCHARD HOUSE LTD,6 WELL STREET,BIRMINGHAM,B19 3BG,02/06/2023,68100 - Buying and selling of own real estate,14912120
R01619,A MANAN LIMITED,1 PRESTBURY AVENUE,MANCHESTER,M14 7HF,05/06/2023,47910 - Retail sale via mail order houses or via Internet,14915182
R01620,AAJ FASHIONS LTD,"UNIT 1, 39-41 BENT STREET, BENT STREET",MANCHESTER,M8 8NW,06/06/2023,46450 - Wholesale of perfume and cosmetics,14918378
R01621,AMA FINANCIAL GROUP LIMITED,"4 KEEPERS CLOSE, COLESHILL",BIRMINGHAM,B46 3HB,07/06/2023,69201 - Accounting and auditing activities,14919744
R01622,AMI COLLECTION LTD,"8 PONSONBY ROAD, STRETFORD",MANCHESTER,M32 0DU,07/06/2023,47910 - Retail sale via mail order houses or via Internet,14922212
R01623,AKAASH PROPERTY LTD,"2 WHEELEYS ROAD, EDGBASTON",BIRMINGHAM,B15 2LD,13/06/2023,68100 - Buying and selling of own real estate,14933604
R01624,BELLBOURN CONSULTING LIMITED,52 MOOR POOL AVENUE,BIRMINGHAM,B17 9DT,13/06/2023,70229 - Management consultancy activities other than financial management,14933828
R01625,ANIKO LTD,"FLAT 3 1 YORK ROAD, HALL GREEN",BIRMINGHAM,B28 8BD,13/06/2023,47190 - Other retail sale in non-specialised stores,14934128
R01626,AUTO TRIMZ LTD,"23-27 HUNTERS ROAD, UNIT 3",BIRMINGHAM,B19 1DP,15/06/2023,45320 - Retail trade of motor vehicle parts and accessories,14937898
R01627,AMBLESIDE FISH BAR WORCESTER LTD,"40 VICARAGE ROAD, EDGBASTON",BIRMINGHAM,B15 3EZ,20/06/2023,56103 - Take-away food shops and mobile food stands,14947508
R01628,AGAPI APARTMENTS LIMITED,29 CHISHOLM STREET,MANCHESTER,M11 2LF,20/06/2023,68209 - Other letting and operating of own or leased real estate,14947668
R01629,AUSOME CHARLIE LTD,"5 OAK TREE CLOSE, ALVECHURCH",BIRMINGHAM,B48 7PY,20/06/2023,70229 - Management consultancy activities other than financial management,14947849
R01630,BEAU VISAGE FACE & BODY AESTHETICS LTD,"31A HAZELHURST ROAD, WORSLEY",MANCHESTER,M28 2SX,20/06/2023,96020 - Hairdressing and other beauty treatment,14948109
R01631,ATHENA COMMERCIAL INTERIORS LIMITED,"C/O BLUEWATER QUADRANT COURT, 49 CALTHORPE ROAD",BIRMINGHAM,B15 1TH,22/06/2023,41201 - Construction of commercial buildings,14954694
R01632,AQ PROPERTY GROUP LTD,"A907 CASTLEWHARF, 2A CHESTER ROAD",MANCHESTER,M15 4SA,26/06/2023,68100 - Buying and selling of own real estate,14961521
R01633,BRIAN WOODALL LTD,"1 HASELEY CLOSE, TYLDESLEY",MANCHESTER,M29 8RQ,26/06/2023,43341 - Painting,14961533
R01634,AQUILA BIDCO LIMITED,"C/O DWF LAW LLP 1 SCOTT PLACE, 2 HARDMAN STREET",MANCHESTER,M3 3AA,30/06/2023,64209 - Activities of other holding companies n.e.c.,14972770
R01635,BRIT COLLEGE OF CAREER DEVELOPMENT LTD,"705 WARWICK ROAD, TYSELEY",BIRMINGHAM,B11 2HA,03/07/2023,85590 - Other education n.e.c.,14977520
R01636,ADASOFT LTD,42 GRAVELLY LANE,BIRMINGHAM,B23 6UH,03/07/2023,62012 - Business and domestic software development,14977897
R01637,AZD ACCOUNTANTS LTD,"OFFICE 102, REGUS ST JAMES TOWER, 7 CHARLOTTE STREET",MANCHESTER,M1 4DZ,07/07/2023,69201 - Accounting and auditing activities,14986915
R01638,AAE VISION LIMITED,42 FLINT GREEN ROAD,BIRMINGHAM,B27 6QA,08/07/2023,"74909 - Other professional, scientific and technical activities n.e.c.",14990010
R01639,BLIZZARDS CONSULTING LIMITED,"THE LODGE, CASTLE BROMWICH HALL CHESTER ROAD, CASTLE BROMWICH",BIRMINGHAM,B36 9DE,10/07/2023,74902 - Quantity surveying activities,14992833
R01640,BLACKBERRY LANE PROPERTY LIMITED,10 KETTLES WOOD DRIVE,BIRMINGHAM,B32 3DB,11/07/2023,68100 - Buying and selling of own real estate,14996391
R01641,ALMIGHTY BITE LTD,"369 HAGLEY ROAD WEST, QUINTON",BIRMINGHAM,B32 2AL,12/07/2023,56210 - Event catering activities,14997431
R01642,149A LTD,10 PARK PLACE,MANCHESTER,M4 4EY,12/07/2023,68209 - Other letting and operating of own or leased real estate,14998717
R01643,BIG BAD INVESTMENTS LTD,"3 VICTORIA PARADE, URMSTON",MANCHESTER,M41 9BP,17/07/2023,56102 - Unlicensed restaurants and cafes,15007847
R01644,BLISSTREE LTD,3 MALLORY RISE,BIRMINGHAM,B13 9YE,21/07/2023,47910 - Retail sale via mail order houses or via Internet,15019726
R01645,AVENSURE PEOPLECLOUD LTD,"4TH FLOOR, ST JOHNS HOUSE, 2-10 QUEEN STREET",MANCHESTER,M2 5JB,24/07/2023,99999 - Dormant Company,15024771
R01646,BEVENDON PROPERTIES 1 LTD,"2ND FLOOR, PARKGATES BURY NEW ROAD, PRESTWICH",MANCHESTER,M25 0TL,25/07/2023,68100 - Buying and selling of own real estate,15027918
R01647,AECMS LTD,"BARTLE HOUSE, OXFORD COURT",MANCHESTER,M2 3WQ,26/07/2023,71122 - Engineering related scientific and technical consulting activities,15029601
R01648,BRANDOVATION UK LTD,"11 KING STREET, RADCLIFFE",MANCHESTER,M26 1ND,31/07/2023,73110 - Advertising agencies,15039757
R01649,ASC005A LIMITED,"UNIT 18 PHOENIX BUSINESS PARK, AVENUE CLOSE",BIRMINGHAM,B7 4NU,01/08/2023,41100 - Development of building projects,15041214
R01650,ANAHATA PARTNERS LIMITED,"22 SWANSHURST LANE, MOSELEY",BIRMINGHAM,B13 0AJ,01/08/2023,68209 - Other letting and operating of own or leased real estate,15042324
R01651,AVORA HOUSING LTD,"2ND FLOOR, 9 PORTLAND STREET",MANCHESTER,M1 3BE,02/08/2023,96090 - Other service activities n.e.c.,15043890
R01652,BOND WOLFE LAND LIMITED,"2ND FLOOR, 75-77 COLMORE ROW",BIRMINGHAM,B3 2AP,03/08/2023,68310 - Real estate agencies,15047526
R01653,AK GREEN CARS LTD,98 PARK ROAD,BIRMINGHAM,B11 4HB,06/08/2023,45112 - Sale of used cars and light motor vehicles,15052028
R01654,AARNAV LIMITED,105 HARBORNE ROAD,BIRMINGHAM,B15 3HG,07/08/2023,86210 - General medical practice activities,15055870
R01655,AARON NORRIS LTD,"25 MARLE CROFT, WHITEFIELD",MANCHESTER,M45 7NB,08/08/2023,58142 - Publishing of  consumer and business journals and periodicals,15056732
R01656,ALLGOODS INC LTD,"UNIT 1-2 EURO ENTERPRISE PARK, SAMPSON ROAD NORTH",BIRMINGHAM,B11 1BH,08/08/2023,47190 - Other retail sale in non-specialised stores,15057192
R01657,AL-KHUZAEI HOLDING LIMITED,"APARTMENT 18, ATLAS COURT, 75 HEALD GROVE",MANCHESTER,M14 4AP,13/08/2023,68100 - Buying and selling of own real estate,15068059
R01658,AAABIRMINGHAM LIMITED,40 SHELDON HEATH ROAD,BIRMINGHAM,B26 2DH,14/08/2023,52290 - Other transportation support activities,15071734
R01659,BRICKTOWER LTD,382 KINGSWAY,MANCHESTER,M19 1PL,15/08/2023,68100 - Buying and selling of own real estate,15074655
R01660,BRANDBERG ESTATES LTD,"79 WINDSOR ROAD, PRESTWICH",MANCHESTER,M25 0DB,17/08/2023,68100 - Buying and selling of own real estate,15079522
R01661,ANA CARR COMMERCIAL CLEANING LTD,"22 EVERARD CLOSE, WORSLEY",MANCHESTER,M28 7TY,21/08/2023,81299 - Other cleaning services,15084612
R01662,BERESFORD'S PROPERTY SOLUTIONS LIMITED,"1 DAVYHULME CIRCLE DAVYHULME CIRCLE, URMSTON",MANCHESTER,M41 0ST,21/08/2023,43390 - Other building completion and finishing,15086467
R01663,ALAMCO FOR INVESTMENT LTD,"UNIT 7 INITIAL BUSINESS CENTRE,, WILSON BUSINESS PARK, MONSALL ROAD",MANCHESTER,M40 8WN,22/08/2023,96090 - Other service activities n.e.c.,15088544
R01664,BMSL BUILDERS LIMITED,23 STANLEY STREET,MANCHESTER,M8 8SH,22/08/2023,41202 - Construction of domestic buildings,15089964
R01665,AMBRACIA HOLDINGS LTD,292 WAKE GREEN ROAD,BIRMINGHAM,B13 9QP,22/08/2023,68100 - Buying and selling of own real estate,15090766
R01666,AHUJAS & FAMILY LTD,104 STOCKPORT ROAD,MANCHESTER,M13 9DZ,23/08/2023,68100 - Buying and selling of own real estate,15091959
R01667,11ELEVEN COMPETITIONS LTD,"FLAT 18 HOLYROOD COURT, HOLYROOD GROVE, PRESTWICH",MANCHESTER,M25 1PG,26/08/2023,96090 - Other service activities n.e.c.,15098052
R01668,90 SQUARED CRESWELL LIMITED,"STERLING HOUSE, 71 FRANCIS ROAD, EDGBASTON",BIRMINGHAM,B16 8SP,28/08/2023,56302 - Public houses and bars,15098987
R01669,AUXILIUM NO 2 LTD,"STUDIO 9, 50-54 ST PAUL'S SQUARE, ST. PAULS SQUARE",BIRMINGHAM,B3 1QS,28/08/2023,70229 - Management consultancy activities other than financial management,15099674
R01670,AHA OPTICS LTD,829 WILMSLOW ROAD,MANCHESTER,M20 5WD,28/08/2023,86900 - Other human health activities,15100890
R01671,BIZMARKT LIMITED,107 SOHO HILL,BIRMINGHAM,B19 1AY,31/08/2023,62020 - Information technology consultancy activities,15106386
R01672,AMARYLLIS CLEANING SERVICE LTD,"APARTMENT 19 2 WORSLEY ROAD NORTH, WORSLEY",MANCHESTER,M28 3GW,31/08/2023,81299 - Other cleaning services,15107078
R01673,AT-TARIQ ACCOUNTANCY SERVICES LIMITED,"95 ROBIN HOOD LANE, HALL GREEN",BIRMINGHAM,B28 0JF,31/08/2023,69201 - Accounting and auditing activities,15107374
R01674,ADROIT CONDIMENTS LIMITED,3 POPLAR ROAD,MANCHESTER,M19 1QH,01/09/2023,10840 - Manufacture of condiments and seasonings,15108399
R01675,4D ENVIRONMENTAL LTD,1 BOLESWORTH CLOSE,MANCHESTER,M21 9BE,01/09/2023,47910 - Retail sale via mail order houses or via Internet,15108558
R01676,BOLOTI AFRICAN CUISINE LTD,339 DUDLEY ROAD,BIRMINGHAM,B18 4HB,03/09/2023,56103 - Take-away food shops and mobile food stands,15111168
R01677,AIPHYSIO LTD,11 CALLINGDON ROAD,MANCHESTER,M21 7GN,04/09/2023,86900 - Other human health activities,15114136
R01678,AROMASEASON LTD,"8.02 THE SOUTHSIDE BUILDING, 31 HURST STREET",BIRMINGHAM,B5 4BD,05/09/2023,68209 - Other letting and operating of own or leased real estate,15114541
R01679,AVAXTER LIMITED,"APARTMENT 9, 107 HAZELBOTTOM ROAD",MANCHESTER,M8 0GQ,06/09/2023,47910 - Retail sale via mail order houses or via Internet,15118559
R01680,BEL MENDES LTD,16 BLACKFRIARS STREET,MANCHESTER,M3 5BQ,06/09/2023,62020 - Information technology consultancy activities,15119046
R01681,BEARJAY LIMITED,"323A BELLAM COURT, WARDLEY",MANCHESTER,M27 9GD,15/09/2023,47910 - Retail sale via mail order houses or via Internet,15141236
R01682,AUTO TRADING MACHINE LTD,"BARTLE HOUSE, 9 OXFORD COURT",MANCHESTER,M2 3WQ,18/09/2023,47910 - Retail sale via mail order houses or via Internet,15143462
R01683,BIG & LUNA INTERNATIONAL TRADING LTD,109 CHEETHAM HILL ROAD,MANCHESTER,M8 8PY,18/09/2023,99999 - Dormant Company,15143904
R01684,112GW NAILSEA LIMITED,"STUDIO 202, BARFORD STREET",BIRMINGHAM,B5 7EP,18/09/2023,56103 - Take-away food shops and mobile food stands,15145332
R01685,A TO Z PROPERTY HOLDINGS LIMITED,234 THE BROADWAY,BIRMINGHAM,B20 3DL,21/09/2023,68209 - Other letting and operating of own or leased real estate,15154406
R01686,BRANDZ TATTOO STUDIO MCR LTD,"OFFICE 5, 485 OLDHAM ROAD, FAILSWORTH",MANCHESTER,M35 9AB,22/09/2023,96020 - Hairdressing and other beauty treatment,15157168
R01687,BIRMINGHAM GROUP LTD,"80 HIGHFIELD ROAD, SALTLEY",BIRMINGHAM,B8 3QU,25/09/2023,64209 - Activities of other holding companies n.e.c.,15161353
R01688,AIM4HIGH LTD,10 WINSTANLEY ROAD,BIRMINGHAM,B33 8UH,25/09/2023,47910 - Retail sale via mail order houses or via Internet,15162343
R01689,ANR HEALTHCARE SERVICES LTD,5 GLENCASTLE ROAD,MANCHESTER,M18 7QH,26/09/2023,78200 - Temporary employment agency activities,15164839
R01690,BROOKVILLE INVESTMENTS LTD,"DIGBETH COURT 162-164 HIGH STREET, DERITEND",BIRMINGHAM,B12 0LD,26/09/2023,68100 - Buying and selling of own real estate,15165955
R01691,ADVENT DOMICILIARY SERVICES LTD,"176 CHADDOCK LANE, WORSLEY",MANCHESTER,M28 1DF,26/09/2023,88100 - Social work activities without accommodation for the elderly and disabled,15166181
R01692,AI DATABASE LIMITED,"152 STATION ROAD, STECHFORD",BIRMINGHAM,B33 8BT,26/09/2023,"63110 - Data processing, hosting and related activities",15166504
R01693,BONDHU MAHAL BIRMINGHAM UK LTD,28 ST. BENEDICTS ROAD,BIRMINGHAM,B10 9DW,26/09/2023,96090 - Other service activities n.e.c.,15166952
R01694,BL CARE SOLUTIONS LTD,"4 HEYWOOD AVENUE, CLIFTON, SWINTON",MANCHESTER,M27 8QX,26/09/2023,86900 - Other human health activities,15166970
R01695,ANDREA FUCHS LTD,"OFFICE 620 INITIAL BUSINESS CENTRE, WILSON BUSINESS PARK",MANCHESTER,M40 8WN,26/09/2023,99999 - Dormant Company,15167206
R01696,BLAZETECH LTD,"1 EGERTON STREET, MIDDLETON",MANCHESTER,M24 4QD,27/09/2023,43290 - Other construction installation,15168836
R01697,ABANCAY HOLDINGS UK LIMITED,"C/O KUIT STEINART LEVY LLP, 3 ST. MARYS PARSONAGE",MANCHESTER,M3 2RD,28/09/2023,64301 - Activities of investment trusts,15170861
R01698,ALTUS TRADING & CONTRACTING LTD,"UNIT 7 INITIAL BUSINESS CENTRE,, WILSON BUSINESS PARK, MONSALL ROAD",MANCHESTER,M40 8WN,29/09/2023,96090 - Other service activities n.e.c.,15174250
R01699,AS STRETFORD BIDCO LTD,"HILTON HOUSE 26-28, HILTON STREET",MANCHESTER,M1 2EH,30/09/2023,41100 - Development of building projects,15176933
R01700,AR WELDCRAFT LTD,"15 PARVET AVENUE, DROYLSDEN",MANCHESTER,M43 7SD,01/10/2023,43999 - Other specialised construction activities n.e.c.,15179219
R01701,AMRITSARI TARKA SOHO LTD,121 SOHO ROAD,BIRMINGHAM,B21 9ST,03/10/2023,56103 - Take-away food shops and mobile food stands,15183913
R01702,ASTON MANOR EXECUTIVE LTD,"137 WAINWRIGHT STREET, OFFICE 3",BIRMINGHAM,B6 5TG,04/10/2023,77110 - Renting and leasing of cars and light motor vehicles,15188524
R01703,1206 PROPERTY LTD,202 ORPHANAGE ROAD,BIRMINGHAM,B24 0AD,06/10/2023,68209 - Other letting and operating of own or leased real estate,15192087
R01704,ALI OPTICS LTD,"123 COLLEGE ROAD, ALUM ROCK",BIRMINGHAM,B8 3SQ,06/10/2023,86900 - Other human health activities,15192326
R01705,B&Y CONSTRUCTION LTD,"1565, STRATFORD ROAD, HALL GREEN,(SHAISTA HAIR & BEAUTY",BIRMINGHAM,B28 9JA,09/10/2023,43999 - Other specialised construction activities n.e.c.,15195886
R01706,ARCTIC ELECTRICAL LTD,41 TEMPLEFIELD GARDENS,BIRMINGHAM,B9 4NY,10/10/2023,43210 - Electrical installation,15200075
R01707,BRICKWISE ESTATES LTD,64 NORMAN AVENUE,BIRMINGHAM,B32 2EY,10/10/2023,68100 - Buying and selling of own real estate,15200849
R01708,ATHERTON VEHICLE SERVICES LTD,"UNIT 3 LINSTOCK WAY, ATHERTON",MANCHESTER,M46 0RS,12/10/2023,45320 - Retail trade of motor vehicle parts and accessories,15206053
R01709,BA68 LTD,"OFFICE 620 INITIAL BUSINESS CENTRE, WILSON BUSINESS PARK",MANCHESTER,M40 8WN,12/10/2023,99999 - Dormant Company,15207580
R01710,BB 168 LIMITED,"299 ALCESTER ROAD SOUTH, KINGS HEATH",BIRMINGHAM,B14 6EB,13/10/2023,56103 - Take-away food shops and mobile food stands,15209463
R01711,A&U MOTORS LTD,157 LITTLE GREEN LANE,BIRMINGHAM,B9 5BG,13/10/2023,45112 - Sale of used cars and light motor vehicles,15211092
R01712,ADEBOY LIMITED,"49 CASTLE DRIVE, COLESHILL",BIRMINGHAM,B46 3LX,16/10/2023,45200 - Maintenance and repair of motor vehicles,15212697
R01713,ASTRO VAPOURS LTD,95 WENDOVER ROAD,MANCHESTER,M23 9EG,17/10/2023,47190 - Other retail sale in non-specialised stores,15216190
R01714,AE & CO. BUILDING LTD,"27 GREENHILL ROAD, HANDSWORTH",BIRMINGHAM,B21 8DX,17/10/2023,41201 - Construction of commercial buildings,15216519
R01715,BLOSSOMS HEALTHCARE WEST MIDLANDS LIMITED,"2 GEORGE DIXON ROAD, NORTH EDGBASTON",BIRMINGHAM,B17 8LQ,17/10/2023,"87200 - Residential care activities for learning difficulties, mental health and substance abuse",15217378
R01716,AFNAN SEAFOOD LTD,"84 STRATFORD ROAD, SPARKHILL",BIRMINGHAM,B11 1AN,17/10/2023,56102 - Unlicensed restaurants and cafes,15217387
R01717,BENJAMIN PROPERTIES (UB) LIMITED,"193A STATION ROAD, STECHFORD",BIRMINGHAM,B33 8BB,20/10/2023,68100 - Buying and selling of own real estate,15224470
R01718,1&1 LIMITED,"1196 STOCKPORT ROAD, STOCKPORT ROAD",MANCHESTER,M19 2RA,23/10/2023,62090 - Other information technology service activities,15228464
R01719,ANDINN LTD,"1 ST. PETERS SQUARE, ANDINN LTD @WEWORK",MANCHESTER,M2 3DE,23/10/2023,47910 - Retail sale via mail order houses or via Internet,15229856
R01720,AQ OPULENT ESTATES LTD,181 181 RESERVIOR ROAD,BIRMINGHAM,B23 6DJ,24/10/2023,41100 - Development of building projects,15230851
R01721,ALYSOFI LTD,104 WATTVILLE ROAD,BIRMINGHAM,B21 0DR,24/10/2023,49410 - Freight transport by road,15231769
R01722,BNB+CONSTRUCTION LTD,59 BROOMHALL ROAD,MANCHESTER,M9 8PB,24/10/2023,41202 - Construction of domestic buildings,15231814
R01723,ADEL EQUIPMENT MANAGEMENT LIMITED,"VICTORIA WORKS WILLIAMS ROAD, GORTON",MANCHESTER,M18 7AY,24/10/2023,31020 - Manufacture of kitchen furniture,15232637
R01724,"BEG, STEAL & BORROW LTD","AFLEX PALACE, 52 CHURCH STREET",MANCHESTER,M4 1PW,24/10/2023,47710 - Retail sale of clothing in specialised stores,15233390
R01725,BLUESKY PROPERTIES (M/CR) LIMITED,"73 NORFOLK CRESCENT, FAILSWORTH",MANCHESTER,M35 0WS,25/10/2023,68209 - Other letting and operating of own or leased real estate,15236573
R01726,ADAM & KAMRAN LTD,"44 SLADE ROAD, ERDINGTON",BIRMINGHAM,B23 7PG,30/10/2023,68209 - Other letting and operating of own or leased real estate,15246522
R01727,5 STARR FLAVA LTD,78 WITTON LODGE ROAD,BIRMINGHAM,B23 5AH,01/11/2023,56103 - Take-away food shops and mobile food stands,15251317
R01728,2A VIBES RECORDS LTD,"INTERNATIONAL HOUSE, THE MCLAREN BUILDING, 46 THE PRIORY QUEENSWAY",BIRMINGHAM,B4 7LR,03/11/2023,59200 - Sound recording and music publishing activities,15258504
R01729,BRAINCH HOLDINGS LTD,231 SOHO ROAD,BIRMINGHAM,B21 9RY,13/11/2023,41100 - Development of building projects,15278792
R01730,ALA INTERNATIONAL MEDIA LTD,"UNIT 14 KEY BUSINESS PARK KINGSBURY ROAD, ERDINGTON",BIRMINGHAM,B24 9PT,13/11/2023,46900 - Non-specialised wholesale trade,15280667
R01731,BEAUTY TALKZ LTD,"FLAT 2, 26  ALBERT ROAD",MANCHESTER,M19 2FP,15/11/2023,47750 - Retail sale of cosmetic and toilet articles in specialised stores,15286262
R01732,BEE’S KNEES NURSERY & PRE-SCHOOL LTD,"86 ROCHDALE ROAD, MIDDLETON",MANCHESTER,M24 2QA,15/11/2023,85100 - Pre-primary education,15286754
R01733,AMANJ BUILDERS BIRMINGHAM LIMITED,"107 UPPER MEADOW ROAD, QUINTON",BIRMINGHAM,B32 1NR,15/11/2023,41202 - Construction of domestic buildings,15287013
R01734,BEECH MAINTENANCE LTD,84 CHELMSLEY LANE,BIRMINGHAM,B37 7BP,19/11/2023,81210 - General cleaning of buildings,15292975
R01735,BAINSPHARM LIMITED,4 4 MILLPOOL WAY,BIRMINGHAM,B66 4HW,19/11/2023,47730 - Dispensing chemist in specialised stores,15293192
R01736,AL ACCOUNTANTS LTD,235 WITTON ROAD,BIRMINGHAM,B6 6NU,20/11/2023,69201 - Accounting and auditing activities,15295791
R01737,3 BROSKI'S LTD,"96 LIVERPOOL ROAD, IRLAM",MANCHESTER,M44 6FF,22/11/2023,56103 - Take-away food shops and mobile food stands,15303888
R01738,ALAKDABI LILTIJARA LTD,"UNIT 7 INITIAL BUSINESS CENTRE,, WILSON BUSINESS PARK, MONSALL ROAD",MANCHESTER,M40 8WN,23/11/2023,96090 - Other service activities n.e.c.,15304521
R01739,ANYTIME CONSULT LTD,306 NEW BANK STREET,MANCHESTER,M12 4HW,24/11/2023,70229 - Management consultancy activities other than financial management,15307406
R01740,BRAMHALL CARE LIMITED,5 BRIGHTON RANGE,MANCHESTER,M18 7LP,27/11/2023,"87200 - Residential care activities for learning difficulties, mental health and substance abuse",15310886
R01741,B21 AUTOS LTD,"REAR OF 223, HOLYHEAD ROAD",BIRMINGHAM,B21 0AS,27/11/2023,45200 - Maintenance and repair of motor vehicles,15312221
R01742,ABM PROPERTY CARE LTD,"BARTLE HOUSE, 9 OXFORD COURT",MANCHESTER,M2 3WQ,30/11/2023,43341 - Painting,15318618
R01743,A & K DENTON LIMITED,"10 TOWN LANE, DENTON",MANCHESTER,M34 6LE,04/12/2023,56103 - Take-away food shops and mobile food stands,15325734
R01744,AMHA TRADERS LIMITED,"105 BARLOW ROAD, LEVENSHULME",MANCHESTER,M19 3FF,04/12/2023,46420 - Wholesale of clothing and footwear,15327654
R01745,AW (LONGHILL) LIMITED,"1 HARDMAN STREET, SPINNINGFIELDS",MANCHESTER,M3 3HF,06/12/2023,47730 - Dispensing chemist in specialised stores,15333010
R01746,AMG FAST LOGISTICS LIMITED,86 BURY OLD ROAD,MANCHESTER,M8 5BW,07/12/2023,53201 - Licensed carriers,15333747
R01747,BLANKET MEDIA WEST MIDLANDS LTD,40 ERCALL CLOSE,BIRMINGHAM,B23 7TJ,12/12/2023,70210 - Public relations and communications activities,15346185
R01748,AJH ENGINEERING LTD,33 LUDGATE HILL,BIRMINGHAM,B3 1EH,14/12/2023,62020 - Information technology consultancy activities,15350904
R01749,ADVIK TECHNOLOGIES LIMITED,"61 WATER STREET, JEWELLERY QUARTER",BIRMINGHAM,B3 1HN,15/12/2023,27200 - Manufacture of batteries and accumulators,15354757
R01750,ARCADIA INNOVATION LTD,40 LEAHILL CROFT,BIRMINGHAM,B37 5JN,27/12/2023,30300 - Manufacture of air and spacecraft and related machinery,15370987
R01751,AUXILIUM EQUITY LIMITED,4 TENBY STREET,BIRMINGHAM,B1 3EL,27/12/2023,64205 - Activities of financial services holding companies,15371501
R01752,AKAAL TRAVEL LTD,"68-82 SOHO HILL, BIRMINGHAM",BIRMINGHAM,B19 1AA,28/12/2023,79110 - Travel agency activities,15372261
R01753,3RD EYE BOOKKEEPING & PAYROLL LTD,"MEADOWBROOK MILLER STREET, RADCLIFFE",MANCHESTER,M26 4JG,28/12/2023,69202 - Bookkeeping activities,15372710
R01754,A.M HOUSING SERVICES LTD,99 COLDBATH ROAD,BIRMINGHAM,B13 0AH,28/12/2023,68209 - Other letting and operating of own or leased real estate,15373925
R01755,ARUF GROUP LTD,32 CHATLEY STREET,MANCHESTER,M3 1HX,29/12/2023,47910 - Retail sale via mail order houses or via Internet,15375667
R01756,192 CONSULTANCY LTD,12 ROLLASON ROAD,BIRMINGHAM,B24 9BJ,29/12/2023,70229 - Management consultancy activities other than financial management,15376405
R01757,AMAZING SALES MANCHESTER LIMITED,"55 KINGSWAY, SWINTON",MANCHESTER,M27 4JW,29/12/2023,"47990 - Other retail sale not in stores, stalls or markets",15376776
R01758,AFAQ FOR TRADING LTD,"UNIT 7 INITIAL BUSINESS CENTER, WILSON BUSINESS PARK",MANCHESTER,M40 8WN,31/12/2023,46900 - Non-specialised wholesale trade,15377740
R01759,APEX BRANDS LIMITED,"UNIT 7 FAIRHILLS INDUSTRIAL ESTATE, WOODROW WAY, IRLAM",MANCHESTER,M44 6ZQ,01/01/2024,47910 - Retail sale via mail order houses or via Internet,15379618
R01760,A2024CONSULTING LIMITED,1D QUEENS ROAD,MANCHESTER,M8 8UQ,05/01/2024,70229 - Management consultancy activities other than financial management,15389663
R01761,AYA GOLD LTD,"91 SIMISTER LANE, PRESTWICH",MANCHESTER,M25 2SU,05/01/2024,32120 - Manufacture of jewellery and related articles,15391189
R01762,AI REPAIRS LIMITED,"NF18 ARNDALE MARKET, 49 HIGH STREET",MANCHESTER,M4 3AH,06/01/2024,95110 - Repair of computers and peripheral equipment,15392490
R01763,AHFAD BRIGHT FUTURE COMPANY LTD,"UNIT 7 INITIAL BUSINESS CENTRE, WILSON BUSINESS PARK",MANCHESTER,M40 8WN,06/01/2024,96090 - Other service activities n.e.c.,15393221
R01764,BAS SUPERSTORE LIMITED,"11-13 CAWDOR STREET, ECCLES",MANCHESTER,M30 0GB,10/01/2024,47250 - Retail sale of beverages in specialised stores,15402440
R01765,BEAM XYZ LTD,31 CHURCH ROAD,MANCHESTER,M22 4NN,10/01/2024,62012 - Business and domestic software development,15403107
R01766,5CX LIMITED,"C/O ACCOUNTS AND LEGAL, 81 KING STREET",MANCHESTER,M2 4AH,10/01/2024,99999 - Dormant Company,15403727
R01767,ARS IMPORTS LIMITED,1G QUEENS ROAD,MANCHESTER,M8 8UQ,15/01/2024,47910 - Retail sale via mail order houses or via Internet,15413374
R01768,360AUTOSUK LTD,"44 BIRMINGHAM ROAD, SUTTON COLDFIELD",BIRMINGHAM,B72 1QQ,15/01/2024,45200 - Maintenance and repair of motor vehicles,15414258
R01769,BRICKFIELD PROPERTIES GROUP LTD,"38 CITY VIEW, ERDINGTON",BIRMINGHAM,B23 6GP,16/01/2024,68209 - Other letting and operating of own or leased real estate,15418375
R01770,ARWCARSALESMCR LTD,45 VAUGHAN ROAD,MANCHESTER,M21 0ZL,22/01/2024,45112 - Sale of used cars and light motor vehicles,15431336
R01771,ASCEND MEDICAL LIMITED,"UNIT 1E, BROMSGROVE HOUSE, 88 BROMSGROVE STREET",BIRMINGHAM,B5 6AJ,25/01/2024,47910 - Retail sale via mail order houses or via Internet,15443565
R01772,BEST ASSET GENERATION LTD,"344 WALKDEN ROAD, WORSLEY",MANCHESTER,M28 7ER,26/01/2024,68100 - Buying and selling of own real estate,15444118
R01773,BHAKAR REALTY INVESTMENT COMPANY LTD,36 BRYNDALE AVENUE,BIRMINGHAM,B14 6NG,29/01/2024,41202 - Construction of domestic buildings,15451222
R01774,BIG RED PROPERTIES LTD,"5 FAIRWAY COURT, DENTON",MANCHESTER,M34 3QG,30/01/2024,68100 - Buying and selling of own real estate,15452896
R01775,BHANGRA LTD,"369 HAGLEY ROAD WEST, QUINTON",BIRMINGHAM,B32 2AL,30/01/2024,96040 - Physical well-being activities,15453146
R01776,ADEL AND SONS ESTATES LIMITED,77 MOTT STREET,BIRMINGHAM,B19 3HE,31/01/2024,68100 - Buying and selling of own real estate,15456359
R01777,BOUQUET & BALLOONS LTD,170 CHAPMAN STREET,MANCHESTER,M18 8WD,01/02/2024,"47760 - Retail sale of flowers, plants, seeds, fertilizers, pet animals and pet food in specialised stores",15459224
R01778,BOLD LEAP CARE LIMITED,2 WHEELEYS ROAD,BIRMINGHAM,B15 2LD,04/02/2024,87900 - Other residential care activities n.e.c.,15465356
R01779,AYMAN EMARA FOR INVESTMENT LTD,"UNIT 7 INITIAL BUSINESS CENTRE, WILSON BUSINESS PARK",MANCHESTER,M40 8WN,05/02/2024,46900 - Non-specialised wholesale trade,15468361
R01780,ADVANCE FORWARD TWO WORK LTD,"BRANSTON COURT, BRANSTON STREET",BIRMINGHAM,B18 6BA,05/02/2024,85422 - Post-graduate level higher education,15468631
R01781,ALYSTR NASH MUSIC LTD,"7A BELGRAVE CRESCENT, ECCLES",MANCHESTER,M30 9AE,07/02/2024,59200 - Sound recording and music publishing activities,15470870
R01782,AUTO MATTERS LIMITED,"UNIT 6 VICTORY PARK INDUSTRIAL ESTATE, FAILSWORTH",MANCHESTER,M35 0BG,07/02/2024,71129 - Other engineering activities,15470986
R01783,ARC VISION MONITORING LIMITED,"C/O AMS ACCOUNTANTS 1 HARDMAN STREET, SPINNINGFIELDS",MANCHESTER,M3 3HF,10/02/2024,62012 - Business and domestic software development,15481039
R01784,ADJEI CONSULTANCY LTD,"BATTLE HOUSE, OXFORD COURT",MANCHESTER,M2 3WQ,12/02/2024,62020 - Information technology consultancy activities,15483216
R01785,A2B SITE SERVICES LTD,"43 NOWELL COURT, MIDDLETON",MANCHESTER,M24 6EY,16/02/2024,43390 - Other building completion and finishing,15495750
R01786,AL-QASIM HOLDINGS LTD,382 KINGSWAY,MANCHESTER,M19 1PL,16/02/2024,68100 - Buying and selling of own real estate,15495770
R01787,BABOON JUICE LIMITED,"9 KENILWORTH AVENUE, SWINTON",MANCHESTER,M27 8JA,19/02/2024,56101 - Licensed restaurants,15502430
R01788,AK BUSINESS SERVICES LIMITED,295A BIRCHFIELD ROAD,BIRMINGHAM,B20 3BX,21/02/2024,70229 - Management consultancy activities other than financial management,15510655
R01789,AUTOPAY PARKING LIMITED,209 EVERY STREET,MANCHESTER,M4 7EX,21/02/2024,62012 - Business and domestic software development,15511486
R01790,4LEAF TREASURE LTD,264 COTTERILLS LANE,BIRMINGHAM,B8 2PE,22/02/2024,47190 - Other retail sale in non-specialised stores,15512810
R01791,BAY E C LTD,10 GROVE HILL ROAD,BIRMINGHAM,B21 9PA,23/02/2024,"47990 - Other retail sale not in stores, stalls or markets",15517808
R01792,AMPLIFY PUBLIC AFFAIRS LTD,"UNIT 3 CUCKOO WHARF, LICHFIELD ROAD",BIRMINGHAM,B6 7SS,24/02/2024,70229 - Management consultancy activities other than financial management,15519336
R01793,AMRO AMASHA LIMITED,"30 PARKFIELD ROAD, ALUM ROCK",BIRMINGHAM,B8 3AU,24/02/2024,"84120 - Regulation of health care, education, cultural and other social services, not incl. social security",15519768
R01794,AUTOMOTIVE & MACHINERY SAFETY LTD,14 BURTONS PARK ROAD,BIRMINGHAM,B36 0TW,27/02/2024,71122 - Engineering related scientific and technical consulting activities,15526708
R01795,ALHADADEEN FOOD LTD,"196 LIVERPOOL ROAD, ECCLES",MANCHESTER,M30 0PF,29/02/2024,56103 - Take-away food shops and mobile food stands,15532493
R01796,AFFILIATE MARKETING LTD,"63 BENNETTS ROAD, SALTLEY",BIRMINGHAM,B8 1QJ,04/03/2024,47910 - Retail sale via mail order houses or via Internet,15539583
R01797,BPS2 LTD,"166 HIGHFIELD ROAD, HALL GREEN",BIRMINGHAM,B28 0HT,06/03/2024,68100 - Buying and selling of own real estate,15544059
R01798,AHEAD BUILDERS LTD,27 27 GILES STREET,MANCHESTER,M12 5GE,07/03/2024,41100 - Development of building projects,15545609
R01799,BATHROOM MASTERY LTD,"222 222 GREGORY AVENUE, 222 GREGORY AVENUE",BIRMINGHAM,B29 5DR,07/03/2024,41202 - Construction of domestic buildings,15546256
R01800,ADAR GROUP LIMITED,"111 RICO HOUSE GEORGE STREET, PRESTWICH",MANCHESTER,M25 9WS,07/03/2024,70221 - Financial management,15546882
R01801,BIGORANGE SERVICES LTD,"31 HERRINGBONE ROAD 31 HERRINGBONE ROAD, WORSLEY",MANCHESTER,M28 3YJ,08/03/2024,56101 - Licensed restaurants,15548778
R01802,8VIO HOME LTD,10 PARK PLACE,MANCHESTER,M4 4EY,09/03/2024,68100 - Buying and selling of own real estate,15551112
R01803,BLUESTONE TRADING LIMITED,"UNIT 7 INITIAL BUSINESS CENTRE, WILSON BUSINESS PARK, MONSALL ROAD",MANCHESTER,M40 8WN,11/03/2024,96090 - Other service activities n.e.c.,15553073
R01804,ATLANTIC TRADING (WORLDWIDE) LIMITED,"PETER HOUSE, OXFORD STREET",MANCHESTER,M1 5AN,11/03/2024,70229 - Management consultancy activities other than financial management,15554443
R01805,BRASS LOCK LTD,194 PARKDALE ROAD,BIRMINGHAM,B26 3UX,12/03/2024,62020 - Information technology consultancy activities,15556198
R01806,ALBIE ALES LTD,4 BROOKCOT ROAD,MANCHESTER,M23 1DU,13/03/2024,56302 - Public houses and bars,15560892
R01807,BOSMA LOGISTIC LTD,291 MOSTON LANE,MANCHESTER,M40 9WJ,14/03/2024,52242 - Cargo handling for air transport activities,15561501
R01808,BE MORE MARTYN LTD,"1 HARDMAN STREET, SPINNINGFIELDS",MANCHESTER,M3 3HF,16/03/2024,86210 - General medical practice activities,15566924
R01809,BROS ENTERPRISE LTD,4 FORGER CLOSE,BIRMINGHAM,B42 2FF,16/03/2024,53202 - Unlicensed carrier,15569739
R01810,BECODEMY PRIVATE LTD,"OFFICE 12 INITIAL BUSINESS CENTRE, WILSON BUSINESS PARK",MANCHESTER,M40 8WN,19/03/2024,47190 - Other retail sale in non-specialised stores,15575849
R01811,ALFAREED VENTURE LTD,31 PORTLAND ROAD,MANCHESTER,M13 0SA,20/03/2024,47910 - Retail sale via mail order houses or via Internet,15579147
R01812,BIRCH & SONS CARPENTRY LTD,130 LANCHESTER WAY,BIRMINGHAM,B36 9LE,22/03/2024,43390 - Other building completion and finishing,15584385
R01813,1ST EAST LIMITED,"UNIT 7 INITIAL BUSINESS CENTRE, WILSON BUSINESS PARK, MONSALL ROAD",MANCHESTER,M40 8WN,26/03/2024,96090 - Other service activities n.e.c.,15593748
R01814,BAYCITY SOLUTIONS LIMITED,"UNIT 7 INITIAL BUSINESS CENTRE, WILSON BUSINESS PARK, MONSALL ROAD",MANCHESTER,M40 8WN,27/03/2024,46900 - Non-specialised wholesale trade,15596868
R01815,2205 LIMITED,"PICCADILLY BUSINESS CENTRE UNIT C ALDOW ENTERPRISE PARK, BLACKETT STREET",MANCHESTER,M12 6AE,27/03/2024,56290 - Other food services,15597573
R01816,AKABOL LIMITED,"54 SOUTHDOWN CRESCENT, CHARLESTOWN",MANCHESTER,M9 7DG,28/03/2024,86101 - Hospital activities,15599693
R01817,ANSARI TRADING GROUP LTD,"UNIT 5, 2-4 BRADSTONE ROAD",MANCHESTER,M8 8WA,28/03/2024,47910 - Retail sale via mail order houses or via Internet,15600941
R01818,AQSA NASEER LIMITED,32 MENTOR STREET,MANCHESTER,M13 0QW,29/03/2024,94120 - Activities of professional membership organizations,15601924
R01819,ACCUGROWTH LTD,1 FINSBURY AVENUE,MANCHESTER,M40 2RX,30/03/2024,73110 - Advertising agencies,15604214
R01820,ASZMA PROPERTY SERVICES LTD,3 COUCHMAN ROAD,BIRMINGHAM,B8 3SL,01/04/2024,68100 - Buying and selling of own real estate,15607799
R01821,AL-BARAKA INDUSTRY COMPANY LTD,"UNIT 7 INITIAL BUSINESS CENTRE, WILSON BUSINESS PARK",MANCHESTER,M40 8WN,03/04/2024,46900 - Non-specialised wholesale trade,15613981
R01822,BELONG2U LTD,"INITIAL BUSINESS CENTRE, UNIT 7 WILSON BUSINESS PARK",MANCHESTER,M40 8WN,07/04/2024,46480 - Wholesale of watches and jewellery,15623921
R01823,AUTOS CRAFT LTD,"UNIT 13A, 294 CHERRYWOOD ROAD",BIRMINGHAM,B9 4UU,08/04/2024,45200 - Maintenance and repair of motor vehicles,15626484
R01824,BM CAPITAL ESTATES LTD,42 SHEPHERDS GREEN ROAD,BIRMINGHAM,B24 8EU,09/04/2024,68100 - Buying and selling of own real estate,15628225
R01825,AGNES G LTD,"46 WOODBROOKE GROVE, NORTHFIELD",BIRMINGHAM,B31 2FG,10/04/2024,69102 - Solicitors,15634196
R01826,AZIZ & BEGUM PROPERTIES LIMITED,30 HAWTHORN CLOSE,BIRMINGHAM,B9 4JF,10/04/2024,68209 - Other letting and operating of own or leased real estate,15634799
R01827,BEPILATES LIMITED,"1ST FLOOR, 98-100 HOSPITAL STREET",BIRMINGHAM,B19 3QP,11/04/2024,93130 - Fitness facilities,15636847
R01828,BASKET2DOOR LTD,"OFFICE #5Y, FIRST FLOOR, UNIT 2, LITTLE GIANT MALL, 30-32 KNOWSLEY STREET",MANCHESTER,M8 8HQ,11/04/2024,47910 - Retail sale via mail order houses or via Internet,15637685
R01829,BARNES VILLAGE SPV LIMITED,"PORTLAND HOUSE GROUND FLOOR OFFICES, 103 PORTLAND STREET",MANCHESTER,M1 6DF,14/04/2024,68100 - Buying and selling of own real estate,15645808
R01830,AB1 CAPITAL LTD,"46 THE PRIORY QUEENSWAY, INTERNATIONAL HOUSE, THE MCLAREN BUILDING",BIRMINGHAM,B4 7LR,16/04/2024,70229 - Management consultancy activities other than financial management,15651788
R01831,AH INSULATION AND HEATING LTD,83 BENNETTS ROAD,BIRMINGHAM,B8 1QJ,17/04/2024,"43220 - Plumbing, heat and air-conditioning installation",15656112
R01832,ALEGRIA PROPERTY SERVICES LTD,"534 KINGS ROAD, STRETFORD",MANCHESTER,M32 8JT,18/04/2024,68100 - Buying and selling of own real estate,15659354
R01833,ASLI CARS LIMITED,10 BURLINGTON STREET,BIRMINGHAM,B6 4UB,19/04/2024,49320 - Taxi operation,15660769
R01834,ATHENA HOLDINGS GROUP LIMITED,"C/O BLUEWATER QUADRANT COURT, 49 CALTHORPE ROAD",BIRMINGHAM,B15 1TH,22/04/2024,64209 - Activities of other holding companies n.e.c.,15665739
R01835,AS DWELLINGS LTD,"20 CARR BROOK DRIVE, ATHERTON",MANCHESTER,M46 9HT,22/04/2024,68100 - Buying and selling of own real estate,15666937
R01836,ASMD HOLDING LIMITED,312 BRISTOL ROAD,BIRMINGHAM,B5 7SN,23/04/2024,68100 - Buying and selling of own real estate,15673381
R01837,ANDROID SYSTEMS LIMITED,"55 KINGSWAY, SWINTON",MANCHESTER,M27 4JW,24/04/2024,45310 - Wholesale trade of motor vehicle parts and accessories,15676287
R01838,ASTONCROFT TRADING LIMITED,"UNIT 7 INITIAL BUSINESS CENTRE, WILSON BUSINESS PARK, MONSALL ROAD",MANCHESTER,M40 8WN,24/04/2024,46900 - Non-specialised wholesale trade,15677085
R01839,A.Z PENN LTD,"213 WARREN ROAD, WASHWOOD HEATH",BIRMINGHAM,B8 2YG,24/04/2024,47910 - Retail sale via mail order houses or via Internet,15677745
R01840,AL ATAD INTERNATIONAL LTD,"UNIT 7 INITIAL BUSINESS CENTRE, WILSON BUSINESS PARK, MONSALL ROAD",MANCHESTER,M40 8WN,25/04/2024,96090 - Other service activities n.e.c.,15678775
R01841,BADER RESTAURANT 2 LTD,"GROUND FLOOR 13 ST., MARYS ROW",BIRMINGHAM,B13 8HW,25/04/2024,56102 - Unlicensed restaurants and cafes,15679309
R01842,APEX CAPITAL SOLUTIONS LIMITED,"FLAT G06 WHITWORTH, 39 POTATO WHARF",MANCHESTER,M3 4BH,25/04/2024,64991 - Security dealing on own account,15680838
R01843,2827 MANAGEMENT LTD,"369 HAGLEY ROAD WEST, QUINTON",BIRMINGHAM,B32 2AL,26/04/2024,70229 - Management consultancy activities other than financial management,15683420
R01844,AWM CREATIONS LTD,58 CYRIL ROAD,BIRMINGHAM,B10 0TG,28/04/2024,"47990 - Other retail sale not in stores, stalls or markets",15686830
R01845,BA HOMES LIMITED,82 BROCKHURST ROAD,BIRMINGHAM,B36 8JD,29/04/2024,68100 - Buying and selling of own real estate,15689650
R01846,BIG DRAG EVENTS LTD,11 CHORLEY WOOD AVENUE,MANCHESTER,M19 1HE,29/04/2024,90010 - Performing arts,15690847
R01847,BRAVO BRV LIMITED,"APARTMENT 1219 NOBEL WAY, UHAUS VITA LIVING EAST",MANCHESTER,M1 7FY,30/04/2024,13990 - Manufacture of other textiles n.e.c.,15692889
R01848,ASH CYBER SECURITY LTD,"931 BRISTOL ROAD, SELLY OAK",BIRMINGHAM,B29 6ND,30/04/2024,62020 - Information technology consultancy activities,15694515
R01849,BAKAN GIZO UK LTD,"DYNASTY HOUSE, KAY STREET",MANCHESTER,M11 2DX,30/04/2024,46460 - Wholesale of pharmaceutical goods,15695155
R01850,AJDENT LTD,"1 HARDMAN STREET, SPINNINGFIELDS",MANCHESTER,M3 3HF,30/04/2024,86230 - Dental practice activities,15695386
R01851,ABN PROPERTIES LTD,114 SOMERVILLE ROAD,BIRMINGHAM,B10 9HD,03/05/2024,68209 - Other letting and operating of own or leased real estate,15701570
R01852,BOOTLE DEVELOPMENT LIMITED,"71 KENYON LANE, MIDDLETON",MANCHESTER,M24 2QS,09/05/2024,68100 - Buying and selling of own real estate,15710819
R01853,AUTO REPAIR WINSON GREEN LTD,171 WELLINGTON STREET,BIRMINGHAM,B18 4NN,10/05/2024,45200 - Maintenance and repair of motor vehicles,15713048
R01854,A&M COMMERCIAL SERVICES LTD,14 UNDERHILL ROAD,BIRMINGHAM,B8 3AH,12/05/2024,74902 - Quantity surveying activities,15715646
R01855,ALLIANCE OF GREEN BUILDERS LTD,"THE ORCHARD, ROCKWELL LANE",BIRMINGHAM,B48 7QT,13/05/2024,41100 - Development of building projects,15718271
R01856,ANHUBOOKS LIMITED,2 BERTHA ROAD,BIRMINGHAM,B11 2NN,14/05/2024,69202 - Bookkeeping activities,15720873
R01857,ASH & A LTD,"2 NORTH WESTERN STREET, LEVENSHULME",MANCHESTER,M19 3NY,15/05/2024,56103 - Take-away food shops and mobile food stands,15723346
R01858,AYSHA LTD,61 RICHMOND ROAD,BIRMINGHAM,B33 8TL,16/05/2024,56103 - Take-away food shops and mobile food stands,15725057
R01859,AAZTECH LIMITED,8 BEASTOW ROAD,MANCHESTER,M12 5GS,17/05/2024,47190 - Other retail sale in non-specialised stores,15726126
R01860,AR LANCASHIRE LTD,27 HALSBURY CLOSE,MANCHESTER,M12 4NP,19/05/2024,13923 - manufacture of household textiles,15728875
R01861,ALFAISALS CATERING LIMITED,"166B SONEX CONSULTANCY C/O, ALCESTER ROAD",BIRMINGHAM,B13 8HS,20/05/2024,56290 - Other food services,15730449
R01862,BLOXWICH NAIL BAR LTD,100-104 BRISTOL STREET,BIRMINGHAM,B5 7AH,21/05/2024,96020 - Hairdressing and other beauty treatment,15731913
R01863,AGL ACCOUNTANTS AND TAX CONSULTANTS LTD,2C & 2D BAMVILLE ROAD,BIRMINGHAM,B8 2TL,21/05/2024,69201 - Accounting and auditing activities,15732740
R01864,BON STAYS LTD,39 KINGSLAND ROAD,BIRMINGHAM,B44 9PT,22/05/2024,68209 - Other letting and operating of own or leased real estate,15736171
R01865,AR AL MAKKAH GLASS COMPANY LTD,"UNIT 7 INITIAL BUSINESS CENTRE, WILSON BUSINESS PARK",MANCHESTER,M40 8WN,23/05/2024,46900 - Non-specialised wholesale trade,15736605
R01866,ART NEVER FADE LIMITED,17 ASHTON CROFT,BIRMINGHAM,B16 8EX,24/05/2024,90030 - Artistic creation,15738774
R01867,AY UK ENTERPRISES LIMITED,182 SOHO HILL,BIRMINGHAM,B19 1AG,24/05/2024,68100 - Buying and selling of own real estate,15739234
R01868,BENZ COLLECTIVE LIMITED,"C/O SLATER HEELIS LIMITED, 86 DEANSGATE",MANCHESTER,M3 2ER,26/05/2024,91020 - Museums activities,15744121
R01869,A2 GAMING LIMITED,"SAFFERY TRINITY, 16 JOHN DALTON STREET",MANCHESTER,M2 6HY,28/05/2024,62011 - Ready-made interactive leisure and entertainment software development,15746604
R01870,21 DESIGN CONSTRUCTION LIMITED,57 WENTWORTH WAY,BIRMINGHAM,B32 2UX,31/05/2024,43390 - Other building completion and finishing,15753516
R01871,ANY TOM DICK & HARRY LIMITED,"UNIT 4, MARLIN OFFICE VILLAGE, 1250 CHESTER ROAD,",BIRMINGHAM,B35 7AZ,02/06/2024,99999 - Dormant Company,15755913
R01872,AMICUS LEGAL SERVICES LTD,121 LIVERY STREET,BIRMINGHAM,B3 1RS,02/06/2024,70229 - Management consultancy activities other than financial management,15756414
R01873,ABERDEEN FRASER ASSETS LIMITED,"1ST FLOOR RICO HOUSE GEORGE STREET, PRESTWICH",MANCHESTER,M25 9WS,05/06/2024,68209 - Other letting and operating of own or leased real estate,15762309
R01874,AL HARBI INTERNATIONAL TRAVEL & TOURS LTD,"226 WARWICK ROAD, SPARKHILL",BIRMINGHAM,B11 2NB,06/06/2024,51101 - Scheduled passenger air transport,15765932
R01875,BRITANIA WHEELS LTD,"08 LIDGETT CLOSE, LITTLE HULTON",MANCHESTER,M38 9NN,07/06/2024,45112 - Sale of used cars and light motor vehicles,15766684
R01876,8 STARS TYS LTD,5 KELVIN STREET,MANCHESTER,M4 1ET,07/06/2024,11040 - Manufacture of other non-distilled fermented beverages,15768124
R01877,ATLANTIS EDUCATION AND TRAINING LTD,"125 CHURCH LANE, HANDSWORTH",BIRMINGHAM,B20 2HJ,10/06/2024,85600 - Educational support services,15770150
R01878,A I IMMIGRATION SERVICES LTD,"UNIT 1 , 214-218 HERBERT ROAD, SMALL HEATH",BIRMINGHAM,B10 0PR,12/06/2024,69102 - Solicitors,15774609
R01879,ATKINS GARDENING AND GROUNDS MAINTENANCE LTD,"26 THE GREEN, KINGS NORTON",BIRMINGHAM,B38 8SD,19/06/2024,81300 - Landscape service activities,15788083
R01880,A-NET PROFESSIONALS LIMITED,56 CLAVERDON DRIVE,BIRMINGHAM,B43 5HP,19/06/2024,69201 - Accounting and auditing activities,15789506
R01881,AGRSOFT LTD,"3 ASHBOURNE GROVE, FENTHEM ROAD, ASTON",BIRMINGHAM,B6 6AY,19/06/2024,62012 - Business and domestic software development,15789620
R01882,BK BOXING LIMITED,"275 KINGS ROAD, CHORLTON CUM HARDY",MANCHESTER,M21 0XG,21/06/2024,96040 - Physical well-being activities,15792661
R01883,AGITO MEDICAL LIMITED,"BIRMINGHAM BUSINESS PARK, 1310 SOLIHULL PARKWAY",BIRMINGHAM,B37 7YB,22/06/2024,86900 - Other human health activities,15794746
R01884,AHMEDZ PROPERTIES LIMITED,11 BROOKLYN AVENUE,MANCHESTER,M16 0BY,25/06/2024,68100 - Buying and selling of own real estate,15801362
R01885,AMOVITA GROUP LTD,20-26 KAY STREET,MANCHESTER,M11 2DU,27/06/2024,47910 - Retail sale via mail order houses or via Internet,15806814
R01886,92 LETTINGS LTD,17 HARTINGTON STREET,MANCHESTER,M14 4RW,27/06/2024,68100 - Buying and selling of own real estate,15806999
R01887,BISMA INTERNATIONAL LTD,13-14 OLD GRANGE ROAD,BIRMINGHAM,B11 4LL,01/07/2024,47721 - Retail sale of footwear in specialised stores,15813003
R01888,ALRIGHT BAB LTD,7 REDFORD CLOSE,BIRMINGHAM,B13 9YX,02/07/2024,59112 - Video production activities,15814129
R01889,AMENDS ROOFING & POINTING LIMITED,"CROWN HOUSE 4 HIGH STREET, TYLDESLEY",MANCHESTER,M29 8AL,02/07/2024,43910 - Roofing activities,15814335
R01890,B7 HOUSING LTD,36 ALLENS CROFT ROAD,BIRMINGHAM,B14 6RQ,02/07/2024,68100 - Buying and selling of own real estate,15815336
R01891,AH ALBANY LTD,71 FRANCIS ROAD,BIRMINGHAM,B16 8SP,03/07/2024,68100 - Buying and selling of own real estate,15816379
R01892,A&T FISHMONGER LTD,83 BERESFORD ROAD,MANCHESTER,M13 0TA,05/07/2024,"46380 - Wholesale of other food, including fish, crustaceans and molluscs",15821563
R01893,ANAMARIA CLEANING EXPERTS LTD,15 CHURCHILL ROAD,BIRMINGHAM,B9 5NY,08/07/2024,81210 - General cleaning of buildings,15823260
R01894,APEX20 SOLUTIONS LTD.,34 RUABON ROAD,MANCHESTER,M20 5LW,10/07/2024,96090 - Other service activities n.e.c.,15830194
R01895,ABOVE REAL ESTATES LTD,"292 ROOKERY ROAD, HANDSWORTH",BIRMINGHAM,B21 9PR,10/07/2024,68100 - Buying and selling of own real estate,15831773
R01896,AKHTAR HOLDINGS (MIDLANDS) LTD,"15 THE VALE, SPARKHILL",BIRMINGHAM,B11 4EN,11/07/2024,68209 - Other letting and operating of own or leased real estate,15833616
R01897,BAHAAR BANOO LIMITED,"CHATSWORTH HOUSE APARTMENT 201, 19 LEVER STREET",MANCHESTER,M1 1BY,12/07/2024,47890 - Retail sale via stalls and markets of other goods,15835661
R01898,AVENTUS PROPERTY INVESTMENTS LIMITED,"BARTLE HOUSE, 9 OXFORD COURT",MANCHESTER,M2 3WQ,16/07/2024,68100 - Buying and selling of own real estate,15841971
R01899,ARTAL GROUP LIMITED,9 JORDAN STREET,MANCHESTER,M15 4PY,16/07/2024,64209 - Activities of other holding companies n.e.c.,15842121
R01900,ALLA PROPERTIES LTD,123 AYRES ROAD,MANCHESTER,M16 9NR,17/07/2024,68100 - Buying and selling of own real estate,15845164
R01901,BLUEPRINT ENGINEERING CONSULTING LTD,30 ANTHONY CLOSE,MANCHESTER,M12 5EJ,17/07/2024,41100 - Development of building projects,15845269
R01902,ANUNNAKI TECHNOLOGIES LIMITED,"C/O ALEXANDER & CO CENTURION HOUSE, 129 DEANSGATE",MANCHESTER,M3 3WR,18/07/2024,58290 - Other software publishing,15845352
R01903,ARAKNET SOLUTIONS LTD,"STUDIO 9, 50-54 ST. PAULS SQUARE",BIRMINGHAM,B3 1QS,18/07/2024,62090 - Other information technology service activities,15845381
R01904,BROOKLYN HEIGHT PROPERTIES LTD,29 PEMBROKE CROFT,BIRMINGHAM,B28 9EY,21/07/2024,68100 - Buying and selling of own real estate,15849629
R01905,ABOUT CHANGE EDUCATION LTD,"26 THE GREEN, KINGS NORTON",BIRMINGHAM,B38 8SD,22/07/2024,85600 - Educational support services,15851770
R01906,AJS SUPERSTORE LTD,"FIRST FLOOR, SWAN BUILDINGS, 20 SWAN STREET",MANCHESTER,M4 5JW,23/07/2024,46900 - Non-specialised wholesale trade,15853080
R01907,A TRANSFER LTD,12 CARISBROOKE AVENUE,BIRMINGHAM,B37 7SG,25/07/2024,49390 - Other passenger land transport,15858054
R01908,AUTOMOTIVE MANIA LIMITED,"UNIT 8 50 JAMES ROAD, TYSELEY",BIRMINGHAM,B11 2BA,25/07/2024,96090 - Other service activities n.e.c.,15858688
R01909,BANDESHA.BROTHERS LIMITED,"UNIT 3 VICTORY PARK INDUSTRIAL ESTATE, FAILSWORTH",MANCHESTER,M35 0BG,25/07/2024,47910 - Retail sale via mail order houses or via Internet,15859144
R01910,A@MD SERVICES LTD,"FLAT 1, 67, REYLAND ROAD",BIRMINGHAM,B24 8JJ,26/07/2024,52290 - Other transportation support activities,15859683
R01911,ABUSHAWESH AND PARTNER FOR TRADING LTD,"UNIT 7 INITIAL BUSINESS CENTRE, WILSON BUSINESS PARK",MANCHESTER,M40 8WN,29/07/2024,46900 - Non-specialised wholesale trade,15863897
R01912,BOHDI SUPPLEMENTS LIMITED,25 BRADFORD ROAD,MANCHESTER,M40 7EY,03/08/2024,"47990 - Other retail sale not in stores, stalls or markets",15874100
R01913,AGNEESWARA LTD,748 ALUM ROCK ROAD,BIRMINGHAM,B8 3PP,03/08/2024,"47110 - Retail sale in non-specialised stores with food, beverages or tobacco predominating",15875019
R01914,AKRAM STEEL LIMITED,"UNIT 5, CORNWALL STREET INDUSTRIAL ESTATE",MANCHESTER,M11 2WL,05/08/2024,33110 - Repair of fabricated metal products,15878365
R01915,AJAY SINGH BHATOA LTD,30 COXWELL GARDENS,BIRMINGHAM,B16 9EN,05/08/2024,99999 - Dormant Company,15879138
R01916,4LEX HOSPITALITY LTD,7 SAXON STREET,MANCHESTER,M40 7BY,06/08/2024,56101 - Licensed restaurants,15879608
R01917,BORED WRECKERS MARKETPLACE LTD,"1 MARINA PLACE, APARTMENT 28, SMITH HOUSE",BIRMINGHAM,B16 8WQ,07/08/2024,32401 - Manufacture of professional and arcade games and toys,15883489
R01918,ANTAOBOAT INTERNATIONAL COMMERCE LTD,"PICCADILLY BUSINESS CENTRE PICCADILLY BUSINESS CENTRE, UNIT C ALDOW ENTERPRISE PARK, BLACKETT STREET",MANCHESTER,M12 6AE,07/08/2024,46900 - Non-specialised wholesale trade,15883706
R01919,786 MANAGEMENT LTD,199 GOLDEN HILLOCK ROAD,BIRMINGHAM,B11 2PN,08/08/2024,68209 - Other letting and operating of own or leased real estate,15885007
R01920,ACCESS AND DOCK LTD,"ACCESS AND DOCK LTD OFFICE 1, IZABELLA HOUSE, 24-26 REGENT PLACE, CITY CENTRE",BIRMINGHAM,B1 3NJ,08/08/2024,71129 - Other engineering activities,15885939
R01921,AZURO MONEY LIMITED,"519-523 HYDE ROAD, IHK HOUSE",MANCHESTER,M12 5FL,08/08/2024,64999 - Financial intermediation not elsewhere classified,15885946
R01922,BAAZ PROPERTY HOLDINGS LTD,"ONYX HOUSE 12 PHOENIX BUSINESS PARK, AVENUE CLOSE",BIRMINGHAM,B7 4NU,08/08/2024,68320 - Management of real estate on a fee or contract basis,15886460
R01923,ACT-TRAINING LTD,"369 HAGLEY ROAD WEST, QUINTON",BIRMINGHAM,B32 2AL,15/08/2024,85530 - Driving school activities,15898258
R01924,AIU HOMES LIMITED,22 BEACHBURN WAY,BIRMINGHAM,B20 2AU,20/08/2024,68201 - Renting and operating of Housing Association real estate,15908642
R01925,BIRMINGHAM CAR IMPORTER LTD,55 LANGLEY ROAD,BIRMINGHAM,B10 0TN,21/08/2024,45112 - Sale of used cars and light motor vehicles,15908737
R01926,ARX AURUM LIMITED,16 - 18 MARY STREET,MANCHESTER,M3 1NH,22/08/2024,32120 - Manufacture of jewellery and related articles,15912300
R01927,BLITZ HAULAGE LTD,"OFFICE 1, IZABELLA HOUSE 24-26 REGENT PLACE, CITY CENTRE",BIRMINGHAM,B1 3NJ,22/08/2024,52290 - Other transportation support activities,15912689
R01928,ARTEON INVESTOR LIMITED,6 MILLINGTON ROAD,BIRMINGHAM,B36 8BN,22/08/2024,68100 - Buying and selling of own real estate,15912956
R01929,ARLOW (BRE) LTD,"2 DERWENT AVENUE, CHORLTON",MANCHESTER,M21 7QP,23/08/2024,68100 - Buying and selling of own real estate,15914359
R01930,BLOOMING PROPERTY SERVICES LTD,"SUITE 2A, 6TH FLOOR COBALT SQUARE, 83-85 HAGLEY ROAD",BIRMINGHAM,B16 8QG,26/08/2024,68209 - Other letting and operating of own or leased real estate,15916758
R01931,BIRMINGHAM TRAINING ACADEMY LTD,"GROSVENOR HOUSE  11 ST  PAULS SQUARE, ST. PAULS SQUARE",BIRMINGHAM,B3 1RB,27/08/2024,85590 - Other education n.e.c.,15917927
R01932,ACCESS INTEGRATION LIMITED,"36 FREDERICK ROAD, SELLY OAK",BIRMINGHAM,B29 6PB,27/08/2024,99999 - Dormant Company,15919002
R01933,APP CONSULTING LTD,70 SUMMER LANE,BIRMINGHAM,B19 3NG,27/08/2024,"74909 - Other professional, scientific and technical activities n.e.c.",15919224
R01934,ASAP TUNING LTD,"116 YARDLEY ROAD, ACOCKS GREEN",BIRMINGHAM,B27 6LG,28/08/2024,45112 - Sale of used cars and light motor vehicles,15922129
R01935,AMNA PODIATRY LTD,231 MONTGOMERY STREET,BIRMINGHAM,B11 1DS,03/09/2024,86220 - Specialists medical practice activities,15934167
R01936,BEST CSR LTD,6 HOCKLEY HILL,BIRMINGHAM,B18 5AA,06/09/2024,82990 - Other business support service activities n.e.c.,15940894
R01937,BOWLAND PROPERTY DEVELOPMENT LIMITED,"BARTLE HOUSE, 9 OXFORD COURT",MANCHESTER,M2 3WQ,09/09/2024,41202 - Construction of domestic buildings,15943742
R01938,ASHVINE HOMES LTD,7 CROSBY CLOSE,BIRMINGHAM,B1 2QB,09/09/2024,68310 - Real estate agencies,15943766
R01939,ALL MIXED UP PRODUCTIONS LTD,"11 HEADLANDS DRIVE, PRESTWICH",MANCHESTER,M25 9YF,09/09/2024,59111 - Motion picture production activities,15944297
R01940,BAJ STORE LTD,11 BONHAM GROVE,BIRMINGHAM,B25 8RX,10/09/2024,46900 - Non-specialised wholesale trade,15949147
R01941,A R S PROPERTIES LTD,"462 DUDLEY ROAD, C/O FAIRFIELD ACCOUNTANTS LTD, WINSON GREEN",BIRMINGHAM,B18 4HF,11/09/2024,68209 - Other letting and operating of own or leased real estate,15949423
R01942,285DUALCONCEPTS LIMITED,"125 RESERVOIR ROAD, SELLY OAK",BIRMINGHAM,B29 6SU,13/09/2024,39000 - Remediation activities and other waste management services,15954348
R01943,365 DIGITAL MARKETING LIMITED,"COBALT SQUARE SUITE 2A, 6 FLOOR, 83-85 HAGLEY ROAD",BIRMINGHAM,B16 8QG,16/09/2024,73110 - Advertising agencies,15957442
R01944,BARAKA UK MINI MARKET LTD,334A PLATT LANE,MANCHESTER,M14 7DA,16/09/2024,"47110 - Retail sale in non-specialised stores with food, beverages or tobacco predominating",15958067
R01945,ADALYN UK LIMITED,"22 ALSTON WALK, MIDDLETON",MANCHESTER,M24 4LL,17/09/2024,"47240 - Retail sale of bread, cakes, flour confectionery and sugar confectionery in specialised stores",15961260
R01946,BAKEWELL HEALTHCARE LTD,81 SHIRLEY ROAD,MANCHESTER,M8 0WD,17/09/2024,47730 - Dispensing chemist in specialised stores,15961565
R01947,BOWER PROPERTY DEVELOPMENTS LTD,"12 MARY STREET, DROYLSDEN",MANCHESTER,M43 7AX,18/09/2024,68209 - Other letting and operating of own or leased real estate,15963234
R01948,ARTICHAULAGE LTD,107 BEAUMONT ROAD,BIRMINGHAM,B30 2EB,19/09/2024,"36000 - Water collection, treatment and supply",15967483
R01949,BLUE GEMINI LTD,"APARTMENT 1 VICTORIA PLACE 4 WORSLEY ROAD NORTH, WORSLEY",MANCHESTER,M28 3GW,19/09/2024,47910 - Retail sale via mail order houses or via Internet,15967713
R01950,19 MONART LIMITED,"12 WOODFIELD ROAD, MIDDLETON",MANCHESTER,M24 1NF,19/09/2024,68209 - Other letting and operating of own or leased real estate,15967915
R01951,BREAKPOINT MANCHESTER LTD,87 NEWTON STREET,MANCHESTER,M1 1EX,20/09/2024,93290 - Other amusement and recreation activities n.e.c.,15968768
R01952,ASRAN DIAGNOSTICS LIMITED,"25 BIRCH ROAD, ATHERTON",MANCHESTER,M46 9EA,23/09/2024,86220 - Specialists medical practice activities,15971649
R01953,BEST SHAWARMA PALACE LTD,"25 UNION STREET,, UNIT 1",BIRMINGHAM,B2 4TX,24/09/2024,56103 - Take-away food shops and mobile food stands,15976006
R01954,1 UK FRIED CHICKEN & PIZZA LTD,"584 GREEN LANE, SMALL HEATH",BIRMINGHAM,B9 5QG,24/09/2024,56103 - Take-away food shops and mobile food stands,15976104
R01955,BDPROTOTYPES LTD,"FIRST FLOOR, SWAN BUILDINGS, SWAN STREET",MANCHESTER,M4 5JW,24/09/2024,74100 - specialised design activities,15976182
R01956,APEXTECH LTD,49 SANDYHILL ROAD,MANCHESTER,M9 8JQ,25/09/2024,62020 - Information technology consultancy activities,15978643
R01957,BRIGHTEN UP MAINTENANCE LIMITED,17 KINGSMERE CLOSE,BIRMINGHAM,B24 8QL,25/09/2024,41202 - Construction of domestic buildings,15978894
R01958,BELISAMORE LIMITED,"BARTLE HOUSE, 9 OXFORD COURT",MANCHESTER,M2 3WQ,27/09/2024,47910 - Retail sale via mail order houses or via Internet,15983250
R01959,BOTH BARRELS PR & SPONSORSHIP MARKETING LTD,"FFT REEDHAM HOUSE, 31 KING STREET WEST",MANCHESTER,M3 2PJ,27/09/2024,70229 - Management consultancy activities other than financial management,15983904
R01960,BMG HAULAGE LIMITED,"651A MAULDETH ROAD WEST, CHORLTON",MANCHESTER,M21 7SA,27/09/2024,49410 - Freight transport by road,15984255
R01961,ASLAM & SONS LIMITED,7 SHEAF LANE,BIRMINGHAM,B26 3EJ,01/10/2024,33190 - Repair of other equipment,15990531
R01962,ATIFORIA LTD,"52 BOWLER STREET, LEVENSHULME",MANCHESTER,M19 2TY,02/10/2024,47910 - Retail sale via mail order houses or via Internet,15992497
R01963,BRIAN'S PROPERTY SOLUTIONS LTD,"245 CHURCH ROAD, URMSTON",MANCHESTER,M41 6EP,02/10/2024,43390 - Other building completion and finishing,15992637
R01964,BEEHIVE ENGINEERING CONSULTANCY LTD,"6 PLATINUM ROAD, URMSTON",MANCHESTER,M41 7LJ,04/10/2024,74902 - Quantity surveying activities,15997861
R01965,BANSAL CONSTRUCTION LTD,47 EARLSMEAD ROAD,BIRMINGHAM,B21 0HU,07/10/2024,43910 - Roofing activities,16001285
R01966,5D DEVELOPMENTS LTD,382 KINGSWAY,MANCHESTER,M19 1PL,07/10/2024,68100 - Buying and selling of own real estate,16001825
R01967,116BSL LIMITED,10 PARK PLACE,MANCHESTER,M4 4EY,08/10/2024,68209 - Other letting and operating of own or leased real estate,16003896
R01968,9XPERTS SERVICE LTD,160 MOUNT ROAD,MANCHESTER,M18 7QS,08/10/2024,59112 - Video production activities,16004943
R01969,BELFAIRPROPERTY LTD,"521 GREEN LANE, SMALL HEATH",BIRMINGHAM,B9 5PT,09/10/2024,68209 - Other letting and operating of own or leased real estate,16007409
R01970,ARCADIAN NOODLE BAR LIMITED,A208 HURST STREET,BIRMINGHAM,B5 4TD,09/10/2024,56101 - Licensed restaurants,16009015
R01971,A&A COMMERCIAL REFRIGERATION LTD,"15 GEORGE ROAD, YARDLEY",BIRMINGHAM,B25 8JA,10/10/2024,95220 - Repair of household appliances and home and garden equipment,16009528
R01972,ASTL PROPERTY LTD,39 FILEY ROAD,MANCHESTER,M14 6GG,10/10/2024,55209 - Other holiday and other collective accommodation,16009977
R01973,A&J ROOF SOLUTIONS LTD,"FLAT 1, 53 MANLEY ROAD",MANCHESTER,M16 8HP,10/10/2024,43910 - Roofing activities,16011669
R01974,9N TECHNOLOGIES LIMITED,"FIRST FLOOR, SWAN BUILDINGS, 20 SWAN STREET",MANCHESTER,M4 5JW,14/10/2024,62090 - Other information technology service activities,16017089
R01975,AIR AND ACOUSTIC CONSULTANTS (BIRMINGHAM) LIMITED,"EDMUND HOUSE 12-22, NEWHALL STREET",BIRMINGHAM,B3 3AS,14/10/2024,71122 - Engineering related scientific and technical consulting activities,16017210
R01976,AUPEX LTD,30 BROADOAK ROAD,MANCHESTER,M22 8LY,16/10/2024,45112 - Sale of used cars and light motor vehicles,16020675
R01977,BARUWAL PROPERTIES LIMITED,708 YARDLEY WOOD ROAD,BIRMINGHAM,B13 0HY,16/10/2024,68100 - Buying and selling of own real estate,16022051
R01978,APLUS PROPERTY MANAGEMENT AND CONSTRUCTION LTD,"55 ST. ANDREWS AVENUE, DROYLSDEN",MANCHESTER,M43 6BP,17/10/2024,68209 - Other letting and operating of own or leased real estate,16023695
R01979,1ST PROTECTION SOLUTIONS LTD,"SANDOWN HOUSE, AUCKLAND ROAD",BIRMINGHAM,B11 1RH,18/10/2024,"74909 - Other professional, scientific and technical activities n.e.c.",16026643
R01980,ALEX-CRISTINA TRANSPORT LTD,122 HAMILTON ROAD,BIRMINGHAM,B21 8AH,19/10/2024,49410 - Freight transport by road,16028664
R01981,88 LAW LTD,2 AVENUE CLOSE,BIRMINGHAM,B7 4NU,22/10/2024,69102 - Solicitors,16035562
R01982,BORDESLEY APARTMENTS LIMITED,80 HOLLOWAY HEAD,BIRMINGHAM,B1 1QP,23/10/2024,68100 - Buying and selling of own real estate,16035823
R01983,BIN HAFIDH LTD,"FLAT 15 HOGARTH HOUSE, BELL BARN ROAD",BIRMINGHAM,B15 2AE,28/10/2024,68209 - Other letting and operating of own or leased real estate,16045099
R01984,BDS MUSIC LIMITED,"FIRST FLOOR, 33A GROVE LANE, HANDSWORTH",BIRMINGHAM,B21 9ES,29/10/2024,59200 - Sound recording and music publishing activities,16046836
R01985,AMSONS GROUP ONLINE LTD,"349-357 COVENTRY ROAD, SMALL HEATH",BIRMINGHAM,B10 0SN,29/10/2024,82990 - Other business support service activities n.e.c.,16048092
R01986,ADUWA &CO LTD,"APARTMENT 1310 METROPOLITAN HOUSE, 1 HAGLEY ROAD",BIRMINGHAM,B16 8HX,29/10/2024,47910 - Retail sale via mail order houses or via Internet,16048481
R01987,BE WILD CREATIVE LTD,"25 CALEDONIAN DRIVE, ECCLES",MANCHESTER,M30 0SX,29/10/2024,90030 - Artistic creation,16049116
R01988,ANDY'S ACCOUNTANCY LTD,27 HAWKER CLOSE,BIRMINGHAM,B31 2GU,29/10/2024,69201 - Accounting and auditing activities,16049331
R01989,AR INVESTMENTS (B'HAM) LTD,"NELSON ACCOUNTS FIRST FLOOR MARLBOROUGH ROAD, CASTLE BROMWICH",BIRMINGHAM,B36 0EH,30/10/2024,68209 - Other letting and operating of own or leased real estate,16050739
R01990,ACOSTRUCT LTD,"10 REEDMAKER PLACE, SWINTON",MANCHESTER,M27 9LN,31/10/2024,71111 - Architectural activities,16052432
R01991,34 AESTHETICS UK LTD,"34 AESTHETICS UK LTD, IVY MILL 2ND FLOOR CROWN STREET",MANCHESTER,M35 9BG,31/10/2024,96020 - Hairdressing and other beauty treatment,16052922
R01992,AMAI CAPITAL LIMITED,"BARTLE HOUSE, OXFORD COURT",MANCHESTER,M2 3WQ,31/10/2024,70221 - Financial management,16053841
R01993,AZELECTRONICS LIMITED,"46 WINDSOR ROAD, HARPURHEY",MANCHESTER,M9 5BW,04/11/2024,46180 - Agents specialized in the sale of other particular products,16057872
R01994,ABC HOUSEWARE LIMITED,"RIGHTON HOUSE BROOKVALE ROAD, WITTON",BIRMINGHAM,B6 7EY,04/11/2024,46499 - Wholesale of household goods (other than musical instruments) n.e.c.,16058721
R01995,ARNOLD IT CONSULTANCY LTD,"2 MALVERN ROAD, ACOCKS GREEN",BIRMINGHAM,B27 6EH,06/11/2024,62020 - Information technology consultancy activities,16064705
R01996,121 CASHIERS LIMITED,"FIRST FLOOR, SWAN BUILDINGS, 20 SWAN STREET",MANCHESTER,M4 5JW,06/11/2024,69201 - Accounting and auditing activities,16064974
R01997,BRITANNIA GROUP DEVELOPMENTS LIMITED,"BRITANNIA HOUSE 160-164 WELLINGTON ROAD,, WITHINGTON",MANCHESTER,M20 3FU,07/11/2024,64209 - Activities of other holding companies n.e.c.,16067118
R01998,AHSAN KHAN LTD,"AHSAN KHAN LTD, 136 BILTON GRANGE ROAD",BIRMINGHAM,B26 2LT,08/11/2024,"47990 - Other retail sale not in stores, stalls or markets",16067490
R01999,AAD EXCLUSIVE LTD,10 ELMDON ROAD,BIRMINGHAM,B27 6LH,11/11/2024,"82190 - Photocopying, document preparation and other specialised office support activities",16072082
R02000,BAN-COLE ACCOUNTANTS LTD,1 SALCOMBE ROAD,MANCHESTER,M11 1DQ,11/11/2024,69201 - Accounting and auditing activities,16073414
R02001,BML GARDNER LIMITED,"15 GUEST ROAD, PRESTWICH",MANCHESTER,M25 3DJ,12/11/2024,68100 - Buying and selling of own real estate,16074690
R02002,ANJANA PROPERTY @ UK LTD,28 BLUEBELL CRESCENT,BIRMINGHAM,B42 2FS,12/11/2024,68100 - Buying and selling of own real estate,16075732
R02003,BAX ANALYTICS LIMITED,"17 STANLEY ROAD, ECCLES",MANCHESTER,M30 7HL,13/11/2024,58290 - Other software publishing,16077312
R02004,AL QIMMAH UNITED TRADING LTD,"UNIT 7 INITIAL BUSINESS CENTRE, WILSON BUSINESS PARK",MANCHESTER,M40 8WN,13/11/2024,46900 - Non-specialised wholesale trade,16077570
R02005,BELVALE ESTATES LTD,"BARTLE HOUSE, 9 OXFORD COURT",MANCHESTER,M2 3WQ,14/11/2024,68320 - Management of real estate on a fee or contract basis,16080915
R02006,AD CENTER MEDIA LIMITED,"FLAT 2406 VISTA RIVER TOWER, 1 TRINITY WAY",MANCHESTER,M3 4GD,18/11/2024,73110 - Advertising agencies,16084818
R02007,ART DRESS LIMITED,"UNIT 7, MONSALL ROAD",MANCHESTER,M40 8WN,18/11/2024,46420 - Wholesale of clothing and footwear,16086699
R02008,A.N PHARMAWORK LTD,35 GOWAN ROAD,MANCHESTER,M16 8LP,18/11/2024,47730 - Dispensing chemist in specialised stores,16087258
R02009,AMTEX GLOBAL LTD,"3.7 UNIVERSAL BUSINESS SQUARE, 3RD FLOOR,PURPAL ZOON.OFFICE NO 3.7",MANCHESTER,M12 6JH,18/11/2024,49410 - Freight transport by road,16087368
R02010,BLACK'S GARDENING AND GROUNDS-KEEPING SERVICES LTD,"58 OLD CROFTS BANK, URMSTON",MANCHESTER,M41 7AB,19/11/2024,81300 - Landscape service activities,16088732
R02011,AS & NK HOUSING LTD,94 SOHO HILL,BIRMINGHAM,B19 1AD,19/11/2024,68209 - Other letting and operating of own or leased real estate,16089188
R02012,ARABS IN UK LIMITED,87 ALCESTER ROAD,BIRMINGHAM,B13 8EB,20/11/2024,85520 - Cultural education,16090465
R02013,ADVANCE PROJECT LTD,"71 LANGLEY LANE, MIDDLETON",MANCHESTER,M24 5LL,20/11/2024,56210 - Event catering activities,16091044
R02014,ABASEEN EXPRESS LIMITED,999 STOCKPORT ROAD,MANCHESTER,M19 2SY,22/11/2024,56103 - Take-away food shops and mobile food stands,16096757
R02015,AMSRAJ ESTATES LTD,77 HOLYHEAD ROAD,BIRMINGHAM,B21 0LG,26/11/2024,68100 - Buying and selling of own real estate,16101906
R02016,BELLE ANNE LTD,44 STRATFORD HOUSE ROAD,BIRMINGHAM,B5 7EZ,27/11/2024,46190 - Agents involved in the sale of a variety of goods,16104130
R02017,5 STAR BEAUTY LTD,"1454 PERSHORE ROAD, STIRCHLEY",BIRMINGHAM,B30 2PH,27/11/2024,96020 - Hairdressing and other beauty treatment,16105336
R02018,BRIDGEMOUNT DEVELOPMENTS (HOLDINGS) LTD,"C/O ALEXANDER & CO CENTURION HOUSE, 129 DEANSGATE",MANCHESTER,M3 3WR,27/11/2024,64209 - Activities of other holding companies n.e.c.,16105656
R02019,ASHFORD DESIGNS LTD,"BRIDGE HOUSE UNIT 1, MOOR LANE",BIRMINGHAM,B6 7HH,29/11/2024,25990 - Manufacture of other fabricated metal products n.e.c.,16108954
R02020,BEECHES GENERAL STORES LTD,128 BEECHES ROAD,BIRMINGHAM,B42 2HQ,02/12/2024,47190 - Other retail sale in non-specialised stores,16111685
R02021,ALPHA PORT LOGISTICS LTD,53 BENCHILL ROAD,MANCHESTER,M22 8EN,03/12/2024,49410 - Freight transport by road,16115351
R02022,BARBERS RAZ LTD,989 TYBURN ROAD,BIRMINGHAM,B24 0TJ,04/12/2024,96020 - Hairdressing and other beauty treatment,16117393
R02023,BESIN LTD,"UNIT 18, TULKETH INDUSTRIAL ESTATE",MANCHESTER,M40 9LY,04/12/2024,"46170 - Agents involved in the sale of food, beverages and tobacco",16119123
R02024,BODY MEND THERAPHY LTD,5 SHAWBERRY AVENUE,BIRMINGHAM,B35 6QU,08/12/2024,86900 - Other human health activities,16122120
R02025,1927CTFC LIMITED,"UNIT A, CHANTRY INDUSTRIAL ESTATE KINGSBURY ROAD, MINWORTH",BIRMINGHAM,B76 9EF,12/12/2024,93120 - Activities of sport clubs,16132032
R02026,ADAM SUPER STORE LIMITED,"142 HIGH STREET, HARBORNE",BIRMINGHAM,B17 9NN,13/12/2024,"47110 - Retail sale in non-specialised stores with food, beverages or tobacco predominating",16135386
R02027,BPM ONE LTD,608 BROMFORD LANE,BIRMINGHAM,B8 2DP,13/12/2024,56103 - Take-away food shops and mobile food stands,16135971
R02028,829 ASSET LIMITED,"109, 52, LONSDALE HOUSE, BLUCHER STREET",BIRMINGHAM,B1 1QU,16/12/2024,68100 - Buying and selling of own real estate,16137574
R02029,AA8 LIMITED,12 TURNPIKE CLOSE,BIRMINGHAM,B11 1SU,17/12/2024,70229 - Management consultancy activities other than financial management,16140474
R02030,BRAINENTRAIN LTD,6 AUSTIN DRIVE,MANCHESTER,M20 6EG,18/12/2024,72190 - Other research and experimental development on natural sciences and engineering,16142227
R02031,ANIKAD S LTD,"THE MALTINGS 2 ANDERSON ROAD, BEARWOOD",BIRMINGHAM,B66 4AR,19/12/2024,68209 - Other letting and operating of own or leased real estate,16145403
R02032,56 INVESTMENTS LIMITED,56 TENNYSON ROAD,BIRMINGHAM,B10 0EX,20/12/2024,68209 - Other letting and operating of own or leased real estate,16147314
R02033,BABA FOOD PROCESSING COMPANY LIMITED,"FLAT 25 ZANDRA HOUSE, 73 CARLTON ROAD",MANCHESTER,M16 8BQ,23/12/2024,"47110 - Retail sale in non-specialised stores with food, beverages or tobacco predominating",16149130
R02034,BRANDXHUB LTD,"551 WARWICK ROAD, TYSELEY",BIRMINGHAM,B11 2EX,23/12/2024,73110 - Advertising agencies,16150660
R02035,ART HUT IR LIMITED,"129 NEW ROAD, REDNAL",BIRMINGHAM,B45 9JR,24/12/2024,56103 - Take-away food shops and mobile food stands,16151252
R02036,BBM BAR STORE LTD,1 HEXAGON CLOSE,MANCHESTER,M9 8RN,24/12/2024,47190 - Other retail sale in non-specialised stores,16151545
R02037,AMPERE TRADING LTD,87 DAVEY ROAD,BIRMINGHAM,B20 3EG,28/12/2024,45112 - Sale of used cars and light motor vehicles,16153912
R02038,BELLEWOOD LIMITED,"BARTLE HOUSE, 9 OXFORD COURT",MANCHESTER,M2 3WQ,01/01/2025,78200 - Temporary employment agency activities,16158484
R02039,BKDANISH LUSTRE & LORE LTD,12 ROBERT HARRISON AVENUE,MANCHESTER,M20 1LW,02/01/2025,"23700 - Cutting, shaping and finishing of stone",16160607
R02040,AYUR HOME LTD,"1194 -1196 WARWICK ROAD, ACOCKS GREEN",BIRMINGHAM,B27 6BY,03/01/2025,86900 - Other human health activities,16161113
R02041,ALCESTER CONVENIENCE STORE LTD,1005 ALCESTER ROAD SOUTH,BIRMINGHAM,B14 5JA,03/01/2025,"47110 - Retail sale in non-specialised stores with food, beverages or tobacco predominating",16161155
R02042,ADEKOYA & OLUMUYIWA LIMITED,45 STEEPWOOD CROFT,BIRMINGHAM,B30 1AR,03/01/2025,46460 - Wholesale of pharmaceutical goods,16161214
R02043,BARMUTO CARE LIMITED,"39 BRISTOWE STREET, CLAYTON",MANCHESTER,M11 4LW,03/01/2025,86210 - General medical practice activities,16162757
R02044,3DFIY LTD,"29 BROMFORD LANE, ERDINGTON",BIRMINGHAM,B24 8JT,04/01/2025,"47990 - Other retail sale not in stores, stalls or markets",16163059
R02045,ADVERTISING BILLBOARDS LTD,14 FELTON AVENUE,MANCHESTER,M22 9PR,06/01/2025,47910 - Retail sale via mail order houses or via Internet,16166833
R02046,BODY SHOP CONSUMABLES LIMITED,"UNIT 5, 5 ROGER STREET",MANCHESTER,M4 4EN,08/01/2025,"47520 - Retail sale of hardware, paints and glass in specialised stores",16170581
R02047,BRIDGEWATER PROFESSIONAL SOLUTIONS LTD,"IZABELLA HOUSE, REGENT PLACE",BIRMINGHAM,B1 3NJ,09/01/2025,70100 - Activities of head offices,16172505
R02048,BLUE KITE HOUSING LTD,8 ENDSLEIGH GROVE,BIRMINGHAM,B28 8NU,09/01/2025,55900 - Other accommodation,16173745
R02049,APLUSTEACHING LTD,"OFFICE 12 INITIAL BUSINESS CENTRE, WILSON BUSINESS PARK",MANCHESTER,M40 8WN,13/01/2025,85590 - Other education n.e.c.,16181269
R02050,BATCHLINE TRANSPORT SOLUTIONS LTD,"80 VICTORIA ROAD, ASTON",BIRMINGHAM,B6 5HG,14/01/2025,49410 - Freight transport by road,16182621
R02051,BAKES CAKE LIMITED,"692-696 STRATFORD ROAD, SPARKHILL",BIRMINGHAM,B11 4AT,15/01/2025,10710 - Manufacture of bread; manufacture of fresh pastry goods and cakes,16184914
R02052,BEEHIVE’S PROPERTIES LTD,"BARTLE HOUSE, 9 OXFORD COURT",MANCHESTER,M2 3WQ,15/01/2025,68209 - Other letting and operating of own or leased real estate,16185020
R02053,BARONS MANOR PARK CLASSICS LTD,40 PETER STREET,MANCHESTER,M2 5GP,16/01/2025,45112 - Sale of used cars and light motor vehicles,16189566
R02054,AMH CARS BHM LTD,257 KINGSTANDING ROAD,BIRMINGHAM,B44 8LB,17/01/2025,45112 - Sale of used cars and light motor vehicles,16190163
R02055,BOOMBIOTICS LTD,"UNIT 4 DISCOVERY WORKS, TRAFFORD PARK ROAD, TRAFFORD PARK",MANCHESTER,M17 1AN,17/01/2025,47910 - Retail sale via mail order houses or via Internet,16191588
R02056,BAMI TRADING LTD,"105 MOSEDALE ROAD, MIDDLETON",MANCHESTER,M24 5GW,18/01/2025,47910 - Retail sale via mail order houses or via Internet,16192812
R02057,AVELINE THERAPY LIMITED,88 HAGLEY ROAD,BIRMINGHAM,B16 8LU,21/01/2025,86220 - Specialists medical practice activities,16197565
R02058,ATREUS CORPORATION LIMITED,29 OLD CHURCH STREET,MANCHESTER,M40 2JN,21/01/2025,56103 - Take-away food shops and mobile food stands,16197587
R02059,BB HEALTH LAB LIMITED,12 SUMMER HILL STREET,BIRMINGHAM,B1 2PE,21/01/2025,10890 - Manufacture of other food products n.e.c.,16197669
R02060,ANANTA REALTY LTD,"1 GUIDE COURT, AUDENSHAW",MANCHESTER,M34 5ZN,21/01/2025,68100 - Buying and selling of own real estate,16199044
R02061,AZAD MECHANIC LTD,"41 BOROUGH AVENUE, RADCLIFFE",MANCHESTER,M26 2QG,21/01/2025,45200 - Maintenance and repair of motor vehicles,16199464
R02062,AZH MINI MARKET LTD,"443 LIVERPOOL ROAD, ECCLES",MANCHESTER,M30 7HY,23/01/2025,"47110 - Retail sale in non-specialised stores with food, beverages or tobacco predominating",16204370
R02063,AR RESEARCH LTD,1 CONSTANCE ROAD,BIRMINGHAM,B5 7RB,24/01/2025,62020 - Information technology consultancy activities,16207136
R02064,ASSIST CAR BODY REPAIRS LTD,48 HYLTON STREET,BIRMINGHAM,B18 6HN,24/01/2025,45200 - Maintenance and repair of motor vehicles,16207423
R02065,BRITANNIA CREST LTD,68 WARSTONE LANE,BIRMINGHAM,B18 6HU,25/01/2025,47421 - Retail sale of mobile telephones,16207970
R02066,AESTHETICS BY CHARLIE EMILY LTD,106-108 REDDISH LANE,MANCHESTER,M18 7JL,27/01/2025,96020 - Hairdressing and other beauty treatment,16210098
R02067,AAA DELHI LIMITED,724 YARDLEY WOOD ROAD,BIRMINGHAM,B13 0HY,27/01/2025,56103 - Take-away food shops and mobile food stands,16210349
R02068,BRIGHTVALE INDUSTRIAL LIMITED,221 MANSEL ROAD,BIRMINGHAM,B10 9NW,28/01/2025,46180 - Agents specialized in the sale of other particular products,16212471
R02069,AM DWELLINGS LTD,11 ST PAUL'S SQUARE,BIRMINGHAM,B3 1RB,01/02/2025,68209 - Other letting and operating of own or leased real estate,16222699
R02070,ALTAF BROTHERS LIMITED,16 BOYLESTON ROAD,BIRMINGHAM,B28 9JL,05/02/2025,47910 - Retail sale via mail order houses or via Internet,16232041
R02071,BOSWORTH NEWCO 1 LIMITED,"ONE ELEVEN, EDMUND STREET",BIRMINGHAM,B3 2HJ,07/02/2025,64209 - Activities of other holding companies n.e.c.,16235910
R02072,ALMOCHA CAFE LTD,"201 STRATFORD ROAD, SPARKBROOK",BIRMINGHAM,B11 1QZ,10/02/2025,56102 - Unlicensed restaurants and cafes,16239983
R02073,ADELE CATHERINE EDUCATION LIMITED,"GROSVENOR HOUSE DOWNCAST WAY, SWINTON",MANCHESTER,M27 8UW,10/02/2025,85590 - Other education n.e.c.,16240095
R02074,AS GOODS LIMITED,22A BRIDGELANDS WAY,BIRMINGHAM,B20 3UT,10/02/2025,47910 - Retail sale via mail order houses or via Internet,16240664
R02075,ARDENT HOUSING LTD,"FLAT 1 318 GREEN LANE, SMALL HEATH",BIRMINGHAM,B9 5DP,10/02/2025,55900 - Other accommodation,16240830
R02076,24-7 RECOVERY & STORAGE LTD,"STATIC HOUSE (CARAVAN) PRIVATE ROAD BEKO EUROPE SITE PARK APPROACH, ERDINGTON",BIRMINGHAM,B23 7SJ,10/02/2025,52290 - Other transportation support activities,16241142
R02077,ASCENDEX FREIGHT SOLUTIONS LTD,"STUDIO 9, 50-54 ST. PAULS SQUARE",BIRMINGHAM,B3 1QS,10/02/2025,49410 - Freight transport by road,16241964
R02078,AVA AND ALPH CHILDREN’S WEAR LTD,"54 BARON FOLD CRESCENT, LITTLE HULTON",MANCHESTER,M38 9RD,10/02/2025,47910 - Retail sale via mail order houses or via Internet,16242569
R02079,AROMAS OF ARABIA LTD,11 CHARTLEY ROAD,BIRMINGHAM,B23 7PU,11/02/2025,47910 - Retail sale via mail order houses or via Internet,16243481
R02080,ASCENT RISK SOLUTIONS LIMITED,"59-61 CHARLOTTE STREET, ST PAULS SQUARE",BIRMINGHAM,B3 1PX,12/02/2025,70229 - Management consultancy activities other than financial management,16246691
R02081,BAOBAB CARE HOLDINGS LTD,"200 ALCESTER STREET, DIGBETH",BIRMINGHAM,B12 0NQ,12/02/2025,87100 - Residential nursing care facilities,16247751
R02082,ALVI CONSULTANTS LIMITED,"FAIREGATE HOUSE, 205 KINGS ROAD, TYSELEY",BIRMINGHAM,B11 2AA,12/02/2025,70229 - Management consultancy activities other than financial management,16248146
R02083,BIZAROUX CONSULTING & GROWTH LTD,15 PINTO CLOSE,BIRMINGHAM,B16 9EP,13/02/2025,64999 - Financial intermediation not elsewhere classified,16249686
R02084,BLANC LABEL LTD,"53 EPPING STREET, GREATER MANCHESTER",MANCHESTER,M15 6LF,13/02/2025,47710 - Retail sale of clothing in specialised stores,16250862
R02085,ARVP GROUP LIMITED,"ARVP GROUP OFFICE 1, IZABELLA HOUSE, 24-26 REGENT PLACE, CITY CENTER",BIRMINGHAM,B1 3NJ,13/02/2025,45112 - Sale of used cars and light motor vehicles,16251316
R02086,ALTRINCHAM CHILDREN’S CARE LIMITED,382 KINGSWAY,MANCHESTER,M19 1PL,14/02/2025,87900 - Other residential care activities n.e.c.,16251996
R02087,ACADEMY OF HOMEOPATHY & HOLISTIC THERAPIES-(A.H.H.T). LTD,484 ALCESTER ROAD SOUTH,BIRMINGHAM,B14 6EP,14/02/2025,21100 - Manufacture of basic pharmaceutical products,16254076
R02088,AMBROSI INSULATION LTD,38 GORSE FARM ROAD,BIRMINGHAM,B43 5LT,17/02/2025,41202 - Construction of domestic buildings,16256113
R02089,AYAAN&YAHYA LTD,100-102 SALE ROAD,MANCHESTER,M23 0BX,17/02/2025,47190 - Other retail sale in non-specialised stores,16258121
R02090,BLU SKY RETAIL INVESTMENTS LTD,"116 YARDLEY ROAD, ACOCKS GREEN",BIRMINGHAM,B27 6LG,17/02/2025,68100 - Buying and selling of own real estate,16258182
R02091,APEX ADVENTURES TOURS LIMITED,"KINGSNORTH HOUSE, BLENHEIM WAY",BIRMINGHAM,B44 8LS,18/02/2025,79120 - Tour operator activities,16261235
R02092,AC BUILDERS GROUP LIMITED,23 BENTLEY ROAD,BIRMINGHAM,B36 0ES,20/02/2025,41201 - Construction of commercial buildings,16266842
R02093,BERSHUV ESTATES LTD,"361 BURY OLD ROAD, PRESTWICH",MANCHESTER,M25 1PY,21/02/2025,68100 - Buying and selling of own real estate,16268718
R02094,ARABIAN NITES NW LTD,258 WILMSLOW ROAD,MANCHESTER,M14 6JR,21/02/2025,56101 - Licensed restaurants,16268863
R02095,BRITHIVE LIMITED,"UNIT 2, UNIT 2, ESSENCE PROPERTY, 41 ESSEX STREET",BIRMINGHAM,B5 4TR,24/02/2025,70229 - Management consultancy activities other than financial management,16272342
R02096,AFFAN SULTAN LTD,"425 KINGSBURY ROAD, ERDINGTON",BIRMINGHAM,B24 9NH,24/02/2025,47190 - Other retail sale in non-specialised stores,16273323
R02097,BHAGRATH AND GLENNIE CONSULTANCY LIMITED,"1 COTON LANE, ERDINGTON",BIRMINGHAM,B23 6TP,25/02/2025,86220 - Specialists medical practice activities,16273838
R02098,BROMLEY CROSS ESTATES LTD,"LIFFORD HALL LIFFORD LANE, KINGS NORTON",BIRMINGHAM,B30 3JN,26/02/2025,68310 - Real estate agencies,16277230
R02099,BATH PROPERTY CORPORATION LTD,31 JILL AVENUE,BIRMINGHAM,B43 6DH,26/02/2025,68209 - Other letting and operating of own or leased real estate,16278139
R02100,AXIRA LOGISTICS LIMITED,"19 BEECHCROFT SEDGLEY PARK ROAD, PRESTWICH",MANCHESTER,M25 0AL,05/03/2025,49410 - Freight transport by road,16295389
R02101,BIRMINGHAM DOG GROOMING ACADEMY LTD,30 NEWELLS ROAD,BIRMINGHAM,B26 2HD,05/03/2025,47190 - Other retail sale in non-specialised stores,16295495
R02102,AA CONSTRUCTION & RENOVATIONS LTD,"72 FREDERICK ROAD, SELLY OAK",BIRMINGHAM,B29 6PB,06/03/2025,43999 - Other specialised construction activities n.e.c.,16298322
R02103,B.A.B IT & DIGITAL SOLUTIONS LTD,"6 GLENTHORN AVENUE, 6 GLENTHORN AVENUE",MANCHESTER,M9 6XP,07/03/2025,"63110 - Data processing, hosting and related activities",16300631
R02104,28247 HOLDINGS LTD,10 PARK PLACE,MANCHESTER,M4 4EY,07/03/2025,68100 - Buying and selling of own real estate,16300762
R02105,ALTA GROUP HOLDINGS LTD,"UNIT 4 FOURNIER HOUSE, 8 TENBY STREET",BIRMINGHAM,B1 3AJ,07/03/2025,64209 - Activities of other holding companies n.e.c.,16301790
R02106,ASL COSMETICS LTD,"18 PINE AVENUE, WHITEFIELD",MANCHESTER,M45 7EQ,09/03/2025,96020 - Hairdressing and other beauty treatment,16302921
R02107,AK GLAMORY LTD,"5 TALBOT ROAD, STRETFORD",MANCHESTER,M16 0QL,10/03/2025,"47820 - Retail sale via stalls and markets of textiles, clothing and footwear",16303345
R02108,BETTER CHOICE PROPERTIES LTD,18 MAPLE AVENUE,MANCHESTER,M21 8BD,10/03/2025,68100 - Buying and selling of own real estate,16303999
R02109,ASICO LUBES LTD,"8 RICHMOND HOUSE, 6A HIGHFIELD ROAD,EDGBASTON",BIRMINGHAM,B15 3ED,11/03/2025,32990 - Other manufacturing n.e.c.,16307509
R02110,ANTHONY HEWSON TREE SERVICES LIMITED,17 EDWARD ROAD,BIRMINGHAM,B14 5UA,11/03/2025,02100 - Silviculture and other forestry activities,16307860
R02111,ANGLO MERCHANTS LTD,41 WOODLANDS ROAD,MANCHESTER,M8 9LF,11/03/2025,47910 - Retail sale via mail order houses or via Internet,16309198
R02112,BIRMINGHAM JQ INVESTMENTS LIMITED,146 ADDISON ROAD,BIRMINGHAM,B14 7EP,14/03/2025,68209 - Other letting and operating of own or leased real estate,16315849
R02113,BLUE TARTAN PROPERTIES LIMITED,"KINGSNORTH HOUSE, BLENHEIM WAY",BIRMINGHAM,B44 8LS,14/03/2025,68100 - Buying and selling of own real estate,16318069
R02114,AAZ INVESTMENT PROPERTIES LTD,"547 COVENTRY ROAD, SMALL HEATH",BIRMINGHAM,B10 0LP,14/03/2025,68100 - Buying and selling of own real estate,16318088
R02115,ARCAMS LIMITED,"129 C/O ALEXANDER & CO, CENTURION HOUSE, 129 DEANSGATE",MANCHESTER,M3 3WR,15/03/2025,38210 - Treatment and disposal of non-hazardous waste,16318487
R02116,BOOST PMO SERVICES LTD,51 ALEXANDRA ROAD,MANCHESTER,M30 7HH,17/03/2025,62020 - Information technology consultancy activities,16322369
R02117,ABDULLAH HAIR STUDIO LTD,453 BROOK LANE,BIRMINGHAM,B13 0BT,18/03/2025,96020 - Hairdressing and other beauty treatment,16325242
R02118,ASTERISK CONNECT LTD,83 BURY NEW ROAD,MANCHESTER,M8 8FX,19/03/2025,52290 - Other transportation support activities,16328434
R02119,BOSH SERVICES LTD,18 ELLESBORO ROAD,BIRMINGHAM,B17 8PT,20/03/2025,41202 - Construction of domestic buildings,16331684
R02120,BATCHOFBANG LIMITED,"OFFICE 12 INITIAL BUSINESS CENTRE, WILSON BUSINESS PARK",MANCHESTER,M40 8WN,21/03/2025,62020 - Information technology consultancy activities,16332793
R02121,AL SHIFA CARE LTD,38 PEPLOW ROAD,BIRMINGHAM,B33 9LN,21/03/2025,87300 - Residential care activities for the elderly and disabled,16333551
R02122,A J VICTORIA MANSIONS UK LTD,34 HALL STREET,BIRMINGHAM,B18 6BS,25/03/2025,47791 - Retail sale of antiques including antique books in stores,16340334
R02123,BLOOMING ADORNMENTS LTD,"9, BARTLE HOUSE, OXFORD COURT",MANCHESTER,M2 3WQ,25/03/2025,56210 - Event catering activities,16341794
R02124,AMPIH LTD,1 TOFT ROAD,MANCHESTER,M18 7TY,25/03/2025,47910 - Retail sale via mail order houses or via Internet,16342619
R02125,BENIVIV LIMITED,"FLAT 5, 148 FERNCLIFFE ROAD, HARBORNE",BIRMINGHAM,B17 0QJ,26/03/2025,47190 - Other retail sale in non-specialised stores,16345929
R02126,APPLIED ELEC-TECH SERVICES LTD,"87 CUNNINGHAM DRIVE, BURY",MANCHESTER,BL9 8PD,28/03/2025,43210 - Electrical installation,16349957
R02127,BARGAINS INTERNATIONAL (MANCHESTER) LIMITED,17-19 SHERBORNE STREET,MANCHESTER,M8 8HF,31/03/2025,46499 - Wholesale of household goods (other than musical instruments) n.e.c.,16352720
R02128,BRACEBRIDGE PROPERTY SERVICES LTD,"HOLBECHE HOUSE 437 SHIRLEY ROAD, ACOCKS GREEN",BIRMINGHAM,B27 7NX,01/04/2025,68100 - Buying and selling of own real estate,16357618
R02129,AIDAS CONSULTING LTD,"FIRST FLOOR 24 HIGH STREET, KINGS HEATH",BIRMINGHAM,B14 7JT,01/04/2025,70229 - Management consultancy activities other than financial management,16357984
R02130,ANAH ENTERPRISE LTD,"FLAT 13 DELAMERE COURT, 17 DEANSWOOD DRIVE",MANCHESTER,M9 0QZ,02/04/2025,46900 - Non-specialised wholesale trade,16358972
R02131,AR NEUROLOGY LIMITED,419 COVENTRY ROAD,BIRMINGHAM,B10 0TH,02/04/2025,86220 - Specialists medical practice activities,16360638
R02132,96 SOUTHSIDE LIMITED,61 GREEN MEADOW ROAD,BIRMINGHAM,B29 4DD,02/04/2025,68100 - Buying and selling of own real estate,16361313
R02133,ANEKA RAD LTD,28 SAPPHIRE HEIGHT,BIRMINGHAM,B1 3ES,04/04/2025,86220 - Specialists medical practice activities,16365023
R02134,BHX LOGISTICS LTD,"SBE QUADRANT COURT, 49 CALTHORPE ROAD",BIRMINGHAM,B15 1TH,04/04/2025,52290 - Other transportation support activities,16366089
R02135,ARABIA GLOBAL LIMITED,8 WILLESDEN AVENUE,MANCHESTER,M13 0ZN,05/04/2025,47910 - Retail sale via mail order houses or via Internet,16367156
R02136,AHSEN LTD,"UNIT 4 APOLLO BUSINESS CENTRE, APSLEY GROVE",MANCHESTER,M12 6AW,05/04/2025,86230 - Dental practice activities,16367401
R02137,ADM PROPERTY AND DEVELOPMENT LIMITED,"STANMORE HOUSE 64-68 BLACKBURN STREET, RADCLIFFE",MANCHESTER,M26 2JS,07/04/2025,68100 - Buying and selling of own real estate,16369898
R02138,BLUE BLISS LTD,"INITIAL BUSINESS CENTRE, UNIT 7 WILSON BUSINESS PARK",MANCHESTER,M40 8WN,08/04/2025,"46160 - Agents involved in the sale of textiles, clothing, fur, footwear and leather goods",16374182
R02139,ALI HEARING LIMITED,"111 WHITEHALL ROAD, HANDSWORTH",BIRMINGHAM,B21 9AX,08/04/2025,47741 - Retail sale of hearing aids,16375038
R02140,ALEXA HARTLE DESIGN LTD,79 TIB STREET,MANCHESTER,M4 1LS,10/04/2025,59112 - Video production activities,16378771
R02141,ALESEC LTD,209 MAINE ROAD,MANCHESTER,M14 7WG,10/04/2025,98000 - Residents property management,16379131
R02142,ATK INVESTMENT HOLDINGS LIMITED,"1ST FLOOR CLOISTER HOUSE, NEW BAILEY STREET",MANCHESTER,M3 5FS,10/04/2025,64209 - Activities of other holding companies n.e.c.,16379868
R02143,BLACK GIRL CONFESSIONS LTD,"459 BARTON ROAD, STRETFORD",MANCHESTER,M32 9TA,10/04/2025,59200 - Sound recording and music publishing activities,16380481
R02144,4GROWING FACILITIES LIMITED,24 CAMPLIN CRESCENT,BIRMINGHAM,B20 1LS,11/04/2025,49410 - Freight transport by road,16382473
R02145,ANYU & SONS LTD,"171 RESERVOIR ROAD, SELLY OAK",BIRMINGHAM,B29 6SX,12/04/2025,45190 - Sale of other motor vehicles,16383822
R02146,BIN AZIZ LIMITED,"106 SOUTH STREET, LONGSIGHT",MANCHESTER,M12 4DT,14/04/2025,47910 - Retail sale via mail order houses or via Internet,16384923
R02147,ADDER-VAX LIMITED,"RENOLD BUILDING, 32A, ALTRINCHAM STREET",MANCHESTER,M1 7JR,14/04/2025,72110 - Research and experimental development on biotechnology,16385819
R02148,BEVE LTD,"167 167 CADDIE ROAD, LITTLE HULTON",MANCHESTER,M38 9BW,14/04/2025,47190 - Other retail sale in non-specialised stores,16387197
R02149,BOOL SURVEY INSIGHTS LTD,"OFFICE 15317 INITIAL BUSINESS CENTRE, UNIT 7 WILSON BUSINESS PARK",MANCHESTER,M40 8WN,15/04/2025,62012 - Business and domestic software development,16387484
R02150,ASCOTT LIFE AND HEALTH LIMITED,"C/O DJH ST GEORGES HOUSE, 56 PETER STREET",MANCHESTER,M2 3NQ,15/04/2025,65110 - Life insurance,16387991
R02151,AY THERAPY SERVICES LTD,31 ROMILLY AVENUE,BIRMINGHAM,B20 2AT,16/04/2025,86900 - Other human health activities,16393213
R02152,ACTIVE AERO DRONE SERVICES LTD,2 STAINSBY AVENUE,BIRMINGHAM,B19 3ES,17/04/2025,74202 - Other specialist photography,16394782
R02153,BROOM MAGIC LTD,8 CAPSTONE AVENUE,BIRMINGHAM,B18 6PJ,18/04/2025,49420 - Removal services,16396167
R02154,BIOTREX LTD,15 WAGSTAFF WAY,BIRMINGHAM,B37 7GW,19/04/2025,86220 - Specialists medical practice activities,16396421
R02155,AHAD DRIVING SERVICES LTD,60 EVERSLEY ROAD,BIRMINGHAM,B9 5DE,22/04/2025,85530 - Driving school activities,16397499
R02156,BIRMINGHAM ABODES LTD,62 HOLLYFASTE ROAD,BIRMINGHAM,B33 0UU,22/04/2025,68209 - Other letting and operating of own or leased real estate,16398010
R02157,ASTONMART LIMITED,32 WARDEND ROAD,BIRMINGHAM,B8 2QT,22/04/2025,46900 - Non-specialised wholesale trade,16399067
R02158,BIG B LTD,22 ALBERT ROAD,MANCHESTER,M19 2FP,22/04/2025,47910 - Retail sale via mail order houses or via Internet,16399673
R02159,ARCTERRA LTD,45 LEOMINSTER ROAD,BIRMINGHAM,B11 3BH,22/04/2025,68100 - Buying and selling of own real estate,16401101
R02160,BESTWAY CLEANING SERVICES LTD,"132 SOUTH ROAD, ERDINGTON",BIRMINGHAM,B23 6EL,24/04/2025,81210 - General cleaning of buildings,16406506
R02161,ASIAN CLASSIC LIMITED,"MAISONETTE 283 HIGH STREET, HARBORNE",BIRMINGHAM,B17 9QH,24/04/2025,10850 - Manufacture of prepared meals and dishes,16406885
R02162,AARRIAN LTD,"GILL HOUSE, OFFICE 6, 140 HOLYHEAD ROAD",BIRMINGHAM,B21 0AF,25/04/2025,70229 - Management consultancy activities other than financial management,16409937
R02163,BRITVIBE LIMITED,16 METCHLEY DRIVE,BIRMINGHAM,B17 0JX,25/04/2025,46190 - Agents involved in the sale of a variety of goods,16410305
R02164,BESTIE MARKETING LIMITED,"SWAN BUILDING, 20 SWAN STREET",MANCHESTER,M4 5JW,26/04/2025,82990 - Other business support service activities n.e.c.,16410541
R02165,ALBATROSS ENGINEERING GROUP LTD,"11 PORTLAND ROAD, EDGBASTON",BIRMINGHAM,B16 9HN,28/04/2025,82990 - Other business support service activities n.e.c.,16414850
R02166,BASINO LTD,"REGUS 3RD FLOOR, 82 KING STREET",MANCHESTER,M2 4WQ,01/05/2025,70229 - Management consultancy activities other than financial management,16423379
R02167,AMRIT JEWELLERS LTD,"149 SPON LANE, WEST BROMWICH",BIRMINGHAM,B70 6AS,01/05/2025,47770 - Retail sale of watches and jewellery in specialised stores,16423875
R02168,ANDRE TM LTD,"126 SOUTH ROAD, ERDINGTON",BIRMINGHAM,B23 6EL,01/05/2025,43120 - Site preparation,16424585
R02169,ANSANYI PROPERTY SOLUTIONS LTD,48 ALDERMOOR CLOSE,MANCHESTER,M11 1JQ,02/05/2025,68209 - Other letting and operating of own or leased real estate,16426058
R02170,BOURNVILLE FLOWERS AND PLANTS LIMITED,"43 SYCAMORE ROAD, BOURNVILLE",BIRMINGHAM,B30 2AA,02/05/2025,"47760 - Retail sale of flowers, plants, seeds, fertilizers, pet animals and pet food in specialised stores",16427645
R02171,AHRDEVELOPMENTS LIMITED,93 KEDLESTON ROAD,BIRMINGHAM,B28 0ND,04/05/2025,41100 - Development of building projects,16428659
R02172,AB PHARMA MCR LIMITED,"117 BURY OLD ROAD, PRESTWICH",MANCHESTER,M25 0EQ,06/05/2025,86900 - Other human health activities,16429709
R02173,ABERDEEN CAPITOL NOMINEES LIMITED,"1ST FLOOR RICO HOUSE GEORGE STREET, PRESTWICH",MANCHESTER,M25 9WS,08/05/2025,68209 - Other letting and operating of own or leased real estate,16437423
R02174,ALEX CUT LTD,"GROUND FLOOR, 45 TAUNTON ROAD",BIRMINGHAM,B12 8AU,08/05/2025,96020 - Hairdressing and other beauty treatment,16438451
R02175,ALIF EDUCATION LTD,"62 MILTON ROAD, STRETFORD",MANCHESTER,M32 0TG,09/05/2025,85600 - Educational support services,16441706
R02176,AWSM GLOBAL SERVICES LTD,4 CHERRY LEA,BIRMINGHAM,B34 6TJ,11/05/2025,46900 - Non-specialised wholesale trade,16442515
R02177,AA CARE HOMES LTD,"617 BROMFORD LANE, WASHWOOD HEATH",BIRMINGHAM,B8 2EB,12/05/2025,86900 - Other human health activities,16445920
R02178,AKAAL DRIVING LTD,"2 WHEELEYS ROAD, EDGBASTON",BIRMINGHAM,B15 2LD,13/05/2025,49410 - Freight transport by road,16446482
R02179,A&J CONCRETE AND SCREED LTD,"64 ROMA ROAD, TYSELEY",BIRMINGHAM,B11 2JL,13/05/2025,23610 - Manufacture of concrete products for construction purposes,16447520
R02180,ALCHEMICITY LIMITED,2 GREYSTONE AVENUE,MANCHESTER,M21 7RP,13/05/2025,47910 - Retail sale via mail order houses or via Internet,16448559
R02181,23 CENTRAL ROAD (FREEHOLD) LIMITED,"23 CENTRAL ROAD, WEST DIDSBURY",MANCHESTER,M20 4YE,14/05/2025,98000 - Residents property management,16450058
R02182,BRITWELL PHARMA LTD,479 CHESTER ROAD,MANCHESTER,M16 9HF,15/05/2025,21100 - Manufacture of basic pharmaceutical products,16452222
R02183,ALBAITY MASTERY LTD,"OFFICE 12, INITIAL BUSINESS CENTRE, WILSON BUSINESS PARK",MANCHESTER,M40 8WN,15/05/2025,70229 - Management consultancy activities other than financial management,16453616
R02184,BOURNE TO FRY LTD,77 HOLYHEAD ROAD,BIRMINGHAM,B21 0LG,15/05/2025,56103 - Take-away food shops and mobile food stands,16453837
R02185,AURORA GRAND LTD,"271 BORDESLEY GREEN ROAD, SALTLEY",BIRMINGHAM,B8 1BY,17/05/2025,68202 - Letting and operating of conference and exhibition centres,16455176
R02186,AHMAD SAEED LTD,"1 THE LIMES, MARROWAY STREET",BIRMINGHAM,B16 0AY,19/05/2025,47910 - Retail sale via mail order houses or via Internet,16457971
R02187,BRADLEY-CABRAL PROPERTIES LTD,5 SOMERSET ROAD,BIRMINGHAM,B23 6NQ,19/05/2025,68100 - Buying and selling of own real estate,16459154
R02188,AS OUTDOOR SOLUTIONS LTD,"376 WALSALL ROAD, PERRY BARR",BIRMINGHAM,B42 2LX,20/05/2025,81300 - Landscape service activities,16461068
R02189,BLACK TECH EXPO LIMITED,"29 SCOTT ROAD, DROYLSDEN",MANCHESTER,M43 7UW,20/05/2025,62020 - Information technology consultancy activities,16462259
R02190,BRICK AND PEBBLE LTD,"FLAT 11 6, KEELEY CLOSE",MANCHESTER,M40 1NP,22/05/2025,95240 - Repair of furniture and home furnishings,16468529
R02191,ASFF HOLDCO LTD,"LEN'S CHIPPY MANCHESTER ROAD, DROYLSDEN",MANCHESTER,M43 6JE,26/05/2025,56102 - Unlicensed restaurants and cafes,16473529
R02192,BRIT ECO HOMES LIMITED,29 ARRAN ROAD,BIRMINGHAM,B34 6DD,26/05/2025,43290 - Other construction installation,16474002
R02193,AFRO KRAFT LOUNGE LIMITED,90-96 HOSPITAL STREET,BIRMINGHAM,B19 3QP,27/05/2025,46900 - Non-specialised wholesale trade,16477484
R02194,BAHDR GROUP LTD,17 CHALFONT ROAD,BIRMINGHAM,B20 3RF,28/05/2025,58190 - Other publishing activities,16480984
R02195,2ND LOVE SHOP LTD,58 LONGFORD ROAD,BIRMINGHAM,B44 0RR,28/05/2025,47190 - Other retail sale in non-specialised stores,16481092
R02196,ABOVE LIVING LIMITED,"ABOVE LIVING LIMITED 292 ROOKERY ROAD, HANDSWORTH",BIRMINGHAM,B21 9PR,29/05/2025,68201 - Renting and operating of Housing Association real estate,16482252
R02197,BAHAY DEVELOPMENTS LTD,"87 COLESHILL ROAD, MARSTON GREEN",BIRMINGHAM,B37 7HT,29/05/2025,68209 - Other letting and operating of own or leased real estate,16484019
R02198,888 CAPITAL LTD,"21 GADBURY FOLD, ATHERTON",MANCHESTER,M46 0GN,02/06/2025,64999 - Financial intermediation not elsewhere classified,16488052
R02199,ACTIVITEE GROUP LTD,84 ABBOTSFORD ROAD,BIRMINGHAM,B11 1PB,02/06/2025,64209 - Activities of other holding companies n.e.c.,16488475
R02200,AMALA LIVING LTD,2A ESSEX AVENUE,MANCHESTER,M20 6AN,02/06/2025,46900 - Non-specialised wholesale trade,16488854
R02201,BH LEGAL SERVICES LTD,"426 STOCKFIELD ROAD, YARDLEY",BIRMINGHAM,B25 8JJ,03/06/2025,70229 - Management consultancy activities other than financial management,16493315
R02202,AMON HOUSING LTD,"116 YARDLEY ROAD, ACOCKS GREEN",BIRMINGHAM,B27 6LG,04/06/2025,68100 - Buying and selling of own real estate,16496396
R02203,ASIREM HOLDCO LIMITED,"PETER HOUSE OFFICE 600 PETER HOUSE, OXFORD STREET",MANCHESTER,M1 5AN,05/06/2025,64209 - Activities of other holding companies n.e.c.,16498720
R02204,BLUE DRAGON RECOVERY & TRANSPORT LTD,"4 HAYLING CLOSE, REDNAL",BIRMINGHAM,B45 0HG,06/06/2025,52290 - Other transportation support activities,16501743
R02205,ASQUITH 2 LIMITED,11 ST. PAULS SQUARE,BIRMINGHAM,B3 1RB,09/06/2025,68209 - Other letting and operating of own or leased real estate,16506559
R02206,A & F RAVAT LTD,"502 WALSALL ROAD, PERRY BARR",BIRMINGHAM,B42 2LU,10/06/2025,68100 - Buying and selling of own real estate,16507024
R02207,BLUE INDEMNITY BROKERS LIMITED,54 HAGLEY ROAD,BIRMINGHAM,B16 8PE,10/06/2025,66220 - Activities of insurance agents and brokers,16508351
R02208,ABORIO LIMITED,"69 MARKET STREET, DROYLSDEN",MANCHESTER,M43 6DQ,10/06/2025,56101 - Licensed restaurants,16509595
R02209,ANGEL NAILS 1AE LIMITED,100-104 BRISTOL STREET,BIRMINGHAM,B5 7AH,11/06/2025,96020 - Hairdressing and other beauty treatment,16511916
R02210,BOLD HIRE LIMITED,"INITIAL BUSINESS CENTRE, UNIT 7 WILSON BUSINESS PARK",MANCHESTER,M40 8WN,11/06/2025,46900 - Non-specialised wholesale trade,16511947
R02211,BARNSLEY JEWELLERS LTD,"19A THE BIRTLES, WYTHENSHAWE",MANCHESTER,M22 5RF,12/06/2025,47770 - Retail sale of watches and jewellery in specialised stores,16515081
R02212,ASCENTRIC CONSULTING LTD,15 SYLVIA PANKHURST WAY,MANCHESTER,M13 9NJ,13/06/2025,62020 - Information technology consultancy activities,16516739
R02213,A&S NETWORK LTD,12 PETERSFIELD COURT STRATFORD ROAD,BIRMINGHAM,B28 9BL,17/06/2025,"47990 - Other retail sale not in stores, stalls or markets",16524729
R02214,BLUE OAK PROPERTY GROUP LTD,111 HIGH STREET,BIRMINGHAM,B23 6SA,17/06/2025,68100 - Buying and selling of own real estate,16524775
R02215,94E WHITELADIES ROAD LTD,"C/O MICHAEL HEAVEN & ASSOCIATES LIMITED 47 CALTHORPE ROAD, EDGBASTON",BIRMINGHAM,B15 1TH,18/06/2025,68100 - Buying and selling of own real estate,16526440
R02216,AFRIZORA LTD,"BARTLE HOUSE, 9 OXFORD COURT",MANCHESTER,M2 3WQ,18/06/2025,47910 - Retail sale via mail order houses or via Internet,16527062
R02217,ARIVI LTD,31 FELLPARK ROAD,MANCHESTER,M23 0EX,19/06/2025,68209 - Other letting and operating of own or leased real estate,16529994
R02218,BARETA CLEANPRO GROUP LTD,"15 QUEENS ROAD, ERDINGTON",BIRMINGHAM,B23 7JP,20/06/2025,81210 - General cleaning of buildings,16530971
R02219,AAA COMPLIANCE EUROPE LTD,"5 BEACON COURT BIRMINGHAM ROAD, GREAT BARR",BIRMINGHAM,B43 6NN,20/06/2025,43999 - Other specialised construction activities n.e.c.,16531694
R02220,AK-HOMESS INVESTMENT LIMITED,"13 DAIRY DRIVE, PERRY BAR",BIRMINGHAM,B42 2FY,20/06/2025,68100 - Buying and selling of own real estate,16532534
R02221,BRITSMAID LTD,"BARTLE HOUSE, 9 OXFORD COURT",MANCHESTER,M2 3WQ,21/06/2025,81100 - Combined facilities support activities,16533370
R02222,AHMED & ARIF SERVICES LTD,"2 WARREN GROVE, WASHWOOD HEATH",BIRMINGHAM,B8 2XL,23/06/2025,68100 - Buying and selling of own real estate,16534593
R02223,AN DIGITAL MARKETING LIMITED,"100 TOWNLEY STREET, MIDDLETON",MANCHESTER,M24 1BT,24/06/2025,73110 - Advertising agencies,16537415
R02224,BAMBOO BLISS MANGEMENT LTD,112 UPPER MARSHALL STREET,BIRMINGHAM,B1 1LJ,24/06/2025,70229 - Management consultancy activities other than financial management,16538580
R02225,AL HALAL HOLDINGS LIMITED,"360 COVENTRY ROAD, SMALL HEATH",BIRMINGHAM,B10 0XE,24/06/2025,64209 - Activities of other holding companies n.e.c.,16539623
R02226,ARVS DIRECT LTD,"FLAT 66 HANI WELLS, 20 HENDERSON STREET",MANCHESTER,M19 2GY,25/06/2025,47190 - Other retail sale in non-specialised stores,16540711
R02227,BEOLING LTD,"FLAT 4, 159A RESERVOIR ROAD",BIRMINGHAM,B23 6DN,25/06/2025,47190 - Other retail sale in non-specialised stores,16541452
R02228,ANIMEX LIMITED,"INITIAL BUSINESS CENTRE, UNIT 7 MONSALL ROAD, INITIAL BUSINESS CENTRE, UNIT 7, WILSON BUSINESS PARK",MANCHESTER,M40 8WN,27/06/2025,46190 - Agents involved in the sale of a variety of goods,16546681
R02229,BLACK AXLE LTD,"THE HOLLOWAY, APARTMENT 301, 12 ELLIS STREET",BIRMINGHAM,B1 1HL,27/06/2025,58190 - Other publishing activities,16546783
R02230,ASCENT HOUSING AND SUPPORT LIMITED,388 TYBURN ROAD,BIRMINGHAM,B24 8HP,30/06/2025,82990 - Other business support service activities n.e.c.,16549946
R02231,ALAIRA LIMITED,127 CHIPPERFIELD ROAD,BIRMINGHAM,B36 8BX,30/06/2025,47710 - Retail sale of clothing in specialised stores,16550190
R02232,ADORNED COUCHES LIMITED,"GROSVENOR HOUSE, 11 ST. PAULS SQUARE",BIRMINGHAM,B3 1RB,30/06/2025,"47599 - Retail of furniture, lighting, and similar (not musical instruments or scores) in specialised store",16550728
R02233,BLUESKY35 LTD,35 FERNDALE ROAD,BIRMINGHAM,B28 9AU,30/06/2025,47910 - Retail sale via mail order houses or via Internet,16551735
R02234,AL QIMMA FOR INTERNATIONAL TRADING LTD,"UNIT 7 INITIAL BUSINESS CENTRE, WILSON BUSINESS PARK",MANCHESTER,M40 8WN,01/07/2025,46900 - Non-specialised wholesale trade,16553249
R02235,BARGAIN BULK LIMITED,"UNIT 7, MONSALL ROAD",MANCHESTER,M40 8WN,01/07/2025,46410 - Wholesale of textiles,16553603
R02236,BISMILLAH 786 PROPERTY MANAGEMENT LTD,296 COLESHILL ROAD,BIRMINGHAM,B36 8BG,01/07/2025,98000 - Residents property management,16554190
R02237,AUMBER PROPERTY LIMITED,86C WATER STREET,BIRMINGHAM,B3 1HL,01/07/2025,68100 - Buying and selling of own real estate,16554338
R02238,AL-MUTAMAYIZOON TRADING LTD,"UNIT C, BLACKETT STREET",MANCHESTER,M12 6AE,02/07/2025,46480 - Wholesale of watches and jewellery,16556985
R02239,ABUCORE TECHNOLOGIES LTD,"379 YARDLEY GREEN ROAD, BORDESLEY GREEN",BIRMINGHAM,B9 5JD,02/07/2025,"46510 - Wholesale of computers, computer peripheral equipment and software",16557581
R02240,AKS DISTRIBUTION LTD,12 BELVIDE GROVE,BIRMINGHAM,B29 5ED,02/07/2025,47910 - Retail sale via mail order houses or via Internet,16558020
R02241,736HILL GROUP LIMITED,"APARTMENT 73, GUNSMITH HOUSE, 61 PRICE STREET,",BIRMINGHAM,B4 6GR,03/07/2025,84110 - General public administration activities,16560428
R02242,BARBERSBOUND LTD,"INTERNATIONAL HOUSE, 61 MOSLEY STREET",MANCHESTER,M2 3HZ,05/07/2025,78109 - Other activities of employment placement agencies,16561049
R02243,AG TECHNICAL SEVICES LTD,3 CORBYN ROAD,BIRMINGHAM,B9 5UR,06/07/2025,72110 - Research and experimental development on biotechnology,16562150
R02244,AL-MALAKI SAUDI COMPANY LTD,"UNIT 7 INITIAL BUSINESS CENTRE, WILSON BUSINESS PARK",MANCHESTER,M40 8WN,07/07/2025,41202 - Construction of domestic buildings,16564162
R02245,ARMANI & SONS LTD,1 ALUM ROCK ROAD,BIRMINGHAM,B8 1LL,07/07/2025,"46341 - Wholesale of fruit and vegetable juices, mineral water and soft drinks",16565218
R02246,AA COMMERCE LIMITED,13 NEWVILLE DRIVE,MANCHESTER,M20 4TE,07/07/2025,"47990 - Other retail sale not in stores, stalls or markets",16565684
R02247,A S CIVILS LTD,1 BEDNAL AVENUE,MANCHESTER,M40 8DW,08/07/2025,42990 - Construction of other civil engineering projects n.e.c.,16566507
R02248,AFFABLE HOME & OFFICE CLEANING SERVICES LTD,"12, 53 IVY GRAHAM CLOSE",MANCHESTER,M40 3AX,08/07/2025,81210 - General cleaning of buildings,16567882
R02249,B1 PROFESSIONAL CAFE LIMITED,370A DUDLEY ROAD,BIRMINGHAM,B18 4HH,08/07/2025,56290 - Other food services,16570225
R02250,AMARMELIA LTD,47 SMIRRELLS ROAD,BIRMINGHAM,B28 0LA,10/07/2025,68100 - Buying and selling of own real estate,16572779
R02251,104 MINI MARKET LTD,156 WELSH HOUSE FARM ROAD,BIRMINGHAM,B32 2JG,10/07/2025,63910 - News agency activities,16574210
R02252,BRICK SECURE (HOLDINGS) LTD,80 MOSTON LANE EAST,MANCHESTER,M40 3QY,10/07/2025,46900 - Non-specialised wholesale trade,16575385
R02253,AKBAR GLOBAL LTD,"129 RESERVOIR ROAD, ERDINGTON",BIRMINGHAM,B23 6DN,11/07/2025,45112 - Sale of used cars and light motor vehicles,16575563
R02254,ABBBA LTD,32 HALLWORTH ROAD,MANCHESTER,M8 5UW,12/07/2025,47910 - Retail sale via mail order houses or via Internet,16578143
R02255,B & N LIMITED,"THE BREEZE BARTLE HOUSE, 9 OXFORD COURT",MANCHESTER,M2 3WQ,14/07/2025,68209 - Other letting and operating of own or leased real estate,16580528
R02256,BALCAP LIMITED,"ROOM 1 FIRST FLOOR  377 BURY OLD ROAD, PRESTWICH",MANCHESTER,M25 1QA,14/07/2025,46420 - Wholesale of clothing and footwear,16580805
R02257,BLUE LAKE RESTAURANT LIMITED,83 PLYMOUTH GROVE,MANCHESTER,M13 9LU,14/07/2025,56101 - Licensed restaurants,16581548
R02258,BRIT ENERGY SERVICES LTD,60 PARKIN STREET,MANCHESTER,M12 5RL,15/07/2025,"43220 - Plumbing, heat and air-conditioning installation",16581965
R02259,164GROUP LTD,"APARTMENT 164 LIBERTY PLACE 26-38, SHEEPCOTE STREET",BIRMINGHAM,B16 8JZ,15/07/2025,68100 - Buying and selling of own real estate,16583477
R02260,ANLEY LOFTS LIMITED,"C/O ACCOUNTS AND LEGAL, 81 KING STREET",MANCHESTER,M2 4AH,15/07/2025,43290 - Other construction installation,16584521
R02261,BROOKHILL SUPERMARKET LIMITED,495 ALUM ROCK ROAD,BIRMINGHAM,B8 3EA,16/07/2025,"47110 - Retail sale in non-specialised stores with food, beverages or tobacco predominating",16585195
R02262,BESPOKE RECRUITMENT UK LTD,1142A STRATFORD ROAD,BIRMINGHAM,B28 8AE,16/07/2025,78109 - Other activities of employment placement agencies,16587841
R02263,BRAYS BAKERY WHOLESALE LIMITED,127 BRISCOE LANE,MANCHESTER,M40 2TP,17/07/2025,10710 - Manufacture of bread; manufacture of fresh pastry goods and cakes,16590088
R02264,ARABIAN JAMAL LTD,"RADCLYFFE HOUSE 66-68, HAGLEY ROAD",BIRMINGHAM,B16 8PF,19/07/2025,47910 - Retail sale via mail order houses or via Internet,16593595
R02265,ABDUL BRAND LIMITED,204 BLAKESLEY ROAD,BIRMINGHAM,B25 8RY,20/07/2025,47910 - Retail sale via mail order houses or via Internet,16594080
R02266,BOUIRIGUE GLOBAL SERVICES LTD,"SUITE 3.16 UNIVERSAL SQUARE, BUSINESS CENTRE",MANCHESTER,M12 6JH,21/07/2025,33200 - Installation of industrial machinery and equipment,16595736
R02267,BRAYAN TCHOUMY LTD,61 AUSTELL ROAD,MANCHESTER,M22 0NG,21/07/2025,52290 - Other transportation support activities,16597360
R02268,AL ANIQ MODESTWEAR LTD,286 UPPER BALSALL HEATH ROAD,BIRMINGHAM,B12 9DR,22/07/2025,47910 - Retail sale via mail order houses or via Internet,16598658
R02269,AERO ENGINEERING LIMITED,"16 ST. HILDAS VIEW, AUDENSHAW",MANCHESTER,M34 5JJ,24/07/2025,33160 - Repair and maintenance of aircraft and spacecraft,16603184
R02270,AWP GROUP LTD,"THIRD FLOOR COLWYN CHAMBERS, 19 YORK STREET",MANCHESTER,M2 3BA,24/07/2025,70229 - Management consultancy activities other than financial management,16603628
R02271,BLOSSOM UP LTD,"161 SMITHS YARD, 43 BLOSSOM STREET",MANCHESTER,M4 6FX,24/07/2025,47710 - Retail sale of clothing in specialised stores,16605660
R02272,AM CONSULTANCY MCR LTD LTD,2 FALSHAW WAY,MANCHESTER,M18 7TG,25/07/2025,69201 - Accounting and auditing activities,16606429
R02273,APOSTOLICMATS LTD,"FIRST FLOOR, 20, SWAN BUILDINGS SWAN STREET",MANCHESTER,M4 5JW,25/07/2025,47910 - Retail sale via mail order houses or via Internet,16607766
R02274,BECAUSE I HEAR YOU LTD,19 TROYDALE DRIVE,MANCHESTER,M40 2FG,25/07/2025,59200 - Sound recording and music publishing activities,16607852
R02275,BCN TRADES LTD,"24 EAST STREET, AUDENSHAW",MANCHESTER,M34 5BX,25/07/2025,45112 - Sale of used cars and light motor vehicles,16608152
R02276,AJC TATTOO LTD,"342-344 GRIMSHAW LANE, MIDDLETON",MANCHESTER,M24 2AU,28/07/2025,96090 - Other service activities n.e.c.,16610412
R02277,567 KITCHEN LIMITED,"FLOOR 5, SCALA HOUSE, 36 HOLLOWAY CIRCUS QUEENSWAY",BIRMINGHAM,B1 1EQ,29/07/2025,56103 - Take-away food shops and mobile food stands,16611083
R02278,A2Z CUTZ LTD,121 BRISCOE LANE,MANCHESTER,M40 2TP,29/07/2025,96020 - Hairdressing and other beauty treatment,16611331
R02279,BEAR SKILLS TRAINING LTD,"31 BIRCHWOOD ROAD, BIRCHWOOD ROAD",BIRMINGHAM,B12 8BP,29/07/2025,85600 - Educational support services,16612559
R02280,BOKHARI FOODS LTD,189 MAULDETH ROAD,MANCHESTER,M19 1BA,29/07/2025,56101 - Licensed restaurants,16613802
R02281,BRANDWOOD HOMES LTD,14 KERNTHORPE ROAD,BIRMINGHAM,B14 6RA,29/07/2025,87900 - Other residential care activities n.e.c.,16614301
R02282,AHSAN WARRAICH LTD,277 TILE CROSS ROAD,BIRMINGHAM,B33 0NB,30/07/2025,"47990 - Other retail sale not in stores, stalls or markets",16615931
R02283,AMOS HOUSING LIMITED,33 ROSLIN GROVE,BIRMINGHAM,B19 2HT,30/07/2025,68209 - Other letting and operating of own or leased real estate,16615964
R02284,B70 INVESTMENTS LTD,53 VITTORIA STREET,BIRMINGHAM,B1 3NU,30/07/2025,68100 - Buying and selling of own real estate,16616473
R02285,AK AUTO GARAGE LTD,"PLOT 4A, WATTVILLE ROAD, SMETHWICK",BIRMINGHAM,B66 2NU,31/07/2025,45200 - Maintenance and repair of motor vehicles,16618251
R02286,BANANI SAKTI INVESTMENTS LTD,"APARTMENT 35, CITPEAK BLOCK D, 870, WILMSLOW ROAD",MANCHESTER,M20 5AA,31/07/2025,64991 - Security dealing on own account,16619568
R02287,BLACKWOOD LEGAL LTD,"98 MANOR ROAD, STECHFORD",BIRMINGHAM,B33 8EQ,31/07/2025,82110 - Combined office administrative service activities,16620353
R02288,BASE PVT LTD,4 MORNA WALK,MANCHESTER,M12 6WP,01/08/2025,82990 - Other business support service activities n.e.c.,16621516
R02289,AITOOLVERSE LTD,"OFFICE 15761 INITIAL BUSINESS CENTRE, UNIT 7 WILSON BUSINESS PARK",MANCHESTER,M40 8WN,01/08/2025,46520 - Wholesale of electronic and telecommunications equipment and parts,16623111
R02290,BEDGOALS LIMITED,287A CHEETHAM HILL ROAD,MANCHESTER,M8 0SN,03/08/2025,47910 - Retail sale via mail order houses or via Internet,16624049
R02291,ALFA SMART LTD,58 BELLEFIELD ROAD,BIRMINGHAM,B18 4EP,04/08/2025,68320 - Management of real estate on a fee or contract basis,16624417
R02292,BALQEES PROPERTYS LIMITED,"FLAT 208, 1 DEANSGATE",MANCHESTER,M3 1AZ,04/08/2025,68100 - Buying and selling of own real estate,16625907
R02293,BRAINIX LIMITED,171 SLADE LANE,MANCHESTER,M19 2AE,06/08/2025,58290 - Other software publishing,16631296
R02294,ABUGHABUSH FOR TRADING LTD,"UNIT 7 INITIAL BUSINESS CENTRE, WILSON BUSINESS PARK",MANCHESTER,M40 8WN,06/08/2025,41201 - Construction of commercial buildings,16631414
R02295,AK786 LIMITED,"IZABELLA HOUSE ,, REGENT PLACE",BIRMINGHAM,B1 3NJ,06/08/2025,56102 - Unlicensed restaurants and cafes,16631517
R02296,ALNAFAD INTERNATIONAL FOR INVESTMENT LTD,"UNIT 7 INITIAL BUSINESS CENTRE, WILSON BUSINESS PARK",MANCHESTER,M40 8WN,06/08/2025,46190 - Agents involved in the sale of a variety of goods,16631719
R02297,AFRICAN FUTURE FOR INVESTMENT AND DEVELOPMENT LTD,"UNIT 7 INITIAL BUSINESS CENTRE, WILSON BUSINESS PARK",MANCHESTER,M40 8WN,07/08/2025,41100 - Development of building projects,16634799
R02298,A1 GLAZING (MCR) LTD,191A BURNAGE LANE,MANCHESTER,M19 1FE,08/08/2025,43342 - Glazing,16637038
R02299,AXIOM CARE SOLUTIONS LIMITED,"BARTLE HOUSE, 9 OXFORD COURT",MANCHESTER,M2 3WQ,08/08/2025,86900 - Other human health activities,16637512
R02300,ASKO SERVICES LTD,11 KELSALL CROFT,BIRMINGHAM,B1 2PS,08/08/2025,41202 - Construction of domestic buildings,16637889
R02301,BESTINQUALITYSERVICES LTD,"33 CROMPTON ROAD, HANDSWORTH",BIRMINGHAM,B20 3QD,08/08/2025,41201 - Construction of commercial buildings,16638279
R02302,APPAREL ONE10 LTD,128 PARKFIELD ROAD NORTH,MANCHESTER,M40 3RQ,08/08/2025,46410 - Wholesale of textiles,16638776
R02303,ARIEL ARTIFICIAL INTELLIGENCE LTD,10 RAINTON WALK,MANCHESTER,M40 0FR,09/08/2025,58290 - Other software publishing,16639450
R02304,ATONE GLOBAL LTD,227 CHURCH HILL ROAD,BIRMINGHAM,B20 3PH,10/08/2025,68320 - Management of real estate on a fee or contract basis,16639690
R02305,BAHH NQ LIMITED,"BARTLE HOUSE, OXFORD COURT",MANCHESTER,M2 3WQ,10/08/2025,55100 - Hotels and similar accommodation,16639766
R02306,AFROROOTS HUBS LTD,"FIRST FLOOR, SWAN BUILDINGS, 20 SWAN STREET",MANCHESTER,M4 5JW,12/08/2025,47910 - Retail sale via mail order houses or via Internet,16644398
R02307,786 INVESTMENT CLUB LIMITED,"786A COVENTRY ROAD, SMALL HEATH",BIRMINGHAM,B10 0TX,12/08/2025,64304 - Activities of open-ended investment companies,16645933
R02308,BRITANZA LTD,"OFFICE 12, INITIAL BUSINESS CENTRE, WILSON BUSINESS PARK",MANCHESTER,M40 8WN,13/08/2025,46690 - Wholesale of other machinery and equipment,16646922
R02309,AA B&B LTD,42A GAS STREET,BIRMINGHAM,B1 2JT,13/08/2025,55209 - Other holiday and other collective accommodation,16647269
R02310,24 7 EXPRESS TRANSPORT LIMITED,16 LEWIS AVENUE,MANCHESTER,M9 4BT,15/08/2025,49410 - Freight transport by road,16652471
R02311,BLACKFISH ASSET MANAGEMENT LTD,"35 GARDNER ROAD, PRESTWICH",MANCHESTER,M25 3HX,15/08/2025,"46510 - Wholesale of computers, computer peripheral equipment and software",16653599
R02312,BRIDGEWATER TECHNOLOGIES LIMITED,"150 HEATHFIELD ROAD, HANDSWORTH",BIRMINGHAM,B19 1JF,18/08/2025,"46510 - Wholesale of computers, computer peripheral equipment and software",16656117
R02313,ABDULLAH AL AYAN LTD,"OFFICE 12, INITIAL BUSINESS CENTRE, WILSON BUSINESS PARK",MANCHESTER,M40 8WN,18/08/2025,45111 - Sale of new cars and light motor vehicles,16656618
R02314,ALS CREATIVE LTD,23 COLERIDGE ROAD,MANCHESTER,M16 9QU,18/08/2025,60100 - Radio broadcasting,16656844
R02315,ASTON HIRE LTD,82 BAYSWATER ROAD,BIRMINGHAM,B20 3AJ,18/08/2025,77110 - Renting and leasing of cars and light motor vehicles,16656870
R02316,ADMIKI LTD,"UNIT 8 FIRST FLOOR, 537 COVENTRY ROAD, SMALL HEATH",BIRMINGHAM,B10 0LL,18/08/2025,62012 - Business and domestic software development,16657674
R02317,ABDILADIFPARCEL LTD,43 SHAWBURY GROVE,BIRMINGHAM,B12 0TS,18/08/2025,49410 - Freight transport by road,16657845
R02318,AINZ GLOBAL LTD,"INITIAL BUSINESS CENTRE WILSON BUSINESS PARK, INITIAL BUSINESS CENTRE",MANCHESTER,M40 8WN,19/08/2025,47910 - Retail sale via mail order houses or via Internet,16659468
R02319,"AODESAIZF CO., LTD","OFFICE 15661 INITIAL BUSINESS CENTRE, UNIT 7 WILSON BUSINESS PARK",MANCHESTER,M40 8WN,19/08/2025,45320 - Retail trade of motor vehicle parts and accessories,16659517
R02320,APHAROZA LIMITED,"CHATSWORTH HOUSE, 19 LEVER STREET",MANCHESTER,M1 1AN,20/08/2025,"47410 - Retail sale of computers, peripheral units and software in specialised stores",16661774
R02321,A.A. PROPERTIES BIRMINGHAM LIMITED,"CAR & COMMERCIAL SERVICE CENTRE 292 SHORT HEATH ROAD, ERDINGTON",BIRMINGHAM,B23 6LB,20/08/2025,68100 - Buying and selling of own real estate,16663027
R02322,AL ATIF AND AYAAN LTD,"OFFICE 12, INITIAL BUSINESS CENTRE, WILSON BUSINESS PARK",MANCHESTER,M40 8WN,21/08/2025,45111 - Sale of new cars and light motor vehicles,16664329
R02323,ALIPUR TAKEAWAY LIMITED,"133 PARTINGTON LANE, SWINTON",MANCHESTER,M27 0NS,21/08/2025,56103 - Take-away food shops and mobile food stands,16664966
R02324,ADC RECRUITMENT LIMITED,77 OAKWOOD ROAD,BIRMINGHAM,B11 4EX,21/08/2025,78109 - Other activities of employment placement agencies,16665709
R02325,ALUPIGUS GREUCEANU LIMITED,105 HEATHCOTE ROAD,MANCHESTER,M18 7QL,21/08/2025,81229 - Other building and industrial cleaning activities,16665736
R02326,AIRSID LTD,"OFFICE 12, INITIAL BUSINESS CENTRE, WILSON BUSINESS PARK",MANCHESTER,M40 8WN,21/08/2025,62012 - Business and domestic software development,16666058
R02327,ALBOSAT ALZAHABE FOR INVESTMENT LIMITED,"UNIT 7 INITIAL BUSINESS CENTRE, WILSON BUSINESS PARK",MANCHESTER,M40 8WN,22/08/2025,"46390 - Non-specialised wholesale of food, beverages and tobacco",16667488
R02328,BLUEBRIDGE ADVISORY LIMITED,"UNIT 4 HOCKLEY INDUSTRIAL ESTATE, PITSFORD STREET",BIRMINGHAM,B18 6PT,22/08/2025,86900 - Other human health activities,16667756
R02329,A&M COURIER SERVICES LTD,"47/59, GREEN LANE",BIRMINGHAM,B9 5BU,22/08/2025,49410 - Freight transport by road,16667960
R02330,APEX & LEGACY LTD,"2ND FLOOR - PARKGATES BURY NEW ROAD, PRESTWICH",MANCHESTER,M25 0TL,22/08/2025,68209 - Other letting and operating of own or leased real estate,16668155
R02331,AMI VIENNA UK LIMITED,"2ND FLOOR PARKGATES BURY NEW ROAD, PRESTWICH",MANCHESTER,M25 0TL,22/08/2025,68100 - Buying and selling of own real estate,16668236
R02332,AN NISSA ACADEMY BIRMINGHAM LTD,"4 LIME GROVE, LOZELLS",BIRMINGHAM,B19 1RX,23/08/2025,85590 - Other education n.e.c.,16669058
R02333,BABX TRADE LTD,"FLAT 4 29 VICTORIA ROAD, STECHFORD",BIRMINGHAM,B33 8AL,26/08/2025,46420 - Wholesale of clothing and footwear,16671081
R02334,BENZ BAKERY LTD,"67 WINDSOR ROAD, PRESTWICH",MANCHESTER,M25 0DB,26/08/2025,56102 - Unlicensed restaurants and cafes,16672469
R02335,AMERATI STAYL LTD,"UNIT 7 INITIAL BUSINESS CENTRE, WILSON BUSINESS PARK",MANCHESTER,M40 8WN,26/08/2025,46900 - Non-specialised wholesale trade,16673020
R02336,AH BUSINESS SERVICES LTD,"APARTMENT 7 VICKERY COURT 3 GIANTS SEAT GROVE, SWINTON",MANCHESTER,M27 8BD,26/08/2025,82990 - Other business support service activities n.e.c.,16673497
R02337,BIRMINGHAM DRY FRUITS AND NUTS LTD,34 FOURLANDS ROAD,BIRMINGHAM,B31 1EX,27/08/2025,46310 - Wholesale of fruit and vegetables,16674833
R02338,AIDAN HOUSING LTD,24 MENIN ROAD,BIRMINGHAM,B13 0TT,28/08/2025,68201 - Renting and operating of Housing Association real estate,16680064
R02339,BMM HIRE CARS LTD,54 LOUISA STREET,MANCHESTER,M11 1AN,29/08/2025,52290 - Other transportation support activities,16681517
R02340,ALPHA PROPERTIES & MAINTENANCE LTD,26 LANSDOWNE ROAD,BIRMINGHAM,B21 9AT,29/08/2025,43999 - Other specialised construction activities n.e.c.,16681635
R02341,BAMBI FITNESS LTD,"FLAT 179, 21 ASPIN LANE",MANCHESTER,M4 4GU,01/09/2025,93130 - Fitness facilities,16685273
R02342,BASHAYER AL-KHAYR LTD,"PICCADILLY BUSINESS CENTRE UNIT C ALDOW ENTERPRISE PARK, BLACKETT STREET",MANCHESTER,M12 6AE,01/09/2025,"47810 - Retail sale via stalls and markets of food, beverages and tobacco products",16685952
R02343,ASH CLOTHING UK LTD,"8 WARREN CLOSE, DENTON",MANCHESTER,M34 2DT,01/09/2025,"46160 - Agents involved in the sale of textiles, clothing, fur, footwear and leather goods",16686934
R02344,AUTOCONTROL PROCESS INSTRUMENTATION LTD,10 PARK PLACE,MANCHESTER,M4 4EY,02/09/2025,"26511 - Manufacture of electronic measuring, testing etc. equipment, not for industrial process control",16689816
R02345,AA ROUTES LTD,100A WARREN FARM ROAD,BIRMINGHAM,B44 0QN,02/09/2025,53202 - Unlicensed carrier,16689895
R02346,AWES TECHNOLOGY LTD,"UNIT 7 INITIAL BUSINESS CENTRE, WILSON BUSINESS PARK",MANCHESTER,M40 8WN,03/09/2025,46900 - Non-specialised wholesale trade,16690710
R02347,A-CUBE PVT UK LIMITED,10 BANK STREET,BIRMINGHAM,B14 7RH,04/09/2025,47890 - Retail sale via stalls and markets of other goods,16696042
R02348,BH KITCHEN & BEDROOMS LTD,"1094A STRATFORD ROAD, HALL GREEN",BIRMINGHAM,B28 8AD,05/09/2025,31020 - Manufacture of kitchen furniture,16696301
R02349,910MANCHESTERROAD LIMITED,"16 MARKET STREET, DENTON",MANCHESTER,M34 2XW,08/09/2025,68100 - Buying and selling of own real estate,16700346
R02350,11 PROPERTY INVESTMENTS (1) LTD,"LEON HOUSE MYRTLE GROVE, PRESTWICH",MANCHESTER,M25 9XA,08/09/2025,68209 - Other letting and operating of own or leased real estate,16702825
R02351,BAO STREET LTD,"220-222 WARWICK ROAD, SPARKHILL",BIRMINGHAM,B11 2NB,09/09/2025,56103 - Take-away food shops and mobile food stands,16705671
R02352,ABRAHAM FOLD MANAGEMENT COMPANY LIMITED,"253 MONTON ROAD, ECCLES",MANCHESTER,M30 9PS,10/09/2025,68320 - Management of real estate on a fee or contract basis,16708785
R02353,ADAMS CONVENIENCE LIMITED,268 LADYPOOL ROAD,BIRMINGHAM,B12 8JU,12/09/2025,"47110 - Retail sale in non-specialised stores with food, beverages or tobacco predominating",16712740
R02354,AYLAAN LTD,"80A STAND LANE, RADCLIFFE",MANCHESTER,M26 1JU,12/09/2025,47190 - Other retail sale in non-specialised stores,16713183
R02355,AUCTERIS LIMITED,"BELVEDERE, 12 BOOTH STREET",MANCHESTER,M2 4AW,12/09/2025,66220 - Activities of insurance agents and brokers,16713515
R02356,BENN HUNTER DESIGN LTD,"8 EDDISBURY AVENUE, URMSTON",MANCHESTER,M41 8QJ,12/09/2025,90030 - Artistic creation,16713543
R02357,AUTOMATION.DANI LIMITED,111 HOMELEA ROAD,BIRMINGHAM,B25 8TD,12/09/2025,49410 - Freight transport by road,16714801
R02358,AXT LAW LTD,422 PARRS WOOD ROAD,MANCHESTER,M20 5GP,14/09/2025,99999 - Dormant Company,16715723
R02359,BRIGHTLY INC LIMITED,"154 MANOR ROAD, FLAT 6",BIRMINGHAM,B33 8EQ,15/09/2025,49410 - Freight transport by road,16716154
R02360,ANH HOUSING LIMITED,"SUITE 242 DIGBETH COURT, 162 - 164 HIGH STREET DERITEND",BIRMINGHAM,B12 0LD,15/09/2025,68201 - Renting and operating of Housing Association real estate,16716279
R02361,AK TRAVEL SERVICE LTD,212 WASHWOOD HEATH ROAD,BIRMINGHAM,B8 1RQ,16/09/2025,79110 - Travel agency activities,16720211
R02362,AL-SUMOUD INVESTMENT UNION LTD,"UNIT 7 INITIAL BUSINESS CENTRE, WILSON BUSINESS PARK",MANCHESTER,M40 8WN,17/09/2025,46499 - Wholesale of household goods (other than musical instruments) n.e.c.,16724068
R02363,ALSADAD FIRST LTD,12 SIDDINGTON AVENUE,MANCHESTER,M20 1AT,17/09/2025,63990 - Other information service activities n.e.c.,16725690
R02364,BEE PARTNERS LIMITED,"UNIT 3, THAMES INDUSTRIAL ESTATE",MANCHESTER,M12 6DD,18/09/2025,43390 - Other building completion and finishing,16726179
R02365,BERT MALM LTD,"OFFICE 8312 PICCADILLY BUSINESS CENTRE, UNIT C ALDOW ENTERPRISE PARK BLACKETT STREET",MANCHESTER,M12 6AE,18/09/2025,46900 - Non-specialised wholesale trade,16726454
R02366,AURA FIGHTWEAR LTD,142-144 LADYPOOL ROAD,BIRMINGHAM,B12 8JA,18/09/2025,"47640 - Retail sale of sports goods, fishing gear, camping goods, boats and bicycles",16728282
R02367,APPLIANCE WORLD OUTLET LTD,200 PERCY ROAD,BIRMINGHAM,B11 3LG,19/09/2025,47540 - Retail sale of electrical household appliances in specialised stores,16728976
R02368,ALANNA LTD,"FLAT 30 BELLTOWER, 347 CITY ROAD",MANCHESTER,M15 4FW,20/09/2025,85520 - Cultural education,16731049
R02369,AQUA PLASTERING AND PROPERTY SERVICES LIMITED,39 ROMA ROAD,BIRMINGHAM,B11 2JH,20/09/2025,43310 - Plastering,16731310
R02370,BAASHA TRADING CO. LTD,"29 GORDON ROAD, HARBORNE",BIRMINGHAM,B17 9HA,21/09/2025,45112 - Sale of used cars and light motor vehicles,16731537
R02371,A&T DIGITAL UK LIMITED,55 TARRY ROAD,BIRMINGHAM,B8 3JN,22/09/2025,"47990 - Other retail sale not in stores, stalls or markets",16733871
R02372,BEYOND BORDERS SECURITY SERVICES LTD,2 ELMHURST DRIVE,MANCHESTER,M19 1GD,22/09/2025,64209 - Activities of other holding companies n.e.c.,16734427
R02373,BLUE DREAM BIRMINGHAM LIMITED,19 PARKSIDE ROAD,BIRMINGHAM,B20 1EL,22/09/2025,14110 - Manufacture of leather clothes,16735603
R02374,BATCHELOR RESOURCES LIMITED,"FLAT 47 FIRCROFT HOUSE, WINCHESTER DRIVE",BIRMINGHAM,B37 5QB,23/09/2025,18130 - Pre-press and pre-media services,16735972
R02375,BHOX GROUP LIMITED,16 SWANSBROOK GARDENS,BIRMINGHAM,B38 0BJ,23/09/2025,85510 - Sports and recreation education,16738028
R02376,BELLECHASSE SOUVENIRS LTD,"SUITE 34, CARIOCCA  BUSINESS PARK, 2 SAWLEY ROAD",MANCHESTER,M40 8BB,24/09/2025,47890 - Retail sale via stalls and markets of other goods,16740524
R02377,BRIXBERG LIMITED,"FIRST FLOOR, SWAN BUILDINGS, 20 SWAN STREET",MANCHESTER,M4 5JW,25/09/2025,62012 - Business and domestic software development,16742126
R02378,AAACTIVE LTD,34 KNOWSLEY STREET,MANCHESTER,M8 8HQ,25/09/2025,73120 - Media representation services,16743145
R02379,ALPHA GLOBAL HUB LTD,"FLAT 1, 118 EGERTON ROAD NORTH",MANCHESTER,M16 0DA,25/09/2025,47910 - Retail sale via mail order houses or via Internet,16743864
R02380,BEAUTY EDUCATION KIT LTD,73A STOCKPORT ROAD,MANCHESTER,M34 6DD,25/09/2025,85590 - Other education n.e.c.,16744227
R02381,ATLAS GROUP OF COMPANIES LTD,"UNIT 3B, HYTECH INDUSTRIAL ESTATE, 61 COLLINGHAM STREET",MANCHESTER,M8 8RQ,26/09/2025,41100 - Development of building projects,16745466
R02382,BJL FLOORING SOLUTIONS LTD,20 ALSTON GARDENS,MANCHESTER,M19 1DW,27/09/2025,43330 - Floor and wall covering,16746706
R02383,BESTWAY CONSULTING LTD,"OFFICE 620 INITIAL BUSINESS CENTRE, WILSON BUSINESS PARK",MANCHESTER,M40 8WN,29/09/2025,62012 - Business and domestic software development,16749315
R02384,AGROTONOMY LIMITED,"UNIT 17 CHEETHAM HILL SHOPPING CENTRE, 40 BURY OLD RD",MANCHESTER,M8 5EL,29/09/2025,"01130 - Growing of vegetables and melons, roots and tubers",16751032
R02385,ALICO PROPERTY GROUP LTD,1172 STRATFORD ROAD,BIRMINGHAM,B28 8AF,30/09/2025,64209 - Activities of other holding companies n.e.c.,16752833
R02386,APEXION FOR CONSTRUCTION LTD,"UNIT 7 INITIAL BUSINESS CENTRE, WILSON BUSINESS PARK",MANCHESTER,M40 8WN,01/10/2025,41201 - Construction of commercial buildings,16755085
R02387,ADMS ASSOCIATES LIMITED,19 TYSELEY LANE,BIRMINGHAM,B11 3PT,01/10/2025,"74909 - Other professional, scientific and technical activities n.e.c.",16757322
R02388,AXOLOTL CLINIC LTD,"SUITE 5, 51-53 WHITMORE ROAD",BIRMINGHAM,B10 0NR,02/10/2025,86900 - Other human health activities,16757755
R02389,BLINK AA LTD,107 FIFTH AVENUE,BIRMINGHAM,B9 5RB,02/10/2025,45112 - Sale of used cars and light motor vehicles,16758662
R02390,AULAKH HOUSING LIMITED,64 STADIUM ROAD,BIRMINGHAM,B28 8BF,02/10/2025,68100 - Buying and selling of own real estate,16758869
R02391,AD AUT0GLAZE LTD,"32 CEDAR ROAD, MIDDLETON",MANCHESTER,M24 2FS,03/10/2025,45320 - Retail trade of motor vehicle parts and accessories,16761251
R02392,5TPK BUSINESS LTD,4 BOWGREEN WALK,MANCHESTER,M15 4DJ,03/10/2025,68100 - Buying and selling of own real estate,16762441
R02393,ARABIAN STREET LIMITED,"UNIT 7 INITIAL BUSINESS CENTRE, WILSON BUSINESS PARK",MANCHESTER,M40 8WN,06/10/2025,46900 - Non-specialised wholesale trade,16765470
R02394,BERSU PROPERTY LTD,"14 MOORSIDE STREET, DROYLSDEN",MANCHESTER,M43 7XB,07/10/2025,68209 - Other letting and operating of own or leased real estate,16769964
R02395,BESPOKE SUPPLY LTD,"UNIT A31 SITE A FORMER PRINCES, LORD NORTH STREET",MANCHESTER,M40 2HJ,08/10/2025,47910 - Retail sale via mail order houses or via Internet,16772340
R02396,ARSH & CO UK LTD,"24 WISEACRE CROFT, SHIRLEY, SOLIHULL",BIRMINGHAM,B90 1BD,09/10/2025,68209 - Other letting and operating of own or leased real estate,16773916
R02397,A1 PLASTICS MIDLANDS LTD,"149 SPON LANE, WEST BROMWICH",BIRMINGHAM,B70 6AS,09/10/2025,38110 - Collection of non-hazardous waste,16774641
R02398,AS ANWAAR (INVESTMENTS) LTD,"CALICO HOUSE LEVENSHULME TRADING ESTATE, PRINTWORKS LANE",MANCHESTER,M19 3JP,09/10/2025,68100 - Buying and selling of own real estate,16775733
R02399,ADVANCEDSOLUTIONSWORLDWIDE LTD,"FLAT 35 BRINDLEY POINT, 20 SHEEPCOTE STREET",BIRMINGHAM,B16 8AE,10/10/2025,41100 - Development of building projects,16776562
R02400,AB SAME DAY SERVICES LTD,"70 WARREN ROAD, WASHWOOD HEATH",BIRMINGHAM,B8 2YL,13/10/2025,49410 - Freight transport by road,16781906
R02401,AURORA BOREALIS LTD,"3 RED CLIFF APARTMENTS 10-14 WATER STREET, RADCLIFFE",MANCHESTER,M26 4TW,14/10/2025,46180 - Agents specialized in the sale of other particular products,16782780
R02402,BRIOSELL LTD,"35, UNIT 1A, CUTHBERT AVENUE",MANCHESTER,M19 3DG,15/10/2025,47910 - Retail sale via mail order houses or via Internet,16787122
R02403,A&P LOTIONS AND POTIONS LIMITED,361 YARDLEY WOOD ROAD,BIRMINGHAM,B13 9LD,16/10/2025,46900 - Non-specialised wholesale trade,16788769
R02404,ARIEL PROPERTY SOLUTION LIMITED,"SUITE 8, SULAW HOUSE 1 CHAPEL STREET, PRESTWICH",MANCHESTER,M25 1AE,16/10/2025,68100 - Buying and selling of own real estate,16789082
R02405,AZ GENERAL TRADING LTD,107 LIVERPOOL ROAD,MANCHESTER,M30 0ND,16/10/2025,47540 - Retail sale of electrical household appliances in specialised stores,16790820
R02406,AURAKIZ TRADE LIMITED,40 PETER MOSS WAY,MANCHESTER,M19 3JS,17/10/2025,47190 - Other retail sale in non-specialised stores,16791289
R02407,BECURA LIFESCIENCES UK LTD,"SUBHAJIT CHATTERJEE PICCADILLY BUSINESS CENTRE, BLACKETT STREET",MANCHESTER,M12 6AE,17/10/2025,47910 - Retail sale via mail order houses or via Internet,16792159
R02408,ASBESTOS REMOVAL NEAR ME LTD,"24-26 OFFICE 1, IZABELLA HOUSE, 24-26 REGENT PLACE",BIRMINGHAM,B1 3NJ,17/10/2025,38220 - Treatment and disposal of hazardous waste,16792837
R02409,BARRIER BASE LTD,"104 MIDDLEMORE INDUSTRIAL ESTATE, MIDDLEMORE ROAD",BIRMINGHAM,B66 2EP,17/10/2025,25990 - Manufacture of other fabricated metal products n.e.c.,16792839
R02410,A.BLAKE HOLDINGS LTD,"746A STRATFORD ROAD, SPARKHILL",BIRMINGHAM,B11 4BP,20/10/2025,70221 - Financial management,16795349
R02411,BBIRL LTD,"APARTMENT 109, 114, KINVARA HEIGHTS, BRADFORD STREET",BIRMINGHAM,B12 0ND,20/10/2025,47910 - Retail sale via mail order houses or via Internet,16795625
R02412,ADAM LOGISTICS 25 LTD,28 STARBANK ROAD,BIRMINGHAM,B10 9LP,20/10/2025,53202 - Unlicensed carrier,16798381
R02413,BEMISAL LTD,"169 MAULDETH ROAD WEST, WITHINGTON",MANCHESTER,M20 1BJ,20/10/2025,47190 - Other retail sale in non-specialised stores,16798395
R02414,ARMZ TRAINZ LTD,46 BURY NEW ROAD,MANCHESTER,M8 8EL,20/10/2025,93199 - Other sports activities,16798451
R02415,AUTOMANIA JAPAN LTD,"UNIT 15 TINSLEY STREET, TIPTON",BIRMINGHAM,DY4 7LH,21/10/2025,45200 - Maintenance and repair of motor vehicles,16799140
R02416,AGENCY TRAINING ACADEMY LTD,4 LITTLEMOSS CLOSE,MANCHESTER,M34 5US,21/10/2025,70229 - Management consultancy activities other than financial management,16799528
R02417,ANCOATS CHRISTMAS TREES LIMITED,23 RADIUM STREET,MANCHESTER,M4 6AY,21/10/2025,47890 - Retail sale via stalls and markets of other goods,16801145
R02418,BJH LIVING LTD,"FLAT A4902, 9 OWEN STREET",MANCHESTER,M15 4TU,22/10/2025,98000 - Residents property management,16803930
R02419,ADL TALENT SOLUTIONS LTD,641 WILBRAHAM ROAD,MANCHESTER,M21 9JT,22/10/2025,78109 - Other activities of employment placement agencies,16804044
R02420,ARTISANS LEATHER LTD,155 MANCHESTER ROAD,MANCHESTER,M16 0FE,23/10/2025,47722 - Retail sale of leather goods in specialised stores,16805674
R02421,5 STAR FOOD UK LTD,"651A MAULDETH ROAD WEST, CHORLTON",MANCHESTER,M21 7SA,23/10/2025,56103 - Take-away food shops and mobile food stands,16806553
R02422,ASHBROOK STRATEGY LTD,"CAPITAL HOUSE 272 MANCHESTER ROAD, DROYLSDEN",MANCHESTER,M43 6PW,24/10/2025,73110 - Advertising agencies,16807409
R02423,BRIGHT FUTURE SOLUTIONS CONSULTANCY SERVICES LIMITED,"SECURITY HOUSE, PAPER MILL END",BIRMINGHAM,B44 8NH,24/10/2025,70229 - Management consultancy activities other than financial management,16808471
R02424,APEX SOLUTIONS MIDLANDS LIMITED,"KINGSNORTH HOUSE, BLENHEIM WAY",BIRMINGHAM,B44 8LS,24/10/2025,41100 - Development of building projects,16808710
R02425,ALMAJD INVESTMENT LIMITED,"UNIT 4A, MONSALL ROAD",MANCHESTER,M40 8WN,27/10/2025,"46730 - Wholesale of wood, construction materials and sanitary equipment",16811472
R02426,AURIQ LTD,11 MUSBOROUGH CLOSE,BIRMINGHAM,B36 9EW,27/10/2025,71129 - Other engineering activities,16813875
R02427,BIRMINGHAM MOT HOLDINGS LIMITED,"UNIT 2, BANGOR ROAD",BIRMINGHAM,B9 4TX,28/10/2025,64209 - Activities of other holding companies n.e.c.,16815081
R02428,AEMAR ALRAWABI TRADING LIMITED,"UNIT 4A, MONSALL ROAD",MANCHESTER,M40 8WN,28/10/2025,"46730 - Wholesale of wood, construction materials and sanitary equipment",16815788
R02429,ALWADI INVESTMENT LIMITED,"UNIT 1B, MONSALL ROAD",MANCHESTER,M40 8WN,29/10/2025,"46730 - Wholesale of wood, construction materials and sanitary equipment",16817209
R02430,ADRIAN COURIER SERVICES LTD,"59 ALCOMBE GROVE, STECHFORD",BIRMINGHAM,B33 8SB,30/10/2025,52290 - Other transportation support activities,16821502
R02431,AL RAYYAN CARWASH LTD,"AL RAYYAN CARWASH LTD SMITHY LANE, PARTINGTON",MANCHESTER,M31 4RB,30/10/2025,81299 - Other cleaning services,16821762
R02432,AIR UK (TP) LTD,"UNIT 4 MANCHESTER INDUSTRIAL ESTATE, NEW ELM ROAD",MANCHESTER,M3 4JH,30/10/2025,56102 - Unlicensed restaurants and cafes,16821783
R02433,AYRA ENTERPRISES LTD,288 DICKENSON ROAD,MANCHESTER,M13 0YL,30/10/2025,68100 - Buying and selling of own real estate,16822046
R02434,ABDUL BROTHERS LIMITED,"289A OLDHAM ROAD, MIDDLETON",MANCHESTER,M24 2DW,30/10/2025,56103 - Take-away food shops and mobile food stands,16822133
R02435,AHJ ESTATES & COMPANY LTD,"426 STOCKFIELD ROAD, YARDLEY",BIRMINGHAM,B25 8JJ,31/10/2025,68209 - Other letting and operating of own or leased real estate,16823783
R02436,BLOSSOMING LOTUS 668 LTD,"3A, WING YIP BUSINESS CENTRE, 278 THIMBLE MILL LANE",BIRMINGHAM,B7 5HD,31/10/2025,56103 - Take-away food shops and mobile food stands,16823852
R02437,ADD HOUSING LTD,63 KINGSWAY,MANCHESTER,M19 2LL,01/11/2025,68100 - Buying and selling of own real estate,16824797
R02438,ALJNIDI LTD,"8 WALMER STREET EAST, RUSHOLME",MANCHESTER,M14 5SS,01/11/2025,56102 - Unlicensed restaurants and cafes,16824992
R02439,AL-MIRZA UNITED LTD,"UNIT 7 INITIAL BUSINESS CENTRE, WILSON BUSINESS PARK",MANCHESTER,M40 8WN,03/11/2025,46900 - Non-specialised wholesale trade,16826790
R02440,APEX EDGE INVESTMENT LIMITED,"UNIT 10A, MONSALL ROAD",MANCHESTER,M40 8WN,03/11/2025,"46730 - Wholesale of wood, construction materials and sanitary equipment",16827179
R02441,A Y A FOR GENERAL SUPPLIES LTD,"UNIT 7 INITIAL BUSINESS CENTRE, WILSON BUSINESS PARK",MANCHESTER,M40 8WN,03/11/2025,46499 - Wholesale of household goods (other than musical instruments) n.e.c.,16827672
R02442,8RAHM LTD,11 SANDYSHOT WALK,MANCHESTER,M22 5AQ,03/11/2025,58110 - Book publishing,16827942
R02443,ACE ROOFING AND LEADWORK LTD,"67 WINDSOR ROAD, PRESTWICH",MANCHESTER,M25 0DB,03/11/2025,43910 - Roofing activities,16829705
R02444,ALPHA2 FOOD LTD,"534 STOCKPORT ROAD,",MANCHESTER,M12 4JJ,04/11/2025,56103 - Take-away food shops and mobile food stands,16829946
R02445,ACERWOOD GROUP LIMITED,"PICCADILLY BUSINESS CENTRE UNIT C27 ALDOW ENTERPRISE PARK, BLACKETT STREET",MANCHESTER,M12 6AE,04/11/2025,47910 - Retail sale via mail order houses or via Internet,16830304
R02446,BAL & INDRA PROPERTIES LTD,5 MEAD AVENUE,BIRMINGHAM,B16 0QW,04/11/2025,68209 - Other letting and operating of own or leased real estate,16831356
R02447,BEAR AND BLOOM LTD,86 CLEE ROAD,BIRMINGHAM,B31 3RF,04/11/2025,96030 - Funeral and related activities,16832123
R02448,BELLWETHER SURVEYS LIMITED,"59 ROOM 4 ROCHDALE ROAD, MIDDLETON",MANCHESTER,M24 2PT,04/11/2025,39000 - Remediation activities and other waste management services,16832284
R02449,AL-MUTTAHIDUN AL-MUMAYYAZUN LTD,"PICCADILLY BUSINESS CENTRE UNIT C ALDOW ENTERPRISE PARK, BLACKETT STREET",MANCHESTER,M12 6AE,05/11/2025,"47110 - Retail sale in non-specialised stores with food, beverages or tobacco predominating",16832951
R02450,ALBIA LAW LTD,"ADAMSON HOUSE, WILMSLOW ROAD",MANCHESTER,M20 2YY,06/11/2025,69109 - Activities of patent and copyright agents; other legal activities n.e.c.,16837529
R02451,ASAS ALMEMAAR LTD,"UNIT 7 INITIAL BUSINESS CENTRE, WILSON BUSINESS PARK",MANCHESTER,M40 8WN,06/11/2025,46900 - Non-specialised wholesale trade,16837660
R02452,BRIMCO COATING SERVICES LTD,49 PORTRUSH ROAD,MANCHESTER,M22 5NG,06/11/2025,43341 - Painting,16838002
R02453,BLUE EARTH POWER LTD,46 BRANTLEY ROAD,BIRMINGHAM,B6 7DR,07/11/2025,"74909 - Other professional, scientific and technical activities n.e.c.",16838967
R02454,AHK PROPERTIES GROUP LIMITED,426-428 LADYPOOL ROAD,BIRMINGHAM,B12 8JZ,07/11/2025,68100 - Buying and selling of own real estate,16840819
R02455,AVEETIE LTD,25 PLAYDON GROVE,BIRMINGHAM,B14 4RH,09/11/2025,62012 - Business and domestic software development,16841912
R02456,ALYRU HUB LTD,"FLAT ABOVE SHOP, 7 WALFORD ROAD",BIRMINGHAM,B11 1NP,10/11/2025,47910 - Retail sale via mail order houses or via Internet,16842287
R02457,BCMSG LTD,"UNIT 7, WILSONS BUSINESS PARK",MANCHESTER,M40 8WN,10/11/2025,47910 - Retail sale via mail order houses or via Internet,16843107
R02458,AL MUSTAWDA AL KHALEEJI COMPANY LTD,"UNIT 7 INITIAL BUSINESS CENTRE, WILSON BUSINESS PARK",MANCHESTER,M40 8WN,10/11/2025,46900 - Non-specialised wholesale trade,16843696
R02459,AL-KAWKAB FOR INVESTMENT AND DEVELOPMENT LTD,"UNIT 7 INITIAL BUSINESS CENTRE, WILSON BUSINESS PARK",MANCHESTER,M40 8WN,10/11/2025,46900 - Non-specialised wholesale trade,16844444
R02460,AD GLOBAL PARTNERSHIP LTD,"UNIT 22 CARIOCCA BUSINESS PARK, 2 SAWLEY ROAD",MANCHESTER,M40 8BB,10/11/2025,70229 - Management consultancy activities other than financial management,16844529
R02461,BITE & JUICE LTD,32 WILLOW DRIVE,BIRMINGHAM,B21 8JZ,10/11/2025,56103 - Take-away food shops and mobile food stands,16844618
R02462,BACKROW900 LTD,"C/O BLUEWATER QUADRANT COURT, 49 CALTHORPE ROAD",BIRMINGHAM,B15 1TH,10/11/2025,68100 - Buying and selling of own real estate,16845120
R02463,BK KARAHI LTD,97 WILMSLOW ROAD,MANCHESTER,M14 5SU,11/11/2025,56102 - Unlicensed restaurants and cafes,16846485
R02464,BECKSIDE COMMERCIAL UK LIMITED,"19 BECKSIDE, TYLDESLEY",MANCHESTER,M29 8JP,11/11/2025,74902 - Quantity surveying activities,16847121
R02465,ALBION PLACE BHAM LTD,"77 FRANCIS ROAD, EDGBASTON",BIRMINGHAM,B16 8SP,13/11/2025,68100 - Buying and selling of own real estate,16853121
R02466,AS AURA HOLDINGS LTD,"1A GREENFIELD CRESCENT, HHM OFFICE",BIRMINGHAM,B15 3BE,13/11/2025,64209 - Activities of other holding companies n.e.c.,16854638
R02467,AK STEEL & SIGNS LTD,"UNIT 6, ADDERLEY ROAD",BIRMINGHAM,B8 1AW,14/11/2025,32990 - Other manufacturing n.e.c.,16855260
R02468,AJ PREMIUM SERVICES LIMITED,62 NEWBRIDGE ROAD,BIRMINGHAM,B9 5JG,14/11/2025,80100 - Private security activities,16855832
R02469,BREAANNA LTD,3 HARDMAN SQUARE,MANCHESTER,M3 3EB,14/11/2025,47910 - Retail sale via mail order houses or via Internet,16856070
R02470,25 TEVERSAL AVENUE LIMITED,202 FAZELEY STREET,BIRMINGHAM,B5 5SE,14/11/2025,68209 - Other letting and operating of own or leased real estate,16857521
R02471,BRAYMERE CODE LIMITED,33 AUBURN ROAD,MANCHESTER,M16 9WS,15/11/2025,62012 - Business and domestic software development,16858114
R02472,BAKESBYCH LTD,9 DELTA ROAD,MANCHESTER,M34 5HR,16/11/2025,"47240 - Retail sale of bread, cakes, flour confectionery and sugar confectionery in specialised stores",16858761
R02473,AJH ENGINEERING DESIGN LTD,"316 LICKEY ROAD, REDNAL",BIRMINGHAM,B45 8RY,17/11/2025,71121 - Engineering design activities for industrial process and production,16860083
R02474,BANGLA KITCHEN LIMITED,"286 MANCHESTER ROAD EAST, LITTLE HULTON",MANCHESTER,M38 9WQ,17/11/2025,56103 - Take-away food shops and mobile food stands,16860666
R02475,BODORGAN HOMES GROUNDS MANAGEMENT COMPANY LIMITED,"SAVILLS, 55 COLMORE ROW",BIRMINGHAM,B3 2AA,17/11/2025,98000 - Residents property management,16861859
R02476,BRITANNIA FOODS MIDLANDS LTD,73 LOWER DARTMOUTH STREET,BIRMINGHAM,B9 4LA,17/11/2025,56103 - Take-away food shops and mobile food stands,16862000
R02477,AQRAWI SHAWARMA LTD,647 WASHWOOD HEATH ROAD,BIRMINGHAM,B8 2HJ,17/11/2025,56103 - Take-away food shops and mobile food stands,16863091
R02478,BHS TRADING LTD,"BHS TRADING LTD, INITIAL BUSINESS CENTRE",MANCHESTER,M40 8WN,17/11/2025,46460 - Wholesale of pharmaceutical goods,16863239
R02479,ALLDAY ESSENTIALS LTD,41 GEORGE STREET,BIRMINGHAM,B3 1QA,20/11/2025,"47110 - Retail sale in non-specialised stores with food, beverages or tobacco predominating",16866920
R02480,APM ADVISORY LTD,66 PARK HILL ROAD,BIRMINGHAM,B17 9HJ,21/11/2025,70229 - Management consultancy activities other than financial management,16868460
R02481,BMN BG LTD,51 HUNTON HILL,BIRMINGHAM,B23 7ND,21/11/2025,43290 - Other construction installation,16868979
R02482,A - BEYOND LIMITED,3 OXFORD COURT,MANCHESTER,M2 3WQ,24/11/2025,47710 - Retail sale of clothing in specialised stores,16870023
R02483,BMEALS LTD,3.17 57 DALE STREET,MANCHESTER,M1 2HS,24/11/2025,86220 - Specialists medical practice activities,16870460
R02484,ANQA CARE & SUPPORT LTD,30 BRANDFORTH ROAD,MANCHESTER,M8 0AH,25/11/2025,87900 - Other residential care activities n.e.c.,16874185
R02485,ACCIDENT ASSIST YORKSHIRE LTD,"HIGHFIELD HOUSE 1562 STRATFORD ROAD, HALL GREEN",BIRMINGHAM,B28 9HA,26/11/2025,"52219 - Other service activities incidental to land transportation, n.e.c.",16876926
R02486,BOBO HUB LTD,"2264 COVENTRY ROAD, SHELDON",BIRMINGHAM,B26 3JR,27/11/2025,"47110 - Retail sale in non-specialised stores with food, beverages or tobacco predominating",16878729
R02487,AN & MN HOLDINGS LTD,64 JERRYS LANE,BIRMINGHAM,B23 5PA,27/11/2025,68209 - Other letting and operating of own or leased real estate,16878977
R02488,ACLO ASSETS MH LTD,"DANTZIC BUILDING, DANTZIC STREET",MANCHESTER,M4 2AH,01/12/2025,68100 - Buying and selling of own real estate,16883905
R02489,ANNUMBRA LIMITED,98 LEA VILLAGE,BIRMINGHAM,B33 9SD,02/12/2025,47710 - Retail sale of clothing in specialised stores,16885127
R02490,AWAIS AJ MOTERS LTD,"UNIT 16 POWKE LANE, ROWLEY GEGIS",BIRMINGHAM,B65 0AH,02/12/2025,45112 - Sale of used cars and light motor vehicles,16885666
R02491,BEYOND RESULTS PERSONAL TRAINING LIMITED,"3 VICTORIA PARADE, URMSTON",MANCHESTER,M41 9BP,02/12/2025,93199 - Other sports activities,16885819
R02492,BCWFC HOLDCO LIMITED,"ST ANDREWS @ KNIGHTHEAD PARK, CATTELL ROAD",BIRMINGHAM,B9 4RL,04/12/2025,64209 - Activities of other holding companies n.e.c.,16891906
R02493,ABANDX WHOLESALES LIMITED,"40 PRIMROSE STREET NORTH, TYLDESLEY",MANCHESTER,M29 8BQ,06/12/2025,47910 - Retail sale via mail order houses or via Internet,16894665
R02494,BRIDGELEAPER TRADING LIMITED,"INITIAL BUSINESS CENTRE UNIT 7, WILSON BUSINESS PARK",MANCHESTER,M40 8WN,08/12/2025,47910 - Retail sale via mail order houses or via Internet,16896988
R02495,AA HOUSING GROUP LTD,"C/O RUS & CO, 1192 STRATFORD ROAD, HALL GREEN",BIRMINGHAM,B28 8AB,10/12/2025,68100 - Buying and selling of own real estate,16902590
R02496,AA SPORTS ZONE LTD,"FLAT 6 25 WOLSELEY STREET, BORDESLEY",BIRMINGHAM,B9 4NW,10/12/2025,47510 - Retail sale of textiles in specialised stores,16903038
R02497,AK INTERNATIONAL ENTERPRISES LTD,"SOHO HOUSE, 362-364 SOHO ROAD",BIRMINGHAM,B21 9QL,11/12/2025,68209 - Other letting and operating of own or leased real estate,16905071
R02498,ARCHSIDE CORNER PROPERTIES LIMITED,"KINGS COURT 17 SCHOOL ROAD, HALL GREEN",BIRMINGHAM,B28 8JG,11/12/2025,68100 - Buying and selling of own real estate,16905407
R02499,BDMIC LIMITED,"OFFICE 12, INITIAL BUSINESS CENTRE, WILSON BUSINESS PARK",MANCHESTER,M40 8WN,12/12/2025,32990 - Other manufacturing n.e.c.,16906123
R02500,AURORA WHOLESALE LTD,"BARTLE HOUSE, OXFORD COURT,",MANCHESTER,M2 3WQ,12/12/2025,"46160 - Agents involved in the sale of textiles, clothing, fur, footwear and leather goods",16906381
R02501,ACER K9 LTD,6 SHARNFORD SQUARE,MANCHESTER,M12 5HA,12/12/2025,66120 - Security and commodity contracts dealing activities,16907363
R02502,AMINATA’S CHILDCARE SERVICES LTD,"APARTMENT 1, TRINITY HOUSE, 32 BLUCHER STREET",BIRMINGHAM,B1 1QH,12/12/2025,88910 - Child day-care activities,16907704
R02503,8PLANNING LIMITED,"REGUS, 82 KING STREET",MANCHESTER,M2 4WQ,12/12/2025,71112 - Urban planning and landscape architectural activities,16907790
R02504,ASM R&D LTD,213 KITTS GREEN ROAD,BIRMINGHAM,B33 9SA,12/12/2025,72110 - Research and experimental development on biotechnology,16908244
R02505,BEAUTYBYBN LTD,"SUITE 2A, 6 FLOOR COBALT SQUARE, 83-85 HAGLEY ROAD",BIRMINGHAM,B16 8QG,15/12/2025,90030 - Artistic creation,16910635
R02506,BRIT AGENT DISTRIBUTION AND ACQUISITION LTD,"FLAT 62, BRIAN REDHEAD COURT, 123, JACKSON CRESCENT",MANCHESTER,M15 5RR,15/12/2025,50200 - Sea and coastal freight water transport,16911586
R02507,AL-MURSHED FOR TRADING LTD,"UNIT 7 INITIAL BUSINESS CENTRE, WILSON BUSINESS PARK",MANCHESTER,M40 8WN,15/12/2025,46900 - Non-specialised wholesale trade,16911859
R02508,ABBOTT PROPERTY RENTALS LTD,96 WYTHENSHAWE ROAD,MANCHESTER,M23 0PA,15/12/2025,68209 - Other letting and operating of own or leased real estate,16912697
R02509,1TO1SALES LTD,"5 RECTORY GARDENS, ALVECHURCH",BIRMINGHAM,B48 7TH,15/12/2025,82990 - Other business support service activities n.e.c.,16912701
R02510,4UM CARE LIMITED,1192 ROCHDALE ROAD,MANCHESTER,M9 6FR,16/12/2025,88100 - Social work activities without accommodation for the elderly and disabled,16913012
R02511,ABDULLAH HASAN AL-SAGHEER TRADING LIMITED,"UNIT 7 INITIAL BUSINESS CENTRE, WILSON BUSINESS PARK",MANCHESTER,M40 8WN,16/12/2025,46499 - Wholesale of household goods (other than musical instruments) n.e.c.,16913092
R02512,ALI NEXA INNOVATIONS LTD,72-74 CRESCENT ROAD,MANCHESTER,M8 9NT,16/12/2025,47910 - Retail sale via mail order houses or via Internet,16914508
R02513,ALLCLEAR CLEARANCES LTD,"UNIT 5, METRO TRIANGLE MOUNT STREET, NECHELLS",BIRMINGHAM,B7 5QT,17/12/2025,49420 - Removal services,16915956
R02514,AP SD THIRTY THREE LIMITED,"UNIT 11 MOUNT STREET BUSINESS CENTRE MOUNT STREET, NECHELLS",BIRMINGHAM,B7 5RD,17/12/2025,47730 - Dispensing chemist in specialised stores,16917459
R02515,AMPD HOLDINGS LTD,FLAT 3206 141 CHESTER ROAD,MANCHESTER,M15 4ZJ,18/12/2025,93290 - Other amusement and recreation activities n.e.c.,16918814
R02516,AP SD FIFTY ONE LIMITED,"UNIT 2 480 BRISTOL ROAD, SELLY OAK",BIRMINGHAM,B29 6BD,18/12/2025,47730 - Dispensing chemist in specialised stores,16919230
R02517,AL NABULSI FOR SPARE PARTS TRADING LTD,"UNIT 7 INITIAL BUSINESS CENTRE, WILSON BUSINESS PARK",MANCHESTER,M40 8WN,18/12/2025,45310 - Wholesale trade of motor vehicle parts and accessories,16919270
R02518,A TO ZEEE LTD,"63A SLADE LANE, SLADE LANE",MANCHESTER,M13 0GW,18/12/2025,45112 - Sale of used cars and light motor vehicles,16921204
R02519,ASHIQ BARBER LTD,545 WARWICK ROAD,BIRMINGHAM,B11 2EX,22/12/2025,96020 - Hairdressing and other beauty treatment,16926017
R02520,ANTHIZ GROUP LTD,"5 PHILIP AVENUE, DENTON",MANCHESTER,M34 3WY,22/12/2025,62012 - Business and domestic software development,16927410
R02521,AL MANSOURI FOR CONTRACTING LTD,"UNIT 7 INITIAL BUSINESS CENTRE, WILSON BUSINESS PARK",MANCHESTER,M40 8WN,22/12/2025,46900 - Non-specialised wholesale trade,16927528
R02522,BLACKWELL APPAREL LTD,20 EARLSBURY GARDENS,BIRMINGHAM,B20 3AF,23/12/2025,47910 - Retail sale via mail order houses or via Internet,16929683
R02523,BLUE STAR OCEAN LTD,225A GREAT WESTERN STREET,MANCHESTER,M14 4LG,28/12/2025,49410 - Freight transport by road,16932615
R02524,BLAZEFORGE CAPITAL LTD,"UNIT 7 INITIAL BUSINESS CENTRE, WILSON BUSINESS PARK",MANCHESTER,M40 8WN,29/12/2025,99999 - Dormant Company,16934142
R02525,BLAZESPARK TRADING SOLUTIONS LTD,"UNIT 7, INITIAL BUSINESS CENTRE, WILSON BUSINESS PARK",MANCHESTER,M40 8WN,29/12/2025,99999 - Dormant Company,16934653
R02526,ARESA E FILMS LTD,"1 ROCKY LANE, ASTON",BIRMINGHAM,B6 5RQ,29/12/2025,59111 - Motion picture production activities,16934850
R02527,AETHER SUMMIT GLOBAL INVESTMENTS LTD,"UNIT 7 INITIAL BUSINESS CENTRE, WILSON BUSINESS PARK",MANCHESTER,M40 8WN,30/12/2025,99999 - Dormant Company,16935792
R02528,BRIGHTLOGIC SYSTEMS LTD,"2ND FLOOR CATHAY BUILDING, HOLLOWAY HEAD",BIRMINGHAM,B1 1NB,30/12/2025,62020 - Information technology consultancy activities,16935992
R02529,AUTOBODY FLEX SMART REPAIRS LIMITED,134 AMINGTON ROAD,BIRMINGHAM,B25 8EL,30/12/2025,45200 - Maintenance and repair of motor vehicles,16936746
R02530,AL-TAJ INVESTMENTS LIMITED,"124 MOSS VALE ROAD, URMSTON",MANCHESTER,M41 0QH,02/01/2026,49320 - Taxi operation,16938661
R02531,AP NORTH LTD,69 MINEHEAD AVENUE,MANCHESTER,M20 1FP,05/01/2026,52102 - Operation of warehousing and storage facilities for air transport activities,16942300
R02532,ASCAYA LTD,"COBALT SQUARE 83-85 HAGLEY ROAD, EDGBASTON",BIRMINGHAM,B16 8QG,05/01/2026,41100 - Development of building projects,16944508
R02533,ATELIER INTEGRAL LIMITED,"APARTMENT 14 MERE HOUSE, 62 ELLESMERE STREET",MANCHESTER,M15 4QR,05/01/2026,71111 - Architectural activities,16944557
R02534,BARNES UK HOLDINGS LIMITED,91 PRINCESS STREET,MANCHESTER,M1 4HT,06/01/2026,68320 - Management of real estate on a fee or contract basis,16946750
R02535,AEON ORBIT LTD,"C/O ACCOUNTS AND LEGAL, 81 KING STREET",MANCHESTER,M2 4AH,07/01/2026,"46342 - Wholesale of wine, beer, spirits and other alcoholic beverages",16948578
R02536,ARBIL RESTAURANT LIMITED,118 WILMSLOW ROAD,MANCHESTER,M14 5AJ,08/01/2026,56102 - Unlicensed restaurants and cafes,16950722
R02537,BOND & SINCLAIR SUPPORTED HOUSING LTD,214 ASTON LANE,BIRMINGHAM,B20 3HE,09/01/2026,70229 - Management consultancy activities other than financial management,16953826
R02538,ACE3 TECHNOLOGY SYSTEMS LTD,"TEXTILE INNOVATION HOUSE 1 LYONS ROAD, TRAFFORD PARK",MANCHESTER,M17 1RN,12/01/2026,62012 - Business and domestic software development,16955670
R02539,ARQ360 LIMITED,"FLAT 4 178 ALBERT ROAD, STECHFORD",BIRMINGHAM,B33 8UE,12/01/2026,71111 - Architectural activities,16956841
R02540,BLACKLINE CARS LTD,100 MANOR FARM ROAD,BIRMINGHAM,B11 2HX,12/01/2026,45112 - Sale of used cars and light motor vehicles,16958169
R02541,A H MIDS PLUMBING LIMITED,"1 GEORGE ROAD, WATER ORTON",BIRMINGHAM,B46 1PE,12/01/2026,"43220 - Plumbing, heat and air-conditioning installation",16958436
R02542,ALIMENTARY LTD,20 SWAN STREET,MANCHESTER,M4 5JW,13/01/2026,62012 - Business and domestic software development,16958989
R02543,ALAYAL.ZONE LTD,17 LYNCROFT ROAD,BIRMINGHAM,B11 3EJ,13/01/2026,47910 - Retail sale via mail order houses or via Internet,16959657
R02544,BRIGHT PATH DIGITAL LTD,"INITIAL BUSINESS CENTER, WILSONS BUSINESS PARK",MANCHESTER,M40 8WN,13/01/2026,70229 - Management consultancy activities other than financial management,16961069
R02545,ALPHARD SOLUTIONS LTD,66 SEYMOUR GROVE,MANCHESTER,M16 0LN,14/01/2026,63120 - Web portals,16963693
R02546,ALNESS ROAD LTD,45 MANLEY ROAD,MANCHESTER,M16 8HP,15/01/2026,68100 - Buying and selling of own real estate,16964499
R02547,BRAVO INTERNATIONAL LTD,35 WARREN FARM ROAD,BIRMINGHAM,B44 0PT,15/01/2026,46900 - Non-specialised wholesale trade,16966348
R02548,BASILEIA CAPITAL LIMITED,"6 BOTANICAL CLOSE, MIDDLETON",MANCHESTER,M24 6FA,16/01/2026,47910 - Retail sale via mail order houses or via Internet,16968418
R02549,AL-MANARA MEDICAL LTD,"UNIT 7 INITIAL BUSINESS CENTRE, WILSON BUSINESS PARK",MANCHESTER,M40 8WN,19/01/2026,46900 - Non-specialised wholesale trade,16971819
R02550,BLUESTONE FOR TRADING LIMITED,"UNIT 7, INITIAL BUSINESS CENTRE, WILSON BUSINESS PARK",MANCHESTER,M40 8WN,19/01/2026,99999 - Dormant Company,16971870
R02551,BROOKLANDS ESTATES (NW) LIMITED,2A CATHERINE ROAD,MANCHESTER,M8 4HA,19/01/2026,68209 - Other letting and operating of own or leased real estate,16972325
R02552,BGM TRANS LTD,80 RIDDFIELD ROAD,BIRMINGHAM,B36 8PS,19/01/2026,49410 - Freight transport by road,16973331
R02553,AI UVD LIMITED,"C/O RUS & CO, 1192 STRATFORD ROAD, HALL GREEN",BIRMINGHAM,B28 8AB,21/01/2026,62090 - Other information technology service activities,16977480
R02554,BEECLEAN MANCHESTER LTD,"APARTMENT 1, 389, STRETFORD ROAD",MANCHESTER,M15 4AD,21/01/2026,81299 - Other cleaning services,16977756
R02555,BIBIHAIRLINEUK LIMITED,"29 HART STREET, DROYLSDEN",MANCHESTER,M43 7AN,21/01/2026,96020 - Hairdressing and other beauty treatment,16979778
R02556,ARVION HOLDING LIMITED,"UNIT 1E BROMSGROVE HOUSE, 88 BROMSGROVE STREET",BIRMINGHAM,B5 6AJ,22/01/2026,59112 - Video production activities,16979984
R02557,BIRCH HOLLOW TRADING HOUSE LTD,"UNIT 7 INITIAL BUSINESS CENTRE, WILSON BUSINESS PARK",MANCHESTER,M40 8WN,23/01/2026,99999 - Dormant Company,16982978
R02558,A1 TYRES 4 U LIMITED,"21 NINEVEH ROAD, HANDSWORTH",BIRMINGHAM,B21 0SU,23/01/2026,45320 - Retail trade of motor vehicle parts and accessories,16983143
R02559,ABBAS GROUP HOLDINGS LTD,11 BLYTHSFORD ROAD,BIRMINGHAM,B28 0UP,25/01/2026,64209 - Activities of other holding companies n.e.c.,16985592
R02560,BICKERTON AUDIO LIMITED,33 BEAUMONT ROAD,BIRMINGHAM,B30 2EA,25/01/2026,71122 - Engineering related scientific and technical consulting activities,16985617
R02561,AZMAT G LIMITED,"494-504 GREEN LANE, SMALL HEATH",BIRMINGHAM,B9 5QH,26/01/2026,47220 - Retail sale of meat and meat products in specialised stores,16986282
R02562,AEROENERGY SOLUTIONS LTD,"15 WYTHENSHAWE ROAD, SALE",MANCHESTER,M33 2JQ,26/01/2026,71121 - Engineering design activities for industrial process and production,16987247
R02563,BENEFIT BRIDGE LTD,13 CUCKOO ROAD,BIRMINGHAM,B7 5SY,26/01/2026,"82190 - Photocopying, document preparation and other specialised office support activities",16987364
R02564,ARD ALRIYF PIONEERING PROJECTS LTD,"UNIT 7 INITIAL BUSINESS CENTRE, WILSON BUSINESS PARK",MANCHESTER,M40 8WN,26/01/2026,13990 - Manufacture of other textiles n.e.c.,16988716
R02565,ANWAR JONES PROPERTIES LTD,53 GIBWOOD ROAD,MANCHESTER,M22 4BS,26/01/2026,68209 - Other letting and operating of own or leased real estate,16988751
R02566,AFFILIATE PROGRAMME LTD,"OFFICE 1, IZABELLA HOUSE, 24 - 26 REGENTS PLACE",BIRMINGHAM,B1 3NJ,26/01/2026,73110 - Advertising agencies,16988893
R02567,ART UK SPORT LIMITED,"38 BLANDFORD ROAD, QUINTON",BIRMINGHAM,B32 2LN,26/01/2026,47190 - Other retail sale in non-specialised stores,16989103
R02568,A&L HELLIWELL LTD,15 LEOPOLD STREET,BIRMINGHAM,B12 0UP,27/01/2026,86220 - Specialists medical practice activities,16992169
R02569,AMD FOOD SERVICES LIMITED,92 HAMPSHIRE ROAD,BIRMINGHAM,B71 2PS,27/01/2026,46310 - Wholesale of fruit and vegetables,16992267
R02570,AMBITIONS PROPERTY LTD,"149 SPON LANE, WEST BROMWICH",BIRMINGHAM,B70 6AS,27/01/2026,68100 - Buying and selling of own real estate,16992550
R02571,BRD BEDS LTD,37 WELLFIELD ROAD,BIRMINGHAM,B28 9ND,28/01/2026,31030 - Manufacture of mattresses,16993825
R02572,ASTRIXOR FOR INTERNATIONAL TRADING LIMITED,"UNIT 7, MONSALL ROAD",MANCHESTER,M40 8WN,28/01/2026,99999 - Dormant Company,16994823
R02573,AVENMERE HOUSING LTD,"57 ALFRED STREET, SPARKBROOK",BIRMINGHAM,B12 8JP,28/01/2026,68100 - Buying and selling of own real estate,16996535
R02574,BENJAMIN RICHARD STUDIOS LIMITED,"211 MANCHESTER NEW ROAD, MIDDLETON",MANCHESTER,M24 1JT,29/01/2026,74100 - specialised design activities,16998656
R02575,AEDIFEX RESTORATION LIMITED,"14 CORKERS HOUSE, 1A CHAIN ROAD",MANCHESTER,M9 6AJ,29/01/2026,41201 - Construction of commercial buildings,16999558
R02576,AMNARA LTD,"SIX WAYS BUSINESS CENTRE, 1 GUILDFORD STREET",BIRMINGHAM,B19 2HN,29/01/2026,47910 - Retail sale via mail order houses or via Internet,16999570
R02577,AL-AKHAWAIN TRADING COMPANY LTD,"UNIT 7 INITIAL BUSINESS CENTRE, WILSON BUSINESS PARK",MANCHESTER,M40 8WN,30/01/2026,46900 - Non-specialised wholesale trade,17001410
R02578,ASAD MART LTD,1088 STOCKPORT ROAD,MANCHESTER,M19 2SU,30/01/2026,47910 - Retail sale via mail order houses or via Internet,17001782
R02579,ARDELLA REAL ESTATES LTD,"56 UNION STREET, TYLDESLEY",MANCHESTER,M29 8AR,30/01/2026,68100 - Buying and selling of own real estate,17002696
R02580,BASKETLY LTD,31 SEDDON STREET,MANCHESTER,M12 4GP,30/01/2026,47910 - Retail sale via mail order houses or via Internet,17002719
R02581,BORDESLY OFFLICENCE'S I LTD,99 BORDESLEY GREEN,BIRMINGHAM,B9 4QP,30/01/2026,47190 - Other retail sale in non-specialised stores,17003986
R02582,"ABBASI,S GROUP LTD",9 LYDFORD GROVE,BIRMINGHAM,B24 9RT,02/02/2026,43290 - Other construction installation,17007772
R02583,ALL-TIME HIGH (ATH) ENTERTAINMENT LTD,45 BILSBORROW ROAD,MANCHESTER,M14 7TH,03/02/2026,56210 - Event catering activities,17008557
R02584,BLUEHARBOR TRADING LIMITED,6 CANBERRA WAY,BIRMINGHAM,B12 0TN,04/02/2026,47890 - Retail sale via stalls and markets of other goods,17011191
R02585,AYKAH AL-NAMAA FOR TRADING LTD,"UNIT 7 INITIAL BUSINESS CENTRE, WILSON BUSINESS PARK",MANCHESTER,M40 8WN,04/02/2026,46900 - Non-specialised wholesale trade,17011717
R02586,A&M BLACKSHAW HOLDINGS LIMITED,"C/O ROCA ACCOUNTANTS LIMITED FLOOR 4, CENTENARY HOUSE, CENTENARY WAY",MANCHESTER,M50 1RF,04/02/2026,64209 - Activities of other holding companies n.e.c.,17013420
R02587,3H HOUSES LIMITED,27 HATHERLEY ROAD,MANCHESTER,M20 4RN,06/02/2026,68209 - Other letting and operating of own or leased real estate,17016242
R02588,BANGOR VALETING LTD,139 WILBRAHAM ROAD,MANCHESTER,M14 7DS,06/02/2026,81299 - Other cleaning services,17017066
R02589,BLACTIE SUPPLY LIMITED,84 GRANVILLE STREET,BIRMINGHAM,B1 1JW,06/02/2026,46190 - Agents involved in the sale of a variety of goods,17017704
R02590,AS ATELIER LTD,23 EGMONT STREET,MANCHESTER,M8 9LY,09/02/2026,47710 - Retail sale of clothing in specialised stores,17022334
R02591,AURUM FORUM LTD,38 HARBORNE ROAD,BIRMINGHAM,B15 3HE,11/02/2026,64209 - Activities of other holding companies n.e.c.,17027537
R02592,ADEEB ENTERPRISES LTD,9 NEWLAND STREET,MANCHESTER,M8 5RY,12/02/2026,47910 - Retail sale via mail order houses or via Internet,17028917
R02593,BLACK CUBE TRADING LTD,"C/O RUS & CO, 1192 STRATFORD ROAD, HALL GREEN",BIRMINGHAM,B28 8AB,12/02/2026,86900 - Other human health activities,17029605
R02594,4 KRD LIMITED,218 WYCHALL ROAD,BIRMINGHAM,B31 3AU,13/02/2026,"47110 - Retail sale in non-specialised stores with food, beverages or tobacco predominating",17032096
R02595,AI ENERGIE X LIMITED,15 COURT OAK ROAD,BIRMINGHAM,B17 9TH,15/02/2026,71122 - Engineering related scientific and technical consulting activities,17033924
R02596,32 AND COUNTING LIMITED,161 WESTRIDGE ROAD,BIRMINGHAM,B13 0EB,15/02/2026,82990 - Other business support service activities n.e.c.,17033973
R02597,ARMOS SECURITY LTD,72 BIRCH LANE,MANCHESTER,M13 0WN,17/02/2026,80100 - Private security activities,17038328
R02598,AUCTIO LIMITED,280-282 CHURCH ROAD,BIRMINGHAM,B26 3YH,17/02/2026,70229 - Management consultancy activities other than financial management,17038797
R02599,A1 TYRES MCR LIMITED,91A 91A SLADE LANE,MANCHESTER,M13 0GW,17/02/2026,45320 - Retail trade of motor vehicle parts and accessories,17038869
R02600,A S ASHMORE BUILDERS LTD,"149 SPON LANE, WEST BROMWICH",BIRMINGHAM,B70 6AS,17/02/2026,41202 - Construction of domestic buildings,17039075
R02601,ALH LEGAL LIMITED,"20 GLENDALE ROAD, WORSLEY",MANCHESTER,M28 1AZ,18/02/2026,69102 - Solicitors,17041437
R02602,AMBAL SERVICES LIMITED,"KITCHEN 10, 10 BUCKINGHAM STREET",BIRMINGHAM,B19 3HT,19/02/2026,56101 - Licensed restaurants,17042905
R02603,ANAND ALPINE UK LTD,19 HARRIS STREET,MANCHESTER,M8 8EG,19/02/2026,"46390 - Non-specialised wholesale of food, beverages and tobacco",17043116
R02604,BEST SIMPLE SOLUTION LTD,"OFFICE 12, INITIAL BUSINESS CENTRE, WILSON BUSINESS PARK",MANCHESTER,M40 8WN,19/02/2026,62012 - Business and domestic software development,17043809
R02605,ARTHUR BUILDS LTD,2 SWALLOW AVENUE,BIRMINGHAM,B36 0RH,20/02/2026,43999 - Other specialised construction activities n.e.c.,17045974
R02606,APEX EVENT PARKING LTD,"2 WHEELEYS ROAD, EDGBASTON",BIRMINGHAM,B15 2LD,23/02/2026,"52219 - Other service activities incidental to land transportation, n.e.c.",17047320
R02607,BOLINKO LTD,"INITIAL BUSINESS CENTRE, UNIT 7 WILSON BUSINESS PARK",MANCHESTER,M40 8WN,23/02/2026,"47990 - Other retail sale not in stores, stalls or markets",17048755
R02608,BEE DIRECT LIMITED,"THE POINT, 173 CHEETHAM HILL ROAD",MANCHESTER,M8 8LG,23/02/2026,47910 - Retail sale via mail order houses or via Internet,17049101
R02609,BOLTON TROY UK LIMITED,"HOPE MILL THEATRE, 113 POLLARD STREET",MANCHESTER,M4 7JA,24/02/2026,90030 - Artistic creation,17051872
R02610,AMZ ESSENTIALS LTD,181 ERDINGTON HALL ROAD,BIRMINGHAM,B24 8JB,25/02/2026,47910 - Retail sale via mail order houses or via Internet,17054232
R02611,BP HOLDINGS LTD,"BADSHAH PALACE, WALSALL ROAD",BIRMINGHAM,B42 1LR,25/02/2026,68209 - Other letting and operating of own or leased real estate,17055537
R02612,AB HOUSING SOLUTIONS LTD,"10 POPLAR ROAD, KINGS HEATH",BIRMINGHAM,B14 7AD,25/02/2026,"87200 - Residential care activities for learning difficulties, mental health and substance abuse",17055785
R02613,BE YOUR CHERISH CO LTD,"SUITE RO, MORGAN REACH HOUSE, 136 HAGLEY ROAD",BIRMINGHAM,B16 9NX,26/02/2026,47910 - Retail sale via mail order houses or via Internet,17056553
R02614,BIRMINGHAM PRIME PROPERTIES LTD,11 BURTON WOOD DRIVE,BIRMINGHAM,B20 3WD,26/02/2026,68209 - Other letting and operating of own or leased real estate,17057561
R02615,360 PROPERTY SERVICES BIRMINGHAM LTD,"862 BRISTOL ROAD, SELLY OAK",BIRMINGHAM,B29 6HW,26/02/2026,68209 - Other letting and operating of own or leased real estate,17058339
R02616,0161 FLAMINFOOD LTD,63 KINGSWAY,MANCHESTER,M19 2LL,27/02/2026,56103 - Take-away food shops and mobile food stands,17060613
R02617,A.R.A LOGISTIC SERVICES LTD,21 STONERWOOD AVENUE,BIRMINGHAM,B28 0AX,28/02/2026,49410 - Freight transport by road,17061124
R02618,AMIRA BLINDS LIMITED,24 WARDEND ROAD,BIRMINGHAM,B8 2QT,02/03/2026,"16290 - Manufacture of other products of wood; manufacture of articles of cork, straw and plaiting materials",17063641
R02619,AUREUM ACCESS LTD,"FLAT C2307 NORTH TOWER, 9 OWEN STREET",MANCHESTER,M15 4UL,02/03/2026,63990 - Other information service activities n.e.c.,17064585
R02620,BEST JOY LONDON LTD,"SUITE 1, 5TH FLOOR THE SOUTHSIDE BUILDING, 31, HURST STREET",BIRMINGHAM,B5 4BD,02/03/2026,56103 - Take-away food shops and mobile food stands,17064981
R02621,BAILEY 'S JERK AND GRILL LTD,61 RUSTON STREET,BIRMINGHAM,B16 8BB,03/03/2026,56290 - Other food services,17066293
R02622,AMMONITE GEOSERVICES LTD,"80 ASHTON ROAD, DENTON",MANCHESTER,M34 3JF,03/03/2026,"74909 - Other professional, scientific and technical activities n.e.c.",17066576
R02623,BIG FLOWER STALL LTD,98 PADDLE STREET,MANCHESTER,M38 9DH,03/03/2026,46220 - Wholesale of flowers and plants,17066741
R02624,7 BROTHERS & CO (NW) LTD,139 WILBRAHAM ROAD,MANCHESTER,M14 7DS,03/03/2026,56103 - Take-away food shops and mobile food stands,17067297
R02625,A SHARPE SOLUTION LTD,127E LIVERPOOL ROAD,MANCHESTER,M3 4JN,03/03/2026,68209 - Other letting and operating of own or leased real estate,17068571
R02626,BLINDS NATION LTD,"UNIT 1 PREMIER TRADING ESTATE, DARTMOUTH MIDDLEWAY",BIRMINGHAM,B7 4AT,04/03/2026,"47990 - Other retail sale not in stores, stalls or markets",17070814
R02627,36 CHAMBERS CONSULTING LTD,25 FARM CRESCENT,MANCHESTER,M26 4LU,04/03/2026,82110 - Combined office administrative service activities,17070911
R02628,AYMI SOCIALS HOLDINGS LTD,"253 MONTON ROAD, ECCLES",MANCHESTER,M30 9PS,04/03/2026,64209 - Activities of other holding companies n.e.c.,17071247
R02629,AZGOR & CO LTD,139 WILBRAHAM ROAD,MANCHESTER,M14 7DS,05/03/2026,56101 - Licensed restaurants,17072240
R02630,BOND BOND LEISURE LTD,"258 CLEGGS LANE, LITTLE HULTON",MANCHESTER,M38 9RQ,05/03/2026,56302 - Public houses and bars,17072873
R02631,APEX CAPITAL MANAGEMENT LIMITED,"46-47 FIFTH FLOOR, THE WHITEHOUSE, 111 NEW STREET",BIRMINGHAM,B2 4EU,06/03/2026,68100 - Buying and selling of own real estate,17073990
R02632,AMARI COMMERCIAL LTD,"MORGAN REACH HOUSE, 136 HAGLEY ROAD",BIRMINGHAM,B16 9NX,06/03/2026,68100 - Buying and selling of own real estate,17074548
R02633,BODYBOT LTD,35 ALLEYNE ROAD,BIRMINGHAM,B24 8EJ,09/03/2026,33120 - Repair of machinery,17076857
R02634,174SR ASKL & SONS LTD,280-282 CHURCH ROAD,BIRMINGHAM,B26 3YH,09/03/2026,68209 - Other letting and operating of own or leased real estate,17077409
R02635,ACE GYMNASTICS LTD,"36A FOXDENTON LANE, MIDDLETON",MANCHESTER,M24 1QG,09/03/2026,85510 - Sports and recreation education,17077430
R02636,BPP COMMERCIAL LTD,10 PARK PLACE,MANCHESTER,M4 4EY,09/03/2026,68100 - Buying and selling of own real estate,17077445
R02637,BASATIN ALKHALIJ ALMUMAYAZA LTD,"UNIT 7 INITIAL BUSINESS CENTRE, WILSON BUSINESS PARK",MANCHESTER,M40 8WN,09/03/2026,46900 - Non-specialised wholesale trade,17080278
R02638,AA HOUSING AND SUPPORT LTD,67 VENTNOR AVENUE,BIRMINGHAM,B36 8EF,10/03/2026,43999 - Other specialised construction activities n.e.c.,17083687
R02639,ADVERIX LTD,"FLAT 8 6 HOPE ROAD, THE GABLES",MANCHESTER,M14 5BB,11/03/2026,73110 - Advertising agencies,17084031
R02640,3 STAR SHOP LTD,"305 FOX HOLLIES ROAD, ACOCKS GREEN",BIRMINGHAM,B27 7PS,12/03/2026,"47110 - Retail sale in non-specialised stores with food, beverages or tobacco predominating",17089044
R02641,AE FREIGHT CONSULTANCY LTD,"11, 40, MILLTOWN APARTMENTS, STAND LANE",MANCHESTER,M26 1LJ,16/03/2026,49410 - Freight transport by road,17091841
R02642,BRIT TEX LIMITED,"FLAT 3, 75, EAST ROAD",MANCHESTER,M12 5QY,16/03/2026,47910 - Retail sale via mail order houses or via Internet,17093390
R02643,AB HAPPY SMILES LTD,"FLAT 11, 359 WILBRAHAM ROAD",MANCHESTER,M16 8NP,18/03/2026,86230 - Dental practice activities,17100851
R02644,ASUMAHQ LTD,"ASUMAHQ, FIRST FLOOR, SWAN BUILDINGS, 20 SWAN STREET",MANCHESTER,M4 5JW,19/03/2026,63120 - Web portals,17102607
R02645,BESPOKELIVINGESTATES LTD,"62 MINT DRIVE, HOCKLEY",BIRMINGHAM,B18 6EA,19/03/2026,98000 - Residents property management,17104622
R02646,BRONZE CAPITAL LIMITED,211 MANCHESTER NEW ROAD,MANCHESTER,M24 1JT,20/03/2026,43999 - Other specialised construction activities n.e.c.,17104795
R02647,ARTIS EDGE LTD,2 HOLLAND ROAD WEST,BIRMINGHAM,B6 4DW,20/03/2026,70229 - Management consultancy activities other than financial management,17105108
R02648,AKTINSON MOTOR ENGINEERING LTD,"SUITE 34, CARIOCCA  BUSINESS PARK, 2 SAWLEY ROAD",MANCHESTER,M40 8BB,20/03/2026,45200 - Maintenance and repair of motor vehicles,17105836
R02649,AD CLOTHING LIMITED,"22 CRICKET STREET, DENTON",MANCHESTER,M34 3DR,20/03/2026,"47820 - Retail sale via stalls and markets of textiles, clothing and footwear",17107202
R02650,BRDB CULINARY VENTURES LIMITED,77 HOLYHEAD ROAD,BIRMINGHAM,B21 0LG,23/03/2026,56101 - Licensed restaurants,17108727
R02651,AHA CONSULTANCY LTD,16 BROADYATES ROAD,BIRMINGHAM,B25 8JE,23/03/2026,70229 - Management consultancy activities other than financial management,17109023
R02652,ASTON OFF LICENCE LTD,405 WITTON ROAD,BIRMINGHAM,B6 6SP,23/03/2026,"47110 - Retail sale in non-specialised stores with food, beverages or tobacco predominating",17109913
R02653,BRICK & BLOOM HOMES LTD,"3 WICHEAVES CRESCENT, WORSLEY",MANCHESTER,M28 0JS,23/03/2026,68100 - Buying and selling of own real estate,17110519
R02654,BG HMO MAN LIMITED,"UNIT 18 PHOENIX BUSINESS PARK, AVENUE CLOSE",BIRMINGHAM,B7 4NU,24/03/2026,64209 - Activities of other holding companies n.e.c.,17111823
R02655,BALAGAN ESTATES LTD,"BALAGAN ESTATES LTD C/O TAXLITE OFFICE, 6 SOHO ROAD",BIRMINGHAM,B21 9BH,24/03/2026,68209 - Other letting and operating of own or leased real estate,17112595
R02656,ARABIAN FABRIC UK LIMITED,"ELEVEN BRINDLEY PLACE, 2 BRUNSWICK SQUARE",BIRMINGHAM,B1 2LP,24/03/2026,46410 - Wholesale of textiles,17114030
R02657,BEACHER OCCAM LTD,"OFFICE 8054 INITIAL BUSINESS CENTRE, UNIT 7 WILSON BUSINESS PARK",MANCHESTER,M40 8WN,26/03/2026,46900 - Non-specialised wholesale trade,17118830
R02658,AURUM & FIDELIS LTD,5 POLICE STREET,MANCHESTER,M2 7LQ,26/03/2026,32120 - Manufacture of jewellery and related articles,17118992
R02659,AFILMORY FOR COMMERCIAL CENTERS LTD,"UNIT 7 INITIAL BUSINESS CENTRE, WILSON BUSINESS PARK",MANCHESTER,M40 8WN,26/03/2026,46900 - Non-specialised wholesale trade,17119263
R02660,BEE BARGAINS LTD,26 PREMIER ROAD,MANCHESTER,M8 8HH,26/03/2026,47190 - Other retail sale in non-specialised stores,17119682
R02661,A & P PROPERTIES NW LTD,"17 CHURCH AVENUE, DENTON",MANCHESTER,M34 7PP,26/03/2026,68209 - Other letting and operating of own or leased real estate,17119803
R02662,AMBRACIA PROPERTIES LTD,292 WAKE GREEN ROAD,BIRMINGHAM,B13 9QP,26/03/2026,68100 - Buying and selling of own real estate,17119921
R02663,BROOMFIELD LEASEHOLDER LIMITED,77 HOLYHEAD ROAD,BIRMINGHAM,B21 0LG,27/03/2026,68320 - Management of real estate on a fee or contract basis,17121210
R02664,AB (MIDLANDS) OTHER SERVICES LIMITED,"116 YARDLEY ROAD, ACOCKS GREEN",BIRMINGHAM,B27 6LG,27/03/2026,96090 - Other service activities n.e.c.,17122317
R02665,ATENSHI FOR TRADING LTD,"UNIT 7 INITIAL BUSINESS CENTRE, WILSON BUSINESS PARK",MANCHESTER,M40 8WN,30/03/2026,46900 - Non-specialised wholesale trade,17124081
R02666,BIMLABEXS LTD,"FIRST FLOOR, 2 HAMPTON COURT ROAD",BIRMINGHAM,B17 9AE,30/03/2026,56101 - Licensed restaurants,17124268
R02667,BLOOMSTONE TUTORS LTD,12 MONACO DRIVE,MANCHESTER,M22 4FG,30/03/2026,85590 - Other education n.e.c.,17125358
R02668,2OG LIMITED,8 WYNFIELD GARDENS,BIRMINGHAM,B14 6EY,30/03/2026,85421 - First-degree level higher education,17127191
R02669,ASTARDIGM LTD,"FLAT 5 15 OXFORD ROAD, MOSELEY",BIRMINGHAM,B13 9EH,31/03/2026,62012 - Business and domestic software development,17128617
R02670,ART & WELLNESS LTD,19 CAROLINE STREET,BIRMINGHAM,B3 1TR,31/03/2026,86900 - Other human health activities,17129469
R02671,AGHO DISTRIBUTIONS LTD,"51 HOWDEN ROAD, BLACKLEY",MANCHESTER,M9 0RQ,02/04/2026,47910 - Retail sale via mail order houses or via Internet,17134284
R02672,BELLO WEAR LTD,"1 SPRINGFIELD APARTMENTS, HEAP STREET",MANCHESTER,M26 2SS,02/04/2026,47710 - Retail sale of clothing in specialised stores,17135164
R02673,BRAINWAVE ASSET INTELLIGENCE LTD,"3 VICTORIA PARADE, URMSTON",MANCHESTER,M41 9BP,02/04/2026,70229 - Management consultancy activities other than financial management,17135517
R02674,AUTONIX CONSULTING LTD.,209 COOKS LANE,BIRMINGHAM,B37 6NX,04/04/2026,62020 - Information technology consultancy activities,17136838
R02675,ALGOFREE LTD,104 WYCHALL ROAD,BIRMINGHAM,B31 3AJ,07/04/2026,62012 - Business and domestic software development,17138702
R02676,AGHADELLY UK LTD,"FLAT 10, ST. ANDREWS COURT, BOLTON ROAD",BIRMINGHAM,B10 0BG,07/04/2026,56290 - Other food services,17140117
R02677,BARA RECRUITMENT LIMITED,280-282 CHURCH ROAD,BIRMINGHAM,B26 3YH,07/04/2026,78109 - Other activities of employment placement agencies,17140494
R02678,27MT ECOM LTD,"FLAT 304, 190 DANTZIC STREET",MANCHESTER,M4 4LF,07/04/2026,73110 - Advertising agencies,17140928
R02679,ALTAS BETA LTD,69 OLLIER AVENUE,MANCHESTER,M12 5SW,07/04/2026,47910 - Retail sale via mail order houses or via Internet,17141223
R02680,ADHD LOCUM LIMITED,159 SWANSHURST LANE,BIRMINGHAM,B13 0AS,08/04/2026,86210 - General medical practice activities,17142409
R02681,ALSURUJ ALEARABIAH LILNAQL LTD,"UNIT 7 INITIAL BUSINESS CENTRE, WILSON BUSINESS PARK",MANCHESTER,M40 8WN,08/04/2026,46900 - Non-specialised wholesale trade,17143152
R02682,BRIDGEFORCESTAFF LIMITED,"APARTMENT 5, 23 LAINDON ROAD",MANCHESTER,M14 5YJ,08/04/2026,56290 - Other food services,17144387
R02683,AAS PROPERTY MANCHESTER LTD,24 WHITE MOSS AVENUE,MANCHESTER,M21 0XT,09/04/2026,68209 - Other letting and operating of own or leased real estate,17145529
R02684,AFRIQIA HEALTH & BEAUTY LTD,82 RAVENSBURY STREET,MANCHESTER,M11 4JJ,09/04/2026,86900 - Other human health activities,17146765
R02685,AM DENT HEALTHCARE SERVICES LIMITED,"AMS ACCOUNTANTS MEDICAL LIMITED 1 HARDMAN STREET, SPINNINGFIELDS",MANCHESTER,M3 3HF,09/04/2026,86230 - Dental practice activities,17147078
R02686,ASHCHILD LTD,15 BULLER ROAD,MANCHESTER,M13 0PP,09/04/2026,78109 - Other activities of employment placement agencies,17147961
R02687,BLOTASTE FOOD FOR PACKAGING & PROCESSING LTD,"UNIT 7 INITIAL BUSINESS CENTRE, WILSON BUSINESS PARK",MANCHESTER,M40 8WN,10/04/2026,46900 - Non-specialised wholesale trade,17148476
R02688,BIDZNESS LTD,231 HEALD PLACE,MANCHESTER,M14 5NJ,10/04/2026,47910 - Retail sale via mail order houses or via Internet,17149170
R02689,BRIARCROFT SERVICE CENTRE LTD,"1 MORLEY STREET, ATHERTON",MANCHESTER,M46 0AE,11/04/2026,45200 - Maintenance and repair of motor vehicles,17151003
R02690,ASOKE LIMITED,81 UPPER MARSHALL STREET,BIRMINGHAM,B1 1LA,13/04/2026,47910 - Retail sale via mail order houses or via Internet,17154533
R02691,ALFAJAR GROUP LIMITED,64 NEWTOWN SHOPPING CENTRE,BIRMINGHAM,B19 2SW,13/04/2026,10130 - Production of meat and poultry meat products,17155488
R02692,AREOLITHIX LTD,9 SANDRINGHAM STREET,MANCHESTER,M18 7BY,15/04/2026,82990 - Other business support service activities n.e.c.,17158874
R02693,B.A.A.R PROPERTIES LIMITED,28-30 WILBRAHAM ROAD,MANCHESTER,M14 7DW,16/04/2026,68209 - Other letting and operating of own or leased real estate,17161574
R02694,14THSHIP LTD,169 OXHILL ROAD,BIRMINGHAM,B21 8HA,16/04/2026,47910 - Retail sale via mail order houses or via Internet,17163083
R02695,BRIK CAPITAL LIMITED,"OFFICE 1.12, COLONY, SILK STREET",MANCHESTER,M4 6LZ,17/04/2026,68100 - Buying and selling of own real estate,17164455
R02696,AGR GAMING LTD,64 YARDLEY GREEN ROAD,BIRMINGHAM,B9 5QE,17/04/2026,32401 - Manufacture of professional and arcade games and toys,17165232
R02697,AHQAAF LTD,"INITIAL BUSINESS CENTRE, WILSON PARK",MANCHESTER,M40 8WN,20/04/2026,47910 - Retail sale via mail order houses or via Internet,17167798
R02698,BETHELWARE LTD,6 KEGWORTH ROAD,BIRMINGHAM,B23 7PR,20/04/2026,62012 - Business and domestic software development,17168380
R02699,"BECOKA INTERNATIONAL CO., LIMITED","OFFICE 15246 INITIAL BUSINESS CENTRE, UNIT 7 WILSON BUSINESS PARK",MANCHESTER,M40 8WN,20/04/2026,46190 - Agents involved in the sale of a variety of goods,17169566
R02700,ART COURIER SERVICES UK LTD,36 BELLE WALK,BIRMINGHAM,B13 9DB,20/04/2026,52290 - Other transportation support activities,17170154
R02701,BILLIONKEY (HONG KONG) LIMITED,"SUITE 2576 INITIAL BUSINESS CENTRE, UNIT 7 WILSON BUSINESS PARK",MANCHESTER,M40 8WN,20/04/2026,47910 - Retail sale via mail order houses or via Internet,17170578
R02702,BOLT ACADEMY LTD,"100 LIVERPOOL ROAD, CADISHEAD",MANCHESTER,M44 5AN,21/04/2026,90010 - Performing arts,17171463
R02703,BETHESDA GROUP LTD,70 WATERHOUSES STREET,MANCHESTER,M34 5UQ,21/04/2026,10710 - Manufacture of bread; manufacture of fresh pastry goods and cakes,17172608
R02704,A U LEICESTER LTD,"1166 COVENTRY ROAD, YARDLEY",BIRMINGHAM,B25 8DA,22/04/2026,70229 - Management consultancy activities other than financial management,17174057
R02705,ATS BUILDING & JOINERY LIMITED,"FIRST FLOOR, SWAN BUILDINGS, 20 SWAN STREET",MANCHESTER,M4 5JW,22/04/2026,43320 - Joinery installation,17174234
R02706,BISHOPSROAD15 LIMITED,"15 BISHOPS ROAD, PRESTWICH",MANCHESTER,M25 0HT,22/04/2026,68100 - Buying and selling of own real estate,17174392
R02707,AOA CAFE & STREET FOOD LTD,139 WILBRAHAM ROAD,MANCHESTER,M14 7DS,22/04/2026,56103 - Take-away food shops and mobile food stands,17175073
R02708,AMKAF LIMITED,78 GRANGE PARK ROAD,MANCHESTER,M9 7AH,22/04/2026,47910 - Retail sale via mail order houses or via Internet,17175380
R02709,ALPHA LASER UK LIMITED,"1 GREENFIELD CRESCENT, EDGBASTON VILLAGE, C/O HHM ACCOUNTANTS",BIRMINGHAM,B15 3BE,24/04/2026,46690 - Wholesale of other machinery and equipment,17177891
R02710,BARKHADLE TRANSPORTATION LTD,1 GILBY ROAD,BIRMINGHAM,B16 8RG,24/04/2026,49410 - Freight transport by road,17180311
R02711,BLUE GLAZE WINDOWS AND DOORS LTD,86C WATER STREET,BIRMINGHAM,B3 1HL,26/04/2026,43290 - Other construction installation,17181002
R02712,AU 25 LTD,"DIXY CHICKEN, 306 KITTS GREEN ROAD",BIRMINGHAM,B33 9SB,27/04/2026,56103 - Take-away food shops and mobile food stands,17183058
R02713,ALMIGHTY FIGHTING CHAMPIONSHIP LTD,527 MOSELEY ROAD,BIRMINGHAM,B12 9BU,27/04/2026,93199 - Other sports activities,17183843
R02714,ALL OF US GLOBAL LTD,"BARTLE HOUSE, OXFORD COURT",MANCHESTER,M2 3WQ,28/04/2026,47910 - Retail sale via mail order houses or via Internet,17186868
R02715,AMBER ACOUSTIC SERVICES LTD,67 WINDSOR ROAD,MANCHESTER,M25 0DB,28/04/2026,"74909 - Other professional, scientific and technical activities n.e.c.",17187190
R02716,BEST NO 1 MINI STORE LTD,"834 BRISTOL ROAD SOUTH, NORTHFIELD",BIRMINGHAM,B31 2NS,29/04/2026,"47110 - Retail sale in non-specialised stores with food, beverages or tobacco predominating",17188553
R02717,ARCHBROOK MEDICAL LTD,"CORNBROOK MEDICAL PRACTICE, 63 BOOTH STREET WEST",MANCHESTER,M15 6PR,29/04/2026,64209 - Activities of other holding companies n.e.c.,17188635
R02718,ALMA SS GROUP LTD,81 BUSHWOOD ROAD,BIRMINGHAM,B29 5AY,30/04/2026,86220 - Specialists medical practice activities,17191524
R02719,ASPIRE ASSET & PROPERTY MANAGEMENT LTD,225 BRISTOL ROAD,BIRMINGHAM,B5 7UB,30/04/2026,68100 - Buying and selling of own real estate,17192021
R02720,BDS PLUMBING SOLUTIONS LTD,"2ND FLOOR - PARKGATES BURY NEW ROAD, PRESTWICH",MANCHESTER,M25 0TL,30/04/2026,"43220 - Plumbing, heat and air-conditioning installation",17192425
R02721,BILAL CONSTRUCTION GROUP LTD,65 RECTORY PARK ROAD,BIRMINGHAM,B26 3LJ,30/04/2026,41202 - Construction of domestic buildings,17192694
R02722,AL FAEZOUN SCHOOL LTD,18 ANGLESIDE AVENUE,MANCHESTER,M19 1NU,02/05/2026,85520 - Cultural education,17196139
R02723,AXG CONSULTING LTD,8 WOODROUGH DRIVE,BIRMINGHAM,B13 9EP,04/05/2026,70229 - Management consultancy activities other than financial management,17197010
R02724,AR EDGE ESTATES LIMITED,"20 WOODLANDS ROAD, SPARKHILL",BIRMINGHAM,B11 4HE,05/05/2026,68100 - Buying and selling of own real estate,17198457
R02725,ALEN NORWAY CONSULTING AND SERVICE LIMITED,"UNIT C PICCADILLY BUSINESS CENTRE  ALDOW ENTERPRISE PARK, BLACKETT STREET",MANCHESTER,M12 6AE,05/05/2026,73200 - Market research and public opinion polling,17199704
R02726,AMINO LTD,3 AINSFORD ROAD,MANCHESTER,M20 4ST,05/05/2026,47890 - Retail sale via stalls and markets of other goods,17199712
R02727,BRO OKES HOUSING LTD,262 BROMFORD DRIVE,BIRMINGHAM,B36 8QU,05/05/2026,68100 - Buying and selling of own real estate,17200382
R02728,A&O ONE STOP LIMITED,"111 TAYLOR LANE, DENTON",MANCHESTER,M34 3WQ,05/05/2026,"47110 - Retail sale in non-specialised stores with food, beverages or tobacco predominating",17200633
R02729,BIGDREAMERS UK LTD,"53 ST. MARYS STREET, HULME",MANCHESTER,M15 5WB,06/05/2026,47910 - Retail sale via mail order houses or via Internet,17203567
R02730,AHMED SAID REHAB FOR MANUFACTURING READYMADE CLOTHES LTD,"UNIT 7 INITIAL BUSINESS CENTRE, WILSON BUSINESS PARK",MANCHESTER,M40 8WN,07/05/2026,46900 - Non-specialised wholesale trade,17203701
R02731,ANDREADRIVE LTD,96 MAAS ROAD,BIRMINGHAM,B31 2PR,07/05/2026,53202 - Unlicensed carrier,17204598
R02732,AMPLEXA CARE LIMITED,"BARTLE HOUSE, OXFORD COURT",MANCHESTER,M2 3WQ,08/05/2026,46900 - Non-specialised wholesale trade,17205926
R02733,AMY NAILS BEAUTY LIMITED,"10 MIDDLETON GARDENS, MIDDLETON",MANCHESTER,M24 4DF,08/05/2026,96020 - Hairdressing and other beauty treatment,17206380
R02734,ARCADIAN TASTY FOODS LTD,"FLAT127, 41 ESSEX STREET",BIRMINGHAM,B5 4TU,08/05/2026,47290 - Other retail sale of food in specialised stores,17208229
R02735,APEX ATHLEISURE LTD,33 BURY NEW ROAD,MANCHESTER,M8 8EQ,10/05/2026,47910 - Retail sale via mail order houses or via Internet,17208940
R02736,ALRIYADH RESTAURANT LTD,308 PLATT LANE,MANCHESTER,M14 7BZ,11/05/2026,56102 - Unlicensed restaurants and cafes,17210371
R02737,BEEWISE ENERGY LTD,"SWAN BUILDING, 20 SWAN STREET",MANCHESTER,M4 5JW,11/05/2026,43210 - Electrical installation,17211057
R02738,BRAIN SPHERE LTD,"304 GOLDEN HILLOCK ROAD, SPARKBROOK",BIRMINGHAM,B11 2PY,12/05/2026,62012 - Business and domestic software development,17213464
R02739,AELOWYN TRADE LIMITED,"INITIAL BUSINESS CENTRE UNIT 30, WILSON BUSINESS PARK",MANCHESTER,M40 8WN,13/05/2026,46190 - Agents involved in the sale of a variety of goods,17218576
R02740,APEX GL LTD,"FLAT 2409 VIADUX, 42 GREATBRIDGE WATER ST,",MANCHESTER,M1 5LP,14/05/2026,63990 - Other information service activities n.e.c.,17219716
R02741,APEX ROOFING AND REPAIR SPECIALISTS LTD,"FIRST FLOOR, CITY CENTRE, SWAN BUILDINGS, 20 SWAN STREET",MANCHESTER,M4 5JW,14/05/2026,43910 - Roofing activities,17220302
R02742,ALBEEK MCR LTD,17-19 BURY NEW ROAD,MANCHESTER,M8 8FW,14/05/2026,56103 - Take-away food shops and mobile food stands,17221446
R02743,AAY ESS PROPS LIMITED,"ALBANY HOUSE, 9 GIBSON ROAD",BIRMINGHAM,B20 3UE,15/05/2026,68209 - Other letting and operating of own or leased real estate,17222168
R02744,A1 TYRE TRACK LIMITED,91A SLADE LANE,MANCHESTER,M13 0GW,15/05/2026,45200 - Maintenance and repair of motor vehicles,17222984
R02745,A1 HEALTH TREATMENTS LTD,94 BRASSHOUSE LANE,BIRMINGHAM,B66 1BA,15/05/2026,96040 - Physical well-being activities,17223637
R02746,BRITEPATH LIMITED,"C/O BDO LLP TWO SNOWHILL, 7TH FLOOR",BIRMINGHAM,B4 6GA,18/05/2026,78300 - Human resources provision and management of human resources functions,17225702
R02747,ALCO CAPITAL LIMITED,"1ST FLOOR CLOISTER HOUSE RIVERSIDE, NEW BAILEY STREET",MANCHESTER,M3 5FS,18/05/2026,64999 - Financial intermediation not elsewhere classified,17225733
R02748,BACKGROUND TECHNOLOGIES LIMITED,"STUDIO 9, 50-54 ST PAUL'S SQUARE",BIRMINGHAM,B3 1QS,18/05/2026,62012 - Business and domestic software development,17225898
R02749,AL WAHHAB HOLDINGS LIMITED,"BARTLE HOUSE, 9 OXFORD COURT",MANCHESTER,M2 3WQ,18/05/2026,68209 - Other letting and operating of own or leased real estate,17227006
R02750,ALFA REMOVAL LTD,"FLAT 2, 69 GILLOTT ROAD",BIRMINGHAM,B16 0EU,18/05/2026,49420 - Removal services,17227611
R02751,BITRON DIGITAL LTD,69A BROADSTONE ROAD,BIRMINGHAM,B26 2BY,19/05/2026,62012 - Business and domestic software development,17229025
R02752,ACTIVE VEHICLE CARE LTD,19 CINCINNATI DRIVE,BIRMINGHAM,B24 0SB,20/05/2026,45200 - Maintenance and repair of motor vehicles,17231065
R02753,BAIWOOD PROPERTY LIMITED,"89 CHORLEY ROAD, SWINTON",MANCHESTER,M27 4AA,20/05/2026,68100 - Buying and selling of own real estate,17231901
R02754,ALM GLOBAL DISTRIBUTORS LIMITED,86 BURNEY LANE,BIRMINGHAM,B8 2AR,20/05/2026,47910 - Retail sale via mail order houses or via Internet,17233841
R02755,24/7 PLUMING & HEATING LIMITED,157 WOODLANDS ROAD,MANCHESTER,M8 0NG,21/05/2026,"43220 - Plumbing, heat and air-conditioning installation",17234371
R02756,BLUE HAVANA LIMITED,"LIFFORD HALL, LIFFORD LANE",BIRMINGHAM,B30 3JN,21/05/2026,56102 - Unlicensed restaurants and cafes,17235484
R02757,ANITA DELÍCIA LTD,16 BEESTON CLOSE,BIRMINGHAM,B6 5UE,22/05/2026,56102 - Unlicensed restaurants and cafes,17237039
R02758,BLUE RIDGE PROPERTY DEVELOPMENTS LIMITED,37 WHITMORE ROAD,BIRMINGHAM,B10 0NR,22/05/2026,41100 - Development of building projects,17238838
R02759,BREAK HOLIDAYS LTD,"FLAT 51, PITMASTON COURT WEST, GOODBY ROAD",BIRMINGHAM,B13 8RL,26/05/2026,79110 - Travel agency activities,17241525
R02760,2DEC TECHNOLOGIES LIMITED,40 CHESTERTON ROAD,MANCHESTER,M23 9LB,27/05/2026,62012 - Business and domestic software development,17244557
R02761,A AZAM LTD,33 GRANGE ROAD,BIRMINGHAM,B6 6LA,02/06/2026,86230 - Dental practice activities,17255969
R02762,BEAUTISPHERE LTD,56 NELL LANE,MANCHESTER,M21 7SN,02/06/2026,47750 - Retail sale of cosmetic and toilet articles in specialised stores,17256164
R02763,ALDER PROPERTY GROUP LIMITED,264 LOZELLS ROAD,BIRMINGHAM,B19 1NP,03/06/2026,79120 - Tour operator activities,17258709
R02764,99AI LTD,34 RUNCORN ROAD,BIRMINGHAM,B12 8RQ,03/06/2026,73110 - Advertising agencies,17259193
R02765,BANGER & BANGER PROPERTY LTD,39 HOSPITAL STREET,BIRMINGHAM,B19 3PU,03/06/2026,68100 - Buying and selling of own real estate,17259258
R02766,AXION CABLES LTD,"SWAN BUILDING, 20 SWAN STREET",MANCHESTER,M4 5JW,03/06/2026,71122 - Engineering related scientific and technical consulting activities,17260122
R02767,AB PHARMASERVE LTD,183 CHERRYWOOD ROAD,BIRMINGHAM,B9 4XE,03/06/2026,86210 - General medical practice activities,17260141
R02768,BORDESLEY MOBILE TYRE SERVICES LTD,"122 FRANCES ROAD, KINGS NORTON",BIRMINGHAM,B30 3DX,03/06/2026,45200 - Maintenance and repair of motor vehicles,17260274
R02769,BAZIAN FADE LTD,8 OLD WALSALL ROAD,BIRMINGHAM,B42 1NN,04/06/2026,96020 - Hairdressing and other beauty treatment,17260549
R02770,BAISAN LTD,41 DROITWICH ROAD,MANCHESTER,M40 8ED,04/06/2026,68209 - Other letting and operating of own or leased real estate,17260582
R02771,BOOKFOLIO LTD,26 JOHN HOGAN V C ROAD,MANCHESTER,M40 7QU,04/06/2026,62012 - Business and domestic software development,17260970
R02772,ALIA WELLNESS STUDIO LTD,152 STATION ROAD,BIRMINGHAM,B33 8BT,04/06/2026,86900 - Other human health activities,17262260
R02773,BERRY COFFEE LTD,204 NEWHALL STREET,BIRMINGHAM,B3 1SH,05/06/2026,56102 - Unlicensed restaurants and cafes,17263027
R02774,33 BLUE LTD,"37 SHELSLEY AVENUE, OLDBURY",BIRMINGHAM,B69 1BQ,05/06/2026,68100 - Buying and selling of own real estate,17263258
R02775,AKB 2 LIMITED,19 KENRICK WAY,BIRMINGHAM,B33 9FL,07/06/2026,80100 - Private security activities,17265879
R02776,AIRPHONE MIDLANDS LTD,"149 SPON LANE, WEST BROMWICH",BIRMINGHAM,B70 6AS,08/06/2026,47910 - Retail sale via mail order houses or via Internet,17266360
R02777,ALLIED WORKFORCE SOLUTIONS LIMITED,77 MARSHALL GROVE,BIRMINGHAM,B44 8HP,08/06/2026,78109 - Other activities of employment placement agencies,17267691
R02778,BLN.NO.1 PROPERTIES LTD,"252 LUMB LANE, DROYLSDEN",MANCHESTER,M43 7LG,08/06/2026,68209 - Other letting and operating of own or leased real estate,17269140
R02779,BIG PARTY LTD,127 HIGH STREET DIGBETH,BIRMINGHAM,B12 0JU,09/06/2026,47789 - Other retail sale of new goods in specialised stores (not commercial art galleries and opticians),17269694
R02780,BRIDGE COMMUNITY SUPPORT LTD,"BRIDGE, 60 FREDERICK STREET",BIRMINGHAM,B1 3HS,09/06/2026,82990 - Other business support service activities n.e.c.,17270106
R02781,ADVERTISING-CONSULTING LTD,"OFFICE 620 INITIAL BUSINESS CENTRE, WILSON BUSINESS PARK",MANCHESTER,M40 8WN,09/06/2026,70229 - Management consultancy activities other than financial management,17270325
R02782,AMANAH SUPERMARKET LTD,545 MOSELEY ROAD,BIRMINGHAM,B12 9BU,09/06/2026,47290 - Other retail sale of food in specialised stores,17270655
R02783,BELLEGLOW BEAUTY LTD,"5 WENTWORTH AVENUE, NORTHFIELD",BIRMINGHAM,B31 5FS,09/06/2026,46450 - Wholesale of perfume and cosmetics,17271681
R02784,ABDULLAH BROS LTD,318 PALATINE ROAD,MANCHESTER,M22 4FW,10/06/2026,56103 - Take-away food shops and mobile food stands,17272414
R02785,AVERON LOGISTICS LTD,88 OAKCROFT ROAD,BIRMINGHAM,B13 0HP,10/06/2026,49410 - Freight transport by road,17272871
R02786,ALSHAMERI AND SONS LTD,43 OMBERSLEY ROAD,BIRMINGHAM,B12 8UT,17/06/2026,45111 - Sale of new cars and light motor vehicles,17276282
R02787,AUREUS COMMERCIAL LTD,"OFFICE 1, 24-26 IZABELLA HOUSE REGENT PLACE, JEWELLERY QUARTER",BIRMINGHAM,B1 3NJ,17/06/2026,46180 - Agents specialized in the sale of other particular products,17276665
R02788,ARC EVENTS ORGANISATION LTD,11 CAROLINE STREET,BIRMINGHAM,B3 1TR,17/06/2026,82990 - Other business support service activities n.e.c.,17276925
R02789,BPW PROPERTY GROUP LTD,6 ANSWELL AVENUE,MANCHESTER,M8 4GG,17/06/2026,68100 - Buying and selling of own real estate,17277546
R02790,ASSURED CPD LTD,63 KINGSWAY,MANCHESTER,M19 2LL,17/06/2026,85590 - Other education n.e.c.,17277869
R02791,AMIN AND CO WHOLESALE LTD,380 CHEETHAM HILL ROAD,MANCHESTER,M8 9LS,18/06/2026,"46341 - Wholesale of fruit and vegetable juices, mineral water and soft drinks",17280622
R02792,BCL HOLD CO LTD,122 EMILY STREET,BIRMINGHAM,B12 0XJ,18/06/2026,64209 - Activities of other holding companies n.e.c.,17282311
R02793,AUSTIN CASHMORE ESTATES LTD,"CROSBY COURT, 28 GEORGE STREET",BIRMINGHAM,B3 1QG,18/06/2026,68310 - Real estate agencies,17282647
R02794,BLUE SHELL CONSULTANCY LTD,"5 CLAYPIT CRESCENT, LEVENSHULME",MANCHESTER,M19 2ZL,18/06/2026,70229 - Management consultancy activities other than financial management,17282813
R02795,BLACK LION COLLECTIVE LTD,93 WOOLMORE ROAD,BIRMINGHAM,B23 7ED,18/06/2026,81100 - Combined facilities support activities,17283134
R02796,ALIAAN PROPERTY MANAGEMENT LTD,"29 GEORGE STREET SOUTH, SALFORD",MANCHESTER,M7 4PN,19/06/2026,68100 - Buying and selling of own real estate,17286953
R02797,AMG AL MADA GROUP LTD,"UNIT 7 INITIAL BUSINESS CENTRE, WILSON BUSINESS PARK",MANCHESTER,M40 8WN,19/06/2026,70229 - Management consultancy activities other than financial management,17288489
R02798,APOTHIS CAPITAL LTD,"SIX WAYS BUSINESS CENTRE, 1 GUILDFORD STREET",BIRMINGHAM,B19 2HN,20/06/2026,82990 - Other business support service activities n.e.c.,17289413
R02799,BRANDINGPULP LTD,26 GATHURST STREET,MANCHESTER,M18 8GR,20/06/2026,62090 - Other information technology service activities,17291137
R02800,BALKAN SISTERS LTD,143 BROMSGROVE STREET,BIRMINGHAM,B5 6RG,20/06/2026,56102 - Unlicensed restaurants and cafes,17291305
R02801,11 FINANCE LIMITED,9 LANGDALE ROAD,MANCHESTER,M14 5PQ,20/06/2026,70221 - Financial management,17291373
R02802,AHAR TECHNOLOGIES LTD,102 CRESCENT ROAD,MANCHESTER,M8 5UF,21/06/2026,62020 - Information technology consultancy activities,17291995
R02803,2368 SECURITY LTD,14 ASHBOURNE ROAD,BIRMINGHAM,B16 0JS,21/06/2026,80100 - Private security activities,17292154
R02804,AL FAKHAMA FOR FABRICS AND LEATHER LTD,"UNIT 7 INITIAL BUSINESS CENTRE, WILSON BUSINESS PARK",MANCHESTER,M40 8WN,21/06/2026,46900 - Non-specialised wholesale trade,17292438
R02805,AL-KANTO FOR TRADING LTD,"UNIT 7 INITIAL BUSINESS CENTRE, WILSON BUSINESS PARK",MANCHESTER,M40 8WN,21/06/2026,46900 - Non-specialised wholesale trade,17292533
R02806,AURA TRADING GROUP LIMITED,281 BARNES HILL,BIRMINGHAM,B29 5TX,23/06/2026,47910 - Retail sale via mail order houses or via Internet,17295860
R02807,AB'S CONVENIENCE STORE LIMITED,359 BARLOW MOOR ROAD,MANCHESTER,M21 7FZ,23/06/2026,"46341 - Wholesale of fruit and vegetable juices, mineral water and soft drinks",17297051
R02808,BLACK KNIGHT CAPITAL LIMITED,33 NORTHUMBERLAND ROAD,MANCHESTER,M16 9DA,23/06/2026,64205 - Activities of financial services holding companies,17297476
R02809,BLINDS CLOUD LTD,"UNIT 7, MONSALL ROAD",MANCHESTER,M40 8WN,24/06/2026,62012 - Business and domestic software development,17297749
R02810,AK MOTOR TECH LTD,205 HOLYHEAD ROAD,BIRMINGHAM,B21 0AS,24/06/2026,45200 - Maintenance and repair of motor vehicles,17298213
R02811,A THOUSAND TRADES LTD,39 CURBAR ROAD,BIRMINGHAM,B42 2AT,24/06/2026,42910 - Construction of water projects,17300292
R02812,ASTON DESSERTS LTD,255 WITTON ROAD,BIRMINGHAM,B6 6NU,28/06/2026,56290 - Other food services,17305266
R02813,BACKFIRE STUDIOS LTD,"BARTLE HOUSE, 9 OXFORD COURT",MANCHESTER,M2 3WQ,28/06/2026,58210 - Publishing of computer games,17305284
R02814,AGHOCO 2378 LIMITED,"ONE, ST PETER'S SQUARE",MANCHESTER,M2 3DE,29/06/2026,99999 - Dormant Company,17305562
R02815,AWANGOODS LTD,"FLAT 8, 379 STRETFORD ROAD",MANCHESTER,M15 4AD,30/06/2026,47910 - Retail sale via mail order houses or via Internet,17308642
R02816,AL-GAAFARI & BIN HATEM PHARMACEUTICAL IMPORT & MARKETING LTD,"UNIT 7 INITIAL BUSINESS CENTRE, WILSON BUSINESS PARK",MANCHESTER,M40 8WN,30/06/2026,46900 - Non-specialised wholesale trade,17308942
R02817,ATYAB LTD,15 CROMER ROAD,BIRMINGHAM,B12 9QP,01/07/2026,46900 - Non-specialised wholesale trade,17311196
R02818,ADVANCED MARKET SYSTEM LIMITED,"FIRST FLOOR, 2 HAMPTON COURT ROAD",BIRMINGHAM,B17 9AE,01/07/2026,62012 - Business and domestic software development,17311915
R02819,AKHRI SOMALI LTD,68 STUD LANE,BIRMINGHAM,B33 9EX,02/07/2026,74100 - specialised design activities,17314700
R02820,BMCR ENGINEERING LTD,"17H VYSE STREET, HOCKLEY",BIRMINGHAM,B18 6LE,02/07/2026,"74909 - Other professional, scientific and technical activities n.e.c.",17315195
R02821,78JBJAWADI LTD,22 DERBYSHIRE CRESCENT,MANCHESTER,M32 9LG,02/07/2026,47910 - Retail sale via mail order houses or via Internet,17315222
R02822,BLUEMORA LTD,54 SANDFIELDS AVENUE,BIRMINGHAM,B10 0BN,02/07/2026,68100 - Buying and selling of own real estate,17315850
R02823,A K INVESTMENT PROPERTIES MIDLANDS LTD,"149 SPON LANE, WEST BROMWICH",BIRMINGHAM,B70 6AS,03/07/2026,68100 - Buying and selling of own real estate,17317226
R02824,ABODY SERVICES LTD,28C SOHO HILL,BIRMINGHAM,B19 1AA,03/07/2026,47910 - Retail sale via mail order houses or via Internet,17318280
R02825,ALS AUTOS VEHICLE MAINTENANCE AND SERVICE CENTRE LTD,"UNIT 3-4, DARTMOUTH MIDDLEWAY",BIRMINGHAM,B7 4AT,03/07/2026,45200 - Maintenance and repair of motor vehicles,17318705
R02826,APEX INTELLIGENCE PHARMA LTD,40 PELHAM ROAD,BIRMINGHAM,B8 2PA,03/07/2026,"74909 - Other professional, scientific and technical activities n.e.c.",17318994
R02827,ASIFSONS LTD,117 WHARFDALE ROAD,BIRMINGHAM,B11 2DB,04/07/2026,46450 - Wholesale of perfume and cosmetics,17320566
R02828,BOMBAY BRUNCH CLUB LTD,71 BOTTETOURT ROAD,BIRMINGHAM,B29 5TF,05/07/2026,82301 - Activities of exhibition and fair organisers,17320697
R02829,AIRREALMEDIA LIMITED,116 MARSH LANE,BIRMINGHAM,B23 6PL,05/07/2026,59112 - Video production activities,17320933
R02830,AKASH SECURITY LTD,"149 SPON LANE, WEST BROMWICH",BIRMINGHAM,B70 6AS,05/07/2026,80100 - Private security activities,17321155
R02831,ANDREJAMESBEAUTY LTD,65 LINCOMBE ROAD,MANCHESTER,M22 1PY,05/07/2026,96020 - Hairdressing and other beauty treatment,17321310
R02832,ARAFAT AHMED AHMED MURSHED LTD,"UNIT 7 INITIAL BUSINESS CENTRE, WILSON BUSINESS PARK",MANCHESTER,M40 8WN,06/07/2026,46900 - Non-specialised wholesale trade,17322381
R02833,AJ GROCERY & HALAL MEAT LTD,UNIT 3 58-76 ALCESTER ROAD SOUTH,BIRMINGHAM,B14 7PT,06/07/2026,"47110 - Retail sale in non-specialised stores with food, beverages or tobacco predominating",17323820
R02834,BEDS CENTRAL LTD,119 PERSHORE ROAD,BIRMINGHAM,B5 7NX,06/07/2026,"47599 - Retail of furniture, lighting, and similar (not musical instruments or scores) in specialised store",17323861
R02835,APEX PINNACLE ESTATES LTD,55 STATION ROAD,MANCHESTER,M8 5EB,06/07/2026,68100 - Buying and selling of own real estate,17324142
R02836,ADRIEL LEGAL SOLUTIONS LTD,"OFFICE 6 BRIGHTON HOUSE 1 TURKS ROAD, RADCLIFFE",MANCHESTER,M26 4PY,07/07/2026,69109 - Activities of patent and copyright agents; other legal activities n.e.c.,17325692
R02837,AGRIFINLINK LTD,82 STEPHENS ROAD,MANCHESTER,M20 4XD,08/07/2026,70229 - Management consultancy activities other than financial management,17327190
R02838,AXIOM PHOTONICS LTD,26 MOAT LANE,BIRMINGHAM,B5 5BD,08/07/2026,26110 - Manufacture of electronic components,17329120
R02839,BELTERS MOTORS LTD,"CLEMENCY BUSINESS CENTRE, HOLLINWOOD AVENUE",MANCHESTER,M40 0JB,09/07/2026,45112 - Sale of used cars and light motor vehicles,17329503
R02840,AM MILITARY SKILLS ACADEMY LTD,"247 BURY OLD ROAD, PRESTWICH",MANCHESTER,M25 1JE,09/07/2026,85510 - Sports and recreation education,17329631
R02841,247 GAS SERVICES (NW) LIMITED,"57 TINTERN AVENUE, WHITEFIELD",MANCHESTER,M45 8WY,10/07/2026,"43220 - Plumbing, heat and air-conditioning installation",17332001
R02842,BARUJBURGS LTD,"651 MAULDETH ROAD WEST, CHORLTON CUM HARDY",MANCHESTER,M21 7SA,10/07/2026,56103 - Take-away food shops and mobile food stands,17332515
R02843,AL ABNAA AL MUDHIA GENERAL TRADING LTD,"UNIT 7 INITIAL BUSINESS CENTRE, WILSON BUSINESS PARK",MANCHESTER,M40 8WN,13/07/2026,43999 - Other specialised construction activities n.e.c.,17337225
R02844,APEX OIL RECYCLING UK LIMITED,908 ALUM ROCK ROAD,BIRMINGHAM,B8 2LU,14/07/2026,38110 - Collection of non-hazardous waste,17338668
R02845,AVREN GROUP LTD,86 BURY OLD ROAD,MANCHESTER,M8 5BW,14/07/2026,59200 - Sound recording and music publishing activities,17339951
R02846,AURORA LOUNGE LTD,18 SHERBORNE STREET,MANCHESTER,M3 1FE,15/07/2026,56101 - Licensed restaurants,17340365
R02847,ANTARII LIMITED,"SWAN BUILDING, 20 SWAN STREET",MANCHESTER,M4 5JW,15/07/2026,62012 - Business and domestic software development,17341427
R02848,BATOOL OPTICS LTD,23 BEATRICE AVENUE,MANCHESTER,M18 7JU,15/07/2026,86900 - Other human health activities,17342120
R02849,AMBROSIA HOMES LIMITED,"361 BURY NEW ROAD, WHITEFIELD",MANCHESTER,M45 7SU,15/07/2026,41201 - Construction of commercial buildings,17342282
R02850,A&A MAX LIMITED,"FLAT 1 7 TALBOT ROAD, OLD TRAFFORD",MANCHESTER,M16 0QL,16/07/2026,46190 - Agents involved in the sale of a variety of goods,17344297
R02851,BAGELS KNS LTD,1 CAKEBREAD STREET,MANCHESTER,M12 6HF,16/07/2026,56102 - Unlicensed restaurants and cafes,17344752
R02852,AA CITY HOMES LIMITED,3 STANHORNE AVENUE,MANCHESTER,M8 4PQ,17/07/2026,68100 - Buying and selling of own real estate,17345507
R02853,AZEEMISM LTD,828A STOCKPORT ROAD,MANCHESTER,M19 3AW,17/07/2026,47910 - Retail sale via mail order houses or via Internet,17346542
R02854,ACCOUNTANCE LIMITED,166B ALCESTER ROAD,BIRMINGHAM,B13 8HS,17/07/2026,62012 - Business and domestic software development,17346850
R02855,AUSTIN AUTOMATION DIGITAL LIMITED,"34 FAIRWAY, NORTHFIELD",BIRMINGHAM,B31 5BA,20/07/2026,62012 - Business and domestic software development,17347800
R02856,ADORNA HEATINGS LTD,45 MERSTON DRIVE,MANCHESTER,M20 5NT,20/07/2026,"43220 - Plumbing, heat and air-conditioning installation",17349069
R02857,AM PLUMBING SERVICES LTD,"FLAT 1 36 DAVYHULME ROAD EAST, STRETFORD",MANCHESTER,M32 0DW,20/07/2026,"43220 - Plumbing, heat and air-conditioning installation",17350240
R02858,ASBSEB LTD,"THE BELMONT, SUITE 11, 89 MIDDLETON ROAD",MANCHESTER,M8 4JY,21/07/2026,64999 - Financial intermediation not elsewhere classified,17350995
R02859,AMZ MANAGEMENT LIMITED,451 MOSELEY ROAD,BIRMINGHAM,B12 9BX,21/07/2026,70229 - Management consultancy activities other than financial management,17351274
R02860,BOX-PREP FULFILMENT LTD,111 NEWLANDS ROAD,BIRMINGHAM,B30 2RL,21/07/2026,47910 - Retail sale via mail order houses or via Internet,17353235
R02861,AEE GROUP LTD,"81 STONEY LANE, BALSALL HEATH",BIRMINGHAM,B12 8EQ,21/07/2026,68209 - Other letting and operating of own or leased real estate,17353640
R02862,ANIKAY LOGISTICS & DELIVERY SERVICES LTD,67 BROWNFIELD ROAD,BIRMINGHAM,B34 7HT,21/07/2026,49410 - Freight transport by road,17353770
R02863,ARDENVALE INVESTMENTS LIMITED,25 STECHFORD ROAD,BIRMINGHAM,B34 6AA,23/07/2026,68100 - Buying and selling of own real estate,17358036
R02864,AFFORD IT LTD,"20, SWAN BUILDING, SWAN STREET",MANCHESTER,M4 5JW,24/07/2026,58290 - Other software publishing,17359349
R02865,AFRIDI BUTCHER LTD,"728-732 STRATFORD ROAD, SPARKHILL",BIRMINGHAM,B11 4BP,25/07/2026,47220 - Retail sale of meat and meat products in specialised stores,17361438
R02866,AVA MOBILE FLEET CARE LTD,25 BURTONS PARK ROAD,BIRMINGHAM,B36 0TW,25/07/2026,45200 - Maintenance and repair of motor vehicles,17361554
R02867,AP CONTRACTORS (WEST MIDS) LTD,78 LEAHILL ROAD,BIRMINGHAM,B20 2AS,27/07/2026,41202 - Construction of domestic buildings,17362685
R02868,ADEN GROUP LTD,"9 LOWRY HOUSES CHURCH STREET, ECCLES",MANCHESTER,M30 0LQ,27/07/2026,68100 - Buying and selling of own real estate,17364551
R02869,AVA VAPE STORE LTD,752 STOCKPORT ROAD,MANCHESTER,M12 4GD,27/07/2026,47260 - Retail sale of tobacco products in specialised stores,17364564
R02870,ASAS ENTERPRISES LIMITED,"107 CHESTNUT DRIVE, ERDINGTON",BIRMINGHAM,B24 0DR,27/07/2026,70229 - Management consultancy activities other than financial management,17364779
R02871,ALBERO HOMES LIMITED,"233 DUMERS LANE, RADCLIFFE",MANCHESTER,M26 2GE,27/07/2026,41100 - Development of building projects,17365053
R02872,BPF CLINICAL CONSULTING LTD,"11 DARTFORD AVENUE, ECCLES",MANCHESTER,M30 8NF,28/07/2026,70229 - Management consultancy activities other than financial management,17365789
R02873,ADVANTCORE LTD,"BARTLE HOUSE, 9 OXFORD COURT",MANCHESTER,M2 3WQ,28/07/2026,62012 - Business and domestic software development,17366902
R02874,ARTIFICIAL GRASS AND BUILDING LTD,"FLAT 1 3 GROSVENOR ROAD, HARBORNE",BIRMINGHAM,B17 9AL,28/07/2026,41201 - Construction of commercial buildings,17367602
R02875,AS FOAMS LTD,"GATE 2, UNIT B-12, LORD NORTH STREET",MANCHESTER,M40 8AD,28/07/2026,31090 - Manufacture of other furniture,17368030
R02876,A & M PROPERTY CARE LTD,32 COLBRAND GROVE,BIRMINGHAM,B15 2BS,29/07/2026,81210 - General cleaning of buildings,17368265
R02877,"AXIFORMA TECH (GUANGDONG) CO., LTD","OFFICE 15598 INITIAL BUSINESS CENTRE, UNIT 7 WILSON BUSINESS PARK",MANCHESTER,M40 8WN,29/07/2026,25620 - Machining,17368755
R02878,AVERA CLUB LTD,"15 NORTON STREET, OLD TRAFFORD",MANCHESTER,M16 7GQ,30/07/2026,93130 - Fitness facilities,17371672
R02879,AAM CONTRACTORS LTD,"FLAT A4203, 9 OWEN STREET",MANCHESTER,M15 4TU,31/07/2026,41201 - Construction of commercial buildings,17372519
R02880,207 HOSPITALITY SERVICES LTD,44 BIRMINGHAM ROAD,BIRMINGHAM,B72 1QQ,31/07/2026,56101 - Licensed restaurants,17372897
R02881,BRINOZA LTD,17 LEXTON AVENUE,MANCHESTER,M8 4GD,31/07/2026,47190 - Other retail sale in non-specialised stores,17374463
R02882,AVENIX GROUP LTD,144 MANCHESTER ROAD,MANCHESTER,M16 0DZ,01/08/2026,62012 - Business and domestic software development,17375014
R02883,ALSUFRAH FOOD LTD,"7 PLUMTREE CLOSE, ECCLES",MANCHESTER,M30 0UY,03/08/2026,56103 - Take-away food shops and mobile food stands,17375919
R02884,ALDERMINT LIMITED,"OFFICE 15614 INITIAL BUSINESS CENTRE, UNIT 7 WILSON BUSINESS PARK",MANCHESTER,M40 8WN,03/08/2026,"46160 - Agents involved in the sale of textiles, clothing, fur, footwear and leather goods",17376058
R02885,ATMOSPHERE BAR LINCOLN LIMITED,"317 NEW VIC, 103 CORPORATION STREET",MANCHESTER,M4 4DZ,03/08/2026,56302 - Public houses and bars,17377187
R02886,ADAMPENNEY LTD,13 BROWS AVENUE,MANCHESTER,M23 0LR,03/08/2026,41202 - Construction of domestic buildings,17378009
R02887,ARC CLADDING SOLUTIONS LTD,"42 DUNKERLEY AVENUE, FAILSWORTH",MANCHESTER,M35 0EB,03/08/2026,43910 - Roofing activities,17378495
R02888,BABYLON MOTORS LTD,"UNIT 40 EURO SPACE, BORDESLEY GREEN ROAD",BIRMINGHAM,B9 4TR,04/08/2026,45200 - Maintenance and repair of motor vehicles,17378867
R02889,AFRICA FOOD FOREVER LTD,20 BAMFORD STREET,MANCHESTER,M11 4FE,04/08/2026,47290 - Other retail sale of food in specialised stores,17379625
R02890,BMK2 PROPERTY HOLDINGS LTD,54 CHORLEY ROAD,MANCHESTER,M27 5AF,04/08/2026,68100 - Buying and selling of own real estate,17381328
R02891,ALBION STREET DEVELOPMENTS LIMITED,"HARPAL HOUSE 14 HOLYHEAD ROAD, HANDSWORTH",BIRMINGHAM,B21 0LT,05/08/2026,41202 - Construction of domestic buildings,17382074
R02892,APPROVEDBYGROUP LTD,"44 RECTORY AVENUE, PRESTWICH",MANCHESTER,M25 1DE,05/08/2026,66190 - Activities auxiliary to financial intermediation n.e.c.,17383293
R02893,BIRMINGHAM FUSION LIMITED,"THE FORT SHOPPING PARK, 20 FORT PARKWAY",BIRMINGHAM,B24 9FP,05/08/2026,56102 - Unlicensed restaurants and cafes,17383330
R02894,AI PROPERTY INNOVATION LIMITED,51 LORD STREET,MANCHESTER,M3 1HE,06/08/2026,68209 - Other letting and operating of own or leased real estate,17384420
R02895,BRIDGEPOINT GLOBAL LTD,"UNIT 7 INITIAL BUSINESS CENTRE, WILSON BUSINESS PARK",MANCHESTER,M40 8WN,06/08/2026,46450 - Wholesale of perfume and cosmetics,17385603
R02896,BLUSH AND BLOOM EVENTS LTD,5 WYCOME ROAD,BIRMINGHAM,B28 9EN,06/08/2026,47650 - Retail sale of games and toys in specialised stores,17386544
R02897,ALWADI EXPRESS LTD,"45 WARD END PARK ROAD, WARDEND PARK ROAD",BIRMINGHAM,B8 3PH,07/08/2026,47220 - Retail sale of meat and meat products in specialised stores,17388229
R02898,AH NEW DEVELOPMENTS LTD,"384 MANCHESTER ROAD WEST, LITTLE HULTON",MANCHESTER,M38 9XU,09/08/2026,41202 - Construction of domestic buildings,17389157
R02899,BOOKD DIGITAL LTD,470 PORTWAY,MANCHESTER,M22 0FJ,10/08/2026,70229 - Management consultancy activities other than financial management,17390684
R02900,ACTION TRANSPORT UK LTD,"FLAT 7 137 KINGSBURY ROAD, ERDINGTON",BIRMINGHAM,B24 8QT,10/08/2026,49410 - Freight transport by road,17390709
R02901,A&D QUICK MAINTENANCE LTD,2 TARPORLEY AVENUE,MANCHESTER,M14 7EQ,10/08/2026,45200 - Maintenance and repair of motor vehicles,17390805
R02902,A S DINER LIMITED,"262E CHESTER ROAD, CASTLE BROMWICH",BIRMINGHAM,B36 0JE,11/08/2026,56102 - Unlicensed restaurants and cafes,17393319
R02903,ARDELA LIMITED,"ARDELA LIMITED BIRMINGHAM OFFICE 1, IZABELLA HOUSE 24-26 REGENT PLACE",BIRMINGHAM,B1 3NJ,11/08/2026,62012 - Business and domestic software development,17393542
R02904,BETR RESIDENTIAL INVESTMENTS LIMITED,"ST PAULS HOUSE, 23 ST PAULS SQUARE",BIRMINGHAM,B3 1RB,11/08/2026,68209 - Other letting and operating of own or leased real estate,17394469
R02905,40EVENTS2GO LIMITED,"BARTLE HOUSE, 9 OXFORD COURT",MANCHESTER,M2 3WQ,11/08/2026,56210 - Event catering activities,17394607
R02906,AFTERMARKET INSIGHTS & RESEARCH SERVICES LTD,"CAMPFIELD HOUSE, LIVERPOOL ROAD",MANCHESTER,M3 4FP,12/08/2026,73200 - Market research and public opinion polling,17396125
R02907,BRIDGEX COMMERCE LTD,"MIRAGE HOUSE 25-27, ST. CHADS STREET",MANCHESTER,M8 8QA,13/08/2026,"47599 - Retail of furniture, lighting, and similar (not musical instruments or scores) in specialised store",17398213
R02908,BISMILLAH HOUSING LIMITED,91 SOHO HILL,BIRMINGHAM,B19 1AY,13/08/2026,68100 - Buying and selling of own real estate,17398722
R02909,AK1 SHOP LIMITED,"1543 STRATFORD ROAD, HALL GREEN",BIRMINGHAM,B28 9JA,13/08/2026,"47110 - Retail sale in non-specialised stores with food, beverages or tobacco predominating",17398727
R02910,AUREXECL LIMITED,"1015 - UNIT 7 WILSON BUSINESS PARK, MONSALL ROAD",MANCHESTER,M40 8WN,13/08/2026,46190 - Agents involved in the sale of a variety of goods,17398943
R02911,AMAL AL DAEM FOR BUSINESS LTD,"UNIT 7 INITIAL BUSINESS CENTRE, WILSON BUSINESS PARK",MANCHESTER,M40 8WN,14/08/2026,46900 - Non-specialised wholesale trade,17401282
R02912,AZLANCO LIMITED,"UNIT 1A, 54 DERBY STREET",MANCHESTER,M8 8HF,14/08/2026,47910 - Retail sale via mail order houses or via Internet,17401711
R02913,BROOKVALE ADVISORY LIMITED,33 LUDGATE HILL,BIRMINGHAM,B3 1EH,14/08/2026,70229 - Management consultancy activities other than financial management,17402006
R02914,ANEVO LTD,235 WOODLANDS ROAD,MANCHESTER,M8 0GH,16/08/2026,47910 - Retail sale via mail order houses or via Internet,17402565
R02915,A-EYE AURORION SECURITY LTD,"FLAT 34 WARD END HOUSE, 496 WASHWOOD HEATH ROAD",BIRMINGHAM,B8 2HE,17/08/2026,62012 - Business and domestic software development,17403958
R02916,ASQUARE GLOBAL BRAND HOUSE LTD,2 WOODSIDE ROAD,MANCHESTER,M16 0BT,17/08/2026,47910 - Retail sale via mail order houses or via Internet,17404529
R02917,BLUENILE SECURITY SERVICES LIMITED,"FLAT 63 SCHOLEFIELD TOWER, UXBRIDGE STREET",BIRMINGHAM,B19 3UW,18/08/2026,80100 - Private security activities,17406382
R02918,AMALS HOUSE LTD,5 BECKETT STREET,MANCHESTER,M18 7AW,18/08/2026,47910 - Retail sale via mail order houses or via Internet,17406459
R02919,ALLOY LAB LTD,"UNIT 2, ALLAINCE MILL, BROWN STREET",MANCHESTER,OL1 3QE,18/08/2026,45320 - Retail trade of motor vehicle parts and accessories,17406610
R02920,ART UK CONSTRUCTION LTD,"1166 COVENTRY ROAD, YARDLEY",BIRMINGHAM,B25 8DA,18/08/2026,41201 - Construction of commercial buildings,17407771
R02921,BEYOND THE DUST LTD,"105 HIGHFIELD ROAD, HALL GREEN",BIRMINGHAM,B28 0HR,18/08/2026,81210 - General cleaning of buildings,17407970
R02922,AZK ECOMMERCE LTD,"40 KIRKFELL DRIVE, MIDDLETON",MANCHESTER,M24 5AP,19/08/2026,46520 - Wholesale of electronic and telecommunications equipment and parts,17408057
R02923,AETHER GROUP HOLDINGS LIMITED,"MITCHELL CHARLESWORTH 3RD FLOOR, 44 PETER STREET",MANCHESTER,M2 5GP,20/08/2026,64209 - Activities of other holding companies n.e.c.,17410799
R02924,BROAST SALFORD LTD,66 SEYMOUR GROVE,MANCHESTER,M16 0LN,21/08/2026,56290 - Other food services,17414520
R02925,ABODEALL LTD,3 TOMMY BROWELL CLOSE,MANCHESTER,M14 4EH,22/08/2026,68310 - Real estate agencies,17415067
R02926,12MONTHSEO LIMITED,94 BOWLAND ROAD,MANCHESTER,M23 1LJ,24/08/2026,62090 - Other information technology service activities,17415953
R02927,ASH'S UNIT LTD,126 STRATFORD ROAD,BIRMINGHAM,B11 1AJ,24/08/2026,45112 - Sale of used cars and light motor vehicles,17416148
R02928,AVANTIS HEALTH LTD,195 SWINFORD ROAD,BIRMINGHAM,B29 5SE,24/08/2026,86210 - General medical practice activities,17417651
R02929,2 UK FRIED CHICKEN & PIZZA LTD,445 BRAYS ROAD,BIRMINGHAM,B26 2RR,25/08/2026,56103 - Take-away food shops and mobile food stands,17419407
R02930,AVR TUNE LTD,29 RAINFORTH STREET,MANCHESTER,M13 0RP,26/08/2026,45200 - Maintenance and repair of motor vehicles,17420977
R02931,AUTUMN & EMBER LTD,163 BROOKLANDS ROAD,BIRMINGHAM,B28 8JP,26/08/2026,20420 - Manufacture of perfumes and toilet preparations,17421384
R02932,AMBER RIDGE ASSOCIATES LTD,"ST. JAMES TOWER, 7 CHARLOTTE STREET",MANCHESTER,M1 4DZ,26/08/2026,70229 - Management consultancy activities other than financial management,17422025
R02933,BINY COURIERS LTD,169 ASH ROAD,BIRMINGHAM,B8 1DR,27/08/2026,52290 - Other transportation support activities,17423913
R02934,AFGHAN GROCERY LTD,"370 GREEN LANE, SMALL HEATH",BIRMINGHAM,B9 5DT,28/08/2026,"47110 - Retail sale in non-specialised stores with food, beverages or tobacco predominating",17425408
R02935,AYRAAA LTD,19 HILLSIDE CLOSE,MANCHESTER,M40 9PQ,28/08/2026,47910 - Retail sale via mail order houses or via Internet,17425576
R02936,A K CRYSTAL & STONES LIMTED LTD,56 AYLESFORD ROAD,BIRMINGHAM,B21 8DW,28/08/2026,47910 - Retail sale via mail order houses or via Internet,17427340
R02937,BOOST AUTOMOTIVE LIMITED,"6TH FLOOR, COBALT SQUARE, 83-85 HAGLEY ROAD",BIRMINGHAM,B16 8QG,28/08/2026,45112 - Sale of used cars and light motor vehicles,17427490
R02938,AJHALO LTD,"29 GEORGE STREET, DENTON",MANCHESTER,M34 3DJ,28/08/2026,32990 - Other manufacturing n.e.c.,17427808
R02939,BLUEFAIRY LTD,"APARTMENT 7 CITY HEIGHTS, 1 SAMUEL OGDEN STREET",MANCHESTER,M1 7AX,29/08/2026,62012 - Business and domestic software development,17428026
R02940,ALQAIM GROUP LTD,24 BARLOW HALL ROAD,MANCHESTER,M21 7JN,31/08/2026,47190 - Other retail sale in non-specialised stores,17428786
R02941,BROOKE PLANT LTD,"UNIT 10F TURNER STREET, DENTON",MANCHESTER,M34 3EG,01/09/2026,"77390 - Renting and leasing of other machinery, equipment and tangible goods n.e.c.",17430037
R02942,AM & SS CO LIMITED,21 LITTLE HEATH CROFT,BIRMINGHAM,B34 6QA,01/09/2026,56103 - Take-away food shops and mobile food stands,17430970
R02943,BRIGHT LITTLE STEPS LTD,3 REDSTONE ROAD,MANCHESTER,M19 1RB,03/09/2026,85590 - Other education n.e.c.,17436952
R02944,AWAN STUDIO LTD,"PICCADILLY BUSINESS CENTRE, UNIT C, BLACKETT STREET",MANCHESTER,M12 6AE,04/09/2026,59112 - Video production activities,17439280
R02945,AVENQUIS STUDIOS LTD,149 COBDEN STREET,MANCHESTER,M9 4EB,04/09/2026,"74909 - Other professional, scientific and technical activities n.e.c.",17439906
R02946,BLACK BEANS LTD,152 TYNEDALE ROAD,BIRMINGHAM,B11 3QT,04/09/2026,47910 - Retail sale via mail order houses or via Internet,17440070
R02947,AL-ITQAN ELITE GROUP LTD,"UNIT 7 INITIAL BUSINESS CENTRE, WILSON BUSINESS PARK",MANCHESTER,M40 8WN,05/09/2026,24410 - Precious metals production,17440581
R02948,AYH PROPERTY HOLDINGS LIMITED,"UNIT 3 LINSTOCK WAY, ATHERTON",MANCHESTER,M46 0RS,07/09/2026,68209 - Other letting and operating of own or leased real estate,17444338
R02949,ABEEL TRADERS LTD,76 SOUTHERN ROAD,BIRMINGHAM,B8 2EH,07/09/2026,47910 - Retail sale via mail order houses or via Internet,17444943
R02950,AGHA TRADERS LTD,236B SOHO ROAD,BIRMINGHAM,B21 9LR,08/09/2026,47910 - Retail sale via mail order houses or via Internet,17446098
R02951,BLINDS & SHUTTERS EXPERTS LTD,"72 HIGHFIELD LANE, QUINTON",BIRMINGHAM,B32 1QX,08/09/2026,43999 - Other specialised construction activities n.e.c.,17446356
R02952,AARONZENY LIMITED,6 ACHESON STREET,MANCHESTER,M18 8LQ,08/09/2026,49410 - Freight transport by road,17446837
R02953,A&M CARPET CLEANING LTD,146 OLDKNOW ROAD,BIRMINGHAM,B10 0HX,08/09/2026,81229 - Other building and industrial cleaning activities,17447786
R02954,AGR INTEGRATED SOLUTIONS LTD,"AQUEOUS 3, SECOND FLOOR, ASTON CROSS BUSINESS PARK, ROCKY LANE",BIRMINGHAM,B6 5RQ,09/09/2026,70229 - Management consultancy activities other than financial management,17448468
R02955,ACCORDIA TRACK AND HIRE LTD,382 KINGSWAY,MANCHESTER,M19 1PL,09/09/2026,77110 - Renting and leasing of cars and light motor vehicles,17450411
R02956,BHINDER FOODS (WARWICK) LTD,"149 SPON LANE, WEST BROMWICH",BIRMINGHAM,B70 6AS,10/09/2026,47290 - Other retail sale of food in specialised stores,17451030
R02957,ASHMAAN NW LIMITED,"28-30 WILBRAHAM ROAD WILBRAHAM ROAD, FALLOWFIELD",MANCHESTER,M14 7DW,10/09/2026,56101 - Licensed restaurants,17451872
R02958,APEX SPORTS NUTRITION LTD,50 MONTGOMERY STREET,BIRMINGHAM,B11 1DU,11/09/2026,47789 - Other retail sale of new goods in specialised stores (not commercial art galleries and opticians),17452223
R02959,AWSUM DESSERT LTD,21 BURNSALL CLOSE,BIRMINGHAM,B37 5JE,11/09/2026,56103 - Take-away food shops and mobile food stands,17452667
R02960,BLOOM PRINT KIDS LTD,"INITIAL BUSINESS CENTRE, UNIT 7 WILSON BUSINESS PARK",MANCHESTER,M40 8WN,11/09/2026,46190 - Agents involved in the sale of a variety of goods,17453235
R02961,AALIYAH CLOTHING SHOP 2 LTD,"UNIT 22 363-365 COVENTRY ROAD, SMALL HEATH",BIRMINGHAM,B10 0SW,11/09/2026,47710 - Retail sale of clothing in specialised stores,17453389
R02962,BELFIQ LTD,"FLAT 41, LOWTON COURT, TEDDINGTON ROAD",MANCHESTER,M40 0DW,12/09/2026,47910 - Retail sale via mail order houses or via Internet,17454999
R02963,101 RENTALS LTD,101 CHELSFIELD GROVE,MANCHESTER,M21 7BD,14/09/2026,68320 - Management of real estate on a fee or contract basis,17457313
R02964,ASCEND CREATIVE STUDIOS LTD,"UNIT 13, FIRST FLOOR, 20-22 MARY STREET",MANCHESTER,M3 1DZ,14/09/2026,59112 - Video production activities,17457848
R02965,AEW FORWARD LIMITED,"TRINITY COURT, 16 JOHN DALTON STREET",MANCHESTER,M2 6HY,15/09/2026,64209 - Activities of other holding companies n.e.c.,17458867
R02966,AUTOKEY KINGS LIMITED,"OSBORNE SUITE 2.08 IMPERIAL AND WHITEHALL, 23 COLMORE ROW",BIRMINGHAM,B3 2BS,15/09/2026,80200 - Security systems service activities,17458902
R02967,ABBIEJOE LTD,"DIRECTOR'S OFFICE NO.353, UNIT 7 WILSONS BUSINESS PARK",MANCHESTER,M40 8WN,15/09/2026,47910 - Retail sale via mail order houses or via Internet,17459040
R02968,ALUCORE MCR LTD,83 SCHUSTER ROAD,MANCHESTER,M14 5LX,15/09/2026,47190 - Other retail sale in non-specialised stores,17460126
R02969,ANSARYS LTD,"UNIT 18 CHEETHAM HILL SHOPPING CENTRE, 40 BURY OLD ROAD",MANCHESTER,M8 5EL,15/09/2026,47190 - Other retail sale in non-specialised stores,17461220
R02970,BOB RETAIL LTD,"26 HULTON STREET, FAILSWORTH",MANCHESTER,M35 0AZ,16/09/2026,47910 - Retail sale via mail order houses or via Internet,17464030
R02971,ALUM SUPPLIES LTD,"426 STOCKFIELD ROAD, YARDLEY",BIRMINGHAM,B25 8JJ,17/09/2026,56103 - Take-away food shops and mobile food stands,17464189
R02972,A PLUS ACADEMY DIDSBURY LTD,1 QUEENSWAY,MANCHESTER,M19 1QP,17/09/2026,85600 - Educational support services,17464221
R02973,AJC EVENTS LIMITED,28 CATO STREET NORTH,BIRMINGHAM,B7 5AN,17/09/2026,56210 - Event catering activities,17464697
R02974,BRAVENTO COMMERCE LTD,8 PARKFIELD AVENUE,MANCHESTER,M14 4HL,17/09/2026,47910 - Retail sale via mail order houses or via Internet,17465518
R02975,BOGDANEL LIMITED,34 BAGSHAW ROAD,BIRMINGHAM,B33 8DJ,18/09/2026,53202 - Unlicensed carrier,17466862
R02976,ASENOV FAMILY COMPANY LIMITED,"GREGS BUILDINGS, 1 BOOTH STREET",MANCHESTER,M2 4AD,18/09/2026,43330 - Floor and wall covering,17468206
R02977,BEELA’S COLLECTION LTD,64 VENTURE SCOUT WAY,MANCHESTER,M8 8SY,20/09/2026,47910 - Retail sale via mail order houses or via Internet,17469387
R02978,A FORD ELECTRICAL LTD,"FLAT 2, QUEENS WOOD HOUSE, 219 BRANDWOOD ROAD",BIRMINGHAM,B14 6PU,21/09/2026,43210 - Electrical installation,17471223
R02979,ARTEMIS XY LIMITED,"UNIT C, BLACKETT STREET",MANCHESTER,M12 6AE,22/09/2026,46690 - Wholesale of other machinery and equipment,17472972
R02980,BLACK SHEEP PROTECTION LTD,"APARTMENT 111 ALBION HOUSE, 75 POPE STREET",BIRMINGHAM,B1 3BG,22/09/2026,80100 - Private security activities,17473044
R02981,BETH BEAUTY STUDIO LTD,22 HOCKLEY CLOSE,BIRMINGHAM,B19 2NS,22/09/2026,96020 - Hairdressing and other beauty treatment,17473903
R02982,BLUESTREET GROUP LIMITED,"692-696 STRATFORD ROAD, SPARKHILL",BIRMINGHAM,B11 4AT,22/09/2026,68320 - Management of real estate on a fee or contract basis,17474090
R02983,89BK PROPERTY HOLDINGS 2 LTD,"45 MAINWAY, MIDDLETON",MANCHESTER,M24 1LL,22/09/2026,68100 - Buying and selling of own real estate,17474745
R02984,BDFISH01 LTD,139 WILBRAHAM ROAD,MANCHESTER,M14 7DS,23/09/2026,47190 - Other retail sale in non-specialised stores,17475422
R02985,ALVORO GROUP LIMITED,FLAT 3306 15 SILVERCROFT STREET,MANCHESTER,M15 4ZD,23/09/2026,47910 - Retail sale via mail order houses or via Internet,17475636
R02986,ALLKEMPT LTD,12 HIGHFIELD ROAD,MANCHESTER,M19 3JX,23/09/2026,81299 - Other cleaning services,17476369
R02987,ALDERMAN BIRCH CONSULTING LIMITED,"S51 205 KINGS ROAD, TYSELEY",BIRMINGHAM,B11 2AA,23/09/2026,70229 - Management consultancy activities other than financial management,17476444
R02988,ATMOSHAUS LTD,109 SHERWOOD ROAD,BIRMINGHAM,B28 0EY,25/09/2026,"43220 - Plumbing, heat and air-conditioning installation",17480606
R02989,A P DOOLEY & CO LTD,"ALLIANCE HOUSE UNIT 14 WESTPOINT ENTERPRISE PARK, CLARENCE AVENUE",MANCHESTER,M17 1QS,26/09/2026,64209 - Activities of other holding companies n.e.c.,17482843
R02990,BAKE-DANUKI LTD,"73 CAMPBELL ROAD, SWINTON",MANCHESTER,M27 5GR,26/09/2026,47910 - Retail sale via mail order houses or via Internet,17482945
R02991,AVELA STAYS LIMITED,"20 SWAN STREET, FIRST FLOOR, SWAN BUILDINGS",MANCHESTER,M4 5JW,26/09/2026,55209 - Other holiday and other collective accommodation,17483161
R02992,BLACK PANTHER CLOTHING LTD,"SUITE 2A 6 FLOOR COBALT SQUARE, 83-85 HAGLEY ROAD",BIRMINGHAM,B16 8QG,28/09/2026,47710 - Retail sale of clothing in specialised stores,17484911
R02993,AMAZING SOUTHSIDE LIMITED,"GREGS BUILDINGS, 1 BOOTH STREET",MANCHESTER,M2 4AD,28/09/2026,56102 - Unlicensed restaurants and cafes,17485330
R02994,ATLANTIC COPPER LTD,"PICCADILLY BUSINESS CENTRE UNIT C, ALDOW ENTERPRISE PARK, BLACKETT STREET",MANCHESTER,M12 6AE,28/09/2026,41201 - Construction of commercial buildings,17486083
R02995,A1 CAR LEASING UK LTD,3 HAWTHORN DRIVE,MANCHESTER,M19 1HQ,29/09/2026,45112 - Sale of used cars and light motor vehicles,17488484
R02996,ASR LINK LIMITED,295 SOHO ROAD,BIRMINGHAM,B21 9SA,29/09/2026,47710 - Retail sale of clothing in specialised stores,17488888
R02997,AUREVIA GROUP OF COMPANIES LTD,"OFFICE F2D UNIT#2, 30-32 KNOWSLEY STREET",MANCHESTER,M8 8HQ,30/09/2026,49320 - Taxi operation,17489546
R02998,808 BUILT LTD,"11 SIDMOUTH AVENUE, URMSTON",MANCHESTER,M41 8ST,30/09/2026,"74909 - Other professional, scientific and technical activities n.e.c.",17492365
R02999,BMQ ESTATES LTD,"20 CRYER STREET, DROYLSDEN",MANCHESTER,M43 7LF,30/09/2026,68100 - Buying and selling of own real estate,17492730
R03000,AJ NORTHWEST LTD,"UNIT C, BLACKETT STREET",MANCHESTER,M12 6AE,30/09/2026,56103 - Take-away food shops and mobile food stands,17492757
