importer_id,value_12m_lcu,lines,n_origins,n_exporters,median_share_of_median,broker_flagged_share_h1,tenure_months,amendment_rate,exemption_share,mean_text_disagreement,mean_weight_dev,mean_code_drift,mean_oddness,mean_learned_score,controlled_h1,hit_rate_h1,log_value_12m,log_lines,tin_blank,log_controlled_h1,log_tenure,importer_cluster
IMP00001,0.0,3.0,1.0,2.0,1.072,0.5617,36.6,0.3333,0.0,0.0,0.0,0.0,0.3882,0.0218,1.0,0.0,0.0,1.3863,0,0.6931,3.627,1
IMP00002,13540197.63,48.0,3.0,13.0,0.9915,0.5408,51.5,0.0417,0.0,0.0128,0.052,0.0,0.4086,0.0392,9.0,0.1111,16.4212,3.8918,0,2.3026,3.9608,2
IMP00003,63661176.63,52.0,2.0,8.0,0.916,0.505,151.5,0.0769,0.0,0.0687,0.2063,0.0,0.3891,0.0242,10.0,0.0,17.9691,3.9703,0,2.3979,5.0272,2
IMP00004,36683314.42,45.0,2.0,4.0,1.082,0.522,216.4,0.0222,0.0,0.0415,0.0,0.0,0.4066,0.0374,5.0,0.0,17.4178,3.8286,0,1.7918,5.3817,2
IMP00005,6314109.71,6.0,3.0,3.0,1.437,0.5623,84.6,0.0,0.0,0.0,0.0,0.0,0.4172,0.0194,0.0,0.0,15.6583,1.9459,0,0.0,4.4497,2
IMP00006,4821556.13,4.0,2.0,3.0,1.199,0.4718,110.2,0.0,0.0,0.0,0.0,0.0,0.3863,0.0181,1.0,0.0,15.3886,1.6094,0,0.6931,4.7113,2
IMP00007,1278633.5,3.0,1.0,2.0,1.122,0.511,59.3,0.6667,0.0,0.0,0.0,0.0,0.3666,0.0333,1.0,1.0,14.0613,1.3863,1,0.6931,4.0993,3
IMP00008,2888837.33,47.0,1.0,4.0,1.02,0.5614,55.1,0.0426,0.0,0.0107,0.0585,0.0,0.3857,0.0313,4.0,0.0,14.8764,3.8712,0,1.6094,4.0271,2
IMP00009,2757296.51,5.0,1.0,1.0,0.889,0.6198,216.5,0.0,0.0,0.0,0.0,0.0,0.4122,0.0368,1.0,0.0,14.8298,1.7918,0,0.6931,5.3822,2
IMP00010,7380443.73,10.0,2.0,2.0,0.8325,0.5113,180.4,0.1,0.0,0.1729,0.0,0.0,0.3963,0.0181,2.0,0.0,15.8143,2.3979,0,1.0986,5.2007,2
IMP00011,148032276.51,179.0,2.0,16.0,0.918,0.5606,199.1,0.0503,0.0,0.0186,0.0313,0.0,0.3866,0.0268,18.0,0.0556,18.8129,5.193,0,2.9444,5.2988,2
IMP00012,28899808.99,24.0,2.0,4.0,0.898,0.528,149.9,0.0417,0.0,0.0,0.0,0.0,0.3498,0.012,1.0,0.0,17.1793,3.2189,0,0.6931,5.0166,2
IMP00013,59345760.09,226.0,1.0,22.0,1.003,0.5374,132.0,0.0619,0.0,0.0246,0.0168,0.0,0.3582,0.0261,20.0,0.05,17.8989,5.425,0,3.0445,4.8903,2
IMP00014,1693575.29,1.0,1.0,1.0,1.004,0.512,187.6,0.0,0.0,0.0,0.0,0.0,0.3611,0.0141,0.0,0.0,14.3424,0.6931,0,0.0,5.2396,2
IMP00015,4552906.68,12.0,4.0,6.0,0.98,0.526,143.4,0.0,0.0,0.0044,0.2507,0.0,0.4198,0.0542,1.0,0.0,15.3313,2.5649,0,0.6931,4.9726,2
IMP00016,5989169.24,12.0,5.0,6.0,1.1955,0.446,88.3,0.0,0.0,0.0526,0.0218,0.0,0.433,0.0946,2.0,0.0,15.6055,2.5649,0,1.0986,4.492,2
IMP00017,15647651.53,58.0,1.0,8.0,0.711,0.4965,187.9,0.069,0.0,0.0285,0.0902,0.0,0.4115,0.0737,9.0,0.0,16.5658,4.0775,0,2.3026,5.2412,2
IMP00018,60197838.02,117.0,1.0,7.0,1.066,0.546,191.1,0.0256,0.0,0.0258,0.0796,0.0,0.383,0.0338,11.0,0.0,17.9131,4.7707,0,2.4849,5.258,2
IMP00019,151132046.64,104.0,2.0,9.0,0.9295,0.5727,51.8,0.0385,0.0,0.0551,0.0003,0.0,0.4169,0.0298,17.0,0.0,18.8337,4.654,0,2.8904,3.9665,2
IMP00020,25742999.25,66.0,4.0,7.0,1.1465,0.4793,114.7,0.1212,0.0,0.04,0.0,0.0,0.3671,0.0398,15.0,0.1333,17.0637,4.2047,0,2.7726,4.751,2
IMP00021,109473119.29,49.0,4.0,5.0,1.206,0.5193,28.1,0.0408,0.0,0.0507,0.1534,0.0,0.4645,0.0312,17.0,0.0,18.5112,3.912,0,2.8904,3.3707,2
IMP00022,13649163.08,53.0,4.0,9.0,0.993,0.4758,66.9,0.0755,0.0,0.0244,0.0,0.0,0.386,0.0194,6.0,0.0,16.4292,3.989,0,1.9459,4.218,2
IMP00023,151648714.54,444.0,1.0,25.0,1.01,0.4766,161.0,0.036,0.0,0.0249,0.0761,0.0,0.3577,0.0155,73.0,0.0137,18.8371,6.0981,0,4.3041,5.0876,2
IMP00024,41731900.51,40.0,3.0,12.0,0.9315,0.4851,189.5,0.075,0.0,0.0714,0.0042,0.0,0.3902,0.0187,7.0,0.0,17.5468,3.7136,0,2.0794,5.2497,2
IMP00025,152811.06,1.0,1.0,1.0,1.273,0.453,15.9,0.0,0.0,0.0,0.0,0.0,0.4397,0.0171,0.0,0.0,11.937,0.6931,0,0.0,2.8273,2
IMP00026,812784750.6,531.0,3.0,41.0,1.056,0.5205,102.8,0.0452,0.0,0.036,0.1002,0.0,0.4069,0.03,30.0,0.0,20.516,6.2766,0,3.434,4.6425,2
IMP00027,14725649.88,13.0,2.0,4.0,1.007,0.483,144.0,0.1538,0.0,0.123,0.0,0.0,0.3985,0.0628,0.0,0.0,16.5051,2.6391,1,0.0,4.9767,3
IMP00028,314876849.72,49.0,1.0,4.0,1.042,0.5106,211.7,0.0,0.0,0.0507,0.0,0.0,0.4234,0.0102,7.0,0.0,19.5677,3.912,0,2.0794,5.3599,2
IMP00029,11903407.27,43.0,4.0,13.0,1.2165,0.4851,169.7,0.0465,0.0,0.0,0.0,0.0,0.3736,0.0171,3.0,0.0,16.2923,3.7842,0,1.3863,5.1399,2
IMP00030,7930923.51,44.0,1.0,6.0,0.735,0.5107,133.3,0.1364,0.0,0.0126,0.113,0.0,0.3906,0.1117,9.0,0.3333,15.8863,3.8067,0,2.3026,4.9001,2
IMP00031,212569392.29,584.0,2.0,49.0,1.005,0.5203,199.0,0.0497,0.0,0.0268,0.0641,0.0,0.4008,0.0277,39.0,0.0,19.1748,6.3716,0,3.6889,5.2983,2
IMP00032,497380383.77,568.0,3.0,32.0,0.9775,0.5542,59.1,0.0458,0.0,0.0314,0.1534,0.0312,0.4581,0.0206,72.0,0.0139,20.0249,6.3439,0,4.2905,4.096,2
IMP00033,255709647.04,311.0,6.0,26.0,0.949,0.4848,69.8,0.074,0.0,0.0278,0.0863,0.0181,0.4192,0.0443,61.0,0.1311,19.3596,5.743,0,4.1271,4.2599,2
IMP00034,0.0,3.0,1.0,3.0,0.776,0.476,129.5,0.3333,0.0,0.0,0.0873,0.0,0.3865,0.0125,0.0,0.0,0.0,1.3863,0,0.0,4.8714,1
IMP00035,22536068.83,47.0,3.0,13.0,0.911,0.5511,165.4,0.0426,0.0,0.0592,0.0919,0.0,0.3966,0.0362,7.0,0.0,16.9306,3.8712,0,2.0794,5.1144,2
IMP00036,43796011.74,98.0,2.0,9.0,0.9475,0.4352,207.2,0.0816,0.0,0.0416,0.1069,0.0187,0.4131,0.0382,8.0,0.0,17.5951,4.5951,0,2.1972,5.3385,2
IMP00037,38200654.6,76.0,3.0,12.0,1.2015,0.571,149.9,0.0526,0.0,0.0122,0.066,0.0,0.3811,0.0314,8.0,0.0,17.4584,4.3438,0,2.1972,5.0166,2
IMP00038,148160999.31,254.0,2.0,23.0,1.0985,0.603,81.7,0.126,0.0,0.0331,0.0,0.0777,0.427,0.1147,41.0,0.5854,18.8138,5.5413,0,3.7377,4.4152,4
IMP00039,240027482.52,12.0,3.0,4.0,0.936,0.506,208.9,0.0,0.0,0.0,0.0,0.0,0.3902,0.0107,1.0,0.0,19.2963,2.5649,0,0.6931,5.3466,2
IMP00040,401531.95,2.0,1.0,2.0,0.6615,0.5,185.4,0.0,0.0,0.0,0.0,0.0,0.3913,0.228,1.0,1.0,12.903,1.0986,0,0.6931,5.2279,4
IMP00041,1863913.88,3.0,2.0,3.0,0.879,0.5053,76.4,0.0,0.0,0.0,0.0,0.0,0.4106,0.029,0.0,0.0,14.4382,1.3863,0,0.0,4.349,2
IMP00042,2170994.26,6.0,3.0,5.0,0.781,0.5123,154.2,0.1667,0.0,0.0,0.0005,0.0,0.3734,0.0513,1.0,0.0,14.5907,1.9459,0,0.6931,5.0447,2
IMP00043,21829644.24,87.0,3.0,10.0,1.222,0.562,111.9,0.046,0.0,0.0415,0.0286,0.013,0.4028,0.0561,16.0,0.0625,16.8988,4.4773,0,2.8332,4.7265,2
IMP00044,64923656.05,143.0,3.0,13.0,1.252,0.412,103.4,0.028,0.0,0.0183,0.0174,0.0,0.3759,0.0442,9.0,0.0,17.9887,4.9698,0,2.3026,4.6482,2
IMP00045,1379407.11,7.0,1.0,1.0,1.197,0.33,27.8,0.0,0.0,0.0,0.0007,0.0,0.4185,0.0068,3.0,0.0,14.1372,2.0794,0,1.3863,3.3604,2
IMP00046,41256519.9,49.0,3.0,8.0,0.948,0.5912,70.3,0.102,0.0,0.0021,0.0857,0.0,0.4068,0.0584,9.0,0.3333,17.5353,3.912,0,2.3026,4.2669,2
IMP00047,2355203.2,6.0,2.0,3.0,1.06,0.51,157.4,0.0,0.0,0.3167,0.0437,0.0,0.4284,0.0204,0.0,0.0,14.6721,1.9459,0,0.0,5.0651,2
IMP00048,0.0,1.0,1.0,1.0,1.263,0.461,61.3,0.0,0.0,0.0,0.0,0.0,0.4301,0.0304,0.0,0.0,0.0,0.6931,0,0.0,4.132,1
IMP00049,0.0,0.0,0.0,0.0,1.0,0.0,0.0,0.0,0.0,0.0,0.0,0.0,0.3946,0.0,0.0,0.0,0.0,0.0,0,0.0,0.0,1
IMP00050,75739587.47,9.0,2.0,5.0,1.186,0.5227,192.3,0.0,0.0,0.0568,0.0,0.0,0.403,0.0251,2.0,0.0,18.1428,2.3026,0,1.0986,5.2642,2
IMP00051,4314786.43,6.0,2.0,2.0,1.028,0.5,53.9,0.1667,0.0,0.0,0.0,0.0,0.377,0.0129,0.0,0.0,15.2776,1.9459,0,0.0,4.0055,2
IMP00052,24238146.19,174.0,4.0,26.0,0.942,0.407,58.0,0.023,0.0,0.1358,0.0,0.0,0.414,0.0293,89.0,0.0,17.0034,5.1648,0,4.4998,4.0775,2
IMP00053,0.0,0.0,0.0,0.0,1.0,0.0,0.0,0.0,0.0,0.0,0.0,0.0,0.3946,0.0,0.0,0.0,0.0,0.0,1,0.0,0.0,3
IMP00054,3727426.31,33.0,3.0,6.0,0.932,0.5078,132.3,0.0606,0.0,0.0,0.0,0.0,0.3844,0.0668,7.0,0.1429,15.1312,3.5264,0,2.0794,4.8926,2
IMP00055,25947742.8,49.0,2.0,9.0,0.931,0.5165,208.6,0.0612,0.0,0.0519,0.0005,0.0,0.3937,0.024,7.0,0.0,17.0716,3.912,0,2.0794,5.3452,2
IMP00056,135952832.14,110.0,4.0,23.0,1.097,0.5668,55.9,0.0545,0.0,0.0491,0.0948,0.0,0.4122,0.0187,4.0,0.0,18.7278,4.7095,0,1.6094,4.0413,2
IMP00057,13779594.26,42.0,3.0,9.0,1.0555,0.5098,127.0,0.0952,0.0,0.0757,0.0539,0.0,0.386,0.0647,5.0,0.0,16.4387,3.7612,0,1.7918,4.852,2
IMP00058,1759472.82,3.0,1.0,1.0,1.032,0.585,168.9,0.0,0.0,0.0,0.1747,0.0,0.3885,0.0092,1.0,0.0,14.3805,1.3863,0,0.6931,5.1352,2
IMP00059,750978033.56,893.0,4.0,32.0,1.019,0.5876,191.4,0.047,0.234,0.0383,0.0393,0.0,0.4017,0.0274,55.0,0.0182,20.4369,6.7957,0,4.0254,5.2596,2
IMP00060,37980657.08,67.0,3.0,14.0,0.798,0.3323,213.3,0.0299,0.0,0.0084,0.045,0.0,0.4219,0.0267,9.0,0.0,17.4526,4.2195,0,2.3026,5.3674,2
IMP00061,17858047.92,67.0,2.0,8.0,1.184,0.33,89.5,0.0597,0.0,0.0814,0.0,0.0,0.4008,0.0329,12.0,0.0,16.698,4.2195,0,2.5649,4.5053,2
IMP00062,451868498.21,882.0,3.0,30.0,1.0075,0.6267,208.3,0.0544,0.2313,0.0388,0.0937,0.0014,0.4114,0.0468,86.0,0.1395,19.9289,6.7833,0,4.4659,5.3438,2
IMP00063,5083967374.73,7862.0,2.0,24.0,0.997,0.4623,162.9,0.0486,0.0,0.0259,0.0596,0.0,0.3721,0.0111,510.0,0.0059,22.3494,8.9699,0,6.2364,5.0993,2
IMP00064,0.0,0.0,0.0,0.0,1.0,0.0,0.0,0.0,0.0,0.0,0.0,0.0,0.3946,0.0,0.0,0.0,0.0,0.0,0,0.0,0.0,1
IMP00065,1947795.9,3.0,2.0,3.0,2.201,0.4727,118.1,0.0,0.0,0.0,0.0,0.0,0.4947,0.0271,0.0,0.0,14.4822,1.3863,0,0.0,4.78,2
IMP00066,49079.49,4.0,1.0,1.0,0.951,0.5438,74.7,0.25,0.0,0.0,0.0,0.0,0.3828,0.0149,0.0,0.0,10.8012,1.6094,1,0.0,4.3268,3
IMP00067,1388483330.97,400.0,5.0,30.0,0.912,0.5122,215.6,0.0625,0.0,0.0751,0.0003,0.0,0.4096,0.0284,88.0,0.0568,21.0515,5.994,0,4.4886,5.3781,2
IMP00068,2170549.66,12.0,3.0,4.0,0.722,0.523,101.3,0.0,0.0,0.0588,0.0,0.0,0.3852,0.0745,2.0,0.0,14.5905,2.5649,0,1.0986,4.6279,2
IMP00069,174037986.48,228.0,2.0,16.0,0.931,0.5883,27.2,0.057,0.0,0.0708,0.0298,0.0028,0.4538,0.0303,91.0,0.044,18.9748,5.4337,0,4.5218,3.3393,2
IMP00070,669750.37,1.0,1.0,1.0,1.118,0.48,204.1,0.0,0.0,0.0,0.0,0.0,0.4017,0.0554,0.0,0.0,13.4147,0.6931,1,0.0,5.3235,3
IMP00071,10208637.41,10.0,1.0,3.0,1.421,0.556,8.8,0.0,0.0,0.0504,0.0,0.0,0.4551,0.0176,0.0,0.0,16.1387,2.3979,0,0.0,2.2824,2
IMP00072,136048465.88,194.0,4.0,27.0,0.9515,0.5808,148.6,0.0206,0.0,0.0207,0.0004,0.0,0.3793,0.0265,28.0,0.0357,18.7285,5.273,0,3.3673,5.008,2
IMP00073,3652970.93,20.0,3.0,5.0,0.8555,0.553,196.1,0.05,0.0,0.0363,0.0002,0.0,0.3846,0.0379,3.0,0.0,15.1111,3.0445,0,1.3863,5.2837,2
IMP00074,6134762.86,22.0,1.0,4.0,0.8875,0.5266,199.6,0.0,0.0,0.0,0.0,0.0,0.3718,0.0205,6.0,0.0,15.6295,3.1355,0,1.9459,5.3013,2
IMP00075,0.0,0.0,0.0,0.0,1.0,0.0,0.0,0.0,0.0,0.0,0.0,0.0,0.3946,0.0,0.0,0.0,0.0,0.0,0,0.0,0.0,1
IMP00076,26641325.06,101.0,4.0,19.0,0.993,0.5104,66.5,0.0693,0.0,0.0381,0.0272,0.0,0.3896,0.0564,16.0,0.0625,17.098,4.625,0,2.8332,4.2121,2
IMP00077,143875002.58,285.0,3.0,21.0,1.039,0.6362,79.9,0.0491,0.0,0.0224,0.0891,0.016,0.4023,0.0316,43.0,0.0233,18.7845,5.656,0,3.7842,4.3932,2
IMP00078,5028105.87,4.0,1.0,1.0,1.001,0.569,6.0,0.0,0.0,0.0,0.0,0.0,0.4172,0.0356,0.0,0.0,15.4306,1.6094,0,0.0,1.9459,2
IMP00079,32916627.9,118.0,5.0,21.0,0.977,0.5109,123.8,0.0678,0.0,0.0499,0.0333,0.0,0.3781,0.1179,23.0,0.2174,17.3095,4.7791,0,3.1781,4.8267,2
IMP00080,0.0,0.0,0.0,0.0,1.0,0.0,0.0,0.0,0.0,0.0,0.0,0.0,0.3946,0.0,0.0,0.0,0.0,0.0,0,0.0,0.0,1
IMP00081,37985998.15,54.0,2.0,8.0,1.033,0.51,178.7,0.1481,0.0,0.1475,0.0546,0.0,0.4242,0.0742,20.0,0.2,17.4527,4.0073,0,3.0445,5.1913,2
IMP00082,2450789.61,14.0,4.0,5.0,0.97,0.607,153.1,0.4286,0.0,0.0,0.1776,0.0,0.3943,0.2772,6.0,0.6667,14.7119,2.7081,0,1.9459,5.0376,4
IMP00083,127429864.2,304.0,1.0,31.0,0.948,0.5066,137.7,0.023,0.0,0.0186,0.1145,0.0201,0.4101,0.0257,68.0,0.0147,18.6631,5.7203,0,4.2341,4.9323,2
IMP00084,382566.83,2.0,2.0,2.0,0.8715,0.5425,211.5,0.0,0.0,0.0,0.0,0.0,0.4186,0.0397,1.0,0.0,12.8547,1.0986,0,0.6931,5.3589,2
IMP00085,166671430.82,128.0,3.0,19.0,1.311,0.5118,174.5,0.0547,0.0,0.0317,0.0215,0.0,0.3904,0.0105,14.0,0.0,18.9315,4.8598,0,2.7081,5.1676,2
IMP00086,8265753.52,38.0,2.0,6.0,1.229,0.486,93.5,0.0789,0.0,0.0504,0.0173,0.0,0.4304,0.0444,5.0,0.4,15.9276,3.6636,1,1.7918,4.5486,3
IMP00087,9462965.96,13.0,1.0,2.0,1.0,0.521,215.1,0.0,0.0,0.0402,0.0,0.0,0.4051,0.1373,1.0,0.0,16.0629,2.6391,0,0.6931,5.3757,2
IMP00088,1164173.95,2.0,2.0,2.0,1.452,0.495,7.9,0.0,0.0,0.0,0.0,0.0,0.471,0.0272,0.0,0.0,13.9675,1.0986,0,0.0,2.1861,2
IMP00089,742453077.62,406.0,2.0,21.0,0.984,0.5656,186.0,0.0567,0.0,0.0154,0.1991,0.0068,0.4322,0.0151,25.0,0.0,20.4255,6.0088,0,3.2581,5.2311,2
IMP00090,4758453.6,7.0,2.0,3.0,0.785,0.479,5.3,0.0,0.0,0.0,0.0,0.0,0.4331,0.0101,0.0,0.0,15.3754,2.0794,0,0.0,1.8405,2
IMP00091,11053362.0,31.0,4.0,9.0,0.98,0.6277,78.3,0.0645,0.0,0.0299,0.0,0.0,0.3722,0.0574,4.0,0.0,16.2182,3.4657,0,1.6094,4.3732,2
IMP00092,210735293.95,31.0,2.0,7.0,1.183,0.6183,185.4,0.0,0.0,0.0966,0.0,0.0,0.3959,0.0108,3.0,0.0,19.1661,3.4657,0,1.3863,5.2279,2
IMP00093,492109413.63,264.0,1.0,12.0,1.08,0.556,88.4,0.0568,0.0,0.0275,0.0707,0.0092,0.4006,0.0222,26.0,0.0,20.0142,5.5797,0,3.2958,4.4931,2
IMP00094,3297603.85,2.0,1.0,1.0,0.9305,0.607,192.6,0.0,0.0,0.0,0.0,0.0,0.3673,0.0087,0.0,0.0,15.0087,1.0986,0,0.0,5.2658,2
IMP00095,66032329.68,154.0,3.0,19.0,1.034,0.5657,89.7,0.1883,0.0,0.0609,0.0949,0.0082,0.4301,0.1775,46.0,0.4565,18.0057,5.0434,0,3.8501,4.5076,4
IMP00096,665076.45,12.0,2.0,3.0,0.9725,0.5082,179.2,0.0833,0.0,0.0,0.0253,0.0,0.3814,0.0675,1.0,0.0,13.4077,2.5649,1,0.6931,5.1941,3
IMP00097,77448721.98,57.0,2.0,8.0,0.891,0.5408,116.4,0.1053,0.0,0.0381,0.255,0.0,0.4205,0.0283,4.0,0.25,18.1651,4.0604,0,1.6094,4.7656,2
IMP00098,13925417.78,76.0,3.0,16.0,1.15,0.4708,90.1,0.0658,0.0,0.037,0.0332,0.0,0.3818,0.0154,2.0,0.0,16.4492,4.3438,0,1.0986,4.512,2
IMP00099,57107883.51,83.0,3.0,10.0,0.986,0.5218,90.9,0.0843,0.0,0.022,0.1687,0.0016,0.3872,0.0183,6.0,0.1667,17.8605,4.4308,0,1.9459,4.5207,2
IMP00100,478739243.14,817.0,2.0,29.0,1.005,0.4637,63.2,0.049,0.2166,0.0356,0.0152,0.0054,0.4022,0.02,148.0,0.0068,19.9867,6.7069,0,5.0039,4.162,2
IMP00101,5570069.49,23.0,3.0,6.0,0.966,0.5716,209.2,0.0435,0.0,0.0,0.0,0.0,0.3846,0.0314,5.0,0.0,15.5329,3.1781,0,1.7918,5.3481,2
IMP00102,0.0,3.0,1.0,1.0,2.39,0.4747,69.3,0.0,0.0,0.0,0.0,0.0,0.482,0.0968,0.0,0.0,0.0,1.3863,0,0.0,4.2528,1
IMP00103,730602205.22,338.0,3.0,29.0,0.958,0.5166,159.5,0.0592,0.0,0.0739,0.0105,0.0,0.3741,0.0154,58.0,0.0172,20.4094,5.826,0,4.0775,5.0783,2
IMP00104,202080181.97,216.0,3.0,26.0,0.95,0.4761,96.9,0.0463,0.0,0.0345,0.0819,0.017,0.3991,0.0369,25.0,0.04,19.1242,5.3799,0,3.2581,4.5839,2
IMP00105,311631890.96,1197.0,2.0,29.0,0.996,0.5844,184.5,0.0376,0.2448,0.047,0.0,0.004,0.3834,0.0355,119.0,0.0084,19.5573,7.0884,0,4.7875,5.2231,2
IMP00106,229273199.2,254.0,2.0,27.0,0.956,0.4979,101.1,0.0748,0.0,0.0904,0.0908,0.0203,0.4055,0.0285,76.0,0.0132,19.2504,5.5413,0,4.3438,4.626,2
IMP00107,66554429.48,48.0,2.0,6.0,1.0345,0.5679,24.7,0.0208,0.0,0.1149,0.0955,0.0,0.4423,0.0161,18.0,0.0556,18.0135,3.8918,0,2.9444,3.2465,2
IMP00108,23724977.77,42.0,4.0,14.0,0.981,0.607,111.5,0.0476,0.0,0.0096,0.2367,0.0,0.3667,0.0096,5.0,0.0,16.982,3.7612,0,1.7918,4.723,2
IMP00109,766112909.21,766.0,2.0,41.0,0.955,0.5661,154.7,0.0405,0.2128,0.0406,0.0961,0.0152,0.4115,0.0207,92.0,0.0109,20.4568,6.6425,0,4.5326,5.0479,2
IMP00110,90769448.4,154.0,1.0,13.0,0.913,0.4881,172.2,0.026,0.0,0.0231,0.0324,0.0,0.367,0.0163,34.0,0.0,18.3238,5.0434,0,3.5553,5.1544,2
IMP00111,100228687.69,290.0,5.0,24.0,1.01,0.5215,67.9,0.0379,0.0,0.0188,0.0514,0.0,0.3797,0.025,44.0,0.0,18.423,5.6733,0,3.8067,4.2327,2
IMP00112,118264421.01,52.0,2.0,17.0,1.0015,0.4613,126.4,0.0577,0.0,0.1643,0.0,0.0,0.3859,0.0155,6.0,0.0,18.5884,3.9703,0,1.9459,4.8473,2
IMP00113,0.0,5.0,2.0,2.0,1.054,0.49,47.8,0.0,0.0,0.0,0.0,0.0,0.3994,0.0099,2.0,0.0,0.0,1.7918,0,1.0986,3.8877,1
IMP00114,430299.51,8.0,1.0,3.0,0.9385,0.565,184.6,0.375,0.0,0.0,0.0,0.0,0.382,0.166,3.0,0.6667,12.9722,2.1972,0,1.3863,5.2236,4
IMP00115,54712076.63,41.0,1.0,6.0,0.91,0.5191,221.7,0.0488,0.0,0.0753,0.0322,0.0,0.4374,0.0133,3.0,0.0,17.8176,3.7377,0,1.3863,5.4058,2
IMP00116,13623278.16,10.0,2.0,4.0,1.305,0.632,92.4,0.1,0.0,0.0,0.1575,0.0,0.4426,0.0384,0.0,0.0,16.4273,2.3979,0,0.0,4.5369,2
IMP00117,1644493.38,2.0,1.0,1.0,0.7605,0.525,16.6,0.0,0.0,0.264,0.0,0.0,0.4619,0.0125,1.0,0.0,14.3129,1.0986,0,0.6931,2.8679,2
IMP00118,599611089.18,544.0,1.0,26.0,0.931,0.5508,109.6,0.0441,0.0,0.0297,0.0424,0.0286,0.3976,0.027,35.0,0.0286,20.2118,6.3008,0,3.5835,4.7059,2
IMP00119,1159519.5,3.0,2.0,2.0,1.044,0.585,49.3,0.0,0.0,0.0,0.088,0.0,0.4324,0.0301,0.0,0.0,13.9635,1.3863,0,0.0,3.918,2
IMP00120,384966.28,4.0,2.0,3.0,0.9875,0.483,102.7,0.0,0.0,0.0,0.0,0.0,0.3735,0.0652,0.0,0.0,12.8609,1.6094,1,0.0,4.6415,3
IMP00121,10923963.08,16.0,2.0,6.0,0.9875,0.5363,115.8,0.125,0.0,0.0,0.0164,0.0,0.3635,0.029,1.0,0.0,16.2065,2.8332,0,0.6931,4.7605,2
IMP00122,37136697.44,23.0,1.0,7.0,1.041,0.536,12.0,0.0435,0.0,0.1314,0.0,0.0,0.439,0.0083,0.0,0.0,17.4301,3.1781,0,0.0,2.5649,2
IMP00123,409725414.13,577.0,3.0,11.0,0.979,0.5482,87.4,0.0763,0.0,0.0322,0.0819,0.0165,0.3931,0.0431,56.0,0.1964,19.831,6.3596,0,4.0431,4.4819,2
IMP00124,10777541.13,49.0,4.0,10.0,1.198,0.5596,208.7,0.0408,0.0,0.0302,0.0001,0.0,0.4026,0.0284,1.0,0.0,16.193,3.912,0,0.6931,5.3457,2
IMP00125,21491621.65,44.0,1.0,5.0,1.3965,0.5313,64.8,0.0455,0.0,0.037,0.0569,0.0,0.4233,0.0209,4.0,0.0,16.8832,3.8067,0,1.6094,4.1866,2
IMP00126,154506517.53,174.0,1.0,8.0,0.9385,0.4935,107.0,0.0632,0.0,0.0167,0.1361,0.0517,0.4456,0.0214,47.0,0.0,18.8557,5.1648,0,3.8712,4.6821,2
IMP00127,10847059.85,34.0,1.0,4.0,0.9845,0.5642,31.4,0.0588,0.0,0.026,0.1039,0.0,0.4282,0.0212,18.0,0.0,16.1994,3.5553,0,2.9444,3.4782,2
IMP00128,116580877.14,214.0,4.0,22.0,0.962,0.3431,146.1,0.0374,0.0,0.0282,0.0746,0.0,0.3761,0.0151,29.0,0.0,18.5741,5.3706,0,3.4012,4.9911,2
IMP00129,2519544.41,7.0,2.0,2.0,1.054,0.565,150.9,0.0,0.0,0.0,0.0,0.0,0.378,0.0647,1.0,0.0,14.7396,2.0794,0,0.6931,5.0232,2
IMP00130,37167524.48,65.0,2.0,8.0,0.877,0.521,114.1,0.0615,0.0,0.0112,0.0,0.0,0.3675,0.0187,11.0,0.0,17.4309,4.1897,0,2.4849,4.7458,2
IMP00131,0.0,0.0,0.0,0.0,1.0,0.0,0.0,0.0,0.0,0.0,0.0,0.0,0.3946,0.0,0.0,0.0,0.0,0.0,1,0.0,0.0,3
IMP00132,32734508.42,191.0,2.0,13.0,1.0,0.5081,144.1,0.0785,0.0,0.0229,0.0524,0.0,0.3667,0.0181,8.0,0.0,17.3039,5.2575,0,2.1972,4.9774,2
IMP00133,17317976.94,33.0,2.0,9.0,0.935,0.5664,145.7,0.0606,0.0,0.0296,0.1654,0.0,0.3935,0.106,7.0,0.1429,16.6673,3.5264,0,2.0794,4.9884,2
IMP00134,208279464.69,235.0,2.0,30.0,0.9755,0.5633,131.4,0.0383,0.0,0.0269,0.0641,0.0277,0.3899,0.0185,35.0,0.0286,19.1544,5.4638,0,3.5835,4.8858,2
IMP00135,71310623.31,80.0,2.0,10.0,0.9645,0.474,124.5,0.0625,0.0,0.0297,0.0313,0.0,0.3835,0.0177,3.0,0.0,18.0826,4.3944,0,1.3863,4.8323,2
IMP00136,83802171.85,193.0,3.0,23.0,0.937,0.471,120.6,0.0466,0.0,0.0241,0.0386,0.0,0.37,0.0454,20.0,0.0,18.244,5.2679,0,3.0445,4.8007,2
IMP00137,118689399.68,649.0,6.0,27.0,0.995,0.5541,121.6,0.0539,0.0,0.025,0.0389,0.0175,0.3885,0.0182,69.0,0.029,18.592,6.477,0,4.2485,4.8089,2
IMP00138,39787743.89,353.0,2.0,26.0,0.993,0.5059,128.1,0.051,0.0,0.0188,0.0134,0.0029,0.3714,0.0286,28.0,0.0,17.4991,5.8693,0,3.3673,4.8606,2
IMP00139,12932279.44,32.0,3.0,9.0,1.0455,0.568,221.5,0.0,0.0,0.0,0.1513,0.0,0.4421,0.0432,3.0,0.0,16.3752,3.4965,0,1.3863,5.4049,2
IMP00140,364102995.31,359.0,3.0,36.0,0.992,0.4045,96.1,0.0641,0.0,0.0196,0.0558,0.0,0.3683,0.0139,59.0,0.0,19.7129,5.8861,0,4.0943,4.5757,2
IMP00141,160867124.68,617.0,5.0,59.0,0.994,0.5391,128.6,0.0421,0.0,0.0292,0.0671,0.0,0.3605,0.0199,65.0,0.0154,18.8961,6.4265,0,4.1897,4.8645,2
IMP00142,280524171.26,419.0,2.0,25.0,1.028,0.4313,22.8,0.0382,0.0,0.0472,0.0771,0.0071,0.4348,0.0181,109.0,0.0183,19.4522,6.0403,0,4.7005,3.1697,2
IMP00143,82514624.43,266.0,1.0,19.0,0.9405,0.4872,209.5,0.0263,0.0,0.0261,0.0729,0.0,0.4319,0.0209,45.0,0.0,18.2285,5.5872,0,3.8286,5.3495,2
IMP00144,7062063.16,17.0,1.0,5.0,0.865,0.6281,223.5,0.1765,0.0,0.1196,0.0476,0.0,0.4358,0.2806,6.0,0.3333,15.7702,2.8904,1,1.9459,5.4139,3
IMP00145,0.0,0.0,0.0,0.0,1.0,0.0,0.0,0.0,0.0,0.0,0.0,0.0,0.3946,0.0,0.0,0.0,0.0,0.0,0,0.0,0.0,1
IMP00146,960566.76,3.0,2.0,2.0,0.982,0.521,142.3,0.0,0.0,0.361,0.0003,0.0,0.4656,0.1754,0.0,0.0,13.7753,1.3863,0,0.0,4.9649,2
IMP00147,123231890.34,99.0,4.0,16.0,0.972,0.4774,117.1,0.0505,0.0,0.0244,0.0304,0.0,0.3764,0.0281,9.0,0.0,18.6296,4.6052,1,2.3026,4.7715,3
IMP00148,0.0,1.0,1.0,1.0,1.12,0.519,168.0,0.0,0.0,0.0,0.0,0.0,0.3549,0.0627,0.0,0.0,0.0,0.6931,1,0.0,5.1299,3
IMP00149,185211647.68,16.0,1.0,7.0,1.38,0.4977,209.6,0.0625,0.0,0.0,0.0,0.0,0.4283,0.0136,3.0,0.0,19.037,2.8332,0,1.3863,5.35,2
IMP00150,630336.95,4.0,1.0,1.0,1.1555,0.5762,189.7,0.0,0.0,0.0,0.0,0.0,0.3823,0.0384,1.0,0.0,13.354,1.6094,0,0.6931,5.2507,2
IMP00151,0.0,1.0,1.0,1.0,1.085,0.632,104.9,0.0,0.0,0.0,0.0,0.0,0.3442,0.0067,0.0,0.0,0.0,0.6931,0,0.0,4.6625,1
IMP00152,79669931.95,387.0,3.0,27.0,1.015,0.4033,187.5,0.0336,0.0,0.0942,0.0712,0.0093,0.4076,0.0172,43.0,0.0,18.1934,5.961,0,3.7842,5.2391,2
IMP00153,73013960.58,59.0,1.0,4.0,0.987,0.4965,76.6,0.0508,0.0,0.0325,0.0978,0.0,0.4148,0.0448,5.0,0.0,18.1062,4.0943,0,1.7918,4.3516,2
IMP00154,357506619.75,349.0,3.0,28.0,1.241,0.3413,143.1,0.0372,0.0,0.032,0.0436,0.0052,0.3884,0.0138,31.0,0.0,19.6947,5.8579,0,3.4657,4.9705,2
IMP00155,3670193.44,34.0,1.0,8.0,0.9355,0.5266,151.4,0.0588,0.0,0.0368,0.0654,0.0,0.3575,0.046,4.0,0.25,15.1158,3.5553,0,1.6094,5.0265,2
IMP00156,448748019.81,817.0,1.0,13.0,1.007,0.5093,91.9,0.1322,0.0,0.0461,0.0461,0.0118,0.4265,0.1687,114.0,0.3772,19.922,6.7069,1,4.7449,4.5315,3
IMP00157,5854754.8,19.0,5.0,7.0,0.93,0.506,123.5,0.0526,0.0,0.0002,0.0001,0.0,0.3605,0.0289,7.0,0.0,15.5828,2.9957,0,2.0794,4.8243,2
IMP00158,61706426.94,119.0,3.0,12.0,1.088,0.5025,143.0,0.1345,0.0,0.0648,0.1379,0.0,0.3885,0.1542,45.0,0.2444,17.9379,4.7875,1,3.8286,4.9698,3
IMP00159,38835935.49,43.0,1.0,9.0,0.941,0.5072,125.5,0.0698,0.0,0.0769,0.0587,0.0,0.3736,0.0148,6.0,0.0,17.4749,3.7842,0,1.9459,4.8402,2
IMP00160,28046738.21,46.0,7.0,14.0,1.0415,0.5272,210.9,0.0217,0.0,0.0492,0.0456,0.0,0.4497,0.0727,5.0,0.0,17.1494,3.8501,0,1.7918,5.3561,2
IMP00161,11115100.73,7.0,2.0,2.0,0.93,0.566,45.5,0.1429,0.0,0.1117,0.0,0.0,0.4048,0.0215,0.0,0.0,16.2238,2.0794,0,0.0,3.8395,2
IMP00162,0.0,1.0,1.0,1.0,1.043,0.495,9.1,0.0,0.0,0.0,0.0,0.0,0.4038,0.0139,1.0,0.0,0.0,0.6931,0,0.6931,2.3125,1
IMP00163,89604230.94,224.0,3.0,34.0,0.995,0.4615,65.4,0.0536,0.0,0.022,0.0485,0.0003,0.4135,0.0276,23.0,0.0435,18.3109,5.4161,0,3.1781,4.1957,2
IMP00164,165110641.36,49.0,1.0,7.0,1.167,0.523,213.4,0.0204,0.0,0.0529,0.0,0.0,0.4221,0.0301,10.0,0.0,18.9221,3.912,0,2.3979,5.3678,2
IMP00165,2152530.51,5.0,4.0,3.0,0.836,0.607,122.4,0.2,0.0,0.0,0.0004,0.0,0.3819,0.033,0.0,0.0,14.5822,1.7918,0,0.0,4.8154,2
IMP00166,11349099.56,41.0,4.0,14.0,1.127,0.503,156.7,0.122,0.0,0.1727,0.0,0.0,0.4139,0.0279,4.0,0.0,16.2446,3.7377,0,1.6094,5.0607,2
IMP00167,1112564.07,5.0,2.0,3.0,1.069,0.526,130.5,0.0,0.0,0.1506,0.497,0.0,0.4251,0.0256,0.0,0.0,13.9222,1.7918,0,0.0,4.879,2
IMP00168,212582194.27,300.0,4.0,32.0,0.93,0.5198,97.2,0.0767,0.0,0.0188,0.1011,0.0022,0.3828,0.0501,55.0,0.1273,19.1748,5.7071,0,4.0254,4.587,2
IMP00169,11824001.61,13.0,4.0,5.0,0.972,0.518,155.7,0.1538,0.0,0.0,0.0202,0.0,0.3672,0.0537,2.0,0.5,16.2856,2.6391,0,1.0986,5.0543,2
IMP00170,0.0,0.0,0.0,0.0,1.0,0.0,0.0,0.0,0.0,0.0,0.0,0.0,0.3946,0.0,0.0,0.0,0.0,0.0,1,0.0,0.0,3
IMP00171,100889869.14,57.0,3.0,15.0,0.903,0.5708,29.3,0.1053,0.0,0.0,0.0,0.0,0.4028,0.0198,26.0,0.0769,18.4295,4.0604,0,3.2958,3.4111,2
IMP00172,14283121.3,63.0,1.0,6.0,0.94,0.492,219.3,0.0159,0.0,0.0556,0.1191,0.0,0.4157,0.0248,12.0,0.0,16.4746,4.1589,0,2.5649,5.395,2
IMP00173,29118681.13,173.0,5.0,26.0,1.069,0.5526,71.0,0.0578,0.0,0.0428,0.0,0.0,0.4057,0.0402,17.0,0.1176,17.1869,5.1591,0,2.8904,4.2767,2
IMP00174,535502.66,1.0,1.0,1.0,1.342,0.5,105.7,0.0,0.0,0.0,0.0,0.0,0.3851,0.0197,0.0,0.0,13.191,0.6931,1,0.0,4.67,3
IMP00175,2686202.24,11.0,3.0,6.0,1.147,0.535,69.3,0.0,0.0,0.1438,0.0,0.0,0.3991,0.029,3.0,0.0,14.8036,2.4849,0,1.3863,4.2528,2
IMP00176,115933875.66,117.0,4.0,13.0,0.971,0.4848,161.8,0.094,0.0,0.0452,0.0672,0.0485,0.4247,0.0319,18.0,0.1667,18.5685,4.7707,0,2.9444,5.0925,2
IMP00177,38820466.49,21.0,3.0,8.0,0.899,0.3503,10.8,0.0,0.0,0.0733,0.2367,0.0,0.4517,0.0376,0.0,0.0,17.4745,3.091,0,0.0,2.4681,2
IMP00178,12449027.07,54.0,6.0,11.0,0.8565,0.6034,195.7,0.2037,0.0,0.0188,0.076,0.0,0.4093,0.308,15.0,0.4667,16.3372,4.0073,0,2.7726,5.2817,4
IMP00179,5101415.3,29.0,1.0,2.0,0.981,0.6281,102.3,0.1034,0.0,0.0623,0.0037,0.0,0.3857,0.084,10.0,0.2,15.445,3.4012,1,2.3979,4.6376,3
IMP00180,0.0,1.0,1.0,1.0,1.0,0.532,31.4,0.0,0.0,0.0,0.0,0.0,0.3782,0.0739,0.0,0.0,0.0,0.6931,1,0.0,3.4782,3
IMP00181,0.0,2.0,1.0,1.0,1.0455,0.506,4.7,0.0,0.0,0.0,0.1315,0.0,0.4612,0.0076,0.0,0.0,0.0,1.0986,0,0.0,1.7405,1
IMP00182,7133260.55,37.0,2.0,4.0,0.9,0.5794,110.1,0.0811,0.0,0.0219,0.0,0.0,0.3551,0.0494,9.0,0.1111,15.7803,3.6376,0,2.3026,4.7104,2
IMP00183,28721101.21,90.0,3.0,12.0,0.9195,0.5453,23.7,0.0222,0.0,0.0059,0.0557,0.0,0.4196,0.0209,25.0,0.0,17.1731,4.5109,0,3.2581,3.2068,2
IMP00184,1701683978.85,145.0,3.0,17.0,1.1445,0.5653,92.4,0.0414,0.0,0.0425,0.0,0.0,0.3788,0.0165,13.0,0.0,21.2549,4.9836,0,2.6391,4.5369,2
IMP00185,8825504.58,12.0,2.0,4.0,0.983,0.488,114.4,0.0,0.0,0.0,0.0,0.0,0.3667,0.0171,0.0,0.0,15.9932,2.5649,0,0.0,4.7484,2
IMP00186,9321449.35,36.0,3.0,7.0,1.054,0.4961,34.2,0.0833,0.0,0.0257,0.069,0.0,0.4205,0.0293,16.0,0.0,16.0478,3.6109,0,2.8332,3.561,2
IMP00187,385764055.38,147.0,2.0,17.0,1.07,0.5107,107.2,0.0748,0.0,0.0382,0.0204,0.0,0.3702,0.0285,8.0,0.0,19.7707,4.9972,0,2.1972,4.684,2
IMP00188,1837488.56,22.0,3.0,7.0,0.726,0.5124,142.1,0.0455,0.0,0.0586,0.0,0.0,0.3967,0.0667,2.0,0.0,14.4239,3.1355,1,1.0986,4.9635,3
IMP00189,78051751.24,54.0,4.0,4.0,0.9105,0.5326,80.5,0.0556,0.0,0.1955,0.1212,0.0,0.4263,0.0561,18.0,0.1111,18.1729,4.0073,0,2.9444,4.4006,2
IMP00190,19367926.63,43.0,4.0,9.0,1.273,0.4847,169.0,0.0698,0.0,0.0471,0.0,0.0,0.396,0.0319,3.0,0.0,16.7791,3.7842,0,1.3863,5.1358,2
IMP00191,1679171.14,32.0,1.0,5.0,0.9065,0.5643,83.7,0.0312,0.0,0.0165,0.0778,0.0,0.3724,0.0345,6.0,0.0,14.3338,3.4965,0,1.9459,4.4391,2
IMP00192,154319.58,2.0,2.0,2.0,0.5245,0.543,115.3,0.0,0.0,0.081,0.0,0.0,0.4406,0.319,1.0,0.0,11.9468,1.0986,0,0.6931,4.7562,4
IMP00193,523893445.2,130.0,2.0,14.0,1.2515,0.5747,191.3,0.0692,0.0,0.0216,0.0515,0.0,0.4088,0.0222,9.0,0.0,20.0768,4.8752,0,2.3026,5.2591,2
IMP00194,157168697.61,105.0,3.0,15.0,1.105,0.4049,94.0,0.0286,0.0,0.0165,0.0,0.0,0.3695,0.0148,9.0,0.0,18.8728,4.6634,0,2.3026,4.5539,2
IMP00195,171944833.18,322.0,3.0,17.0,1.063,0.4696,144.2,0.0342,0.0,0.0323,0.0745,0.0,0.3939,0.0419,18.0,0.0,18.9627,5.7777,0,2.9444,4.9781,2
IMP00196,38276238.38,42.0,4.0,8.0,0.984,0.4965,169.3,0.0714,0.0,0.0214,0.0812,0.0,0.3854,0.0112,4.0,0.0,17.4603,3.7612,0,1.6094,5.1376,2
IMP00197,2904757.59,15.0,1.0,2.0,0.927,0.565,162.2,0.1333,0.0,0.0565,0.0,0.0,0.3707,0.0407,6.0,0.0,14.8819,2.7726,0,1.9459,5.095,2
IMP00198,26664862.18,120.0,2.0,16.0,1.014,0.5203,83.2,0.0417,0.0,0.0132,0.0,0.0,0.371,0.0321,12.0,0.1667,17.0989,4.7958,0,2.5649,4.4332,2
IMP00199,17564503.01,50.0,4.0,9.0,0.965,0.4996,116.7,0.06,0.0,0.0376,0.0,0.0,0.3612,0.0157,10.0,0.0,16.6814,3.9318,0,2.3979,4.7681,2
IMP00200,73528830.63,178.0,3.0,20.0,1.1655,0.5065,165.2,0.0506,0.0,0.0287,0.0456,0.0367,0.4172,0.0251,19.0,0.0,18.1132,5.1874,0,2.9957,5.1132,2
IMP00201,4314287.97,14.0,1.0,4.0,0.9905,0.4009,70.3,0.0,0.0,0.0,0.1962,0.0,0.4093,0.0554,2.0,0.0,15.2774,2.7081,0,1.0986,4.2669,2
IMP00202,82768816.03,136.0,3.0,19.0,1.0425,0.5625,219.2,0.0515,0.0,0.0372,0.2081,0.0,0.4619,0.0656,9.0,0.0,18.2316,4.92,0,2.3026,5.3945,2
IMP00203,54346486.04,172.0,4.0,22.0,1.242,0.5654,220.2,0.0814,0.0,0.0073,0.0,0.0,0.4472,0.0565,11.0,0.0,17.8109,5.1533,0,2.4849,5.3991,2
IMP00204,8672700.32,13.0,2.0,7.0,1.012,0.623,90.9,0.0,0.0,0.0,0.1912,0.0,0.3909,0.0247,0.0,0.0,15.9757,2.6391,0,0.0,4.5207,2
IMP00205,334121228.85,477.0,2.0,21.0,0.971,0.4829,72.6,0.0818,0.0,0.032,0.1087,0.0073,0.4286,0.0757,109.0,0.1468,19.627,6.1696,0,4.7005,4.2986,2
IMP00206,0.0,1.0,1.0,1.0,1.233,0.519,192.3,1.0,0.0,0.318,0.0,0.0,0.4789,0.3955,1.0,1.0,0.0,0.6931,1,0.6931,5.2642,4
IMP00207,0.0,10.0,3.0,4.0,0.968,0.506,50.5,0.0,0.0,0.0904,0.0003,0.0,0.4119,0.0237,2.0,0.0,0.0,2.3979,0,1.0986,3.9416,1
IMP00208,82534389.37,155.0,2.0,22.0,0.874,0.5293,25.2,0.0452,0.0,0.0448,0.016,0.0,0.4171,0.0271,45.0,0.0,18.2287,5.0499,0,3.8286,3.2658,2
IMP00209,39796013.56,38.0,2.0,7.0,0.9395,0.5203,112.1,0.0526,0.0,0.026,0.0553,0.0,0.3855,0.0266,4.0,0.0,17.4993,3.6636,0,1.6094,4.7283,2
IMP00210,5944675.36,19.0,1.0,4.0,1.288,0.5193,170.5,0.0,0.0,0.0,0.0,0.0,0.3872,0.0288,2.0,0.0,15.598,2.9957,0,1.0986,5.1446,2
IMP00211,1958906.94,8.0,2.0,2.0,1.075,0.512,144.1,0.0,0.0,0.1569,0.0,0.0,0.4153,0.0342,2.0,0.0,14.4879,2.1972,0,1.0986,4.9774,2
IMP00212,197291159.1,129.0,2.0,16.0,0.936,0.5011,206.9,0.0853,0.0,0.0189,0.0,0.0,0.3969,0.0173,15.0,0.0,19.1002,4.8675,0,2.7726,5.3371,2
IMP00213,133359703.82,134.0,1.0,16.0,0.863,0.5264,60.1,0.0672,0.0,0.0857,0.0237,0.0,0.4074,0.0233,13.0,0.0,18.7086,4.9053,0,2.6391,4.1125,2
IMP00214,0.0,3.0,2.0,3.0,0.836,0.526,172.8,0.3333,0.0,0.2207,0.0,0.0,0.4294,0.0125,0.0,0.0,0.0,1.3863,0,0.0,5.1579,1
IMP00215,19011229.9,90.0,3.0,16.0,0.779,0.5106,59.6,0.0667,0.0,0.0286,0.0,0.0,0.4077,0.1447,22.0,0.1364,16.7605,4.5109,0,3.1355,4.1043,2
IMP00216,34593971.82,67.0,2.0,7.0,1.319,0.57,111.3,0.0746,0.0,0.1081,0.0,0.0,0.4103,0.0184,0.0,0.0,17.3592,4.2195,0,0.0,4.7212,2
IMP00217,2631307.81,6.0,3.0,4.0,1.0265,0.467,176.2,0.0,0.0,0.0868,0.0,0.0,0.3873,0.0768,0.0,0.0,14.783,1.9459,1,0.0,5.1773,3
IMP00218,878397.8,4.0,3.0,3.0,1.1455,0.567,145.6,0.0,0.0,0.0008,0.0,0.0,0.3944,0.0332,0.0,0.0,13.6859,1.6094,0,0.0,4.9877,2
IMP00219,932982.56,4.0,2.0,2.0,0.9755,0.488,177.3,0.0,0.0,0.1195,0.0,0.0,0.3758,0.0134,0.0,0.0,13.7461,1.6094,0,0.0,5.1835,2
IMP00220,51553616.77,172.0,4.0,26.0,0.857,0.4353,145.2,0.0523,0.0,0.0324,0.0289,0.0023,0.3769,0.0475,22.0,0.0,17.7581,5.1533,0,3.1355,4.985,2
IMP00221,17209233.72,3.0,1.0,2.0,2.111,0.406,166.2,0.0,0.0,0.0,0.173,0.0,0.5211,0.0088,0.0,0.0,16.661,1.3863,0,0.0,5.1192,2
IMP00222,196245767.34,271.0,4.0,35.0,0.973,0.3952,118.4,0.0295,0.0,0.0449,0.0371,0.0,0.3704,0.0119,25.0,0.0,19.0949,5.6058,0,3.2581,4.7825,2
IMP00223,19127785.42,25.0,4.0,9.0,0.979,0.5725,9.4,0.0,0.0,0.0532,0.1988,0.0,0.4482,0.0217,0.0,0.0,16.7667,3.2581,0,0.0,2.3418,2
IMP00224,21711936.11,11.0,2.0,4.0,1.016,0.5934,200.0,0.0,0.0,0.0713,0.0002,0.0,0.3979,0.0173,0.0,0.0,16.8934,2.4849,0,0.0,5.3033,2
IMP00225,1769149044.95,389.0,3.0,13.0,1.002,0.562,111.2,0.036,0.0,0.0739,0.0912,0.0215,0.4151,0.0253,94.0,0.0106,21.2938,5.9661,0,4.5539,4.7203,2
IMP00226,3736772.49,7.0,2.0,2.0,0.947,0.488,15.6,0.0,0.0,0.1056,0.0,0.0,0.4348,0.0068,0.0,0.0,15.1337,2.0794,0,0.0,2.8094,2
IMP00227,47983487.09,7.0,1.0,3.0,0.875,0.453,8.3,0.0,0.0,0.0,0.15,0.0,0.4611,0.0122,0.0,0.0,17.6864,2.0794,0,0.0,2.23,2
IMP00228,0.0,0.0,0.0,0.0,1.0,0.0,0.0,0.0,0.0,0.0,0.0,0.0,0.3946,0.0,0.0,0.0,0.0,0.0,0,0.0,0.0,1
IMP00229,0.0,5.0,1.0,1.0,0.953,0.392,137.4,0.0,0.0,0.0,0.0008,0.0,0.3657,0.0102,0.0,0.0,0.0,1.7918,0,0.0,4.9301,1
IMP00230,2255145.46,17.0,3.0,5.0,0.739,0.495,75.2,0.0588,0.0,0.0616,0.0,0.0,0.3915,0.0181,3.0,0.0,14.6287,2.8904,0,1.3863,4.3334,2
IMP00231,17330299.12,45.0,1.0,6.0,1.289,0.5856,219.0,0.0222,0.0,0.012,0.0058,0.0,0.4357,0.0454,3.0,0.0,16.668,3.8286,0,1.3863,5.3936,2
IMP00232,142256111.48,356.0,4.0,41.0,1.0375,0.5796,117.8,0.0449,0.0,0.0234,0.0279,0.003,0.3708,0.0403,21.0,0.0,18.7731,5.8777,0,3.091,4.7774,2
IMP00233,8943658.74,49.0,2.0,9.0,0.761,0.5242,171.8,0.0612,0.0,0.0201,0.0,0.0,0.3719,0.063,9.0,0.0,16.0065,3.912,0,2.3026,5.1521,2
IMP00234,33635646.1,76.0,4.0,8.0,1.1205,0.5632,108.0,0.0789,0.0,0.0393,0.0654,0.0,0.3739,0.0174,3.0,0.0,17.3311,4.3438,0,1.3863,4.6913,2
IMP00235,329821889.38,266.0,3.0,41.0,0.987,0.5648,73.8,0.0301,0.0,0.0223,0.1698,0.0152,0.4218,0.0274,21.0,0.0,19.6141,5.5872,0,3.091,4.3148,2
IMP00236,9849033.61,2.0,1.0,1.0,1.1965,0.506,25.8,0.0,0.0,0.0,0.0,0.0,0.4623,0.0116,1.0,0.0,16.1029,1.0986,0,0.6931,3.2884,2
IMP00237,642032584.54,382.0,4.0,51.0,0.9655,0.4,157.8,0.0445,0.0,0.0301,0.0135,0.0,0.3662,0.0135,58.0,0.0,20.2801,5.948,0,4.0775,5.0676,2
IMP00238,42084122.96,164.0,4.0,15.0,1.006,0.4192,61.9,0.0732,0.0,0.0249,0.0303,0.0,0.3815,0.0281,10.0,0.0,17.5552,5.1059,0,2.3979,4.1415,2
IMP00239,601358.67,2.0,1.0,1.0,0.799,0.488,90.0,0.5,0.0,0.0,0.001,0.0,0.3753,0.0174,0.0,0.0,13.3069,1.0986,0,0.0,4.5109,2
IMP00240,0.0,2.0,1.0,2.0,0.719,0.406,188.2,0.0,0.0,0.4835,0.0,0.0,0.4757,0.0905,1.0,0.0,0.0,1.0986,0,0.6931,5.2428,1
IMP00241,33353176.7,58.0,2.0,10.0,1.2425,0.5589,91.2,0.069,0.0,0.1016,0.1786,0.0,0.4132,0.0321,5.0,0.0,17.3227,4.0775,0,1.7918,4.524,2
IMP00242,6430984.14,12.0,2.0,2.0,1.0445,0.479,128.6,0.0,0.0,0.0408,0.2071,0.0,0.3956,0.0298,0.0,0.0,15.6766,2.5649,0,0.0,4.8645,2
IMP00243,76193975.56,164.0,4.0,24.0,1.019,0.5154,49.5,0.061,0.0,0.0301,0.0192,0.0,0.4003,0.0233,14.0,0.1429,18.1488,5.1059,0,2.7081,3.922,2
IMP00244,548867753.72,731.0,2.0,25.0,1.021,0.6746,148.7,0.0588,0.1902,0.0326,0.0899,0.0,0.3935,0.0147,54.0,0.0185,20.1234,6.5958,0,4.0073,5.0086,2
IMP00245,5687695.45,19.0,3.0,7.0,0.753,0.4667,67.8,0.0,0.0,0.0189,0.0138,0.0,0.4173,0.0887,3.0,0.0,15.5538,2.9957,0,1.3863,4.2312,2
IMP00246,0.0,1.0,1.0,1.0,0.853,0.556,42.9,0.0,0.0,0.0,0.0,0.0,0.3672,0.0124,1.0,0.0,0.0,0.6931,0,0.6931,3.7819,1
IMP00247,14106094.41,45.0,1.0,11.0,1.053,0.557,83.7,0.1333,0.0,0.0264,0.0171,0.0,0.3857,0.1212,13.0,0.1538,16.4621,3.8286,1,2.6391,4.4391,3
IMP00248,4583776.15,1.0,1.0,1.0,1.055,0.461,160.3,0.0,0.0,0.0,0.0,0.0,0.3464,0.0042,0.0,0.0,15.338,0.6931,0,0.0,5.0833,2
IMP00249,208763967.71,300.0,3.0,33.0,1.0305,0.5004,108.6,0.0667,0.0,0.0418,0.0083,0.0018,0.375,0.0342,23.0,0.0,19.1567,5.7071,0,3.1781,4.6968,2
IMP00250,2184603.5,6.0,2.0,3.0,0.7315,0.517,174.0,0.1667,0.0,0.0,0.0437,0.0,0.4093,0.0535,1.0,0.0,14.5969,1.9459,0,0.6931,5.1648,2
IMP00251,25882548.65,3.0,2.0,2.0,0.956,0.48,49.1,0.0,0.0,0.0,0.0,0.0,0.4118,0.0135,0.0,0.0,17.0691,1.3863,0,0.0,3.914,2
IMP00252,8504914.72,12.0,1.0,5.0,1.3695,0.5077,56.4,0.0833,0.0,0.0101,0.0,0.0,0.4336,0.1381,1.0,0.0,15.9562,2.5649,1,0.6931,4.05,3
IMP00253,1785052.12,12.0,2.0,3.0,0.828,0.522,201.8,0.0,0.0,0.0,0.0006,0.0,0.3848,0.0268,2.0,0.0,14.395,2.5649,0,1.0986,5.3122,2
IMP00254,4639980.2,22.0,3.0,9.0,1.086,0.456,60.3,0.0455,0.0,0.0,0.0,0.0,0.3751,0.0149,1.0,0.0,15.3502,3.1355,0,0.6931,4.1158,2
IMP00255,5375923.74,17.0,2.0,5.0,1.131,0.5173,152.5,0.0,0.0,0.1468,0.0,0.0,0.3933,0.0222,0.0,0.0,15.4974,2.8904,0,0.0,5.0337,2
IMP00256,36783042.79,94.0,4.0,10.0,0.97,0.5109,101.1,0.0957,0.0,0.0202,0.0905,0.0,0.3829,0.0363,3.0,0.0,17.4205,4.5539,0,1.3863,4.626,2
IMP00257,0.0,0.0,0.0,0.0,1.0,0.0,0.0,0.0,0.0,0.0,0.0,0.0,0.3946,0.0,0.0,0.0,0.0,0.0,1,0.0,0.0,3
IMP00258,15583063.66,56.0,2.0,10.0,1.333,0.5835,166.3,0.0893,0.0,0.0328,0.0444,0.0,0.3989,0.0263,5.0,0.0,16.5617,4.0431,0,1.7918,5.1198,2
IMP00259,15464396.94,31.0,3.0,5.0,1.081,0.5739,14.1,0.0,0.0,0.0488,0.0,0.0,0.4401,0.0293,0.0,0.0,16.5541,3.4657,0,0.0,2.7147,2
IMP00260,246361639.21,147.0,5.0,25.0,0.9045,0.5114,51.4,0.0544,0.0,0.0262,0.0697,0.0055,0.4095,0.1073,25.0,0.2,19.3223,4.9972,0,3.2581,3.9589,2
IMP00261,16540746.58,32.0,3.0,9.0,0.9735,0.5665,145.1,0.0312,0.0,0.0486,0.0001,0.0,0.3545,0.0174,2.0,0.0,16.6213,3.4965,0,1.0986,4.9843,2
IMP00262,17824655.56,19.0,1.0,2.0,1.118,0.5392,9.2,0.0,0.0,0.0918,0.0,0.0,0.4359,0.0128,0.0,0.0,16.6961,2.9957,0,0.0,2.3224,2
IMP00263,87774.66,5.0,1.0,1.0,0.984,0.607,132.4,0.0,0.0,0.0,0.0,0.0,0.3693,0.059,1.0,0.0,11.3825,1.7918,0,0.6931,4.8934,2
IMP00264,31043284.95,18.0,2.0,4.0,1.049,0.483,122.4,0.0,0.0,0.0501,0.1861,0.0,0.4075,0.0157,1.0,0.0,17.2509,2.9444,1,0.6931,4.8154,3
IMP00265,53065813.41,42.0,3.0,10.0,1.065,0.5057,51.0,0.0476,0.0,0.0741,0.0041,0.0,0.416,0.0259,5.0,0.0,17.787,3.7612,0,1.7918,3.9512,2
IMP00266,643865.6,4.0,1.0,2.0,0.857,0.566,136.4,0.0,0.0,0.0,0.0,0.0,0.3628,0.1841,0.0,0.0,13.3752,1.6094,0,0.0,4.9229,2
IMP00267,35746418.49,63.0,1.0,5.0,0.857,0.5112,169.9,0.1746,0.0,0.0883,0.1543,0.0,0.4131,0.2562,14.0,0.5,17.392,4.1589,1,2.7081,5.1411,4
IMP00268,1724384.16,8.0,3.0,4.0,1.0075,0.5696,114.2,0.125,0.0,0.0,0.0,0.0,0.3809,0.1766,1.0,1.0,14.3604,2.1972,1,0.6931,4.7467,4
IMP00269,163726076.89,612.0,6.0,55.0,0.9915,0.677,161.7,0.0343,0.0,0.0122,0.0245,0.0016,0.3669,0.0263,112.0,0.0089,18.9137,6.4184,0,4.7274,5.0919,2
IMP00270,1767233.48,16.0,3.0,4.0,1.311,0.5738,208.1,0.0,0.0,0.0502,0.0004,0.0,0.4147,0.0636,2.0,0.5,14.3849,2.8332,0,1.0986,5.3428,2
IMP00271,105161823.06,68.0,1.0,8.0,0.918,0.6029,30.1,0.0588,0.0,0.0235,0.1289,0.0,0.4201,0.0364,24.0,0.0417,18.471,4.2341,0,3.2189,3.4372,2
IMP00272,66247221.37,37.0,1.0,5.0,1.052,0.3771,73.5,0.0541,0.0,0.0346,0.0,0.0,0.3711,0.02,2.0,0.0,18.0089,3.6376,0,1.0986,4.3108,2
IMP00273,47511550.6,173.0,6.0,20.0,0.934,0.6036,75.7,0.2312,0.0,0.0358,0.0795,0.0,0.4147,0.2927,52.0,0.6731,17.6765,5.1591,0,3.9703,4.3399,4
IMP00274,122560135.91,644.0,2.0,22.0,0.977,0.5174,147.0,0.0512,0.0,0.0302,0.0,0.0005,0.3548,0.0226,128.0,0.0078,18.6241,6.4693,0,4.8598,4.9972,2
IMP00275,893773770.68,169.0,2.0,20.0,1.221,0.5992,118.4,0.0355,0.0,0.0188,0.0,0.0,0.3833,0.0218,15.0,0.0,20.611,5.1358,0,2.7726,4.7825,2
IMP00276,71038266.46,92.0,6.0,15.0,0.9975,0.3977,177.3,0.0326,0.0,0.0319,0.1708,0.0022,0.3938,0.0133,6.0,0.0,18.0787,4.5326,0,1.9459,5.1835,2
IMP00277,3640100.99,2.0,2.0,2.0,1.0835,0.562,8.7,0.0,0.0,0.0,0.0,0.0,0.4123,0.0106,0.0,0.0,15.1075,1.0986,0,0.0,2.2721,2
IMP00278,14392723.13,21.0,1.0,2.0,1.0,0.526,53.2,0.0476,0.0,0.0237,0.274,0.0,0.4587,0.0361,3.0,0.0,16.4822,3.091,0,1.3863,3.9927,2
IMP00279,264590801.91,326.0,4.0,36.0,0.9585,0.4108,202.8,0.0552,0.0,0.0281,0.0393,0.0071,0.3964,0.0197,81.0,0.0,19.3937,5.79,0,4.4067,5.3171,2
IMP00280,1499246307.23,955.0,3.0,16.0,1.0,0.5625,170.0,0.0492,0.2346,0.0364,0.0608,0.0,0.371,0.0167,77.0,0.0,21.1282,6.8628,0,4.3567,5.1417,2
IMP00281,5362074.19,13.0,2.0,3.0,1.192,0.398,215.9,0.3077,0.0,0.0,0.0816,0.0,0.4611,0.1748,4.0,0.75,15.4949,2.6391,1,1.6094,5.3794,4
IMP00282,18640127.0,66.0,4.0,18.0,1.112,0.5635,99.6,0.0606,0.0,0.095,0.113,0.0,0.3965,0.0329,6.0,0.1667,16.7408,4.2047,0,1.9459,4.6112,2
IMP00283,17496077.17,80.0,4.0,9.0,0.886,0.604,132.0,0.2375,0.0,0.0495,0.0622,0.0,0.3932,0.2602,22.0,0.7273,16.6775,4.3944,0,3.1355,4.8903,4
IMP00284,10307971.22,43.0,3.0,10.0,0.8835,0.5114,34.3,0.0698,0.0,0.0398,0.0,0.0,0.4329,0.0692,15.0,0.0,16.1484,3.7842,0,2.7726,3.5639,2
IMP00285,15106588.93,101.0,4.0,13.0,0.924,0.5421,189.7,0.0495,0.0,0.02,0.0,0.0,0.3873,0.0394,16.0,0.0625,16.5306,4.625,0,2.8332,5.2507,2
IMP00286,4814162.16,22.0,2.0,5.0,1.19,0.5511,68.5,0.0909,0.0,0.0454,0.0,0.0,0.3923,0.0592,2.0,0.5,15.3871,3.1355,1,1.0986,4.2413,3
IMP00287,0.0,1.0,1.0,1.0,0.977,0.5,80.4,0.0,0.0,0.0,0.0,0.0,0.3449,0.0199,1.0,0.0,0.0,0.6931,0,0.6931,4.3994,1
IMP00288,111252123.61,254.0,3.0,23.0,1.003,0.4863,68.8,0.0866,0.0,0.0386,0.0695,0.0,0.3856,0.0489,37.0,0.1892,18.5273,5.5413,0,3.6376,4.2456,2
IMP00289,83115852.92,242.0,1.0,21.0,0.9775,0.5008,213.6,0.0496,0.0,0.0273,0.0416,0.019,0.4133,0.0445,44.0,0.0682,18.2357,5.4931,0,3.8067,5.3688,2
IMP00290,5134765.57,20.0,3.0,6.0,0.9075,0.5242,120.8,0.25,0.0,0.0,0.0,0.0,0.3677,0.1994,5.0,0.8,15.4515,3.0445,0,1.7918,4.8024,4
IMP00291,47654484.86,61.0,3.0,13.0,0.899,0.4583,67.6,0.082,0.0,0.0257,0.0455,0.0,0.3976,0.0355,13.0,0.0769,17.6795,4.1271,0,2.6391,4.2283,2
IMP00292,14580905.61,21.0,1.0,4.0,0.946,0.4681,50.2,0.0476,0.0,0.1105,0.0,0.0,0.4058,0.0419,6.0,0.0,16.4952,3.091,0,1.9459,3.9357,2
IMP00293,440804667.7,291.0,4.0,31.0,1.279,0.6332,121.1,0.0653,0.0,0.1019,0.0343,0.0,0.3996,0.0218,23.0,0.0,19.9041,5.6768,0,3.1781,4.8048,2
IMP00294,0.0,0.0,0.0,0.0,1.0,0.0,0.0,0.0,0.0,0.0,0.0,0.0,0.3946,0.0,0.0,0.0,0.0,0.0,0,0.0,0.0,1
IMP00295,0.0,0.0,0.0,0.0,1.0,0.0,0.0,0.0,0.0,0.0,0.0,0.0,0.3946,0.0,0.0,0.0,0.0,0.0,0,0.0,0.0,1
IMP00296,291223625.95,347.0,2.0,30.0,1.01,0.518,154.6,0.0403,0.0,0.0233,0.1035,0.0068,0.4016,0.0337,29.0,0.0,19.4896,5.8522,0,3.4012,5.0473,2
IMP00297,73889722.68,101.0,1.0,11.0,1.054,0.468,86.3,0.0495,0.0,0.0197,0.0002,0.0,0.3743,0.0169,8.0,0.0,18.1181,4.625,0,2.1972,4.4694,2
IMP00298,43815296.52,103.0,6.0,18.0,0.99,0.5293,144.0,0.0388,0.0,0.0287,0.0584,0.0,0.3645,0.0336,17.0,0.1176,17.5955,4.6444,0,2.8904,4.9767,2
IMP00299,47753635.38,155.0,5.0,16.0,0.971,0.5104,120.1,0.1097,0.0,0.0541,0.016,0.0,0.4012,0.1445,31.0,0.2258,17.6816,5.0499,0,3.4657,4.7966,2
IMP00300,152979658.3,150.0,2.0,10.0,0.902,0.4555,106.9,0.0333,0.0,0.0382,0.0212,0.0,0.388,0.0125,29.0,0.0,18.8458,5.0173,0,3.4012,4.6812,2
IMP00301,0.0,1.0,1.0,1.0,0.891,0.519,120.3,0.0,0.0,0.0,0.0,0.0,0.352,0.0125,0.0,0.0,0.0,0.6931,0,0.0,4.7983,1
IMP00302,196718586.36,262.0,1.0,9.0,1.021,0.4635,174.1,0.0267,0.0,0.0216,0.0285,0.0,0.3645,0.0146,10.0,0.0,19.0973,5.5722,0,2.3979,5.1654,2
IMP00303,6140592.57,7.0,2.0,2.0,0.823,0.3513,174.3,0.0,0.0,0.0804,0.0,0.0,0.3927,0.0128,1.0,0.0,15.6304,2.0794,0,0.6931,5.1665,2
IMP00304,18737654.25,78.0,3.0,19.0,0.815,0.542,77.8,0.0769,0.0,0.0397,0.1701,0.0,0.4358,0.1493,16.0,0.125,16.746,4.3694,1,2.8332,4.3669,3
IMP00305,23149384.62,32.0,4.0,6.0,0.999,0.5702,59.4,0.0,0.0,0.0,0.1841,0.0,0.418,0.0403,1.0,0.0,16.9575,3.4965,0,0.6931,4.101,2
IMP00306,1342209745.33,5286.0,8.0,95.0,0.978,0.4725,145.3,0.0496,0.2299,0.041,0.0253,0.0008,0.3716,0.0108,554.0,0.009,21.0176,8.573,0,6.319,4.9857,2
IMP00307,0.0,0.0,0.0,0.0,1.0,0.0,0.0,0.0,0.0,0.0,0.0,0.0,0.3946,0.0,0.0,0.0,0.0,0.0,0,0.0,0.0,1
IMP00308,102434818.4,54.0,1.0,6.0,1.05,0.5295,169.1,0.037,0.0,0.0089,0.0,0.0,0.3542,0.0172,3.0,0.0,18.4447,4.0073,0,1.3863,5.1364,2
IMP00309,51652602.75,63.0,3.0,11.0,0.956,0.5274,61.1,0.0317,0.0,0.0238,0.0395,0.0,0.4017,0.0282,5.0,0.0,17.7601,4.1589,0,1.7918,4.1287,2
IMP00310,0.0,2.0,2.0,2.0,1.134,0.537,4.3,0.0,0.0,0.0,0.0,0.0,0.432,0.0208,0.0,0.0,0.0,1.0986,0,0.0,1.6677,1
IMP00311,324951444.7,317.0,3.0,29.0,0.919,0.3377,58.9,0.0726,0.0,0.0276,0.0493,0.0189,0.4147,0.063,32.0,0.125,19.5992,5.7621,0,3.4965,4.0927,2
IMP00312,33024213.6,44.0,6.0,10.0,1.0,0.5091,115.2,0.0455,0.0,0.0516,0.006,0.0,0.3736,0.0289,8.0,0.0,17.3128,3.8067,0,2.1972,4.7553,2
IMP00313,52721507.87,113.0,4.0,18.0,1.015,0.4699,165.2,0.0885,0.0,0.0373,0.0093,0.0,0.3658,0.0101,9.0,0.0,17.7805,4.7362,0,2.3026,5.1132,2
IMP00314,0.0,0.0,0.0,0.0,1.0,0.0,0.0,0.0,0.0,0.0,0.0,0.0,0.3946,0.0,0.0,0.0,0.0,0.0,0,0.0,0.0,1
IMP00315,724283.43,4.0,2.0,3.0,0.9995,0.461,196.5,0.0,0.0,0.0,0.0,0.0,0.3822,0.0149,0.0,0.0,13.4929,1.6094,0,0.0,5.2857,2
IMP00316,3045758.47,13.0,5.0,6.0,0.931,0.4357,51.3,0.1538,0.0,0.0,0.0001,0.0,0.4113,0.1197,2.0,0.5,14.9293,2.6391,0,1.0986,3.957,4
IMP00317,51369753.58,108.0,7.0,22.0,0.9825,0.4026,119.7,0.0278,0.0,0.0,0.0558,0.0016,0.367,0.0211,12.0,0.0,17.7546,4.6913,0,2.5649,4.7933,2
IMP00318,22787878.15,100.0,3.0,14.0,0.927,0.3971,74.8,0.04,0.0,0.133,0.0248,0.0,0.398,0.03,22.0,0.0,16.9417,4.6151,0,3.1355,4.3281,2
IMP00319,144070677.19,145.0,4.0,19.0,1.078,0.5236,177.6,0.0828,0.0,0.0202,0.0079,0.0,0.3706,0.0225,13.0,0.0,18.7858,4.9836,0,2.6391,5.1851,2
IMP00320,0.0,4.0,2.0,2.0,0.8885,0.494,98.6,0.0,0.0,0.1052,0.131,0.0,0.4098,0.032,1.0,0.0,0.0,1.6094,0,0.6931,4.6012,1
IMP00321,11935086.57,29.0,2.0,8.0,1.017,0.5008,53.6,0.1034,0.0,0.0197,0.0,0.0,0.3867,0.0438,8.0,0.125,16.295,3.4012,1,2.1972,4.0,3
IMP00322,11658907.82,15.0,1.0,3.0,0.896,0.5327,19.9,0.0667,0.0,0.0313,0.1905,0.0,0.4346,0.0611,2.0,0.0,16.2716,2.7726,0,1.0986,3.0397,2
IMP00323,3029584.17,7.0,3.0,5.0,0.983,0.519,175.5,0.0,0.0,0.0,0.0,0.0,0.3527,0.0164,0.0,0.0,14.9239,2.0794,0,0.0,5.1733,2
IMP00324,0.0,2.0,1.0,1.0,1.2835,0.51,145.5,0.0,0.0,0.0475,0.0,0.0,0.3899,0.091,0.0,0.0,0.0,1.0986,0,0.0,4.987,1
IMP00325,194899681.19,168.0,1.0,18.0,0.877,0.5391,215.7,0.0476,0.0,0.0125,0.0379,0.0,0.4105,0.0267,21.0,0.0,19.088,5.1299,0,3.091,5.3785,2
IMP00326,0.0,0.0,0.0,0.0,1.0,0.0,0.0,0.0,0.0,0.0,0.0,0.0,0.3946,0.0,0.0,0.0,0.0,0.0,0,0.0,0.0,1
IMP00327,0.0,0.0,0.0,0.0,1.0,0.0,0.0,0.0,0.0,0.0,0.0,0.0,0.3946,0.0,0.0,0.0,0.0,0.0,0,0.0,0.0,1
IMP00328,4791512.92,21.0,4.0,6.0,0.863,0.504,65.8,0.0476,0.0,0.0311,0.0,0.0,0.386,0.0539,6.0,0.1667,15.3824,3.091,0,1.9459,4.2017,2
IMP00329,41790904.17,18.0,3.0,9.0,0.9435,0.477,194.7,0.0556,0.0,0.064,0.0802,0.0,0.4236,0.0391,3.0,0.0,17.5482,2.9444,1,1.3863,5.2766,3
IMP00330,130538870.71,129.0,4.0,23.0,0.995,0.4345,174.2,0.0465,0.0,0.0083,0.0873,0.022,0.4088,0.0147,15.0,0.0,18.6872,4.8675,0,2.7726,5.1659,2
IMP00331,4116712.55,8.0,3.0,5.0,0.9785,0.5,66.2,0.125,0.0,0.0,0.0001,0.0,0.3918,0.1584,1.0,1.0,15.2306,2.1972,0,0.6931,4.2077,4
IMP00332,0.0,1.0,1.0,1.0,0.703,0.51,114.3,0.0,0.0,0.0,0.0,0.0,0.3689,0.3042,1.0,0.0,0.0,0.6931,0,0.6931,4.7475,1
IMP00333,160553.26,1.0,1.0,1.0,1.026,0.467,22.7,0.0,0.0,0.0,0.0,0.0,0.3829,0.0103,0.0,0.0,11.9864,0.6931,0,0.0,3.1655,2
IMP00334,12916476.54,66.0,2.0,10.0,1.129,0.5376,83.2,0.0152,0.0,0.0268,0.0,0.0,0.3682,0.0336,4.0,0.0,16.374,4.2047,0,1.6094,4.4332,2
IMP00335,0.0,1.0,1.0,1.0,1.078,0.539,18.6,0.0,0.0,0.0,0.0,0.0,0.386,0.0079,0.0,0.0,0.0,0.6931,0,0.0,2.9755,1
IMP00336,815608.27,2.0,2.0,2.0,0.9135,0.5145,199.5,0.0,0.0,0.0,0.0,0.0,0.4534,0.3024,0.0,0.0,13.6117,1.0986,1,0.0,5.3008,3
IMP00337,66017784.79,59.0,3.0,9.0,0.959,0.4981,182.7,0.0678,0.0,0.0619,0.1718,0.0,0.4012,0.0197,3.0,0.0,18.0054,4.0943,0,1.3863,5.2133,2
IMP00338,0.0,1.0,1.0,1.0,0.874,0.519,32.7,0.0,0.0,0.055,0.0,0.0,0.4634,0.6504,0.0,0.0,0.0,0.6931,0,0.0,3.5175,4
IMP00339,1679308.26,7.0,3.0,3.0,0.952,0.453,123.8,0.0,0.0,0.0,0.0,0.0,0.3654,0.0238,0.0,0.0,14.3339,2.0794,0,0.0,4.8267,2
IMP00340,6952594443.35,1294.0,5.0,62.0,0.962,0.5629,101.7,0.0626,0.2512,0.0595,0.0031,0.0003,0.3689,0.0177,144.0,0.0833,22.6624,7.1663,0,4.9767,4.6318,2
IMP00341,122674011.15,102.0,4.0,15.0,1.2445,0.5322,144.5,0.0686,0.0,0.0141,0.0,0.0,0.3777,0.021,11.0,0.1818,18.625,4.6347,0,2.4849,4.9802,2
IMP00342,632385.75,3.0,1.0,1.0,1.136,0.685,124.5,0.0,0.0,0.0,0.0,0.0,0.3468,0.0219,1.0,0.0,13.3573,1.3863,1,0.6931,4.8323,3
IMP00343,136248753.9,92.0,5.0,14.0,1.1535,0.5017,186.5,0.0652,0.0,0.0364,0.0643,0.0,0.414,0.0391,15.0,0.2,18.73,4.5326,0,2.7726,5.2338,2
IMP00344,1628232.69,5.0,1.0,3.0,1.206,0.461,192.4,0.2,0.0,0.0,0.0,0.0,0.3862,0.0205,3.0,0.0,14.303,1.7918,0,1.3863,5.2648,2
IMP00345,149158807.68,165.0,1.0,15.0,1.028,0.4076,83.0,0.0606,0.0,0.0064,0.0,0.0,0.3664,0.0116,6.0,0.0,18.8205,5.112,0,1.9459,4.4308,2
IMP00346,51990862.62,89.0,2.0,12.0,0.966,0.5037,143.5,0.0899,0.0,0.0188,0.031,0.0,0.3555,0.0269,23.0,0.1304,17.7666,4.4998,0,3.1781,4.9733,2
IMP00347,33183214.95,88.0,3.0,9.0,1.048,0.3947,108.1,0.0455,0.0,0.0252,0.0,0.0,0.3925,0.0211,4.0,0.0,17.3176,4.4886,0,1.6094,4.6923,2
IMP00348,53100115.64,64.0,3.0,11.0,0.834,0.5891,73.7,0.0312,0.0,0.0831,0.2078,0.0,0.4536,0.045,28.0,0.0,17.7877,4.1744,0,3.3673,4.3135,2
IMP00349,569388582.6,117.0,3.0,13.0,0.9525,0.5482,161.0,0.0427,0.0,0.0232,0.0,0.0,0.3617,0.0124,13.0,0.0,20.1601,4.7707,0,2.6391,5.0876,2
IMP00350,0.0,0.0,0.0,0.0,1.0,0.0,0.0,0.0,0.0,0.0,0.0,0.0,0.3946,0.0,0.0,0.0,0.0,0.0,0,0.0,0.0,1
IMP00351,1210553967.39,1196.0,1.0,12.0,0.9765,0.4822,178.4,0.0518,0.2324,0.0518,0.1176,0.0055,0.4015,0.0136,69.0,0.029,20.9143,7.0876,0,4.2485,5.1896,2
IMP00352,16465980.16,9.0,4.0,5.0,1.052,0.535,5.5,0.1111,0.0,0.054,0.0,0.0,0.4366,0.0128,0.0,0.0,16.6168,2.3026,0,0.0,1.8718,2
IMP00353,24029797.72,94.0,6.0,8.0,0.843,0.5777,136.5,0.2021,0.0,0.0379,0.0001,0.0,0.3952,0.2488,32.0,0.5312,16.9948,4.5539,0,3.4965,4.9236,4
IMP00354,9067447.64,29.0,3.0,7.0,0.892,0.5106,210.9,0.069,0.0,0.0259,0.1941,0.0,0.4377,0.0317,1.0,0.0,16.0202,3.4012,0,0.6931,5.3561,2
IMP00355,138322723.44,35.0,2.0,6.0,0.852,0.406,217.0,0.0571,0.0,0.0,0.1249,0.0,0.4558,0.0348,1.0,0.0,18.7451,3.5835,0,0.6931,5.3845,2
IMP00356,1209827.01,7.0,2.0,2.0,0.861,0.4999,75.9,0.0,0.0,0.0,0.0374,0.0,0.3898,0.0435,2.0,0.0,14.006,2.0794,0,1.0986,4.3425,2
IMP00357,154256692.46,296.0,3.0,25.0,1.0245,0.5194,154.9,0.125,0.0,0.0399,0.026,0.0072,0.3944,0.1368,78.0,0.2308,18.8541,5.6937,0,4.3694,5.0492,2
IMP00358,35241013.35,104.0,1.0,9.0,0.865,0.5651,55.8,0.0192,0.0,0.0348,0.0239,0.0,0.3961,0.0401,6.0,0.0,17.3777,4.654,0,1.9459,4.0395,2
IMP00359,80267581.7,10.0,3.0,4.0,0.9045,0.5403,181.1,0.0,0.0,0.0012,0.0,0.0,0.3627,0.0143,4.0,0.0,18.2009,2.3979,0,1.6094,5.2046,2
IMP00360,1916790.9,21.0,1.0,6.0,0.811,0.5076,104.6,0.0476,0.0,0.047,0.0,0.0,0.3782,0.0825,2.0,0.0,14.4662,3.091,0,1.0986,4.6597,2
IMP00361,15966789.66,53.0,3.0,6.0,0.911,0.522,69.0,0.1132,0.0,0.0465,0.0247,0.0,0.3923,0.0255,2.0,0.0,16.586,3.989,0,1.0986,4.2485,2
IMP00362,47074642.49,56.0,3.0,7.0,0.974,0.5826,111.7,0.1429,0.0,0.0227,0.116,0.0,0.391,0.0605,9.0,0.3333,17.6672,4.0431,0,2.3026,4.7247,2
IMP00363,233418420.03,587.0,3.0,66.0,1.0,0.4817,119.7,0.0426,0.0,0.0233,0.0375,0.0,0.3673,0.0192,68.0,0.0,19.2683,6.3767,0,4.2341,4.7933,2
IMP00364,212707962.16,194.0,3.0,18.0,0.9165,0.5196,73.9,0.0773,0.0,0.0247,0.0311,0.0,0.381,0.0354,18.0,0.0,19.1754,5.273,0,2.9444,4.3162,2
IMP00365,0.0,1.0,1.0,1.0,0.885,0.558,122.8,0.0,0.0,0.0,0.0,0.0,0.3683,0.0064,0.0,0.0,0.0,0.6931,0,0.0,4.8187,1
IMP00366,108259201.35,200.0,2.0,22.0,1.0405,0.5925,145.8,0.055,0.0,0.0174,0.1073,0.0131,0.3771,0.0142,18.0,0.0,18.5,5.3033,0,2.9444,4.9891,2
IMP00367,0.0,2.0,1.0,1.0,1.79,0.33,112.1,0.0,0.0,0.0,0.0,0.0,0.4436,0.0076,1.0,0.0,0.0,1.0986,0,0.6931,4.7283,1
IMP00368,0.0,1.0,1.0,1.0,0.978,0.569,103.3,0.0,0.0,0.0,0.0,0.0,0.3318,0.0256,0.0,0.0,0.0,0.6931,0,0.0,4.6473,1
IMP00369,0.0,7.0,2.0,3.0,0.964,0.5109,120.0,0.0,0.0,0.1377,0.3581,0.0,0.3941,0.0148,1.0,0.0,0.0,2.0794,0,0.6931,4.7958,1
IMP00370,874284359.31,188.0,1.0,20.0,0.9535,0.5669,204.6,0.0691,0.0,0.0138,0.0,0.0,0.3901,0.0116,16.0,0.0,20.5889,5.2417,0,2.8332,5.3259,2
IMP00371,76804463.97,70.0,3.0,14.0,0.8855,0.5246,79.7,0.0714,0.0,0.0398,0.1123,0.0,0.4018,0.0794,31.0,0.0968,18.1568,4.2627,0,3.4657,4.3907,2
IMP00372,193232616.6,216.0,5.0,31.0,1.009,0.4915,178.5,0.037,0.0,0.0338,0.0698,0.0,0.3853,0.0174,48.0,0.0208,19.0794,5.3799,0,3.8918,5.1902,2
IMP00373,0.0,1.0,1.0,1.0,1.243,0.565,58.0,0.0,0.0,0.0,0.0,0.0,0.3896,0.0208,1.0,0.0,0.0,0.6931,0,0.6931,4.0775,1
IMP00374,1580748.97,2.0,1.0,1.0,1.001,0.565,157.8,0.0,0.0,0.0,0.0,0.0,0.3475,0.0266,0.0,0.0,14.2734,1.0986,0,0.0,5.0676,2
IMP00375,393508596.86,2347.0,3.0,67.0,1.002,0.5151,137.7,0.0464,0.2301,0.0443,0.0,0.0008,0.3568,0.0151,373.0,0.0161,19.7906,7.7613,0,5.9243,4.9323,2
IMP00376,127320675.47,315.0,4.0,19.0,0.976,0.5066,85.4,0.073,0.0,0.0363,0.0237,0.0,0.3689,0.027,28.0,0.0,18.6622,5.7557,0,3.3673,4.459,2
IMP00377,28883803.34,9.0,1.0,3.0,0.961,0.4808,4.2,0.0,0.0,0.0,0.0583,0.0,0.4444,0.0159,0.0,0.0,17.1788,2.3026,0,0.0,1.6487,2
IMP00378,6641226.85,33.0,1.0,6.0,0.9995,0.4993,147.7,0.0606,0.0,0.0275,0.0003,0.0,0.3507,0.0192,2.0,0.0,15.7088,3.5264,0,1.0986,5.0019,2
IMP00379,8193093.78,19.0,4.0,5.0,1.329,0.4942,31.7,0.0,0.0,0.0495,0.0006,0.0,0.4638,0.023,7.0,0.0,15.9188,2.9957,0,2.0794,3.4874,2
IMP00380,0.0,1.0,1.0,1.0,1.374,0.51,37.7,0.0,0.0,0.0,0.0,0.0,0.4534,0.0353,0.0,0.0,0.0,0.6931,0,0.0,3.6558,1
IMP00381,2433040.41,11.0,1.0,4.0,0.89,0.5032,171.8,0.0,0.0,0.0002,0.0,0.0,0.3619,0.043,1.0,0.0,14.7047,2.4849,0,0.6931,5.1521,2
IMP00382,1664279.96,14.0,3.0,6.0,1.2075,0.5804,33.9,0.1429,0.0,0.0476,0.0,0.0,0.4273,0.0473,6.0,0.0,14.3249,2.7081,0,1.9459,3.5525,2
IMP00383,260599759.6,349.0,5.0,30.0,0.95,0.5161,206.7,0.0688,0.0,0.0252,0.0919,0.006,0.409,0.0265,22.0,0.0455,19.3785,5.8579,0,3.1355,5.3361,2
IMP00384,195792597.39,321.0,1.0,18.0,1.105,0.5648,73.1,0.0467,0.0,0.0309,0.0772,0.0203,0.4345,0.0234,27.0,0.0,19.0926,5.7746,0,3.3322,4.3054,2
IMP00385,0.0,2.0,1.0,1.0,0.815,0.51,81.4,0.0,0.0,0.0,0.0,0.0,0.3794,0.1106,1.0,0.0,0.0,1.0986,0,0.6931,4.4116,1
IMP00386,23735188.87,48.0,5.0,10.0,0.7895,0.4975,182.6,0.125,0.0,0.0654,0.054,0.0,0.4022,0.0695,6.0,0.1667,16.9825,3.8918,0,1.9459,5.2128,2
IMP00387,30553344.93,44.0,2.0,8.0,1.0055,0.539,134.6,0.0227,0.0,0.0554,0.2143,0.0,0.4088,0.0237,11.0,0.0,17.235,3.8067,0,2.4849,4.9097,2
IMP00388,0.0,0.0,0.0,0.0,1.0,0.0,0.0,0.0,0.0,0.0,0.0,0.0,0.3946,0.0,0.0,0.0,0.0,0.0,0,0.0,0.0,1
IMP00389,18373267.82,71.0,4.0,9.0,1.0285,0.566,81.8,0.0845,0.0,0.0386,0.0,0.0,0.3999,0.0755,6.0,0.0,16.7264,4.2767,0,1.9459,4.4164,2
IMP00390,230198885.53,317.0,3.0,25.0,1.025,0.4908,153.9,0.0379,0.0,0.0231,0.1288,0.0,0.3949,0.0391,18.0,0.0,19.2545,5.7621,0,2.9444,5.0428,2
IMP00391,90272743.87,285.0,5.0,31.0,0.81,0.5191,67.9,0.1158,0.0,0.0353,0.0409,0.0066,0.4099,0.184,56.0,0.3036,18.3183,5.656,0,4.0431,4.2327,4
IMP00392,25595931.25,22.0,3.0,6.0,0.9575,0.4936,18.6,0.0455,0.0,0.0427,0.0477,0.0,0.4456,0.0323,3.0,0.0,17.0579,3.1355,0,1.3863,2.9755,2
IMP00393,662620.26,2.0,1.0,1.0,1.23,0.571,112.0,0.0,0.0,0.2395,0.0,0.0,0.4156,0.0282,0.0,0.0,13.404,1.0986,0,0.0,4.7274,2
IMP00394,171786.78,3.0,2.0,2.0,1.077,0.561,77.7,0.0,0.0,0.1713,0.0,0.0,0.4267,0.0289,0.0,0.0,12.054,1.3863,0,0.0,4.3656,2
IMP00395,80064694.02,133.0,1.0,22.0,0.949,0.4998,187.5,0.0602,0.0,0.008,0.0,0.0,0.3837,0.0258,15.0,0.0,18.1983,4.8978,0,2.7726,5.2391,2
IMP00396,289680095.43,195.0,4.0,26.0,1.057,0.4492,172.4,0.0308,0.0,0.0309,0.0128,0.0,0.378,0.0143,18.0,0.0,19.4843,5.2781,0,2.9444,5.1556,2
IMP00397,160381991.28,490.0,2.0,30.0,1.005,0.5381,153.6,0.049,0.0,0.0257,0.0158,0.0,0.3613,0.0175,37.0,0.027,18.8931,6.1964,0,3.6376,5.0408,2
IMP00398,58211539.97,45.0,2.0,8.0,1.1,0.5396,67.0,0.0667,0.0,0.0506,0.0291,0.0,0.413,0.0353,4.0,0.25,17.8796,3.8286,0,1.6094,4.2195,2
IMP00399,0.0,0.0,0.0,0.0,1.0,0.0,0.0,0.0,0.0,0.0,0.0,0.0,0.3946,0.0,0.0,0.0,0.0,0.0,1,0.0,0.0,3
IMP00400,0.0,0.0,0.0,0.0,1.0,0.0,0.0,0.0,0.0,0.0,0.0,0.0,0.3946,0.0,0.0,0.0,0.0,0.0,0,0.0,0.0,1
IMP00401,857898734.79,253.0,3.0,20.0,1.028,0.5196,73.2,0.0632,0.0,0.0402,0.0052,0.0,0.395,0.0261,21.0,0.1429,20.57,5.5373,0,3.091,4.3068,2
IMP00402,410013509.0,88.0,2.0,14.0,1.1985,0.5125,117.3,0.0,0.0,0.0462,0.0014,0.0,0.3808,0.038,9.0,0.0,19.8317,4.4886,0,2.3026,4.7732,2
IMP00403,1738019.19,6.0,3.0,4.0,1.1375,0.563,157.9,0.0,0.0,0.0,0.0,0.0,0.3578,0.0153,1.0,0.0,14.3683,1.9459,0,0.6931,5.0683,2
IMP00404,447401887.83,904.0,3.0,31.0,0.965,0.4502,64.5,0.0586,0.2257,0.0671,0.0,0.0051,0.3943,0.0284,124.0,0.0323,19.919,6.8079,0,4.8283,4.1821,2
IMP00405,151580.69,6.0,1.0,1.0,1.76,0.494,166.6,0.0,0.0,0.0,0.0,0.0,0.4163,0.0414,1.0,0.0,11.9289,1.9459,1,0.6931,5.1216,3
IMP00406,60073759.02,78.0,2.0,16.0,1.009,0.4089,179.5,0.0513,0.0,0.0532,0.1527,0.0,0.3961,0.0268,21.0,0.0,17.9111,4.3694,0,3.091,5.1957,2
IMP00407,148775103.29,44.0,2.0,9.0,0.958,0.5214,18.2,0.0455,0.0,0.0,0.0603,0.0,0.4299,0.0158,2.0,0.0,18.8179,3.8067,0,1.0986,2.9549,2
IMP00408,167864782.94,217.0,4.0,25.0,0.9775,0.4739,211.8,0.0737,0.0,0.0256,0.0344,0.0007,0.4073,0.0261,36.0,0.0,18.9387,5.3845,0,3.6109,5.3604,2
IMP00409,390612945.37,262.0,2.0,18.0,1.0065,0.5651,142.2,0.0649,0.0,0.0159,0.0191,0.0374,0.4013,0.0156,19.0,0.0,19.7832,5.5722,0,2.9957,4.9642,2
IMP00410,406139100.78,427.0,2.0,25.0,0.882,0.5217,109.6,0.0609,0.0,0.0563,0.0977,0.0378,0.4291,0.0306,35.0,0.0,19.8222,6.0591,0,3.5835,4.7059,2
IMP00411,27084205.74,31.0,3.0,8.0,0.971,0.5231,221.6,0.0645,0.0,0.0466,0.0,0.0,0.4062,0.0479,3.0,0.0,17.1145,3.4657,0,1.3863,5.4054,2
IMP00412,8171708.97,12.0,3.0,8.0,0.99,0.4734,150.1,0.1667,0.0,0.0,0.0,0.0,0.3467,0.0101,2.0,0.0,15.9162,2.5649,0,1.0986,5.0179,2
IMP00413,131470180.94,413.0,5.0,45.0,1.012,0.5205,86.7,0.0702,0.0,0.0877,0.0511,0.0,0.3818,0.0159,26.0,0.0,18.6943,6.0259,0,3.2958,4.4739,2
IMP00414,0.0,0.0,0.0,0.0,1.0,0.0,0.0,0.0,0.0,0.0,0.0,0.0,0.3946,0.0,0.0,0.0,0.0,0.0,0,0.0,0.0,1
IMP00415,669640.08,8.0,1.0,2.0,1.316,0.519,101.1,0.125,0.0,0.0,0.0,0.0,0.4085,0.0226,1.0,0.0,13.4145,2.1972,0,0.6931,4.626,2
IMP00416,0.0,1.0,1.0,1.0,1.557,0.526,50.9,0.0,0.0,0.0,0.0,0.0,0.4431,0.0273,0.0,0.0,0.0,0.6931,0,0.0,3.9493,1
IMP00417,759225779.82,211.0,3.0,20.0,1.129,0.51,71.3,0.0332,0.0,0.0273,0.1113,0.0,0.4347,0.0323,18.0,0.0,20.4478,5.3566,0,2.9444,4.2808,2
IMP00418,3471594.08,11.0,3.0,4.0,0.987,0.563,48.6,0.0,0.0,0.0,0.0003,0.0,0.394,0.0476,4.0,0.0,15.0601,2.4849,0,1.6094,3.904,2
IMP00419,0.0,0.0,0.0,0.0,1.0,0.0,0.0,0.0,0.0,0.0,0.0,0.0,0.3946,0.0,0.0,0.0,0.0,0.0,1,0.0,0.0,3
IMP00420,51834157.49,28.0,3.0,4.0,1.2475,0.5321,172.7,0.0357,0.0,0.0988,0.0071,0.0,0.4162,0.0133,4.0,0.0,17.7636,3.3673,0,1.6094,5.1573,2
IMP00421,5374907711.3,727.0,4.0,72.0,0.95,0.491,216.9,0.0495,0.2393,0.0427,0.0,0.0014,0.4014,0.0101,128.0,0.0,22.405,6.5903,0,4.8598,5.384,2
IMP00422,0.0,3.0,1.0,2.0,1.309,0.5177,149.1,0.0,0.0,0.0,0.0007,0.0,0.3769,0.0825,1.0,0.0,0.0,1.3863,0,0.6931,5.0113,1
IMP00423,47958038.06,199.0,4.0,19.0,1.133,0.495,197.5,0.0352,0.0,0.0312,0.0,0.0,0.4046,0.0373,32.0,0.0312,17.6858,5.2983,0,3.4965,5.2908,2
IMP00424,96271444.75,74.0,3.0,12.0,1.0185,0.6273,218.9,0.0541,0.0,0.0196,0.1275,0.0,0.4463,0.0363,10.0,0.0,18.3827,4.3175,0,2.3979,5.3932,2
IMP00425,1366348.56,6.0,2.0,2.0,1.3945,0.512,66.6,0.1667,0.0,0.0,0.0437,0.0,0.4452,0.0578,1.0,0.0,14.1277,1.9459,0,0.6931,4.2136,2
IMP00426,52171766.97,55.0,4.0,14.0,1.008,0.6174,130.7,0.0364,0.0,0.0265,0.1361,0.0,0.3712,0.0128,3.0,0.0,17.7701,4.0254,0,1.3863,4.8805,2
IMP00427,558471510.3,1890.0,2.0,48.0,1.007,0.4792,156.5,0.0413,0.237,0.045,0.0,0.0004,0.3893,0.0092,240.0,0.0,20.1407,7.5449,0,5.4848,5.0594,2
IMP00428,30931587.91,12.0,3.0,4.0,0.9705,0.521,144.9,0.0,0.0,0.0779,0.0018,0.0,0.4068,0.039,0.0,0.0,17.2473,2.5649,0,0.0,4.9829,2
IMP00429,3305218.29,27.0,6.0,10.0,0.837,0.5073,123.4,0.0,0.0,0.0,0.0001,0.0,0.3636,0.0286,6.0,0.0,15.011,3.3322,0,1.9459,4.8235,2
IMP00430,16952111.95,32.0,3.0,7.0,1.1875,0.5074,100.7,0.0625,0.0,0.0154,0.0,0.0,0.3714,0.0199,4.0,0.0,16.6459,3.4965,0,1.6094,4.622,2
IMP00431,956957.44,4.0,2.0,3.0,1.217,0.558,132.3,0.0,0.0,0.0,0.0,0.0,0.3912,0.0222,0.0,0.0,13.7715,1.6094,0,0.0,4.8926,2
IMP00432,803140998.94,205.0,4.0,26.0,0.992,0.5303,7.0,0.0488,0.0,0.027,0.17,0.0103,0.49,0.071,0.0,0.0,20.504,5.3279,0,0.0,2.0794,2
IMP00433,1192966628.32,1963.0,3.0,65.0,1.002,0.4918,180.2,0.0469,0.2226,0.0419,0.0,0.0,0.3643,0.0077,166.0,0.0,20.8997,7.5827,0,5.118,5.1996,2
IMP00434,967892245.67,205.0,1.0,19.0,0.904,0.4911,80.0,0.0537,0.0,0.026,0.0,0.0,0.3712,0.0091,52.0,0.0,20.6906,5.3279,0,3.9703,4.3944,2
IMP00435,36049080.5,171.0,2.0,13.0,1.0065,0.5165,121.2,0.0292,0.0,0.0409,0.0001,0.0,0.3616,0.0146,16.0,0.0,17.4004,5.1475,0,2.8332,4.8057,2
IMP00436,5463664.7,24.0,3.0,6.0,0.972,0.537,163.6,0.0417,0.0,0.0515,0.0,0.0,0.3756,0.0332,2.0,0.0,15.5136,3.2189,0,1.0986,5.1035,2
IMP00437,414608.28,3.0,2.0,3.0,0.784,0.519,46.9,0.0,0.0,0.0,0.0,0.0,0.4147,0.0465,0.0,0.0,12.9351,1.3863,0,0.0,3.8691,2
IMP00438,36259610.84,31.0,1.0,6.0,1.175,0.539,219.0,0.0968,0.0,0.0029,0.0423,0.0,0.4342,0.0288,1.0,0.0,17.4062,3.4657,0,0.6931,5.3936,2
IMP00439,8571396.71,11.0,1.0,3.0,0.797,0.519,144.9,0.0,0.0,0.0435,0.0,0.0,0.3701,0.0196,3.0,0.0,15.9639,2.4849,0,1.3863,4.9829,2
IMP00440,157789410.97,7.0,1.0,3.0,0.981,0.565,103.6,0.0,0.0,0.1411,0.0,0.0,0.3767,0.0284,1.0,0.0,18.8768,2.0794,0,0.6931,4.6501,2
IMP00441,29195609.31,30.0,3.0,5.0,1.2625,0.5644,97.2,0.0,0.0,0.0523,0.1699,0.0,0.4006,0.0282,4.0,0.0,17.1895,3.434,0,1.6094,4.587,2
IMP00442,400207752.28,104.0,4.0,16.0,0.929,0.5397,185.3,0.0288,0.0,0.0315,0.0252,0.0,0.3924,0.025,19.0,0.0,19.8075,4.654,0,2.9957,5.2274,2
IMP00443,4029119.0,6.0,1.0,1.0,0.984,0.51,151.8,0.0,0.0,0.0,0.0,0.0,0.3626,0.0195,0.0,0.0,15.2091,1.9459,0,0.0,5.0291,2
IMP00444,0.0,0.0,0.0,0.0,1.0,0.0,0.0,0.0,0.0,0.0,0.0,0.0,0.3946,0.0,0.0,0.0,0.0,0.0,1,0.0,0.0,3
IMP00445,55933245.56,159.0,4.0,19.0,1.059,0.5582,76.5,0.0126,0.0,0.0091,0.0352,0.0,0.3769,0.0211,15.0,0.0,17.8397,5.0752,0,2.7726,4.3503,2
IMP00446,16507064.24,10.0,2.0,2.0,0.85,0.565,152.4,0.1,0.0,0.0,0.0,0.0,0.344,0.0167,0.0,0.0,16.6193,2.3979,0,0.0,5.033,2
IMP00447,274023968.36,149.0,2.0,14.0,0.954,0.4642,101.2,0.0403,0.0,0.0211,0.1372,0.0184,0.4179,0.0146,6.0,0.0,19.4287,5.0106,0,1.9459,4.6269,2
IMP00448,9122462121.12,409.0,3.0,20.0,0.955,0.5253,174.7,0.0465,0.0,0.0546,0.0,0.0,0.3804,0.0149,31.0,0.0,22.934,6.0162,0,3.4657,5.1688,2
IMP00449,1811421.23,8.0,2.0,3.0,0.872,0.446,81.2,0.25,0.0,0.0,0.0,0.0,0.3583,0.0912,2.0,0.5,14.4096,2.1972,1,1.0986,4.4092,3
IMP00450,110128203.33,117.0,2.0,19.0,0.895,0.396,201.7,0.0171,0.0,0.0354,0.0045,0.0,0.3827,0.0087,19.0,0.0,18.5172,4.7707,0,2.9957,5.3117,2
IMP00451,166828605.72,89.0,2.0,19.0,1.018,0.5046,149.9,0.0449,0.0,0.0501,0.3553,0.0064,0.4066,0.0181,16.0,0.0,18.9325,4.4998,0,2.8332,5.0166,2
IMP00452,44212893.03,54.0,3.0,6.0,1.0135,0.5288,178.9,0.0741,0.0,0.0171,0.0703,0.0,0.3819,0.0215,7.0,0.0,17.6045,4.0073,0,2.0794,5.1924,2
IMP00453,53210106.21,229.0,5.0,23.0,0.871,0.471,107.6,0.2576,0.0,0.0597,0.0224,0.0,0.4191,0.2818,82.0,0.6098,17.7898,5.4381,0,4.4188,4.6877,4
IMP00454,149614028.14,179.0,1.0,17.0,0.911,0.5277,88.0,0.0503,0.0,0.0474,0.0914,0.0172,0.4057,0.0301,17.0,0.0588,18.8236,5.193,0,2.8904,4.4886,2
IMP00455,10788085.71,49.0,2.0,8.0,1.018,0.5107,90.1,0.0612,0.0,0.0293,0.0053,0.0,0.3789,0.0281,6.0,0.0,16.194,3.912,0,1.9459,4.512,2
IMP00456,4207645.03,3.0,2.0,2.0,1.283,0.565,173.4,0.0,0.0,0.2917,0.0003,0.0,0.43,0.0164,0.0,0.0,15.2524,1.3863,0,0.0,5.1614,2
IMP00457,53980602.66,188.0,2.0,9.0,0.9875,0.4957,149.6,0.0638,0.0,0.0318,0.0508,0.0,0.3669,0.0298,25.0,0.04,17.8041,5.2417,0,3.2581,5.0146,2
IMP00458,0.0,2.0,1.0,2.0,1.1925,0.521,195.4,0.0,0.0,0.0,0.0,0.0,0.4182,0.02,0.0,0.0,0.0,1.0986,0,0.0,5.2802,1
IMP00459,137334079.67,116.0,1.0,12.0,1.0575,0.5551,83.3,0.0517,0.0,0.0157,0.1309,0.0151,0.4039,0.029,23.0,0.0,18.7379,4.7622,0,3.1781,4.4344,2
IMP00460,367713731.98,704.0,2.0,27.0,0.9845,0.4644,117.1,0.0384,0.0,0.0208,0.0718,0.0013,0.3598,0.0141,107.0,0.0093,19.7228,6.5582,0,4.6821,4.7715,2
IMP00461,31970606.96,12.0,1.0,1.0,0.8655,0.526,28.6,0.0833,0.0,0.0,0.0,0.0,0.4044,0.0354,6.0,0.0,17.2803,2.5649,0,1.9459,3.3878,2
IMP00462,10292161.65,22.0,1.0,2.0,1.0775,0.5396,217.4,0.0,0.0,0.0345,0.0,0.0,0.4036,0.0455,2.0,0.0,16.1469,3.1355,0,1.0986,5.3863,2
IMP00463,12125329.32,66.0,1.0,6.0,1.146,0.4817,87.2,0.0,0.0,0.0254,0.0,0.0,0.3957,0.0238,4.0,0.0,16.3108,4.2047,0,1.6094,4.4796,2
IMP00464,133539709.83,189.0,2.0,23.0,1.043,0.5645,179.1,0.0529,0.0,0.0806,0.1294,0.0,0.4141,0.0374,17.0,0.0,18.7099,5.247,0,2.8904,5.1935,2
IMP00465,20355460.86,29.0,3.0,6.0,0.773,0.576,63.4,0.069,0.0,0.0568,0.0277,0.0,0.4244,0.0343,4.0,0.0,16.8289,3.4012,0,1.6094,4.1651,2
IMP00466,27355114.52,20.0,1.0,1.0,0.871,0.478,54.8,0.1,0.0,0.0302,0.0007,0.0,0.4044,0.0353,2.0,0.0,17.1244,3.0445,0,1.0986,4.0218,2
IMP00467,70807942.82,202.0,1.0,21.0,1.013,0.4974,99.6,0.0347,0.0,0.0521,0.0615,0.0,0.3685,0.0195,22.0,0.0,18.0755,5.3132,0,3.1355,4.6112,2
IMP00468,2167741.37,6.0,3.0,4.0,1.28,0.51,20.2,0.0,0.0,0.1345,0.0,0.0,0.4672,0.062,3.0,0.0,14.5892,1.9459,0,1.3863,3.054,2
IMP00469,109540638.99,91.0,2.0,10.0,1.032,0.5253,77.5,0.022,0.0,0.0435,0.0318,0.0,0.3711,0.0123,6.0,0.0,18.5118,4.5218,0,1.9459,4.3631,2
IMP00470,38142238.43,25.0,2.0,6.0,0.998,0.496,32.0,0.0,0.0,0.0,0.0127,0.0,0.4124,0.0142,11.0,0.0,17.4568,3.2581,0,2.4849,3.4965,2
IMP00471,54185676.02,277.0,2.0,21.0,0.944,0.521,106.5,0.0686,0.0,0.0437,0.0452,0.0,0.3715,0.0169,74.0,0.0135,17.8079,5.6276,0,4.3175,4.6775,2
IMP00472,16334439.24,32.0,4.0,11.0,1.281,0.4719,150.7,0.0,0.0,0.0,0.1022,0.0,0.4147,0.0549,2.0,0.0,16.6088,3.4965,0,1.0986,5.0219,2
IMP00473,3677969.22,18.0,4.0,6.0,0.895,0.495,211.2,0.3889,0.0,0.0016,0.0,0.0,0.4136,0.3779,8.0,0.875,15.1179,2.9444,0,2.1972,5.3575,4
IMP00474,123594390.89,266.0,3.0,24.0,1.118,0.5081,111.2,0.0564,0.0,0.0518,0.028,0.0,0.3777,0.0168,44.0,0.0,18.6325,5.5872,0,3.8067,4.7203,2
IMP00475,374556.76,5.0,2.0,3.0,0.977,0.5,212.3,0.2,0.0,0.0,0.0,0.0,0.4181,0.0496,0.0,0.0,12.8335,1.7918,0,0.0,5.3627,2
IMP00476,756340.81,6.0,1.0,2.0,1.285,0.495,177.8,0.0,0.0,0.146,0.0,0.0,0.4044,0.0171,0.0,0.0,13.5362,1.9459,0,0.0,5.1863,2
IMP00477,41614439.29,96.0,3.0,10.0,0.8595,0.4613,69.4,0.0312,0.0,0.025,0.011,0.0,0.3898,0.0243,13.0,0.0,17.544,4.5747,0,2.6391,4.2542,2
IMP00478,10087007.26,39.0,5.0,6.0,0.779,0.5843,158.6,0.2564,0.0,0.0134,0.0637,0.0,0.4003,0.2741,12.0,0.5,16.1268,3.6889,0,2.5649,5.0727,4
IMP00479,131847294.86,108.0,3.0,19.0,1.3,0.5017,169.7,0.0833,0.0,0.0406,0.1611,0.0,0.4045,0.0321,13.0,0.0769,18.6972,4.6913,0,2.6391,5.1399,2
IMP00480,10431247.19,49.0,2.0,4.0,1.056,0.5424,90.5,0.102,0.0,0.0103,0.1949,0.0,0.4053,0.0486,4.0,0.0,16.1603,3.912,0,1.6094,4.5163,2
IMP00481,2933219713.37,1380.0,1.0,28.0,1.006,0.5915,107.4,0.0514,0.2486,0.0618,0.0784,0.0,0.3853,0.0089,126.0,0.0,21.7994,7.2306,0,4.8442,4.6858,2
IMP00482,4596406.18,2.0,1.0,1.0,1.3065,0.51,62.4,0.5,0.0,0.0,0.0,0.0,0.4304,0.1229,1.0,1.0,15.3408,1.0986,0,0.6931,4.1495,4
IMP00483,2659762.83,2.0,2.0,2.0,1.0715,0.48,214.8,0.0,0.0,0.211,0.0765,0.0,0.4544,0.0174,0.0,0.0,14.7937,1.0986,0,0.0,5.3744,2
IMP00484,660502.6,2.0,1.0,1.0,1.018,0.545,23.1,0.0,0.0,0.0,0.0,0.0,0.4446,0.0332,1.0,0.0,13.4008,1.0986,0,0.6931,3.1822,2
IMP00485,21471425.6,51.0,1.0,7.0,0.953,0.4926,209.4,0.0392,0.0,0.0198,0.0308,0.0,0.4011,0.0219,3.0,0.0,16.8822,3.9512,0,1.3863,5.349,2
IMP00486,54955582.95,191.0,2.0,13.0,1.025,0.5708,162.9,0.0785,0.0,0.0618,0.0133,0.0108,0.3896,0.022,13.0,0.0,17.822,5.2575,0,2.6391,5.0993,2
IMP00487,14035577.42,46.0,1.0,6.0,0.9565,0.565,211.3,0.0435,0.0,0.0328,0.0146,0.0,0.3865,0.058,7.0,0.1429,16.4571,3.8501,0,2.0794,5.358,2
IMP00488,0.0,4.0,3.0,3.0,1.044,0.519,60.5,0.0,0.0,0.0,0.0008,0.0,0.3731,0.019,0.0,0.0,0.0,1.6094,0,0.0,4.119,1
IMP00489,129587389.51,24.0,2.0,7.0,1.369,0.5632,50.3,0.0417,0.0,0.0606,0.1072,0.0,0.4363,0.0252,0.0,0.0,18.6799,3.2189,0,0.0,3.9377,2
IMP00490,1209534196.99,716.0,4.0,57.0,0.967,0.5805,210.2,0.0768,0.2444,0.0306,0.1921,0.0144,0.4627,0.0487,89.0,0.0787,20.9135,6.5751,0,4.4998,5.3528,2
IMP00491,2707723.07,3.0,1.0,1.0,1.256,0.506,55.1,0.0,0.0,0.0,0.0,0.0,0.4031,0.0909,1.0,0.0,14.8116,1.3863,1,0.6931,4.0271,3
IMP00492,45814709.35,80.0,3.0,15.0,0.955,0.5408,49.1,0.025,0.0,0.0284,0.0442,0.0,0.4081,0.0223,9.0,0.0,17.6401,4.3944,0,2.3026,3.914,2
IMP00493,1986687.71,7.0,2.0,4.0,0.661,0.4939,100.5,0.1429,0.0,0.0,0.0,0.0,0.388,0.2612,1.0,1.0,14.502,2.0794,0,0.6931,4.6201,4
IMP00494,263328029.94,254.0,1.0,19.0,1.008,0.5156,111.6,0.0669,0.0,0.0339,0.1074,0.0007,0.373,0.014,17.0,0.0,19.3889,5.5413,0,2.8904,4.7238,2
IMP00495,218948633.15,232.0,3.0,15.0,1.005,0.5336,65.1,0.0388,0.0,0.0336,0.1248,0.0262,0.4393,0.0251,41.0,0.0,19.2043,5.451,0,3.7377,4.1912,2
IMP00496,3677249.85,6.0,1.0,3.0,1.261,0.51,158.0,0.3333,0.0,0.0085,0.0003,0.0,0.3922,0.0202,0.0,0.0,15.1177,1.9459,0,0.0,5.0689,2
IMP00497,2680897.16,5.0,2.0,2.0,1.146,0.461,169.9,0.0,0.0,0.145,0.0,0.0,0.473,0.1074,2.0,0.0,14.8017,1.7918,0,1.0986,5.1411,2
IMP00498,0.0,0.0,0.0,0.0,1.0,0.0,0.0,0.0,0.0,0.0,0.0,0.0,0.3946,0.0,0.0,0.0,0.0,0.0,0,0.0,0.0,1
IMP00499,42059067.24,87.0,1.0,6.0,1.035,0.4078,216.1,0.069,0.0,0.0123,0.1428,0.0,0.4122,0.0269,3.0,0.0,17.5546,4.4773,0,1.3863,5.3804,2
IMP00500,64524716.48,81.0,5.0,16.0,1.088,0.4813,100.5,0.0864,0.0,0.0173,0.0642,0.0,0.3797,0.0199,7.0,0.0,17.9826,4.4067,0,2.0794,4.6201,2
IMP00501,15740981.07,48.0,6.0,11.0,1.292,0.4836,174.4,0.0417,0.0,0.0,0.0819,0.0,0.4265,0.0474,4.0,0.0,16.5718,3.8918,0,1.6094,5.1671,2
IMP00502,5440216.05,6.0,1.0,2.0,0.9705,0.567,11.6,0.0,0.0,0.0,0.0002,0.0,0.4003,0.0106,0.0,0.0,15.5093,1.9459,0,0.0,2.5337,2
IMP00503,360291092.27,369.0,3.0,26.0,1.065,0.53,85.2,0.0379,0.0,0.0467,0.0497,0.026,0.4284,0.0213,24.0,0.0,19.7024,5.9135,0,3.2189,4.4567,2
IMP00504,15603684.7,20.0,2.0,2.0,1.401,0.5356,209.2,0.1,0.0,0.0816,0.0,0.0,0.4635,0.0819,2.0,0.0,16.563,3.0445,0,1.0986,5.3481,2
IMP00505,3410601.73,10.0,2.0,3.0,1.365,0.51,54.1,0.1,0.0,0.0871,0.0,0.0,0.4302,0.058,3.0,0.0,15.0424,2.3979,0,1.3863,4.0091,2
IMP00506,44000691.21,92.0,3.0,13.0,0.912,0.5,82.0,0.0435,0.0,0.0207,0.0341,0.0,0.4204,0.0776,16.0,0.0625,17.5997,4.5326,1,2.8332,4.4188,3
IMP00507,133824417.76,442.0,3.0,34.0,0.988,0.4971,139.2,0.0452,0.0,0.0191,0.0169,0.0168,0.3765,0.0128,29.0,0.0,18.712,6.0936,0,3.4012,4.9431,2
IMP00508,7682873.66,33.0,2.0,3.0,0.922,0.4821,20.1,0.0,0.0,0.0427,0.0,0.0,0.4271,0.0329,8.0,0.0,15.8545,3.5264,0,2.1972,3.0493,2
IMP00509,418577160.21,579.0,3.0,37.0,1.269,0.4068,129.5,0.0553,0.0,0.0345,0.0258,0.0074,0.4,0.0317,43.0,0.0,19.8524,6.363,0,3.7842,4.8714,2
IMP00510,33150358.56,61.0,2.0,10.0,0.924,0.5949,145.0,0.0984,0.0,0.0,0.0043,0.0,0.3545,0.0252,14.0,0.0,17.3166,4.1271,0,2.7081,4.9836,2
IMP00511,3517317.5,18.0,3.0,6.0,1.1025,0.585,193.7,0.0,0.0,0.0,0.0,0.0,0.4006,0.0323,2.0,0.0,15.0732,2.9444,0,1.0986,5.2715,2
IMP00512,143121811.98,164.0,2.0,12.0,0.985,0.5031,215.8,0.1037,0.0,0.0632,0.1278,0.0316,0.4615,0.0577,56.0,0.125,18.7792,5.1059,0,4.0431,5.379,2
IMP00513,33026743.47,128.0,3.0,21.0,1.229,0.4413,217.3,0.0781,0.0,0.033,0.0,0.0,0.428,0.0381,3.0,0.0,17.3128,4.8598,0,1.3863,5.3859,2
IMP00514,0.0,0.0,0.0,0.0,1.0,0.0,0.0,0.0,0.0,0.0,0.0,0.0,0.3946,0.0,0.0,0.0,0.0,0.0,1,0.0,0.0,3
IMP00515,693053.73,1.0,1.0,1.0,0.913,0.487,128.3,0.0,0.0,0.0,0.0,0.0,0.3415,0.0135,0.0,0.0,13.4489,0.6931,0,0.0,4.8621,2
IMP00516,13516813.43,13.0,1.0,3.0,0.93,0.4886,121.0,0.0,0.0,0.0,0.0605,0.0,0.3569,0.0131,1.0,0.0,16.4194,2.6391,0,0.6931,4.804,2
IMP00517,24131841.32,86.0,3.0,12.0,1.1105,0.5208,200.8,0.0233,0.0,0.0836,0.0418,0.0,0.4079,0.0242,8.0,0.0,16.999,4.4659,0,2.1972,5.3073,2
IMP00518,141354612.04,463.0,4.0,42.0,1.0,0.5066,214.0,0.054,0.0,0.0229,0.0262,0.0034,0.4015,0.0436,30.0,0.0667,18.7668,6.1399,0,3.434,5.3706,2
IMP00519,2049782491.99,195.0,4.0,24.0,0.901,0.4897,103.5,0.1026,0.0,0.024,0.0067,0.0,0.3706,0.0325,44.0,0.0909,21.441,5.2781,0,3.8067,4.6492,2
IMP00520,16238267.76,85.0,2.0,12.0,0.873,0.6185,196.6,0.0471,0.0,0.0221,0.0294,0.0,0.377,0.0539,5.0,0.0,16.6029,4.4543,0,1.7918,5.2862,2
IMP00521,3751755.33,2.0,1.0,1.0,1.0635,0.519,190.4,0.0,0.0,0.0,0.0,0.0,0.3648,0.0225,0.0,0.0,15.1377,1.0986,0,0.0,5.2544,2
IMP00522,25544101.81,58.0,2.0,12.0,0.965,0.5531,140.0,0.0517,0.0,0.0,0.0138,0.0,0.36,0.0195,15.0,0.0,17.0559,4.0775,0,2.7726,4.9488,2
IMP00523,144309341.37,74.0,4.0,11.0,1.0995,0.49,135.2,0.0135,0.0,0.0263,0.2146,0.0,0.4099,0.0139,6.0,0.0,18.7875,4.3175,0,1.9459,4.9141,2
IMP00524,2082690.64,3.0,2.0,3.0,1.428,0.479,115.1,0.0,0.0,0.0,0.0,0.0,0.3874,0.0501,0.0,0.0,14.5492,1.3863,0,0.0,4.7545,2
IMP00525,163524802.09,31.0,1.0,9.0,1.183,0.4954,111.5,0.0645,0.0,0.0317,0.0,0.0,0.381,0.0147,4.0,0.0,18.9125,3.4657,0,1.6094,4.723,2
IMP00526,0.0,0.0,0.0,0.0,1.0,0.0,0.0,0.0,0.0,0.0,0.0,0.0,0.3946,0.0,0.0,0.0,0.0,0.0,0,0.0,0.0,1
IMP00527,315972.12,3.0,1.0,1.0,1.1405,0.567,98.1,0.3333,0.0,0.0,0.0,0.0,0.389,0.0562,0.0,0.0,12.6634,1.3863,0,0.0,4.5961,2
IMP00528,618241134.75,511.0,2.0,47.0,0.909,0.5092,185.6,0.0431,0.0,0.032,0.1253,0.0185,0.4285,0.0244,84.0,0.0,20.2424,6.2383,0,4.4427,5.229,2
IMP00529,34771556.03,18.0,2.0,6.0,0.9915,0.5236,201.9,0.0,0.0,0.0513,0.1022,0.0,0.4489,0.0247,2.0,0.0,17.3643,2.9444,0,1.0986,5.3127,2
IMP00530,2295778.72,7.0,2.0,4.0,0.762,0.4896,209.7,0.0,0.0,0.0887,0.0014,0.0,0.44,0.0769,0.0,0.0,14.6466,2.0794,0,0.0,5.3504,2
IMP00531,75290931.71,106.0,5.0,20.0,0.9605,0.582,126.5,0.0472,0.0,0.0252,0.0284,0.015,0.3807,0.0149,15.0,0.0,18.1369,4.6728,0,2.7726,4.8481,2
IMP00532,1251779.48,2.0,2.0,2.0,0.745,0.495,140.2,0.0,0.0,0.0,0.0005,0.0,0.3659,0.0236,0.0,0.0,14.0401,1.0986,1,0.0,4.9502,3
IMP00533,200170166.07,204.0,1.0,25.0,0.995,0.4557,167.7,0.0196,0.0,0.0167,0.0585,0.0,0.3742,0.0289,15.0,0.0,19.1147,5.323,0,2.7726,5.1281,2
IMP00534,268242548.17,210.0,3.0,26.0,1.002,0.5082,215.1,0.0571,0.0,0.0217,0.1672,0.018,0.4594,0.0276,19.0,0.0526,19.4074,5.3519,0,2.9957,5.3757,2
IMP00535,29578709.99,85.0,2.0,15.0,1.03,0.5644,174.3,0.0941,0.0,0.0165,0.0,0.0,0.37,0.053,10.0,0.1,17.2026,4.4543,0,2.3979,5.1665,2
IMP00536,607157897.82,1050.0,4.0,52.0,0.99,0.5374,105.6,0.04,0.2248,0.0378,0.0122,0.0078,0.3781,0.0212,86.0,0.0,20.2243,6.9575,0,4.4659,4.6691,2
IMP00537,177110325.0,72.0,2.0,7.0,0.997,0.5391,15.9,0.0278,0.0,0.0578,0.1901,0.0056,0.456,0.0487,0.0,0.0,18.9923,4.2905,0,0.0,2.8273,2
IMP00538,35195678.27,61.0,4.0,10.0,1.043,0.5493,222.1,0.0656,0.0,0.1296,0.1,0.0,0.445,0.0406,19.0,0.0,17.3764,4.1271,0,2.9957,5.4076,2
IMP00539,740843.85,5.0,2.0,2.0,0.707,0.4582,172.1,0.2,0.0,0.1938,0.0,0.0,0.4138,0.0179,0.0,0.0,13.5155,1.7918,0,0.0,5.1539,2
IMP00540,23886404.36,43.0,3.0,8.0,0.9755,0.566,154.0,0.0465,0.0,0.0243,0.0,0.0,0.3907,0.0379,3.0,0.0,16.9888,3.7842,0,1.3863,5.0434,2
IMP00541,35160007.91,20.0,3.0,6.0,1.047,0.497,145.7,0.05,0.0,0.0249,0.1248,0.0,0.3673,0.0115,2.0,0.0,17.3754,3.0445,0,1.0986,4.9884,2
IMP00542,25859380.94,75.0,3.0,11.0,0.845,0.5641,18.9,0.0667,0.0,0.0334,0.0,0.0,0.4358,0.035,12.0,0.0833,17.0682,4.3307,0,2.5649,2.9907,2
IMP00543,203878973.54,16.0,1.0,2.0,1.3225,0.4812,10.9,0.0625,0.0,0.0,0.0,0.0,0.4527,0.0473,0.0,0.0,19.133,2.8332,0,0.0,2.4765,2
IMP00544,9108606.46,30.0,3.0,6.0,1.066,0.5827,206.1,0.1333,0.0,0.0182,0.026,0.0,0.4084,0.1621,7.0,0.2857,16.0247,3.434,1,2.0794,5.3332,3
IMP00545,66397441.82,152.0,2.0,28.0,0.725,0.5279,69.8,0.0789,0.0,0.0434,0.0163,0.0,0.402,0.0423,22.0,0.0,18.0112,5.0304,0,3.1355,4.2599,2
IMP00546,8165403.63,21.0,4.0,7.0,1.044,0.508,83.6,0.1905,0.0,0.0666,0.0752,0.0,0.391,0.1066,1.0,1.0,15.9154,3.091,1,0.6931,4.4379,4
IMP00547,11192088.51,10.0,2.0,3.0,0.97,0.5234,130.6,0.0,0.0,0.1305,0.3009,0.0,0.4036,0.0151,2.0,0.0,16.2307,2.3979,0,1.0986,4.8798,2
IMP00548,1546865670.77,760.0,5.0,63.0,1.0045,0.5688,140.0,0.0671,0.2263,0.0364,0.0551,0.0,0.3838,0.0285,47.0,0.1489,21.1595,6.6346,0,3.8712,4.9488,2
IMP00549,367241759.09,363.0,1.0,25.0,1.014,0.4909,112.4,0.0275,0.0,0.0215,0.0616,0.0,0.3577,0.0197,131.0,0.0,19.7215,5.8972,0,4.8828,4.7309,2
IMP00550,11226990.08,20.0,4.0,7.0,1.004,0.483,160.6,0.0,0.0,0.0,0.0,0.0,0.3539,0.0099,0.0,0.0,16.2338,3.0445,0,0.0,5.0851,2
IMP00551,36118068.17,185.0,3.0,25.0,0.885,0.537,150.6,0.027,0.0,0.0377,0.0271,0.0,0.3713,0.0322,42.0,0.0,17.4023,5.2257,0,3.7612,5.0212,2
IMP00552,2274429123.86,1833.0,2.0,54.0,0.972,0.5393,106.6,0.0507,0.2395,0.041,0.1548,0.0183,0.4164,0.0225,321.0,0.0,21.545,7.5143,0,5.7746,4.6784,2
IMP00553,9789187.1,31.0,1.0,3.0,1.04,0.4739,66.3,0.1613,0.0,0.0625,0.0802,0.0,0.3917,0.0761,4.0,0.5,16.0968,3.4657,0,1.6094,4.2092,2
IMP00554,6934755.29,6.0,2.0,2.0,1.0215,0.556,10.9,0.1667,0.0,0.0,0.0,0.0,0.4233,0.0199,0.0,0.0,15.7521,1.9459,0,0.0,2.4765,2
IMP00555,626382385.18,234.0,2.0,23.0,1.0665,0.4106,56.8,0.0684,0.0,0.0362,0.0,0.0,0.4,0.011,10.0,0.0,20.2555,5.4596,0,2.3979,4.057,2
IMP00556,0.0,1.0,1.0,1.0,1.463,0.467,44.1,1.0,0.0,0.0,0.0,0.0,0.4514,0.6252,1.0,1.0,0.0,0.6931,0,0.6931,3.8089,4
IMP00557,201790702.64,274.0,4.0,32.0,0.948,0.4503,117.9,0.0803,0.0,0.0183,0.1385,0.0057,0.388,0.0611,79.0,0.1646,19.1227,5.6168,0,4.382,4.7783,2
IMP00558,776808017.0,995.0,1.0,10.0,1.005,0.5543,76.2,0.0503,0.2482,0.0332,0.1367,0.0,0.4453,0.0136,78.0,0.0,20.4707,6.9037,0,4.3694,4.3464,2
IMP00559,22126298.89,45.0,4.0,6.0,0.992,0.5602,128.7,0.0222,0.0,0.0108,0.0,0.0,0.3668,0.0376,1.0,0.0,16.9123,3.8286,0,0.6931,4.8652,2
IMP00560,134400871.28,259.0,3.0,29.0,0.962,0.5475,216.7,0.1236,0.0,0.0337,0.0843,0.0255,0.4426,0.0735,50.0,0.1,18.7163,5.5607,0,3.9318,5.3831,2
IMP00561,11496430.65,38.0,3.0,9.0,1.0085,0.5549,102.2,0.0526,0.0,0.0258,0.0682,0.0,0.3909,0.0478,6.0,0.3333,16.2575,3.6636,1,1.9459,4.6367,3
IMP00562,0.0,1.0,1.0,1.0,1.0,0.392,67.4,0.0,0.0,0.0,0.0,0.0,0.3478,0.2395,0.0,0.0,0.0,0.6931,1,0.0,4.2254,3
IMP00563,3331530.76,6.0,5.0,5.0,0.944,0.516,212.6,0.0,0.0,0.0368,0.0,0.0,0.4028,0.0273,0.0,0.0,15.0189,1.9459,0,0.0,5.3641,2
IMP00564,8019089.84,36.0,4.0,7.0,0.9305,0.5099,147.4,0.1667,0.0,0.0137,0.0277,0.0,0.3771,0.2038,9.0,0.5556,15.8973,3.6109,1,2.3026,4.9999,3
IMP00565,8735988.69,16.0,4.0,5.0,0.902,0.4151,65.3,0.0,0.0,0.0264,0.0,0.0,0.3719,0.0602,2.0,0.0,15.983,2.8332,0,1.0986,4.1942,2
IMP00566,163117528.68,646.0,6.0,42.0,0.997,0.4826,151.1,0.0542,0.0,0.0412,0.089,0.0123,0.3842,0.0124,100.0,0.0,18.91,6.4723,0,4.6151,5.0245,2
IMP00567,47343222.81,77.0,1.0,9.0,0.9555,0.4155,133.8,0.039,0.0,0.0799,0.1038,0.0,0.3754,0.0316,23.0,0.087,17.6729,4.3567,0,3.1781,4.9038,2
IMP00568,20589909.9,94.0,2.0,11.0,1.0065,0.5239,146.4,0.0745,0.0,0.046,0.0,0.0,0.3577,0.0233,8.0,0.125,16.8403,4.5539,0,2.1972,4.9931,2
IMP00569,15566646.41,75.0,4.0,11.0,1.1225,0.4619,189.9,0.08,0.0,0.014,0.0,0.0,0.4046,0.0431,9.0,0.2222,16.5606,4.3307,0,2.3026,5.2517,2
IMP00570,0.0,0.0,0.0,0.0,1.0,0.0,0.0,0.0,0.0,0.0,0.0,0.0,0.3946,0.0,0.0,0.0,0.0,0.0,0,0.0,0.0,1
IMP00571,19152859.57,15.0,2.0,3.0,0.885,0.5137,103.2,0.0,0.0,0.0,0.0,0.0,0.3518,0.0151,1.0,0.0,16.768,2.7726,0,0.6931,4.6463,2
IMP00572,13207221.39,2.0,1.0,1.0,1.347,0.5195,105.9,0.0,0.0,0.0,0.009,0.0,0.397,0.0182,1.0,0.0,16.3963,1.0986,0,0.6931,4.6719,2
IMP00573,786524225.81,743.0,1.0,28.0,1.03,0.4064,220.1,0.0552,0.2207,0.0412,0.0677,0.0175,0.4341,0.0247,64.0,0.0625,20.4831,6.612,0,4.1744,5.3986,2
IMP00574,12971069.94,72.0,2.0,7.0,0.801,0.5822,134.0,0.0694,0.0,0.027,0.0,0.0,0.3946,0.1181,18.0,0.0556,16.3782,4.2905,0,2.9444,4.9053,2
IMP00575,3844968.47,3.0,1.0,1.0,0.841,0.519,122.1,0.3333,0.0,0.0,0.0,0.0,0.3812,0.0913,1.0,0.0,15.1623,1.3863,0,0.6931,4.813,2
IMP00576,119929314.88,92.0,4.0,18.0,0.9245,0.4994,78.8,0.0326,0.0,0.0102,0.1267,0.0233,0.414,0.0408,12.0,0.0,18.6024,4.5326,0,2.5649,4.3795,2
IMP00577,32040831.16,130.0,2.0,21.0,0.9515,0.5399,102.3,0.0308,0.0,0.0376,0.077,0.0,0.4054,0.0206,11.0,0.0,17.2825,4.8752,0,2.4849,4.6376,2
IMP00578,5456786.66,13.0,1.0,5.0,0.986,0.5032,202.4,0.0,0.0,0.048,0.0403,0.0,0.4355,0.0271,0.0,0.0,15.5124,2.6391,0,0.0,5.3152,2
IMP00579,42767942.66,9.0,1.0,1.0,1.227,0.477,109.5,0.1111,0.0,0.0,0.0591,0.0,0.439,0.0093,0.0,0.0,17.5713,2.3026,0,0.0,4.705,2
IMP00580,3801472.62,9.0,1.0,3.0,0.885,0.453,182.8,0.0,0.0,0.0617,0.0002,0.0,0.3828,0.0196,1.0,0.0,15.1509,2.3026,0,0.6931,5.2138,2
IMP00581,61056722.69,145.0,3.0,24.0,0.997,0.5387,52.0,0.0552,0.0,0.0123,0.0686,0.0,0.3907,0.0262,17.0,0.0,17.9273,4.9836,0,2.8904,3.9703,2
IMP00582,807295.98,3.0,1.0,1.0,1.24,0.48,156.3,0.0,0.0,0.0,0.0,0.0,0.3944,0.0258,1.0,0.0,13.6014,1.3863,0,0.6931,5.0582,2
IMP00583,506815803.58,554.0,5.0,27.0,0.986,0.5915,98.7,0.0668,0.0,0.0977,0.1184,0.0153,0.4146,0.0125,262.0,0.0115,20.0437,6.319,0,5.5722,4.6022,2
IMP00584,228778.75,1.0,1.0,1.0,0.923,0.526,162.4,0.0,0.0,0.0,0.0,0.0,0.3594,0.0257,0.0,0.0,12.3405,0.6931,0,0.0,5.0962,2
IMP00585,0.0,2.0,1.0,1.0,1.044,0.494,189.7,0.0,0.0,0.0,0.0,0.0,0.3939,0.0204,1.0,0.0,0.0,1.0986,0,0.6931,5.2507,1
IMP00586,14250814.14,1.0,1.0,1.0,0.857,0.55,139.1,0.0,0.0,0.0,0.007,0.0,0.3583,0.0233,0.0,0.0,16.4723,0.6931,0,0.0,4.9424,2
IMP00587,84452390.54,60.0,3.0,8.0,0.978,0.5165,123.6,0.05,0.0,0.0529,0.0,0.0,0.3721,0.0171,7.0,0.0,18.2517,4.1109,0,2.0794,4.8251,2
IMP00588,54236177.5,151.0,2.0,8.0,0.968,0.3702,132.7,0.0397,0.0,0.0603,0.0334,0.0,0.3591,0.0179,9.0,0.0,17.8089,5.0239,0,2.3026,4.8956,2
IMP00589,24487252.31,27.0,3.0,7.0,0.909,0.517,219.6,0.0741,0.0,0.0349,0.0983,0.0,0.4293,0.0335,6.0,0.0,17.0137,3.3322,0,1.9459,5.3964,2
IMP00590,51889820.16,80.0,1.0,6.0,0.941,0.4972,85.5,0.0625,0.0,0.0529,0.1669,0.0,0.4203,0.0283,15.0,0.0,17.7646,4.3944,0,2.7726,4.4601,2
IMP00591,990691930.26,1215.0,2.0,53.0,0.984,0.5072,182.5,0.0494,0.0,0.0887,0.0947,0.0053,0.4076,0.0237,421.0,0.0119,20.7139,7.1033,0,6.045,5.2122,2
IMP00592,52392004.43,195.0,5.0,20.0,0.789,0.5068,210.6,0.2256,0.0,0.0277,0.0467,0.0,0.4346,0.2677,66.0,0.4545,17.7743,5.2781,0,4.2047,5.3547,4
IMP00593,60522608.95,169.0,4.0,21.0,0.956,0.5448,170.6,0.071,0.0,0.0724,0.034,0.0,0.3814,0.0484,24.0,0.125,17.9185,5.1358,0,3.2189,5.1452,2
IMP00594,14683534.99,23.0,2.0,4.0,1.001,0.5855,21.1,0.0435,0.0,0.022,0.0012,0.0,0.4047,0.016,6.0,0.0,16.5022,3.1781,0,1.9459,3.0956,2
IMP00595,163469410.29,1024.0,2.0,35.0,1.001,0.4668,75.3,0.0537,0.2393,0.0835,0.0,0.0086,0.3938,0.0129,168.0,0.006,18.9121,6.9324,0,5.1299,4.3347,2
IMP00596,133091255.44,71.0,1.0,9.0,1.134,0.5145,204.7,0.0563,0.0,0.0192,0.0,0.0,0.3928,0.0165,11.0,0.0,18.7065,4.2767,0,2.4849,5.3264,2
IMP00597,0.0,0.0,0.0,0.0,1.0,0.0,0.0,0.0,0.0,0.0,0.0,0.0,0.3946,0.0,0.0,0.0,0.0,0.0,0,0.0,0.0,1
IMP00598,1046633.4,1.0,1.0,1.0,1.004,0.512,204.4,0.0,0.0,0.0,0.0,0.0,0.3997,0.0383,0.0,0.0,13.8611,0.6931,0,0.0,5.325,2
IMP00599,0.0,1.0,1.0,1.0,0.964,0.519,131.4,0.0,0.0,0.0,0.0,0.0,0.3354,0.0089,0.0,0.0,0.0,0.6931,0,0.0,4.8858,1
IMP00600,49832843.22,82.0,3.0,11.0,0.915,0.5222,179.4,0.0854,0.0,0.0407,0.0702,0.0,0.3758,0.0314,17.0,0.0,17.7242,4.4188,0,2.8904,5.1952,2
IMP00601,727198768.66,1033.0,4.0,35.0,0.961,0.5293,169.8,0.062,0.2343,0.0463,0.0633,0.0117,0.3838,0.0166,205.0,0.0146,20.4047,6.9412,0,5.3279,5.1405,2
IMP00602,22970736.43,27.0,2.0,4.0,0.885,0.522,189.4,0.0,0.0,0.0316,0.2326,0.0,0.4084,0.026,10.0,0.0,16.9497,3.3322,0,2.3979,5.2491,2
IMP00603,119416575.65,28.0,4.0,7.0,1.119,0.4709,87.3,0.0,0.0,0.0,0.031,0.0,0.3947,0.0511,4.0,0.0,18.5981,3.3673,0,1.6094,4.4807,2
IMP00604,76467375.9,214.0,3.0,28.0,0.9065,0.5648,174.3,0.0514,0.0,0.0193,0.0232,0.0351,0.4082,0.0333,14.0,0.0714,18.1524,5.3706,0,2.7081,5.1665,2
IMP00605,268932840.18,343.0,5.0,39.0,0.9815,0.6034,93.5,0.0641,0.0,0.0507,0.1167,0.0,0.3998,0.0297,49.0,0.0204,19.41,5.8406,0,3.912,4.5486,2
IMP00606,73529497.17,14.0,3.0,3.0,1.0755,0.543,141.1,0.0,0.0,0.0,0.0,0.0,0.3541,0.0127,1.0,1.0,18.1132,2.7081,0,0.6931,4.9565,4
IMP00607,24819738.68,40.0,2.0,7.0,1.025,0.466,208.3,0.0,0.0,0.0241,0.0002,0.0,0.3845,0.0209,6.0,0.0,17.0271,3.7136,0,1.9459,5.3438,2
IMP00608,8515441.3,64.0,2.0,7.0,0.9265,0.5988,204.5,0.0469,0.0,0.0327,0.0,0.0,0.3935,0.0644,9.0,0.1111,15.9574,4.1744,0,2.3026,5.3254,2
IMP00609,219815801.35,605.0,4.0,47.0,0.939,0.509,144.4,0.0463,0.0,0.0317,0.0612,0.0,0.3741,0.0273,76.0,0.0,19.2083,6.4069,0,4.3438,4.9795,2
IMP00610,13747484.41,30.0,2.0,8.0,0.91,0.519,102.6,0.0667,0.0,0.0712,0.1005,0.0,0.3805,0.0324,7.0,0.1429,16.4364,3.434,0,2.0794,4.6405,2
IMP00611,194137765.27,158.0,2.0,22.0,0.9995,0.4848,175.7,0.0443,0.0,0.0308,0.0,0.0291,0.4083,0.0104,9.0,0.0,19.0841,5.0689,0,2.3026,5.1745,2
IMP00612,24750518.22,52.0,3.0,9.0,1.318,0.4986,140.0,0.0385,0.0,0.0186,0.0009,0.0,0.3805,0.0176,0.0,0.0,17.0244,3.9703,0,0.0,4.9488,2
IMP00613,704235783.95,542.0,4.0,24.0,0.9625,0.5346,143.1,0.0424,0.0,0.0289,0.1527,0.0026,0.389,0.0262,52.0,0.0,20.3726,6.2971,0,3.9703,4.9705,2
IMP00614,18142812.65,76.0,5.0,13.0,0.895,0.5191,67.5,0.2763,0.0,0.0439,0.0655,0.0,0.4189,0.2379,22.0,0.6818,16.7138,4.3438,0,3.1355,4.2268,4
IMP00615,50407114.46,12.0,4.0,6.0,0.9255,0.33,198.5,0.0,0.0,0.0,0.0,0.0,0.3876,0.0088,3.0,0.0,17.7356,2.5649,0,1.3863,5.2958,2
IMP00616,60423849.62,100.0,2.0,14.0,1.134,0.4747,68.7,0.03,0.0,0.0281,0.0497,0.0,0.3859,0.0126,9.0,0.0,17.9169,4.6151,0,2.3026,4.2442,2
IMP00617,26078073.26,29.0,4.0,6.0,0.932,0.5138,79.4,0.069,0.0,0.0031,0.0271,0.0,0.3751,0.023,10.0,0.0,17.0766,3.4012,0,2.3979,4.387,2
IMP00618,650113.12,2.0,1.0,1.0,0.916,0.517,12.0,0.0,0.0,0.0,0.001,0.0,0.4283,0.0058,0.0,0.0,13.3849,1.0986,0,0.0,2.5649,2
IMP00619,6525091.64,22.0,2.0,4.0,0.7905,0.5435,74.7,0.0455,0.0,0.0658,0.0,0.0,0.4202,0.1176,2.0,0.5,15.6912,3.1355,0,1.0986,4.3268,4
IMP00620,3917425.9,4.0,2.0,2.0,0.92,0.519,98.8,0.0,0.0,0.0,0.0,0.0,0.3501,0.0506,3.0,0.0,15.1809,1.6094,0,1.3863,4.6032,2
IMP00621,3823819.55,36.0,2.0,7.0,0.953,0.562,108.9,0.0556,0.0,0.0617,0.0,0.0,0.3678,0.051,4.0,0.0,15.1568,3.6109,0,1.6094,4.6996,2
IMP00622,525360128.63,479.0,2.0,9.0,1.009,0.6237,179.5,0.0501,0.0,0.0308,0.0181,0.0,0.361,0.0092,34.0,0.0,20.0796,6.1738,0,3.5553,5.1957,2
IMP00623,7268981.56,11.0,3.0,5.0,0.994,0.583,108.7,0.0,0.0,0.0,0.0294,0.0,0.3566,0.0113,0.0,0.0,15.7991,2.4849,0,0.0,4.6977,2
IMP00624,149343690.9,432.0,3.0,28.0,1.0025,0.555,136.3,0.0625,0.0,0.0999,0.0464,0.0133,0.4025,0.0297,38.0,0.0,18.8218,6.0707,0,3.6636,4.9222,2
IMP00625,206862796.95,169.0,3.0,22.0,0.948,0.5101,98.5,0.0473,0.0,0.0351,0.0,0.0,0.3638,0.0218,22.0,0.0455,19.1476,5.1358,0,3.1355,4.6002,2
IMP00626,2628574.73,3.0,2.0,3.0,0.818,0.543,61.3,0.0,0.0,0.0,0.0,0.0,0.398,0.0829,0.0,0.0,14.782,1.3863,0,0.0,4.132,2
IMP00627,31546036.27,110.0,5.0,18.0,1.009,0.519,197.0,0.1909,0.0,0.0801,0.0226,0.002,0.4096,0.1797,44.0,0.2955,17.267,4.7095,0,3.8067,5.2883,4
IMP00628,62159177.92,143.0,3.0,19.0,0.88,0.4889,187.5,0.049,0.0,0.0741,0.0174,0.0045,0.3846,0.0248,42.0,0.0,17.9452,4.9698,0,3.7612,5.2391,2
IMP00629,9302712.65,52.0,2.0,12.0,0.7955,0.5616,117.9,0.2308,0.0,0.0063,0.0479,0.0,0.3946,0.2655,19.0,0.5263,16.0458,3.9703,0,2.9957,4.7783,4
IMP00630,42297749.72,133.0,3.0,13.0,0.935,0.5147,185.5,0.0602,0.0,0.1156,0.0493,0.0,0.4069,0.0276,21.0,0.0,17.5602,4.8978,0,3.091,5.2284,2
IMP00631,0.0,2.0,2.0,2.0,1.0265,0.4365,138.4,0.5,0.0,0.0,0.0,0.0,0.3692,0.0832,1.0,0.0,0.0,1.0986,0,0.6931,4.9373,1
IMP00632,415575288.19,435.0,2.0,27.0,0.975,0.5316,60.9,0.0552,0.0,0.0225,0.0921,0.0137,0.4345,0.026,58.0,0.0172,19.8452,6.0776,0,4.0775,4.1255,2
IMP00633,10024585.16,3.0,3.0,3.0,0.985,0.506,147.2,0.0,0.0,0.0,0.8287,0.0,0.4239,0.0165,2.0,0.0,16.1206,1.3863,0,1.0986,4.9986,2
IMP00634,1528009.72,3.0,2.0,2.0,0.932,0.5063,195.7,0.3333,0.0,0.0,0.002,0.0,0.4016,0.0294,0.0,0.0,14.2395,1.3863,0,0.0,5.2817,2
IMP00635,38749005.52,73.0,3.0,11.0,1.028,0.4659,112.4,0.0959,0.0,0.0127,0.151,0.0,0.4038,0.025,5.0,0.0,17.4726,4.3041,0,1.7918,4.7309,2
IMP00636,67955156.91,66.0,3.0,13.0,0.9625,0.5998,173.2,0.0152,0.0,0.0118,0.1316,0.0,0.3819,0.014,9.0,0.0,18.0344,4.2047,0,2.3026,5.1602,2
IMP00637,89552171.28,216.0,5.0,33.0,1.085,0.4967,185.6,0.0509,0.0,0.0618,0.0778,0.0,0.3787,0.0211,31.0,0.0,18.3103,5.3799,0,3.4657,5.229,2
IMP00638,50637198.69,83.0,4.0,15.0,0.964,0.5413,142.9,0.0602,0.0,0.0989,0.0379,0.0,0.4054,0.025,10.0,0.0,17.7402,4.4308,0,2.3979,4.9691,2
IMP00639,23883458.14,98.0,3.0,16.0,1.039,0.5119,199.4,0.0204,0.0,0.0354,0.0512,0.0,0.399,0.0249,15.0,0.0,16.9887,4.5951,0,2.7726,5.3003,2
IMP00640,23630486.89,86.0,1.0,14.0,1.061,0.46,71.0,0.0698,0.0,0.0214,0.0285,0.0,0.3936,0.122,20.0,0.15,16.978,4.4659,1,3.0445,4.2767,3
IMP00641,26588372.98,162.0,4.0,21.0,0.9095,0.5654,210.4,0.0247,0.0,0.0254,0.031,0.0061,0.4047,0.0359,31.0,0.0,17.096,5.0938,0,3.4657,5.3538,2
IMP00642,956134.59,1.0,1.0,1.0,0.744,0.398,219.9,0.0,0.0,0.929,0.001,0.0,0.5932,0.0218,0.0,0.0,13.7707,0.6931,0,0.0,5.3977,2
IMP00643,1803738152.89,6157.0,3.0,54.0,1.0,0.5159,184.6,0.0473,0.0,0.0492,0.0,0.0,0.3644,0.0114,429.0,0.0047,21.3131,8.7255,0,6.0638,5.2236,2
IMP00644,0.0,7.0,2.0,4.0,0.948,0.487,16.0,0.1429,0.0,0.0,0.0,0.0,0.4214,0.0097,4.0,0.0,0.0,2.0794,0,1.6094,2.8332,1
IMP00645,99518753.47,98.0,1.0,11.0,1.0405,0.5562,157.4,0.0408,0.0,0.027,0.0796,0.0,0.3689,0.0188,8.0,0.0,18.4159,4.5951,0,2.1972,5.0651,2
IMP00646,27863570.78,120.0,4.0,13.0,0.789,0.4738,101.7,0.2667,0.0,0.0195,0.0001,0.0,0.39,0.291,42.0,0.5476,17.1428,4.7958,0,3.7612,4.6318,4
IMP00647,2544764.98,14.0,2.0,4.0,0.8975,0.5609,63.5,0.0,0.0,0.0,0.1775,0.0,0.4198,0.0365,3.0,0.0,14.7495,2.7081,0,1.3863,4.1667,2
IMP00648,0.0,1.0,1.0,1.0,0.979,0.479,129.4,0.0,0.0,0.0,0.0,0.0,0.3356,0.0069,0.0,0.0,0.0,0.6931,0,0.0,4.8706,1
IMP00649,16134176.48,19.0,4.0,6.0,1.193,0.5286,16.7,0.0526,0.0,0.0504,0.0001,0.0,0.4454,0.0103,0.0,0.0,16.5965,2.9957,0,0.0,2.8736,2
IMP00650,300716434.79,36.0,3.0,5.0,0.9075,0.509,109.9,0.1111,0.0,0.054,0.0,0.0,0.3796,0.0226,2.0,0.0,19.5217,3.6109,0,1.0986,4.7086,2
IMP00651,22540853.48,30.0,2.0,5.0,1.2265,0.519,136.5,0.0333,0.0,0.0,0.0,0.0,0.3753,0.0334,2.0,0.0,16.9308,3.434,0,1.0986,4.9236,2
IMP00652,48335453.73,296.0,4.0,28.0,0.885,0.4937,150.9,0.0338,0.0,0.0315,0.0,0.0,0.3634,0.0368,45.0,0.0,17.6937,5.6937,0,3.8286,5.0232,2
IMP00653,54208989.98,96.0,2.0,16.0,0.9695,0.6372,116.1,0.0833,0.0,0.118,0.0259,0.0,0.3763,0.0275,12.0,0.0,17.8084,4.5747,0,2.5649,4.763,2
IMP00654,150670746.43,43.0,2.0,6.0,0.871,0.5236,74.1,0.0233,0.0,0.0682,0.0,0.0,0.3768,0.02,12.0,0.0,18.8306,3.7842,0,2.5649,4.3188,2
IMP00655,350982.18,16.0,3.0,6.0,0.88,0.5398,104.9,0.0,0.0,0.1171,0.0491,0.0,0.3932,0.0392,3.0,0.0,12.7685,2.8332,0,1.3863,4.6625,2
IMP00656,3452682.37,37.0,3.0,6.0,0.904,0.5317,212.8,0.027,0.0,0.0474,0.0,0.0,0.3942,0.0487,3.0,0.0,15.0547,3.6376,0,1.3863,5.365,2
IMP00657,157109090.18,178.0,2.0,18.0,1.041,0.4922,20.0,0.0843,0.0,0.0327,0.0,0.0,0.4415,0.0168,36.0,0.0278,18.8725,5.1874,0,3.6109,3.0445,2
IMP00658,221700.91,5.0,2.0,2.0,1.057,0.4892,199.3,0.0,0.0,0.0,0.0,0.0,0.4067,0.172,3.0,0.0,12.3091,1.7918,0,1.3863,5.2998,2
IMP00659,0.0,0.0,0.0,0.0,1.0,0.0,0.0,0.0,0.0,0.0,0.0,0.0,0.3946,0.0,0.0,0.0,0.0,0.0,0,0.0,0.0,1
IMP00660,107993559.24,460.0,4.0,12.0,0.809,0.4559,195.6,0.2848,0.0,0.0204,0.075,0.0,0.4181,0.3195,161.0,0.646,18.4976,6.1334,0,5.0876,5.2812,4
IMP00661,6990664.8,13.0,4.0,5.0,0.925,0.5759,164.1,0.0,0.0,0.0367,0.4025,0.0,0.4088,0.0555,2.0,0.0,15.7601,2.6391,0,1.0986,5.1066,2
IMP00662,253097118.59,111.0,2.0,18.0,0.909,0.5318,183.4,0.036,0.0,0.0284,0.0,0.0,0.3702,0.021,19.0,0.0,19.3493,4.7185,0,2.9957,5.2171,2
IMP00663,935641503.79,769.0,3.0,61.0,0.985,0.5666,86.6,0.0533,0.2185,0.0346,0.0358,0.0093,0.3781,0.0147,110.0,0.0182,20.6567,6.6464,0,4.7095,4.4728,2
IMP00664,891614.46,4.0,3.0,3.0,0.549,0.519,191.7,0.0,0.0,0.0,0.0,0.0,0.4331,0.4154,0.0,0.0,13.7008,1.6094,0,0.0,5.2611,4
IMP00665,209135.38,4.0,1.0,2.0,0.746,0.453,169.8,0.25,0.0,0.0,0.0,0.0,0.396,0.019,0.0,0.0,12.2507,1.6094,1,0.0,5.1405,3
IMP00666,615481.22,7.0,1.0,1.0,0.902,0.5529,141.0,0.0,0.0,0.0,0.0,0.0,0.3596,0.0203,0.0,0.0,13.3302,2.0794,0,0.0,4.9558,2
IMP00667,133548320.72,190.0,1.0,12.0,1.0,0.5239,81.5,0.0789,0.0,0.0251,0.0265,0.0,0.3843,0.0161,10.0,0.0,18.71,5.2523,0,2.3979,4.4128,2
IMP00668,522205625.46,350.0,1.0,23.0,1.0885,0.4595,210.8,0.06,0.0,0.0294,0.1384,0.0142,0.4458,0.0356,17.0,0.0,20.0736,5.8608,0,2.8904,5.3556,2
IMP00669,3209203.27,3.0,1.0,1.0,1.361,0.516,193.5,0.0,0.0,0.0,0.0,0.0,0.3909,0.0182,0.0,0.0,14.9815,1.3863,0,0.0,5.2704,2
IMP00670,3471790.87,21.0,1.0,5.0,1.036,0.6133,216.4,0.1429,0.0,0.0537,0.0228,0.0,0.4618,0.3215,10.0,0.3,15.0602,3.091,1,2.3979,5.3817,3
IMP00671,130695144.52,144.0,1.0,13.0,1.0735,0.4133,121.1,0.0417,0.0,0.0447,0.139,0.0,0.3904,0.0347,11.0,0.0,18.6884,4.9767,0,2.4849,4.8048,2
IMP00672,92959021.93,161.0,2.0,18.0,0.979,0.5178,67.0,0.0497,0.0,0.0401,0.108,0.0,0.416,0.0874,15.0,0.1333,18.3477,5.0876,0,2.7726,4.2195,2
IMP00673,240220215.57,382.0,3.0,40.0,1.1075,0.4784,94.2,0.055,0.0,0.0182,0.0335,0.0,0.3733,0.0188,41.0,0.0,19.2971,5.948,0,3.7377,4.556,2
IMP00674,176113524.53,196.0,4.0,25.0,1.052,0.5421,105.7,0.0612,0.0,0.0422,0.0962,0.0265,0.4048,0.0231,19.0,0.0,18.9866,5.2832,0,2.9957,4.67,2
IMP00675,0.0,0.0,0.0,0.0,1.0,0.0,0.0,0.0,0.0,0.0,0.0,0.0,0.3946,0.0,0.0,0.0,0.0,0.0,0,0.0,0.0,1
IMP00676,266550639.44,1045.0,4.0,39.0,1.011,0.6278,132.2,0.0545,0.2316,0.0349,0.0264,0.0008,0.3713,0.0135,150.0,0.0067,19.4011,6.9527,0,5.0173,4.8919,2
IMP00677,263107.37,3.0,3.0,3.0,1.266,0.453,215.3,0.0,0.0,0.0,0.0057,0.0,0.432,0.0475,0.0,0.0,12.4803,1.3863,0,0.0,5.3767,2
IMP00678,0.0,1.0,1.0,1.0,1.268,0.571,19.5,0.0,0.0,0.0,0.0,0.0,0.3991,0.0253,0.0,0.0,0.0,0.6931,0,0.0,3.0204,1
IMP00679,229404813.41,976.0,5.0,41.0,0.927,0.5821,52.7,0.2623,0.0,0.0305,0.0712,0.0,0.4215,0.301,332.0,0.6175,19.251,6.8845,0,5.8081,3.9834,4
IMP00680,104237811.8,126.0,1.0,14.0,0.9445,0.5415,181.3,0.0317,0.0,0.0251,0.0,0.0,0.3684,0.0139,24.0,0.0,18.4622,4.8442,0,3.2189,5.2057,2
IMP00681,133143322.84,158.0,2.0,18.0,0.9545,0.5829,189.4,0.0633,0.0,0.0182,0.1312,0.0271,0.44,0.0782,24.0,0.0417,18.7069,5.0689,0,3.2189,5.2491,2
IMP00682,483311150.33,83.0,2.0,14.0,0.999,0.557,18.3,0.0361,0.0,0.0644,0.1149,0.0,0.4771,0.0112,4.0,0.0,19.9962,4.4308,0,1.6094,2.9601,2
IMP00683,75033815.12,88.0,4.0,13.0,0.822,0.4717,27.3,0.0227,0.0,0.054,0.0009,0.0,0.4354,0.01,33.0,0.0,18.1334,4.4886,0,3.5264,3.3429,2
IMP00684,75021434.29,366.0,6.0,41.0,0.9855,0.5766,181.6,0.0738,0.0,0.0271,0.0969,0.0202,0.412,0.0523,55.0,0.1273,18.1333,5.9054,0,4.0254,5.2073,2
IMP00685,147035359.3,76.0,2.0,11.0,0.931,0.4456,127.9,0.0921,0.0,0.0138,0.0002,0.0,0.3583,0.0259,7.0,0.0,18.8062,4.3438,0,2.0794,4.859,2
IMP00686,0.0,2.0,1.0,2.0,1.0745,0.542,74.9,0.0,0.0,0.0,0.0,0.0,0.3615,0.0154,0.0,0.0,0.0,1.0986,0,0.0,4.3294,1
IMP00687,0.0,1.0,1.0,1.0,0.855,0.565,114.7,0.0,0.0,0.0,0.0,0.0,0.3464,0.0278,0.0,0.0,0.0,0.6931,0,0.0,4.751,1
IMP00688,4150550.5,26.0,2.0,7.0,1.308,0.587,214.7,0.0769,0.0,0.0034,0.0,0.0,0.4272,0.1156,3.0,0.0,15.2388,3.2958,0,1.3863,5.3739,2
IMP00689,2829460.77,5.0,1.0,2.0,0.739,0.506,155.3,0.2,0.0,0.0992,0.0,0.0,0.3766,0.0319,1.0,0.0,14.8556,1.7918,0,0.6931,5.0518,2
IMP00690,30844170.71,34.0,2.0,5.0,1.014,0.4882,57.6,0.0294,0.0,0.0021,0.0087,0.0,0.3938,0.0397,3.0,0.0,17.2445,3.5553,0,1.3863,4.0707,2
IMP00691,0.0,2.0,1.0,1.0,0.867,0.506,189.7,0.0,0.0,0.0,0.0,0.0,0.3905,0.0665,1.0,0.0,0.0,1.0986,0,0.6931,5.2507,1
IMP00692,3043015.43,18.0,1.0,1.0,0.985,0.4976,62.7,0.1111,0.0,0.0438,0.0,0.0,0.3727,0.0588,0.0,0.0,14.9284,2.9444,0,0.0,4.1542,2
IMP00693,0.0,0.0,0.0,0.0,1.0,0.0,0.0,0.0,0.0,0.0,0.0,0.0,0.3946,0.0,0.0,0.0,0.0,0.0,0,0.0,0.0,1
IMP00694,0.0,0.0,0.0,0.0,1.0,0.0,0.0,0.0,0.0,0.0,0.0,0.0,0.3946,0.0,0.0,0.0,0.0,0.0,0,0.0,0.0,1
IMP00695,11880665.15,30.0,3.0,5.0,1.045,0.5023,88.1,0.0667,0.0,0.0322,0.0263,0.0,0.3743,0.0318,6.0,0.1667,16.2904,3.434,0,1.9459,4.4898,2
IMP00696,584778.56,1.0,1.0,1.0,0.933,0.579,82.4,0.0,0.0,0.0,0.0,0.0,0.3433,0.0083,0.0,0.0,13.279,0.6931,0,0.0,4.4236,2
IMP00697,0.0,0.0,0.0,0.0,1.0,0.0,0.0,0.0,0.0,0.0,0.0,0.0,0.3946,0.0,0.0,0.0,0.0,0.0,0,0.0,0.0,1
IMP00698,2921533.01,6.0,2.0,3.0,0.9475,0.532,165.4,0.0,0.0,0.0,0.1312,0.0,0.3997,0.0134,1.0,0.0,14.8876,1.9459,0,0.6931,5.1144,2
IMP00699,0.0,1.0,1.0,1.0,1.888,0.562,107.5,0.0,0.0,0.0,0.262,0.0,0.5037,0.0244,0.0,0.0,0.0,0.6931,0,0.0,4.6868,1
IMP00700,0.0,2.0,2.0,2.0,1.8235,0.532,134.9,0.0,0.0,0.0,0.0,0.0,0.4514,0.0259,0.0,0.0,0.0,1.0986,0,0.0,4.9119,1
IMP00701,9739711.43,76.0,6.0,15.0,0.882,0.4874,160.3,0.0658,0.0,0.0294,0.0329,0.0,0.3662,0.0245,14.0,0.0714,16.0917,4.3438,0,2.7081,5.0833,2
IMP00702,0.0,0.0,0.0,0.0,1.0,0.0,0.0,0.0,0.0,0.0,0.0,0.0,0.3946,0.0,0.0,0.0,0.0,0.0,0,0.0,0.0,1
IMP00703,108151561.12,71.0,2.0,11.0,1.001,0.5654,130.0,0.0282,0.0,0.0352,0.1384,0.0,0.399,0.0359,4.0,0.0,18.499,4.2767,0,1.6094,4.8752,2
IMP00704,565191167.97,752.0,3.0,26.0,0.995,0.5414,99.0,0.0612,0.2354,0.046,0.0738,0.0245,0.4032,0.0203,109.0,0.0,20.1527,6.6241,0,4.7005,4.6052,2
IMP00705,36647182.52,70.0,4.0,11.0,0.9385,0.5505,209.6,0.0286,0.0,0.051,0.0525,0.0,0.4067,0.034,26.0,0.0,17.4168,4.2627,0,3.2958,5.35,2
IMP00706,37018227.0,63.0,2.0,7.0,0.949,0.5611,217.4,0.1587,0.0,0.0366,0.0789,0.0,0.4121,0.0621,19.0,0.1579,17.4269,4.1589,0,2.9957,5.3863,2
IMP00707,0.0,1.0,1.0,1.0,0.773,0.542,196.3,1.0,0.0,0.0,0.0,0.0,0.4057,0.0204,0.0,0.0,0.0,0.6931,0,0.0,5.2847,1
IMP00708,0.0,1.0,1.0,1.0,1.262,0.565,31.5,0.0,0.0,0.0,0.0,0.0,0.4221,0.0366,1.0,0.0,0.0,0.6931,0,0.6931,3.4812,1
IMP00709,1339004.33,2.0,1.0,1.0,0.826,0.483,53.3,0.0,0.0,0.0,0.0,0.0,0.4336,0.0626,1.0,0.0,14.1074,1.0986,0,0.6931,3.9945,2
IMP00710,978524.49,1.0,1.0,1.0,1.048,0.568,154.7,0.0,0.0,0.0,0.0,0.0,0.3454,0.0112,0.0,0.0,13.7938,0.6931,0,0.0,5.0479,2
IMP00711,203912578.72,615.0,3.0,25.0,0.968,0.5199,137.9,0.0634,0.0,0.0305,0.0,0.0082,0.3704,0.0414,115.0,0.0783,19.1332,6.4232,0,4.7536,4.9338,2
IMP00712,0.0,3.0,2.0,3.0,0.616,0.522,189.1,0.3333,0.0,0.1703,0.0003,0.0,0.4554,0.3112,1.0,1.0,0.0,1.3863,0,0.6931,5.2476,4
IMP00713,0.0,1.0,1.0,1.0,0.658,0.566,171.0,0.0,0.0,0.0,0.0,0.0,0.3842,0.0708,1.0,0.0,0.0,0.6931,0,0.6931,5.1475,1
IMP00714,57501260.57,77.0,2.0,13.0,0.847,0.5506,180.4,0.0519,0.0,0.0048,0.0865,0.0,0.3798,0.0312,27.0,0.0,17.8673,4.3567,0,3.3322,5.2007,2
IMP00715,5880294.99,5.0,1.0,2.0,1.346,0.516,193.7,0.0,0.0,0.0,0.0464,0.0,0.4477,0.0163,0.0,0.0,15.5871,1.7918,0,0.0,5.2715,2
IMP00716,9668164.47,41.0,2.0,8.0,0.889,0.519,55.0,0.0488,0.0,0.0457,0.0,0.0,0.4046,0.0982,6.0,0.1667,16.0843,3.7377,0,1.9459,4.0254,2
IMP00717,727017901.03,1193.0,4.0,64.0,0.957,0.5824,159.3,0.0469,0.2221,0.0338,0.0187,0.01,0.3746,0.0208,177.0,0.0056,20.4045,7.0851,0,5.1818,5.077,2
IMP00718,2860937.09,1.0,1.0,1.0,1.047,0.519,51.8,0.0,0.0,0.0,0.155,0.0,0.3815,0.0325,0.0,0.0,14.8667,0.6931,0,0.0,3.9665,2
IMP00719,28818860.81,7.0,3.0,3.0,1.008,0.5234,17.2,0.0,0.0,0.0,0.0001,0.0,0.4281,0.0556,0.0,0.0,17.1765,2.0794,0,0.0,2.9014,2
IMP00720,0.0,0.0,0.0,0.0,1.0,0.0,0.0,0.0,0.0,0.0,0.0,0.0,0.3946,0.0,0.0,0.0,0.0,0.0,1,0.0,0.0,3
IMP00721,65668898.08,40.0,3.0,8.0,0.9935,0.5235,169.4,0.075,0.0,0.0034,0.1049,0.0,0.3954,0.0355,8.0,0.25,18.0001,3.7136,1,2.1972,5.1381,3
IMP00722,24332231.97,10.0,1.0,1.0,1.316,0.565,199.7,0.0,0.0,0.0539,0.0001,0.0,0.436,0.0143,0.0,0.0,17.0073,2.3979,0,0.0,5.3018,2
IMP00723,96028351.52,94.0,2.0,14.0,0.944,0.5051,168.3,0.0106,0.0,0.0364,0.0696,0.0,0.387,0.0173,25.0,0.0,18.3802,4.5539,0,3.2581,5.1317,2
IMP00724,491447463.86,1715.0,4.0,107.0,0.993,0.5322,126.7,0.095,0.2315,0.0492,0.0353,0.0057,0.39,0.0941,383.0,0.1828,20.0129,7.4478,0,5.9506,4.8497,2
IMP00725,3647281252.22,539.0,3.0,17.0,0.952,0.5675,126.4,0.0668,0.0,0.0294,0.0,0.0,0.3824,0.0175,99.0,0.0101,22.0172,6.2916,0,4.6052,4.8473,2
IMP00726,161036209.74,187.0,2.0,23.0,1.098,0.5257,190.9,0.0428,0.0,0.0372,0.0136,0.0,0.3875,0.0273,10.0,0.0,18.8971,5.2364,0,2.3979,5.257,2
IMP00727,2845088.59,10.0,3.0,6.0,0.989,0.566,153.1,0.2,0.0,0.0656,0.2487,0.0,0.3816,0.0126,0.0,0.0,14.8611,2.3979,0,0.0,5.0376,2
IMP00728,842262.0,2.0,1.0,1.0,1.2635,0.522,149.9,0.0,0.0,0.258,0.0,0.0,0.427,0.0321,0.0,0.0,13.6438,1.0986,0,0.0,5.0166,2
IMP00729,1461950.61,1.0,1.0,1.0,1.086,0.51,80.7,0.0,0.0,0.0,0.0,0.0,0.3525,0.0712,0.0,0.0,14.1953,0.6931,1,0.0,4.4031,3
IMP00730,273633171.6,234.0,3.0,11.0,0.9975,0.5497,69.3,0.1026,0.0,0.0384,0.0718,0.0,0.4071,0.0471,49.0,0.1224,19.4273,5.4596,0,3.912,4.2528,2
IMP00731,75652085.63,132.0,3.0,16.0,0.7655,0.6375,64.6,0.0303,0.0,0.0197,0.0206,0.0,0.4157,0.0451,8.0,0.0,18.1417,4.8903,0,2.1972,4.1836,2
IMP00732,165907881.13,1450.0,2.0,16.0,0.9925,0.5494,110.3,0.049,0.2455,0.042,0.0,0.0075,0.3654,0.0256,157.0,0.0,18.9269,7.28,0,5.0626,4.7122,2
IMP00733,22392278.83,39.0,1.0,6.0,0.966,0.5103,161.8,0.0513,0.0,0.0525,0.0973,0.0,0.3914,0.0418,4.0,0.25,16.9242,3.6889,0,1.6094,5.0925,2
IMP00734,155988293.61,158.0,3.0,16.0,1.0745,0.534,181.7,0.057,0.0,0.0081,0.0805,0.0,0.388,0.0197,9.0,0.0,18.8653,5.0689,0,2.3026,5.2078,2
IMP00735,2025641.61,8.0,2.0,4.0,1.046,0.5115,51.2,0.125,0.0,0.1186,0.3107,0.0,0.4352,0.0488,0.0,0.0,14.5214,2.1972,0,0.0,3.9551,2
IMP00736,1447428.48,1.0,1.0,1.0,1.024,0.568,7.4,0.0,0.0,0.0,0.0,0.0,0.4238,0.0119,0.0,0.0,14.1853,0.6931,0,0.0,2.1282,2
IMP00737,478110306.73,948.0,1.0,9.0,0.9995,0.4969,145.8,0.0443,0.2342,0.0388,0.0799,0.0006,0.3679,0.0095,67.0,0.0149,19.9854,6.8554,0,4.2195,4.9891,2
IMP00738,9672722.79,29.0,3.0,7.0,1.0,0.4825,181.7,0.0345,0.0,0.0406,0.0,0.0,0.3736,0.0193,4.0,0.0,16.0848,3.4012,0,1.6094,5.2078,2
IMP00739,0.0,0.0,0.0,0.0,1.0,0.0,0.0,0.0,0.0,0.0,0.0,0.0,0.3946,0.0,0.0,0.0,0.0,0.0,0,0.0,0.0,1
IMP00740,10397367.58,8.0,2.0,3.0,0.891,0.595,192.4,0.125,0.0,0.0,0.0,0.0,0.3713,0.0112,1.0,0.0,16.1571,2.1972,0,0.6931,5.2648,2
IMP00741,134123067.82,243.0,4.0,17.0,1.049,0.5103,169.2,0.0617,0.0,0.0339,0.0,0.0,0.3721,0.0324,18.0,0.0556,18.7143,5.4972,0,2.9444,5.137,2
IMP00742,1414851.43,7.0,2.0,2.0,1.21,0.567,157.5,0.0,0.0,0.1121,0.0,0.0,0.4115,0.0817,2.0,0.0,14.1625,2.0794,0,1.0986,5.0658,2
IMP00743,249012593.06,198.0,2.0,20.0,1.1725,0.4638,169.3,0.0556,0.0,0.0193,0.0001,0.0,0.3677,0.0076,21.0,0.0,19.333,5.2933,0,3.091,5.1376,2
IMP00744,174813676.62,653.0,4.0,47.0,0.93,0.4728,66.5,0.0521,0.0,0.0143,0.0114,0.0087,0.3995,0.0345,102.0,0.0,18.9792,6.4831,0,4.6347,4.2121,2
IMP00745,67703172.95,156.0,3.0,17.0,0.868,0.5109,129.0,0.0513,0.0,0.0202,0.0637,0.0,0.3649,0.0432,27.0,0.037,18.0306,5.0562,0,3.3322,4.8675,2
IMP00746,13994739.84,40.0,1.0,5.0,1.0925,0.5098,93.1,0.025,0.0,0.0132,0.0328,0.0,0.3762,0.0218,3.0,0.0,16.4542,3.7136,0,1.3863,4.5444,2
IMP00747,0.0,1.0,1.0,1.0,1.369,0.487,75.4,1.0,0.0,0.0,0.0,0.0,0.4099,0.0162,0.0,0.0,0.0,0.6931,1,0.0,4.336,3
IMP00748,199580898.79,160.0,1.0,22.0,1.019,0.593,126.7,0.0562,0.0,0.0227,0.1251,0.0524,0.4133,0.0139,14.0,0.0,19.1117,5.0814,0,2.7081,4.8497,2
IMP00749,7711838.1,14.0,1.0,3.0,0.8785,0.495,124.1,0.0714,0.0,0.0049,0.0,0.0,0.36,0.0214,1.0,0.0,15.8583,2.7081,0,0.6931,4.8291,2
IMP00750,28900319.4,122.0,4.0,15.0,1.121,0.5608,207.2,0.0656,0.0,0.0234,0.0407,0.0,0.4139,0.0652,9.0,0.1111,17.1794,4.8122,0,2.3026,5.3385,2
IMP00751,0.0,0.0,0.0,0.0,1.0,0.0,0.0,0.0,0.0,0.0,0.0,0.0,0.3946,0.0,0.0,0.0,0.0,0.0,0,0.0,0.0,1
IMP00752,0.0,1.0,1.0,1.0,0.719,0.392,182.9,0.0,0.0,0.0,0.0,0.0,0.3836,0.0079,0.0,0.0,0.0,0.6931,0,0.0,5.2144,1
IMP00753,229500651.02,1112.0,4.0,8.0,0.711,0.5875,215.9,0.2905,0.0,0.0218,0.0651,0.0,0.4434,0.4043,473.0,0.5412,19.2514,7.0148,0,6.1612,5.3794,4
IMP00754,23354802.34,90.0,3.0,16.0,0.7295,0.5216,162.6,0.0667,0.0,0.0109,0.0552,0.0,0.3835,0.0565,18.0,0.0556,16.9663,4.5109,0,2.9444,5.0974,2
IMP00755,2038924.51,4.0,4.0,4.0,0.9395,0.5595,6.4,0.25,0.0,0.0,0.0,0.0,0.4218,0.012,0.0,0.0,14.5279,1.6094,0,0.0,2.0015,2
IMP00756,0.0,3.0,1.0,1.0,0.918,0.509,139.8,0.0,0.0,0.2597,0.0,0.0,0.3876,0.0137,0.0,0.0,0.0,1.3863,0,0.0,4.9473,1
IMP00757,1283589.1,6.0,2.0,2.0,1.007,0.543,34.1,0.0,0.0,0.0,0.458,0.0,0.4446,0.0168,2.0,0.0,14.0652,1.9459,0,1.0986,3.5582,2
IMP00758,28163456.97,60.0,3.0,8.0,1.052,0.5083,156.9,0.05,0.0,0.0826,0.06,0.0,0.4016,0.0839,6.0,0.0,17.1535,4.1109,0,1.9459,5.062,2
IMP00759,486589218.79,258.0,3.0,28.0,1.077,0.5157,172.5,0.0388,0.0,0.0283,0.0507,0.0087,0.3781,0.0202,14.0,0.0,20.0029,5.5568,0,2.7081,5.1562,2
IMP00760,1447215.26,3.0,2.0,2.0,0.945,0.4973,173.6,0.0,0.0,0.0,0.9157,0.0,0.4412,0.0111,0.0,0.0,14.1852,1.3863,0,0.0,5.1625,2
IMP00761,12564877.37,56.0,6.0,13.0,0.828,0.4945,189.8,0.2321,0.0,0.002,0.0002,0.0,0.4097,0.256,21.0,0.619,16.3464,4.0431,0,3.091,5.2512,4
IMP00762,535763739.51,877.0,5.0,63.0,1.016,0.5692,203.5,0.0456,0.2189,0.0547,0.0699,0.0,0.4017,0.0277,141.0,0.0142,20.0992,6.7776,0,4.9558,5.3206,2
IMP00763,209906071.2,889.0,4.0,48.0,1.078,0.4121,206.3,0.0517,0.2283,0.0433,0.0,0.002,0.4211,0.0287,79.0,0.0,19.1622,6.7912,0,4.382,5.3342,2
IMP00764,31887944.21,110.0,2.0,12.0,1.101,0.4885,138.4,0.0545,0.0,0.0368,0.1138,0.0,0.3891,0.0179,3.0,0.0,17.2777,4.7095,0,1.3863,4.9373,2
IMP00765,94566740.54,86.0,2.0,15.0,1.027,0.4778,177.2,0.0465,0.0,0.0378,0.1118,0.0,0.389,0.0111,6.0,0.0,18.3648,4.4659,0,1.9459,5.1829,2
IMP00766,15809427.29,66.0,3.0,9.0,1.1845,0.5264,199.3,0.0303,0.0,0.0304,0.0753,0.0,0.3935,0.0343,5.0,0.0,16.5761,4.2047,0,1.7918,5.2998,2
IMP00767,578164146.2,116.0,4.0,16.0,1.031,0.5064,193.6,0.0431,0.0,0.0154,0.0,0.0,0.3888,0.0266,5.0,0.0,20.1754,4.7622,0,1.7918,5.2709,2
IMP00768,0.0,1.0,1.0,1.0,0.987,0.526,58.9,0.0,0.0,0.0,0.0,0.0,0.351,0.0122,0.0,0.0,0.0,0.6931,1,0.0,4.0927,3
IMP00769,45452352.53,75.0,5.0,15.0,1.002,0.5271,198.8,0.0667,0.0,0.0166,0.0,0.0,0.42,0.0416,6.0,0.0,17.6322,4.3307,0,1.9459,5.2973,2
IMP00770,0.0,0.0,0.0,0.0,1.0,0.0,0.0,0.0,0.0,0.0,0.0,0.0,0.3946,0.0,0.0,0.0,0.0,0.0,0,0.0,0.0,1
IMP00771,0.0,0.0,0.0,0.0,1.0,0.0,0.0,0.0,0.0,0.0,0.0,0.0,0.3946,0.0,0.0,0.0,0.0,0.0,0,0.0,0.0,1
IMP00772,8085490.41,15.0,2.0,5.0,1.021,0.4435,66.4,0.0,0.0,0.0318,0.1283,0.0,0.4228,0.0322,6.0,0.0,15.9056,2.7726,0,1.9459,4.2106,2
IMP00773,116354954.41,112.0,1.0,6.0,0.9845,0.5522,12.2,0.0625,0.0,0.0341,0.1834,0.0,0.4506,0.0225,0.0,0.0,18.5722,4.7274,0,0.0,2.5802,2
IMP00774,0.0,2.0,1.0,1.0,1.358,0.543,10.2,0.0,0.0,0.4855,0.0,0.0,0.5273,0.0082,2.0,0.0,0.0,1.0986,0,1.0986,2.4159,1
IMP00775,7308377.73,21.0,2.0,5.0,0.839,0.4904,142.2,0.0952,0.0,0.0037,0.1183,0.0,0.3884,0.1393,9.0,0.2222,15.8045,3.091,1,2.3026,4.9642,3
IMP00776,884172.49,2.0,1.0,1.0,1.5735,0.606,94.2,0.0,0.0,0.0,0.0,0.0,0.4414,0.0127,1.0,0.0,13.6924,1.0986,0,0.6931,4.556,2
IMP00777,25372535.56,39.0,3.0,6.0,1.1125,0.5065,115.2,0.2564,0.0,0.0191,0.0279,0.0,0.3758,0.1295,10.0,0.4,17.0492,3.6889,1,2.3979,4.7553,3
IMP00778,0.0,3.0,1.0,2.0,1.025,0.495,67.7,0.0,0.0,0.0,0.0873,0.0,0.3672,0.0125,1.0,0.0,0.0,1.3863,0,0.6931,4.2297,1
IMP00779,90951088.16,80.0,2.0,10.0,0.945,0.5263,197.3,0.05,0.0,0.1091,0.1312,0.0,0.4161,0.0238,26.0,0.0385,18.3258,4.3944,0,3.2958,5.2898,2
IMP00780,93770080.69,242.0,3.0,23.0,0.992,0.6313,185.3,0.0702,0.0,0.0288,0.0503,0.0,0.3921,0.0242,26.0,0.0385,18.3564,5.4931,0,3.2958,5.2274,2
IMP00781,126689524.32,143.0,4.0,17.0,1.037,0.4797,112.5,0.0629,0.0,0.1222,0.0987,0.0,0.4071,0.0293,34.0,0.0882,18.6572,4.9698,0,3.5553,4.7318,2
IMP00782,1290505.92,4.0,3.0,4.0,1.177,0.519,202.2,0.0,0.0,0.2452,0.0,0.0,0.4581,0.1004,1.0,0.0,14.0705,1.6094,0,0.6931,5.3142,2
IMP00783,41894471.96,69.0,1.0,6.0,0.921,0.55,94.2,0.029,0.0,0.0407,0.0007,0.0,0.3745,0.015,6.0,0.0,17.5507,4.2485,0,1.9459,4.556,2
IMP00784,137059591.76,211.0,1.0,18.0,0.906,0.5726,185.2,0.0569,0.0,0.0342,0.0498,0.0049,0.3773,0.0235,51.0,0.0,18.7359,5.3566,0,3.9512,5.2268,2
IMP00785,11929627.56,91.0,2.0,14.0,1.048,0.4896,168.0,0.044,0.0,0.0207,0.0,0.0,0.3764,0.0352,10.0,0.1,16.2945,4.5218,0,2.3979,5.1299,2
IMP00786,36484061.36,97.0,2.0,15.0,1.077,0.5176,164.5,0.0309,0.0,0.0362,0.0,0.0,0.3598,0.0134,5.0,0.0,17.4124,4.585,0,1.7918,5.109,2
IMP00787,160589914.75,113.0,3.0,14.0,1.177,0.539,155.8,0.0531,0.0,0.0273,0.1309,0.0,0.3992,0.02,11.0,0.0,18.8944,4.7362,0,2.4849,5.055,2
IMP00788,1248263955.21,341.0,1.0,20.0,0.928,0.5058,102.8,0.0469,0.0,0.0326,0.0403,0.0,0.3694,0.0172,78.0,0.0,20.945,5.8348,0,4.3694,4.6425,2
IMP00789,1454670.6,16.0,2.0,4.0,0.8405,0.5707,102.6,0.0625,0.0,0.0,0.0,0.0,0.376,0.0293,4.0,0.0,14.1903,2.8332,0,1.6094,4.6405,2
IMP00790,35793653.84,25.0,2.0,3.0,0.997,0.522,15.7,0.12,0.0,0.0382,0.1099,0.0,0.427,0.0189,0.0,0.0,17.3933,3.2581,0,0.0,2.8154,2
IMP00791,0.0,0.0,0.0,0.0,1.0,0.0,0.0,0.0,0.0,0.0,0.0,0.0,0.3946,0.0,0.0,0.0,0.0,0.0,0,0.0,0.0,1
IMP00792,86355776.76,144.0,2.0,15.0,0.962,0.601,106.1,0.0833,0.0,0.0153,0.0818,0.0229,0.3896,0.0186,23.0,0.0435,18.274,4.9767,0,3.1781,4.6738,2
IMP00793,21993780.67,96.0,4.0,7.0,0.83,0.4494,95.1,0.2812,0.0,0.0278,0.0672,0.0,0.3976,0.3332,36.0,0.6111,16.9063,4.5747,0,3.6109,4.5654,4
IMP00794,0.0,1.0,1.0,1.0,0.912,0.566,116.1,0.0,0.0,0.0,0.0,0.0,0.3445,0.0284,1.0,0.0,0.0,0.6931,0,0.6931,4.763,1
IMP00795,5913054.65,8.0,2.0,2.0,1.132,0.406,155.0,0.0,0.0,0.0659,0.0,0.0,0.369,0.0147,0.0,0.0,15.5927,2.1972,0,0.0,5.0499,2
IMP00796,97849898.39,163.0,4.0,18.0,0.989,0.5299,187.8,0.0429,0.0,0.0453,0.1081,0.0,0.3903,0.0232,18.0,0.0,18.3989,5.0999,0,2.9444,5.2407,2
IMP00797,239425716.65,486.0,2.0,21.0,1.0205,0.5579,68.9,0.0535,0.0,0.0215,0.0589,0.0037,0.4016,0.0287,34.0,0.0294,19.2938,6.1883,0,3.5553,4.2471,2
IMP00798,832755709.65,116.0,2.0,9.0,0.945,0.4958,168.3,0.0862,0.0,0.0498,0.0,0.0311,0.4119,0.0197,9.0,0.2222,20.5403,4.7622,0,2.3026,5.1317,2
IMP00799,31308829.78,10.0,3.0,3.0,0.844,0.595,195.5,0.0,0.0,0.094,0.0,0.0,0.3955,0.0164,2.0,0.0,17.2594,2.3979,0,1.0986,5.2807,2
IMP00800,375076141.9,270.0,4.0,35.0,1.0505,0.5293,127.3,0.0556,0.0,0.0412,0.0146,0.0123,0.3875,0.0255,23.0,0.0435,19.7426,5.6021,0,3.1781,4.8544,2
IMP00801,2492363.36,4.0,1.0,2.0,0.9835,0.545,70.6,0.0,0.0,0.1202,0.0,0.0,0.3888,0.0131,1.0,0.0,14.7287,1.6094,0,0.6931,4.2711,2
IMP00802,1086487228.03,566.0,2.0,41.0,0.9745,0.5835,73.3,0.0495,0.0,0.0301,0.2102,0.0174,0.4599,0.025,42.0,0.0,20.8062,6.3404,0,3.7612,4.3081,2
IMP00803,1345593.63,4.0,2.0,2.0,0.8175,0.517,107.4,0.25,0.0,0.0,0.0,0.0,0.3606,0.0171,1.0,0.0,14.1123,1.6094,0,0.6931,4.6858,2
IMP00804,3348168.45,4.0,3.0,4.0,0.9335,0.48,135.5,0.0,0.0,0.0,0.0002,0.0,0.3419,0.0092,1.0,0.0,15.0239,1.6094,0,0.6931,4.9163,2
IMP00805,100667099.32,56.0,3.0,9.0,0.978,0.6132,23.3,0.1071,0.0,0.0528,0.0603,0.0,0.4188,0.0166,12.0,0.0,18.4273,4.0431,0,2.5649,3.1905,2
IMP00806,22419949.18,18.0,1.0,2.0,0.8825,0.511,125.8,0.2222,0.0,0.0073,0.0292,0.0,0.3895,0.0911,7.0,0.1429,16.9255,2.9444,0,2.0794,4.8426,2
IMP00807,0.0,0.0,0.0,0.0,1.0,0.0,0.0,0.0,0.0,0.0,0.0,0.0,0.3946,0.0,0.0,0.0,0.0,0.0,0,0.0,0.0,1
IMP00808,1846299732.78,480.0,4.0,26.0,0.9435,0.5312,199.5,0.0458,0.0,0.0278,0.0,0.0087,0.4099,0.0209,58.0,0.0,21.3364,6.1759,0,4.0775,5.3008,2
IMP00809,625295370.4,121.0,1.0,10.0,1.144,0.5106,202.7,0.0496,0.0,0.0568,0.0,0.0,0.4284,0.0173,5.0,0.0,20.2537,4.804,0,1.7918,5.3166,2
IMP00810,593139673.69,525.0,4.0,29.0,0.991,0.5272,77.0,0.0362,0.0,0.025,0.0801,0.0202,0.4099,0.0191,40.0,0.05,20.2009,6.2653,0,3.7136,4.3567,2
IMP00811,2102330.89,28.0,4.0,10.0,1.2225,0.471,108.0,0.1071,0.0,0.0175,0.0,0.0,0.3827,0.0263,2.0,0.0,14.5586,3.3673,0,1.0986,4.6913,2
IMP00812,20025557.02,28.0,3.0,7.0,1.001,0.5921,57.7,0.0357,0.0,0.0189,0.0002,0.0,0.3795,0.0227,4.0,0.0,16.8125,3.3673,0,1.6094,4.0724,2
IMP00813,85799223.59,48.0,4.0,14.0,1.022,0.4633,49.7,0.0833,0.0,0.1412,0.0904,0.0,0.4313,0.0137,14.0,0.0,18.2675,3.8918,0,2.7081,3.9259,2
IMP00814,629589.07,7.0,2.0,4.0,1.005,0.5733,151.4,0.0,0.0,0.0,0.0,0.0,0.3558,0.025,0.0,0.0,13.3528,2.0794,0,0.0,5.0265,2
IMP00815,622816706.9,661.0,2.0,50.0,1.007,0.6189,76.7,0.0499,0.0,0.0345,0.1458,0.025,0.4227,0.0218,66.0,0.0152,20.2498,6.4953,0,4.2047,4.3529,2
IMP00816,944791.88,3.0,2.0,2.0,0.95,0.543,65.1,0.0,0.0,0.0,0.0,0.0,0.4015,0.0208,0.0,0.0,13.7587,1.3863,0,0.0,4.1912,2
IMP00817,0.0,1.0,1.0,1.0,1.307,0.522,128.9,0.0,0.0,0.0,0.0,0.0,0.3664,0.0413,0.0,0.0,0.0,0.6931,1,0.0,4.8668,3
IMP00818,293528125.48,1393.0,4.0,47.0,0.993,0.5191,199.0,0.0459,0.2247,0.0352,0.0703,0.0028,0.3952,0.0184,136.0,0.0147,19.4975,7.2399,0,4.92,5.2983,2
IMP00819,2139163.25,4.0,2.0,2.0,0.8445,0.5028,210.9,0.0,0.0,0.0,0.6212,0.0,0.4375,0.0245,1.0,0.0,14.5759,1.6094,0,0.6931,5.3561,2
IMP00820,12031630.29,54.0,4.0,5.0,0.8365,0.5158,209.6,0.1296,0.0,0.0261,0.0001,0.0,0.4221,0.1645,16.0,0.375,16.303,4.0073,0,2.8332,5.35,4
IMP00821,3055978.12,18.0,4.0,4.0,1.0715,0.4963,122.4,0.1111,0.0,0.0299,0.1387,0.0,0.3859,0.0162,4.0,0.25,14.9326,2.9444,0,1.6094,4.8154,2
IMP00822,5090144.4,9.0,3.0,4.0,1.069,0.4711,86.5,0.0,0.0,0.0,0.0874,0.0,0.3885,0.0127,1.0,0.0,15.4428,2.3026,0,0.6931,4.4716,2
IMP00823,21369789.28,77.0,5.0,10.0,0.982,0.5194,168.2,0.2987,0.0,0.0197,0.0646,0.0,0.3989,0.2469,27.0,0.5556,16.8775,4.3567,0,3.3322,5.1311,4
IMP00824,127550876.1,155.0,2.0,13.0,0.971,0.5657,91.1,0.0258,0.0,0.0561,0.0473,0.0261,0.4152,0.0211,32.0,0.0,18.664,5.0499,0,3.4965,4.5229,2
IMP00825,11678621.53,31.0,1.0,5.0,0.698,0.4693,204.1,0.0645,0.0,0.0795,0.0,0.0,0.4336,0.0479,7.0,0.0,16.2733,3.4657,0,2.0794,5.3235,2
IMP00826,71113198.29,99.0,2.0,12.0,0.966,0.4635,57.4,0.0505,0.0,0.0318,0.0,0.0,0.3955,0.0096,19.0,0.0,18.0798,4.6052,0,2.9957,4.0673,2
IMP00827,7605571.78,45.0,2.0,4.0,1.029,0.532,110.1,0.0889,0.0,0.0116,0.0,0.0,0.4018,0.0398,14.0,0.0714,15.8444,3.8286,0,2.7081,4.7104,2
IMP00828,0.0,0.0,0.0,0.0,1.0,0.0,0.0,0.0,0.0,0.0,0.0,0.0,0.3946,0.0,0.0,0.0,0.0,0.0,1,0.0,0.0,3
IMP00829,90321810.34,167.0,3.0,27.0,1.018,0.4506,184.5,0.0359,0.0,0.0156,0.0,0.0,0.3616,0.008,15.0,0.0,18.3189,5.124,0,2.7726,5.2231,2
IMP00830,642809.44,3.0,3.0,3.0,0.976,0.5,141.8,0.0,0.0,0.0037,0.0,0.0,0.4485,0.0631,1.0,0.0,13.3736,1.3863,0,0.6931,4.9614,2
IMP00831,0.0,3.0,1.0,1.0,0.936,0.522,4.0,0.0,0.0,0.0,0.0,0.0,0.4176,0.0153,3.0,0.0,0.0,1.3863,0,1.3863,1.6094,1
IMP00832,415640002.43,455.0,4.0,33.0,0.898,0.4105,175.5,0.0791,0.0,0.0506,0.0111,0.0048,0.3923,0.0362,70.0,0.1286,19.8453,6.1225,0,4.2627,5.1733,2
IMP00833,703206.07,8.0,2.0,5.0,1.038,0.685,85.4,0.0,0.0,0.0,0.0,0.0,0.3751,0.0144,3.0,0.0,13.4634,2.1972,0,1.3863,4.459,2
IMP00834,12413333.06,24.0,1.0,5.0,1.012,0.539,106.0,0.0,0.0,0.041,0.1477,0.0,0.3956,0.0146,1.0,0.0,16.3343,3.2189,0,0.6931,4.6728,2
IMP00835,5881420.59,84.0,3.0,14.0,0.878,0.5648,156.1,0.0357,0.0,0.0021,0.0,0.0,0.3556,0.0477,18.0,0.0,15.5873,4.4427,0,2.9444,5.0569,2
IMP00836,4328776.29,32.0,2.0,9.0,0.943,0.5629,111.4,0.0,0.0,0.0,0.0,0.0,0.3564,0.0411,4.0,0.0,15.2808,3.4965,0,1.6094,4.7221,2
IMP00837,99502122.76,207.0,5.0,33.0,1.152,0.4915,67.3,0.0676,0.0,0.0342,0.024,0.0,0.395,0.0517,20.0,0.25,18.4157,5.3375,0,3.0445,4.2239,2
IMP00838,227532939.28,261.0,4.0,31.0,1.0,0.5213,63.3,0.0536,0.0,0.0404,0.0782,0.0,0.4249,0.0214,32.0,0.0,19.2428,5.5683,0,3.4965,4.1636,2
IMP00839,356992.12,11.0,1.0,4.0,0.769,0.406,143.3,0.0,0.0,0.0,0.0,0.0,0.3753,0.0172,0.0,0.0,12.7855,2.4849,0,0.0,4.9719,2
IMP00840,2064372.04,2.0,1.0,1.0,0.918,0.51,170.0,0.0,0.0,0.0,0.0,0.0,0.3468,0.0298,0.0,0.0,14.5403,1.0986,0,0.0,5.1417,2
IMP00841,9815462.01,21.0,4.0,8.0,1.251,0.532,173.9,0.0,0.0,0.0261,0.0001,0.0,0.3911,0.0588,0.0,0.0,16.0995,3.091,0,0.0,5.1642,2
IMP00842,14570675.03,69.0,3.0,7.0,0.8175,0.55,177.6,0.2899,0.0,0.0643,0.0721,0.0,0.4051,0.3021,28.0,0.6071,16.4945,4.2485,0,3.3673,5.1851,4
IMP00843,116075548.55,118.0,3.0,12.0,1.0195,0.4085,142.6,0.0085,0.0,0.0103,0.1553,0.0322,0.4098,0.0322,11.0,0.0,18.5698,4.7791,0,2.4849,4.967,2
IMP00844,79951004.5,44.0,1.0,5.0,1.015,0.5164,17.1,0.0455,0.0,0.0271,0.0121,0.0,0.4244,0.0076,0.0,0.0,18.1969,3.8067,0,0.0,2.8959,2
IMP00845,330201.2,2.0,1.0,1.0,1.0365,0.516,164.9,0.0,0.0,0.0,0.0,0.0,0.3608,0.0338,0.0,0.0,12.7075,1.0986,0,0.0,5.1114,2
IMP00846,37829985.99,55.0,1.0,6.0,1.209,0.4619,65.0,0.0182,0.0,0.0,0.1808,0.0,0.3898,0.0159,4.0,0.0,17.4486,4.0254,0,1.6094,4.1897,2
IMP00847,5060796.38,5.0,3.0,5.0,1.111,0.579,104.2,0.2,0.0,0.0,0.0524,0.0,0.4014,0.0227,1.0,0.0,15.437,1.7918,0,0.6931,4.6559,2
IMP00848,5709404.2,20.0,1.0,6.0,1.249,0.46,204.4,0.2,0.0,0.0628,0.0,0.0,0.4092,0.0268,1.0,0.0,15.5576,3.0445,0,0.6931,5.325,2
IMP00849,427330.78,4.0,2.0,2.0,1.4065,0.471,203.7,0.0,0.0,0.0028,0.0655,0.0,0.5108,0.1925,1.0,0.0,12.9653,1.6094,0,0.6931,5.3215,2
IMP00850,513718590.79,520.0,1.0,12.0,1.004,0.5285,218.8,0.0673,0.0,0.0315,0.0968,0.0,0.4286,0.0452,50.0,0.08,20.0572,6.2558,0,3.9318,5.3927,2
IMP00851,41096593.34,67.0,2.0,10.0,1.134,0.5013,115.2,0.0597,0.0,0.0227,0.0,0.0,0.3761,0.013,6.0,0.0,17.5314,4.2195,0,1.9459,4.7553,2
IMP00852,8929286.86,17.0,1.0,2.0,0.858,0.3421,211.9,0.0588,0.0,0.0,0.0,0.0,0.3893,0.0212,0.0,0.0,16.0048,2.8904,0,0.0,5.3608,2
IMP00853,6838235.16,37.0,3.0,7.0,1.204,0.4843,146.4,0.0541,0.0,0.0288,0.0955,0.0,0.4181,0.0133,1.0,0.0,15.738,3.6376,0,0.6931,4.9931,2
IMP00854,27688342.3,15.0,1.0,1.0,0.935,0.4798,9.8,0.1333,0.0,0.053,0.0243,0.0,0.4325,0.0097,0.0,0.0,17.1365,2.7726,0,0.0,2.3795,2
IMP00855,16552131.75,37.0,5.0,10.0,1.049,0.5636,144.8,0.0541,0.0,0.0,0.0,0.0,0.3646,0.0259,4.0,0.0,16.622,3.6376,0,1.6094,4.9822,2
IMP00856,0.0,0.0,0.0,0.0,1.0,0.0,0.0,0.0,0.0,0.0,0.0,0.0,0.3946,0.0,0.0,0.0,0.0,0.0,0,0.0,0.0,1
IMP00857,65005477.05,110.0,3.0,22.0,1.0035,0.4634,55.0,0.0636,0.0,0.0935,0.0547,0.0,0.404,0.0196,21.0,0.0,17.99,4.7095,0,3.091,4.0254,2
IMP00858,23617250.4,24.0,1.0,2.0,1.374,0.5403,97.9,0.0417,0.0,0.093,0.1382,0.0,0.4326,0.1141,0.0,0.0,16.9775,3.2189,1,0.0,4.5941,3
IMP00859,126731972.54,89.0,3.0,9.0,1.0,0.5751,184.9,0.0899,0.0,0.0329,0.0,0.0,0.3706,0.0198,3.0,0.0,18.6576,4.4998,0,1.3863,5.2252,2
IMP00860,24571851.86,133.0,2.0,14.0,0.955,0.5097,118.6,0.0526,0.0,0.0589,0.0193,0.0,0.377,0.0445,13.0,0.0,17.0171,4.8978,0,2.6391,4.7842,2
IMP00861,255347657.64,658.0,1.0,7.0,1.001,0.4678,189.8,0.0441,0.0,0.068,0.0,0.0,0.4141,0.0166,65.0,0.0,19.3581,6.4907,0,4.1897,5.2512,2
IMP00862,422736231.61,425.0,4.0,41.0,0.911,0.5501,168.5,0.0612,0.0,0.0409,0.1294,0.0,0.3993,0.0468,55.0,0.0,19.8623,6.0544,0,4.0254,5.1329,2
IMP00863,632347018.39,610.0,1.0,12.0,0.992,0.5436,224.6,0.0508,0.0,0.0281,0.103,0.0249,0.448,0.0316,33.0,0.0,20.2649,6.4151,0,3.5264,5.4188,2
IMP00864,162033106.86,783.0,2.0,43.0,1.019,0.5114,86.2,0.0511,0.2567,0.0439,0.0,0.0,0.3778,0.0166,106.0,0.0,18.9033,6.6644,0,4.6728,4.4682,2
IMP00865,17420437.82,9.0,2.0,3.0,0.907,0.4867,128.3,0.1111,0.0,0.0063,0.0473,0.0,0.3846,0.0287,1.0,0.0,16.6732,2.3026,0,0.6931,4.8621,2
IMP00866,132226855.11,151.0,2.0,13.0,0.873,0.5182,146.0,0.053,0.0,0.0728,0.0,0.0,0.3688,0.0213,53.0,0.0377,18.7,5.0239,0,3.989,4.9904,2
IMP00867,300474.42,1.0,1.0,1.0,1.0,0.516,1.2,0.0,0.0,0.0,0.0,0.0,0.4311,0.0052,0.0,0.0,12.6131,0.6931,0,0.0,0.7885,2
IMP00868,11957530.01,31.0,5.0,11.0,1.0255,0.5039,212.5,0.0323,0.0,0.0193,0.0,0.0,0.3981,0.0473,5.0,0.0,16.2969,3.4657,0,1.7918,5.3636,2
IMP00869,2028212.36,3.0,1.0,1.0,0.98,0.5753,12.8,0.0,0.0,0.3293,0.0,0.0,0.4528,0.0138,0.0,0.0,14.5227,1.3863,0,0.0,2.6247,2
IMP00870,247682048.06,368.0,5.0,41.0,1.0575,0.5944,203.5,0.0516,0.0,0.023,0.108,0.0038,0.3968,0.0383,21.0,0.0476,19.3277,5.9108,0,3.091,5.3206,2
IMP00871,1474972.19,3.0,2.0,2.0,1.155,0.568,146.2,0.0,0.0,0.1797,0.0,0.0,0.3931,0.0099,0.0,0.0,14.2042,1.3863,0,0.0,4.9918,2
IMP00872,916144.54,1.0,1.0,1.0,0.774,0.566,15.0,0.0,0.0,0.0,0.0,0.0,0.401,0.0187,0.0,0.0,13.7279,0.6931,0,0.0,2.7726,2
IMP00873,817782501.08,499.0,5.0,42.0,0.998,0.4804,92.5,0.0762,0.0,0.0619,0.168,0.0096,0.4262,0.0433,128.0,0.0781,20.5221,6.2146,0,4.8598,4.538,2
IMP00874,47574164.01,98.0,1.0,10.0,1.267,0.345,70.7,0.051,0.0,0.104,0.0828,0.0,0.4586,0.0298,9.0,0.0,17.6778,4.5951,0,2.3026,4.2725,2
IMP00875,1164553.59,2.0,2.0,2.0,1.0145,0.579,157.0,0.0,0.0,0.0,0.0,0.0,0.3465,0.0112,1.0,0.0,13.9678,1.0986,0,0.6931,5.0626,2
IMP00876,24861631.75,93.0,1.0,8.0,1.2195,0.5588,186.6,0.0753,0.0,0.0072,0.0,0.0,0.426,0.0316,10.0,0.0,17.0288,4.5433,0,2.3979,5.2343,2
IMP00877,21102028.68,14.0,2.0,2.0,0.9605,0.5216,159.9,0.0714,0.0,0.0,0.0001,0.0,0.3596,0.0304,1.0,0.0,16.8649,2.7081,0,0.6931,5.0808,2
IMP00878,63868047.48,89.0,7.0,14.0,1.146,0.5905,66.2,0.0449,0.0,0.0462,0.028,0.0,0.3858,0.0438,12.0,0.0,17.9723,4.4998,0,2.5649,4.2077,2
IMP00879,108877894.26,145.0,2.0,14.0,1.014,0.5193,137.5,0.0345,0.0,0.0217,0.1661,0.021,0.4274,0.0455,17.0,0.0,18.5057,4.9836,0,2.8904,4.9309,2
IMP00880,224809326.19,86.0,1.0,7.0,0.908,0.6053,205.6,0.0465,0.0,0.0299,0.0,0.0,0.3824,0.0278,8.0,0.125,19.2308,4.4659,0,2.1972,5.3308,2
IMP00881,0.0,1.0,1.0,1.0,1.186,0.553,40.2,1.0,0.0,0.0,0.0,0.0,0.3818,0.0215,1.0,0.0,0.0,0.6931,1,0.6931,3.7184,3
IMP00882,268745875.66,55.0,4.0,16.0,1.0315,0.5272,190.5,0.0364,0.0,0.0267,0.0004,0.0,0.3972,0.0196,5.0,0.0,19.4093,4.0254,0,1.7918,5.2549,2
IMP00883,0.0,2.0,2.0,2.0,1.078,0.587,196.5,0.5,0.0,0.0,0.0,0.0,0.3847,0.0276,0.0,0.0,0.0,1.0986,0,0.0,5.2857,1
IMP00884,0.0,0.0,0.0,0.0,1.0,0.0,0.0,0.0,0.0,0.0,0.0,0.0,0.3946,0.0,0.0,0.0,0.0,0.0,0,0.0,0.0,1
IMP00885,12418531.55,17.0,2.0,5.0,1.077,0.398,161.7,0.0588,0.0,0.2686,0.0011,0.0,0.4129,0.0232,3.0,0.0,16.3347,2.8904,1,1.3863,5.0919,3
IMP00886,3715070.97,12.0,4.0,6.0,1.04,0.51,53.4,0.1667,0.0,0.1338,0.464,0.0,0.478,0.1544,5.0,0.4,15.1279,2.5649,1,1.7918,3.9964,3
IMP00887,959123495.51,148.0,3.0,16.0,0.993,0.5166,134.2,0.0338,0.0,0.0285,0.0,0.0068,0.3949,0.0161,17.0,0.0,20.6815,5.0039,0,2.8904,4.9068,2
IMP00888,115860345.24,91.0,2.0,11.0,0.871,0.526,125.9,0.0879,0.0,0.0158,0.0,0.0,0.3566,0.0137,19.0,0.0,18.5679,4.5218,0,2.9957,4.8434,2
IMP00889,154899345.74,299.0,4.0,20.0,1.016,0.5067,148.7,0.0803,0.0,0.021,0.0319,0.0025,0.3729,0.035,30.0,0.2333,18.8583,5.7038,0,3.434,5.0086,2
IMP00890,1876067.36,10.0,4.0,4.0,0.873,0.51,65.1,0.0,0.0,0.1395,0.0,0.0,0.4334,0.0742,0.0,0.0,14.4447,2.3979,0,0.0,4.1912,2
IMP00891,0.0,1.0,1.0,1.0,0.915,0.398,11.2,0.0,0.0,0.0,0.0,0.0,0.3959,0.0099,0.0,0.0,0.0,0.6931,0,0.0,2.5014,1
IMP00892,838801254.53,1137.0,4.0,49.0,0.983,0.5383,216.1,0.0677,0.0,0.0295,0.0737,0.0106,0.4249,0.0429,97.0,0.0309,20.5475,7.037,0,4.585,5.3804,2
IMP00893,2117470.89,11.0,1.0,3.0,0.877,0.4096,81.1,0.1818,0.0,0.0,0.0,0.0,0.3767,0.0408,2.0,0.0,14.5657,2.4849,0,1.0986,4.4079,2
IMP00894,1763890.58,4.0,2.0,3.0,1.19,0.51,149.6,0.25,0.0,0.0,0.0,0.0,0.3759,0.0676,1.0,0.0,14.383,1.6094,1,0.6931,5.0146,3
IMP00895,11559911.86,43.0,3.0,8.0,0.962,0.5037,89.2,0.1163,0.0,0.0335,0.0,0.0,0.3716,0.0636,6.0,0.3333,16.2631,3.7842,0,1.9459,4.502,2
IMP00896,160606812.03,201.0,2.0,20.0,1.219,0.5066,124.7,0.0249,0.0,0.0191,0.0437,0.0,0.3981,0.0193,11.0,0.0909,18.8945,5.3083,0,2.4849,4.8339,2
IMP00897,3829666165.64,4795.0,4.0,62.0,1.001,0.5263,127.0,0.0501,0.2377,0.0407,0.0996,0.0,0.3826,0.0265,354.0,0.0056,22.066,8.4755,0,5.8721,4.852,2
IMP00898,26863095.27,155.0,7.0,26.0,0.939,0.5286,120.5,0.0323,0.0,0.0437,0.0161,0.0,0.3654,0.0282,29.0,0.0,17.1063,5.0499,0,3.4012,4.7999,2
IMP00899,83321289.6,189.0,4.0,16.0,1.023,0.5628,190.5,0.037,0.0,0.0172,0.0637,0.0,0.3931,0.0257,15.0,0.0,18.2382,5.247,0,2.7726,5.2549,2
IMP00900,17923355.8,39.0,1.0,5.0,0.803,0.4815,218.7,0.0256,0.0,0.0,0.0071,0.0,0.4224,0.0412,10.0,0.0,16.7016,3.6889,0,2.3979,5.3923,2
IMP00901,7722902.82,6.0,1.0,1.0,1.2995,0.5595,156.7,0.0,0.0,0.0,0.0437,0.0,0.3917,0.107,0.0,0.0,15.8597,1.9459,0,0.0,5.0607,2
IMP00902,37279496.63,48.0,4.0,9.0,0.955,0.5461,209.7,0.0208,0.0,0.0,0.0055,0.0,0.3812,0.0193,12.0,0.0833,17.434,3.8918,0,2.5649,5.3504,2
IMP00903,56963558.75,57.0,3.0,13.0,0.931,0.4714,67.9,0.0877,0.0,0.0639,0.0003,0.0,0.3968,0.0171,7.0,0.0,17.8579,4.0604,0,2.0794,4.2327,2
IMP00904,60181269.61,113.0,1.0,19.0,0.743,0.5512,109.2,0.0619,0.0,0.0261,0.1066,0.0,0.3972,0.0419,12.0,0.0833,17.9129,4.7362,0,2.5649,4.7023,2
IMP00905,345742234.47,650.0,5.0,44.0,0.995,0.5686,63.3,0.04,0.0,0.0278,0.0862,0.0017,0.4032,0.0251,45.0,0.0,19.6612,6.4785,0,3.8286,4.1636,2
IMP00906,32359495.26,75.0,3.0,12.0,0.919,0.5391,155.3,0.0667,0.0,0.0574,0.0,0.0,0.3569,0.0259,17.0,0.0,17.2924,4.3307,0,2.8904,5.0518,2
IMP00907,34934515.77,39.0,3.0,6.0,1.122,0.565,121.8,0.0769,0.0,0.0138,0.0,0.0,0.3739,0.0153,3.0,0.0,17.369,3.6889,0,1.3863,4.8106,2
IMP00908,12282575.57,15.0,1.0,4.0,1.074,0.506,194.4,0.0667,0.0,0.1399,0.0,0.0,0.4031,0.0122,2.0,0.0,16.3237,2.7726,0,1.0986,5.275,2
IMP00909,87936790.8,55.0,3.0,7.0,0.944,0.6009,144.3,0.0182,0.0,0.0,0.2523,0.0,0.3912,0.0113,2.0,0.0,18.2921,4.0254,0,1.0986,4.9788,2
IMP00910,33712034.96,45.0,2.0,5.0,0.98,0.5254,169.2,0.0667,0.0,0.0656,0.0,0.0,0.3605,0.0116,6.0,0.0,17.3334,3.8286,0,1.9459,5.137,2
IMP00911,39114120.88,1.0,1.0,1.0,0.961,0.459,7.1,0.0,0.0,0.0,0.0,0.0,0.4265,0.0044,0.0,0.0,17.482,0.6931,0,0.0,2.0919,2
IMP00912,9108010.38,8.0,1.0,2.0,1.333,0.5044,172.2,0.0,0.0,0.0,0.0,0.0,0.3762,0.0307,0.0,0.0,16.0247,2.1972,0,0.0,5.1544,2
IMP00913,70084132.71,197.0,2.0,17.0,1.024,0.4992,80.0,0.0558,0.0,0.0415,0.026,0.0,0.385,0.0163,13.0,0.0,18.0652,5.2883,0,2.6391,4.3944,2
IMP00914,2514053.52,18.0,3.0,5.0,0.803,0.477,137.4,0.0556,0.0,0.0541,0.0,0.0,0.3819,0.0208,4.0,0.25,14.7374,2.9444,0,1.6094,4.9301,2
IMP00915,395495310.03,357.0,3.0,34.0,0.964,0.4723,118.0,0.0364,0.0,0.0258,0.0081,0.0,0.3649,0.0098,70.0,0.0,19.7956,5.8805,0,4.2627,4.7791,2
IMP00916,163410.73,4.0,1.0,2.0,0.72,0.495,212.7,0.0,0.0,0.217,0.6212,0.0,0.4727,0.054,1.0,0.0,12.004,1.6094,0,0.6931,5.3646,2
IMP00917,243870.49,1.0,1.0,1.0,0.889,0.392,28.0,0.0,0.0,0.0,0.0,0.0,0.3846,0.0106,0.0,0.0,12.4044,0.6931,0,0.0,3.3673,2
IMP00918,20646727.15,60.0,4.0,13.0,0.9225,0.5662,184.1,0.05,0.0,0.0092,0.0833,0.0,0.3806,0.0234,7.0,0.1429,16.8431,4.1109,0,2.0794,5.2209,2
IMP00919,266146567.73,75.0,2.0,9.0,1.104,0.5363,196.4,0.0533,0.0,0.013,0.0799,0.0,0.4288,0.0102,7.0,0.0,19.3996,4.3307,0,2.0794,5.2852,2
IMP00920,4682418.69,6.0,4.0,5.0,1.062,0.571,18.7,0.0,0.0,0.0,0.0,0.0,0.4054,0.0172,0.0,0.0,15.3593,1.9459,0,0.0,2.9806,2
IMP00921,51614680.22,146.0,3.0,6.0,0.791,0.4053,117.2,0.1027,0.0,0.0488,0.0244,0.0,0.4019,0.1094,43.0,0.186,17.7593,4.9904,0,3.7842,4.7724,2
IMP00922,636098872.97,315.0,1.0,22.0,1.011,0.4685,27.2,0.054,0.0,0.0279,0.0639,0.0,0.4264,0.0068,116.0,0.0,20.2709,5.7557,0,4.7622,3.3393,2
IMP00923,72642746.74,547.0,2.0,22.0,1.009,0.4829,112.2,0.0695,0.0,0.0553,0.0,0.0,0.3797,0.0166,45.0,0.0,18.1011,6.3063,0,3.8286,4.7292,2
IMP00924,1058831.61,1.0,1.0,1.0,0.94,0.529,105.4,0.0,0.0,0.0,0.0,0.0,0.334,0.103,0.0,0.0,13.8727,0.6931,0,0.0,4.6672,2
IMP00925,34870126.37,23.0,3.0,8.0,0.929,0.492,100.5,0.0435,0.0,0.0376,0.0347,0.0,0.3802,0.0166,1.0,0.0,17.3671,3.1781,0,0.6931,4.6201,2
IMP00926,14964528295.37,4419.0,4.0,34.0,0.969,0.602,176.5,0.052,0.0,0.0951,0.008,0.0008,0.3786,0.0215,657.0,0.0441,23.4289,8.3939,0,6.4892,5.179,2
IMP00927,10696134.2,49.0,3.0,8.0,0.983,0.5204,156.3,0.0612,0.0,0.0679,0.0,0.0,0.3805,0.0345,4.0,0.0,16.1854,3.912,0,1.6094,5.0582,2
IMP00928,17586194.75,30.0,4.0,12.0,0.761,0.5006,106.0,0.0333,0.0,0.0277,0.0,0.0,0.378,0.0213,0.0,0.0,16.6826,3.434,0,0.0,4.6728,2
IMP00929,4522007.34,6.0,2.0,3.0,0.9125,0.551,58.0,0.0,0.0,0.0795,0.0,0.0,0.4087,0.0527,1.0,0.0,15.3245,1.9459,0,0.6931,4.0775,2
IMP00930,63382104.33,96.0,3.0,9.0,0.9145,0.5542,102.7,0.0729,0.0,0.0051,0.0194,0.0,0.385,0.0184,10.0,0.0,17.9647,4.5747,0,2.3979,4.6415,2
IMP00931,1250177.66,1.0,1.0,1.0,0.989,0.5,5.0,0.0,0.0,0.0,0.0,0.0,0.4089,0.0061,0.0,0.0,14.0388,0.6931,0,0.0,1.7918,2
IMP00932,53129201.39,49.0,1.0,8.0,0.922,0.543,181.3,0.1224,0.0,0.0283,0.1203,0.0,0.3967,0.0208,8.0,0.0,17.7882,3.912,0,2.1972,5.2057,2
IMP00933,262462.89,2.0,1.0,1.0,0.6235,0.556,194.0,0.0,0.0,0.0015,0.0,0.0,0.4636,0.1798,0.0,0.0,12.4779,1.0986,0,0.0,5.273,2
IMP00934,31182411.25,116.0,1.0,18.0,0.8085,0.4613,77.8,0.0603,0.0,0.1089,0.0902,0.0,0.4028,0.0399,27.0,0.0,17.2554,4.7622,0,3.3322,4.3669,2
IMP00935,117367377.73,178.0,1.0,10.0,0.902,0.5203,210.8,0.0506,0.0,0.0323,0.0595,0.0,0.4159,0.0475,21.0,0.0476,18.5808,5.1874,0,3.091,5.3556,2
IMP00936,153430946.46,259.0,4.0,33.0,0.946,0.5203,102.2,0.0579,0.0,0.0241,0.1014,0.0036,0.4102,0.0387,27.0,0.037,18.8488,5.5607,0,3.3322,4.6367,2
IMP00937,375863671.73,414.0,1.0,18.0,1.153,0.4742,151.5,0.0411,0.0,0.0217,0.0632,0.0,0.4051,0.0096,43.0,0.0233,19.7447,6.0283,0,3.7842,5.0272,2
IMP00938,34847526.19,13.0,1.0,6.0,0.846,0.4683,8.8,0.0,0.0,0.0,0.0202,0.0,0.4453,0.0052,0.0,0.0,17.3665,2.6391,0,0.0,2.2824,2
IMP00939,18749146.76,4.0,2.0,3.0,0.9505,0.565,77.1,0.0,0.0,0.0,0.0,0.0,0.3539,0.0208,1.0,0.0,16.7467,1.6094,0,0.6931,4.358,2
IMP00940,0.0,0.0,0.0,0.0,1.0,0.0,0.0,0.0,0.0,0.0,0.0,0.0,0.3946,0.0,0.0,0.0,0.0,0.0,0,0.0,0.0,1
IMP00941,16121809.53,56.0,3.0,12.0,1.239,0.526,83.3,0.0714,0.0,0.0127,0.0,0.0,0.3937,0.0454,7.0,0.0,16.5957,4.0431,0,2.0794,4.4344,2
IMP00942,538335714.59,388.0,3.0,33.0,0.999,0.5559,217.8,0.0799,0.0,0.0168,0.1256,0.014,0.45,0.0544,28.0,0.1071,20.104,5.9636,0,3.3673,5.3882,2
IMP00943,5069028.8,25.0,4.0,5.0,0.912,0.4996,209.8,0.12,0.0,0.0311,0.0,0.0,0.4062,0.1528,4.0,0.5,15.4387,3.2581,1,1.6094,5.3509,3
IMP00944,18629093.59,18.0,3.0,5.0,1.0455,0.5438,13.9,0.1667,0.0,0.0,0.1381,0.0,0.4402,0.0314,0.0,0.0,16.7402,2.9444,0,0.0,2.7014,2
IMP00945,30905047.18,37.0,4.0,8.0,0.992,0.4594,174.7,0.1351,0.0,0.0334,0.0672,0.0,0.3642,0.014,4.0,0.25,17.2464,3.6376,0,1.6094,5.1688,2
IMP00946,150973493.05,268.0,2.0,25.0,0.9655,0.4391,66.1,0.0522,0.0,0.0183,0.0556,0.0,0.3787,0.0266,34.0,0.0294,18.8326,5.5947,0,3.5553,4.2062,2
IMP00947,2673723.26,14.0,1.0,3.0,1.01,0.569,69.8,0.0,0.0,0.0112,0.1124,0.0,0.4115,0.0316,6.0,0.0,14.799,2.7081,0,1.9459,4.2599,2
IMP00948,7565390.74,3.0,3.0,3.0,1.209,0.446,25.6,0.0,0.0,0.0,0.0,0.0,0.4139,0.0233,0.0,0.0,15.8391,1.3863,0,0.0,3.2809,2
IMP00949,116895633.16,74.0,2.0,10.0,1.2755,0.4892,103.6,0.0135,0.0,0.0159,0.0,0.0,0.3921,0.0098,5.0,0.0,18.5768,4.3175,0,1.7918,4.6501,2
IMP00950,1429205186.22,2659.0,2.0,38.0,1.005,0.4126,64.3,0.1151,0.0,0.0426,0.0712,0.0112,0.4136,0.152,554.0,0.2599,21.0804,7.8861,1,6.319,4.179,3
IMP00951,94249454.25,117.0,2.0,15.0,0.922,0.4986,151.4,0.0598,0.0,0.0061,0.0215,0.0,0.3605,0.0135,23.0,0.0,18.3615,4.7707,0,3.1781,5.0265,2
IMP00952,7283539.31,30.0,5.0,11.0,0.942,0.5195,217.3,0.0333,0.0,0.0775,0.2251,0.0,0.4613,0.1262,9.0,0.0,15.8011,3.434,0,2.3026,5.3859,2
IMP00953,7540493.63,30.0,4.0,10.0,0.927,0.565,172.1,0.0333,0.0,0.0483,0.0,0.0,0.3851,0.0162,3.0,0.0,15.8358,3.434,0,1.3863,5.1539,2
IMP00954,2306911.28,15.0,3.0,5.0,0.992,0.5173,75.1,0.2,0.0,0.0,0.3317,0.0,0.3946,0.0149,3.0,0.0,14.6514,2.7726,0,1.3863,4.332,2
IMP00955,75818117.06,93.0,4.0,15.0,1.041,0.5272,145.2,0.043,0.0,0.0954,0.1253,0.0,0.3958,0.0409,20.0,0.05,18.1438,4.5433,0,3.0445,4.985,2
IMP00956,0.0,2.0,1.0,1.0,1.008,0.565,173.1,0.5,0.0,0.0,0.0,0.0,0.3803,0.0764,1.0,0.0,0.0,1.0986,0,0.6931,5.1596,1
IMP00957,126062357.13,50.0,4.0,10.0,0.986,0.4604,8.6,0.04,0.0,0.0,0.0,0.0,0.4305,0.0032,0.0,0.0,18.6523,3.9318,0,0.0,2.2618,2
IMP00958,11520586.7,3.0,2.0,2.0,0.841,0.623,54.4,0.0,0.0,0.0,0.0863,0.0,0.3916,0.0217,0.0,0.0,16.2596,1.3863,0,0.0,4.0146,2
IMP00959,1493433682.69,318.0,1.0,8.0,0.857,0.5165,94.2,0.0346,0.0,0.0129,0.0,0.0,0.3978,0.0178,102.0,0.0,21.1243,5.7652,0,4.6347,4.556,2
IMP00960,85659357.91,48.0,1.0,4.0,0.96,0.5103,114.6,0.0208,0.0,0.0448,0.0601,0.0,0.3848,0.0556,1.0,0.0,18.2659,3.8918,0,0.6931,4.7501,2
IMP00961,64371536.47,42.0,2.0,6.0,1.0095,0.5416,59.7,0.0476,0.0,0.0227,0.1279,0.0,0.4235,0.0386,2.0,0.0,17.9802,3.7612,0,1.0986,4.1059,2
IMP00962,8785356.04,23.0,3.0,7.0,1.183,0.4321,52.0,0.087,0.0,0.0387,0.0,0.0,0.4241,0.093,3.0,0.0,15.9886,3.1781,0,1.3863,3.9703,2
IMP00963,14617356.32,19.0,3.0,6.0,1.004,0.5501,157.9,0.1053,0.0,0.0501,0.0276,0.0,0.3859,0.0257,3.0,0.0,16.4977,2.9957,0,1.3863,5.0683,2
IMP00964,36904699.39,51.0,1.0,9.0,0.911,0.5411,176.7,0.0392,0.0,0.0764,0.0421,0.0,0.392,0.0255,3.0,0.0,17.4238,3.9512,0,1.3863,5.1801,2
IMP00965,0.0,0.0,0.0,0.0,1.0,0.0,0.0,0.0,0.0,0.0,0.0,0.0,0.3946,0.0,0.0,0.0,0.0,0.0,0,0.0,0.0,1
IMP00966,81345.37,1.0,1.0,1.0,0.827,0.545,7.1,0.0,0.0,0.0,0.0,0.0,0.4161,0.0101,0.0,0.0,11.3065,0.6931,0,0.0,2.0919,2
IMP00967,18596685.8,46.0,4.0,9.0,0.9835,0.5013,58.2,0.0435,0.0,0.0096,0.0797,0.0,0.4132,0.0458,7.0,0.0,16.7385,3.8501,0,2.0794,4.0809,2
IMP00968,44304088.91,16.0,2.0,3.0,0.941,0.532,180.3,0.0,0.0,0.0,0.0,0.0,0.3603,0.0148,3.0,0.0,17.6066,2.8332,0,1.3863,5.2002,2
IMP00969,0.0,0.0,0.0,0.0,1.0,0.0,0.0,0.0,0.0,0.0,0.0,0.0,0.3946,0.0,0.0,0.0,0.0,0.0,0,0.0,0.0,1
IMP00970,771026528.95,720.0,3.0,31.0,0.947,0.6242,120.0,0.0361,0.2292,0.0407,0.0069,0.0085,0.375,0.0153,84.0,0.0119,20.4632,6.5806,0,4.4427,4.7958,2
IMP00971,0.0,0.0,0.0,0.0,1.0,0.0,0.0,0.0,0.0,0.0,0.0,0.0,0.3946,0.0,0.0,0.0,0.0,0.0,0,0.0,0.0,1
IMP00972,289591.74,3.0,2.0,2.0,0.354,0.565,174.6,0.0,0.0,0.081,0.0,0.0,0.4837,0.3543,1.0,0.0,12.5762,1.3863,0,0.6931,5.1682,4
IMP00973,609796.29,1.0,1.0,1.0,1.227,0.568,120.1,0.0,0.0,0.0,0.0,0.0,0.38,0.0298,0.0,0.0,13.3209,0.6931,0,0.0,4.7966,2
IMP00974,72170978.44,163.0,1.0,16.0,1.035,0.4999,204.2,0.0429,0.0,0.0082,0.0444,0.0276,0.4125,0.0248,13.0,0.0,18.0945,5.0999,0,2.6391,5.324,2
IMP00975,38142560.49,57.0,2.0,8.0,1.037,0.5875,172.0,0.0702,0.0,0.0004,0.046,0.0,0.4094,0.0217,1.0,0.0,17.4568,4.0604,0,0.6931,5.1533,2
IMP00976,9776868.25,23.0,1.0,3.0,1.356,0.5351,51.7,0.0,0.0,0.0038,0.0,0.0,0.4337,0.0377,3.0,0.0,16.0955,3.1781,0,1.3863,3.9646,2
IMP00977,26115620.69,26.0,2.0,4.0,1.1925,0.553,211.2,0.0,0.0,0.0201,0.1158,0.0,0.4144,0.0324,0.0,0.0,17.078,3.2958,0,0.0,5.3575,2
IMP00978,6801315.44,12.0,2.0,3.0,0.9615,0.5316,53.3,0.25,0.0,0.0,0.0218,0.0,0.415,0.0276,2.0,0.0,15.7326,2.5649,0,1.0986,3.9945,2
IMP00979,125209900.85,166.0,3.0,23.0,0.919,0.5165,89.7,0.0482,0.0,0.0188,0.0,0.0,0.3674,0.018,36.0,0.0,18.6455,5.118,0,3.6109,4.5076,2
IMP00980,55573578.08,282.0,1.0,10.0,0.95,0.5268,51.1,0.0532,0.0,0.0797,0.0708,0.0026,0.4171,0.0277,22.0,0.0,17.8332,5.6454,0,3.1355,3.9532,2
IMP00981,0.0,1.0,1.0,1.0,0.936,0.5,189.0,0.0,0.0,0.0,0.0,0.0,0.3735,0.032,1.0,0.0,0.0,0.6931,0,0.6931,5.247,1
IMP00982,119765063.91,89.0,1.0,10.0,1.012,0.5661,18.1,0.0337,0.0,0.0632,0.0341,0.0,0.444,0.0288,4.0,0.0,18.601,4.4998,0,1.6094,2.9497,2
IMP00983,3762325.07,18.0,2.0,5.0,1.1825,0.539,169.3,0.0,0.0,0.0,0.1389,0.0,0.3865,0.014,4.0,0.0,15.1405,2.9444,0,1.6094,5.1376,2
IMP00984,732135.23,5.0,2.0,2.0,0.926,0.491,184.7,0.0,0.0,0.0,0.0002,0.0,0.3709,0.0101,0.0,0.0,13.5037,1.7918,0,0.0,5.2241,2
IMP00985,12503650.46,6.0,2.0,3.0,1.0255,0.5712,62.4,0.0,0.0,0.0,0.0873,0.0,0.3953,0.0167,2.0,0.0,16.3415,1.9459,0,1.0986,4.1495,2
IMP00986,2759544.93,8.0,3.0,4.0,1.1745,0.465,84.0,0.0,0.0,0.0,0.0,0.0,0.3718,0.0257,2.0,0.0,14.8306,2.1972,0,1.0986,4.4427,2
IMP00987,163685930.4,161.0,1.0,20.0,0.8885,0.5212,157.8,0.0559,0.0,0.0326,0.019,0.0,0.3656,0.0277,26.0,0.0,18.9135,5.0876,0,3.2958,5.0676,2
IMP00988,1228338.11,6.0,2.0,5.0,0.937,0.543,92.9,0.0,0.0,0.0,0.0005,0.0,0.3668,0.015,0.0,0.0,14.0212,1.9459,0,0.0,4.5422,2
IMP00989,553814707.78,379.0,5.0,37.0,0.966,0.4356,207.9,0.066,0.0,0.0195,0.1502,0.0189,0.4587,0.0351,61.0,0.0656,20.1323,5.9402,0,4.1271,5.3419,2
IMP00990,22101335.19,42.0,3.0,5.0,0.9365,0.5662,100.4,0.0952,0.0,0.0219,0.0,0.0,0.3869,0.0863,7.0,0.1429,16.9111,3.7612,0,2.0794,4.6191,2
IMP00991,0.0,3.0,1.0,1.0,1.238,0.5333,151.5,0.0,0.0,0.258,0.0,0.0,0.4465,0.0082,0.0,0.0,0.0,1.3863,0,0.0,5.0272,1
IMP00992,151192605.62,548.0,4.0,20.0,1.01,0.4964,190.7,0.0511,0.0,0.0267,0.0683,0.0,0.393,0.0222,43.0,0.0233,18.8341,6.3081,0,3.7842,5.2559,2
IMP00993,0.0,1.0,1.0,1.0,0.979,0.506,125.6,0.0,0.0,0.0,0.0,0.0,0.3345,0.0116,0.0,0.0,0.0,0.6931,0,0.0,4.841,1
IMP00994,0.0,1.0,1.0,1.0,0.681,0.5,88.7,0.0,0.0,0.0,0.001,0.0,0.3938,0.0376,0.0,0.0,0.0,0.6931,0,0.0,4.4965,1
IMP00995,29039435.93,38.0,1.0,4.0,0.8335,0.5673,118.2,0.0263,0.0,0.0482,0.0,0.0,0.3589,0.0255,5.0,0.0,17.1842,3.6636,0,1.7918,4.7808,2
IMP00996,63604730.6,70.0,2.0,10.0,0.909,0.5609,223.5,0.0429,0.0,0.0739,0.0,0.0,0.4255,0.0361,10.0,0.0,17.9682,4.2627,0,2.3979,5.4139,2
IMP00997,342971088.1,155.0,1.0,9.0,1.018,0.5232,163.4,0.0645,0.0,0.047,0.0962,0.0,0.3739,0.0253,10.0,0.1,19.6532,5.0499,0,2.3979,5.1023,2
IMP00998,201614865.27,191.0,1.0,22.0,0.979,0.5118,150.4,0.0733,0.0,0.0359,0.039,0.0,0.3713,0.0145,15.0,0.0,19.1219,5.2575,0,2.7726,5.0199,2
IMP00999,3014903871.13,2587.0,6.0,44.0,0.979,0.5015,164.3,0.0514,0.2389,0.0529,0.1313,0.0083,0.4176,0.0202,403.0,0.0174,21.8268,7.8586,0,6.0014,5.1078,2
IMP01000,40398212.31,67.0,4.0,12.0,1.095,0.5182,153.4,0.0746,0.0,0.0149,0.1113,0.0,0.3747,0.0236,7.0,0.1429,17.5143,4.2195,0,2.0794,5.0395,2
IMP01001,1843715827.9,1128.0,5.0,74.0,0.973,0.519,157.2,0.0621,0.2376,0.0491,0.0885,0.0005,0.401,0.0317,184.0,0.0761,21.335,7.0291,0,5.2204,5.0639,2
IMP01002,43301555.36,28.0,2.0,4.0,0.9645,0.5658,8.6,0.0,0.0,0.0345,0.1543,0.0,0.4708,0.0163,0.0,0.0,17.5837,3.3673,0,0.0,2.2618,2
IMP01003,1977294.16,11.0,1.0,1.0,0.908,0.542,184.0,0.0909,0.0,0.0,0.0238,0.0,0.3786,0.0219,1.0,0.0,14.4972,2.4849,0,0.6931,5.2204,2
IMP01004,327938298.11,629.0,1.0,20.0,0.991,0.5197,128.9,0.0604,0.0,0.0187,0.0198,0.0135,0.3753,0.04,102.0,0.049,19.6083,6.4457,0,4.6347,4.8668,2
IMP01005,7243238.89,24.0,4.0,7.0,0.781,0.567,199.2,0.0833,0.0,0.0,0.0,0.0,0.3916,0.0919,6.0,0.3333,15.7956,3.2189,0,1.9459,5.2993,2
IMP01006,67679273.74,115.0,3.0,11.0,1.014,0.5102,132.9,0.0261,0.0,0.0954,0.0319,0.0,0.3886,0.0522,20.0,0.05,18.0303,4.7536,0,3.0445,4.8971,2
IMP01007,718879846.4,628.0,2.0,45.0,0.968,0.5774,100.2,0.0398,0.0,0.0398,0.0936,0.0094,0.3972,0.0266,66.0,0.0152,20.3932,6.4441,0,4.2047,4.6171,2
IMP01008,26461587.3,15.0,1.0,5.0,0.981,0.5616,18.1,0.0667,0.0,0.0281,0.0351,0.0,0.4274,0.0133,0.0,0.0,17.0912,2.7726,0,0.0,2.9497,2
IMP01009,31309290.54,84.0,4.0,11.0,0.9355,0.5525,155.9,0.0357,0.0,0.0285,0.0002,0.0,0.3677,0.031,5.0,0.0,17.2594,4.4427,0,1.7918,5.0556,2
IMP01010,6415686.55,29.0,2.0,9.0,1.363,0.5397,123.5,0.069,0.0,0.0517,0.0,0.0,0.4097,0.0152,2.0,0.0,15.6743,3.4012,0,1.0986,4.8243,2
IMP01011,1070293555.66,562.0,4.0,55.0,1.0255,0.5656,120.4,0.0534,0.0,0.0255,0.0,0.0001,0.3672,0.0203,100.0,0.01,20.7912,6.3333,0,4.6151,4.7991,2
IMP01012,32018406.04,52.0,5.0,16.0,1.025,0.5402,149.0,0.0192,0.0,0.0,0.0151,0.0,0.3768,0.0288,6.0,0.0,17.2818,3.9703,0,1.9459,5.0106,2
IMP01013,48890268.77,116.0,3.0,17.0,0.958,0.582,211.9,0.1034,0.0,0.0066,0.0183,0.0,0.4131,0.1139,25.0,0.28,17.7051,4.7622,0,3.2581,5.3608,2
IMP01014,686907.0,1.0,1.0,1.0,0.651,0.33,174.7,0.0,0.0,0.0,0.0,0.0,0.4465,0.0501,0.0,0.0,13.44,0.6931,0,0.0,5.1688,2
IMP01015,400959072.44,419.0,4.0,41.0,1.06,0.4996,77.5,0.0406,0.0,0.0257,0.1235,0.0021,0.4424,0.0163,24.0,0.0,19.8094,6.0403,0,3.2189,4.3631,2
IMP01016,86872279.95,263.0,4.0,32.0,1.059,0.5326,63.7,0.038,0.0,0.0174,0.0,0.0,0.3952,0.0278,27.0,0.037,18.2799,5.5759,0,3.3322,4.1698,2
IMP01017,554695.5,6.0,3.0,3.0,0.8475,0.33,95.4,0.1667,0.0,0.0,0.0,0.0,0.3779,0.0327,1.0,0.0,13.2262,1.9459,0,0.6931,4.5685,2
IMP01018,117500688.06,90.0,3.0,13.0,0.947,0.5018,128.9,0.0222,0.0,0.1284,0.1644,0.0087,0.4228,0.0252,37.0,0.0,18.582,4.5109,0,3.6376,4.8668,2
IMP01019,13075717.68,12.0,3.0,3.0,1.087,0.5688,7.6,0.0833,0.0,0.0,0.0,0.0,0.4252,0.0162,0.0,0.0,16.3863,2.5649,0,0.0,2.1518,2
IMP01020,28938466.35,37.0,4.0,10.0,0.9705,0.5655,128.8,0.027,0.0,0.0411,0.1487,0.0,0.3801,0.0218,6.0,0.0,17.1807,3.6376,0,1.9459,4.866,2
IMP01021,0.0,0.0,0.0,0.0,1.0,0.0,0.0,0.0,0.0,0.0,0.0,0.0,0.3946,0.0,0.0,0.0,0.0,0.0,0,0.0,0.0,1
IMP01022,0.0,5.0,3.0,3.0,1.308,0.4978,128.4,0.0,0.0,0.0,0.0,0.0,0.3717,0.0338,0.0,0.0,0.0,1.7918,0,0.0,4.8629,1
IMP01023,45181795.59,37.0,3.0,8.0,0.994,0.5567,65.3,0.0,0.0,0.0223,0.2298,0.0,0.4012,0.0156,4.0,0.0,17.6262,3.6376,0,1.6094,4.1942,2
IMP01024,51441863.67,209.0,5.0,23.0,1.045,0.5588,83.7,0.2201,0.0,0.0232,0.031,0.0,0.4071,0.2158,66.0,0.5152,17.756,5.3471,0,4.2047,4.4391,4
IMP01025,330860218.45,513.0,4.0,18.0,0.949,0.4728,104.6,0.0682,0.0,0.0351,0.1075,0.0158,0.4035,0.0434,84.0,0.1071,19.6172,6.2422,0,4.4427,4.6597,2
IMP01026,13363589.74,69.0,4.0,7.0,0.743,0.4688,65.7,0.2174,0.0,0.0108,0.0361,0.0,0.4288,0.2888,22.0,0.6364,16.408,4.2485,0,3.1355,4.2002,4
IMP01027,59831608.32,115.0,3.0,14.0,0.937,0.4887,193.7,0.0609,0.0,0.0245,0.0436,0.0,0.3967,0.0205,9.0,0.0,17.907,4.7536,0,2.3026,5.2715,2
IMP01028,238626303.36,243.0,3.0,24.0,1.069,0.5386,125.1,0.0494,0.0,0.0801,0.1162,0.0,0.4189,0.033,81.0,0.0,19.2904,5.4972,0,4.4067,4.8371,2
IMP01029,138299672.73,36.0,1.0,4.0,0.822,0.33,197.6,0.0556,0.0,0.0,0.0,0.0,0.389,0.0093,10.0,0.0,18.7449,3.6109,0,2.3979,5.2913,2
IMP01030,13520819.66,24.0,3.0,7.0,1.0945,0.543,173.9,0.0,0.0,0.0,0.0,0.0,0.3641,0.0114,5.0,0.0,16.4197,3.2189,0,1.7918,5.1642,2
IMP01031,292040.34,1.0,1.0,1.0,1.928,0.543,11.2,0.0,0.0,0.934,0.0,0.0,0.6401,0.0513,0.0,0.0,12.5847,0.6931,0,0.0,2.5014,2
IMP01032,518930721.79,361.0,1.0,33.0,0.918,0.5887,106.6,0.0693,0.0,0.0262,0.0,0.0,0.3543,0.0206,75.0,0.0133,20.0673,5.8916,0,4.3307,4.6784,2
IMP01033,1068722.77,2.0,2.0,2.0,0.876,0.585,176.8,0.0,0.0,0.0,0.0,0.0,0.3607,0.0138,0.0,0.0,13.882,1.0986,1,0.0,5.1807,3
IMP01034,20869463.48,57.0,2.0,10.0,0.944,0.5347,94.8,0.0351,0.0,0.058,0.0276,0.0,0.3859,0.0344,19.0,0.0,16.8538,4.0604,0,2.9957,4.5623,2
IMP01035,0.0,0.0,0.0,0.0,1.0,0.0,0.0,0.0,0.0,0.0,0.0,0.0,0.3946,0.0,0.0,0.0,0.0,0.0,1,0.0,0.0,3
IMP01036,27982750.27,24.0,4.0,7.0,0.8915,0.392,125.2,0.0833,0.0,0.0184,0.0,0.0,0.3646,0.0436,2.0,0.5,17.1471,3.2189,0,1.0986,4.8379,2
IMP01037,2554616882.13,4211.0,5.0,60.0,0.99,0.4982,68.9,0.053,0.2387,0.0409,0.0378,0.0002,0.3969,0.0173,274.0,0.0182,21.6612,8.3457,0,5.6168,4.2471,2
IMP01038,140487386.18,279.0,1.0,19.0,0.876,0.5131,134.5,0.0394,0.0,0.0225,0.0432,0.0199,0.3931,0.0286,88.0,0.0227,18.7606,5.6348,0,4.4886,4.909,2
IMP01039,32547966.26,69.0,4.0,14.0,1.084,0.5459,142.0,0.029,0.0,0.0203,0.091,0.0,0.4026,0.0277,11.0,0.0,17.2982,4.2485,0,2.4849,4.9628,2
IMP01040,15066942.43,81.0,4.0,20.0,0.928,0.5278,145.1,0.0988,0.0,0.055,0.0002,0.0,0.3665,0.0301,10.0,0.0,16.528,4.4067,0,2.3979,4.9843,2
IMP01041,983340706.66,658.0,1.0,27.0,0.935,0.517,178.0,0.0502,0.2173,0.0483,0.1648,0.0094,0.4219,0.0166,51.0,0.0,20.7065,6.4907,0,3.9512,5.1874,2
IMP01042,382085139.46,451.0,4.0,31.0,1.04,0.4334,60.9,0.0576,0.0,0.0355,0.1036,0.0157,0.4309,0.0254,165.0,0.0061,19.7612,6.1137,0,5.112,4.1255,2
IMP01043,413422185.53,649.0,3.0,27.0,0.9805,0.5306,133.8,0.0478,0.0,0.0332,0.0804,0.0124,0.4,0.023,62.0,0.0161,19.84,6.477,0,4.1431,4.9038,2
IMP01044,97870545.53,38.0,2.0,4.0,1.021,0.5114,112.6,0.0526,0.0,0.0364,0.0,0.0,0.3742,0.0223,4.0,0.25,18.3992,3.6636,0,1.6094,4.7327,2
IMP01045,98380002.83,380.0,2.0,30.0,0.9105,0.5599,142.8,0.0368,0.0,0.0214,0.0392,0.0,0.3649,0.027,34.0,0.0,18.4043,5.9428,0,3.5553,4.9684,2
IMP01046,182018830.67,674.0,2.0,24.0,1.0025,0.5006,71.0,0.0475,0.2404,0.0491,0.0111,0.0035,0.3812,0.012,56.0,0.0,19.0196,6.5147,0,4.0431,4.2767,2
IMP01047,150810485.02,261.0,3.0,22.0,1.121,0.5664,169.8,0.0575,0.0,0.0782,0.0,0.0,0.3761,0.0171,15.0,0.0667,18.8315,5.5683,0,2.7726,5.1405,2
IMP01048,2021408.57,3.0,1.0,1.0,1.272,0.49,112.8,0.0,0.0,0.2577,0.0,0.0,0.4399,0.0279,0.0,0.0,14.5193,1.3863,0,0.0,4.7344,2
IMP01049,0.0,1.0,1.0,1.0,1.003,0.607,153.8,0.0,0.0,0.0,0.0,0.0,0.3375,0.0085,1.0,0.0,0.0,0.6931,0,0.6931,5.0421,1
IMP01050,7431251.58,30.0,3.0,9.0,0.9065,0.4043,31.2,0.0333,0.0,0.0,0.166,0.0,0.4242,0.0341,17.0,0.0,15.8212,3.434,0,2.8904,3.472,2
IMP01051,9656381.78,19.0,4.0,6.0,0.969,0.5579,75.2,0.0,0.0,0.0498,0.0012,0.0,0.3863,0.0415,1.0,0.0,16.0831,2.9957,0,0.6931,4.3334,2
IMP01052,645593.46,1.0,1.0,1.0,0.916,0.5,9.2,0.0,0.0,0.0,0.0,0.0,0.4232,0.0067,0.0,0.0,13.3779,0.6931,0,0.0,2.3224,2
IMP01053,10116315.71,18.0,1.0,1.0,0.949,0.5409,73.4,0.1111,0.0,0.0527,0.0001,0.0,0.3848,0.0281,0.0,0.0,16.1297,2.9444,0,0.0,4.3095,2
IMP01054,20618057.35,65.0,1.0,9.0,0.973,0.4617,154.9,0.0308,0.0,0.018,0.1147,0.0,0.3605,0.0045,8.0,0.0,16.8417,4.1897,0,2.1972,5.0492,2
IMP01055,78627616.24,317.0,1.0,8.0,0.968,0.5199,70.3,0.2082,0.0,0.0404,0.0311,0.0067,0.4343,0.2092,127.0,0.315,18.1802,5.7621,1,4.852,4.2669,3
IMP01056,3382578.51,8.0,4.0,7.0,1.124,0.519,215.3,0.0,0.0,0.0,0.0,0.0,0.4254,0.0209,1.0,0.0,15.0341,2.1972,0,0.6931,5.3767,2
IMP01057,0.0,0.0,0.0,0.0,1.0,0.0,0.0,0.0,0.0,0.0,0.0,0.0,0.3946,0.0,0.0,0.0,0.0,0.0,0,0.0,0.0,1
IMP01058,0.0,3.0,1.0,1.0,0.944,0.543,183.2,0.0,0.0,0.0,0.1747,0.0,0.416,0.0217,2.0,0.0,0.0,1.3863,0,1.0986,5.216,1
IMP01059,0.0,2.0,1.0,1.0,0.819,0.562,130.1,0.0,0.0,0.0,0.0,0.0,0.3612,0.1786,1.0,0.0,0.0,1.0986,0,0.6931,4.876,1
IMP01060,2122540.91,3.0,1.0,3.0,1.146,0.4843,119.1,0.0,0.0,0.0,0.0,0.0,0.3971,0.012,1.0,0.0,14.5681,1.3863,0,0.6931,4.7883,2
IMP01061,93407043.12,46.0,4.0,10.0,1.046,0.5231,184.3,0.0435,0.0,0.0209,0.0,0.0,0.3836,0.0216,6.0,0.0,18.3525,3.8501,0,1.9459,5.222,2
IMP01062,87002721.82,83.0,4.0,14.0,1.058,0.521,185.2,0.0602,0.0,0.072,0.1798,0.0,0.4167,0.0436,15.0,0.0,18.2814,4.4308,0,2.7726,5.2268,2
IMP01063,160090522.41,368.0,1.0,36.0,1.003,0.6169,204.5,0.0408,0.0,0.0827,0.0473,0.0027,0.397,0.0423,171.0,0.0,18.8912,5.9108,0,5.1475,5.3254,2
IMP01064,184305691.52,434.0,3.0,44.0,0.9845,0.4905,210.2,0.0438,0.0,0.0219,0.006,0.0,0.3911,0.0181,28.0,0.0357,19.0321,6.0753,0,3.3673,5.3528,2
IMP01065,17257524.75,3.0,2.0,3.0,1.116,0.568,206.8,0.3333,0.0,0.0,0.0,0.0,0.4204,0.0224,0.0,0.0,16.6638,1.3863,0,0.0,5.3366,2
IMP01066,744004.49,7.0,3.0,3.0,0.822,0.4814,160.1,0.0,0.0,0.069,0.0,0.0,0.3901,0.0396,0.0,0.0,13.5198,2.0794,0,0.0,5.082,2
IMP01067,31749461.05,84.0,3.0,14.0,1.051,0.5184,216.0,0.1548,0.0,0.0497,0.1851,0.0,0.4287,0.1742,27.0,0.2963,17.2734,4.4427,1,3.3322,5.3799,3
IMP01068,65080818.74,88.0,2.0,11.0,0.9945,0.5064,80.3,0.0341,0.0,0.0944,0.1356,0.0,0.4009,0.0342,5.0,0.0,17.9911,4.4886,0,1.7918,4.3981,2
IMP01069,0.0,1.0,1.0,1.0,1.068,0.51,28.0,0.0,0.0,0.0,0.0,0.0,0.3814,0.0131,0.0,0.0,0.0,0.6931,0,0.0,3.3673,1
IMP01070,121418612.03,89.0,3.0,13.0,0.968,0.5833,151.8,0.0787,0.0,0.0116,0.0324,0.0367,0.3995,0.0472,11.0,0.1818,18.6148,4.4998,0,2.4849,5.0291,2
IMP01071,683633851.93,642.0,3.0,45.0,0.976,0.478,49.4,0.0561,0.0,0.023,0.1299,0.0293,0.4536,0.0267,96.0,0.0,20.3429,6.4661,0,4.5747,3.92,2
IMP01072,18382871.38,6.0,2.0,2.0,1.064,0.539,9.9,0.1667,0.0,0.1238,0.0437,0.0,0.51,0.0083,0.0,0.0,16.7269,1.9459,0,0.0,2.3888,2
IMP01073,493510.74,1.0,1.0,1.0,1.108,0.509,20.2,0.0,0.0,0.0,0.0,0.0,0.3919,0.0109,0.0,0.0,13.1093,0.6931,0,0.0,3.054,2
IMP01074,25790478.04,41.0,2.0,9.0,1.061,0.5641,90.6,0.122,0.0,0.0226,0.125,0.0,0.4066,0.0687,10.0,0.1,17.0655,3.7377,0,2.3979,4.5174,2
IMP01075,31964996.37,39.0,2.0,6.0,0.999,0.563,130.3,0.0256,0.0,0.0561,0.0,0.0,0.3584,0.0157,10.0,0.0,17.2802,3.6889,0,2.3979,4.8775,2
IMP01076,15844542.87,54.0,1.0,5.0,1.3495,0.4466,161.2,0.0741,0.0,0.0354,0.0463,0.0,0.4052,0.0116,6.0,0.0,16.5783,4.0073,0,1.9459,5.0888,2
IMP01077,238925.21,3.0,2.0,2.0,1.003,0.521,159.7,0.0,0.0,0.0,0.0,0.0,0.3563,0.0181,0.0,0.0,12.3839,1.3863,0,0.0,5.0795,2
IMP01078,21779372.56,23.0,3.0,6.0,0.961,0.4877,167.4,0.1304,0.0,0.0604,0.0114,0.0,0.3763,0.0099,1.0,0.0,16.8965,3.1781,0,0.6931,5.1263,2
IMP01079,64945424.59,18.0,2.0,5.0,1.239,0.501,66.4,0.1111,0.0,0.0268,0.0,0.0,0.4122,0.0186,4.0,0.0,17.9891,2.9444,0,1.6094,4.2106,2
IMP01080,514966.51,7.0,2.0,3.0,1.347,0.521,93.3,0.0,0.0,0.1397,0.0,0.0,0.4108,0.0442,1.0,0.0,13.1519,2.0794,1,0.6931,4.5465,3
IMP01081,5698929.83,13.0,1.0,2.0,0.919,0.4912,220.0,0.0,0.0,0.0,0.0202,0.0,0.418,0.0303,2.0,0.0,15.5558,2.6391,0,1.0986,5.3982,2
IMP01082,399668931.17,365.0,4.0,41.0,1.007,0.4841,171.1,0.0575,0.0,0.0429,0.0723,0.0,0.3819,0.0223,31.0,0.0645,19.8061,5.9026,0,3.4657,5.1481,2
IMP01083,5393232.88,25.0,4.0,4.0,0.999,0.522,221.4,0.28,0.0,0.1093,0.0994,0.0,0.4558,0.3687,8.0,0.75,15.5007,3.2581,0,2.1972,5.4045,4
IMP01084,70228831.26,123.0,1.0,14.0,1.001,0.5903,151.7,0.0488,0.0,0.0147,0.0894,0.0,0.3885,0.0213,8.0,0.0,18.0673,4.8203,0,2.1972,5.0285,2
IMP01085,69622268.99,19.0,1.0,5.0,0.953,0.5172,20.3,0.0526,0.0,0.0,0.0138,0.0,0.4154,0.0107,8.0,0.0,18.0586,2.9957,0,2.1972,3.0587,2
IMP01086,72518890.14,70.0,3.0,9.0,1.009,0.4021,142.2,0.0286,0.0,0.0135,0.1421,0.0,0.3773,0.0243,2.0,0.0,18.0994,4.2627,0,1.0986,4.9642,2
IMP01087,0.0,1.0,1.0,1.0,0.684,0.569,133.5,0.0,0.0,0.0,0.0,0.0,0.4252,0.1416,0.0,0.0,0.0,0.6931,1,0.0,4.9016,3
IMP01088,60834546.25,15.0,2.0,4.0,0.987,0.607,67.9,0.0667,0.0,0.0585,0.1749,0.0,0.4242,0.0102,0.0,0.0,17.9237,2.7726,0,0.0,4.2327,2
IMP01089,610383035.89,794.0,3.0,55.0,0.986,0.4741,195.5,0.0592,0.2267,0.0446,0.0992,0.0359,0.4338,0.0187,122.0,0.0,20.2296,6.6783,0,4.8122,5.2807,2
IMP01090,0.0,0.0,0.0,0.0,1.0,0.0,0.0,0.0,0.0,0.0,0.0,0.0,0.3946,0.0,0.0,0.0,0.0,0.0,0,0.0,0.0,1
IMP01091,2178675.8,2.0,2.0,2.0,0.9895,0.5,143.2,0.0,0.0,0.2385,0.131,0.0,0.4231,0.0192,1.0,0.0,14.5942,1.0986,0,0.6931,4.9712,2
IMP01092,83201538.27,13.0,2.0,4.0,1.008,0.512,146.2,0.0769,0.0,0.0,0.0,0.0,0.375,0.02,1.0,0.0,18.2368,2.6391,0,0.6931,4.9918,2
IMP01093,45202124.17,5.0,2.0,4.0,0.902,0.51,146.8,0.0,0.0,0.0,0.0,0.0,0.3654,0.0212,0.0,0.0,17.6267,1.7918,0,0.0,4.9959,2
IMP01094,0.0,1.0,1.0,1.0,0.993,0.553,104.7,0.0,0.0,0.0,0.0,0.0,0.3366,0.0201,0.0,0.0,0.0,0.6931,0,0.0,4.6606,1
IMP01095,51939792.9,144.0,3.0,22.0,0.975,0.4695,217.2,0.0417,0.0,0.0261,0.0518,0.0,0.4016,0.0348,15.0,0.0,17.7656,4.9767,0,2.7726,5.3854,2
IMP01096,0.0,1.0,1.0,1.0,1.452,0.506,141.4,0.0,0.0,0.0,0.0,0.0,0.3919,0.0132,0.0,0.0,0.0,0.6931,0,0.0,4.9586,1
IMP01097,9822268.48,36.0,4.0,11.0,0.9555,0.4717,161.8,0.0833,0.0,0.0344,0.0,0.0,0.3568,0.01,4.0,0.0,16.1002,3.6109,0,1.6094,5.0925,2
IMP01098,146519291.84,182.0,4.0,22.0,0.9795,0.4894,159.0,0.0495,0.0,0.0181,0.0,0.0,0.3575,0.021,26.0,0.0385,18.8027,5.2095,0,3.2958,5.0752,2
IMP01099,557624848.03,768.0,4.0,50.0,0.999,0.4969,126.6,0.0911,0.2331,0.0952,0.0905,0.0121,0.3985,0.0417,290.0,0.0828,20.1392,6.6451,0,5.6733,4.8489,2
IMP01100,0.0,0.0,0.0,0.0,1.0,0.0,0.0,0.0,0.0,0.0,0.0,0.0,0.3946,0.0,0.0,0.0,0.0,0.0,0,0.0,0.0,1
IMP01101,8909512.7,42.0,2.0,7.0,0.817,0.5659,140.4,0.119,0.0,0.0651,0.0,0.0,0.3965,0.1538,13.0,0.3077,16.0026,3.7612,1,2.6391,4.9516,3
IMP01102,0.0,0.0,0.0,0.0,1.0,0.0,0.0,0.0,0.0,0.0,0.0,0.0,0.3946,0.0,0.0,0.0,0.0,0.0,0,0.0,0.0,1
IMP01103,5616381.21,36.0,2.0,7.0,0.9165,0.5478,137.2,0.0278,0.0,0.0146,0.0,0.0,0.3648,0.0306,3.0,0.0,15.5412,3.6109,0,1.3863,4.9287,2
IMP01104,282999616.43,184.0,4.0,26.0,1.012,0.5258,75.8,0.0761,0.0,0.0325,0.044,0.0,0.3769,0.0114,10.0,0.0,19.461,5.2204,0,2.3979,4.3412,2
IMP01105,22879586.84,124.0,4.0,22.0,1.1875,0.4855,136.5,0.0403,0.0,0.0239,0.0,0.0,0.3762,0.0174,10.0,0.0,16.9458,4.8283,0,2.3979,4.9236,2
IMP01106,81279190.72,246.0,3.0,26.0,1.0285,0.5165,167.7,0.0528,0.0,0.0674,0.0101,0.0,0.3798,0.0131,32.0,0.0,18.2134,5.5094,0,3.4965,5.1281,2
IMP01107,4975191.91,4.0,2.0,3.0,0.9675,0.553,120.2,0.25,0.0,0.0,0.0005,0.0,0.365,0.0178,0.0,0.0,15.42,1.6094,0,0.0,4.7974,2
IMP01108,0.0,2.0,2.0,2.0,0.7515,0.495,154.5,0.0,0.0,0.0,0.0,0.0,0.3617,0.0153,0.0,0.0,0.0,1.0986,0,0.0,5.0466,1
IMP01109,623721.99,10.0,3.0,4.0,1.126,0.4776,70.2,0.1,0.0,0.0525,0.0,0.0,0.3956,0.0203,2.0,0.0,13.3435,2.3979,0,1.0986,4.2655,2
IMP01110,30878850.88,10.0,2.0,4.0,1.009,0.5599,92.9,0.1,0.0,0.0,0.0584,0.0,0.3945,0.011,1.0,0.0,17.2456,2.3979,0,0.6931,4.5422,2
IMP01111,56463329.07,321.0,4.0,32.0,1.094,0.5496,99.8,0.053,0.0,0.0314,0.0,0.0,0.4049,0.0251,23.0,0.0435,17.8491,5.7746,0,3.1781,4.6131,2
IMP01112,137869796.84,431.0,3.0,23.0,1.024,0.4488,95.0,0.0626,0.0,0.0393,0.0173,0.0,0.3652,0.0226,44.0,0.0,18.7418,6.0684,0,3.8067,4.5643,2
IMP01113,43356871.93,135.0,1.0,12.0,1.019,0.5173,145.9,0.0444,0.0,0.0387,0.1386,0.0,0.3731,0.0225,21.0,0.0,17.585,4.9127,0,3.091,4.9898,2
IMP01114,318903979.63,393.0,1.0,10.0,0.949,0.5208,179.0,0.0433,0.0,0.0336,0.1149,0.0037,0.3971,0.0214,65.0,0.0,19.5804,5.9764,0,4.1897,5.193,2
IMP01115,7051089.5,23.0,2.0,10.0,1.158,0.5622,156.9,0.087,0.0,0.0,0.0114,0.0,0.3884,0.0162,0.0,0.0,15.7687,3.1781,0,0.0,5.062,2
IMP01116,25713159.85,15.0,2.0,4.0,0.804,0.4759,177.2,0.0667,0.0,0.0,0.0524,0.0,0.3906,0.0237,1.0,0.0,17.0625,2.7726,0,0.6931,5.1829,2
IMP01117,38960326.76,70.0,1.0,12.0,0.7615,0.5612,192.9,0.0571,0.0,0.054,0.1065,0.0,0.3921,0.0405,5.0,0.0,17.4781,4.2627,0,1.7918,5.2673,2
IMP01118,198283369.53,147.0,1.0,10.0,0.977,0.4673,164.6,0.034,0.0,0.0123,0.0,0.0,0.3851,0.0078,17.0,0.0,19.1052,4.9972,0,2.8904,5.1096,2
IMP01119,30598806.57,55.0,4.0,10.0,1.047,0.5388,77.4,0.0909,0.0,0.0009,0.0453,0.0,0.3792,0.037,5.0,0.0,17.2365,4.0254,0,1.7918,4.3618,2
IMP01120,15487371.18,39.0,3.0,6.0,1.293,0.4744,93.7,0.0256,0.0,0.0022,0.0,0.0,0.393,0.0158,0.0,0.0,16.5555,3.6889,0,0.0,4.5507,2
IMP01121,0.0,1.0,1.0,1.0,0.944,0.539,32.2,0.0,0.0,0.0,0.263,0.0,0.4389,0.0057,0.0,0.0,0.0,0.6931,0,0.0,3.5025,1
IMP01122,11694063.14,42.0,4.0,8.0,0.728,0.5179,142.1,0.0952,0.0,0.0377,0.0,0.0,0.3774,0.0923,11.0,0.1818,16.2746,3.7612,0,2.4849,4.9635,2
IMP01123,5737282.34,5.0,2.0,2.0,1.5,0.392,140.2,0.0,0.0,0.0,0.4978,0.0,0.4516,0.0209,0.0,0.0,15.5625,1.7918,0,0.0,4.9502,2
IMP01124,14475765.9,32.0,2.0,5.0,0.881,0.529,22.8,0.0312,0.0,0.0357,0.0918,0.0,0.4405,0.0553,16.0,0.0625,16.488,3.4965,0,2.8332,3.1697,2
IMP01125,4356169.38,15.0,4.0,8.0,0.889,0.5334,139.2,0.0667,0.0,0.0,0.2182,0.0,0.4066,0.0353,2.0,0.0,15.2871,2.7726,0,1.0986,4.9431,2
IMP01126,42739929.51,32.0,1.0,6.0,0.944,0.5225,93.9,0.0938,0.0,0.0369,0.0491,0.0,0.4094,0.0142,6.0,0.0,17.5706,3.4965,0,1.9459,4.5528,2
IMP01127,252473021.09,472.0,2.0,21.0,1.1275,0.5514,180.3,0.053,0.0,0.0344,0.0488,0.0,0.394,0.0191,26.0,0.0385,19.3468,6.1591,0,3.2958,5.2002,2
IMP01128,8457003.97,5.0,2.0,2.0,1.04,0.5194,149.6,0.0,0.0,0.0,0.0,0.0,0.3406,0.0158,2.0,0.0,15.9505,1.7918,0,1.0986,5.0146,2
IMP01129,0.0,0.0,0.0,0.0,1.0,0.0,0.0,0.0,0.0,0.0,0.0,0.0,0.3946,0.0,0.0,0.0,0.0,0.0,0,0.0,0.0,1
IMP01130,177028536.14,646.0,2.0,29.0,1.0115,0.5417,141.1,0.0372,0.0,0.0223,0.0814,0.0179,0.3827,0.0178,51.0,0.0,18.9918,6.4723,0,3.9512,4.9565,2
IMP01131,1370723.24,2.0,1.0,1.0,0.8435,0.568,148.6,0.0,0.0,0.0,0.0,0.0,0.356,0.0354,0.0,0.0,14.1308,1.0986,0,0.0,5.008,2
IMP01132,292209898.56,433.0,5.0,46.0,1.0,0.5104,98.7,0.0531,0.0,0.0294,0.0,0.0,0.3651,0.0304,40.0,0.05,19.493,6.073,0,3.7136,4.6022,2
IMP01133,19099965.14,5.0,1.0,1.0,1.182,0.484,4.8,0.0,0.0,0.0,0.0,0.0,0.4442,0.0068,0.0,0.0,16.7652,1.7918,0,0.0,1.7579,2
IMP01134,0.0,2.0,2.0,2.0,0.88,0.632,67.7,0.0,0.0,0.0,0.0,0.0,0.3942,0.0119,0.0,0.0,0.0,1.0986,0,0.0,4.2297,1
IMP01135,9037054.99,16.0,2.0,3.0,0.9315,0.4961,121.9,0.125,0.0,0.0,0.0,0.0,0.3631,0.0094,2.0,0.0,16.0168,2.8332,0,1.0986,4.8114,2
IMP01136,9920859.19,50.0,2.0,10.0,0.8675,0.5565,108.9,0.22,0.0,0.01,0.1103,0.0,0.377,0.1036,31.0,0.1935,16.1102,3.9318,1,3.4657,4.6996,3
IMP01137,0.0,2.0,1.0,1.0,1.0655,0.606,158.7,0.0,0.0,0.0,0.0,0.0,0.3516,0.011,0.0,0.0,0.0,1.0986,0,0.0,5.0733,1
IMP01138,36768099.51,11.0,3.0,6.0,0.975,0.483,9.3,0.0909,0.0,0.0852,0.0479,0.0,0.4834,0.0566,0.0,0.0,17.4201,2.4849,0,0.0,2.3321,2
IMP01139,27672524.58,22.0,3.0,4.0,0.938,0.563,20.5,0.0909,0.0,0.0,0.1074,0.0,0.4706,0.0416,2.0,0.0,17.136,3.1355,0,1.0986,3.0681,2
IMP01140,11847612.38,20.0,1.0,4.0,0.753,0.5683,193.1,0.1,0.0,0.0222,0.0532,0.0,0.3937,0.1172,7.0,0.1429,16.2876,3.0445,1,2.0794,5.2684,3
IMP01141,797148682.41,487.0,3.0,37.0,1.067,0.6026,196.8,0.0575,0.0,0.0277,0.0,0.0,0.3903,0.0168,37.0,0.0,20.4966,6.1903,0,3.6376,5.2873,2
IMP01142,7339828315.85,1767.0,3.0,26.0,0.99,0.5839,75.0,0.0509,0.2269,0.0744,0.0436,0.0,0.3787,0.0133,154.0,0.013,22.7166,7.4776,0,5.0434,4.3307,2
IMP01143,429722.12,1.0,1.0,1.0,1.047,0.465,5.7,0.0,0.0,0.0,0.0,0.0,0.4501,0.0086,0.0,0.0,12.9709,0.6931,0,0.0,1.9021,2
IMP01144,1289570673.88,1512.0,4.0,39.0,1.0,0.5253,107.8,0.0529,0.2275,0.0464,0.0435,0.0,0.365,0.014,104.0,0.0096,20.9776,7.3218,0,4.654,4.6895,2
IMP01145,0.0,0.0,0.0,0.0,1.0,0.0,0.0,0.0,0.0,0.0,0.0,0.0,0.3946,0.0,0.0,0.0,0.0,0.0,0,0.0,0.0,1
IMP01146,2796088.19,6.0,1.0,1.0,1.1505,0.5037,190.9,0.0,0.0,0.0,0.5015,0.0,0.4351,0.0106,0.0,0.0,14.8437,1.9459,0,0.0,5.257,2
IMP01147,15307609.52,64.0,4.0,10.0,0.972,0.4641,58.0,0.0312,0.0,0.0275,0.0388,0.0,0.4047,0.0305,6.0,0.0,16.5439,4.1744,0,1.9459,4.0775,2
IMP01148,379824.02,1.0,1.0,1.0,1.272,0.583,205.8,0.0,0.0,0.0,0.0,0.0,0.4283,0.0478,0.0,0.0,12.8475,0.6931,1,0.0,5.3318,3
IMP01149,23627955.99,26.0,4.0,6.0,0.889,0.5282,205.3,0.0769,0.0,0.0,0.0,0.0,0.3877,0.0501,3.0,0.0,16.9779,3.2958,0,1.3863,5.3293,2
IMP01150,0.0,5.0,2.0,2.0,1.054,0.516,200.9,0.0,0.0,0.0,0.0,0.0,0.4244,0.0977,0.0,0.0,0.0,1.7918,0,0.0,5.3078,1
IMP01151,67760125.03,123.0,4.0,16.0,1.12,0.5285,124.6,0.0976,0.0,0.0311,0.0846,0.0,0.3848,0.0988,23.0,0.1739,18.0315,4.8203,1,3.1781,4.8331,3
IMP01152,177526850.13,38.0,3.0,7.0,0.998,0.6102,10.8,0.0526,0.0,0.0492,0.0988,0.0063,0.4619,0.0363,0.0,0.0,18.9946,3.6636,0,0.0,2.4681,2
IMP01153,0.0,1.0,1.0,1.0,0.765,0.51,78.1,0.0,0.0,0.0,0.0,0.0,0.3692,0.0793,1.0,0.0,0.0,0.6931,0,0.6931,4.3707,1
IMP01154,520821302.16,732.0,2.0,11.0,0.979,0.5341,99.2,0.0519,0.2295,0.0407,0.0274,0.0,0.3624,0.0135,66.0,0.0,20.0709,6.5971,0,4.2047,4.6072,2
IMP01155,0.0,1.0,1.0,1.0,0.948,0.539,105.9,0.0,0.0,0.0,0.0,0.0,0.3593,0.0093,0.0,0.0,0.0,0.6931,0,0.0,4.6719,1
IMP01156,2250898840.28,295.0,1.0,19.0,0.959,0.6265,78.6,0.0441,0.0,0.023,0.0,0.0088,0.3832,0.0163,56.0,0.0179,21.5346,5.6904,0,4.0431,4.377,2
IMP01157,11268582.4,21.0,2.0,6.0,1.309,0.4907,135.4,0.0952,0.0,0.0,0.0,0.0,0.4235,0.02,2.0,0.0,16.2375,3.091,0,1.0986,4.9156,2
IMP01158,557197.31,2.0,2.0,2.0,0.8455,0.488,122.6,0.0,0.0,0.0,0.0,0.0,0.381,0.0116,1.0,0.0,13.2307,1.0986,0,0.6931,4.8171,2
IMP01159,49714710.29,54.0,3.0,8.0,1.2615,0.511,89.9,0.0185,0.0,0.0572,0.0604,0.0,0.4151,0.0314,5.0,0.0,17.7218,4.0073,0,1.7918,4.5098,2
IMP01160,119169025.64,182.0,1.0,17.0,0.7735,0.5683,156.7,0.0659,0.0,0.0521,0.0148,0.0,0.3718,0.0299,50.0,0.0,18.5961,5.2095,0,3.9318,5.0607,2
IMP01161,1174650548.47,971.0,3.0,52.0,0.961,0.5697,146.3,0.0546,0.2327,0.0402,0.0,0.0,0.3586,0.0111,191.0,0.0105,20.8842,6.8794,0,5.2575,4.9925,2
IMP01162,7480370.31,7.0,2.0,2.0,0.918,0.398,139.1,0.0,0.0,0.0,0.0377,0.0,0.3797,0.01,1.0,0.0,15.8278,2.0794,0,0.6931,4.9424,2
IMP01163,22743394.84,69.0,3.0,13.0,0.824,0.5011,203.5,0.0145,0.0,0.0076,0.0,0.0,0.4067,0.036,7.0,0.0,16.9398,4.2485,0,2.0794,5.3206,2
IMP01164,55642401.19,82.0,2.0,12.0,1.0435,0.5198,186.1,0.0244,0.0,0.0245,0.0336,0.0,0.3808,0.0188,3.0,0.0,17.8345,4.4188,0,1.3863,5.2316,2
IMP01165,209782700.33,342.0,2.0,11.0,0.919,0.4798,151.1,0.0497,0.0,0.0125,0.0663,0.0131,0.387,0.0205,58.0,0.0,19.1616,5.8377,0,4.0775,5.0245,2
IMP01166,532354634.18,521.0,4.0,28.0,1.009,0.4733,167.1,0.0345,0.0,0.0355,0.0,0.0,0.3538,0.007,40.0,0.025,20.0928,6.2577,0,3.7136,5.1246,2
IMP01167,50854136.51,32.0,2.0,5.0,0.9505,0.5,135.4,0.0312,0.0,0.0546,0.0821,0.0,0.4032,0.0208,12.0,0.0,17.7445,3.4965,0,2.5649,4.9156,2
IMP01168,26190154.97,61.0,1.0,8.0,0.998,0.525,200.9,0.1148,0.0,0.0537,0.0,0.0,0.42,0.128,11.0,0.3636,17.0809,4.1271,0,2.4849,5.3078,2
IMP01169,119901187.24,70.0,2.0,7.0,0.984,0.5024,138.7,0.0857,0.0,0.0262,0.1659,0.0,0.4043,0.0431,7.0,0.2857,18.6022,4.2627,0,2.0794,4.9395,2
IMP01170,0.0,3.0,2.0,2.0,1.174,0.543,9.3,0.0,0.0,0.0,0.0007,0.0,0.4304,0.0121,2.0,0.0,0.0,1.3863,0,1.0986,2.3321,1
IMP01171,682177079.26,400.0,3.0,34.0,1.05,0.4161,126.6,0.05,0.0,0.0267,0.1975,0.0182,0.4233,0.0363,37.0,0.0811,20.3408,5.994,0,3.6376,4.8489,2
IMP01172,72107113.61,78.0,3.0,9.0,0.9455,0.5815,72.9,0.0641,0.0,0.0239,0.0361,0.0187,0.3926,0.0194,17.0,0.0,18.0937,4.3694,0,2.8904,4.3027,2
IMP01173,103149402.91,199.0,3.0,14.0,0.971,0.5107,155.5,0.0754,0.0,0.0396,0.081,0.0061,0.393,0.0417,21.0,0.1905,18.4517,5.2983,0,3.091,5.0531,2
IMP01174,2686928.34,1.0,1.0,1.0,0.976,0.51,110.4,0.0,0.0,0.0,0.0,0.0,0.3342,0.0178,0.0,0.0,14.8039,0.6931,1,0.0,4.7131,3
IMP01175,0.0,3.0,2.0,3.0,1.314,0.459,108.5,0.0,0.0,0.0,0.0,0.0,0.3796,0.0568,0.0,0.0,0.0,1.3863,0,0.0,4.6959,1
IMP01176,2254483.08,6.0,3.0,3.0,1.1585,0.4967,71.9,0.0,0.0,0.0,0.0,0.0,0.3925,0.0193,0.0,0.0,14.6284,1.9459,0,0.0,4.2891,2
IMP01177,82746990.19,159.0,1.0,19.0,1.056,0.5359,138.9,0.1069,0.0,0.0495,0.0,0.0,0.3621,0.0155,10.0,0.0,18.2313,5.0752,0,2.3979,4.9409,2
IMP01178,15263178.69,3.0,1.0,1.0,1.248,0.558,6.6,0.0,0.0,0.0,0.0,0.0,0.4277,0.0118,0.0,0.0,16.541,1.3863,0,0.0,2.0281,2
IMP01179,168825906.03,142.0,2.0,7.0,0.9025,0.4618,143.1,0.0704,0.0,0.0239,0.0,0.0,0.376,0.0083,34.0,0.0294,18.9444,4.9628,0,3.5553,4.9705,2
IMP01180,728195842.16,1613.0,5.0,74.0,0.9985,0.5178,205.3,0.049,0.2319,0.0925,0.0502,0.005,0.4309,0.0187,384.0,0.0026,20.4061,7.3865,0,5.9532,5.3293,2
IMP01181,57311407.52,77.0,3.0,13.0,1.161,0.5645,199.8,0.1169,0.0,0.025,0.0094,0.0,0.3904,0.0888,13.0,0.4615,17.864,4.3567,0,2.6391,5.3023,2
IMP01182,102325600.69,42.0,1.0,6.0,0.845,0.4823,11.1,0.0476,0.0,0.0002,0.0002,0.0,0.4374,0.0054,0.0,0.0,18.4437,3.7612,0,0.0,2.4932,2
IMP01183,47057084.06,216.0,6.0,9.0,0.797,0.4861,144.3,0.287,0.0,0.0222,0.0117,0.0,0.3878,0.2741,78.0,0.5897,17.6669,5.3799,0,4.3694,4.9788,4
IMP01184,38635989.72,58.0,4.0,13.0,0.982,0.5434,200.1,0.069,0.0,0.0552,0.0,0.0,0.387,0.0202,4.0,0.0,17.4697,4.0775,0,1.6094,5.3038,2
IMP01185,7779285.91,3.0,2.0,2.0,0.938,0.6157,80.0,0.0,0.0,0.0,0.0,0.0,0.3537,0.0098,0.0,0.0,15.867,1.3863,0,0.0,4.3944,2
IMP01186,423991.33,8.0,1.0,1.0,1.1,0.392,118.3,0.0,0.0,0.0,0.0655,0.0,0.3789,0.0113,1.0,0.0,12.9575,2.1972,0,0.6931,4.7816,2
IMP01187,1047415754.09,1119.0,5.0,43.0,0.939,0.4283,102.9,0.0786,0.2359,0.0464,0.1013,0.0128,0.4005,0.0545,354.0,0.0847,20.7696,7.0211,0,5.8721,4.6434,2
IMP01188,92966940.26,149.0,1.0,20.0,1.025,0.5093,63.0,0.0671,0.0,0.0238,0.0589,0.028,0.4136,0.0465,26.0,0.1538,18.3478,5.0106,0,3.2958,4.1589,2
IMP01189,23628146.41,77.0,3.0,12.0,1.235,0.5021,170.7,0.026,0.0,0.0354,0.0648,0.0,0.3929,0.0368,6.0,0.0,16.9779,4.3567,0,1.9459,5.1457,2
IMP01190,14253696.4,11.0,3.0,6.0,0.951,0.6299,33.5,0.0909,0.0,0.1654,0.0,0.0,0.4656,0.1627,5.0,0.2,16.4725,2.4849,0,1.7918,3.541,2
IMP01191,460724.64,10.0,2.0,3.0,0.8775,0.632,90.1,0.2,0.0,0.0,0.0001,0.0,0.371,0.0185,3.0,0.0,13.0406,2.3979,0,1.3863,4.512,2
IMP01192,7439018.83,10.0,1.0,3.0,1.249,0.477,99.3,0.0,0.0,0.0,0.0,0.0,0.3733,0.0171,0.0,0.0,15.8222,2.3979,0,0.0,4.6082,2
IMP01193,30264156.01,30.0,1.0,2.0,0.9615,0.5101,209.9,0.1333,0.0,0.0596,0.0266,0.0,0.3994,0.0245,1.0,0.0,17.2255,3.434,0,0.6931,5.3514,2
IMP01194,17875046.47,47.0,1.0,9.0,1.275,0.5094,79.5,0.0638,0.0,0.0365,0.0641,0.0,0.4165,0.0744,5.0,0.0,16.6989,3.8712,0,1.7918,4.3883,2
IMP01195,501951497.19,727.0,4.0,50.0,0.99,0.5219,105.6,0.0481,0.2531,0.0341,0.0205,0.0,0.3805,0.0288,73.0,0.0274,20.034,6.5903,0,4.3041,4.6691,2
IMP01196,15867981.57,41.0,1.0,4.0,1.063,0.5051,163.4,0.0,0.0,0.0347,0.1212,0.0,0.3633,0.0168,5.0,0.0,16.5798,3.7377,0,1.7918,5.1023,2
IMP01197,50137053.96,163.0,3.0,15.0,0.918,0.432,75.8,0.0613,0.0,0.0209,0.0252,0.0,0.3787,0.0465,68.0,0.0147,17.7303,5.0999,0,4.2341,4.3412,2
IMP01198,0.0,0.0,0.0,0.0,1.0,0.0,0.0,0.0,0.0,0.0,0.0,0.0,0.3946,0.0,0.0,0.0,0.0,0.0,0,0.0,0.0,1
IMP01199,15022094.09,120.0,2.0,12.0,0.958,0.5429,215.2,0.05,0.0,0.0205,0.0,0.0,0.3972,0.0934,10.0,0.0,16.525,4.7958,0,2.3979,5.3762,2
IMP01200,94903086.3,268.0,5.0,20.0,0.939,0.4071,167.5,0.0634,0.0,0.0342,0.0416,0.0,0.3791,0.0457,31.0,0.0968,18.3684,5.5947,0,3.4657,5.1269,2
IMP01201,15597750.71,59.0,1.0,8.0,0.763,0.6016,54.9,0.0169,0.0,0.0137,0.0001,0.0,0.4086,0.0376,7.0,0.0,16.5626,4.0943,0,2.0794,4.0236,2
IMP01202,10641350.25,16.0,2.0,3.0,0.9165,0.595,20.0,0.125,0.0,0.0,0.1553,0.0,0.4117,0.0118,3.0,0.0,16.1803,2.8332,0,1.3863,3.0445,2
IMP01203,6467643.36,39.0,1.0,7.0,1.184,0.5104,223.8,0.0256,0.0,0.0,0.0,0.0,0.4534,0.0839,3.0,0.0,15.6823,3.6889,0,1.3863,5.4152,2
IMP01204,22842885.5,30.0,3.0,5.0,0.9135,0.5505,26.6,0.0667,0.0,0.1597,0.0147,0.0,0.4575,0.0323,11.0,0.0,16.9442,3.434,0,2.4849,3.3178,2
IMP01205,431150912.69,550.0,2.0,13.0,0.953,0.4795,93.0,0.0582,0.0,0.0347,0.0805,0.0174,0.3954,0.0194,46.0,0.0217,19.882,6.3117,0,3.8501,4.5433,2
IMP01206,0.0,0.0,0.0,0.0,1.0,0.0,0.0,0.0,0.0,0.0,0.0,0.0,0.3946,0.0,0.0,0.0,0.0,0.0,0,0.0,0.0,1
IMP01207,1205095.8,1.0,1.0,1.0,1.115,0.516,32.4,0.0,0.0,0.0,0.0,0.0,0.3862,0.0115,0.0,0.0,14.0021,0.6931,0,0.0,3.5086,2
IMP01208,7932809.81,29.0,3.0,10.0,0.891,0.4863,126.4,0.1379,0.0,0.0986,0.0143,0.0,0.3872,0.1328,5.0,0.4,15.8865,3.4012,1,1.7918,4.8473,3
IMP01209,0.0,0.0,0.0,0.0,1.0,0.0,0.0,0.0,0.0,0.0,0.0,0.0,0.3946,0.0,0.0,0.0,0.0,0.0,0,0.0,0.0,1
IMP01210,20286098.28,10.0,1.0,2.0,1.142,0.522,101.5,0.0,0.0,0.051,0.0,0.0,0.3862,0.0182,2.0,0.0,16.8254,2.3979,0,1.0986,4.6299,2
IMP01211,1074036703.26,614.0,4.0,57.0,1.011,0.4823,127.4,0.0342,0.0,0.0632,0.1886,0.0045,0.4222,0.0196,124.0,0.0081,20.7947,6.4216,0,4.8283,4.8552,2
IMP01212,0.0,0.0,0.0,0.0,1.0,0.0,0.0,0.0,0.0,0.0,0.0,0.0,0.3946,0.0,0.0,0.0,0.0,0.0,0,0.0,0.0,1
IMP01213,16813637.94,18.0,3.0,3.0,0.851,0.495,117.3,0.0556,0.0,0.0982,0.0588,0.0,0.4118,0.0606,2.0,0.0,16.6377,2.9444,0,1.0986,4.7732,2
IMP01214,203226839.11,346.0,1.0,26.0,0.961,0.5065,108.0,0.0694,0.0,0.0297,0.0493,0.0326,0.3921,0.0377,74.0,0.1081,19.1298,5.8493,0,4.3175,4.6913,2
IMP01215,66165061.76,321.0,1.0,29.0,0.976,0.582,124.6,0.0748,0.0,0.0268,0.031,0.0134,0.3725,0.039,88.0,0.0227,18.0077,5.7746,0,4.4886,4.8331,2
IMP01216,6629964.24,13.0,4.0,5.0,1.008,0.5816,82.8,0.0769,0.0,0.0,0.0202,0.0,0.3791,0.0259,2.0,0.0,15.7071,2.6391,0,1.0986,4.4284,2
IMP01217,19233614.67,195.0,2.0,14.0,1.084,0.5641,122.4,0.041,0.0,0.0149,0.0,0.0,0.3719,0.0262,17.0,0.0,16.7722,5.2781,0,2.8904,4.8154,2
IMP01218,147641026.59,121.0,2.0,14.0,0.973,0.6735,160.0,0.0579,0.0,0.026,0.0975,0.0157,0.4053,0.0242,10.0,0.1,18.8103,4.804,0,2.3979,5.0814,2
IMP01219,0.0,0.0,0.0,0.0,1.0,0.0,0.0,0.0,0.0,0.0,0.0,0.0,0.3946,0.0,0.0,0.0,0.0,0.0,0,0.0,0.0,1
IMP01220,570473.61,3.0,1.0,1.0,1.232,0.506,216.8,0.0,0.0,0.0,0.0,0.0,0.4177,0.0513,0.0,0.0,13.2542,1.3863,0,0.0,5.3836,2
IMP01221,42238114.57,16.0,2.0,3.0,1.397,0.483,15.9,0.125,0.0,0.0,0.0998,0.0,0.4745,0.015,0.0,0.0,17.5588,2.8332,0,0.0,2.8273,2
IMP01222,2393953.79,5.0,1.0,1.0,0.94,0.517,133.8,0.2,0.0,0.1958,0.0,0.0,0.4002,0.088,1.0,0.0,14.6885,1.7918,0,0.6931,4.9038,2
IMP01223,56762532.35,53.0,3.0,7.0,1.029,0.5674,67.2,0.0566,0.0,0.0539,0.0493,0.0,0.3986,0.0725,17.0,0.1176,17.8544,3.989,0,2.8904,4.2224,2
IMP01224,170103076.9,160.0,1.0,17.0,1.0115,0.5021,177.5,0.0375,0.0,0.083,0.0954,0.0312,0.4295,0.0274,42.0,0.0238,18.9519,5.0814,0,3.7612,5.1846,2
IMP01225,107174119.98,66.0,1.0,7.0,1.0335,0.5876,174.3,0.0303,0.0,0.0005,0.1368,0.0,0.3734,0.0155,28.0,0.0357,18.49,4.2047,0,3.3673,5.1665,2
IMP01226,18877393.84,28.0,4.0,9.0,0.9705,0.4782,16.5,0.0357,0.0,0.018,0.0,0.0,0.4117,0.0076,0.0,0.0,16.7535,3.3673,0,0.0,2.8622,2
IMP01227,0.0,2.0,2.0,2.0,0.8285,0.585,174.2,0.0,0.0,0.0,0.134,0.0,0.4148,0.0434,0.0,0.0,0.0,1.0986,0,0.0,5.1659,1
IMP01228,162231815.45,293.0,2.0,10.0,1.043,0.5302,195.7,0.041,0.0,0.0332,0.0,0.0146,0.3958,0.0401,22.0,0.0,18.9045,5.6836,0,3.1355,5.2817,2
IMP01229,503783476.74,267.0,3.0,25.0,0.945,0.4951,159.8,0.0487,0.0,0.038,0.039,0.0,0.3743,0.0137,45.0,0.0,20.0377,5.591,0,3.8286,5.0802,2
IMP01230,761460.64,14.0,3.0,6.0,0.8355,0.685,85.1,0.0,0.0,0.0266,0.0007,0.0,0.3932,0.0996,5.0,0.0,13.543,2.7081,0,1.7918,4.4555,2
IMP01231,147469347.77,94.0,3.0,11.0,0.9115,0.6189,211.9,0.0532,0.0,0.0214,0.0837,0.0198,0.4487,0.0464,12.0,0.0,18.8091,4.5539,0,2.5649,5.3608,2
IMP01232,26831472.11,60.0,3.0,6.0,0.961,0.5538,19.5,0.05,0.0,0.0189,0.0175,0.0,0.448,0.034,13.0,0.0,17.1051,4.1109,0,2.6391,3.0204,2
IMP01233,16814710.67,14.0,3.0,5.0,1.103,0.532,220.6,0.0714,0.0,0.0,0.0749,0.0,0.4631,0.0354,2.0,0.0,16.6378,2.7081,0,1.0986,5.4009,2
IMP01234,199777984.99,213.0,2.0,29.0,0.933,0.4853,116.5,0.0704,0.0,0.037,0.0234,0.0,0.3773,0.0122,23.0,0.0,19.1127,5.366,0,3.1781,4.7664,2
IMP01235,30800532.41,40.0,2.0,8.0,0.923,0.5865,184.8,0.025,0.0,0.0162,0.0,0.0,0.3806,0.0556,1.0,0.0,17.243,3.7136,0,0.6931,5.2247,2
IMP01236,0.0,1.0,1.0,1.0,0.927,0.685,73.9,0.0,0.0,0.0,0.0,0.0,0.3606,0.051,0.0,0.0,0.0,0.6931,0,0.0,4.3162,1
IMP01237,31541334.55,72.0,4.0,9.0,1.1415,0.5199,157.8,0.1806,0.0,0.0597,0.069,0.0,0.4016,0.1864,11.0,0.4545,17.2668,4.2905,1,2.4849,5.0676,3
IMP01238,5737399.19,7.0,2.0,5.0,0.877,0.5093,133.0,0.0,0.0,0.0276,0.0,0.0,0.3735,0.0999,0.0,0.0,15.5625,2.0794,0,0.0,4.8978,2
IMP01239,18318338.06,73.0,4.0,8.0,0.8015,0.4791,69.5,0.0548,0.0,0.0325,0.034,0.0,0.3899,0.0298,11.0,0.0,16.7234,4.3041,0,2.4849,4.2556,2
IMP01240,56015996.81,78.0,3.0,14.0,0.9555,0.4001,91.4,0.0385,0.0,0.0037,0.0375,0.0,0.3676,0.0567,11.0,0.1818,17.8411,4.3694,1,2.4849,4.5261,3
IMP01241,205658680.83,132.0,1.0,15.0,1.32,0.603,199.7,0.053,0.0,0.0434,0.0,0.0,0.4073,0.0151,8.0,0.0,19.1417,4.8903,0,2.1972,5.3018,2
IMP01242,283621400.6,132.0,2.0,14.0,0.9965,0.4882,181.3,0.0227,0.0,0.0361,0.1668,0.0174,0.4465,0.0183,6.0,0.0,19.4632,4.8903,0,1.9459,5.2057,2
IMP01243,9921690.96,40.0,1.0,5.0,0.9835,0.5648,204.3,0.1,0.0,0.0487,0.0779,0.0,0.3889,0.0951,13.0,0.2308,16.1102,3.7136,0,2.6391,5.3245,2
IMP01244,8191717.33,16.0,2.0,8.0,1.238,0.5535,140.0,0.1875,0.0,0.0358,0.0546,0.0,0.386,0.1067,4.0,0.5,15.9186,2.8332,1,1.6094,4.9488,3
IMP01245,25112957.76,36.0,1.0,4.0,1.083,0.6037,101.9,0.0833,0.0,0.0223,0.0073,0.0,0.3728,0.0204,2.0,0.0,17.0389,3.6109,0,1.0986,4.6338,2
IMP01246,14439494.6,93.0,3.0,14.0,0.988,0.4107,174.8,0.0215,0.0,0.0121,0.0,0.0,0.3811,0.0326,8.0,0.0,16.4855,4.5433,0,2.1972,5.1693,2
IMP01247,172449713.55,229.0,4.0,30.0,1.047,0.581,26.9,0.0568,0.0,0.0276,0.0548,0.0,0.43,0.0353,82.0,0.0854,18.9656,5.4381,0,4.4188,3.3286,2
IMP01248,356410822.08,306.0,3.0,38.0,0.983,0.5,102.4,0.0294,0.0,0.0245,0.0001,0.019,0.3836,0.0128,44.0,0.0,19.6916,5.7268,0,3.8067,4.6386,2
IMP01249,51550706.52,50.0,2.0,13.0,0.9615,0.5158,68.8,0.12,0.0,0.0195,0.0106,0.0,0.3828,0.0313,12.0,0.0,17.7581,3.9318,0,2.5649,4.2456,2
IMP01250,209304999.28,39.0,1.0,5.0,0.961,0.5481,58.7,0.0256,0.0,0.0,0.0,0.0,0.398,0.0197,2.0,0.0,19.1593,3.6889,0,1.0986,4.0893,2
IMP01251,162369037.68,195.0,2.0,26.0,1.081,0.5228,116.7,0.0513,0.0,0.0416,0.0664,0.0184,0.3951,0.0194,16.0,0.0,18.9054,5.2781,0,2.8332,4.7681,2
IMP01252,12110572.29,11.0,1.0,1.0,1.385,0.4865,42.9,0.0,0.0,0.0,0.0,0.0,0.4193,0.0102,2.0,0.0,16.3096,2.4849,0,1.0986,3.7819,2
IMP01253,74585869.75,101.0,1.0,9.0,1.022,0.5512,75.4,0.0693,0.0,0.0422,0.0764,0.0,0.3861,0.0242,8.0,0.0,18.1275,4.625,0,2.1972,4.336,2
IMP01254,292464441.34,339.0,4.0,44.0,1.002,0.6354,104.6,0.0649,0.0,0.0288,0.1178,0.0167,0.4032,0.0297,30.0,0.0,19.4939,5.8289,0,3.434,4.6597,2
IMP01255,286619371.55,153.0,2.0,14.0,1.008,0.5393,68.3,0.0588,0.0,0.0504,0.0103,0.0,0.3819,0.0166,14.0,0.0,19.4737,5.037,0,2.7081,4.2384,2
IMP01256,1975161697.05,1791.0,5.0,21.0,0.993,0.4687,152.0,0.0519,0.2295,0.0399,0.0207,0.0009,0.3826,0.0171,193.0,0.0052,21.4039,7.4911,0,5.2679,5.0304,2
IMP01257,27739381.05,48.0,4.0,12.0,0.976,0.5157,79.5,0.0417,0.0,0.0531,0.0572,0.0,0.3843,0.026,10.0,0.1,17.1384,3.8918,0,2.3979,4.3883,2
IMP01258,29088113.1,51.0,4.0,16.0,1.0845,0.5021,193.6,0.0196,0.0,0.0149,0.0,0.0,0.4031,0.0529,5.0,0.0,17.1858,3.9512,0,1.7918,5.2709,2
IMP01259,17347306.82,88.0,4.0,22.0,0.8195,0.6026,123.6,0.0568,0.0,0.0487,0.0,0.0,0.3767,0.0484,8.0,0.0,16.6689,4.4886,0,2.1972,4.8251,2
IMP01260,837938.69,4.0,1.0,1.0,0.995,0.565,71.4,0.25,0.0,0.1212,0.0,0.0,0.412,0.1186,1.0,1.0,13.6387,1.6094,0,0.6931,4.2822,4
IMP01261,0.0,4.0,1.0,1.0,1.0045,0.5365,51.0,0.25,0.0,0.2002,0.1312,0.0,0.4779,0.0801,0.0,0.0,0.0,1.6094,0,0.0,3.9512,1
IMP01262,240822645.5,1839.0,2.0,26.0,0.997,0.5484,106.4,0.0582,0.0,0.0235,0.0,0.0032,0.358,0.0206,183.0,0.0219,19.2996,7.5175,0,5.2149,4.6766,2
IMP01263,121896340.21,186.0,3.0,15.0,1.081,0.5378,88.8,0.0699,0.0,0.0102,0.0138,0.0,0.3658,0.0151,13.0,0.0,18.6187,5.2311,0,2.6391,4.4976,2
IMP01264,0.0,0.0,0.0,0.0,1.0,0.0,0.0,0.0,0.0,0.0,0.0,0.0,0.3946,0.0,0.0,0.0,0.0,0.0,0,0.0,0.0,1
IMP01265,199184.4,6.0,2.0,2.0,0.932,0.465,89.5,0.0,0.0,0.1278,0.0,0.0,0.4294,0.0699,1.0,0.0,12.202,1.9459,0,0.6931,4.5053,2
IMP01266,60445325.05,58.0,2.0,9.0,1.0045,0.3999,98.6,0.0517,0.0,0.0264,0.0861,0.0,0.3675,0.0091,7.0,0.0,17.9172,4.0775,0,2.0794,4.6012,2
IMP01267,3265883.51,7.0,4.0,4.0,0.965,0.539,160.0,0.0,0.0,0.1251,0.3123,0.0,0.4049,0.094,1.0,0.0,14.999,2.0794,0,0.6931,5.0814,2
IMP01268,1077175.73,3.0,1.0,1.0,1.353,0.5363,61.9,0.0,0.0,0.1447,0.002,0.0,0.438,0.0214,0.0,0.0,13.8899,1.3863,0,0.0,4.1415,2
IMP01269,0.0,0.0,0.0,0.0,1.0,0.0,0.0,0.0,0.0,0.0,0.0,0.0,0.3946,0.0,0.0,0.0,0.0,0.0,0,0.0,0.0,1
IMP01270,20870759.47,33.0,2.0,12.0,1.121,0.4801,146.9,0.0,0.0,0.06,0.0058,0.0,0.3828,0.0216,6.0,0.0,16.8539,3.5264,0,1.9459,4.9965,2
IMP01271,71988073.55,32.0,2.0,4.0,1.0365,0.4951,73.6,0.0938,0.0,0.1462,0.0,0.0,0.4088,0.0096,3.0,0.0,18.092,3.4965,0,1.3863,4.3121,2
IMP01272,117835279.69,208.0,1.0,20.0,1.003,0.6348,180.6,0.0673,0.0,0.0216,0.061,0.0,0.3823,0.0223,15.0,0.0,18.5848,5.3423,0,2.7726,5.2018,2
IMP01273,47104919.82,167.0,5.0,14.0,0.908,0.5667,185.6,0.2156,0.0,0.0187,0.1049,0.0,0.4013,0.238,49.0,0.5714,17.6679,5.124,0,3.912,5.229,4
IMP01274,0.0,1.0,1.0,1.0,1.024,0.543,10.1,0.0,0.0,0.09,0.0,0.0,0.4535,0.0148,1.0,0.0,0.0,0.6931,0,0.6931,2.4069,1
IMP01275,1333188.32,3.0,1.0,2.0,0.916,0.526,134.5,0.0,0.0,0.0,0.0,0.0,0.4155,0.0324,0.0,0.0,14.1031,1.3863,0,0.0,4.909,2
IMP01276,125178968.22,185.0,1.0,17.0,1.2845,0.4672,116.3,0.0649,0.0,0.0258,0.0269,0.0,0.3879,0.0312,103.0,0.0194,18.6453,5.2257,0,4.6444,4.7647,2
IMP01277,56622125.69,189.0,5.0,16.0,0.96,0.6343,148.7,0.2857,0.0,0.0242,0.0527,0.0,0.3968,0.2873,61.0,0.6066,17.8519,5.247,0,4.1271,5.0086,4
IMP01278,0.0,1.0,1.0,1.0,0.708,0.5,139.7,0.0,0.0,0.0,0.0,0.0,0.3717,0.0358,0.0,0.0,0.0,0.6931,1,0.0,4.9466,3
IMP01279,21960423.44,74.0,4.0,13.0,0.8505,0.5063,121.0,0.0541,0.0,0.0127,0.0442,0.0,0.3627,0.0373,12.0,0.0833,16.9048,4.3175,0,2.5649,4.804,2
IMP01280,9436478.64,55.0,1.0,5.0,0.96,0.5623,133.3,0.0545,0.0,0.0295,0.0951,0.0,0.3624,0.0316,8.0,0.0,16.0601,4.0254,0,2.1972,4.9001,2
IMP01281,16347324.34,46.0,3.0,8.0,1.137,0.5872,19.3,0.0217,0.0,0.0099,0.0001,0.0,0.4301,0.0199,5.0,0.0,16.6096,3.8501,0,1.7918,3.0106,2
IMP01282,1893286.02,4.0,2.0,2.0,1.185,0.5018,208.8,0.0,0.0,0.0,0.0,0.0,0.3982,0.0262,0.0,0.0,14.4538,1.6094,0,0.0,5.3462,2
IMP01283,192020179.04,1068.0,4.0,68.0,0.995,0.5315,34.6,0.0552,0.0,0.033,0.0,0.0068,0.4274,0.0223,396.0,0.0101,19.0731,6.9745,0,5.9839,3.5723,2
IMP01284,413641870.01,213.0,2.0,18.0,0.9815,0.5321,117.3,0.0704,0.0,0.1059,0.1301,0.0,0.3873,0.0232,57.0,0.0175,19.8405,5.366,0,4.0604,4.7732,2
IMP01285,7174330.21,13.0,4.0,6.0,1.053,0.606,195.0,0.0,0.0,0.0,0.0005,0.0,0.3719,0.0089,2.0,0.0,15.786,2.6391,0,1.0986,5.2781,2
IMP01286,32099985.21,10.0,3.0,4.0,0.9785,0.5044,216.5,0.1,0.0,0.0473,0.0102,0.0,0.4238,0.0293,1.0,0.0,17.2844,2.3979,0,0.6931,5.3822,2
IMP01287,5417683.26,17.0,3.0,6.0,0.814,0.5686,103.0,0.2941,0.0,0.0436,0.0002,0.0,0.3979,0.2159,5.0,0.6,15.5052,2.8904,0,1.7918,4.6444,4
IMP01288,550548.65,1.0,1.0,1.0,1.162,0.476,50.2,0.0,0.0,0.002,0.0,0.0,0.4523,0.0042,0.0,0.0,13.2187,0.6931,0,0.0,3.9357,2
IMP01289,0.0,0.0,0.0,0.0,1.0,0.0,0.0,0.0,0.0,0.0,0.0,0.0,0.3946,0.0,0.0,0.0,0.0,0.0,0,0.0,0.0,1
IMP01290,69869496.95,110.0,2.0,14.0,1.1055,0.5306,190.0,0.0545,0.0,0.0308,0.0678,0.0,0.3929,0.0375,3.0,0.0,18.0621,4.7095,0,1.3863,5.2523,2
IMP01291,25341248.32,48.0,3.0,11.0,0.9425,0.4513,82.3,0.0417,0.0,0.0105,0.0055,0.0,0.3924,0.0413,7.0,0.0,17.0479,3.8918,0,2.0794,4.4224,2
IMP01292,0.0,1.0,1.0,1.0,5.314,0.398,183.7,0.0,0.0,0.565,0.0,0.0,0.6998,0.4724,1.0,0.0,0.0,0.6931,0,0.6931,5.2187,1
IMP01293,14565737.11,9.0,2.0,3.0,1.121,0.5576,124.5,0.0,0.0,0.0,0.0,0.0,0.3584,0.0191,1.0,0.0,16.4942,2.3026,0,0.6931,4.8323,2
IMP01294,133115658.09,44.0,4.0,10.0,0.881,0.5088,20.4,0.0,0.0,0.0178,0.0,0.0,0.4143,0.0268,5.0,0.0,18.7067,3.8067,0,1.7918,3.0634,2
IMP01295,55881558.89,119.0,3.0,18.0,1.002,0.4955,62.7,0.042,0.0,0.0174,0.0319,0.0,0.3993,0.0276,5.0,0.0,17.8387,4.7875,0,1.7918,4.1542,2
IMP01296,89658586.31,294.0,3.0,32.0,0.899,0.4676,104.2,0.0748,0.0,0.057,0.0,0.0,0.3703,0.054,49.0,0.0204,18.3115,5.687,0,3.912,4.6559,2
IMP01297,6517912.92,43.0,3.0,8.0,1.045,0.5227,139.3,0.0465,0.0,0.0238,0.1277,0.0,0.3692,0.0754,6.0,0.1667,15.6901,3.7842,0,1.9459,4.9438,2
IMP01298,104698070.11,115.0,5.0,15.0,1.228,0.5654,65.2,0.0522,0.0,0.0922,0.0226,0.0,0.4216,0.0364,39.0,0.0,18.4666,4.7536,0,3.6889,4.1927,2
IMP01299,18874151.76,2.0,2.0,2.0,0.589,0.519,98.4,0.0,0.0,0.0,0.003,0.0,0.4075,0.2454,0.0,0.0,16.7533,1.0986,0,0.0,4.5992,2
IMP01300,0.0,1.0,1.0,1.0,1.149,0.607,71.7,0.0,0.0,0.0,0.0,0.0,0.3734,0.0199,0.0,0.0,0.0,0.6931,0,0.0,4.2863,1
IMP01301,43647979.3,56.0,1.0,9.0,1.0115,0.5424,166.4,0.0357,0.0,0.0177,0.0281,0.0,0.3572,0.0118,7.0,0.0,17.5917,4.0431,0,2.0794,5.1204,2
IMP01302,2880454.76,4.0,1.0,1.0,1.1385,0.497,108.4,0.0,0.0,0.141,0.0,0.0,0.3924,0.0125,0.0,0.0,14.8735,1.6094,0,0.0,4.695,2
IMP01303,68922137.75,64.0,3.0,13.0,1.141,0.5034,175.8,0.0469,0.0,0.025,0.0718,0.0,0.3993,0.0451,17.0,0.0588,18.0485,4.1744,0,2.8904,5.175,2
IMP01304,16491745.16,75.0,4.0,12.0,1.044,0.4981,178.3,0.0533,0.0,0.0114,0.0331,0.0,0.373,0.0278,9.0,0.2222,16.6184,4.3307,0,2.3026,5.1891,2
IMP01305,160682442.55,225.0,3.0,24.0,0.874,0.3955,26.1,0.0489,0.0,0.0282,0.1454,0.0,0.4427,0.0241,73.0,0.0,18.8949,5.4205,0,4.3041,3.2995,2
IMP01306,87570466.97,131.0,3.0,22.0,0.736,0.4093,199.5,0.0153,0.0,0.0225,0.0379,0.0,0.4169,0.0263,14.0,0.0,18.288,4.8828,0,2.7081,5.3008,2
IMP01307,31619118.23,127.0,2.0,12.0,1.133,0.6165,78.1,0.063,0.0,0.0323,0.0,0.0,0.4169,0.0651,12.0,0.0,17.2693,4.852,0,2.5649,4.3707,2
IMP01308,24503899.92,49.0,2.0,8.0,0.986,0.555,174.4,0.1429,0.0,0.0333,0.0269,0.0,0.3843,0.0574,7.0,0.0,17.0143,3.912,0,2.0794,5.1671,2
IMP01309,181612980.1,271.0,4.0,32.0,0.9915,0.521,117.4,0.0369,0.0,0.034,0.0884,0.0,0.3743,0.0245,44.0,0.0,19.0174,5.6058,0,3.8067,4.7741,2
IMP01310,1953997931.39,6573.0,5.0,74.0,1.001,0.5344,77.8,0.4254,0.0,0.083,0.0227,0.001,0.3893,0.0254,1157.0,0.0415,21.3931,8.7909,0,7.0544,4.3669,2
IMP01311,0.0,0.0,0.0,0.0,1.0,0.0,0.0,0.0,0.0,0.0,0.0,0.0,0.3946,0.0,0.0,0.0,0.0,0.0,0,0.0,0.0,1
IMP01312,0.0,1.0,1.0,1.0,0.983,0.55,50.8,0.0,0.0,0.0,0.0,0.0,0.3516,0.0177,0.0,0.0,0.0,0.6931,0,0.0,3.9474,1
IMP01313,138195292.6,362.0,3.0,27.0,1.069,0.5415,146.3,0.0608,0.0,0.0508,0.0275,0.0,0.3654,0.0471,28.0,0.1786,18.7442,5.8944,0,3.3673,4.9925,2
IMP01314,10309652.5,17.0,2.0,5.0,1.092,0.5298,67.2,0.0588,0.0,0.1416,0.0,0.0,0.4128,0.0234,2.0,0.0,16.1486,2.8904,0,1.0986,4.2224,2
IMP01315,805922962.01,2710.0,1.0,28.0,1.0,0.5015,132.7,0.0494,0.2402,0.0458,0.0237,0.0,0.3556,0.0108,446.0,0.0112,20.5075,7.9051,0,6.1026,4.8956,2
IMP01316,0.0,1.0,1.0,1.0,0.466,0.51,47.7,0.0,0.0,0.0,0.0,0.0,0.4592,0.7273,1.0,0.0,0.0,0.6931,1,0.6931,3.8857,4
IMP01317,5402951.78,5.0,1.0,2.0,0.915,0.461,176.7,0.2,0.0,0.0,0.0016,0.0,0.3667,0.0061,0.0,0.0,15.5025,1.7918,0,0.0,5.1801,2
IMP01318,245348538.73,22.0,2.0,5.0,0.8665,0.5823,186.1,0.0455,0.0,0.0,0.0,0.0,0.3751,0.0248,1.0,0.0,19.3182,3.1355,0,0.6931,5.2316,2
IMP01319,5671052.56,51.0,1.0,7.0,1.424,0.5774,118.3,0.0196,0.0,0.0217,0.0,0.0,0.4309,0.0617,2.0,0.0,15.5509,3.9512,0,1.0986,4.7816,2
IMP01320,81608001.62,120.0,1.0,15.0,0.935,0.4901,204.6,0.075,0.0,0.0357,0.053,0.0,0.3947,0.0467,20.0,0.15,18.2174,4.7958,0,3.0445,5.3259,2
IMP01321,27840511.86,65.0,2.0,14.0,1.055,0.5262,218.0,0.0769,0.0,0.0385,0.0164,0.0,0.4169,0.1305,13.0,0.1538,17.142,4.1897,1,2.6391,5.3891,3
IMP01322,0.0,0.0,0.0,0.0,1.0,0.0,0.0,0.0,0.0,0.0,0.0,0.0,0.3946,0.0,0.0,0.0,0.0,0.0,0,0.0,0.0,1
IMP01323,227479464.36,385.0,2.0,23.0,0.996,0.5563,142.5,0.0519,0.0,0.0616,0.05,0.0,0.3905,0.0242,44.0,0.0,19.2426,5.9558,0,3.8067,4.9663,2
IMP01324,3525611.71,5.0,3.0,4.0,1.045,0.585,12.5,0.0,0.0,0.1784,0.0,0.0,0.4503,0.026,0.0,0.0,15.0756,1.7918,0,0.0,2.6027,2
IMP01325,8985713.38,13.0,3.0,5.0,0.9,0.519,89.8,0.0,0.0,0.0,0.2114,0.0,0.3909,0.0385,2.0,0.0,16.0111,2.6391,0,1.0986,4.5087,2
IMP01326,257081402.76,210.0,4.0,21.0,1.0315,0.4563,192.6,0.0571,0.0,0.0426,0.1398,0.0467,0.451,0.0166,28.0,0.0,19.3649,5.3519,0,3.3673,5.2658,2
IMP01327,47756502.14,245.0,2.0,23.0,0.916,0.5359,189.9,0.0571,0.0,0.0381,0.0,0.0005,0.3792,0.0487,44.0,0.0682,17.6816,5.5053,0,3.8067,5.2517,2
IMP01328,3069967.52,6.0,1.0,1.0,0.9045,0.429,85.9,0.0,0.0,0.004,0.0437,0.0,0.3682,0.0164,3.0,0.0,14.9372,1.9459,0,1.3863,4.4648,2
IMP01329,262005921.61,183.0,3.0,26.0,1.199,0.5017,129.9,0.0383,0.0,0.0366,0.0169,0.0,0.3991,0.0145,9.0,0.0,19.3839,5.2149,0,2.3026,4.8744,2
IMP01330,1004136.97,5.0,1.0,2.0,1.142,0.542,75.7,0.0,0.0,0.1354,0.0002,0.0,0.4185,0.0139,0.0,0.0,13.8196,1.7918,0,0.0,4.3399,2
IMP01331,1463649956.21,1463.0,2.0,32.0,0.926,0.4503,188.5,0.0513,0.2235,0.0384,0.1399,0.0038,0.4183,0.0176,268.0,0.0112,21.1042,7.2889,0,5.5947,5.2444,2
IMP01332,42159532.16,103.0,1.0,12.0,1.131,0.5576,142.4,0.0874,0.0,0.0308,0.0749,0.0,0.3769,0.0286,8.0,0.125,17.557,4.6444,0,2.1972,4.9656,2
IMP01333,5826690.24,20.0,1.0,4.0,0.8435,0.623,29.2,0.0,0.0,0.0264,0.0,0.0,0.4185,0.0462,12.0,0.0,15.578,3.0445,0,2.5649,3.4078,2
IMP01334,143441312.3,256.0,5.0,30.0,0.9855,0.5734,199.5,0.0586,0.0,0.0442,0.0194,0.0,0.3856,0.0321,18.0,0.0,18.7814,5.5491,0,2.9444,5.3008,2
IMP01335,25013462.14,48.0,2.0,7.0,0.963,0.4635,192.7,0.0625,0.0,0.0189,0.1254,0.0,0.4,0.0239,23.0,0.0435,17.0349,3.8918,0,3.1781,5.2663,2
IMP01336,22769000.7,67.0,2.0,11.0,0.894,0.5006,159.8,0.0597,0.0,0.0541,0.0004,0.0,0.3674,0.0171,14.0,0.0,16.9409,4.2195,0,2.7081,5.0802,2
IMP01337,0.0,0.0,0.0,0.0,1.0,0.0,0.0,0.0,0.0,0.0,0.0,0.0,0.3946,0.0,0.0,0.0,0.0,0.0,0,0.0,0.0,1
IMP01338,10458310.74,18.0,3.0,6.0,1.092,0.539,20.3,0.0556,0.0,0.0498,0.0,0.0,0.4186,0.0101,4.0,0.0,16.1629,2.9444,0,1.6094,3.0587,2
IMP01339,8156247.91,8.0,2.0,2.0,0.96,0.4568,206.6,0.125,0.0,0.0,0.0,0.0,0.3762,0.0051,2.0,0.0,15.9143,2.1972,0,1.0986,5.3356,2
IMP01340,0.0,0.0,0.0,0.0,1.0,0.0,0.0,0.0,0.0,0.0,0.0,0.0,0.3946,0.0,0.0,0.0,0.0,0.0,0,0.0,0.0,1
IMP01341,1112615.42,4.0,2.0,3.0,0.976,0.467,56.0,0.0,0.0,0.0,0.0,0.0,0.3889,0.0424,0.0,0.0,13.9222,1.6094,0,0.0,4.0431,2
IMP01342,77328256.01,50.0,1.0,9.0,1.019,0.6377,71.6,0.12,0.0,0.0099,0.246,0.0,0.4329,0.0433,8.0,0.125,18.1636,3.9318,0,2.1972,4.285,2
IMP01343,146899371.67,2.0,1.0,1.0,1.336,0.501,112.7,0.0,0.0,0.0,0.0,0.0,0.3955,0.0116,0.0,0.0,18.8053,1.0986,0,0.0,4.7336,2
IMP01344,71164381.65,149.0,1.0,18.0,0.991,0.4634,105.3,0.0604,0.0,0.0479,0.0511,0.0,0.3612,0.0106,8.0,0.0,18.0805,5.0106,0,2.1972,4.6663,2
IMP01345,12403287.02,7.0,2.0,4.0,0.98,0.5266,92.5,0.1429,0.0,0.0601,0.0376,0.0,0.3941,0.025,1.0,0.0,16.3335,2.0794,0,0.6931,4.538,2
IMP01346,65668345.66,152.0,3.0,20.0,1.132,0.5018,151.8,0.0724,0.0,0.039,0.0,0.0,0.3754,0.017,15.0,0.0,18.0001,5.0304,0,2.7726,5.0291,2
IMP01347,27117823.07,70.0,2.0,12.0,1.3115,0.5567,140.6,0.0429,0.0,0.0192,0.0713,0.0,0.3784,0.0227,4.0,0.0,17.1157,4.2627,0,1.6094,4.953,2
IMP01348,0.0,0.0,0.0,0.0,1.0,0.0,0.0,0.0,0.0,0.0,0.0,0.0,0.3946,0.0,0.0,0.0,0.0,0.0,0,0.0,0.0,1
IMP01349,104353968.11,80.0,3.0,9.0,1.042,0.5083,176.2,0.05,0.0,0.0339,0.0,0.0028,0.3744,0.0122,3.0,0.0,18.4633,4.3944,0,1.3863,5.1773,2
IMP01350,87020481.86,150.0,2.0,17.0,1.0285,0.5602,120.5,0.0467,0.0,0.0071,0.0166,0.0027,0.3553,0.0152,9.0,0.0,18.2817,5.0173,0,2.3026,4.7999,2
IMP01351,1008194.44,1.0,1.0,1.0,0.782,0.595,177.1,0.0,0.0,0.0,0.0,0.0,0.3896,0.029,0.0,0.0,13.8237,0.6931,0,0.0,5.1823,2
IMP01352,0.0,1.0,1.0,1.0,0.823,0.494,78.1,0.0,0.0,0.0,0.0,0.0,0.3722,0.032,0.0,0.0,0.0,0.6931,1,0.0,4.3707,3
IMP01353,322855587.45,188.0,3.0,16.0,0.935,0.4884,17.4,0.0798,0.0,0.037,0.0809,0.0188,0.472,0.026,0.0,0.0,19.5927,5.2417,0,0.0,2.9124,2
IMP01354,103564.98,6.0,2.0,3.0,0.9655,0.506,169.1,0.3333,0.0,0.0,0.0,0.0,0.3842,0.1639,2.0,1.0,11.548,1.9459,1,1.0986,5.1364,4
IMP01355,4049813.18,7.0,4.0,5.0,1.075,0.52,15.8,0.0,0.0,0.0,0.0,0.0,0.4101,0.0163,0.0,0.0,15.2142,2.0794,0,0.0,2.8214,2
IMP01356,66264349.63,255.0,1.0,17.0,0.946,0.5376,162.8,0.051,0.0,0.0284,0.0195,0.0,0.3712,0.0279,27.0,0.0,18.0092,5.5452,0,3.3322,5.0986,2
IMP01357,19962071.58,47.0,3.0,5.0,0.968,0.4802,83.3,0.0213,0.0,0.0,0.0,0.0,0.3673,0.0183,6.0,0.0,16.8093,3.8712,0,1.9459,4.4344,2
IMP01358,0.0,0.0,0.0,0.0,1.0,0.0,0.0,0.0,0.0,0.0,0.0,0.0,0.3946,0.0,0.0,0.0,0.0,0.0,0,0.0,0.0,1
IMP01359,1782725.93,3.0,1.0,3.0,0.725,0.5,85.6,0.0,0.0,0.0,0.0,0.0,0.3679,0.0109,2.0,0.0,14.3937,1.3863,0,1.0986,4.4613,2
IMP01360,3173036.5,6.0,3.0,3.0,1.565,0.532,136.9,0.0,0.0,0.0,0.131,0.0,0.4367,0.0255,0.0,0.0,14.9702,1.9459,0,0.0,4.9265,2
IMP01361,88157774.63,282.0,2.0,27.0,0.951,0.5482,110.0,0.0887,0.0,0.0239,0.0,0.0104,0.381,0.0781,61.0,0.1967,18.2946,5.6454,0,4.1271,4.7095,2
IMP01362,4318625.59,7.0,3.0,4.0,1.124,0.553,132.7,0.2857,0.0,0.0,0.0,0.0,0.386,0.1748,1.0,1.0,15.2784,2.0794,1,0.6931,4.8956,4
IMP01363,240985853.8,276.0,2.0,10.0,0.9915,0.4647,60.4,0.0326,0.0,0.0313,0.0725,0.0144,0.404,0.0152,114.0,0.0,19.3002,5.624,0,4.7449,4.1174,2
IMP01364,195024603.3,153.0,2.0,12.0,1.111,0.4826,117.4,0.0392,0.0,0.0312,0.1403,0.023,0.418,0.023,10.0,0.0,19.0886,5.037,0,2.3979,4.7741,2
IMP01365,103873017.33,332.0,4.0,35.0,0.902,0.5682,200.1,0.0542,0.0,0.0406,0.0601,0.0017,0.394,0.0324,52.0,0.0192,18.4587,5.8081,0,3.9703,5.3038,2
IMP01366,34567379.98,34.0,2.0,6.0,0.969,0.4936,147.8,0.0294,0.0,0.0647,0.1924,0.0,0.3922,0.0118,6.0,0.0,17.3584,3.5553,0,1.9459,5.0026,2
IMP01367,1577622.58,5.0,1.0,1.0,0.994,0.519,180.9,0.0,0.0,0.2664,0.0,0.0,0.4757,0.0399,1.0,0.0,14.2714,1.7918,1,0.6931,5.2035,3
IMP01368,24105487.71,27.0,2.0,6.0,1.006,0.4698,148.9,0.1481,0.0,0.0366,0.0,0.0,0.362,0.0388,5.0,0.6,16.998,3.3322,1,1.7918,5.01,3
IMP01369,3711268.31,16.0,4.0,8.0,0.7305,0.5522,175.4,0.125,0.0,0.0589,0.0002,0.0,0.4046,0.2918,2.0,0.5,15.1269,2.8332,0,1.0986,5.1728,4
IMP01370,274467924.79,283.0,3.0,24.0,0.96,0.5176,149.9,0.0565,0.0,0.038,0.191,0.0359,0.4217,0.021,21.0,0.0,19.4303,5.649,0,3.091,5.0166,2
IMP01371,1140129.96,12.0,3.0,4.0,1.018,0.568,23.4,0.0833,0.0,0.0,0.0219,0.0,0.4168,0.0159,7.0,0.0,13.9467,2.5649,0,2.0794,3.1946,2
IMP01372,0.0,3.0,2.0,2.0,0.858,0.585,15.2,0.0,0.0,0.0,0.0,0.0,0.4022,0.0206,2.0,0.0,0.0,1.3863,0,1.0986,2.785,1
IMP01373,95813491.39,63.0,3.0,10.0,0.909,0.5635,213.9,0.0952,0.0,0.0123,0.237,0.0,0.4249,0.0351,9.0,0.0,18.3779,4.1589,0,2.3026,5.3702,2
IMP01374,579906.1,2.0,2.0,2.0,1.031,0.429,44.1,0.0,0.0,0.0,0.0,0.0,0.4587,0.0383,0.0,0.0,13.2706,1.0986,0,0.0,3.8089,2
IMP01375,34842431.28,45.0,3.0,10.0,0.979,0.519,49.3,0.0667,0.0,0.0691,0.0628,0.0,0.4178,0.1008,19.0,0.1053,17.3663,3.8286,0,2.9957,3.918,2
IMP01376,15706640.33,31.0,2.0,3.0,1.1,0.4814,158.0,0.0323,0.0,0.0,0.0005,0.0,0.3621,0.0215,4.0,0.0,16.5696,3.4657,0,1.6094,5.0689,2
IMP01377,4902246.4,34.0,2.0,7.0,1.42,0.4383,200.3,0.0294,0.0,0.02,0.0,0.0,0.4308,0.0307,2.0,0.0,15.4052,3.5553,1,1.0986,5.3048,3
IMP01378,7358789.23,2.0,2.0,2.0,1.134,0.566,27.3,0.5,0.0,0.0,0.131,0.0,0.4366,0.007,1.0,0.0,15.8114,1.0986,0,0.6931,3.3429,2
IMP01379,358760825.72,922.0,2.0,29.0,1.0185,0.5607,192.0,0.0597,0.2505,0.0435,0.076,0.0023,0.383,0.0151,61.0,0.0492,19.6982,6.8276,0,4.1271,5.2627,2
IMP01380,37975797.51,142.0,1.0,15.0,0.903,0.4646,49.5,0.0423,0.0,0.035,0.035,0.0007,0.3987,0.0186,33.0,0.0,17.4525,4.9628,0,3.5264,3.922,2
IMP01381,49214696.77,99.0,4.0,12.0,1.3055,0.4691,86.3,0.0505,0.0,0.0315,0.0238,0.0,0.4226,0.0288,12.0,0.0,17.7117,4.6052,0,2.5649,4.4694,2
IMP01382,1846395.92,4.0,3.0,3.0,0.9415,0.516,165.5,0.25,0.0,0.0,0.0,0.0,0.3708,0.0246,0.0,0.0,14.4287,1.6094,0,0.0,5.115,2
IMP01383,0.0,1.0,1.0,1.0,0.888,0.517,44.5,0.0,0.0,0.0,0.0,0.0,0.3692,0.0111,0.0,0.0,0.0,0.6931,0,0.0,3.8177,1
IMP01384,5526235.24,31.0,2.0,4.0,0.672,0.483,113.4,0.2903,0.0,0.0853,0.0001,0.0,0.4166,0.2441,14.0,0.5,15.525,3.4657,0,2.7081,4.7397,4
IMP01385,7653802.52,8.0,1.0,2.0,1.003,0.55,148.2,0.0,0.0,0.0,0.0328,0.0,0.3508,0.0139,1.0,0.0,15.8507,2.1972,0,0.6931,5.0053,2
IMP01386,0.0,4.0,1.0,2.0,1.6365,0.4955,61.8,0.0,0.0,0.0,0.136,0.0,0.4651,0.0127,0.0,0.0,0.0,1.6094,0,0.0,4.14,1
IMP01387,149150543.0,370.0,2.0,21.0,0.9245,0.4915,76.2,0.0405,0.0,0.0323,0.0887,0.0026,0.3859,0.0191,124.0,0.0,18.8205,5.9162,0,4.8283,4.3464,2
IMP01388,62611536.88,47.0,5.0,7.0,0.963,0.542,204.1,0.0851,0.0,0.0524,0.008,0.0,0.3947,0.0289,8.0,0.0,17.9525,3.8712,0,2.1972,5.3235,2
IMP01389,47832592.03,57.0,2.0,14.0,0.827,0.3946,68.6,0.1053,0.0,0.0369,0.0467,0.0,0.3962,0.0265,11.0,0.0,17.6832,4.0604,0,2.4849,4.2428,2
IMP01390,0.0,1.0,1.0,1.0,1.167,0.49,53.8,0.0,0.0,0.0,0.0,0.0,0.3733,0.0165,0.0,0.0,0.0,0.6931,0,0.0,4.0037,1
IMP01391,18861734.02,16.0,1.0,6.0,1.08,0.5098,155.5,0.0,0.0,0.0914,0.1882,0.0,0.3912,0.0138,2.0,0.0,16.7526,2.8332,0,1.0986,5.0531,2
IMP01392,60976646.22,80.0,2.0,10.0,1.0415,0.4436,217.8,0.05,0.0,0.0509,0.1735,0.0,0.4523,0.036,10.0,0.0,17.926,4.3944,0,2.3979,5.3882,2
IMP01393,50179457.77,94.0,1.0,6.0,0.9835,0.5618,167.6,0.0957,0.0,0.0406,0.0724,0.0,0.3688,0.027,44.0,0.0,17.7311,4.5539,0,3.8067,5.1275,2
IMP01394,150131302.21,86.0,3.0,10.0,0.987,0.5323,143.9,0.0814,0.0,0.0759,0.2053,0.0167,0.4232,0.0161,9.0,0.0,18.827,4.4659,0,2.3026,4.976,2
IMP01395,241320493.26,294.0,3.0,29.0,0.993,0.5663,151.0,0.0816,0.0,0.0347,0.1026,0.0219,0.397,0.0188,52.0,0.0192,19.3016,5.687,0,3.9703,5.0239,2
IMP01396,224947494.4,235.0,1.0,12.0,0.938,0.4812,101.6,0.0468,0.0,0.027,0.0713,0.0176,0.4017,0.0248,13.0,0.0,19.2314,5.4638,0,2.6391,4.6308,2
IMP01397,0.0,0.0,0.0,0.0,1.0,0.0,0.0,0.0,0.0,0.0,0.0,0.0,0.3946,0.0,0.0,0.0,0.0,0.0,1,0.0,0.0,3
IMP01398,66697705.61,152.0,2.0,13.0,1.053,0.5556,63.5,0.0395,0.0,0.0344,0.1518,0.0004,0.4266,0.0903,12.0,0.1667,18.0157,5.0304,0,2.5649,4.1667,2
IMP01399,23528131.19,77.0,3.0,11.0,1.394,0.5631,95.1,0.0649,0.0,0.028,0.0089,0.0,0.4028,0.0406,8.0,0.125,16.9737,4.3567,0,2.1972,4.5654,2
IMP01400,7332006.59,9.0,2.0,4.0,0.963,0.517,164.2,0.0,0.0,0.0,0.1456,0.0,0.4022,0.0462,1.0,0.0,15.8078,2.3026,0,0.6931,5.1072,2
IMP01401,15184823.79,51.0,1.0,6.0,0.799,0.4814,104.3,0.0196,0.0,0.0345,0.0495,0.0,0.3914,0.0234,7.0,0.0,16.5358,3.9512,0,2.0794,4.6568,2
IMP01402,0.0,0.0,0.0,0.0,1.0,0.0,0.0,0.0,0.0,0.0,0.0,0.0,0.3946,0.0,0.0,0.0,0.0,0.0,0,0.0,0.0,1
IMP01403,0.0,2.0,2.0,2.0,1.1,0.519,46.7,0.5,0.0,0.0,0.0005,0.0,0.3751,0.0248,0.0,0.0,0.0,1.0986,0,0.0,3.8649,1
IMP01404,255288327.79,160.0,3.0,21.0,0.952,0.3968,120.1,0.05,0.0,0.0209,0.2078,0.0718,0.4496,0.0303,14.0,0.0,19.3579,5.0814,0,2.7081,4.7966,2
IMP01405,48963931.15,155.0,6.0,26.0,1.0055,0.4014,126.2,0.0452,0.0,0.0275,0.0262,0.0,0.3676,0.0207,14.0,0.0,17.7066,5.0499,0,2.7081,4.8458,2
IMP01406,0.0,4.0,1.0,2.0,1.068,0.49,211.4,0.0,0.0,0.0,0.0,0.0,0.4333,0.041,0.0,0.0,0.0,1.6094,0,0.0,5.3585,1
IMP01407,186623.3,3.0,2.0,2.0,0.418,0.5267,200.2,0.3333,0.0,0.0,0.0003,0.0,0.466,0.5767,1.0,1.0,12.1369,1.3863,0,0.6931,5.3043,4
IMP01408,10478485.56,26.0,1.0,4.0,0.927,0.4317,53.1,0.0385,0.0,0.0,0.0101,0.0,0.3856,0.0435,2.0,0.0,16.1648,3.2958,0,1.0986,3.9908,2
IMP01409,2490190.98,2.0,2.0,2.0,0.897,0.453,202.4,0.0,0.0,0.0,0.005,0.0,0.3842,0.004,0.0,0.0,14.7279,1.0986,0,0.0,5.3152,2
IMP01410,36588145.56,19.0,1.0,3.0,1.01,0.4849,122.8,0.0526,0.0,0.0667,0.0,0.0,0.3708,0.0112,1.0,0.0,17.4152,2.9957,0,0.6931,4.8187,2
IMP01411,102081509.33,371.0,4.0,32.0,0.994,0.4891,139.7,0.0458,0.0,0.0364,0.0134,0.0,0.3651,0.0116,46.0,0.0,18.4413,5.9189,0,3.8501,4.9466,2
IMP01412,3401165.91,8.0,1.0,1.0,1.1885,0.506,161.6,0.0,0.0,0.0948,0.0,0.0,0.3941,0.0112,1.0,0.0,15.0396,2.1972,0,0.6931,5.0913,2
IMP01413,33734319.67,13.0,2.0,4.0,0.947,0.4703,19.6,0.1538,0.0,0.1612,0.0806,0.0,0.4687,0.0208,1.0,1.0,17.334,2.6391,0,0.6931,3.0253,4
IMP01414,364504729.69,746.0,2.0,26.0,1.009,0.5126,192.1,0.059,0.2279,0.0961,0.0067,0.0018,0.3918,0.0194,117.0,0.0171,19.7141,6.6161,0,4.7707,5.2632,2
IMP01415,84807156.13,60.0,1.0,10.0,1.098,0.5188,210.2,0.05,0.0,0.0092,0.1331,0.0,0.4297,0.0283,4.0,0.0,18.2559,4.1109,0,1.6094,5.3528,2
IMP01416,158497809.87,270.0,2.0,28.0,1.089,0.352,162.6,0.0593,0.0,0.0487,0.1639,0.0301,0.4419,0.0188,19.0,0.0526,18.8813,5.6021,0,2.9957,5.0974,2
IMP01417,277396073.82,236.0,2.0,15.0,0.953,0.4715,126.2,0.0551,0.0,0.0378,0.0509,0.0,0.3625,0.0102,18.0,0.0,19.441,5.4681,0,2.9444,4.8458,2
IMP01418,13635096.62,15.0,2.0,3.0,0.978,0.4454,98.5,0.1333,0.0,0.0269,0.0109,0.0,0.3686,0.0227,0.0,0.0,16.4282,2.7726,0,0.0,4.6002,2
IMP01419,1761152935.48,473.0,3.0,37.0,0.992,0.5748,138.2,0.0655,0.0,0.038,0.0,0.0,0.3657,0.0256,56.0,0.0179,21.2892,6.1612,0,4.0431,4.9359,2
IMP01420,215369555.04,257.0,4.0,29.0,1.081,0.5061,187.1,0.0584,0.0,0.0126,0.081,0.0221,0.4194,0.0222,17.0,0.0588,19.1879,5.553,0,2.8904,5.237,2
IMP01421,0.0,0.0,0.0,0.0,1.0,0.0,0.0,0.0,0.0,0.0,0.0,0.0,0.3946,0.0,0.0,0.0,0.0,0.0,1,0.0,0.0,3
IMP01422,65975052.43,210.0,4.0,29.0,1.0765,0.513,189.8,0.0619,0.0,0.0236,0.0119,0.0182,0.4133,0.058,33.0,0.0909,18.0048,5.3519,0,3.5264,5.2512,2
IMP01423,952031.23,3.0,1.0,1.0,1.095,0.545,96.2,0.0,0.0,0.0,0.8283,0.0,0.468,0.0112,0.0,0.0,13.7664,1.3863,0,0.0,4.5768,2
IMP01424,2859533.46,3.0,2.0,2.0,1.111,0.509,192.0,0.0,0.0,0.0,0.0003,0.0,0.4233,0.0444,0.0,0.0,14.8662,1.3863,0,0.0,5.2627,2
IMP01425,31660997.61,82.0,1.0,9.0,1.204,0.5551,148.7,0.0976,0.0,0.0248,0.067,0.0,0.3871,0.0203,6.0,0.0,17.2706,4.4188,0,1.9459,5.0086,2
IMP01426,1287157859.5,2970.0,3.0,37.0,1.0,0.5766,86.4,0.0512,0.2239,0.0719,0.0683,0.0004,0.3759,0.0123,225.0,0.0133,20.9757,7.9967,0,5.4205,4.4705,2
IMP01427,32115332.35,99.0,1.0,8.0,1.0475,0.5207,95.2,0.0404,0.0,0.0594,0.0,0.0,0.3769,0.026,22.0,0.0,17.2848,4.6052,0,3.1355,4.5664,2
IMP01428,36348492.89,46.0,3.0,8.0,0.982,0.4945,151.1,0.0217,0.0,0.0283,0.0771,0.0,0.3691,0.0157,4.0,0.0,17.4087,3.8501,0,1.6094,5.0245,2
IMP01429,861527328.64,1143.0,2.0,12.0,0.951,0.5346,74.4,0.049,0.2397,0.0486,0.0745,0.0158,0.4041,0.0149,82.0,0.0122,20.5742,7.0423,0,4.4188,4.3228,2
IMP01430,4909859.02,3.0,1.0,1.0,0.63,0.467,192.2,0.0,0.0,0.0,0.0,0.0,0.4314,0.0447,0.0,0.0,15.4068,1.3863,0,0.0,5.2637,2
IMP01431,19397487.41,89.0,4.0,14.0,0.9,0.5014,82.3,0.0337,0.0,0.0157,0.0,0.0,0.3919,0.0295,11.0,0.0,16.7807,4.4998,0,2.4849,4.4224,2
IMP01432,412608649.0,198.0,5.0,23.0,0.917,0.6258,152.9,0.0354,0.0,0.0402,0.0624,0.0,0.4042,0.0297,20.0,0.0,19.838,5.2933,0,3.0445,5.0363,2
IMP01433,179510996.92,295.0,3.0,27.0,1.096,0.5575,60.9,0.078,0.0,0.0372,0.0431,0.0,0.4298,0.0475,24.0,0.0,19.0057,5.6904,0,3.2189,4.1255,2
IMP01434,326364.1,5.0,4.0,4.0,1.239,0.5462,130.5,0.0,0.0,0.0,0.0,0.0,0.3814,0.0215,0.0,0.0,12.6958,1.7918,0,0.0,4.879,2
IMP01435,12630842.15,19.0,1.0,4.0,1.011,0.459,30.3,0.1053,0.0,0.0,0.0276,0.0,0.4034,0.0087,10.0,0.0,16.3517,2.9957,0,2.3979,3.4436,2
IMP01436,436984695.73,295.0,1.0,20.0,0.933,0.4919,167.6,0.061,0.0,0.1245,0.1372,0.0095,0.4155,0.0139,118.0,0.0424,19.8954,5.6904,0,4.7791,5.1275,2
IMP01437,97358.08,3.0,2.0,2.0,0.827,0.595,182.8,0.3333,0.0,0.0007,0.0,0.0,0.4176,0.0457,0.0,0.0,11.4862,1.3863,0,0.0,5.2138,2
IMP01438,422610866.07,122.0,1.0,8.0,1.0205,0.5296,176.6,0.0574,0.0,0.0341,0.0,0.0,0.3654,0.0151,8.0,0.0,19.862,4.8122,0,2.1972,5.1795,2
IMP01439,406915817.65,287.0,4.0,34.0,1.328,0.563,109.3,0.0453,0.0,0.0274,0.0001,0.0112,0.4131,0.0182,21.0,0.0,19.8241,5.663,0,3.091,4.7032,2
IMP01440,17882372.62,19.0,3.0,4.0,1.025,0.519,152.7,0.1053,0.0,0.0,0.0,0.0,0.3406,0.0174,2.0,0.0,16.6993,2.9957,0,1.0986,5.035,2
IMP01441,10874701.34,13.0,2.0,5.0,1.082,0.487,209.9,0.0,0.0,0.0,0.0,0.0,0.3839,0.0095,0.0,0.0,16.2019,2.6391,0,0.0,5.3514,2
IMP01442,13312686.26,6.0,2.0,2.0,0.8745,0.5385,64.4,0.0,0.0,0.0,0.0,0.0,0.3802,0.0119,1.0,0.0,16.4042,1.9459,0,0.6931,4.1805,2
IMP01443,5488924.31,4.0,1.0,2.0,0.883,0.568,175.8,0.0,0.0,0.0,0.0,0.0,0.3608,0.0145,0.0,0.0,15.5182,1.6094,0,0.0,5.175,2
IMP01444,29523193.96,58.0,3.0,5.0,0.9005,0.4998,103.2,0.069,0.0,0.028,0.0,0.0,0.3648,0.0171,5.0,0.0,17.2007,4.0775,0,1.7918,4.6463,2
IMP01445,228468728.62,721.0,2.0,30.0,1.013,0.5013,118.5,0.061,0.2247,0.0442,0.0,0.0,0.364,0.0105,45.0,0.0222,19.2469,6.582,0,3.8286,4.7833,2
IMP01446,130550402.39,127.0,4.0,18.0,1.005,0.5172,114.3,0.0551,0.0,0.0451,0.0,0.0,0.3658,0.013,8.0,0.0,18.6873,4.852,0,2.1972,4.7475,2
IMP01447,20703565.33,30.0,1.0,3.0,1.279,0.5285,145.2,0.0,0.0,0.0292,0.0001,0.0,0.3792,0.0181,2.0,0.0,16.8458,3.434,0,1.0986,4.985,2
IMP01448,60020535.21,172.0,6.0,31.0,1.067,0.5431,75.7,0.0523,0.0,0.0331,0.0722,0.0454,0.4441,0.031,19.0,0.0,17.9102,5.1533,0,2.9957,4.3399,2
IMP01449,267129387.17,330.0,4.0,35.0,0.976,0.5023,201.1,0.0758,0.0,0.0242,0.0001,0.0105,0.4015,0.0512,47.0,0.0851,19.4032,5.8021,0,3.8712,5.3088,2
IMP01450,6289671.51,13.0,2.0,4.0,1.017,0.5365,184.3,0.0,0.0,0.0,0.0,0.0,0.3639,0.0174,1.0,0.0,15.6544,2.6391,0,0.6931,5.222,2
IMP01451,0.0,0.0,0.0,0.0,1.0,0.0,0.0,0.0,0.0,0.0,0.0,0.0,0.3946,0.0,0.0,0.0,0.0,0.0,0,0.0,0.0,1
IMP01452,58288213.93,94.0,1.0,12.0,0.754,0.5177,185.6,0.0532,0.0,0.0383,0.0,0.0,0.3911,0.0177,13.0,0.0,17.8809,4.5539,0,2.6391,5.229,2
IMP01453,80130520.21,98.0,3.0,12.0,0.8185,0.5402,223.8,0.0306,0.0,0.0216,0.0254,0.0,0.4126,0.0501,20.0,0.05,18.1992,4.5951,0,3.0445,5.4152,2
IMP01454,0.0,0.0,0.0,0.0,1.0,0.0,0.0,0.0,0.0,0.0,0.0,0.0,0.3946,0.0,0.0,0.0,0.0,0.0,0,0.0,0.0,1
IMP01455,43167325.87,149.0,3.0,23.0,0.913,0.5842,139.7,0.047,0.0,0.0403,0.1007,0.0,0.3699,0.024,38.0,0.0,17.5806,5.0106,0,3.6636,4.9466,2
IMP01456,6551820.35,25.0,4.0,9.0,0.974,0.4996,155.1,0.04,0.0,0.0,0.1099,0.0,0.3968,0.0232,7.0,0.0,15.6953,3.2581,0,2.0794,5.0505,2
IMP01457,6411500.22,3.0,2.0,2.0,1.032,0.569,136.7,0.3333,0.0,0.0,0.0,0.0,0.3495,0.0807,0.0,0.0,15.6736,1.3863,0,0.0,4.9251,2
IMP01458,91990653.37,43.0,1.0,9.0,1.066,0.5187,174.2,0.0233,0.0,0.0515,0.1676,0.0,0.4067,0.0129,3.0,0.0,18.3372,3.7842,0,1.3863,5.1659,2
IMP01459,154149421.19,337.0,3.0,10.0,0.916,0.5193,166.6,0.1246,0.0,0.0448,0.0391,0.0075,0.4087,0.1369,67.0,0.3433,18.8534,5.823,0,4.2195,5.1216,2
IMP01460,141153878.07,162.0,3.0,16.0,1.0475,0.5038,67.3,0.037,0.0,0.0368,0.0663,0.0105,0.3964,0.0141,14.0,0.0,18.7654,5.0938,0,2.7081,4.2239,2
IMP01461,244608.81,7.0,1.0,1.0,1.04,0.569,48.2,0.2857,0.0,0.0,0.0,0.0,0.4269,0.144,1.0,1.0,12.4074,2.0794,1,0.6931,3.8959,4
IMP01462,0.0,1.0,1.0,1.0,0.915,0.483,61.1,0.0,0.0,0.0,0.0,0.0,0.3726,0.0157,0.0,0.0,0.0,0.6931,0,0.0,4.1287,1
IMP01463,0.0,0.0,0.0,0.0,1.0,0.0,0.0,0.0,0.0,0.0,0.0,0.0,0.3946,0.0,0.0,0.0,0.0,0.0,0,0.0,0.0,1
IMP01464,137850231.74,58.0,3.0,8.0,0.9945,0.4345,150.4,0.0,0.0,0.0125,0.1649,0.0,0.3894,0.0122,9.0,0.0,18.7417,4.0775,0,2.3026,5.0199,2
IMP01465,129039811.26,30.0,1.0,8.0,0.963,0.5646,187.1,0.0667,0.0,0.2335,0.0,0.0,0.4327,0.0201,5.0,0.0,18.6756,3.434,0,1.7918,5.237,2
IMP01466,17885839.57,5.0,2.0,2.0,1.266,0.51,100.7,0.0,0.0,0.0348,0.0,0.0,0.3928,0.4,0.0,0.0,16.6995,1.7918,0,0.0,4.622,4
IMP01467,39147063.37,245.0,6.0,24.0,1.0405,0.5257,144.5,0.0694,0.0,0.027,0.0,0.0037,0.3877,0.065,30.0,0.2333,17.4828,5.5053,0,3.434,4.9802,2
IMP01468,254099430.33,667.0,4.0,18.0,0.994,0.5836,142.7,0.06,0.2504,0.0427,0.0,0.0034,0.4059,0.0342,71.0,0.0845,19.3532,6.5043,0,4.2767,4.9677,2
IMP01469,228681132.95,233.0,4.0,25.0,0.9875,0.4566,218.4,0.0515,0.0,0.0403,0.0866,0.0,0.4122,0.0165,17.0,0.0,19.2478,5.4553,0,2.8904,5.3909,2
IMP01470,32380729.61,50.0,3.0,8.0,0.838,0.5385,184.3,0.04,0.0,0.0172,0.1473,0.0,0.403,0.0325,9.0,0.0,17.2931,3.9318,0,2.3026,5.222,2
IMP01471,188581213.04,363.0,4.0,22.0,1.002,0.5011,184.1,0.0744,0.0,0.0214,0.0685,0.0,0.3777,0.0267,28.0,0.0,19.055,5.8972,0,3.3673,5.2209,2
IMP01472,16290609.09,35.0,4.0,9.0,1.113,0.4951,110.6,0.0,0.0,0.0528,0.0079,0.0,0.4016,0.0172,2.0,0.0,16.6061,3.5835,0,1.0986,4.7149,2
IMP01473,543864270.08,80.0,4.0,15.0,0.993,0.5021,94.5,0.025,0.0,0.0373,0.0,0.0,0.3736,0.0127,10.0,0.0,20.1142,4.3944,0,2.3979,4.5591,2
IMP01474,583708.98,2.0,2.0,1.0,0.4705,0.55,130.1,0.0,0.0,0.0,0.0,0.0,0.4541,0.2612,0.0,0.0,13.2772,1.0986,0,0.0,4.876,2
IMP01475,1749062.51,2.0,1.0,1.0,0.8805,0.428,141.3,0.0,0.0,0.0,0.0,0.0,0.3484,0.0148,0.0,0.0,14.3746,1.0986,0,0.0,4.9579,2
IMP01476,0.0,0.0,0.0,0.0,1.0,0.0,0.0,0.0,0.0,0.0,0.0,0.0,0.3946,0.0,0.0,0.0,0.0,0.0,1,0.0,0.0,3
IMP01477,0.0,2.0,1.0,2.0,3.4055,0.567,62.5,0.5,0.0,0.4935,0.0,0.0,0.5592,0.4196,1.0,1.0,0.0,1.0986,0,0.6931,4.151,4
IMP01478,60475032.13,238.0,5.0,25.0,0.997,0.5265,179.9,0.2479,0.0,0.0332,0.0481,0.0,0.4105,0.2973,76.0,0.6842,17.9177,5.4765,0,4.3438,5.1979,4
IMP01479,15656306.74,55.0,4.0,14.0,0.948,0.5664,103.2,0.1818,0.0,0.0084,0.0215,0.0,0.3765,0.1189,16.0,0.5625,16.5664,4.0254,1,2.8332,4.6463,3
IMP01480,14756183.29,54.0,4.0,10.0,0.839,0.685,92.1,0.1667,0.0,0.0295,0.0,0.0,0.3829,0.0971,19.0,0.2105,16.5072,4.0073,0,2.9957,4.5337,2
IMP01481,147254074.86,116.0,3.0,15.0,1.0045,0.4974,156.4,0.0431,0.0,0.0437,0.0,0.0,0.3684,0.0137,22.0,0.0,18.8077,4.7622,1,3.1355,5.0588,3
IMP01482,563674211.96,177.0,2.0,18.0,1.152,0.5521,191.4,0.0508,0.0,0.0763,0.0935,0.0003,0.436,0.0647,21.0,0.0476,20.15,5.1818,0,3.091,5.2596,2
IMP01483,347617617.34,163.0,2.0,18.0,1.225,0.5655,121.0,0.0859,0.0,0.0179,0.1418,0.0105,0.4414,0.0484,11.0,0.0,19.6666,5.0999,0,2.4849,4.804,2
IMP01484,113995370.24,165.0,3.0,15.0,0.991,0.509,88.3,0.1091,0.0,0.0275,0.0655,0.0394,0.4282,0.0803,35.0,0.3143,18.5517,5.112,0,3.5835,4.492,2
IMP01485,101822228.53,73.0,4.0,12.0,1.065,0.5332,25.4,0.0685,0.0,0.019,0.1021,0.0,0.4157,0.0206,27.0,0.0741,18.4387,4.3041,0,3.3322,3.2734,2
IMP01486,84314641.14,288.0,2.0,19.0,0.964,0.5392,83.4,0.0451,0.0,0.0255,0.0,0.0024,0.364,0.019,58.0,0.0,18.2501,5.6664,0,4.0775,4.4356,2
IMP01487,108917206.86,31.0,1.0,6.0,1.022,0.5657,186.3,0.129,0.0,0.0,0.0085,0.0,0.3728,0.0275,2.0,0.0,18.5061,3.4657,0,1.0986,5.2327,2
IMP01488,59421725.85,207.0,7.0,37.0,0.927,0.5789,171.0,0.0773,0.0,0.0345,0.0294,0.0,0.371,0.0379,38.0,0.0789,17.9002,5.3375,0,3.6636,5.1475,2
IMP01489,2130635.74,7.0,2.0,3.0,0.965,0.568,86.1,0.0,0.0,0.0,0.0,0.0,0.3923,0.0196,0.0,0.0,14.5719,2.0794,0,0.0,4.4671,2
IMP01490,91470404.58,263.0,3.0,19.0,1.008,0.4965,58.8,0.038,0.0,0.0294,0.0661,0.0022,0.4037,0.0175,31.0,0.0,18.3315,5.5759,0,3.4657,4.091,2
IMP01491,60997293.87,119.0,3.0,22.0,1.003,0.5406,213.6,0.084,0.0,0.0207,0.0011,0.0,0.4043,0.0309,11.0,0.0909,17.9263,4.7875,0,2.4849,5.3688,2
IMP01492,20382680.21,13.0,1.0,3.0,1.105,0.532,126.3,0.0769,0.0,0.069,0.0,0.0,0.3829,0.0487,2.0,0.5,16.8302,2.6391,1,1.0986,4.8465,3
IMP01493,0.0,0.0,0.0,0.0,1.0,0.0,0.0,0.0,0.0,0.0,0.0,0.0,0.3946,0.0,0.0,0.0,0.0,0.0,0,0.0,0.0,1
IMP01494,71732745.79,202.0,5.0,17.0,0.929,0.5523,201.4,0.2772,0.0,0.029,0.0124,0.0,0.4243,0.2847,61.0,0.7705,18.0885,5.3132,0,4.1271,5.3102,4
IMP01495,0.0,1.0,1.0,1.0,1.076,0.522,6.2,0.0,0.0,0.0,2.485,0.0,0.5722,0.0053,0.0,0.0,0.0,0.6931,0,0.0,1.9741,2
IMP01496,37428972.22,97.0,1.0,10.0,0.82,0.5637,89.5,0.0206,0.0,0.093,0.1282,0.0,0.4019,0.0633,15.0,0.0,17.438,4.585,0,2.7726,4.5053,2
IMP01497,9647690.64,30.0,2.0,6.0,1.25,0.5209,71.6,0.0333,0.0,0.0325,0.0,0.0,0.406,0.0149,1.0,0.0,16.0822,3.434,0,0.6931,4.285,2
IMP01498,61493930.28,88.0,5.0,14.0,0.938,0.5201,96.2,0.0341,0.0,0.0198,0.0996,0.0132,0.3917,0.0488,24.0,0.0,17.9344,4.4886,0,3.2189,4.5768,2
IMP01499,138841.56,2.0,2.0,2.0,0.932,0.532,172.3,0.0,0.0,0.0015,0.0,0.0,0.4308,0.2712,0.0,0.0,11.8411,1.0986,0,0.0,5.155,2
IMP01500,11954925.38,13.0,3.0,5.0,1.013,0.5195,186.9,0.0,0.0,0.0,0.0322,0.0,0.3776,0.0199,1.0,0.0,16.2967,2.6391,0,0.6931,5.2359,2
