trader_ref,trader_id,legal_name,trading_name,address_id,director_id,director_name,phone,default_broker_id,registration_date,sector,size_band,region,status,vat_registered,declared_turnover_12m,consignee_count
TRD0001,T1016,Quarry Stone Exports Ltd,Quarry Stone Exports Ltd,A49555,D97283,Tùng Vũ,0425294852,B110,2026-05-29,Steel and metals,L,East,active,True,5916039.0,0
TRD0002,T1042,Langton Enterprises Ltd,Langton Enterprises Ltd,A82508,D39568,Bảo Đức Mai,0251554121,B138,2026-05-15,Steel and metals,S,North,active,True,4445627.0,1
TRD0003,T105145,Evergreen Living Commercial Co.,Evergreen Living Commercial Co.,A54450,D79003,Edward Moore,0876881532,B107,2012-05-22,Furniture and home,M,West,active,True,5785066.0,0
TRD0004,T923698,Sunrise Furniture Partners Ltd,Sunrise Furniture Store,A78558,D86961,จินต์จุฑา ถนัดภาษา,0422538218,B134,2007-11-13,Furniture and home,M,North,active,False,,1
TRD0005,T1000,Harbour Foods Export Ltd,Harbour Foods Store,A14581,D78111,Gavin Choudhury,0584891292,B101,2017-02-11,Fresh produce,L,Coastal,active,True,8063481.0,1
TRD0006,T250806,Coral Mobile Partners Ltd,Coral Mobile Express,A66748,D39744,Hương Trần,0894659538,B101,2025-07-24,Electronics,M,North,active,True,2436022.0,1
TRD0007,T157217,Jade Furniture Commercial Co.,Jade Furniture Commercial Co.,A90424,D34388,Tùng Vũ,0338405514,B116,2014-08-29,Furniture and home,S,East,active,True,113861874.0,2
TRD0008,T816106,Ocean Metal Distribution Ltd,Ocean Metal Distribution Ltd,A59496,D79008,Alison Rodriguez,0860432649,B121,2020-06-13,Steel and metals,M,Coastal,active,True,4649565.0,0
TRD0009,T1017,Kirkby Textile Trading Ltd,Kirkby Textile Express,A49614,D68051,Duane Stephenson,0625123864,B126,2021-05-27,Textiles,M,West,active,True,5568869.0,0
TRD0010,T583425,Ocean Fruits Commercial Co.,Ocean Fruits Commercial Co.,A85880,D86245,Laurie Chase,0935774582,B132,2007-02-16,Fresh produce,S,South,active,True,1863126.0,1
TRD0011,T412247,Horizon Motor Enterprises,Horizon Motor Enterprises,A54076,D14811,ธีรวัช ไชยภา,0658297500,B113,2017-03-05,Vehicles and parts,S,Coastal,active,True,31115934.0,1
TRD0012,T287166,Harmony Orchard Partners Ltd,Harmony Orchard Partners Ltd,A20979,D33548,Jeevika Ravi,0835504914,B112,2016-11-23,Fresh produce,M,West,active,True,8006465.0,1
TRD0013,T648031,Coral Living International Ltd,Coral Living International Ltd,A76431,D10763,Quý ông Nhiên Bùi,0683749983,B102,2018-10-02,Furniture and home,S,Capital,active,True,23894813.0,1
TRD0014,T427400,"Mekong Sugar Trading Co., Ltd","Mekong Sugar Trading Co., Ltd",A49664,D40602,Cô Xuân Lê,0532695261,B103,2013-08-04,Sugar and confectionery,S,South,suspended,True,5003465.0,0
TRD0015,,Green Valley Iron Holdings Ltd,Green Valley Hub,A46492,D99117,Adam Hernandez,0566252911,B125,2020-01-10,Steel and metals,S,Capital,active,False,,1
TRD0016,T913347,Monsoon Sugar Partners Ltd,Monsoon Sugar Partners Ltd,A16032,D20285,Thành Phú Vũ,0671230994,B121,2019-11-08,Sugar and confectionery,M,North,active,True,142797448.0,4
TRD0017,T657299,Blue River Electronics Import Export Ltd,Blue River Electronics Import Export Ltd,A58284,D99651,Hạnh Thế Lê,0387018251,B113,2020-11-21,Electronics,M,Capital,active,True,65597678.0,2
TRD0018,T1125,Carrick Services Ltd,Carrick Services Ltd,A28543,D26577,ไชยภพ ดวงทับทิม,0545512795,B126,2025-06-09,Fresh produce,S,Coastal,active,True,21729824.0,1
TRD0019,T1005,Meridian Components Ltd,Meridian Components Ltd,A23485,D63768,Naksh Lal,0744841936,B138,2022-10-12,Electronics,L,Coastal,active,True,6097891.0,1
TRD0020,T449219,Phoenix Pack Supply Co.,Phoenix Pack Supply Co.,A70980,D15621,Vi Phạm,0618798913,B115,2023-07-17,Plastics and packaging,M,East,active,True,4856391.0,1
TRD0021,T1028,Arden Group Ltd,Arden Group Store,A78014,D50471,Edward Hill,0445848853,B135,2017-08-18,Electronics,M,North,active,True,7060232.0,2
TRD0022,T1110,Ashcombe Agri Exports Ltd,Ashcombe Agri Exports Ltd,A94469,D34942,จันทนา ถนัดการยนต์,0370221400,B110,2026-05-13,Fresh produce,M,Coastal,active,True,11296365.0,1
TRD0023,T889187,Lakeside Agro Group Ltd,Lakeside Agro Group Ltd,A87148,D97629,Urvashi Deshmukh,0720260129,B133,2010-02-02,Fresh produce,S,Capital,active,True,7423806.0,0
TRD0024,T1057,Kestrel Export Ltd,Kestrel Export Imports,A16138,D37171,Randy Chung,0868532686,B113,2022-04-17,Steel and metals,M,South,active,True,5691702.0,0
TRD0025,,Saffron Cotton Holdings Ltd,Saffron Cotton Holdings Ltd,A29739,D33929,Bà Hạnh Hoàng,0740384025,B111,2020-05-17,Textiles,S,South,active,False,,1
TRD0026,T617933,"Royal Glow Trading Co., Ltd",Royal Glow Express,A69732,D77949,Anh Nam Lê,0862768585,B109,2015-01-18,Cosmetics and personal care,L,West,active,True,8689563.0,2
TRD0027,T1143,Anvil Enterprises Ltd,Anvil Enterprises Mart,A58267,D19034,นพวรรณ ทองสินธุ์,0227376246,B120,2023-04-05,Fresh produce,L,South,active,True,5003794.0,1
TRD0028,T1023,Yardley Enterprises Ltd,Yardley Enterprises Ltd,A18363,D55337,Anh Huy Hoàng,0702357717,B101,2021-07-05,Medical and optical,L,West,active,True,6890515.0,0
TRD0029,T1119,Orchard Group Ltd,Orchard Group Direct,A64347,D73315,Chatresh Sankar,0882544932,B128,2025-09-06,Furniture and home,M,North,active,False,,0
TRD0030,T606037,Prime Steel Partners Ltd,Prime Steel Mart,A89011,D26271,Prisha Bora,0777027842,B126,2007-01-24,Steel and metals,M,North,active,True,131128538.0,1
TRD0031,T290454,Harmony Alloy Partners Ltd,Harmony Alloy Partners Ltd,A73016,D83038,แปลง ศรทอง,0356578227,B111,2010-06-05,Steel and metals,S,Coastal,active,False,,2
TRD0032,T950477,Silk Road Fashion Partners Ltd,Silk Road Fashion Partners Ltd,A59914,D98405,Dean Huerta,0732458988,B104,2010-09-18,Apparel,M,Coastal,active,True,224321269.0,3
TRD0033,T238636,Star Pack Distribution Ltd,Star Pack Distribution Ltd,A10256,D71251,Aarnav Modi,0895093422,B129,2005-06-19,Plastics and packaging,S,South,active,True,607916.0,1
TRD0034,T918604,Evergreen Living Partners Ltd,Evergreen Living Partners Ltd,A76858,D62311,Quang Hải Vũ,0661782629,B137,2025-07-15,Furniture and home,S,West,active,True,8934152.0,2
TRD0035,T195860,Bamboo Smoke Distribution Ltd,Bamboo Smoke Store,A79984,D33981,Khoa Nguyễn,0586650773,B120,2022-06-28,Tobacco,M,South,active,True,5904393.0,1
TRD0036,T240694,Grand Home International Ltd,Grand Home International Ltd,A73543,D34422,Hồng Trần,0850159418,B128,2007-11-26,Furniture and home,M,South,active,True,4400391.0,0
TRD0037,,Royal Golden Leaf Enterprises,Royal Golden Leaf Enterprises,A14454,D76605,Ánh Bùi,0701319847,B122,2011-06-17,Tobacco,M,North,active,False,,0
TRD0038,,Silk Road Wheels Enterprises,Silk Road Wheels Enterprises,A51597,D23011,สหัสมณี ดิสกะประกาย,0362760139,B111,2005-09-06,Vehicles and parts,S,West,active,False,,2
TRD0039,T1160,Juniper & Co Ltd,Juniper & Co Ltd,A36154,D45299,Aradhana Yadav,0446367709,B128,2025-01-19,Textiles,M,South,active,True,6655079.0,0
TRD0040,T1004,Pacific Digital Services Ltd,Pacific Digital Hub,A91452,D21747,Hải Lê,0859400978,B120,2023-04-27,Sugar and confectionery,L,West,active,True,18150537.0,1
TRD0041,T955808,Horizon Polymer Enterprises,Horizon Polymer Enterprises,A81162,D85511,Peter Parikh,0232802469,B101,2020-03-25,Plastics and packaging,S,West,active,True,122367844.0,2
TRD0042,T1090,Larkfield Holdings Ltd,Larkfield Holdings Store,A21658,D27737,Siya Khurana,0919701919,B128,2021-12-07,Textiles,M,Coastal,active,True,53124758.0,1
TRD0043,T1165,Marlow Trading Ltd,Marlow Trading Ltd,A76927,D15112,สิทธิชัย ทรัพย์สาร,0853445377,B130,2024-07-08,Furniture and home,L,East,active,True,28336010.0,1
TRD0044,T542851,Orchid Agro Supply Co.,Orchid Agro Imports,A18506,D11197,Ông Phúc Nguyễn,0335881072,B140,2009-03-10,Fresh produce,S,North,active,True,66996041.0,1
TRD0045,T788791,Green Valley Weaving Holdings Ltd,Green Valley Weaving Holdings Ltd,A68867,D23126,Dũng Hoàng,0794557420,B105,2024-07-19,Textiles,M,West,active,True,116437167.0,1
TRD0046,T838522,Mekong Smoke Holdings Ltd,Mekong Smoke Holdings Ltd,A81783,D59080,Anh Vũ,0273713429,B122,2025-07-16,Tobacco,S,Capital,active,False,,0
TRD0047,T1010,Bayline Provisioning Ltd,Bayline Provisioning Ltd,A49144,D66165,Cô An Vũ,0253843826,B125,2026-01-04,Furniture and home,M,Capital,active,True,46721503.0,1
TRD0048,T802353,Eastern Tech Partners Ltd,Eastern Tech Partners Ltd,A22987,D11945,Panini Dhawan,0254756635,B117,2019-04-03,Electronics,M,Coastal,active,True,43116529.0,3
TRD0049,T1135,Dunmore Industries Ltd,Dunmore Industries Ltd,A50671,D51308,Nam Đức Lê,0769454379,B123,2014-05-04,Fresh produce,S,West,active,False,,0
TRD0050,T444043,Summit Living Partners Ltd,Summit Living Partners Ltd,A10981,D25656,Hưng Hải Dương,0533845245,B133,2026-01-15,Furniture and home,S,Coastal,active,True,6031569.0,1
TRD0051,T664679,Lakeside Mobile Commercial Co.,Lakeside Mobile Commercial Co.,A74253,D32147,Chị Thảo Đặng,0692066815,B124,2020-10-22,Electronics,L,Capital,active,True,82148923.0,1
TRD0052,T1169,Elmsworth Group Ltd,Elmsworth Group Ltd,A10675,D41636,ศิรณัฐ ถนัดกลึง,0516429330,B102,2019-09-21,Tobacco,M,East,active,False,,1
TRD0053,T1083,Thornton Manufacturing Ltd,Thornton Manufacturing Ltd,A79745,D34248,ธีร์ธวันาย จันทา,0381655269,B135,2025-01-15,Steel and metals,S,East,active,True,235709553.0,1
TRD0054,T864196,Star Motor Supply Co.,Star Motor Supply Co.,A71496,D58902,Kelly Rowe,0602301197,B101,2008-02-03,Vehicles and parts,S,East,active,True,965924449.0,5
TRD0055,T1194,Carrick & Co Ltd,Carrick & Co Ltd,A62957,D14716,Paul Jackson,0950854341,B115,2020-07-03,Fresh produce,M,Capital,active,True,7110184.0,1
TRD0056,T248897,Green Valley Care Group Ltd,Green Valley Store,A99031,D80994,Chavvi Dey,0456461392,B127,2007-09-24,Cosmetics and personal care,L,North,active,True,0.0,0
TRD0057,T764774,Unity Cosmetics Commercial Co.,Unity Cosmetics Mart,A46548,D34167,Yatan Sarraf,0904340757,B104,2024-07-10,Cosmetics and personal care,S,North,active,True,0.0,0
TRD0058,T546792,Sunrise Pack Partners Ltd,Sunrise Pack Partners Ltd,A58274,D55681,Chad Buchanan,0344825691,B110,2019-12-31,Plastics and packaging,S,South,active,True,6119582.0,1
TRD0059,T992591,Green Valley Care International Ltd,Green Valley Mart,A62337,D76608,Trọng Đặng,0377172774,B102,2020-05-11,Cosmetics and personal care,M,Capital,active,True,11976903.0,1
TRD0060,T1038,Dunmore Enterprises Ltd,Dunmore Enterprises Store,A73949,D46900,David Brown,0371308848,B104,2022-11-21,Steel and metals,S,West,active,True,44784202.0,13
TRD0061,T312040,Star Motor Commercial Co.,Star Motor Commercial Co.,A39076,D86308,Duyên Trần,0213374887,B116,2020-01-05,Vehicles and parts,S,Coastal,active,True,48748883.0,1
TRD0062,T217842,Phoenix Metal Partners Ltd,Phoenix Metal Partners Ltd,A28953,D96168,Bảo Thế Vũ,0567474407,B130,2005-02-21,Steel and metals,S,East,active,True,6136621.0,0
TRD0063,T418014,"Green Valley Wheels Trading Co., Ltd",Green Valley Imports,A86776,D71971,Yashvi Kulkarni,0578591559,B132,2023-12-08,Vehicles and parts,L,Coastal,active,True,213298698.0,2
TRD0064,T1039,Ashcombe Services Ltd,Ashcombe Services Mart,A85432,D49808,อาภัศรา บุนยะศัพท์,0903464446,B108,2025-04-28,Steel and metals,M,East,active,True,269609541.0,1
TRD0065,T1100,Granite Enterprises Ltd,Granite Enterprises Ltd,A92500,D71394,Rishi Om,0347007921,B130,2013-11-27,Cosmetics and personal care,L,Capital,active,True,36381129.0,2
TRD0066,T1064,Brightwater Group Ltd,Brightwater Group Ltd,A83121,D92004,Mallory Reynolds,0464835836,B126,2025-11-21,Sugar and confectionery,M,East,active,True,38550022.0,1
TRD0067,T229048,Jade Cotton Commercial Co.,Jade Cotton Store,A18884,D50442,Trọng Hoàng Lê,0334374847,B106,2019-08-20,Textiles,S,Capital,active,True,3927667.0,1
TRD0068,T1067,Ullswater Trading Ltd,Ullswater Trading Ltd,A98475,D82546,Rajeshri Palla,0771885754,B103,2023-11-14,Textiles,M,South,active,True,4879948.0,0
TRD0069,T1156,Redstone Ltd,Redstone Ltd,A18117,D12054,Mark Fitzpatrick,0890189322,B139,2022-11-28,Steel and metals,M,Capital,active,True,53608975.0,1
TRD0070,T1048,Westbrook Industries Ltd,Westbrook Industries Ltd,A77019,D46596,Balveer Tella,0321712226,B114,2016-07-04,Steel and metals,S,South,active,True,4785579.0,1
TRD0071,,Silver Beauty Supply Co.,Silver Beauty Supply Co.,A64804,D59265,Catherine Fischer,0695995648,B108,2011-03-13,Cosmetics and personal care,S,Coastal,active,False,,2
TRD0072,T262234,"Twin Rivers Medical Trading Co., Ltd",Twin Rivers Express,A44971,D34042,Vyanjana Anne,0361977924,B118,2011-04-28,Medical and optical,S,Coastal,active,True,5354346.0,2
TRD0073,T1049,Portside Holdings Ltd,Portside Holdings Ltd,A58868,D95050,Tracy White,0641714954,B128,2020-11-05,Textiles,S,Capital,active,True,4765354.0,1
TRD0074,T1195,Cobalt Ltd,Cobalt Ltd,A73463,D14493,Jeevika Sood,0437988663,B131,2015-11-17,Fresh produce,M,Capital,active,True,34454483.0,1
TRD0075,T618160,Delta Textile Group Ltd,Delta Textile Group Ltd,A80067,D63851,Richard Hahn,0397870153,B101,2018-12-12,Textiles,S,East,active,True,105799751.0,1
TRD0076,T548459,Lantern Sweet Distribution Ltd,Lantern Sweet Distribution Ltd,A96809,D35587,Hải Mai Bảo Mai,0703048756,B135,2011-01-15,Sugar and confectionery,S,West,active,False,,1
TRD0077,T621906,Blue River Furniture Import Export Ltd,Blue River Furniture Import Export Ltd,A30869,D91647,Yến Dương,0705223887,B124,2006-12-23,Furniture and home,M,South,active,True,10051809.0,1
TRD0078,T1072,Newlyn Trading Ltd,Newlyn Trading Ltd,A32556,D11608,Yagnesh Wable,0982801958,B114,2026-03-24,Electronics,S,East,active,True,37068108.0,2
TRD0079,T110913,Coral Drive Holdings Ltd,Coral Drive Holdings Ltd,A10460,D82589,Kevin Bautista,0826026272,B110,2018-01-26,Vehicles and parts,M,Capital,active,True,11872069.0,1
TRD0080,T863358,Highland Garment Import Export Ltd,Highland Garment Import Export Ltd,A24836,D58100,Edwin Smith,0911582324,B116,2024-10-29,Apparel,S,East,active,True,13796745.0,1
TRD0081,T451712,Lotus Pack Holdings Ltd,Lotus Pack Store,A42137,D14971,Kimberly Smith,0293818108,B130,2016-10-14,Plastics and packaging,S,North,active,True,69609842.0,1
TRD0082,T532908,Star Medical Distribution Ltd,Star Medical Distribution Ltd,A64560,D33204,Herbert Wright,0603485432,B125,2016-10-05,Medical and optical,S,South,active,True,9118860.0,1
TRD0083,T588524,Silver Polymer Partners Ltd,Silver Polymer Partners Ltd,A26072,D80139,อุดมลักษณ์ ถนอมกุลบุตร,0780209809,B115,2019-04-24,Plastics and packaging,S,South,active,True,36934815.0,1
TRD0084,,"Harmony Tobacco Trading Co., Ltd","Harmony Tobacco Trading Co., Ltd",A49235,D79944,Tyler Clark,0328878404,B137,2016-12-27,Tobacco,S,West,active,True,18550561.0,1
TRD0085,T765237,Crystal Optics Commercial Co.,Crystal Optics Commercial Co.,A82139,D34881,Matthew Landry,0915292515,B112,2022-10-06,Medical and optical,S,Capital,suspended,True,28461877.0,1
TRD0086,T563331,Green Valley Cotton Group Ltd,Green Valley Cotton Group Ltd,A29277,D28009,Hoàng Trần,0609540479,B107,2022-05-25,Textiles,M,Coastal,active,True,59218377.0,2
TRD0087,T586552,Lotus Furniture Enterprises,Lotus Furniture Enterprises,A30300,D49043,Ryan Agrawal,0372812243,B139,2009-08-04,Furniture and home,L,West,active,True,5877543.0,1
TRD0088,T592762,Phoenix Motor Distribution Ltd,Phoenix Motor Mart,A56180,D50616,Quang Dương,0801434271,B110,2022-11-06,Vehicles and parts,L,East,active,False,,0
TRD0089,T361921,Lotus Resin Partners Ltd,Lotus Resin Partners Ltd,A96228,D46562,Wakeeta Luthra,0371262123,B105,2015-06-24,Plastics and packaging,S,North,active,True,79897226.0,1
TRD0090,T194747,Bright Confection Holdings Ltd,Bright Confection Holdings Ltd,A28230,D58604,Stephanie Mccarthy,0338952182,B113,2013-08-29,Sugar and confectionery,S,West,active,True,6299745.0,0
TRD0091,T1106,Meridian Services Ltd,Meridian Services Direct,A16808,D55298,Megan Williams,0804390513,B135,2020-09-11,Medical and optical,S,North,active,True,4899499.0,0
TRD0092,T513499,Ocean Fashion Import Export Ltd,Ocean Fashion Import Export Ltd,A60283,D87378,Bhavya Palla,0741004380,B135,2024-11-30,Apparel,M,East,active,True,5532150.0,0
TRD0093,,Ocean Steel International Ltd,Ocean Steel International Ltd,A67160,D97596,ทับทิม แนวพนิช,0557696600,B119,2023-02-06,Steel and metals,M,West,active,False,,0
TRD0094,,Pacific Apparel Group Ltd,Pacific Apparel Mart,A89916,D54215,ผดุงพล ขอหมั่นกลาง,0858952253,B103,2018-11-25,Apparel,L,Capital,active,True,291566667.0,2
TRD0095,T704119,Lucky Home Commercial Co.,Lucky Home Commercial Co.,A58826,D52946,Thành Mai Bảo Vũ,0294612286,B121,2012-06-10,Furniture and home,S,Capital,active,True,30726182.0,1
TRD0096,T397546,Orchid Care Distribution Ltd,Orchid Care Store,A80265,D79084,คณภรณ์ ธนรักษ์,0213689802,B107,2013-02-14,Cosmetics and personal care,S,North,active,True,166216750.0,2
TRD0097,T1189,Oakhurst Holdings Ltd,Oakhurst Holdings Ltd,A61376,D90276,Mugdha Agate,0317784180,B127,2013-10-29,Sugar and confectionery,L,Capital,active,True,61814784.0,1
TRD0098,T227704,Summit Cane Group Ltd,Summit Cane Express,A65191,D66044,Stephen Greer,0718396182,B102,2021-10-11,Sugar and confectionery,L,West,active,True,30350747.0,1
TRD0099,T1175,Tavistock Manufacturing Ltd,Tavistock Manufacturing Direct,A43279,D68224,สุพนธ์ พรมอ่อน,0979385108,B114,2017-08-14,Steel and metals,M,West,suspended,True,5744579.0,1
TRD0100,T751844,Rising Leaf Enterprises,Rising Leaf Enterprises,A64171,D66342,Vũ Hải Mai,0614200992,B107,2008-01-01,Tobacco,S,Coastal,active,True,93357937.0,1
TRD0101,T1070,Elmsworth Enterprises Ltd,Elmsworth Enterprises Ltd,A76211,D58228,วุฒิ เตชะกำพุ,0950384142,B101,2026-03-17,Apparel,S,North,active,True,5463246.0,0
TRD0102,T1118,Yardley Trading Ltd,Yardley Trading Hub,A13245,D54442,เจตธนากร อุลหัสสา,0246066792,B120,2024-01-15,Electronics,M,North,active,True,41464849.0,1
TRD0103,T984001,Royal Motor Group Ltd,Royal Motor Mart,A34762,D79049,Dylan Edwards,0640941794,B135,2011-01-09,Vehicles and parts,S,East,active,True,297825339.0,1
TRD0104,,Coral Beauty Distribution Ltd,Coral Beauty Store,A33984,D77334,Brittany Ray,0810279557,B136,2020-08-01,Cosmetics and personal care,L,East,active,False,,0
TRD0105,T403146,Delta Plastics Partners Ltd,Delta Plastics Partners Ltd,A78818,D39105,Aarav Jain,0653797400,B112,2012-08-13,Plastics and packaging,L,Capital,active,False,,2
TRD0106,T231844,"Golden Agro Trading Co., Ltd","Golden Agro Trading Co., Ltd",A67376,D32234,Lori Padilla,0610046964,B117,2023-12-08,Fresh produce,M,North,active,True,53006353.0,2
TRD0107,T212406,Star Agro Group Ltd,Star Agro Group Ltd,A89584,D51219,Anthony Bala,0350071772,B140,2010-06-14,Fresh produce,S,East,suspended,True,6490010.0,1
TRD0108,T1051,Cobalt Export Ltd,Cobalt Export Ltd,A38621,D90548,April Kim,0792773083,B124,2026-03-04,Tobacco,S,North,active,True,108571216.0,2
TRD0109,T886257,Delta Optics Supply Co.,Delta Optics Supply Co.,A35913,D75495,Chatresh Kala,0260783307,B137,2008-03-29,Medical and optical,S,East,active,True,74884061.0,3
TRD0110,T1186,Marlow Enterprises Ltd,Marlow Enterprises Ltd,A76434,D21191,Hoàng Nguyễn,0446428514,B130,2021-11-18,Electronics,M,Coastal,suspended,True,19452551.0,2
TRD0111,T1012,Harbourlight Trading Ltd,Harbourlight Trading Ltd,A61111,D56779,Elizabeth Taylor MD,0370699023,B127,2025-08-23,Furniture and home,S,West,active,True,4984551.0,1
TRD0112,T223028,Bamboo Confection Commercial Co.,Bamboo Confection Commercial Co.,A69904,D32383,Danielle Hughes,0288943192,B114,2013-02-24,Sugar and confectionery,M,North,active,True,117767263.0,2
TRD0113,T993739,Royal Living Group Ltd,Royal Living Group Ltd,A81927,D91613,ธัญญามาศ จันทา,0411427238,B140,2019-04-29,Furniture and home,S,North,active,True,4838992.0,2
TRD0114,T819403,Summit Timber International Ltd,Summit Timber International Ltd,A87214,D41486,Mr. David King,0387332143,B106,2013-12-02,Furniture and home,S,East,active,True,5659503.0,0
TRD0115,T695484,Royal Apparel Supply Co.,Royal Apparel Supply Co.,A36235,D41541,เจษฎากร จันอ้น,0961095030,B125,2024-04-22,Apparel,M,South,active,True,6075343.0,1
TRD0116,,Golden Orchard Import Export Ltd,Golden Orchard Import Export Ltd,A94436,D94113,Kevin Nagar,0425976532,B102,2014-01-01,Fresh produce,S,Coastal,active,True,67819768.0,3
TRD0117,T1164,Shepton Group Ltd,Shepton Group Ltd,A43692,D80770,อณัฐตา ฉัพพรรณธนกูร,0239961702,B122,2025-08-23,Vehicles and parts,S,East,active,True,203730733.0,2
TRD0118,,Grand Resin Partners Ltd,Grand Resin Express,A16585,D38070,Harinakshi Varma,0772871398,B132,2016-09-12,Plastics and packaging,S,East,active,False,,2
TRD0119,T839876,Star Plastics Distribution Ltd,Star Plastics Distribution Ltd,A51306,D70286,Anthony Gill,0520943391,B131,2009-08-12,Plastics and packaging,S,South,active,True,38804759.0,1
TRD0120,T635775,Harmony Polymer International Ltd,Harmony Polymer Store,A35654,D57550,Gloria Alexander,0412874998,B135,2016-10-15,Plastics and packaging,S,East,active,True,4919949.0,0
TRD0121,T674270,Prime Sweet Supply Co.,Prime Sweet Supply Co.,A73673,D50847,Yashvi D’Alia,0762242276,B119,2017-08-20,Sugar and confectionery,S,North,active,True,5883687.0,2
TRD0122,T1080,Inverness & Co Ltd,Inverness & Express,A61750,D35883,ณัฐติญา บุนยะตีรณะ,0917453884,B118,2022-09-11,Fresh produce,M,North,active,True,202949905.0,4
TRD0123,T323555,Royal Fresh Import Export Ltd,Royal Fresh Imports,A26912,D95099,Rachana Lalla,0870373346,B102,2010-05-04,Fresh produce,L,North,active,True,510063826.0,7
TRD0124,T759697,Delta Weaving Distribution Ltd,Delta Weaving Distribution Ltd,A32040,D74886,Hitesh Mitter,0751946310,B126,2005-01-22,Textiles,S,West,suspended,True,238612471.0,2
TRD0125,,Evergreen Sugar International Ltd,Evergreen Sugar International Ltd,A19325,D13510,Trung Đặng,0486465965,B115,2012-12-12,Sugar and confectionery,S,West,active,True,4396602.0,0
TRD0126,T104496,Saffron Sugar Commercial Co.,Saffron Sugar Commercial Co.,A60819,D33614,Bác Vũ Bùi,0209599375,B127,2011-11-28,Sugar and confectionery,S,East,active,True,79484399.0,1
TRD0127,T826967,Star Auto Supply Co.,Star Auto Supply Co.,A20184,D84312,James Kim,0488529205,B117,2025-11-29,Vehicles and parts,M,North,active,True,5128937.0,1
TRD0128,T159766,Mekong Digital Supply Co.,Mekong Digital Express,A84812,D82676,เพียงกมล นกทอง,0827886017,B126,2020-05-03,Electronics,S,North,active,True,149488171.0,1
TRD0129,T1139,Belmont & Co Ltd,Belmont & Co Ltd,A74410,D86281,Nhật Phú Mai,0480616364,B130,2021-08-23,Furniture and home,M,Capital,active,True,5533071.0,0
TRD0130,T779717,Pacific Resin Group Ltd,Pacific Resin Group Ltd,A95111,D62811,Ông Minh Nguyễn,0570442346,B133,2006-07-28,Plastics and packaging,S,Capital,active,True,48591990.0,1
TRD0131,T620787,Blue River Plastics Group Ltd,Blue River Plastics Group Ltd,A61479,D93524,Vân Bùi,0555431497,B110,2010-06-19,Plastics and packaging,S,South,active,True,5428702.0,0
TRD0132,T972338,Unity Fabric Enterprises,Unity Fabric Express,A28506,D60096,Tanay Karan,0485798330,B125,2019-06-13,Textiles,S,Capital,active,True,7089903.0,1
TRD0133,T722944,Orchid Fresh Holdings Ltd,Orchid Fresh Holdings Ltd,A93259,D50824,Anika Prashad,0787466565,B101,2017-12-02,Fresh produce,S,Capital,active,False,,1
TRD0134,T878170,Crystal Orchard Distribution Ltd,Crystal Orchard Distribution Ltd,A27188,D37823,Kristen Smith,0322444402,B122,2020-11-01,Fresh produce,M,South,active,True,5939506.0,1
TRD0135,T647481,"Delta Golden Leaf Trading Co., Ltd",Delta Golden Mart,A49008,D65336,Phương Đặng,0893315438,B132,2020-03-30,Tobacco,M,Capital,active,True,57254185.0,1
TRD0136,T1129,Oakhurst Enterprises Ltd,Oakhurst Enterprises Express,A87628,D59684,Jonathan Koch,0728361623,B114,2016-03-05,Plastics and packaging,M,East,suspended,True,5468560.0,1
TRD0137,T302026,Coral Style Group Ltd,Coral Style Group Ltd,A38930,D83454,Felicia Clements,0383107452,B111,2008-06-16,Apparel,M,Capital,active,True,39576588.0,2
TRD0138,T1162,Kingsley Holdings Ltd,Kingsley Holdings Direct,A83024,D19928,Julie Pacheco,0653580066,B138,2024-08-09,Cosmetics and personal care,S,North,active,False,,1
TRD0139,,Green Valley Orchard Supply Co.,Green Valley Orchard Supply Co.,A13077,D59710,Karen Ramirez,0928687410,B111,2020-08-27,Fresh produce,M,Capital,active,False,,0
TRD0140,T565348,Golden Timber International Ltd,Golden Timber Store,A76566,D44492,Angela Holland,0705152716,B106,2015-06-29,Furniture and home,L,North,active,True,13349569.0,1
TRD0141,T1032,Hollis Ltd,Hollis Ltd,A33148,D74772,นิติ บุญบำรุง,0714395611,B119,2017-12-19,Steel and metals,S,South,active,True,6500385.0,1
TRD0142,T418955,Silk Road Agro Enterprises,Silk Road Agro Enterprises,A84077,D64106,Joseph Harrison,0205174612,B138,2007-05-21,Fresh produce,M,West,active,True,5274276.0,0
TRD0143,,Orchid Iron Group Ltd,Orchid Iron Group Ltd,A79555,D12711,ยุลิน พรมอ่อน,0520288632,B102,2009-06-22,Steel and metals,L,South,active,True,200913477.0,1
TRD0144,T1089,Cobalt Manufacturing Ltd,Cobalt Manufacturing Ltd,A41151,D44920,Terri Thomas,0768419905,B127,2023-09-20,Electronics,M,Coastal,active,True,20992170.0,1
TRD0145,T1190,Langton Trading Ltd,Langton Trading Ltd,A37510,D77698,Sanaya Sama,0770049718,B104,2018-05-27,Electronics,M,Coastal,active,True,5907663.0,0
TRD0146,T808637,Horizon Fruits Distribution Ltd,Horizon Fruits Distribution Ltd,A41213,D99024,Upadhriti Dugar,0571200894,B133,2006-04-02,Fresh produce,L,West,active,True,6536738.0,1
TRD0147,T191682,Prime Optics Supply Co.,Prime Optics Supply Co.,A47178,D16872,Julia Ramsey,0857890783,B128,2019-03-16,Medical and optical,S,East,active,True,5971290.0,2
TRD0148,T1184,Seaview Enterprises Ltd,Seaview Enterprises Ltd,A72224,D66210,Robert Miller,0324831791,B132,2018-12-18,Vehicles and parts,M,North,active,True,42457644.0,10
TRD0149,T283089,Prime Glow International Ltd,Prime Glow International Ltd,A75133,D59287,เรืองเกียรติ นับเนื่องนอ,0691581039,B117,2010-05-21,Cosmetics and personal care,M,East,active,True,10726584.0,2
TRD0150,T154569,Lucky Agro Group Ltd,Lucky Agro Group Ltd,A57462,D32724,ภานุวัตร บุณยะภาชน์,0750541927,B139,2013-04-04,Fresh produce,L,Capital,active,True,141727576.0,2
TRD0151,T314218,Bright Living Commercial Co.,Bright Living Commercial Co.,A48266,D65298,นัฐพล ขันธุลา,0595121519,B124,2006-12-30,Furniture and home,S,North,active,True,4891235.0,1
TRD0152,T652576,Phoenix Health Holdings Ltd,Phoenix Health Holdings Ltd,A92862,D48919,Faraj Lad,0880664929,B127,2013-07-14,Medical and optical,S,West,active,True,36555321.0,1
TRD0153,T478665,Crystal Style Enterprises,Crystal Style Enterprises,A68539,D33765,เพ็ญพรรษา ถนัดกลึง,0817597149,B124,2010-02-11,Apparel,L,Coastal,active,True,47427931.0,2
TRD0154,T980803,Evergreen Care Commercial Co.,Evergreen Care Commercial Co.,A42406,D86025,กิติวัฒน์ ถนัดกลึง,0318437244,B115,2025-11-06,Cosmetics and personal care,S,South,active,True,245480087.0,4
TRD0155,T1149,Quinton Group Ltd,Quinton Group Ltd,A59949,D58913,Ross Figueroa,0736834239,B140,2022-12-07,Electronics,S,East,active,True,59500593.0,1
TRD0156,T1178,Melrose Holdings Ltd,Melrose Holdings Ltd,A13217,D40576,Ông Châu Trần,0498740254,B116,2023-09-25,Textiles,L,South,active,True,4421301.0,1
TRD0157,,Summit Agro Holdings Ltd,Summit Agro Holdings Ltd,A34996,D59003,Thành Dương,0821182813,B101,2017-05-26,Fresh produce,S,Coastal,active,False,,4
TRD0158,T722026,Pacific Wheels Commercial Co.,Pacific Wheels Direct,A79753,D82985,Ekansh Sood,0696571144,B103,2021-07-04,Vehicles and parts,M,West,active,True,5824471.0,0
TRD0159,T1115,Inglewood Ltd,Inglewood Ltd Hub,A31658,D95293,Johnny Cruz,0683569156,B124,2022-06-18,Electronics,L,North,active,False,,0
TRD0160,T803329,Harmony Digital Distribution Ltd,Harmony Digital Distribution Ltd,A73372,D96398,Harsh Dani,0316329674,B122,2019-06-01,Electronics,S,South,active,True,298519372.0,4
TRD0161,T148772,Orchid Resin Partners Ltd,Orchid Resin Partners Ltd,A89333,D42389,โสภณิตา แถมธน,0593510251,B122,2021-05-12,Plastics and packaging,S,East,active,True,5398833.0,0
TRD0162,T1199,Fenwick Services Ltd,Fenwick Services Ltd,A29782,D81581,Hạnh Tấn Trần,0687626017,B137,2020-02-29,Textiles,S,West,active,True,138537577.0,1
TRD0163,T1025,Thornton Export Ltd,Thornton Export Express,A83197,D70601,Anh Minh Bùi,0678869226,B136,2021-04-12,Textiles,M,North,active,True,5110378.0,0
TRD0164,T789263,Lantern Fresh Partners Ltd,Lantern Fresh Partners Ltd,A96394,D96411,Arjun Mander,0642071885,B116,2015-02-14,Fresh produce,S,West,active,True,5747892.0,0
TRD0165,T137781,Coral Metal Supply Co.,Coral Metal Supply Co.,A13336,D78742,Xavier Bhat,0228913410,B104,2025-01-19,Steel and metals,M,Coastal,active,True,70947610.0,1
TRD0166,T154100,Royal Golden Leaf International Ltd,Royal Golden Leaf International Ltd,A78570,D29857,Toni Hobbs,0552095563,B112,2014-11-28,Tobacco,M,East,active,True,4294787.0,0
TRD0167,T442867,Monsoon Plastics Import Export Ltd,Monsoon Plastics Import Export Ltd,A56996,D35418,Radhika Bava,0733331577,B129,2009-12-28,Plastics and packaging,S,North,active,True,7070388.0,1
TRD0168,T430188,Lantern Timber Group Ltd,Lantern Timber Group Ltd,A55421,D71383,Quý ông Tùng Dương,0898170265,B106,2020-01-11,Furniture and home,M,Coastal,active,True,9202285.0,1
TRD0169,T1098,Netherby Export Ltd,Netherby Export Ltd,A29291,D40616,พีรพัฒน์ บุญญาภิรมย์,0729482634,B135,2023-01-16,Steel and metals,L,South,active,True,12237129.0,1
TRD0170,T268717,Lotus Timber Enterprises,Lotus Timber Enterprises,A28467,D36532,Adrian Roberts MD,0828542591,B113,2023-03-12,Furniture and home,S,East,active,True,41665070.0,1
TRD0171,T927629,"Twin Rivers Iron Trading Co., Ltd","Twin Rivers Iron Trading Co., Ltd",A37385,D50493,Robert Ashley,0422667654,B130,2010-12-28,Steel and metals,L,Coastal,active,False,,1
TRD0172,T923404,Sunrise Iron Import Export Ltd,Sunrise Iron Import Export Ltd,A64547,D79768,Yadavi Rai,0637360859,B132,2020-04-22,Steel and metals,S,Coastal,active,False,,0
TRD0173,T928482,Star Smoke International Ltd,Star Smoke International Ltd,A55021,D85473,พันเทพ หอมสิน,0718692177,B104,2025-11-06,Tobacco,M,North,active,True,366750961.0,3
TRD0174,T1003,Coastland Solar Project Ltd,Coastland Solar Project Ltd,A53977,D11019,พีระพงศ์พันธ์ ถาวรายุศม์,0792685064,B112,2024-10-17,Electronics,L,Coastal,active,False,,1
TRD0175,T169056,Bamboo Steel Import Export Ltd,Bamboo Steel Import Export Ltd,A43363,D65340,นารดา นิลวิมล,0372443174,B130,2020-10-07,Steel and metals,S,Capital,active,True,4329849.0,0
TRD0176,T1043,Pacific Enterprises Ltd,Pacific Enterprises Ltd,A64335,D44448,Quý cô Kim Hoàng,0944561787,B112,2025-05-08,Fresh produce,S,West,active,True,11880854.0,2
TRD0177,T961763,Phoenix Vision Group Ltd,Phoenix Vision Group Ltd,A74638,D81485,John Lane,0811390319,B130,2021-06-09,Medical and optical,L,North,active,True,158321658.0,5
TRD0178,T1101,Larkfield Services Ltd,Larkfield Services Ltd,A82474,D74057,Nam Quang Phạm,0344685856,B105,2017-10-31,Electronics,M,West,active,True,4577752.0,0
TRD0179,T1026,Kelso Holdings Ltd,Kelso Holdings Store,A27109,D99711,ปิยวดี พรสีมา,0577973854,B128,2020-08-05,Textiles,M,East,active,True,6401841.0,0
TRD0180,T922554,Sunrise Glow Holdings Ltd,Sunrise Glow Holdings Ltd,A56607,D11679,Duyên Vũ,0745360780,B111,2008-06-28,Cosmetics and personal care,L,West,active,True,0.0,0
TRD0181,T548835,Golden Furniture Commercial Co.,Golden Furniture Commercial Co.,A65533,D58285,Lâm Hoàng,0553390239,B124,2019-07-10,Furniture and home,M,Capital,active,True,425023587.0,6
TRD0182,T107002,Delta Furniture Group Ltd,Delta Furniture Express,A77813,D44339,Joshua Sanchez,0815098427,B126,2015-04-06,Furniture and home,S,Capital,active,True,86831708.0,5
TRD0183,T1096,Vernham Trading Ltd,Vernham Trading Ltd,A64113,D67243,ทองสิริ ดวงทับทิม,0714221396,B139,2014-04-07,Steel and metals,M,West,active,True,6061199.0,1
TRD0184,T277483,"Ocean Sugar Trading Co., Ltd","Ocean Sugar Trading Co., Ltd",A93627,D59529,Cody Spencer,0448386053,B120,2007-04-17,Sugar and confectionery,L,Capital,active,True,16227583.0,1
TRD0185,T506216,Rising Garment Holdings Ltd,Rising Garment Mart,A27018,D14182,Sathvik Barad,0750690483,B104,2012-02-19,Apparel,S,Coastal,active,True,249714440.0,2
TRD0186,T1015,Drayton Components Ltd,Drayton Components Ltd,A26148,D22783,Jenna Shaw,0848769662,B126,2024-09-22,Electronics,M,East,active,True,14067211.0,1
TRD0187,T1055,Wexford Group Ltd,Wexford Group Imports,A30372,D90408,Bác Thành Dương,0676213873,B124,2020-02-08,Sugar and confectionery,M,West,active,True,6006069.0,1
TRD0188,T883176,Horizon Metal International Ltd,Horizon Metal Hub,A25946,D18584,ธราวิทญ์ ร่มธิติรัตน์,0338078784,B140,2005-05-19,Steel and metals,S,Capital,active,True,259112020.0,4
TRD0189,,Golden Furniture Partners Ltd,Golden Furniture Partners Ltd,A93661,D43169,มูฮัมหมัดอิมรอน ถนัดอาวุธ,0449752713,B105,2018-02-28,Furniture and home,S,West,active,True,4820177.0,1
TRD0190,T688328,"Lakeside Sweet Trading Co., Ltd","Lakeside Sweet Trading Co., Ltd",A55306,D61845,Aarav Verma,0816046573,B135,2020-02-09,Sugar and confectionery,S,East,active,True,293967743.0,5
TRD0191,T1102,Drayton Export Ltd,Drayton Export Store,A59200,D39301,Thảo Vũ,0768202327,B126,2025-03-12,Steel and metals,L,West,active,True,4907935.0,1
TRD0192,T1176,Blackwell Services Ltd,Blackwell Services Ltd,A22946,D30638,ธาเอก นรวิทย์โชติกุล,0420802699,B109,2019-11-19,Steel and metals,M,Capital,active,True,204937379.0,1
TRD0193,T1130,Halcyon Holdings Ltd,Halcyon Holdings Imports,A62410,D50880,Dale Daniels,0345966399,B110,2024-11-07,Fresh produce,M,South,active,True,66265309.0,1
TRD0194,T352721,Jade Pack Group Ltd,Jade Pack Group Ltd,A10761,D61407,Michael Johnson,0453061584,B131,2021-09-05,Plastics and packaging,S,South,active,False,,1
TRD0195,T822469,Silk Road Agro Import Export Ltd,Silk Road Agro Import Export Ltd,A21970,D58345,Nhiên Hoàng Lê,0213265042,B124,2009-05-02,Fresh produce,S,South,active,True,129795674.0,2
TRD0196,T467707,Lotus Cane Import Export Ltd,Lotus Cane Imports,A20002,D77561,Trung Trần,0828706252,B107,2011-04-08,Sugar and confectionery,S,East,active,True,22228546.0,2
TRD0197,T351810,"Saffron Fashion Trading Co., Ltd","Saffron Fashion Trading Co., Ltd",A88852,D22852,ธมลพรรณ ธรรมทินนา,0577865142,B134,2010-11-20,Apparel,M,West,active,True,27172714.0,1
TRD0198,T733557,Lantern Cosmetics Enterprises,Lantern Cosmetics Enterprises,A23928,D44565,ประภัทร์สรณ์ ทำประดู่,0859142567,B102,2019-08-01,Cosmetics and personal care,M,West,active,True,6447451.0,2
TRD0199,T1187,Jarrow Services Ltd,Jarrow Services Ltd,A53083,D73497,Quý ông Nhiên Nguyễn,0385512482,B137,2026-01-24,Cosmetics and personal care,L,North,active,True,5425641.0,2
TRD0200,T668853,Lucky Home International Ltd,Lucky Home Hub,A36676,D56616,ศศินา ดาวอร่าม,0811214072,B123,2023-02-28,Furniture and home,S,Coastal,active,True,4938445.0,0
TRD0201,T1197,Elmsworth Holdings Ltd,Elmsworth Holdings Ltd,A75174,D47383,พิไลพร นักรบ,0971422361,B117,2026-02-05,Medical and optical,L,East,active,True,50707106.0,1
TRD0202,T1060,Newlyn Export Ltd,Newlyn Export Hub,A37721,D27880,พิชาภพ ทำประดู่,0876276023,B130,2017-08-29,Electronics,M,Coastal,active,True,4563187.0,0
TRD0203,T722496,Horizon Wheels Distribution Ltd,Horizon Wheels Distribution Ltd,A18840,D10333,Susan Alexander,0538891958,B119,2010-11-01,Vehicles and parts,M,East,active,True,5392252.0,0
TRD0204,T1198,Zephyr Group Ltd,Zephyr Group Hub,A67893,D64477,ศภัคชคง ธรรมนิยม,0848165593,B133,2025-04-27,Electronics,M,South,active,True,4890321.0,2
TRD0205,T1054,Delta Enterprises Ltd,Delta Enterprises Ltd,A15143,D17645,Samesh Bumb,0849635067,B110,2024-11-11,Steel and metals,S,East,active,True,5825256.0,0
TRD0206,,Delta Digital Import Export Ltd,Delta Digital Import Export Ltd,A90699,D17466,Dennis Jimenez,0661203344,B134,2005-11-18,Electronics,S,North,active,False,,1
TRD0207,T869233,Crystal Tech Import Export Ltd,Crystal Tech Direct,A22158,D37825,วรปรัชญ์ ฉัพพรรณธนกูร,0473009295,B112,2011-10-10,Electronics,L,Coastal,active,True,157325958.0,3
TRD0208,T392140,Lantern Metal Holdings Ltd,Lantern Metal Hub,A92076,D73696,เกษรา แต้กุล,0266610457,B134,2010-07-09,Steel and metals,M,East,active,False,,1
TRD0209,T777951,Mekong Confection Distribution Ltd,Mekong Confection Store,A31019,D53817,Anh Tùng Vũ,0684410133,B124,2009-01-16,Sugar and confectionery,M,West,active,True,4226243.0,1
TRD0210,T403124,Lotus Medical Commercial Co.,Lotus Medical Imports,A52611,D37490,Ekiya Divan,0396724907,B116,2025-04-10,Medical and optical,S,East,active,True,26871935.0,1
TRD0211,T131813,Star Mobile Holdings Ltd,Star Mobile Holdings Ltd,A38329,D57736,ศิริญา จันทา,0916535120,B117,2022-09-08,Electronics,S,Coastal,active,True,44882807.0,2
TRD0212,T110442,Highland Beauty Group Ltd,Highland Beauty Group Ltd,A99447,D93844,Chị Chi Mai,0482169458,B136,2012-01-03,Cosmetics and personal care,M,East,active,True,5434262.0,0
TRD0213,T504469,Delta Home Distribution Ltd,Delta Home Distribution Ltd,A68121,D43547,An Thế Nguyễn,0249261273,B126,2024-04-08,Furniture and home,M,East,active,True,12434794.0,1
TRD0214,T1091,Pinehill Export Ltd,Pinehill Export Imports,A92604,D27400,เพียงกมล ตวงทอง,0292848394,B136,2026-02-16,Textiles,M,Capital,active,True,84712117.0,1
TRD0215,T214995,Prime Digital Partners Ltd,Prime Digital Partners Ltd,A33523,D76400,โยธิการ์ ทีฆะ,0474337139,B130,2018-10-30,Electronics,S,Capital,active,True,5818724.0,1
TRD0216,T739639,Highland Cosmetics International Ltd,Highland Cosmetics International Ltd,A75351,D20957,ฉลองชัย ทองเนื้อดี,0908186158,B120,2020-02-11,Cosmetics and personal care,S,Capital,active,True,0.0,1
TRD0217,T965856,Highland Cane Partners Ltd,Highland Cane Partners Ltd,A64342,D99869,Quý cô Ngọc Phạm,0452914959,B105,2013-11-17,Sugar and confectionery,M,Coastal,active,False,,0
TRD0218,T1124,Juniper Services Ltd,Juniper Services Ltd,A11851,D50598,Ngọc Dương,0375571331,B123,2015-12-18,Steel and metals,M,South,active,True,26990628.0,1
TRD0219,T611147,Lakeside Auto Partners Ltd,Lakeside Auto Mart,A43903,D46116,Nhật Nguyễn,0557416942,B126,2023-01-19,Vehicles and parts,S,North,active,True,5030779.0,1
TRD0220,T1044,Havering Group Ltd,Havering Group Direct,A30172,D94867,Rehaan Trivedi,0955146416,B110,2025-09-14,Electronics,S,East,active,True,60432373.0,3
TRD0221,T1041,Lyndon Export Ltd,Lyndon Export Ltd,A61977,D81142,Jessica Russell,0666128522,B128,2014-01-10,Electronics,S,Capital,active,True,4778463.0,0
TRD0222,T513180,Star Health Partners Ltd,Star Health Partners Ltd,A47744,D52635,พัชรีนิษฐ์ นุตตาร,0576679598,B120,2005-09-16,Medical and optical,M,North,active,True,52853585.0,1
TRD0223,T524191,Pacific Resin Distribution Ltd,Pacific Resin Distribution Ltd,A17745,D81201,Margaret Rodriguez,0412073191,B124,2019-01-25,Plastics and packaging,M,East,suspended,True,5910699.0,0
TRD0224,,Eastern Digital Group Ltd,Eastern Digital Hub,A11743,D18499,Isaiah Krishnamurthy,0461077935,B104,2022-09-20,Electronics,M,Coastal,active,True,39682080.0,1
TRD0225,T572974,Evergreen Orchard Partners Ltd,Evergreen Orchard Partners Ltd,A40781,D30412,Ashley Briggs,0387167386,B118,2025-05-17,Fresh produce,S,Capital,active,True,16507831.0,1
TRD0226,T351828,Golden Fruits International Ltd,Golden Fruits International Ltd,A55478,D32588,Bà Vân Dương,0573497840,B105,2024-02-18,Fresh produce,M,North,active,True,7474343.0,1
TRD0227,T466259,Summit Resin International Ltd,Summit Resin Direct,A20177,D53685,Catherine Brown,0999785644,B102,2015-09-07,Plastics and packaging,S,North,active,False,,2
TRD0228,T841165,Evergreen Pack Group Ltd,Evergreen Pack Mart,A26705,D37139,Jose Webb,0348439029,B119,2011-08-16,Plastics and packaging,M,North,suspended,True,26480893.0,2
TRD0229,T1155,Ullswater Ltd,Ullswater Ltd Store,A12924,D76229,Dakshesh Nigam,0596610269,B116,2014-05-31,Steel and metals,L,South,active,True,70992813.0,1
TRD0230,T445477,Evergreen Smoke Commercial Co.,Evergreen Smoke Express,A11497,D95058,Brian Davidson,0930786795,B119,2007-09-24,Tobacco,S,East,active,True,5847901.0,1
TRD0231,T1157,Ironwood Group Ltd,Ironwood Group Ltd,A84324,D88708,จุฑาภรณ์ ไทนิยม,0882050457,B121,2014-04-30,Electronics,M,East,active,True,40406862.0,2
TRD0232,T1093,Cobalt Trading Ltd,Cobalt Trading Mart,A23461,D54676,Lâm Bảo Phạm,0635614034,B134,2016-04-03,Steel and metals,L,North,active,True,6405479.0,1
TRD0233,T490831,Unity Polymer Group Ltd,Unity Polymer Mart,A97832,D84105,Lavanya Mand,0488344820,B104,2010-05-03,Plastics and packaging,M,North,active,True,30478090.0,1
TRD0234,T646878,Summit Garment Distribution Ltd,Summit Garment Distribution Ltd,A29571,D94641,จณิสตา ขุนดำ,0582765732,B119,2013-08-06,Apparel,S,Capital,active,True,5686195.0,0
TRD0235,T253306,Lakeside Medical Holdings Ltd,Lakeside Medical Holdings Ltd,A86480,D21328,Brian Wong,0394564830,B134,2022-01-08,Medical and optical,S,West,suspended,False,,1
TRD0236,T564670,Pearl Electronics Group Ltd,Pearl Electronics Group Ltd,A95841,D40132,Phương Hoàng,0299125467,B105,2019-01-13,Electronics,S,South,active,False,,1
TRD0237,T812232,Silk Road Confection Commercial Co.,Silk Road Store,A42895,D79849,Bảo Đặng,0623981469,B128,2020-08-09,Sugar and confectionery,S,Capital,active,False,,1
TRD0238,T492648,Royal Fruits Commercial Co.,Royal Fruits Mart,A21196,D47643,Cô Thành Đặng,0293451149,B103,2005-04-05,Fresh produce,M,West,active,True,8290988.0,1
TRD0239,T137334,Lantern Cosmetics Commercial Co.,Lantern Cosmetics Mart,A35570,D33704,Unnati Sastry,0201749518,B116,2006-05-29,Cosmetics and personal care,S,Capital,active,True,14013987.0,1
TRD0240,T1150,Blackwell Group Ltd,Blackwell Group Ltd,A67305,D69936,Quý ông Hưng Trần,0339932844,B133,2016-01-21,Furniture and home,L,West,suspended,False,,8
TRD0241,T652466,Grand Textile Commercial Co.,Grand Textile Imports,A11788,D61472,กิติกานต์ ทองสีไพล,0676542607,B103,2010-03-08,Textiles,S,South,active,True,6486386.0,1
TRD0242,T861834,"Coral Wheels Trading Co., Ltd","Coral Wheels Trading Co., Ltd",A76966,D76142,ฉัตรปรียา วุฑฒยากร,0747081788,B127,2026-01-14,Vehicles and parts,S,Coastal,active,True,11329843.0,1
TRD0243,T1145,Pacific Group Ltd,Pacific Group Imports,A61456,D80836,Hải Phạm,0642554510,B125,2016-04-26,Electronics,S,South,active,True,2634874663.0,24
TRD0244,T1021,Harbour Manufacturing Ltd,Harbour Manufacturing Ltd,A32708,D85251,กวาง หอมพิกุล,0607047533,B104,2020-04-27,Steel and metals,S,Coastal,active,False,,1
TRD0245,T1014,Ellesmere Agri Exports Ltd,Ellesmere Agri Exports Ltd,A36786,D92903,Thành Bùi,0596201064,B139,2023-11-28,Fresh produce,L,West,active,True,4308368.0,0
TRD0246,T715837,"Twin Rivers Living Trading Co., Ltd","Twin Rivers Living Trading Co., Ltd",A25004,D49048,Pamela Miller,0712365974,B136,2021-12-22,Furniture and home,M,West,active,True,29804194.0,1
TRD0247,T1193,Stanmore Services Ltd,Stanmore Services Ltd,A62378,D27249,Ronnie Small,0775176685,B104,2019-10-07,Furniture and home,L,East,active,True,30562268.0,2
TRD0248,T1097,Northgate & Co Ltd,Northgate & Hub,A46002,D42717,Desiree Arellano,0921571685,B134,2014-03-14,Electronics,M,Capital,active,True,102956368.0,1
TRD0249,T383740,Evergreen Home Distribution Ltd,Evergreen Home Distribution Ltd,A26496,D50713,อาฮามัด แจ้งสว่าง,0403788589,B105,2010-08-13,Furniture and home,S,West,active,True,79399912.0,1
TRD0250,T1111,Yarrow Manufacturing Ltd,Yarrow Manufacturing Ltd,A49316,D66801,Tanay Reddy,0944956319,B140,2026-02-18,Electronics,M,Capital,active,False,,1
TRD0251,T880664,Evergreen Sugar Holdings Ltd,Evergreen Sugar Holdings Ltd,A19719,D73710,Danielle Roberts,0531087518,B109,2013-02-15,Sugar and confectionery,S,West,active,True,5299835.0,1
TRD0252,T1163,Aldergate Group Ltd,Aldergate Group Ltd,A55457,D50292,Logan Sami,0314658147,B115,2016-07-02,Steel and metals,M,Capital,active,True,981312129.0,2
TRD0253,T1094,Sunrise Enterprises Ltd,Sunrise Enterprises Ltd,A78392,D55610,Bryan Taylor,0790818053,B127,2025-02-23,Fresh produce,M,South,active,True,5625129.0,0
TRD0254,T1036,Kirkby Trading Ltd,Kirkby Trading Ltd,A75142,D95171,Yatin Atwal,0780746992,B121,2026-06-09,Steel and metals,S,North,active,True,103820684.0,1
TRD0255,T1069,Gateshill Manufacturing Ltd,Gateshill Manufacturing Mart,A79400,D24362,Andrew Lopez,0640365390,B125,2020-06-19,Furniture and home,S,Capital,active,True,9992113.0,1
TRD0256,T192238,Orchid Pack International Ltd,Orchid Pack Direct,A43537,D28774,อัญพัชร์ ทรัพย์ธำรงค์,0220556841,B114,2007-01-08,Plastics and packaging,L,South,active,True,7598807.0,0
TRD0257,T1076,Ullswater Holdings Ltd,Ullswater Holdings Ltd,A99893,D37493,ศิรณัฐ ถนัดการเขียน,0501451252,B105,2024-09-26,Steel and metals,L,North,active,True,137076803.0,2
TRD0258,T206090,Delta Cane International Ltd,Delta Cane International Ltd,A63272,D44596,Susan Ferguson,0645494883,B105,2005-10-09,Sugar and confectionery,M,West,active,True,8543362.0,1
TRD0259,T1127,Underhill Ltd,Underhill Ltd,A57554,D76813,เพชรมณี แน่นดุจป้อม,0705517674,B117,2025-02-03,Vehicles and parts,M,East,active,True,4731759.0,1
TRD0260,T613102,"Lakeside Resin Trading Co., Ltd",Lakeside Resin Express,A75251,D78827,Vũ Bùi,0325339045,B135,2020-04-17,Plastics and packaging,L,West,suspended,True,8656158.0,1
TRD0261,T1180,Arden Trading Ltd,Arden Trading Hub,A80189,D93907,John Walsh,0743755509,B117,2019-06-08,Medical and optical,L,South,active,True,7236079.0,1
TRD0262,T251410,Golden Alloy Supply Co.,Golden Alloy Supply Co.,A82447,D89477,Hạnh Đặng,0362684586,B120,2018-02-26,Steel and metals,S,North,active,True,9978078821.0,41
TRD0263,T1159,Aldergate Services Ltd,Aldergate Services Ltd,A18952,D34833,Sheena Rivas,0721795546,B120,2026-02-06,Furniture and home,L,West,active,True,590590981.0,8
TRD0264,T384745,"Orchid Health Trading Co., Ltd","Orchid Health Trading Co., Ltd",A85032,D85555,Thành Phạm,0582360630,B140,2023-11-28,Medical and optical,M,West,active,True,9128099.0,2
TRD0265,T162980,Star Mobile Group Ltd,Star Mobile Mart,A61672,D34031,อินทรีย์ นิยมสำหรวจ,0744098558,B110,2010-02-21,Electronics,S,North,active,True,16021727.0,1
TRD0266,T1174,Gateshill Enterprises Ltd,Gateshill Enterprises Mart,A20095,D72737,Quang Vũ,0438719281,B123,2024-12-25,Steel and metals,L,Capital,active,True,107527263.0,1
TRD0267,T829552,Ocean Wheels International Ltd,Ocean Wheels International Ltd,A39555,D51744,Gavin Bhattacharyya,0355379892,B119,2008-12-13,Vehicles and parts,M,Coastal,active,True,4413579.0,0
TRD0268,T610109,Eastern Fashion International Ltd,Eastern Fashion Express,A72607,D60982,นิติยา เธียรายัน,0807444398,B117,2014-08-02,Apparel,M,East,active,True,94281215.0,3
TRD0269,T660194,Silver Style Holdings Ltd,Silver Style Holdings Ltd,A90961,D30590,Jane Murray,0248977971,B111,2021-01-17,Apparel,S,North,active,True,6352125.0,0
TRD0270,T1128,Belmont Advisory Services Ltd,Belmont Advisory Imports,A55834,D15443,อัษฏา ไทไชโย,0643686935,B108,2020-11-14,Medical and optical,M,Coastal,active,True,35792295.0,2
TRD0271,T356586,Silver Mobile Distribution Ltd,Silver Mobile Distribution Ltd,A80612,D39579,อริสรา นฤทุกข์,0347934161,B119,2006-06-17,Electronics,S,East,suspended,True,116291242.0,1
TRD0272,T632174,Orchid Health Import Export Ltd,Orchid Health Imports,A98346,D90487,ดวงจันทร์ บุณยะภาชน์,0982965483,B139,2014-05-25,Medical and optical,S,East,active,True,5093303.0,0
TRD0273,,Horizon Medical Commercial Co.,Horizon Medical Commercial Co.,A68926,D59914,สุทธิณัฐ บุญญาภิรมย์,0442773220,B140,2007-03-31,Medical and optical,S,South,active,False,,1
TRD0274,T528457,Coral Timber Group Ltd,Coral Timber Group Ltd,A19717,D81112,Nhật Lê,0565054687,B129,2005-03-22,Furniture and home,M,Coastal,active,True,5358098.0,0
TRD0275,T744608,Harmony Medical Holdings Ltd,Harmony Medical Holdings Ltd,A53215,D92674,Manya Devan,0242256839,B105,2016-01-07,Medical and optical,S,East,active,True,6536625.0,0
TRD0276,T1158,Norbury Trading Ltd,Norbury Trading Ltd,A37528,D48476,Chị Ngọc Mai,0923429887,B126,2021-09-19,Electronics,S,Capital,active,True,72170757.0,1
TRD0277,T1079,Juniper Ltd,Juniper Ltd,A98894,D16836,Bà Dương Bùi,0709600189,B102,2024-04-22,Steel and metals,M,West,active,False,,2
TRD0278,T789018,"Phoenix Beauty Trading Co., Ltd","Phoenix Beauty Trading Co., Ltd",A37381,D87943,อุลัยพร มนทอง,0667740028,B127,2013-04-05,Cosmetics and personal care,S,South,active,True,6460895.0,1
TRD0279,T935209,Lantern Glow Holdings Ltd,Lantern Glow Hub,A12842,D91389,Bác Bảo Dương,0231890052,B127,2025-12-05,Cosmetics and personal care,M,West,active,True,0.0,0
TRD0280,T312557,Saffron Cotton International Ltd,Saffron Cotton International Ltd,A45235,D23718,ชัชเวศย์ ตะละภัฏ,0648529544,B120,2025-05-20,Textiles,S,South,active,True,5180521.0,0
TRD0281,T212935,Twin Rivers Sugar Enterprises,Twin Rivers Sugar Enterprises,A26217,D61484,Crystal Banks,0762674007,B104,2019-01-17,Sugar and confectionery,S,East,active,True,108419258.0,4
TRD0282,T992320,Lantern Sugar Partners Ltd,Lantern Sugar Partners Ltd,A12810,D78483,ฐิติณัฐฐา ยะผา,0967837289,B108,2008-10-20,Sugar and confectionery,S,Capital,active,True,5251843.0,1
TRD0283,T1113,Lyndon Group Ltd,Lyndon Group Ltd,A64154,D59683,พิมพกานต์ แจ้งสว่าง,0780055389,B111,2024-11-11,Textiles,S,South,active,True,41010849.0,1
TRD0284,T269821,Grand Health Holdings Ltd,Grand Health Direct,A63099,D17653,Elizabeth Barr,0369837308,B107,2014-11-03,Medical and optical,M,Capital,active,True,14894145.0,1
TRD0285,T814598,Star Sweet Import Export Ltd,Star Sweet Hub,A51791,D58235,Kim Fisher,0788853640,B104,2022-10-08,Sugar and confectionery,S,North,active,True,5445253.0,0
TRD0286,T1081,Granite Ltd,Granite Ltd Store,A74092,D62147,Vrishti Contractor,0219670509,B134,2013-09-03,Textiles,M,West,active,False,,1
TRD0287,T1062,Meridian Manufacturing Ltd,Meridian Manufacturing Ltd,A39670,D89811,Christopher Ross,0631520911,B101,2026-02-21,Vehicles and parts,S,North,suspended,True,126359831.0,2
TRD0288,T752615,"Monsoon Optics Trading Co., Ltd","Monsoon Optics Trading Co., Ltd",A33228,D87893,Azaan Mukherjee,0407384105,B122,2007-01-17,Medical and optical,M,Capital,active,True,13940464.0,2
TRD0289,T1031,Blackwell & Co Ltd,Blackwell & Co Ltd,A33503,D12140,Triya Chandran,0908132450,B115,2025-05-02,Electronics,M,East,active,True,61518235.0,3
TRD0290,T875371,Ocean Home Enterprises,Ocean Home Imports,A92112,D76785,ณาร์รีมาน ธรรมฤดี,0585705781,B109,2020-02-06,Furniture and home,S,Coastal,active,True,63729680.0,2
TRD0291,T1035,Drayton Group Ltd,Drayton Group Imports,A54896,D24856,Orinder Nadig,0500573969,B122,2022-05-02,Fresh produce,L,North,active,True,4434697.0,0
TRD0292,T1138,Hollis Group Ltd,Hollis Group Ltd,A87230,D69075,Justin Thomas,0894264542,B124,2025-03-17,Furniture and home,M,Coastal,active,False,,1
TRD0293,,Grand Timber Import Export Ltd,Grand Timber Import Export Ltd,A82438,D77666,Hải Mai Bảo Hoàng,0642255124,B126,2011-03-10,Furniture and home,M,South,active,True,4967575.0,2
TRD0294,T1191,Thornton Services Ltd,Thornton Services Ltd,A32819,D96479,Bảo Mai Phạm,0754930295,B135,2017-11-02,Textiles,M,Capital,active,True,26491690.0,1
TRD0295,T676028,Evergreen Fruits Enterprises,Evergreen Fruits Enterprises,A88560,D13777,สมนึก สาระพันธ์,0472624639,B129,2012-04-04,Fresh produce,S,Coastal,active,True,4745551.0,0
TRD0296,T777413,Monsoon Confection Supply Co.,Monsoon Confection Supply Co.,A73812,D58062,Jalsa Borra,0737330990,B102,2020-11-23,Sugar and confectionery,M,South,suspended,False,,1
TRD0297,T735543,Bamboo Vision Distribution Ltd,Bamboo Vision Direct,A60953,D60576,Brittany Mathis,0624429455,B113,2005-01-09,Medical and optical,M,Capital,active,True,14891724.0,1
TRD0298,T630356,"Monsoon Pack Trading Co., Ltd","Monsoon Pack Trading Co., Ltd",A95005,D73276,Arjun Raman,0827033058,B117,2016-01-12,Plastics and packaging,S,Capital,active,True,252774417.0,1
TRD0299,T1148,Blackwell Holdings Ltd,Blackwell Holdings Mart,A13171,D77996,อริสรา ขอหมั่นกลาง,0922245306,B119,2026-02-16,Fresh produce,M,East,active,True,5632904.0,0
TRD0300,T523664,Eastern Textile Partners Ltd,Eastern Textile Partners Ltd,A71610,D53915,มูฮัมหมัดอิมรอน ถิรสวัสดิ์,0529642328,B119,2005-09-26,Textiles,S,Capital,active,True,22004612.0,3
TRD0301,T198549,Monsoon Mobile Group Ltd,Monsoon Mobile Group Ltd,A72488,D25560,Ông Khoa Hoàng,0632148035,B138,2018-12-09,Electronics,M,East,active,True,465420214.0,4
TRD0302,T282155,Golden Resin Partners Ltd,Golden Resin Express,A11556,D57531,Angela Miranda,0827379616,B130,2022-02-05,Plastics and packaging,S,East,active,True,116831963.0,6
TRD0303,T1029,Prescott Trading Ltd,Prescott Trading Ltd,A21052,D44703,นิติ ถนอมกุลบุตร,0763777708,B112,2022-11-02,Sugar and confectionery,S,Coastal,active,True,236390645.0,1
TRD0304,T761342,Silk Road Fashion Group Ltd,Silk Road Mart,A30806,D38439,John Parker,0677743355,B112,2022-07-03,Apparel,S,East,active,True,12736276.0,1
TRD0305,T465255,"Sunrise Auto Trading Co., Ltd","Sunrise Auto Trading Co., Ltd",A94695,D66082,Anthony Rodriguez,0802710715,B116,2025-09-06,Vehicles and parts,S,Coastal,active,True,4678313.0,0
TRD0306,T1183,Quinton Holdings Ltd,Quinton Holdings Ltd,A26360,D63884,Dhruv Borah,0994861018,B128,2024-11-21,Textiles,S,East,active,True,34170068.0,1
TRD0307,T1013,Tarnbrook Metals Export Ltd,Tarnbrook Metals Export Ltd,A18712,D30770,ทินวัฒน์ นะวะมันดร,0293729462,B113,2025-08-31,Steel and metals,L,West,active,False,,2
TRD0308,T1142,Inglewood Trading Ltd,Inglewood Trading Ltd,A34344,D75538,Tim Powers,0486209193,B130,2026-01-17,Electronics,M,Capital,active,True,25603346.0,1
TRD0309,T1192,Fairhaven Ltd,Fairhaven Ltd,A81223,D50971,Bryan Mcgee,0989430409,B105,2024-10-30,Textiles,S,South,active,True,94172242.0,1
TRD0310,T976862,Coral Cotton International Ltd,Coral Cotton Imports,A94859,D57828,Olivia Douglas,0806098315,B135,2007-06-15,Textiles,S,East,active,True,4620292.0,0
TRD0311,T1033,Riverside Enterprises Ltd,Riverside Enterprises Ltd,A92735,D56625,Mary Johnson,0815187869,B126,2024-04-24,Plastics and packaging,M,South,active,True,5150812.0,0
TRD0312,T704384,Saffron Tech Supply Co.,Saffron Tech Supply Co.,A33650,D89835,สันชัย นับเนื่องนอ,0427509517,B129,2008-04-05,Electronics,M,West,active,True,113908342.0,1
TRD0313,T1114,Elmsworth Industries Ltd,Elmsworth Industries Mart,A69341,D54487,Quý ông Nam Nguyễn,0292016991,B110,2018-04-26,Tobacco,M,East,active,True,5225491.0,1
TRD0314,T1141,Jesmond Industries Ltd,Jesmond Industries Ltd,A95396,D88928,นราวรรณ นรวิทย์โชติกุล,0421144470,B109,2026-01-11,Electronics,M,Capital,active,True,67953686.0,1
TRD0315,T776643,Star Sugar Enterprises,Star Sugar Enterprises,A10534,D81195,Kavya Dhawan,0952346116,B101,2023-03-27,Sugar and confectionery,M,Capital,active,True,17580595.0,2
TRD0316,T1007,Seaview Coastal Trading Ltd,Seaview Coastal Trading Ltd,A96020,D35384,พิพิธธน นวลฉวี,0678135040,B138,2025-09-23,Furniture and home,M,West,active,True,42536580.0,1
TRD0317,T1052,Sunrise Services Ltd,Sunrise Services Ltd,A78679,D21534,พัชรพร ตรีครุธพันธุ์,0458213657,B111,2026-04-26,Textiles,S,North,active,True,6278487.0,1
TRD0318,T1121,Kirkby Ltd,Kirkby Ltd,A19241,D61200,Hemang Dayal,0724939790,B130,2019-11-26,Steel and metals,S,East,suspended,True,5573209.0,0
TRD0319,T186791,Highland Optics Supply Co.,Highland Optics Direct,A94019,D87454,Bryan Sanchez,0767316082,B121,2022-02-21,Medical and optical,S,East,active,True,17787227.0,1
TRD0320,T1107,Westbrook Group Ltd,Westbrook Group Ltd,A65729,D86584,จุฑาภรณ์ บุญญาภิรมย์,0461195762,B108,2024-09-22,Electronics,M,North,active,True,61690322.0,1
TRD0321,T1084,Jarrow Ltd,Jarrow Ltd,A96427,D65466,Anh Thành Bùi,0441749162,B128,2026-02-03,Electronics,M,Coastal,active,True,96799739.0,1
TRD0322,T194363,Silk Road Cane International Ltd,Silk Road Store,A18872,D70221,Matthew Arya,0291747157,B136,2025-10-22,Sugar and confectionery,S,West,active,True,4907072.0,0
TRD0323,T688690,Silk Road Glow International Ltd,Silk Road Express,A27664,D98857,Tanay Venkatesh,0825319077,B118,2009-05-13,Cosmetics and personal care,L,West,active,True,12952997.0,1
TRD0324,T1112,Blackwell Trading Ltd,Blackwell Trading Imports,A12292,D61430,กษิดิฐ ธัญเสถียร,0512886151,B131,2025-05-10,Fresh produce,L,East,suspended,True,52774314.0,1
TRD0325,T1172,Yealand Enterprises Ltd,Yealand Enterprises Hub,A47237,D38068,กรพนธ์ ตะละภัฏ,0903136709,B111,2022-07-07,Tobacco,M,West,active,True,43331200.0,1
TRD0326,T491337,Pearl Pack Holdings Ltd,Pearl Pack Holdings Ltd,A36236,D43160,คมกริบ พีระเพ็ญกุล,0257847348,B135,2009-05-30,Plastics and packaging,M,Capital,active,True,5889472.0,0
TRD0327,T713688,Silver Glow Distribution Ltd,Silver Glow Distribution Ltd,A21898,D18751,เกษตร ขุนดำ,0887497944,B107,2023-09-27,Cosmetics and personal care,L,South,active,True,12941723.0,2
TRD0328,T759823,Delta Steel Distribution Ltd,Delta Steel Store,A27680,D77895,Lisa Brown,0936664118,B104,2022-03-27,Steel and metals,L,West,active,True,95141879.0,2
TRD0329,T1009,Bayline Marine Ltd,Bayline Marine Direct,A77055,D33086,สุพัตรา เช้าวันดี,0216229479,B137,2026-04-17,Furniture and home,S,East,active,False,,0
TRD0330,T1022,Vernham Industries Ltd,Vernham Industries Ltd,A73722,D52627,จักรพันธ์ ตั้งรบ,0767266591,B125,2017-03-24,Electronics,M,Capital,active,True,5993377.0,0
TRD0331,T1030,Vantage Industries Ltd,Vantage Industries Imports,A91964,D58306,Beth Graham,0753102067,B131,2022-08-15,Fresh produce,M,East,active,True,6109610.0,0
TRD0332,,Lotus Golden Leaf Group Ltd,Lotus Golden Direct,A89421,D40120,John Hart,0781657431,B133,2020-01-27,Tobacco,S,South,active,False,,1
TRD0333,T249676,Blue River Drive Distribution Ltd,Blue River Imports,A37055,D85335,Elijah Bhasin,0509464597,B139,2006-01-30,Vehicles and parts,L,East,active,True,43710302.0,1
TRD0334,,Ocean Smoke Import Export Ltd,Ocean Smoke Import Export Ltd,A98969,D85353,Vincent Ranganathan,0342270944,B111,2013-07-09,Tobacco,S,West,active,True,178771618.0,4
TRD0335,T1050,Netherby Holdings Ltd,Netherby Holdings Store,A99351,D99366,จันทนา ธรรมสถิตไพศาล,0760710006,B101,2025-06-04,Electronics,S,West,active,True,357855278.0,3
TRD0336,T752071,Orchid Resin Import Export Ltd,Orchid Resin Store,A54847,D75518,Julie Berry,0290453255,B127,2012-11-09,Plastics and packaging,S,Coastal,active,True,45873261.0,2
TRD0337,T275097,Crystal Cotton Supply Co.,Crystal Cotton Supply Co.,A72752,D65505,Chị Nhật Mai,0958137838,B123,2011-10-27,Textiles,M,North,active,True,55374013.0,1
TRD0338,T241985,Prime Sugar Partners Ltd,Prime Sugar Partners Ltd,A29707,D18878,Hemani Sarkar,0762364195,B139,2010-03-28,Sugar and confectionery,S,North,active,True,5966041.0,1
TRD0339,T545491,Mekong Beauty Commercial Co.,Mekong Beauty Commercial Co.,A69057,D31826,Christina Cook,0424937636,B118,2008-01-19,Cosmetics and personal care,L,South,active,True,40204898.0,1
TRD0340,T289336,Crystal Beauty Group Ltd,Crystal Beauty Group Ltd,A93702,D61522,Abha Upadhyay,0850040199,B138,2006-12-06,Cosmetics and personal care,M,Coastal,active,True,0.0,2
TRD0341,T936425,"Mekong Confection Trading Co., Ltd","Mekong Confection Trading Co., Ltd",A59469,D61811,Gloria Roberts,0554914431,B106,2014-12-16,Sugar and confectionery,S,West,active,True,5861665.0,1
TRD0342,T378490,Ocean Fabric Import Export Ltd,Ocean Fabric Mart,A68155,D33193,Christopher Pittman,0613089228,B101,2011-10-27,Textiles,L,East,active,True,99245418.0,1
TRD0343,T1154,Jesmond Ltd,Jesmond Ltd,A70917,D17534,Daniel Stephenson,0334935209,B128,2022-03-22,Furniture and home,L,South,active,True,5606380.0,0
TRD0344,,Mekong Cosmetics Partners Ltd,Mekong Cosmetics Partners Ltd,A74371,D86997,Patricia Mckay,0718217203,B125,2020-07-23,Cosmetics and personal care,S,West,active,False,,1
TRD0345,T1058,Brightwater Holdings Ltd,Brightwater Holdings Imports,A67194,D45529,ประเดิม ทองลาภ,0505473028,B106,2024-12-10,Sugar and confectionery,L,South,active,True,4160229.0,0
TRD0346,T563711,Bamboo Alloy Holdings Ltd,Bamboo Alloy Holdings Ltd,A65404,D67558,Mugdha Randhawa,0433709926,B127,2014-02-04,Steel and metals,S,East,suspended,True,31418520.0,1
TRD0347,T326971,Highland Pack Commercial Co.,Highland Pack Commercial Co.,A93068,D97234,นพวรรณ บุญส่ง,0867080868,B122,2012-11-10,Plastics and packaging,L,Coastal,active,True,167584108.0,2
TRD0348,,Phoenix Pack Holdings Ltd,Phoenix Pack Mart,A74174,D32886,จณิสตา นับเนื่องนอ,0437714349,B104,2008-11-30,Plastics and packaging,L,East,active,False,,1
TRD0349,T377450,Bamboo Care Commercial Co.,Bamboo Care Commercial Co.,A49826,D81872,Raghav Kashyap,0546966672,B135,2008-05-16,Cosmetics and personal care,S,Coastal,active,False,,3
TRD0350,T1181,Kelso Group Ltd,Kelso Group Ltd,A66930,D47600,Christina Johnson,0687429505,B103,2023-01-02,Electronics,M,South,active,True,5818262.0,0
TRD0351,T1152,Juniper Holdings Ltd,Juniper Holdings Ltd,A82166,D43018,ธนกิตต์ ภูภักดี,0693974012,B133,2019-04-26,Textiles,S,South,active,True,78001271.0,2
TRD0352,T351345,Pacific Style Holdings Ltd,Pacific Style Holdings Ltd,A17581,D22021,Cô Bảo Trần,0284694066,B102,2012-02-14,Apparel,S,North,active,True,13019379.0,1
TRD0353,T728181,Eastern Pack Import Export Ltd,Eastern Pack Hub,A67456,D64685,Hoàng Lê,0339561974,B104,2025-05-24,Plastics and packaging,S,South,active,True,711446095.0,6
TRD0354,T552961,Unity Sugar Import Export Ltd,Unity Sugar Import Export Ltd,A39443,D71811,นิมุ วุฑฒยากร,0491951929,B111,2009-04-12,Sugar and confectionery,M,Capital,active,True,1913838599.0,15
TRD0355,T855050,Bamboo Steel Supply Co.,Bamboo Steel Supply Co.,A44587,D89128,วรรณชนะชัย ถาวรรัตน,0746954556,B132,2011-07-23,Steel and metals,S,South,active,True,47025842.0,1
TRD0356,T805559,Prime Fashion Distribution Ltd,Prime Fashion Distribution Ltd,A71298,D57152,โอภาส จันทา,0582787441,B127,2023-11-12,Apparel,S,South,active,True,27425375.0,1
TRD0357,T647681,Silk Road Vision Import Export Ltd,Silk Road Vision Import Export Ltd,A34684,D30120,Hamsini Boase,0876993091,B131,2012-01-15,Medical and optical,S,East,active,True,6197172.0,1
TRD0358,T260927,Crystal Tobacco Enterprises,Crystal Tobacco Enterprises,A11965,D92123,เกษรา ด้วงโสน,0218647657,B101,2020-02-27,Tobacco,S,Coastal,active,True,5111937.0,0
TRD0359,T359663,Delta Sugar Group Ltd,Delta Sugar Hub,A41412,D22306,Bác Anh Nguyễn,0707219124,B104,2005-04-29,Sugar and confectionery,M,East,active,True,6083181.0,0
TRD0360,T656977,Coral Resin Group Ltd,Coral Resin Imports,A72279,D15562,ณิชนันท์ ซาซุม,0674770830,B125,2022-01-31,Plastics and packaging,S,Coastal,active,False,,0
TRD0361,T1046,Brightwater Services Ltd,Brightwater Services Hub,A24569,D52171,Arin Chatterjee,0909956605,B107,2024-08-28,Electronics,M,South,active,True,35451206.0,1
TRD0362,,Harmony Timber Partners Ltd,Harmony Timber Partners Ltd,A54784,D30606,Leslie White,0306821894,B126,2014-12-20,Furniture and home,S,West,active,False,,1
TRD0363,T1146,Yealand Industries Ltd,Yealand Industries Ltd,A82311,D94652,Kelly Chan,0517249150,B139,2014-01-09,Electronics,L,South,active,True,69812206.0,1
TRD0364,,Highland Electronics Group Ltd,Highland Electronics Group Ltd,A46728,D29848,Jennifer Franklin,0987879872,B124,2010-03-28,Electronics,L,North,active,True,133222893.0,1
TRD0365,T758199,Phoenix Fresh Partners Ltd,Phoenix Fresh Partners Ltd,A68239,D99553,นรีรัตน์ ทับทิมไทย,0656720474,B119,2007-06-22,Fresh produce,S,North,active,True,8375516.0,1
TRD0366,,Harmony Fabric Commercial Co.,Harmony Fabric Commercial Co.,A34429,D84031,ชัชนันท์ ศรทอง,0207863902,B120,2011-05-19,Textiles,L,Capital,active,False,,1
TRD0367,T1196,Melrose Industries Ltd,Melrose Industries Ltd,A29300,D39024,Hà Dương,0206450822,B110,2022-01-28,Vehicles and parts,L,Coastal,active,True,3900609.0,2
TRD0368,T1037,Quinton Enterprises Ltd,Quinton Enterprises Ltd,A77495,D45527,Lawrence Martin,0914921640,B124,2024-11-07,Textiles,M,South,active,False,,4
TRD0369,T1144,Ironwood Industries Ltd,Ironwood Industries Direct,A68945,D52352,Juan Snow,0715659470,B137,2024-04-18,Electronics,S,South,active,True,15607491.0,1
TRD0370,T846347,Coral Agro Import Export Ltd,Coral Agro Import Export Ltd,A61846,D22650,Patricia Cole,0916460895,B118,2005-11-07,Fresh produce,M,Capital,active,True,8292417.0,1
TRD0371,T325617,Bamboo Motor International Ltd,Bamboo Motor International Ltd,A28008,D70918,An Hoàng Trần,0561719450,B139,2021-07-23,Vehicles and parts,S,South,active,True,5301297.0,1
TRD0372,T214834,Highland Fruits International Ltd,Highland Fruits International Ltd,A56981,D36835,ณิชเชฏฐ์ ยะผา,0337816912,B127,2016-02-06,Fresh produce,L,West,active,False,,3
TRD0373,T562485,Silk Road Pack Holdings Ltd,Silk Road Pack Holdings Ltd,A90982,D72258,Lila Bassi,0230144796,B116,2005-05-12,Plastics and packaging,L,West,active,True,10621428.0,1
TRD0374,,"Horizon Tobacco Trading Co., Ltd","Horizon Tobacco Trading Co., Ltd",A91085,D76362,สหัสมณี ถมังรักษสัตว์,0977797011,B126,2016-01-10,Tobacco,M,North,active,False,,0
TRD0375,T1099,Fordham Export Ltd,Fordham Export Ltd,A88965,D48651,Utkarsh Dugar,0386365798,B112,2018-03-27,Electronics,M,North,active,True,44695969.0,1
TRD0376,T584839,Royal Timber Distribution Ltd,Royal Timber Distribution Ltd,A37207,D76444,Hemani Subramanian,0563677540,B104,2017-05-09,Furniture and home,M,North,active,True,561009423.0,9
TRD0377,T1131,Newlyn Group Ltd,Newlyn Group Ltd,A24290,D51310,สมเกียรติ อุ่นอก,0610647482,B102,2020-05-14,Furniture and home,M,North,active,False,,0
TRD0378,T889054,"Delta Living Trading Co., Ltd",Delta Living Mart,A53401,D25083,Lâm Vũ,0856840320,B118,2015-07-03,Furniture and home,M,Capital,active,True,94925189.0,1
TRD0379,T1140,Penrose Trading Ltd,Penrose Trading Ltd,A86007,D17782,Nam Đặng,0462797998,B140,2015-12-05,Fresh produce,L,West,active,True,5952668.0,0
TRD0380,,Rising Textile Supply Co.,Rising Textile Supply Co.,A24605,D30342,Anthony Miller,0980628225,B102,2025-12-25,Textiles,M,Coastal,active,False,,6
TRD0381,,Pacific Drive International Ltd,Pacific Drive International Ltd,A48454,D67791,Christina Hodge,0382561426,B136,2015-11-11,Vehicles and parts,L,East,active,True,11145634.0,1
TRD0382,,"Silk Road Living Trading Co., Ltd","Silk Road Living Trading Co., Ltd",A84906,D28976,Xuân Vũ,0754218358,B105,2025-08-14,Furniture and home,L,North,suspended,False,,9
TRD0383,,Green Valley Furniture International Ltd,Green Valley Furniture International Ltd,A49758,D65059,Ryan Ward,0745665267,B128,2015-10-11,Furniture and home,M,South,active,False,,0
TRD0384,T161537,Orchid Health Enterprises,Orchid Health Enterprises,A90717,D59097,Robert Nash,0414912280,B108,2023-05-10,Medical and optical,M,East,active,True,28425221.0,1
TRD0385,T534402,"Coral Pack Trading Co., Ltd",Coral Pack Hub,A86531,D51116,Beth Charles,0743397352,B131,2024-03-30,Plastics and packaging,L,West,active,True,43334230.0,1
TRD0386,T1092,Vantage Holdings Ltd,Vantage Holdings Express,A70371,D50939,Lâm Phạm,0736748232,B126,2026-04-05,Fresh produce,M,Coastal,active,True,5498075.0,1
TRD0387,T503387,Lakeside Weaving Supply Co.,Lakeside Weaving Supply Co.,A50719,D21941,Dakshesh Murty,0533028341,B113,2023-05-14,Textiles,S,North,active,True,5397966.0,1
TRD0388,T727475,Unity Smoke Commercial Co.,Unity Smoke Commercial Co.,A56342,D53746,ศจีกาญจน์ ถนัดเดินข่าว,0866891224,B117,2015-11-06,Tobacco,S,Capital,active,True,5695900.0,0
TRD0389,T805938,Blue River Leaf Enterprises,Blue River Leaf Enterprises,A31699,D97097,ภควัฒน์ ผลบุญ,0237494228,B107,2014-08-10,Tobacco,M,North,active,True,5612028.0,0
TRD0390,T920396,Lotus Drive Partners Ltd,Lotus Drive Direct,A96046,D69052,Lohit Jayaraman,0610290518,B101,2014-09-18,Vehicles and parts,S,Coastal,active,True,4775981.0,1
TRD0391,T453844,Saffron Alloy Supply Co.,Saffron Alloy Supply Co.,A57472,D83419,พันเกล้า ดาวกระจาย,0813175948,B125,2006-05-02,Steel and metals,M,Coastal,active,True,626330207.0,2
TRD0392,,Twin Rivers Auto Group Ltd,Twin Rivers Auto Group Ltd,A55466,D93787,Ms. Shirley Brooks,0296635121,B136,2023-11-21,Vehicles and parts,M,South,active,False,,1
TRD0393,T591982,Jade Cane Commercial Co.,Jade Cane Mart,A53456,D19263,Hồng Nguyễn,0795486911,B121,2020-01-22,Sugar and confectionery,M,East,active,True,5984053.0,0
TRD0394,T717158,Prime Resin Distribution Ltd,Prime Resin Hub,A59823,D45676,Advika Vig,0331069001,B127,2010-03-07,Plastics and packaging,M,East,active,True,4990358.0,0
TRD0395,T139636,Blue River Cane Commercial Co.,Blue River Cane Commercial Co.,A72291,D58757,Quý cô An Đặng,0781813738,B115,2025-08-31,Sugar and confectionery,S,Coastal,active,True,23604299.0,1
TRD0396,T1137,Verity Manufacturing Ltd,Verity Manufacturing Ltd,A83193,D22508,Quý cô Kim Mai,0844188818,B108,2026-03-05,Electronics,S,South,active,True,73252818.0,1
TRD0397,T535233,Lakeside Living Holdings Ltd,Lakeside Living Store,A95449,D31021,Onkar Sule,0327684128,B117,2007-09-01,Furniture and home,S,Coastal,active,True,10184755.0,2
TRD0398,,Twin Rivers Health Supply Co.,Twin Rivers Imports,A10009,D92657,แปลง คำลือ,0330615200,B104,2014-06-01,Medical and optical,S,Capital,active,True,19890332.0,1
TRD0399,T365686,"Silk Road Orchard Trading Co., Ltd",Silk Road Store,A33193,D76629,Jeevika Manne,0289206998,B103,2019-02-13,Fresh produce,L,Coastal,active,True,21601298.0,1
TRD0400,,"Phoenix Sugar Trading Co., Ltd","Phoenix Sugar Trading Co., Ltd",A88303,D57908,ภูมิปัญญา นิลสลัว,0639097354,B137,2012-12-25,Sugar and confectionery,M,South,active,False,,1
TRD0401,T665794,Lotus Digital International Ltd,Lotus Digital International Ltd,A41990,D25652,Viraj Hari,0517638154,B138,2019-10-23,Electronics,S,Capital,active,True,39294533.0,1
TRD0402,T741441,Silver Agro Holdings Ltd,Silver Agro Direct,A11960,D74019,Thomas Salazar,0574618984,B125,2012-11-08,Fresh produce,S,North,active,True,12919137.0,1
TRD0403,T1086,Drayton Manufacturing Ltd,Drayton Manufacturing Imports,A76088,D38675,สุพัตรา ธรรมทินนา,0501300153,B102,2016-05-16,Electronics,M,Capital,active,True,10630990.0,2
TRD0404,,Sunrise Medical Commercial Co.,Sunrise Medical Commercial Co.,A83697,D65589,Lekha Cheema,0761349984,B106,2016-09-10,Medical and optical,S,Capital,suspended,True,236074930.0,8
TRD0405,T812269,Orchid Optics Enterprises,Orchid Optics Enterprises,A63797,D46930,อัครพนธ์ ธรรมทินนา,0296936641,B119,2009-03-14,Medical and optical,S,North,active,True,27274548.0,2
TRD0406,T987918,Lakeside Resin Holdings Ltd,Lakeside Resin Holdings Ltd,A45894,D80262,Nhật Mai,0624234679,B107,2005-10-31,Plastics and packaging,S,East,active,True,10262633.0,1
TRD0407,T645937,Delta Polymer Holdings Ltd,Delta Polymer Holdings Ltd,A98658,D39157,Edward Smith,0221229530,B113,2008-01-31,Plastics and packaging,S,South,suspended,True,18914654.0,3
TRD0408,T778447,Golden Medical Holdings Ltd,Golden Medical Holdings Ltd,A58166,D77892,ธีริสรา ธนูปกรณ์,0288713418,B108,2017-11-22,Medical and optical,S,Coastal,active,True,3567833.0,0
TRD0409,T1103,Glenmore Enterprises Ltd,Glenmore Enterprises Hub,A71356,D37653,Bảo Hoàng Lê,0573870915,B129,2015-10-27,Textiles,L,South,active,True,90739259.0,1
TRD0410,T853247,Coral Home Enterprises,Coral Home Enterprises,A18192,D48801,นาทภูวพัฒน์ ไทนิยม,0225316483,B115,2012-03-20,Furniture and home,M,Coastal,active,True,48084008.0,1
TRD0411,T1074,Ashcombe Holdings Ltd,Ashcombe Holdings Ltd,A19207,D62362,อภิลักษณ์ นิระหานี,0380455579,B139,2026-01-09,Electronics,M,South,active,True,5239386.0,0
TRD0412,,Jade Fabric Commercial Co.,Jade Fabric Commercial Co.,A49359,D72311,Robert Harrison,0582426482,B123,2017-01-08,Textiles,S,South,active,False,,0
TRD0413,T1122,Ellesmere Holdings Ltd,Ellesmere Holdings Ltd,A82376,D46073,Huy Tấn Lê,0293910916,B140,2016-04-22,Fresh produce,M,North,active,False,,0
TRD0414,T369569,Orchid Medical Enterprises,Orchid Medical Imports,A85938,D99517,Quang Dương,0615961409,B105,2011-11-19,Medical and optical,M,West,active,True,29071509.0,3
TRD0415,T557490,Lotus Pack Commercial Co.,Lotus Pack Commercial Co.,A89071,D55708,Lavanya Agarwal,0748790167,B119,2012-03-17,Plastics and packaging,S,North,active,False,,1
TRD0416,T780196,Lakeside Cosmetics Holdings Ltd,Lakeside Cosmetics Holdings Ltd,A51933,D11468,ยุศรอน พรมอ่อน,0213989894,B111,2010-08-06,Cosmetics and personal care,S,Coastal,active,True,0.0,1
TRD0417,T1161,Kestrel Manufacturing Ltd,Kestrel Manufacturing Mart,A98551,D83389,Oliver Goda,0936226206,B103,2026-06-02,Steel and metals,L,Capital,active,True,33376710.0,1
TRD0418,T1045,Kirkby Group Ltd,Kirkby Group Direct,A62030,D21862,Patricia Thomas,0517045627,B102,2026-06-05,Furniture and home,S,North,active,False,,1
TRD0419,,Golden Digital Distribution Ltd,Golden Digital Distribution Ltd,A80901,D22063,Aditya Batra,0215298206,B125,2022-01-03,Electronics,S,East,suspended,True,5034243.0,1
TRD0420,T1185,Riverside & Co Ltd,Riverside & Express,A69667,D39613,Zilmil Shukla,0288491255,B103,2014-03-23,Electronics,S,South,active,True,5842191.0,1
TRD0421,T332389,Unity Textile Partners Ltd,Unity Textile Partners Ltd,A73754,D25315,Ikshita Dayal,0640716510,B131,2005-06-24,Textiles,S,Capital,active,True,7166286.0,0
TRD0422,T1020,Moreton & Co Ltd,Moreton & Co Ltd,A53895,D37997,สุทธิพจน์ เขียวขุ้ย,0435777585,B124,2023-01-26,Steel and metals,S,Capital,active,True,56688882.0,1
TRD0423,T1001,New Horizon Trading Ltd,New Horizon Store,A93436,D69881,Quý cô An Phạm,0898048390,B132,2026-07-03,Furniture and home,M,South,active,True,18419398.0,1
TRD0424,T1073,Radcliffe Services Ltd,Radcliffe Services Ltd,A10034,D87740,Unnati Hans,0763290463,B105,2026-06-20,Steel and metals,S,North,suspended,True,4606715.0,0
TRD0425,T480743,Twin Rivers Fabric International Ltd,Twin Rivers Fabric International Ltd,A82823,D74499,Tammy Haynes,0348997202,B105,2008-10-11,Textiles,M,North,active,True,860546872.0,2
TRD0426,T467167,Twin Rivers Fresh Group Ltd,Twin Rivers Imports,A43208,D19079,อัษฏา ดุริยพันธุ์,0429933249,B131,2020-09-04,Fresh produce,S,North,active,True,14919525.0,2
TRD0427,T1056,Belmont Industries Ltd,Belmont Industries Ltd,A98289,D46905,Amber Reed,0414652243,B120,2024-11-10,Textiles,S,North,active,True,4884936.0,0
TRD0428,T1126,Prescott Ltd,Prescott Ltd Imports,A91623,D89371,พลานุช ทองแท้,0536241143,B132,2024-05-25,Vehicles and parts,M,South,active,True,73308715.0,1
TRD0429,T1066,Shepton Manufacturing Ltd,Shepton Manufacturing Direct,A75030,D81937,Gayathri Loyal,0843936221,B121,2025-12-11,Furniture and home,L,North,suspended,True,48130455.0,2
TRD0430,T677980,Pearl Vision Supply Co.,Pearl Vision Supply Co.,A43312,D28485,ธนวันต์ บุณยะภาชน์,0680775333,B133,2011-04-25,Medical and optical,S,West,active,True,92368740.0,2
TRD0431,T834969,Eastern Care Holdings Ltd,Eastern Care Holdings Ltd,A14540,D98991,Farhan Krishna,0893960219,B128,2018-08-27,Cosmetics and personal care,S,Coastal,active,True,7024594.0,1
TRD0432,T933390,"Phoenix Fabric Trading Co., Ltd","Phoenix Fabric Trading Co., Ltd",A73005,D50032,Cô Vi Dương,0399711640,B130,2023-09-16,Textiles,M,Coastal,active,False,,1
TRD0433,T284744,Lakeside Living Enterprises,Lakeside Living Hub,A49579,D22736,วิเชียร เยาวธนโชค,0241758016,B112,2007-11-23,Furniture and home,M,South,active,True,95484246.0,4
TRD0434,T883912,Pearl Agro Enterprises,Pearl Agro Enterprises,A13030,D81260,พิไลพร ดิศดใน,0653880277,B132,2014-01-26,Fresh produce,S,North,active,False,,2
TRD0435,T660666,Pacific Cosmetics Enterprises,Pacific Cosmetics Enterprises,A37206,D45811,จิตรลดา ประจันตะเสน,0335018891,B127,2016-10-13,Cosmetics and personal care,L,West,active,True,160064696.0,4
TRD0436,T149705,Pearl Fresh Holdings Ltd,Pearl Fresh Holdings Ltd,A51655,D64216,Trung Hoàng Nguyễn,0205016295,B123,2007-10-17,Fresh produce,M,South,active,True,7888718.0,1
TRD0437,T244282,Evergreen Fruits Group Ltd,Evergreen Fruits Group Ltd,A88549,D52224,ธนนนท์ ดิศดใน,0338880495,B116,2022-10-26,Fresh produce,S,North,active,True,17631666.0,2
TRD0438,T1153,Shepton Ltd,Shepton Ltd Store,A31041,D20743,Danielle Gutierrez,0716376431,B118,2022-03-23,Cosmetics and personal care,M,East,active,True,109034731.0,3
TRD0439,T733146,Horizon Steel Enterprises,Horizon Steel Enterprises,A72828,D92690,Cô Hải Mai,0929203931,B140,2016-10-26,Steel and metals,S,East,active,True,278997947.0,2
TRD0440,T240842,Grand Orchard Partners Ltd,Grand Orchard Mart,A14806,D48791,ยุลิน ถนัดหัตถกรรม,0569146938,B104,2005-09-09,Fresh produce,L,East,active,True,74543331.0,2
TRD0441,T366848,"Mekong Care Trading Co., Ltd","Mekong Care Trading Co., Ltd",A69187,D69653,รวิวาน จ้อยนุแสง,0390629909,B138,2008-01-30,Cosmetics and personal care,S,North,active,True,86379094.0,3
TRD0442,T289611,Harmony Vision Holdings Ltd,Harmony Vision Holdings Ltd,A71742,D70023,Rishi Som,0883074446,B119,2019-10-12,Medical and optical,S,South,active,True,6370871.0,0
TRD0443,T810419,Delta Cane Import Export Ltd,Delta Cane Import Export Ltd,A27603,D41591,Mr. Jeffrey Wood,0522708370,B101,2005-10-11,Sugar and confectionery,M,South,active,True,11130894.0,1
TRD0444,T1116,Arden Manufacturing Ltd,Arden Manufacturing Ltd,A72734,D51180,Trung Bùi,0565051583,B140,2021-09-24,Electronics,S,North,active,False,,2
TRD0445,T760350,Grand Confection Partners Ltd,Grand Confection Partners Ltd,A60077,D46567,Hạnh Tấn Phạm,0223876257,B119,2019-08-04,Sugar and confectionery,S,West,active,True,7160373.0,1
TRD0446,T417312,Monsoon Smoke Holdings Ltd,Monsoon Smoke Holdings Ltd,A78593,D67296,Veda Sachdev,0232075399,B104,2005-09-19,Tobacco,S,East,active,False,,3
TRD0447,T726777,Silk Road Care Supply Co.,Silk Road Care Supply Co.,A80334,D66144,Zinal Varty,0335261095,B125,2010-10-27,Cosmetics and personal care,S,North,active,False,,1
TRD0448,T747399,Jade Mobile Commercial Co.,Jade Mobile Commercial Co.,A98678,D88242,เจษฎากร ธนูปกรณ์,0742436503,B117,2019-07-18,Electronics,S,Coastal,active,True,6802483.0,0
TRD0449,T638333,Ocean Medical Supply Co.,Ocean Medical Supply Co.,A29226,D22782,โสภณิตา แก้วชลคราม,0901974939,B103,2017-02-24,Medical and optical,M,West,active,True,6207917.0,0
TRD0450,T690928,Silk Road Style Enterprises,Silk Road Style Enterprises,A37051,D96371,Bà Nhật Mai,0843761573,B103,2014-02-27,Apparel,S,West,active,True,6368141.0,0
TRD0451,T955896,Evergreen Auto Distribution Ltd,Evergreen Auto Distribution Ltd,A68977,D71291,Chị Duyên Phạm,0423170464,B118,2012-04-04,Vehicles and parts,S,Capital,active,True,54263065.0,2
TRD0452,T726783,Summit Iron Supply Co.,Summit Iron Supply Co.,A83510,D36895,Anh Nam Nguyễn,0802455162,B134,2006-04-13,Steel and metals,S,East,active,True,5794223.0,0
TRD0453,,Lucky Tech Enterprises,Lucky Tech Store,A18964,D84024,Jyoti Sridhar,0982866912,B123,2017-08-06,Electronics,S,East,active,False,,1
TRD0454,T1182,Underhill Industries Ltd,Underhill Industries Ltd,A44543,D59904,Cô Dương Dương,0935800735,B104,2023-05-17,Textiles,S,West,active,True,25474122.0,2
TRD0455,T1133,Yardley Group Ltd,Yardley Group Ltd,A90929,D72858,ณัฐจศักดิ์ ดัตพันธุ์,0587952686,B131,2025-02-12,Tobacco,S,South,active,True,3342481.0,0
TRD0456,T1085,Jarrow & Co Ltd,Jarrow & Imports,A91943,D97795,พิมพ์พิชญา ยางสวย,0857093753,B105,2022-08-11,Textiles,S,West,active,True,110206265.0,2
TRD0457,T542618,Highland Medical International Ltd,Highland Medical International Ltd,A23301,D71367,เพ็ญพรรษา ถนัดพิมพการ,0553371707,B106,2007-09-27,Medical and optical,M,East,active,False,,0
TRD0458,T1019,Hollis Export Ltd,Hollis Export Ltd,A86403,D30612,Chị Thảo Trần,0338023646,B122,2019-08-10,Furniture and home,M,East,active,True,8149396.0,1
TRD0459,T227300,Horizon Electronics Supply Co.,Horizon Electronics Supply Co.,A48185,D41063,อุลัยพร วาทา,0769763511,B117,2020-02-13,Electronics,M,West,active,True,7164276.0,0
TRD0460,T791890,Bright Metal Holdings Ltd,Bright Metal Holdings Ltd,A42462,D24374,Chanakya Nanda,0217597484,B139,2009-01-08,Steel and metals,S,West,active,True,5347505.0,1
TRD0461,T948789,Lantern Health Group Ltd,Lantern Health Mart,A17932,D94638,Scott Mosley,0362613335,B117,2024-07-04,Medical and optical,L,West,active,True,72847348.0,1
TRD0462,T1095,Arden Services Ltd,Arden Services Ltd,A96959,D77238,Manan Goel,0998442111,B124,2018-02-03,Medical and optical,L,West,active,True,5026146.0,0
TRD0463,T610374,Lantern Drive Distribution Ltd,Lantern Drive Distribution Ltd,A89854,D49712,Nicholas Oommen,0607153230,B113,2019-01-06,Vehicles and parts,M,East,active,True,21406845.0,2
TRD0464,T1063,Danesfield Export Ltd,Danesfield Export Ltd,A23212,D59737,เกษมชัย สงประเสริฐ,0352756950,B137,2025-08-24,Electronics,L,South,suspended,True,35469251.0,2
TRD0465,T940009,Eastern Care Commercial Co.,Eastern Care Store,A87081,D24367,Tùng Tấn Lê,0641631440,B114,2005-02-15,Cosmetics and personal care,S,West,active,True,5142707.0,2
TRD0466,T268522,Saffron Resin Enterprises,Saffron Resin Enterprises,A81471,D75368,ทินพร ดัตพันธุ์,0499829345,B109,2011-05-03,Plastics and packaging,M,East,active,True,4979874.0,0
TRD0467,T723648,Unity Timber Supply Co.,Unity Timber Supply Co.,A47637,D58352,Bà Phương Đặng,0380061058,B134,2008-08-03,Furniture and home,M,Coastal,active,True,37210332.0,4
TRD0468,T896099,Royal Fruits Partners Ltd,Royal Fruits Partners Ltd,A12958,D94893,Bachittar Dalal,0890304742,B118,2006-02-09,Fresh produce,S,North,active,True,16286829.0,1
TRD0469,T254179,Rising Smoke Distribution Ltd,Rising Smoke Direct,A98427,D23252,พันธุ์เทพ นามขำ,0617537922,B121,2025-10-12,Tobacco,S,East,active,True,26993164.0,1
TRD0470,T993947,"Delta Tech Trading Co., Ltd",Delta Tech Hub,A90588,D59974,Ekta Sridhar,0950402871,B140,2013-10-01,Electronics,S,East,active,True,31050857.0,1
TRD0471,T1006,Seaview Marine Supplies Ltd,Seaview Marine Store,A38013,D75053,Chị Khoa Phạm,0301742437,B103,2026-03-11,Furniture and home,M,Coastal,active,True,4197474.0,0
TRD0472,T891139,Bamboo Steel Holdings Ltd,Bamboo Steel Imports,A30755,D55634,Stephen Taylor,0707262186,B127,2019-10-13,Steel and metals,S,West,active,True,537264533.0,3
TRD0473,T1018,Redstone Export Ltd,Redstone Export Ltd,A97148,D81827,Bhavika Comar,0543641225,B136,2023-05-02,Steel and metals,M,Coastal,active,True,4393871.0,1
TRD0474,T773224,Summit Steel Distribution Ltd,Summit Steel Store,A17989,D65837,Keya Goel,0725699890,B104,2019-03-04,Steel and metals,L,South,active,True,5471739005.0,21
TRD0475,T195123,Monsoon Living International Ltd,Monsoon Living International Ltd,A51382,D16252,สุรวัช นิละทัต,0269649266,B121,2016-01-20,Furniture and home,S,Coastal,active,True,10068898.0,1
TRD0476,,"Sunrise Tobacco Trading Co., Ltd",Sunrise Tobacco Hub,A79500,D80114,Akshay Gole,0443042743,B135,2020-12-27,Tobacco,S,Capital,suspended,True,4424360.0,0
TRD0477,T865697,Ocean Polymer Partners Ltd,Ocean Polymer Imports,A51399,D43422,เทพณรงค์ สาระพันธ์,0934328101,B103,2015-04-30,Plastics and packaging,S,North,active,True,6534493.0,0
TRD0478,T999913,Orchid Orchard Import Export Ltd,Orchid Orchard Express,A57094,D97372,Quang Thế Nguyễn,0734572845,B133,2016-02-12,Fresh produce,L,East,active,True,5413009.0,0
TRD0479,T983690,Grand Garment Commercial Co.,Grand Garment Commercial Co.,A13599,D71520,จด แถมธน,0497157491,B118,2012-01-06,Apparel,L,Capital,active,True,6148381.0,1
TRD0480,T568649,Jade Care International Ltd,Jade Care International Ltd,A14705,D56536,อัครพนธ์ ทวนทอง,0693788141,B106,2008-04-01,Cosmetics and personal care,M,South,active,True,25609593.0,1
TRD0481,,Orchid Fabric Distribution Ltd,Orchid Fabric Express,A27194,D88285,Turvi Chand,0761300066,B114,2018-04-05,Textiles,M,Capital,active,False,,1
TRD0482,T508583,Pacific Tech Holdings Ltd,Pacific Tech Holdings Ltd,A75294,D69099,James Mcguire,0840957781,B121,2006-07-24,Electronics,S,East,active,True,228331593.0,1
TRD0483,T1170,Aldergate Manufacturing Ltd,Aldergate Manufacturing Ltd,A12513,D51804,Taylor Daugherty,0443584776,B108,2022-03-02,Plastics and packaging,L,South,active,True,31398129.0,1
TRD0484,T648591,Rising Resin Partners Ltd,Rising Resin Express,A79228,D39979,อับดุลเลาะห์ ธัญเสถียร,0984169914,B108,2020-07-11,Plastics and packaging,S,Coastal,active,False,,0
TRD0485,T918800,Silver Motor Holdings Ltd,Silver Motor Holdings Ltd,A30692,D57128,Jacob Browning,0950380299,B131,2023-09-04,Vehicles and parts,S,West,suspended,True,5367648.0,1
TRD0486,T828988,Monsoon Cotton Holdings Ltd,Monsoon Cotton Holdings Ltd,A39592,D26837,ยนงคราญ ดาวกระจาย,0790788618,B116,2022-06-23,Textiles,M,East,active,True,5338272.0,0
TRD0487,T611950,Twin Rivers Golden Leaf Enterprises,Twin Rivers Golden Leaf Enterprises,A75173,D90261,Yoshita Rege,0681137085,B126,2021-04-15,Tobacco,L,South,active,True,5010998.0,0
TRD0488,T708431,Bamboo Glow Group Ltd,Bamboo Glow Group Ltd,A46680,D49478,Rudra Sha,0810116222,B136,2013-12-05,Cosmetics and personal care,S,South,active,True,136424332.0,5
TRD0489,,Royal Tobacco Commercial Co.,Royal Tobacco Store,A69504,D53773,Lâm Mai Bảo Mai,0936155301,B120,2015-10-06,Tobacco,M,West,active,True,37192623.0,1
TRD0490,T375601,Delta Iron Group Ltd,Delta Iron Group Ltd,A57018,D22290,Ronith Bajwa,0390261389,B109,2009-07-15,Steel and metals,M,North,active,True,12581685.0,1
TRD0491,T805109,Phoenix Garment Supply Co.,Phoenix Garment Hub,A81981,D60855,Jeremiah Hart,0630101554,B106,2021-11-17,Apparel,S,East,active,True,6662165.0,0
TRD0492,T963423,"Lucky Cosmetics Trading Co., Ltd",Lucky Cosmetics Express,A23114,D23452,Yashvi Mutti,0316463269,B136,2018-03-14,Cosmetics and personal care,M,East,active,True,0.0,0
TRD0493,T1108,Langton Manufacturing Ltd,Langton Manufacturing Ltd,A61495,D94919,ธราวิทญ์ ถะเกิงชศ,0539247929,B106,2016-01-04,Vehicles and parts,S,West,active,True,549700145.0,1
TRD0494,,Lotus Steel Import Export Ltd,Lotus Steel Import Export Ltd,A91378,D17803,Quý cô An Đặng,0590667630,B107,2010-11-09,Steel and metals,L,East,active,False,,1
TRD0495,T483469,Bright Alloy Distribution Ltd,Bright Alloy Distribution Ltd,A77252,D38600,Hạnh Bùi,0643180201,B110,2018-03-30,Steel and metals,L,East,active,True,4265816.0,0
TRD0496,T240074,Blue River Sweet Supply Co.,Blue River Sweet Supply Co.,A69169,D69457,Carla Mccormick,0352817713,B115,2020-01-07,Sugar and confectionery,M,South,active,True,31631809.0,1
TRD0497,T832829,Bright Furniture Commercial Co.,Bright Furniture Express,A58514,D91880,ยุภา นิละทัต,0741967210,B118,2025-11-09,Furniture and home,M,Coastal,active,True,7730585.0,1
TRD0498,T604017,Delta Fruits Enterprises,Delta Fruits Hub,A72851,D13600,Nicole Ellis,0235484973,B137,2025-06-19,Fresh produce,L,East,active,True,6733928.0,0
TRD0499,T896259,Silk Road Alloy Import Export Ltd,Silk Road Direct,A47576,D95765,Châu Bảo Trần,0369366508,B120,2014-04-23,Steel and metals,S,West,active,True,106966443.0,1
TRD0500,T844277,Lakeside Resin Import Export Ltd,Lakeside Resin Import Export Ltd,A36268,D48480,ธีรวุฒิ ถนัดเดินข่าว,0544324786,B104,2024-07-20,Plastics and packaging,S,Capital,active,True,81856887.0,1
TRD0501,T1105,Pinehill Enterprises Ltd,Pinehill Enterprises Ltd,A53923,D31461,Devansh Goda,0247974692,B111,2020-12-02,Steel and metals,S,South,active,True,5550538.0,1
TRD0502,,Royal Smoke Holdings Ltd,Royal Smoke Holdings Ltd,A80238,D61814,Mr. Leonard Roberson DDS,0824517063,B125,2022-08-11,Tobacco,S,Capital,active,True,59706325.0,1
TRD0503,T1123,Penrose Manufacturing Ltd,Penrose Manufacturing Ltd,A73208,D32699,Hưng Tấn Bùi,0202102698,B120,2017-11-23,Apparel,M,North,active,False,,1
TRD0504,T376252,Coral Fresh Commercial Co.,Coral Fresh Direct,A75789,D74931,Bà An Nguyễn,0392830947,B113,2017-10-03,Fresh produce,L,West,active,False,,18
TRD0505,T931348,"Horizon Motor Trading Co., Ltd","Horizon Motor Trading Co., Ltd",A43462,D10913,Darpan Tank,0990892029,B139,2024-11-27,Vehicles and parts,S,Coastal,active,True,5686045.0,1
TRD0506,T1120,Selby Enterprises Ltd,Selby Enterprises Mart,A96550,D29304,Hạnh Hải Mai,0442444155,B139,2025-12-28,Cosmetics and personal care,M,Coastal,active,True,41293882.0,1
TRD0507,T1168,Yealand Ltd,Yealand Ltd Imports,A30611,D56767,Bác Khoa Đặng,0870995161,B104,2025-03-13,Furniture and home,L,East,active,True,15051572.0,1
TRD0508,T653460,Star Cotton Distribution Ltd,Star Cotton Direct,A59374,D87446,Margaret Martin,0592817499,B122,2017-02-17,Textiles,S,South,active,True,133236187.0,1
TRD0509,T100399,Ocean Tobacco Supply Co.,Ocean Tobacco Supply Co.,A86624,D82789,Nhật Lê,0265893363,B111,2015-08-10,Tobacco,M,East,active,True,4895425.0,0
TRD0510,T1087,Netherby Manufacturing Ltd,Netherby Manufacturing Ltd,A76068,D68071,Wishi Chokshi,0618124490,B118,2025-03-25,Electronics,S,East,active,True,59140560.0,1
TRD0511,T798305,Bamboo Sweet Enterprises,Bamboo Sweet Enterprises,A11228,D88663,Ishwar Saran,0408081296,B140,2010-02-21,Sugar and confectionery,S,South,active,True,6093202.0,0
TRD0512,T187739,Silk Road Fruits Import Export Ltd,Silk Road Fruits Import Export Ltd,A78302,D98093,Jeremiah Shere,0329193286,B139,2024-03-06,Fresh produce,M,North,active,True,23067113.0,1
TRD0513,T1053,Ullswater Manufacturing Ltd,Ullswater Manufacturing Ltd,A69451,D59044,Jennifer Davis,0468830537,B105,2026-05-16,Furniture and home,S,North,active,True,118550141.0,5
TRD0514,T478893,Saffron Motor Import Export Ltd,Saffron Motor Import Export Ltd,A44805,D91569,Quý ông Trọng Hoàng,0363333667,B116,2011-12-05,Vehicles and parts,M,Capital,active,True,8330369.0,1
TRD0515,T195789,"Lucky Cotton Trading Co., Ltd","Lucky Cotton Trading Co., Ltd",A50989,D57809,อนุวัช ตระกูลบุญ,0543683289,B128,2021-01-30,Textiles,S,East,active,True,64556361.0,2
TRD0516,T923313,Coral Mobile Commercial Co.,Coral Mobile Commercial Co.,A12878,D45789,Brenda Noble,0532395504,B107,2024-12-06,Electronics,S,West,active,True,5858536.0,0
TRD0517,T323058,Saffron Optics Supply Co.,Saffron Optics Supply Co.,A38833,D34691,วรนาฎ คณานุรักษ์,0630607464,B107,2016-05-04,Medical and optical,S,West,active,True,35494907.0,3
TRD0518,,Lakeside Resin Partners Ltd,Lakeside Resin Express,A40085,D87565,Trung Lê,0282934110,B140,2020-08-11,Plastics and packaging,M,East,active,False,,0
TRD0519,T221218,Green Valley Fashion International Ltd,Green Valley Mart,A35106,D27528,Trung Đặng,0437849385,B140,2020-10-08,Apparel,S,South,active,True,8476327.0,1
TRD0520,T963464,Green Valley Polymer Commercial Co.,Green Valley Polymer Commercial Co.,A88446,D83131,วนาลี ตั้งเผ่า,0740295151,B101,2016-01-30,Plastics and packaging,L,Capital,active,True,4174394.0,0
TRD0521,T1136,Lyndon Services Ltd,Lyndon Services Ltd,A86787,D82827,พิศพรรณ ศรีธนะเวทย์,0344827023,B133,2018-12-15,Apparel,S,South,active,True,16231628.0,1
TRD0522,T1134,Larkfield Manufacturing Ltd,Larkfield Manufacturing Store,A42278,D92174,Falak Dhaliwal,0539892164,B107,2015-12-02,Steel and metals,L,Coastal,active,True,4741853.0,1
TRD0523,T1071,Yardley Export Ltd,Yardley Export Ltd,A49662,D54582,Quý ông Huy Mai,0655406900,B113,2025-01-17,Vehicles and parts,M,East,active,True,19347614.0,1
TRD0524,T298182,"Coral Leaf Trading Co., Ltd","Coral Leaf Trading Co., Ltd",A88540,D46603,Laksh Patil,0812643349,B101,2007-11-16,Tobacco,L,South,active,True,38358559.0,1
TRD0525,T1167,Moreton Export Ltd,Moreton Export Ltd,A19843,D47921,David Blake,0507174791,B127,2024-01-17,Furniture and home,L,Capital,active,True,22167588.0,1
TRD0526,T112935,Grand Motor Import Export Ltd,Grand Motor Import Export Ltd,A59690,D98825,Nicholas Krishnan,0930900823,B104,2008-01-20,Vehicles and parts,M,East,active,True,160954903.0,2
TRD0527,T1104,Kirkby Services Ltd,Kirkby Services Direct,A89006,D13626,Yamini Toor,0736936893,B131,2021-10-02,Cosmetics and personal care,M,Capital,active,False,,1
TRD0528,T1002,Sunrise Textiles Export Ltd,Sunrise Textiles Export Ltd,A99288,D73232,Ricky Thompson,0989667003,B118,2021-09-16,Textiles,L,North,active,True,4592188.0,2
TRD0529,,Green Valley Timber Import Export Ltd,Green Valley Timber Import Export Ltd,A79560,D90403,Naveen Mohan,0852939778,B131,2011-01-04,Furniture and home,M,North,active,True,9410192.0,1
TRD0530,T147270,Lakeside Optics International Ltd,Lakeside Optics International Ltd,A86545,D95859,Xiti Sandhu,0210765578,B123,2019-02-16,Medical and optical,S,East,active,True,38733708.0,1
TRD0531,T1075,Foxhall Holdings Ltd,Foxhall Holdings Express,A47260,D29466,Kritika Sane,0768873892,B113,2022-06-03,Furniture and home,M,East,active,True,181522227.0,4
TRD0532,T238431,Silk Road Fabric Holdings Ltd,Silk Road Store,A38738,D63433,Waida Bora,0403244504,B137,2006-05-30,Textiles,S,South,active,True,83612622.0,3
TRD0533,T1008,Seaview Provisions Ltd,Seaview Provisions Ltd,A87023,D70959,อัญพัชร์ บุนยาภิสนท์,0357416799,B111,2025-11-24,Furniture and home,M,South,active,True,121115439.0,3
TRD0534,T272280,Star Furniture Commercial Co.,Star Furniture Express,A45357,D15776,Manbir Ganesh,0611945570,B112,2020-12-17,Furniture and home,S,Capital,active,True,135975777.0,6
TRD0535,T1088,Melrose & Co Ltd,Melrose & Co Ltd,A87510,D25268,Cô Dương Lê,0782197752,B136,2026-03-30,Electronics,M,West,active,True,4349479.0,0
TRD0536,T934434,Mekong Drive Holdings Ltd,Mekong Drive Holdings Ltd,A90726,D57593,Quý cô Chi Trần,0215704837,B125,2005-01-09,Vehicles and parts,S,South,active,True,10687285.0,1
TRD0537,T1117,Carrick Trading Ltd,Carrick Trading Ltd,A27119,D58159,Vaishnavi Gour,0951770917,B121,2025-03-04,Steel and metals,S,South,active,True,5453009.0,1
TRD0538,T1059,Seaview Holdings Ltd,Seaview Holdings Ltd,A43597,D17694,Harshil Bhatti,0318417473,B104,2015-11-21,Fresh produce,M,South,active,True,42999691.0,1
TRD0539,T766520,Evergreen Metal Holdings Ltd,Evergreen Metal Holdings Ltd,A93453,D40085,บุญเอก ตะละภัฏ,0624007624,B134,2025-07-01,Steel and metals,M,East,active,True,3720012.0,0
TRD0540,T1166,Ashcombe Manufacturing Ltd,Ashcombe Manufacturing Ltd,A10907,D15575,กุลภาวลัย นุชแนวนุ่ม,0813714511,B134,2022-02-18,Steel and metals,M,South,active,True,421702105.0,2
TRD0541,T726074,Orchid Wheels Commercial Co.,Orchid Wheels Store,A25509,D70353,กรพนธ์ นิติสาขา,0326885282,B134,2024-07-08,Vehicles and parts,S,North,active,True,13857230.0,1
TRD0542,T1065,Juniper Group Ltd,Juniper Group Ltd,A55508,D58953,Chị Hồng Bùi,0555563276,B113,2025-06-05,Textiles,S,North,active,True,43459462.0,1
TRD0543,T1078,Ashcombe Trading Ltd,Ashcombe Trading Ltd,A45025,D88360,Eric Rios,0789504767,B122,2026-01-15,Steel and metals,L,Coastal,active,True,948958029.0,2
TRD0544,T337424,Silver Apparel Partners Ltd,Silver Apparel Partners Ltd,A36659,D13048,Emily Barnes,0286456651,B110,2015-02-15,Apparel,M,Coastal,active,True,18331461.0,1
TRD0545,T1151,Crayford Distribution Ltd,Crayford Distribution Ltd,A93098,D58353,Odika Srivastava,0722621830,B106,2020-03-01,Furniture and home,M,Coastal,active,True,17800417.0,2
TRD0546,T803655,Blue River Mobile Partners Ltd,Blue River Mobile Partners Ltd,A65370,D62101,Rushil Jha,0671862958,B101,2011-09-04,Electronics,L,South,active,True,4536009.0,0
TRD0547,T701529,Grand Care International Ltd,Grand Care Direct,A10763,D83521,Richard Owen,0308628755,B104,2013-05-29,Cosmetics and personal care,S,Capital,active,True,325055713.0,7
TRD0548,T1147,Tarnbrook Services Ltd,Tarnbrook Services Ltd,A76949,D70667,Hương Phạm,0598338853,B139,2023-11-14,Steel and metals,L,West,active,True,71258262.0,2
TRD0549,T569123,Pearl Mobile Enterprises,Pearl Mobile Direct,A59036,D87130,Nihal Shukla,0956028222,B137,2006-06-03,Electronics,S,Capital,active,True,48574933.0,1
TRD0550,T227834,Lakeside Auto Group Ltd,Lakeside Auto Group Ltd,A16652,D98046,Krisha Mitra,0624215336,B132,2010-10-28,Vehicles and parts,L,North,active,True,52567678.0,1
TRD0551,T127594,Golden Care Supply Co.,Golden Care Supply Co.,A37950,D22247,Ekanta Bhatnagar,0446201349,B111,2005-01-23,Cosmetics and personal care,M,South,active,True,4966684.0,0
TRD0552,T1068,Eastmoor Export Ltd,Eastmoor Export Ltd,A57455,D39725,Danny Wallace,0314018027,B116,2021-12-01,Furniture and home,L,East,active,True,5345160.0,0
TRD0553,,Mekong Tobacco Enterprises,Mekong Tobacco Enterprises,A52163,D72970,Vi Bùi,0264197548,B133,2006-03-14,Tobacco,S,Coastal,active,False,,2
TRD0554,T1082,Inverness Manufacturing Ltd,Inverness Manufacturing Ltd,A38538,D75491,Chị Kim Lê,0408435300,B131,2024-09-04,Electronics,M,South,active,True,35177824.0,1
TRD0555,T1061,Oakhurst Ltd,Oakhurst Ltd,A88164,D90300,Aarav Prakash,0731307528,B107,2025-02-04,Electronics,S,North,active,True,102350774.0,1
TRD0556,T1040,Tarnbrook Trading Ltd,Tarnbrook Trading Ltd,A87224,D53588,ภาสินี ตวงทอง,0477502340,B126,2026-06-06,Fresh produce,S,North,active,True,24287771.0,1
TRD0557,T123296,Horizon Style Distribution Ltd,Horizon Style Distribution Ltd,A70201,D29165,Falak Kaul,0406182562,B108,2014-04-28,Apparel,M,Coastal,active,True,7219245.0,1
TRD0558,T297999,Pearl Style Holdings Ltd,Pearl Style Express,A77929,D91189,Chandresh Mohan,0864361881,B104,2025-01-13,Apparel,S,South,active,True,5447382.0,0
TRD0559,T728448,Green Valley Motor Supply Co.,Green Valley Motor Supply Co.,A14172,D49385,Châu Vũ,0390288606,B132,2018-04-22,Vehicles and parts,S,South,active,True,5241491.0,0
TRD0560,T1077,Coastland Manufacturing Ltd,Coastland Manufacturing Ltd,A88417,D18840,สิริรัตน์ ถนอมมนุษย์,0333911993,B103,2022-01-26,Furniture and home,M,Capital,active,True,15412656.0,2
TRD0561,T1173,Lyndon Ltd,Lyndon Ltd,A68697,D88826,Jagat Chokshi,0750314651,B105,2013-10-01,Furniture and home,M,South,suspended,True,51295258.0,1
TRD0562,T127611,Blue River Leaf Import Export Ltd,Blue River Leaf Import Export Ltd,A11544,D18701,Christina Francis,0839895866,B135,2006-10-21,Tobacco,S,South,active,True,30893941.0,3
TRD0563,T1047,Vantage Services Ltd,Vantage Services Ltd,A60276,D53111,Kevin Vazquez,0853048121,B129,2026-04-17,Vehicles and parts,S,North,active,False,,1
TRD0564,T1132,Cobalt Holdings Ltd,Cobalt Holdings Ltd,A36990,D96330,Hạnh Hoàng Vũ,0682917437,B112,2018-10-31,Fresh produce,M,East,active,True,7513613.0,1
TRD0565,T343597,Ocean Home Supply Co.,Ocean Home Mart,A72581,D36854,ประเสริฐ นาถะเดชะ,0410491065,B122,2024-04-07,Furniture and home,M,Coastal,active,True,17175155.0,1
TRD0566,,Twin Rivers Agro Commercial Co.,Twin Rivers Agro Commercial Co.,A66884,D73046,Kyle Myers,0738855409,B138,2024-02-17,Fresh produce,S,South,active,True,4893737.0,0
TRD0567,T1024,Halcyon Industries Ltd,Halcyon Industries Ltd,A56204,D98873,Bảo Trần,0664875196,B109,2018-01-07,Textiles,M,Capital,active,False,,1
TRD0568,T701134,Saffron Steel Commercial Co.,Saffron Steel Commercial Co.,A25499,D55225,Lâm Dương,0825763713,B122,2016-11-02,Steel and metals,M,South,active,True,1786033977.0,8
TRD0569,T602629,Highland Cosmetics Commercial Co.,Highland Cosmetics Commercial Co.,A31193,D99754,Daniel Hill,0370022131,B135,2016-12-11,Cosmetics and personal care,M,South,active,True,5643707.0,1
TRD0570,T1171,Harbour Holdings Ltd,Harbour Holdings Express,A85130,D69046,พรสวรรค์ ถนิมมาศ,0676891840,B105,2020-01-07,Electronics,M,West,active,True,81209235.0,1
TRD0571,T1011,Harbourlight Supplies Ltd,Harbourlight Supplies Ltd,A79574,D61641,Chị Lâm Phạm,0994781300,B107,2026-06-20,Furniture and home,S,West,active,True,12682023.0,2
TRD0572,T168372,Golden Style Import Export Ltd,Golden Style Import Export Ltd,A71775,D59686,Stephen Luna,0892832740,B136,2009-07-14,Apparel,S,South,active,True,221594594.0,4
TRD0573,T774597,Coral Tobacco Import Export Ltd,Coral Tobacco Import Export Ltd,A35161,D47580,สายสุรีย์ ตรีเภรินทร์,0664812005,B137,2024-01-28,Tobacco,S,West,active,True,4247033.0,0
TRD0574,T805483,"Sunrise Textile Trading Co., Ltd","Sunrise Textile Trading Co., Ltd",A95747,D26012,Amy Warren,0656543651,B128,2009-08-25,Textiles,L,South,active,False,,1
TRD0575,T479401,Sunrise Orchard Enterprises,Sunrise Orchard Enterprises,A97132,D84234,Michele Wilson,0592556927,B123,2016-04-08,Fresh produce,M,Coastal,suspended,True,49874840.0,1
TRD0576,T830372,Monsoon Steel Group Ltd,Monsoon Steel Express,A12277,D22220,ภัคศุภางค์ แท่นทอง,0920688192,B101,2013-08-19,Steel and metals,L,East,active,True,186223236.0,3
TRD0577,T431515,Lakeside Medical Enterprises,Lakeside Medical Enterprises,A90870,D85059,Nhiên Thị Bùi,0489589007,B120,2006-12-21,Medical and optical,S,Coastal,active,True,6151184.0,0
TRD0578,T590993,Crystal Steel Import Export Ltd,Crystal Steel Import Export Ltd,A16620,D91777,George Mahal,0804865469,B121,2016-10-22,Steel and metals,S,West,active,True,43994864.0,2
TRD0579,T131483,Rising Electronics Enterprises,Rising Electronics Enterprises,A95721,D71518,Andre Collins,0279819637,B124,2017-02-19,Electronics,S,Capital,active,True,17570111.0,3
TRD0580,T807987,Mekong Pack Commercial Co.,Mekong Pack Commercial Co.,A99274,D48545,เกษมชัย จันทา,0926921759,B131,2006-10-01,Plastics and packaging,M,South,active,True,16349394.0,1
TRD0581,T1027,Norbury Services Ltd,Norbury Services Ltd,A75908,D56905,Bảo Thế Vũ,0619394029,B130,2024-06-19,Electronics,S,Coastal,active,False,,1
TRD0582,T812138,Bamboo Care Enterprises,Bamboo Care Enterprises,A62429,D84019,ชัชนันท์ นิยมธรรม,0316651505,B114,2017-03-11,Cosmetics and personal care,S,East,active,True,4478499.0,1
TRD0583,T856373,Saffron Fresh Group Ltd,Saffron Fresh Group Ltd,A94843,D94999,บุญเอก วะคีมัน,0457063383,B125,2021-02-09,Fresh produce,M,Capital,active,True,4023764.0,0
TRD0584,T685144,Highland Sweet Distribution Ltd,Highland Sweet Distribution Ltd,A10110,D63157,ราชพฤกษ์ สาระพันธ์,0218767387,B129,2013-10-03,Sugar and confectionery,M,Capital,active,True,7711312.0,1
TRD0585,T289695,Sunrise Glow Partners Ltd,Sunrise Glow Partners Ltd,A51677,D40787,Bà Mai Dương,0757191149,B117,2018-06-14,Cosmetics and personal care,M,Capital,active,False,,0
TRD0586,T1109,Crayford Services Ltd,Crayford Services Store,A16952,D22134,Chị Yến Bùi,0818653445,B103,2024-01-22,Textiles,S,North,active,True,5136338.0,0
TRD0587,T1177,Quarry Manufacturing Ltd,Quarry Manufacturing Ltd,A71814,D59378,An Hữu Hoàng,0471636760,B133,2016-06-17,Fresh produce,M,Coastal,active,True,49716178.0,4
TRD0588,T1034,Linford Industries Ltd,Linford Industries Store,A47838,D19403,Hamsini Kumar,0446422124,B128,2022-02-14,Textiles,S,South,active,True,7063060.0,2
TRD0589,T561999,Highland Textile Import Export Ltd,Highland Textile Import Export Ltd,A56840,D97573,วีระวัฒน์ นครเทพ,0672027782,B138,2014-12-29,Textiles,M,Capital,active,True,21799835.0,1
TRD0590,T622037,Blue River Timber Supply Co.,Blue River Express,A48032,D75850,Ông Bảo Trần,0675230814,B113,2019-01-30,Furniture and home,M,Capital,active,True,4319409.0,0
TRD0591,T301013,Grand Home Import Export Ltd,Grand Home Import Export Ltd,A63929,D73318,Ông Khoa Trần,0626747589,B110,2020-09-04,Furniture and home,S,North,active,True,41301416.0,1
TRD0592,T309378,Lucky Wheels Import Export Ltd,Lucky Wheels Import Export Ltd,A67135,D87607,พลานุช พีระเพ็ญกุล,0690301674,B129,2008-06-10,Vehicles and parts,M,West,active,True,269190333.0,3
TRD0593,T772899,Mekong Pack Import Export Ltd,Mekong Pack Import Export Ltd,A84603,D49098,William Yogi,0283810603,B101,2015-09-02,Plastics and packaging,M,Capital,active,True,6075027.0,1
TRD0594,T779432,Royal Resin Holdings Ltd,Royal Resin Holdings Ltd,A51005,D12984,Nhật Đức Phạm,0602785097,B110,2018-05-03,Plastics and packaging,S,North,active,True,4860182.0,0
TRD0595,T527013,Lotus Pack International Ltd,Lotus Pack Direct,A53357,D73422,Julia Salazar,0498148271,B119,2023-01-09,Plastics and packaging,M,South,active,True,6756736.0,0
TRD0596,T570899,Ocean Cotton International Ltd,Ocean Cotton International Ltd,A19818,D29402,Anna Hall,0681292806,B119,2023-07-08,Textiles,M,South,active,True,396620066.0,4
TRD0597,T1179,Havering Trading Ltd,Havering Trading Ltd,A66850,D33394,Justin Bennett,0362904751,B136,2020-05-04,Plastics and packaging,S,East,active,True,41390093.0,3
TRD0598,T1188,Underhill Enterprises Ltd,Underhill Enterprises Ltd,A10511,D18781,Lan Lê,0695603216,B132,2025-03-02,Fresh produce,M,Capital,active,True,162608073.0,3
TRD0599,T743511,Grand Polymer Distribution Ltd,Grand Polymer Distribution Ltd,A70170,D19552,Thành Đức Vũ,0707588944,B107,2020-03-27,Plastics and packaging,S,East,active,True,45925206.0,1
TRD0600,T638261,Twin Rivers Electronics International Ltd,Twin Rivers Store,A51634,D12112,วัลยา อุ่นอก,0898221999,B102,2018-04-01,Electronics,S,West,active,True,5577791.0,0
