tin,period,sales_declared,purchases_declared,import_vat_credit,filed_date
T1016,2024-10,538805.0,323283.0,0.0,2024-11-24
T1016,2024-11,390201.0,234120.0,0.0,2024-12-16
T1016,2024-12,776983.0,466190.0,0.0,2025-01-13
T1016,2025-01,327017.0,196210.0,0.0,2025-02-20
T1016,2025-02,477308.0,286385.0,0.0,2025-03-10
T1016,2025-03,245167.0,147100.0,0.0,2025-04-20
T1016,2025-04,1094710.0,656826.0,0.0,2025-05-11
T1016,2025-05,311837.0,187102.0,0.0,2025-06-20
T1016,2025-06,597674.0,358605.0,0.0,2025-07-16
T1016,2025-07,574501.0,344701.0,0.0,2025-08-12
T1016,2025-08,643229.0,385937.0,0.0,2025-09-15
T1016,2025-09,262713.0,157628.0,0.0,2025-10-24
T1016,2025-10,231490.0,138894.0,0.0,2025-11-10
T1016,2025-11,390773.0,234464.0,0.0,2025-12-23
T1016,2025-12,206798.0,124079.0,0.0,2026-01-21
T1016,2026-01,937644.0,562586.0,0.0,2026-02-09
T1016,2026-02,286573.0,171944.0,0.0,2026-03-11
T1016,2026-03,500196.0,300117.0,0.0,2026-04-22
T1016,2026-04,811738.0,487043.0,0.0,2026-05-05
T1016,2026-05,763005.0,457803.0,0.0,2026-06-07
T1016,2026-06,389472.0,233683.0,0.0,2026-07-13
T1016,2026-07,139768.0,83861.0,0.0,2026-08-09
T1016,2026-08,239431.0,143658.0,0.0,2026-09-09
T1016,2026-09,1019151.0,611491.0,0.0,2026-10-19
T1042,2024-10,543542.0,326125.0,0.0,2024-11-14
T1042,2024-11,323585.0,194151.0,0.0,2024-12-21
T1042,2024-12,239107.0,143464.0,0.0,2025-01-07
T1042,2025-01,554029.0,332418.0,0.0,2025-02-10
T1042,2025-02,72250713.0,43007189.0,4354131.0,2025-03-16
T1042,2025-03,55421032.0,32989333.0,3083815.0,2025-04-19
T1042,2025-04,196772.0,118063.0,0.0,2025-05-08
T1042,2025-05,445408.0,267245.0,0.0,2025-06-15
T1042,2025-06,450319.0,270191.0,0.0,2025-07-05
T1042,2025-07,240565.0,144339.0,0.0,2025-08-24
T1042,2025-08,400507.0,240304.0,0.0,2025-09-16
T1042,2025-09,729407.0,437644.0,0.0,2025-10-18
T1042,2025-10,244560.0,146736.0,0.0,2025-11-11
T1042,2025-11,325389.0,195234.0,0.0,2025-12-20
T1042,2025-12,256830.0,154098.0,0.0,2026-01-05
T1042,2026-01,344284.0,206570.0,0.0,2026-02-12
T1042,2026-02,464392.0,278635.0,0.0,2026-03-12
T1042,2026-03,488217.0,292930.0,0.0,2026-04-23
T1042,2026-04,146735.0,88041.0,0.0,2026-05-14
T1042,2026-05,332001.0,199201.0,0.0,2026-06-20
T1042,2026-06,446692.0,268015.0,0.0,2026-07-20
T1042,2026-07,599420.0,359652.0,0.0,2026-08-19
T1042,2026-08,527839.0,316704.0,0.0,2026-09-13
T1042,2026-09,269268.0,161561.0,0.0,2026-10-14
T105145,2024-10,717755.0,430653.0,0.0,2024-11-08
T105145,2024-11,446635.0,267981.0,0.0,2024-12-19
T105145,2024-12,430781.0,258469.0,0.0,2025-01-21
T105145,2025-01,251607.0,150964.0,0.0,2025-02-09
T105145,2025-02,447568.0,268541.0,0.0,2025-03-24
T105145,2025-03,347591.0,208555.0,0.0,2025-04-15
T105145,2025-04,352284.0,211370.0,0.0,2025-05-09
T105145,2025-05,760544.0,456326.0,0.0,2025-06-20
T105145,2025-06,373541.0,224124.0,0.0,2025-07-17
T105145,2025-07,935707.0,561424.0,0.0,2025-08-22
T105145,2025-08,700709.0,420425.0,0.0,2025-09-21
T105145,2025-09,345184.0,207110.0,0.0,2025-10-14
T105145,2025-10,677866.0,406720.0,0.0,2025-11-09
T105145,2025-11,292052.0,175231.0,0.0,2025-12-11
T105145,2025-12,348336.0,209002.0,0.0,2026-01-14
T105145,2026-01,661628.0,396977.0,0.0,2026-02-17
T105145,2026-02,505872.0,303523.0,0.0,2026-03-21
T105145,2026-03,974424.0,584654.0,0.0,2026-04-12
T105145,2026-04,419519.0,251711.0,0.0,2026-05-19
T105145,2026-05,256610.0,153966.0,0.0,2026-06-15
T105145,2026-06,310537.0,186322.0,0.0,2026-07-12
T105145,2026-07,564597.0,338758.0,0.0,2026-08-09
T105145,2026-08,399742.0,239845.0,0.0,2026-09-22
T105145,2026-09,373883.0,224330.0,0.0,2026-10-15
T1000,2024-10,608433.0,365060.0,0.0,2024-11-21
T1000,2024-11,287417.0,172450.0,0.0,2024-12-20
T1000,2024-12,263319.0,157992.0,0.0,2025-01-06
T1000,2025-01,573782.0,344269.0,0.0,2025-02-17
T1000,2025-02,1069881.0,641928.0,0.0,2025-03-16
T1000,2025-03,399830.0,239898.0,0.0,2025-04-12
T1000,2025-04,196621.0,117972.0,0.0,2025-05-13
T1000,2025-05,5538833.0,4015839.0,384971.0,2025-06-06
T1000,2025-06,286426.0,171856.0,0.0,2025-07-07
T1000,2025-07,1408053.0,844832.0,0.0,2025-08-11
T1000,2025-08,666248.0,399749.0,0.0,2025-09-15
T1000,2025-09,595546.0,357328.0,0.0,2025-10-23
T1000,2025-10,528793.0,317276.0,0.0,2025-11-10
T1000,2025-11,503794.0,302277.0,0.0,2025-12-05
T1000,2025-12,518177.0,310906.0,0.0,2026-01-22
T1000,2026-01,658591.0,395154.0,0.0,2026-02-14
T1000,2026-02,455558.0,273335.0,0.0,2026-03-15
T1000,2026-03,1034048.0,620429.0,0.0,2026-04-20
T1000,2026-04,2075876.0,1505080.0,145963.0,2026-05-14
T1000,2026-05,275828.0,165497.0,0.0,2026-06-16
T1000,2026-06,627498.0,376499.0,0.0,2026-07-13
T1000,2026-07,775616.0,465370.0,0.0,2026-08-22
T1000,2026-08,291470.0,174882.0,0.0,2026-09-16
T1000,2026-09,318232.0,190939.0,0.0,2026-10-12
T250806,2024-10,374120.0,224472.0,0.0,2024-11-16
T250806,2024-11,910689.0,546414.0,0.0,2024-12-16
T250806,2024-12,166638.0,99983.0,0.0,2025-01-24
T250806,2025-01,243510.0,146106.0,0.0,2025-02-17
T250806,2025-02,14126843.0,8061799.0,850753.0,2025-03-15
T250806,2025-03,838466.0,503080.0,0.0,2025-04-11
T250806,2025-04,460426.0,276256.0,0.0,2025-05-23
T250806,2025-05,455348.0,273209.0,0.0,2025-06-06
T250806,2025-06,543418.0,326051.0,0.0,2025-07-16
T250806,2025-07,897190.0,538314.0,0.0,2025-08-13
T250806,2025-08,776085.0,465651.0,0.0,2025-09-11
T250806,2025-09,513717.0,308230.0,0.0,2025-10-09
T250806,2025-10,284551.0,170731.0,0.0,2025-11-21
T250806,2025-11,883873.0,530324.0,0.0,2025-12-17
T250806,2025-12,673661.0,404197.0,0.0,2026-01-11
T250806,2026-01,205196.0,123117.0,0.0,2026-02-07
T250806,2026-02,388741.0,233245.0,0.0,2026-03-21
T157217,2024-10,291090.0,174654.0,0.0,2024-11-13
T157217,2024-11,888431.0,533059.0,0.0,2024-12-08
T157217,2024-12,417934.0,250760.0,0.0,2025-01-22
T157217,2025-01,13101240.0,8432824.0,833222.0,2025-02-20
T157217,2025-02,245523.0,147314.0,0.0,2025-03-05
T157217,2025-03,878437.0,527062.0,0.0,2025-04-06
T157217,2025-04,33601942.0,21628432.0,1934163.0,2025-05-10
T157217,2025-05,355173.0,213104.0,0.0,2025-06-24
T157217,2025-06,11040420.0,7106344.0,636293.0,2025-07-22
T157217,2025-07,591508.0,354905.0,0.0,2025-08-17
T157217,2025-08,678670.0,407202.0,0.0,2025-09-13
T157217,2025-09,391862.0,235117.0,0.0,2025-10-20
T157217,2025-10,29538691.0,19013055.0,1819957.0,2025-11-19
T157217,2025-11,21052065.0,13550501.0,1242809.0,2025-12-07
T157217,2025-12,266282.0,159769.0,0.0,2026-01-17
T157217,2026-01,44643205.0,28735319.0,2862001.0,2026-02-23
T157217,2026-02,4806362.0,3093692.0,283012.0,2026-03-15
T157217,2026-03,717732.0,430639.0,0.0,2026-04-21
T157217,2026-04,5378978.0,3462266.0,309819.0,2026-05-11
T157217,2026-05,233429.0,140058.0,0.0,2026-06-17
T157217,2026-06,4647330.0,2991329.0,342059.0,2026-07-12
T157217,2026-07,1366795.0,820077.0,0.0,2026-08-21
T157217,2026-08,345564.0,207338.0,0.0,2026-09-05
T157217,2026-09,865441.0,519265.0,0.0,2026-10-13
T816106,2024-10,514821.0,308892.0,0.0,2024-11-14
T816106,2024-11,727245.0,436347.0,0.0,2024-12-21
T816106,2024-12,232103.0,139262.0,0.0,2025-01-20
T816106,2025-01,383775.0,230265.0,0.0,2025-02-14
T816106,2025-02,204414.0,122648.0,0.0,2025-03-13
T816106,2025-03,227972.0,136783.0,0.0,2025-04-08
T816106,2025-04,355539.0,213323.0,0.0,2025-05-22
T816106,2025-05,423958.0,254375.0,0.0,2025-06-24
T816106,2025-06,729036.0,437421.0,0.0,2025-07-23
T816106,2025-07,623168.0,373901.0,0.0,2025-08-17
T816106,2025-08,251550.0,150930.0,0.0,2025-09-22
T816106,2025-09,1630426.0,978255.0,0.0,2025-10-12
T816106,2025-10,352301.0,211380.0,0.0,2025-11-19
T816106,2025-11,513997.0,308398.0,0.0,2025-12-10
T816106,2025-12,298267.0,178960.0,0.0,2026-01-13
T816106,2026-01,317879.0,190728.0,0.0,2026-02-07
T816106,2026-02,530089.0,318053.0,0.0,2026-03-16
T816106,2026-03,681488.0,408893.0,0.0,2026-04-07
T816106,2026-04,334119.0,200471.0,0.0,2026-05-22
T816106,2026-05,269677.0,161806.0,0.0,2026-06-10
T816106,2026-06,289629.0,173777.0,0.0,2026-07-08
T816106,2026-07,339656.0,203794.0,0.0,2026-08-12
T816106,2026-08,359943.0,215966.0,0.0,2026-09-07
T816106,2026-09,362520.0,217512.0,0.0,2026-10-08
T1017,2024-10,382261.0,229356.0,0.0,2024-11-20
T1017,2024-11,168947.0,101368.0,0.0,2024-12-19
T1017,2024-12,132622.0,79573.0,0.0,2025-01-18
T1017,2025-01,416017.0,249610.0,0.0,2025-02-22
T1017,2025-02,124443.0,74666.0,0.0,2025-03-24
T1017,2025-03,350162.0,210097.0,0.0,2025-04-21
T1017,2025-04,475055.0,285033.0,0.0,2025-05-16
T1017,2025-05,172078.0,103247.0,0.0,2025-06-09
T1017,2025-06,391598.0,234959.0,0.0,2025-07-19
T1017,2025-07,212184.0,127311.0,0.0,2025-08-11
T1017,2025-08,442051.0,265231.0,0.0,2025-09-19
T1017,2025-09,1507676.0,904606.0,0.0,2025-10-10
T1017,2025-10,473613.0,284168.0,0.0,2025-11-12
T1017,2025-11,586774.0,352064.0,0.0,2025-12-10
T1017,2025-12,405062.0,243037.0,0.0,2026-01-10
T1017,2026-01,409772.0,245863.0,0.0,2026-02-08
T1017,2026-02,292158.0,175295.0,0.0,2026-03-23
T1017,2026-03,364880.0,218928.0,0.0,2026-04-22
T1017,2026-04,601825.0,361095.0,0.0,2026-05-16
T1017,2026-05,201447.0,120868.0,0.0,2026-06-09
T1017,2026-06,222409.0,133445.0,0.0,2026-07-05
T1017,2026-07,720395.0,432237.0,0.0,2026-08-09
T1017,2026-08,554995.0,332997.0,0.0,2026-09-19
T1017,2026-09,735539.0,441323.0,0.0,2026-10-17
T583425,2024-10,238596.0,143157.0,0.0,2024-11-13
T583425,2024-11,455529.0,273317.0,0.0,2024-12-21
T583425,2024-12,443994.0,266396.0,0.0,2025-01-12
T583425,2025-01,375606.0,225364.0,0.0,2025-02-06
T583425,2025-02,384810.0,230886.0,0.0,2025-03-05
T583425,2025-03,409462.0,245677.0,0.0,2025-04-08
T583425,2025-04,597704.0,358622.0,0.0,2025-05-06
T583425,2025-05,723947.0,434368.0,0.0,2025-06-16
T583425,2025-06,247635.0,148581.0,0.0,2025-07-13
T583425,2025-07,694404.0,416642.0,0.0,2025-08-10
T583425,2025-08,676290.0,405774.0,0.0,2025-09-05
T583425,2025-09,407198.0,244319.0,0.0,2025-10-07
T583425,2025-10,399977.0,239986.0,0.0,2025-11-17
T583425,2025-11,272685.0,163611.0,0.0,2025-12-14
T583425,2025-12,323053.0,193832.0,0.0,2026-01-21
T583425,2026-01,338225.0,202935.0,0.0,2026-02-21
T583425,2026-02,529186.0,317512.0,0.0,2026-03-22
T412247,2024-10,254121.0,152473.0,0.0,2024-11-15
T412247,2024-11,312445.0,187467.0,0.0,2024-12-16
T412247,2024-12,298734.0,179241.0,0.0,2025-01-18
T412247,2025-01,238680.0,143208.0,0.0,2025-02-07
T412247,2025-02,29838258.0,17609048.0,1587281.0,2025-03-09
T412247,2025-03,370734.0,222440.0,0.0,2025-04-13
T412247,2025-04,520104.0,312063.0,0.0,2025-05-22
T412247,2025-05,161994.0,97196.0,0.0,2025-06-16
T412247,2025-06,32506619.0,19183781.0,1756991.0,2025-07-18
T412247,2025-07,452680.0,271608.0,0.0,2025-08-14
T412247,2025-08,579482.0,347689.0,0.0,2025-09-07
T412247,2025-09,144016595.0,84991392.0,10164010.0,2025-10-08
T412247,2025-10,26593856.0,15694364.0,1380197.0,2025-11-22
T412247,2025-11,361775.0,217065.0,0.0,2025-12-13
T412247,2025-12,488908.0,293345.0,0.0,2026-01-06
T412247,2026-01,513566.0,308140.0,0.0,2026-02-23
T412247,2026-02,511909.0,307145.0,0.0,2026-03-21
T412247,2026-03,367776.0,220665.0,0.0,2026-04-19
T412247,2026-04,529964.0,317978.0,0.0,2026-05-10
T412247,2026-05,485323.0,291194.0,0.0,2026-06-24
T412247,2026-06,148726.0,89236.0,0.0,2026-07-05
T412247,2026-07,244238.0,146543.0,0.0,2026-08-12
T412247,2026-08,610365.0,366219.0,0.0,2026-09-19
T412247,2026-09,259528.0,155717.0,0.0,2026-10-18
T287166,2024-10,318862.0,191317.0,0.0,2024-11-20
T287166,2024-11,350826.0,210496.0,0.0,2024-12-06
T287166,2024-12,590529.0,354317.0,0.0,2025-01-19
T287166,2025-01,685144.0,411086.0,0.0,2025-02-07
T287166,2025-02,422310.0,253386.0,0.0,2025-03-06
T287166,2025-03,359422.0,215653.0,0.0,2025-04-17
T287166,2025-04,6809943.0,4886960.0,495822.0,2025-05-07
T287166,2025-05,190874.0,114524.0,0.0,2025-06-22
T287166,2025-06,544741.0,326845.0,0.0,2025-07-21
T287166,2025-07,355198.0,213119.0,0.0,2025-08-14
T287166,2025-08,1573965.0,944379.0,0.0,2025-09-05
T287166,2025-09,809306.0,485584.0,0.0,2025-10-05
T287166,2025-10,420760.0,252456.0,0.0,2025-11-21
T287166,2025-11,448947.0,269368.0,0.0,2025-12-24
T287166,2025-12,499115.0,299469.0,0.0,2026-01-19
T287166,2026-01,412418.0,247451.0,0.0,2026-02-11
T287166,2026-02,6225225.0,4467353.0,430607.0,2026-03-16
T648031,2024-10,290474.0,174284.0,0.0,2024-11-07
T648031,2024-11,425546.0,255328.0,0.0,2024-12-05
T648031,2024-12,1062630.0,637578.0,0.0,2025-01-23
T648031,2025-01,1176092.0,705655.0,0.0,2025-02-12
T648031,2025-02,767462.0,460477.0,0.0,2025-03-11
T648031,2025-03,587550.0,352530.0,0.0,2025-04-23
T648031,2025-04,568709.0,341226.0,0.0,2025-05-22
T648031,2025-05,232212.0,139327.0,0.0,2025-06-20
T648031,2025-06,345638.0,207383.0,0.0,2025-07-08
T648031,2025-07,273749.0,164249.0,0.0,2025-08-24
T648031,2025-08,2685875.0,1676167.0,189570.0,2025-09-08
T648031,2025-09,556436.0,333862.0,0.0,2025-10-14
T648031,2025-10,745605.0,447363.0,0.0,2025-11-20
T648031,2025-11,22680498.0,14154160.0,1497101.0,2025-12-19
T648031,2025-12,205271.0,123163.0,0.0,2026-01-05
T648031,2026-01,118251.0,70950.0,0.0,2026-02-16
T648031,2026-02,145188.0,87113.0,0.0,2026-03-07
T427400,2024-10,835120.0,501072.0,0.0,2024-11-21
T427400,2024-11,340037.0,204022.0,0.0,2024-12-06
T427400,2024-12,385511.0,231307.0,0.0,2025-01-19
T427400,2025-01,409017.0,245410.0,0.0,2025-02-14
T427400,2025-02,498178.0,298907.0,0.0,2025-03-15
T427400,2025-03,567615.0,340569.0,0.0,2025-04-15
T427400,2025-04,330915.0,198549.0,0.0,2025-05-13
T427400,2025-05,695966.0,417580.0,0.0,2025-06-21
T427400,2025-06,889089.0,533454.0,0.0,2025-07-12
T427400,2025-07,450362.0,270217.0,0.0,2025-08-09
T427400,2025-08,415142.0,249085.0,0.0,2025-09-20
T427400,2025-09,247498.0,148499.0,0.0,2025-10-23
T427400,2025-10,588003.0,352802.0,0.0,2025-11-16
T427400,2025-11,616408.0,369845.0,0.0,2025-12-16
T427400,2025-12,216841.0,130104.0,0.0,2026-01-16
T427400,2026-01,300447.0,180268.0,0.0,2026-02-05
T427400,2026-02,281683.0,169010.0,0.0,2026-03-19
T427400,2026-03,550837.0,330502.0,0.0,2026-04-21
T427400,2026-04,349443.0,209666.0,0.0,2026-05-22
T427400,2026-05,157248.0,94349.0,0.0,2026-06-10
T427400,2026-06,740195.0,444117.0,0.0,2026-07-10
T427400,2026-07,290217.0,174130.0,0.0,2026-08-20
T427400,2026-08,558564.0,335138.0,0.0,2026-09-24
T427400,2026-09,353579.0,212147.0,0.0,2026-10-05
T913347,2024-10,35028727.0,20133107.0,2170899.0,2024-11-21
T913347,2024-11,653135.0,391881.0,0.0,2024-12-22
T913347,2024-12,18193656.0,10456984.0,1006852.0,2025-01-09
T913347,2025-01,180454.0,108272.0,0.0,2025-02-11
T913347,2025-02,14658197.0,8424944.0,811894.0,2025-03-06
T913347,2025-03,47961461.0,27566323.0,2991731.0,2025-04-20
T913347,2025-04,16449999.0,9454799.0,1015431.0,2025-05-20
T913347,2025-05,28990918.0,16662817.0,1855027.0,2025-06-12
T913347,2025-06,1372395.0,823437.0,0.0,2025-07-18
T913347,2025-07,54353933.0,31240460.0,3280737.0,2025-08-09
T913347,2025-08,330595.0,198357.0,0.0,2025-09-08
T913347,2025-09,12600638.0,7242341.0,823826.0,2025-10-11
T913347,2025-10,33752078.0,19399340.0,2081239.0,2025-11-13
T913347,2025-11,13402546.0,7703246.0,724009.0,2025-12-08
T913347,2025-12,363925.0,218355.0,0.0,2026-01-05
T913347,2026-01,338516.0,203110.0,0.0,2026-02-14
T913347,2026-02,30609723.0,17593241.0,1852784.0,2026-03-10
T913347,2026-03,1505219.0,865140.0,96605.0,2026-04-13
T913347,2026-04,2794564.0,1606203.0,177485.0,2026-05-15
T913347,2026-05,606810.0,364086.0,0.0,2026-06-20
T913347,2026-06,20071551.0,11536322.0,1291348.0,2026-07-21
T913347,2026-07,21277893.0,12229679.0,1375630.0,2026-08-08
T913347,2026-08,8545756.0,4911758.0,556024.0,2026-09-06
T913347,2026-09,9528867.0,5476810.0,598465.0,2026-10-23
T657299,2024-10,3669226.0,6788069.0,619272.0,2024-11-16
T657299,2024-11,3646736.0,6746461.0,605147.0,2024-12-22
T657299,2024-12,20996713.0,38843919.0,3406365.0,2025-01-05
T657299,2025-01,0.0,348203.0,0.0,2025-02-05
T657299,2025-02,630732.0,1166855.0,112386.0,2025-03-21
T657299,2025-03,0.0,110954.0,0.0,2025-04-24
T657299,2025-04,2512334.0,4647818.0,412805.0,2025-05-07
T657299,2025-05,0.0,173339.0,0.0,2025-06-10
T657299,2025-06,0.0,131776.0,0.0,2025-07-15
T657299,2025-07,0.0,124500.0,0.0,2025-08-24
T657299,2025-08,0.0,168777.0,0.0,2025-09-15
T657299,2025-09,10331528.0,19113327.0,1737606.0,2025-10-19
T657299,2025-10,1277562.0,2363489.0,215183.0,2025-11-13
T657299,2025-11,0.0,139010.0,0.0,2025-12-06
T657299,2025-12,16606811.0,30722600.0,2799749.0,2026-01-08
T657299,2026-01,677753.0,1253844.0,121067.0,2026-02-12
T657299,2026-02,0.0,126199.0,0.0,2026-03-13
T657299,2026-03,18641111.0,34486056.0,3109259.0,2026-04-14
T657299,2026-04,2649935.0,4902379.0,475366.0,2026-05-17
T657299,2026-05,0.0,172174.0,0.0,2026-06-07
T657299,2026-06,6300035.0,11655065.0,1064930.0,2026-07-17
T657299,2026-07,0.0,116354.0,0.0,2026-08-08
T657299,2026-08,7312361.0,13527868.0,1197519.0,2026-09-23
T657299,2026-09,12132110.0,22444403.0,2049261.0,2026-10-07
T1125,2024-10,571405.0,342843.0,0.0,2024-11-15
T1125,2024-11,611214.0,366728.0,0.0,2024-12-05
T1125,2024-12,5877449.0,3672184.0,360939.0,2025-01-16
T1125,2025-01,761501.0,456901.0,0.0,2025-02-16
T1125,2025-02,1733009.0,1082771.0,104242.0,2025-03-13
T1125,2025-03,312994.0,187796.0,0.0,2025-04-18
T1125,2025-04,608933.0,365360.0,0.0,2025-05-18
T1125,2025-05,409481.0,245688.0,0.0,2025-06-22
T1125,2025-06,350500.0,210300.0,0.0,2025-07-18
T1125,2025-07,764625.0,458775.0,0.0,2025-08-07
T1125,2025-08,172640.0,103584.0,0.0,2025-09-11
T1125,2025-09,8006959.0,5002686.0,481918.0,2025-10-06
T1125,2025-10,450903.0,270542.0,0.0,2025-11-22
T1125,2025-11,168633.0,101180.0,0.0,2025-12-15
T1125,2025-12,19652534.0,12278751.0,1237020.0,2026-01-07
T1125,2026-01,285797.0,171478.0,0.0,2026-02-07
T1125,2026-02,1171957.0,703174.0,0.0,2026-03-09
T1005,2024-10,410534.0,246320.0,0.0,2024-11-22
T1005,2024-11,600519.0,360312.0,0.0,2024-12-13
T1005,2024-12,298578.0,179147.0,0.0,2025-01-19
T1005,2025-01,1116434.0,669861.0,0.0,2025-02-13
T1005,2025-02,467780.0,280668.0,0.0,2025-03-19
T1005,2025-03,405174.0,243105.0,0.0,2025-04-09
T1005,2025-04,232450.0,139470.0,0.0,2025-05-16
T1005,2025-05,403529.0,242117.0,0.0,2025-06-06
T1005,2025-06,825644.0,495386.0,0.0,2025-07-16
T1005,2025-07,3002105.0,2018934.0,214828.0,2025-08-17
T1005,2025-08,674137.0,404482.0,0.0,2025-09-17
T1005,2025-09,483519.0,290111.0,0.0,2025-10-12
T1005,2025-10,543981.0,326389.0,0.0,2025-11-11
T1005,2025-11,229577.0,137746.0,0.0,2025-12-11
T1005,2025-12,610240.0,366144.0,0.0,2026-01-14
T1005,2026-01,919315.0,551589.0,0.0,2026-02-17
T1005,2026-02,366453.0,219872.0,0.0,2026-03-23
T1005,2026-03,1272973.0,763784.0,0.0,2026-04-20
T1005,2026-04,521232.0,312739.0,0.0,2026-05-12
T1005,2026-05,315479.0,189287.0,0.0,2026-06-23
T1005,2026-06,230376.0,138226.0,0.0,2026-07-06
T1005,2026-07,346497.0,207898.0,0.0,2026-08-18
T1005,2026-08,268023.0,160814.0,0.0,2026-09-22
T1005,2026-09,473745.0,284247.0,0.0,2026-10-21
T449219,2024-10,410200.0,509679.0,55111.0,2024-11-07
T449219,2024-11,1516619.0,2690582.0,273868.0,2024-12-23
T449219,2024-12,3355793.0,4689912.0,454775.0,2025-01-20
T449219,2025-01,0.0,369825.0,0.0,2025-02-09
T449219,2025-02,5375265.0,10116337.0,1032310.0,2025-03-15
T449219,2025-03,1808017.0,2870446.0,285095.0,2025-04-24
T449219,2025-04,7524406.0,10157188.0,1010802.0,2025-05-16
T449219,2025-05,0.0,229482.0,0.0,2025-06-09
T449219,2025-06,2100469.0,2741838.0,277551.0,2025-07-07
T449219,2025-07,0.0,339628.0,0.0,2025-08-16
T449219,2025-08,22245131.0,35705844.0,3134470.0,2025-09-14
T449219,2025-09,0.0,331534.0,0.0,2025-10-20
T449219,2025-10,170373.0,264723.0,29133.0,2025-11-12
T449219,2025-11,0.0,87909.0,0.0,2025-12-12
T449219,2025-12,0.0,388163.0,0.0,2026-01-18
T449219,2026-01,0.0,214714.0,0.0,2026-02-13
T449219,2026-02,4686018.0,8692447.0,837655.0,2026-03-08
T449219,2026-03,0.0,140962.0,0.0,2026-04-24
T449219,2026-04,0.0,420441.0,0.0,2026-05-05
T449219,2026-05,0.0,119369.0,0.0,2026-06-11
T449219,2026-06,0.0,186073.0,0.0,2026-07-22
T449219,2026-07,0.0,201660.0,0.0,2026-08-12
T449219,2026-08,0.0,317468.0,0.0,2026-09-06
T449219,2026-09,0.0,412612.0,0.0,2026-10-17
T1028,2024-10,0.0,173101.0,0.0,2024-11-14
T1028,2024-11,0.0,470091.0,0.0,2024-12-19
T1028,2024-12,5853886.0,7362200.0,754081.0,2025-01-15
T1028,2025-01,0.0,429367.0,0.0,2025-02-05
T1028,2025-02,0.0,93304.0,0.0,2025-03-23
T1028,2025-03,0.0,510961.0,0.0,2025-04-07
T1028,2025-04,0.0,261272.0,0.0,2025-05-17
T1028,2025-05,0.0,205987.0,0.0,2025-06-15
T1028,2025-06,0.0,230325.0,0.0,2025-07-19
T1028,2025-07,0.0,414468.0,0.0,2025-08-14
T1028,2025-08,0.0,151512.0,0.0,2025-09-06
T1028,2025-09,0.0,327850.0,0.0,2025-10-21
T1028,2025-10,0.0,303108.0,0.0,2025-11-12
T1028,2025-11,0.0,391994.0,0.0,2025-12-11
T1028,2025-12,0.0,219805.0,0.0,2026-01-08
T1028,2026-01,0.0,310594.0,0.0,2026-02-22
T1028,2026-02,0.0,211094.0,0.0,2026-03-20
T1028,2026-03,0.0,276857.0,0.0,2026-04-16
T1028,2026-04,0.0,265969.0,0.0,2026-05-24
T1028,2026-05,1271978.0,1650156.0,174902.0,2026-06-05
T1028,2026-06,0.0,234752.0,0.0,2026-07-12
T1028,2026-07,0.0,329279.0,0.0,2026-08-13
T1028,2026-08,3484264.0,4689921.0,504004.0,2026-09-18
T1028,2026-09,2303990.0,4515294.0,500087.0,2026-10-16
T1110,2024-10,0.0,562366.0,0.0,2024-11-19
T1110,2024-11,1235661.0,2346933.0,233016.0,2024-12-21
T1110,2024-12,0.0,471708.0,0.0,2025-01-14
T1110,2025-01,0.0,204923.0,0.0,2025-02-23
T1110,2025-02,2102177.0,3714755.0,374068.0,2025-03-10
T1110,2025-03,0.0,458948.0,0.0,2025-04-07
T1110,2025-04,0.0,304023.0,0.0,2025-05-10
T1110,2025-05,0.0,86336.0,0.0,2025-06-12
T1110,2025-06,0.0,251056.0,0.0,2025-07-11
T1110,2025-07,0.0,248781.0,0.0,2025-08-08
T1110,2025-08,0.0,231047.0,0.0,2025-09-22
T1110,2025-09,0.0,152987.0,0.0,2025-10-05
T1110,2025-10,0.0,158112.0,0.0,2025-11-18
T1110,2025-11,0.0,192324.0,0.0,2025-12-15
T1110,2025-12,0.0,109977.0,0.0,2026-01-06
T1110,2026-01,2088712.0,2606355.0,281776.0,2026-02-12
T1110,2026-02,0.0,381671.0,0.0,2026-03-18
T1110,2026-03,0.0,391710.0,0.0,2026-04-19
T1110,2026-04,1174046.0,2110814.0,203627.0,2026-05-12
T1110,2026-05,0.0,297229.0,0.0,2026-06-22
T1110,2026-06,4810005.0,6894696.0,696522.0,2026-07-07
T1110,2026-07,0.0,989131.0,0.0,2026-08-23
T1110,2026-08,0.0,430847.0,0.0,2026-09-16
T1110,2026-09,3223602.0,4166291.0,421067.0,2026-10-07
T889187,2024-10,869722.0,521833.0,0.0,2024-11-11
T889187,2024-11,509150.0,305490.0,0.0,2024-12-22
T889187,2024-12,234135.0,140481.0,0.0,2025-01-15
T889187,2025-01,520969.0,312582.0,0.0,2025-02-05
T889187,2025-02,329766.0,197860.0,0.0,2025-03-20
T889187,2025-03,307924.0,184755.0,0.0,2025-04-21
T889187,2025-04,501261.0,300757.0,0.0,2025-05-12
T889187,2025-05,251454.0,150873.0,0.0,2025-06-14
T889187,2025-06,989180.0,593508.0,0.0,2025-07-24
T889187,2025-07,472466.0,283480.0,0.0,2025-08-17
T889187,2025-08,437772.0,262663.0,0.0,2025-09-22
T889187,2025-09,493269.0,295961.0,0.0,2025-10-23
T889187,2025-10,439698.0,263819.0,0.0,2025-11-13
T889187,2025-11,738763.0,443258.0,0.0,2025-12-11
T889187,2025-12,393104.0,235863.0,0.0,2026-01-05
T889187,2026-01,98413.0,59048.0,0.0,2026-02-21
T889187,2026-02,1207642.0,724585.0,0.0,2026-03-17
T889187,2026-03,399572.0,239743.0,0.0,2026-04-23
T889187,2026-04,514278.0,308567.0,0.0,2026-05-12
T889187,2026-05,530924.0,318554.0,0.0,2026-06-19
T889187,2026-06,933227.0,559936.0,0.0,2026-07-19
T889187,2026-07,150032.0,90019.0,0.0,2026-08-08
T889187,2026-08,437031.0,262219.0,0.0,2026-09-23
T889187,2026-09,1581122.0,948673.0,0.0,2026-10-20
T1057,2024-10,408901.0,245341.0,0.0,2024-11-24
T1057,2024-11,635561.0,381336.0,0.0,2024-12-17
T1057,2024-12,279027.0,167416.0,0.0,2025-01-21
T1057,2025-01,467919.0,280751.0,0.0,2025-02-05
T1057,2025-02,122203.0,73322.0,0.0,2025-03-14
T1057,2025-03,407879.0,244727.0,0.0,2025-04-19
T1057,2025-04,697332.0,418399.0,0.0,2025-05-14
T1057,2025-05,783751.0,470251.0,0.0,2025-06-12
T1057,2025-06,861762.0,517057.0,0.0,2025-07-06
T1057,2025-07,274733.0,164840.0,0.0,2025-08-22
T1057,2025-08,757436.0,454462.0,0.0,2025-09-17
T1057,2025-09,516722.0,310033.0,0.0,2025-10-08
T1057,2025-10,538267.0,322960.0,0.0,2025-11-12
T1057,2025-11,158512.0,95107.0,0.0,2025-12-12
T1057,2025-12,258807.0,155284.0,0.0,2026-01-10
T1057,2026-01,370317.0,222190.0,0.0,2026-02-20
T1057,2026-02,974119.0,584471.0,0.0,2026-03-09
T1057,2026-03,950370.0,570222.0,0.0,2026-04-14
T1057,2026-04,379587.0,227752.0,0.0,2026-05-09
T1057,2026-05,417395.0,250437.0,0.0,2026-06-21
T1057,2026-06,610592.0,366355.0,0.0,2026-07-12
T1057,2026-07,182520.0,109512.0,0.0,2026-08-12
T1057,2026-08,480227.0,288136.0,0.0,2026-09-06
T1057,2026-09,370989.0,222593.0,0.0,2026-10-05
T617933,2024-10,0.0,293364.0,0.0,2024-11-21
T617933,2024-11,0.0,349159.0,0.0,2024-12-18
T617933,2024-12,0.0,254280.0,0.0,2025-01-09
T617933,2025-01,0.0,189747.0,0.0,2025-02-08
T617933,2025-02,0.0,365326.0,0.0,2025-03-08
T617933,2025-03,0.0,184607.0,0.0,2025-04-13
T617933,2025-04,0.0,215834.0,0.0,2025-05-21
T617933,2025-05,0.0,169556.0,0.0,2025-06-11
T617933,2025-06,0.0,545691.0,0.0,2025-07-17
T617933,2025-07,0.0,356364.0,0.0,2025-08-08
T617933,2025-08,0.0,118117.0,0.0,2025-09-19
T617933,2025-09,0.0,449700.0,0.0,2025-10-23
T617933,2025-10,5620816.0,7999121.0,728165.0,2025-11-19
T617933,2025-11,0.0,125591.0,0.0,2025-12-18
T617933,2025-12,3068747.0,3933008.0,364940.0,2026-01-11
T617933,2026-01,0.0,401920.0,0.0,2026-02-22
T617933,2026-02,0.0,156946.0,0.0,2026-03-14
T617933,2026-03,0.0,245040.0,0.0,2026-04-19
T617933,2026-04,0.0,876488.0,0.0,2026-05-06
T617933,2026-05,0.0,180259.0,0.0,2026-06-14
T617933,2026-06,0.0,352474.0,0.0,2026-07-23
T617933,2026-07,0.0,146139.0,0.0,2026-08-18
T617933,2026-08,0.0,246421.0,0.0,2026-09-15
T617933,2026-09,0.0,233357.0,0.0,2026-10-23
T1143,2024-10,730787.0,438472.0,0.0,2024-11-18
T1143,2024-11,723070.0,433842.0,0.0,2024-12-07
T1143,2024-12,189021.0,113412.0,0.0,2025-01-20
T1143,2025-01,161255.0,96753.0,0.0,2025-02-24
T1143,2025-02,703074.0,421845.0,0.0,2025-03-13
T1143,2025-03,711036.0,426622.0,0.0,2025-04-09
T1143,2025-04,509163.0,305498.0,0.0,2025-05-24
T1143,2025-05,410089.0,246053.0,0.0,2025-06-07
T1143,2025-06,465793.0,279476.0,0.0,2025-07-21
T1143,2025-07,673211.0,403927.0,0.0,2025-08-12
T1143,2025-08,525718.0,315431.0,0.0,2025-09-16
T1143,2025-09,385485.0,231291.0,0.0,2025-10-23
T1143,2025-10,466334.0,279800.0,0.0,2025-11-17
T1143,2025-11,257774.0,154664.0,0.0,2025-12-24
T1143,2025-12,288946.0,173368.0,0.0,2026-01-19
T1143,2026-01,237392.0,142435.0,0.0,2026-02-05
T1143,2026-02,619615.0,371769.0,0.0,2026-03-24
T1143,2026-03,252624.0,151575.0,0.0,2026-04-08
T1143,2026-04,569201.0,341521.0,0.0,2026-05-20
T1143,2026-05,446378.0,267827.0,0.0,2026-06-24
T1143,2026-06,447394.0,268436.0,0.0,2026-07-11
T1143,2026-07,696922.0,418153.0,0.0,2026-08-09
T1143,2026-08,212787.0,127672.0,0.0,2026-09-19
T1143,2026-09,508427.0,305056.0,0.0,2026-10-12
T1023,2024-10,155715.0,93429.0,0.0,2024-11-17
T1023,2024-11,422294.0,253377.0,0.0,2024-12-23
T1023,2024-12,431124.0,258675.0,0.0,2025-01-16
T1023,2025-01,516604.0,309962.0,0.0,2025-02-10
T1023,2025-02,325257.0,195154.0,0.0,2025-03-21
T1023,2025-03,311003.0,186602.0,0.0,2025-04-07
T1023,2025-04,422833.0,253700.0,0.0,2025-05-21
T1023,2025-05,707233.0,424340.0,0.0,2025-06-11
T1023,2025-06,154961.0,92977.0,0.0,2025-07-06
T1023,2025-07,981634.0,588981.0,0.0,2025-08-20
T1023,2025-08,314423.0,188654.0,0.0,2025-09-19
T1023,2025-09,447104.0,268262.0,0.0,2025-10-07
T1023,2025-10,692439.0,415463.0,0.0,2025-11-14
T1023,2025-11,182130.0,109278.0,0.0,2025-12-07
T1023,2025-12,269129.0,161477.0,0.0,2026-01-14
T1023,2026-01,297897.0,178738.0,0.0,2026-02-07
T1023,2026-02,470822.0,282493.0,0.0,2026-03-21
T1023,2026-03,638022.0,382813.0,0.0,2026-04-24
T1023,2026-04,896211.0,537726.0,0.0,2026-05-24
T1023,2026-05,334228.0,200537.0,0.0,2026-06-20
T1023,2026-06,1071444.0,642866.0,0.0,2026-07-13
T1023,2026-07,228502.0,137101.0,0.0,2026-08-07
T1023,2026-08,478456.0,287074.0,0.0,2026-09-22
T1023,2026-09,1331235.0,798741.0,0.0,2026-10-22
T606037,2024-10,47512622.0,56203432.0,5508572.0,2024-11-14
T606037,2024-11,0.0,216990.0,0.0,2024-12-10
T606037,2024-12,0.0,296117.0,0.0,2025-01-06
T606037,2025-01,50985856.0,83181092.0,7722225.0,2025-02-22
T606037,2025-02,61967307.0,88090105.0,7905111.0,2025-03-05
T606037,2025-03,0.0,199050.0,0.0,2025-04-07
T606037,2025-04,0.0,260797.0,0.0,2025-05-20
T606037,2025-05,0.0,633838.0,0.0,2025-06-07
T606037,2025-06,0.0,167528.0,0.0,2025-07-18
T606037,2025-07,0.0,176282.0,0.0,2025-08-15
T606037,2025-08,37424106.0,45519952.0,4182273.0,2025-09-20
T606037,2025-09,0.0,121942.0,0.0,2025-10-13
T606037,2025-10,0.0,175320.0,0.0,2025-11-22
T606037,2025-11,31438142.0,41963269.0,3881838.0,2025-12-12
T606037,2025-12,32005328.0,63214438.0,5721238.0,2026-01-10
T606037,2026-01,0.0,224931.0,0.0,2026-02-20
T606037,2026-02,39746065.0,60749576.0,5775143.0,2026-03-24
T606037,2026-03,0.0,198152.0,0.0,2026-04-16
T606037,2026-04,0.0,271233.0,0.0,2026-05-16
T606037,2026-05,0.0,128941.0,0.0,2026-06-17
T606037,2026-06,13228429.0,19947797.0,1768828.0,2026-07-13
T606037,2026-07,0.0,318342.0,0.0,2026-08-17
T606037,2026-08,14710574.0,23985627.0,2215540.0,2026-09-20
T606037,2026-09,0.0,152556.0,0.0,2026-10-12
T950477,2024-10,34438797.0,20155882.0,2295925.0,2024-11-16
T950477,2024-11,33296954.0,19487599.0,2185767.0,2024-12-10
T950477,2024-12,5486936.0,3211321.0,352916.0,2025-01-18
T950477,2025-01,12019329.0,7034513.0,677547.0,2025-02-20
T950477,2025-02,35082865.0,20532834.0,2115149.0,2025-03-08
T950477,2025-03,14506215.0,8490005.0,958161.0,2025-04-07
T950477,2025-04,33191628.0,19425956.0,2021043.0,2025-05-07
T950477,2025-05,34898495.0,20424928.0,2289414.0,2025-06-08
T950477,2025-06,33388038.0,19540908.0,1969524.0,2025-07-05
T950477,2025-07,49996244.0,29261138.0,3183863.0,2025-08-07
T950477,2025-08,17754743.0,10391260.0,1154459.0,2025-09-15
T950477,2025-09,29730495.0,17400270.0,1807832.0,2025-10-15
T950477,2025-10,373084.0,223850.0,0.0,2025-11-12
T950477,2025-11,372710.0,223626.0,0.0,2025-12-14
T950477,2025-12,17070733.0,9990932.0,1079538.0,2026-01-07
T950477,2026-01,14491184.0,8481208.0,873298.0,2026-02-22
T950477,2026-02,62126774.0,36360734.0,3723794.0,2026-03-15
T950477,2026-03,4803234.0,2811173.0,251694.0,2026-04-24
T950477,2026-04,336360.0,201816.0,0.0,2026-05-14
T950477,2026-05,41579270.0,24334963.0,2402929.0,2026-06-10
T950477,2026-06,57936901.0,33908540.0,3223300.0,2026-07-07
T950477,2026-07,12053639.0,7054594.0,686076.0,2026-08-20
T950477,2026-08,360987.0,216592.0,0.0,2026-09-10
T950477,2026-09,12816393.0,7501008.0,668985.0,2026-10-19
T238636,2024-10,437820.0,6074748.0,566127.0,2024-11-09
T238636,2024-11,0.0,232427.0,0.0,2024-12-20
T238636,2024-12,0.0,130005.0,0.0,2025-01-16
T238636,2025-01,0.0,140423.0,0.0,2025-02-14
T238636,2025-02,60647.0,841477.0,89541.0,2025-03-21
T238636,2025-03,292832.0,4063046.0,364799.0,2025-04-23
T238636,2025-04,0.0,117420.0,0.0,2025-05-12
T238636,2025-05,0.0,338607.0,0.0,2025-06-18
T238636,2025-06,0.0,363684.0,0.0,2025-07-07
T238636,2025-07,0.0,154010.0,0.0,2025-08-12
T238636,2025-08,0.0,183477.0,0.0,2025-09-12
T238636,2025-09,0.0,292224.0,0.0,2025-10-15
T238636,2025-10,0.0,212045.0,0.0,2025-11-14
T238636,2025-11,0.0,317672.0,0.0,2025-12-22
T238636,2025-12,0.0,98083.0,0.0,2026-01-10
T238636,2026-01,0.0,473745.0,0.0,2026-02-11
T238636,2026-02,607916.0,8434829.0,787184.0,2026-03-16
T238636,2026-03,0.0,283729.0,0.0,2026-04-22
T238636,2026-04,0.0,192909.0,0.0,2026-05-22
T238636,2026-05,0.0,108209.0,0.0,2026-06-24
T238636,2026-06,0.0,388962.0,0.0,2026-07-10
T238636,2026-07,0.0,136078.0,0.0,2026-08-16
T238636,2026-08,0.0,287592.0,0.0,2026-09-10
T238636,2026-09,0.0,354379.0,0.0,2026-10-08
T918604,2024-10,522658.0,313595.0,0.0,2024-11-11
T918604,2024-11,355951.0,213571.0,0.0,2024-12-11
T918604,2024-12,314381.0,188628.0,0.0,2025-01-19
T918604,2025-01,313478.0,188087.0,0.0,2025-02-07
T918604,2025-02,489289.0,293573.0,0.0,2025-03-08
T918604,2025-03,238297.0,142978.0,0.0,2025-04-19
T918604,2025-04,440017.0,264010.0,0.0,2025-05-22
T918604,2025-05,208644.0,125187.0,0.0,2025-06-10
T918604,2025-06,319862.0,191917.0,0.0,2025-07-15
T918604,2025-07,407723.0,244634.0,0.0,2025-08-21
T918604,2025-08,653467.0,392080.0,0.0,2025-09-08
T918604,2025-09,740645.0,444387.0,0.0,2025-10-05
T918604,2025-10,230769.0,138461.0,0.0,2025-11-05
T918604,2025-11,534134.0,320481.0,0.0,2025-12-19
T918604,2025-12,437230.0,262338.0,0.0,2026-01-21
T918604,2026-01,599312.0,359587.0,0.0,2026-02-09
T918604,2026-02,4061243.0,2631201.0,240199.0,2026-03-18
T918604,2026-03,439736.0,263842.0,0.0,2026-04-18
T918604,2026-04,497163.0,298298.0,0.0,2026-05-07
T918604,2026-05,511052.0,306631.0,0.0,2026-06-15
T918604,2026-06,167175.0,100305.0,0.0,2026-07-14
T918604,2026-07,263027.0,157816.0,0.0,2026-08-08
T918604,2026-08,527537.0,316522.0,0.0,2026-09-15
T918604,2026-09,665774.0,399464.0,0.0,2026-10-18
T195860,2024-10,446626.0,267976.0,0.0,2024-11-08
T195860,2024-11,290524.0,174314.0,0.0,2024-12-08
T195860,2024-12,268054.0,160832.0,0.0,2025-01-15
T195860,2025-01,650494.0,390296.0,0.0,2025-02-21
T195860,2025-02,14398661.0,9289316.0,853250.0,2025-03-06
T195860,2025-03,293916.0,176349.0,0.0,2025-04-15
T195860,2025-04,266643.0,159986.0,0.0,2025-05-09
T195860,2025-05,877794.0,526676.0,0.0,2025-06-16
T195860,2025-06,209603.0,125762.0,0.0,2025-07-11
T195860,2025-07,573102.0,343861.0,0.0,2025-08-22
T195860,2025-08,970735.0,582441.0,0.0,2025-09-15
T195860,2025-09,1445752.0,932729.0,87721.0,2025-10-12
T195860,2025-10,323271.0,193963.0,0.0,2025-11-19
T195860,2025-11,152284.0,91370.0,0.0,2025-12-06
T195860,2025-12,582290.0,349374.0,0.0,2026-01-21
T195860,2026-01,348155.0,208893.0,0.0,2026-02-09
T195860,2026-02,250622.0,150373.0,0.0,2026-03-08
T195860,2026-03,953874.0,572324.0,0.0,2026-04-24
T195860,2026-04,470285.0,282171.0,0.0,2026-05-24
T195860,2026-05,217048.0,130229.0,0.0,2026-06-10
T195860,2026-06,632683.0,379610.0,0.0,2026-07-12
T195860,2026-07,581480.0,348888.0,0.0,2026-08-18
T195860,2026-08,896645.0,537987.0,0.0,2026-09-18
T195860,2026-09,495756.0,297454.0,0.0,2026-10-06
T240694,2024-10,535354.0,321213.0,0.0,2024-11-15
T240694,2024-11,287955.0,172773.0,0.0,2024-12-09
T240694,2024-12,417725.0,250635.0,0.0,2025-01-05
T240694,2025-01,219412.0,131647.0,0.0,2025-02-13
T240694,2025-02,593751.0,356250.0,0.0,2025-03-20
T240694,2025-03,333874.0,200325.0,0.0,2025-04-24
T240694,2025-04,421257.0,252754.0,0.0,2025-05-08
T240694,2025-05,550792.0,330475.0,0.0,2025-06-22
T240694,2025-06,489690.0,293814.0,0.0,2025-07-18
T240694,2025-07,155572.0,93343.0,0.0,2025-08-12
T240694,2025-08,377025.0,226215.0,0.0,2025-09-10
T240694,2025-09,161648.0,96989.0,0.0,2025-10-12
T240694,2025-10,528471.0,317083.0,0.0,2025-11-19
T240694,2025-11,500316.0,300190.0,0.0,2025-12-24
T240694,2025-12,272695.0,163617.0,0.0,2026-01-10
T240694,2026-01,375536.0,225321.0,0.0,2026-02-10
T240694,2026-02,297923.0,178754.0,0.0,2026-03-14
T240694,2026-03,274650.0,164790.0,0.0,2026-04-16
T240694,2026-04,313956.0,188374.0,0.0,2026-05-10
T240694,2026-05,527012.0,316207.0,0.0,2026-06-24
T240694,2026-06,321935.0,193161.0,0.0,2026-07-09
T240694,2026-07,167128.0,100277.0,0.0,2026-08-08
T240694,2026-08,575048.0,345029.0,0.0,2026-09-05
T240694,2026-09,245721.0,147433.0,0.0,2026-10-24
T1160,2024-10,721364.0,432819.0,0.0,2024-11-05
T1160,2024-11,392581.0,235548.0,0.0,2024-12-10
T1160,2024-12,164174.0,98504.0,0.0,2025-01-16
T1160,2025-01,323268.0,193961.0,0.0,2025-02-09
T1160,2025-02,509717.0,305830.0,0.0,2025-03-05
T1160,2025-03,498289.0,298973.0,0.0,2025-04-14
T1160,2025-04,575176.0,345105.0,0.0,2025-05-08
T1160,2025-05,478876.0,287325.0,0.0,2025-06-08
T1160,2025-06,189220.0,113532.0,0.0,2025-07-13
T1160,2025-07,355570.0,213342.0,0.0,2025-08-09
T1160,2025-08,205566.0,123340.0,0.0,2025-09-23
T1160,2025-09,479943.0,287966.0,0.0,2025-10-11
T1160,2025-10,378050.0,226830.0,0.0,2025-11-18
T1160,2025-11,1067976.0,640785.0,0.0,2025-12-09
T1160,2025-12,302935.0,181761.0,0.0,2026-01-16
T1160,2026-01,1065742.0,639445.0,0.0,2026-02-24
T1160,2026-02,417815.0,250689.0,0.0,2026-03-12
T1160,2026-03,833220.0,499932.0,0.0,2026-04-18
T1160,2026-04,147752.0,88651.0,0.0,2026-05-11
T1160,2026-05,416247.0,249748.0,0.0,2026-06-05
T1160,2026-06,467901.0,280740.0,0.0,2026-07-15
T1160,2026-07,795001.0,477000.0,0.0,2026-08-05
T1160,2026-08,299666.0,179799.0,0.0,2026-09-18
T1160,2026-09,462774.0,277664.0,0.0,2026-10-15
T1004,2024-10,303533.0,182120.0,0.0,2024-11-12
T1004,2024-11,403543.0,242126.0,0.0,2024-12-07
T1004,2024-12,251000.0,150600.0,0.0,2025-01-20
T1004,2025-01,641729.0,385037.0,0.0,2025-02-05
T1004,2025-02,1475942.0,871571.0,95225.0,2025-03-05
T1004,2025-03,350692.0,210415.0,0.0,2025-04-20
T1004,2025-04,216945.0,130167.0,0.0,2025-05-21
T1004,2025-05,1548702.0,914537.0,90324.0,2025-06-18
T1004,2025-06,563624.0,338174.0,0.0,2025-07-13
T1004,2025-07,139424.0,83655.0,0.0,2025-08-20
T1004,2025-08,7287965.0,4303677.0,417315.0,2025-09-18
T1004,2025-09,564883.0,338930.0,0.0,2025-10-08
T1004,2025-10,438739.0,263244.0,0.0,2025-11-22
T1004,2025-11,6862511.0,4052438.0,389522.0,2025-12-19
T1004,2025-12,154381.0,92629.0,0.0,2026-01-07
T1004,2026-01,343075.0,205845.0,0.0,2026-02-06
T1004,2026-02,1468432.0,867136.0,87341.0,2026-03-13
T1004,2026-03,259045.0,155427.0,0.0,2026-04-12
T1004,2026-04,325389.0,195233.0,0.0,2026-05-23
T1004,2026-05,2718534.0,1605344.0,160228.0,2026-06-21
T1004,2026-06,4178079.0,2467232.0,279256.0,2026-07-15
T1004,2026-07,640653.0,384392.0,0.0,2026-08-24
T1004,2026-08,286017.0,171610.0,0.0,2026-09-10
T1004,2026-09,475682.0,285409.0,0.0,2026-10-14
T955808,2024-10,47041758.0,32347897.0,3069386.0,2024-11-24
T955808,2024-11,26351626.0,18120489.0,1842005.0,2024-12-07
T955808,2024-12,7126275.0,4900327.0,474337.0,2025-01-10
T955808,2025-01,49246640.0,33864066.0,3248718.0,2025-02-10
T955808,2025-02,4973248.0,3419815.0,303762.0,2025-03-13
T955808,2025-03,304959.0,182976.0,0.0,2025-04-13
T955808,2025-04,4158287.0,2859414.0,298089.0,2025-05-06
T955808,2025-05,33307002.0,22903299.0,2206289.0,2025-06-18
T955808,2025-06,854291.0,512575.0,0.0,2025-07-07
T955808,2025-07,14441655.0,9930691.0,921885.0,2025-08-16
T955808,2025-08,19359501.0,13312409.0,1231514.0,2025-09-06
T955808,2025-09,277375.0,166425.0,0.0,2025-10-06
T955808,2025-10,6116784.0,4206159.0,444744.0,2025-11-24
T955808,2025-11,5689003.0,3911998.0,400701.0,2025-12-06
T955808,2025-12,4075947.0,2802793.0,287908.0,2026-01-19
T955808,2026-01,333505.0,200103.0,0.0,2026-02-05
T955808,2026-02,48020661.0,33021031.0,3055881.0,2026-03-21
T955808,2026-03,9672402.0,6651152.0,640884.0,2026-04-07
T955808,2026-04,527294.0,316376.0,0.0,2026-05-10
T955808,2026-05,37258772.0,25620703.0,2531349.0,2026-06-21
T955808,2026-06,2337159.0,1607129.0,163024.0,2026-07-15
T955808,2026-07,365909.0,219546.0,0.0,2026-08-06
T955808,2026-08,5216381.0,3587003.0,331106.0,2026-09-20
T955808,2026-09,2754027.0,1893785.0,175628.0,2026-10-08
T1090,2024-10,291180.0,174708.0,0.0,2024-11-24
T1090,2024-11,430330.0,258198.0,0.0,2024-12-23
T1090,2024-12,252239.0,151344.0,0.0,2025-01-07
T1090,2025-01,483213.0,289928.0,0.0,2025-02-21
T1090,2025-02,692530.0,415518.0,0.0,2025-03-19
T1090,2025-03,831320.0,498792.0,0.0,2025-04-05
T1090,2025-04,371621.0,222973.0,0.0,2025-05-22
T1090,2025-05,11626098.0,8547464.0,865700.0,2025-06-05
T1090,2025-06,483691.0,290214.0,0.0,2025-07-18
T1090,2025-07,479470.0,287682.0,0.0,2025-08-11
T1090,2025-08,291948.0,175169.0,0.0,2025-09-11
T1090,2025-09,219201.0,131520.0,0.0,2025-10-09
T1090,2025-10,403618.0,242171.0,0.0,2025-11-09
T1090,2025-11,479065.0,287439.0,0.0,2025-12-10
T1090,2025-12,323919.0,194351.0,0.0,2026-01-24
T1090,2026-01,429769.0,257861.0,0.0,2026-02-23
T1090,2026-02,153503.0,92102.0,0.0,2026-03-24
T1090,2026-03,346060.0,207636.0,0.0,2026-04-18
T1090,2026-04,443632.0,266179.0,0.0,2026-05-08
T1090,2026-05,17725616.0,13031807.0,1258635.0,2026-06-21
T1090,2026-06,31490992.0,23152060.0,2321985.0,2026-07-24
T1090,2026-07,409895.0,245937.0,0.0,2026-08-11
T1090,2026-08,673419.0,404051.0,0.0,2026-09-16
T1090,2026-09,245270.0,147162.0,0.0,2026-10-21
T1165,2024-10,484947.0,290968.0,0.0,2024-11-20
T1165,2024-11,490986.0,294592.0,0.0,2024-12-12
T1165,2024-12,501909.0,301146.0,0.0,2025-01-10
T1165,2025-01,322608.0,193565.0,0.0,2025-02-11
T1165,2025-02,143938.0,86363.0,0.0,2025-03-11
T1165,2025-03,5007477.0,3126007.0,346863.0,2025-04-14
T1165,2025-04,331928.0,199157.0,0.0,2025-05-08
T1165,2025-05,2455456.0,1532862.0,153524.0,2025-06-07
T1165,2025-06,490216.0,294130.0,0.0,2025-07-22
T1165,2025-07,244879.0,146927.0,0.0,2025-08-17
T1165,2025-08,199284.0,119570.0,0.0,2025-09-07
T1165,2025-09,296737.0,178042.0,0.0,2025-10-12
T1165,2025-10,220780.0,132468.0,0.0,2025-11-17
T1165,2025-11,509811.0,305886.0,0.0,2025-12-23
T1165,2025-12,2890288.0,1804314.0,166692.0,2026-01-14
T1165,2026-01,303169.0,181901.0,0.0,2026-02-14
T1165,2026-02,418152.0,250891.0,0.0,2026-03-11
T1165,2026-03,378174.0,226904.0,0.0,2026-04-18
T1165,2026-04,397168.0,238301.0,0.0,2026-05-17
T1165,2026-05,337388.0,202433.0,0.0,2026-06-16
T1165,2026-06,246119.0,147672.0,0.0,2026-07-09
T1165,2026-07,21529236.0,13440012.0,1317226.0,2026-08-12
T1165,2026-08,309025.0,185415.0,0.0,2026-09-16
T1165,2026-09,796700.0,478020.0,0.0,2026-10-13
T542851,2024-10,693841.0,416305.0,0.0,2024-11-06
T542851,2024-11,707540.0,424524.0,0.0,2024-12-11
T542851,2024-12,271820.0,163092.0,0.0,2025-01-14
T542851,2025-01,262198.0,157319.0,0.0,2025-02-23
T542851,2025-02,10278243.0,5885094.0,554230.0,2025-03-21
T542851,2025-03,291335.0,174801.0,0.0,2025-04-20
T542851,2025-04,3387308.0,1939497.0,174423.0,2025-05-24
T542851,2025-05,2611527.0,1495303.0,131148.0,2025-06-14
T542851,2025-06,2016815.0,1154783.0,124515.0,2025-07-20
T542851,2025-07,40545828.0,23215641.0,2154166.0,2025-08-17
T542851,2025-08,327824.0,196694.0,0.0,2025-09-21
T542851,2025-09,60304050.0,34528759.0,3197239.0,2025-10-23
T542851,2025-10,1118133.0,670880.0,0.0,2025-11-05
T542851,2025-11,116632.0,69979.0,0.0,2025-12-08
T542851,2025-12,1077493.0,646496.0,0.0,2026-01-13
T542851,2026-01,273762.0,164257.0,0.0,2026-02-15
T542851,2026-02,261459.0,156876.0,0.0,2026-03-17
T542851,2026-03,9072247.0,5194567.0,469514.0,2026-04-14
T542851,2026-04,6256143.0,3582128.0,319116.0,2026-05-16
T542851,2026-05,41071700.0,23516743.0,2091327.0,2026-06-07
T542851,2026-06,300972.0,180583.0,0.0,2026-07-18
T542851,2026-07,5785073.0,3312404.0,366752.0,2026-08-14
T542851,2026-08,1127226.0,676335.0,0.0,2026-09-20
T542851,2026-09,535201.0,321121.0,0.0,2026-10-15
T788791,2024-10,886700.0,532020.0,0.0,2024-11-21
T788791,2024-11,834601.0,500761.0,0.0,2024-12-12
T788791,2024-12,566184.0,339710.0,0.0,2025-01-17
T788791,2025-01,492257.0,295354.0,0.0,2025-02-16
T788791,2025-02,271893.0,163136.0,0.0,2025-03-23
T788791,2025-03,248281.0,148969.0,0.0,2025-04-18
T788791,2025-04,481845.0,289107.0,0.0,2025-05-17
T788791,2025-05,350003.0,210002.0,0.0,2025-06-21
T788791,2025-06,309594.0,185756.0,0.0,2025-07-15
T788791,2025-07,317903.0,190742.0,0.0,2025-08-09
T788791,2025-08,224964.0,134978.0,0.0,2025-09-23
T788791,2025-09,511045.0,306627.0,0.0,2025-10-12
T788791,2025-10,25338170.0,16401510.0,1476255.0,2025-11-20
T788791,2025-11,463765.0,278259.0,0.0,2025-12-22
T788791,2025-12,86982817.0,56304364.0,5710526.0,2026-01-15
T788791,2026-01,424767.0,254860.0,0.0,2026-02-23
T788791,2026-02,219450.0,131670.0,0.0,2026-03-08
T788791,2026-03,572340.0,343404.0,0.0,2026-04-07
T788791,2026-04,363720.0,218232.0,0.0,2026-05-15
T788791,2026-05,476294.0,285776.0,0.0,2026-06-05
T788791,2026-06,566384.0,339831.0,0.0,2026-07-17
T788791,2026-07,400146.0,240088.0,0.0,2026-08-07
T788791,2026-08,436236.0,261742.0,0.0,2026-09-06
T788791,2026-09,193078.0,115847.0,0.0,2026-10-07
T1010,2024-10,487633.0,292580.0,0.0,2024-11-20
T1010,2024-11,375506.0,225303.0,0.0,2024-12-17
T1010,2024-12,149424.0,89654.0,0.0,2025-01-21
T1010,2025-01,5070115.0,3198253.0,282903.0,2025-02-05
T1010,2025-02,22109202.0,13946589.0,1327176.0,2025-03-08
T1010,2025-03,186078.0,111647.0,0.0,2025-04-17
T1010,2025-04,200934.0,120560.0,0.0,2025-05-15
T1010,2025-05,479430.0,287658.0,0.0,2025-06-21
T1010,2025-06,288996.0,173397.0,0.0,2025-07-15
T1010,2025-07,144676.0,86805.0,0.0,2025-08-14
T1010,2025-08,439615.0,263769.0,0.0,2025-09-13
T1010,2025-09,339283.0,203570.0,0.0,2025-10-11
T1010,2025-10,601446.0,360867.0,0.0,2025-11-09
T1010,2025-11,202474.0,121484.0,0.0,2025-12-18
T1010,2025-12,309683.0,185810.0,0.0,2026-01-24
T1010,2026-01,645779.0,387467.0,0.0,2026-02-23
T1010,2026-02,1258499.0,755100.0,0.0,2026-03-15
T1010,2026-03,154672.0,92803.0,0.0,2026-04-08
T1010,2026-04,684820.0,410892.0,0.0,2026-05-12
T1010,2026-05,204464.0,122679.0,0.0,2026-06-23
T1010,2026-06,41291114.0,26046630.0,2459126.0,2026-07-18
T1010,2026-07,445464.0,267278.0,0.0,2026-08-24
T1010,2026-08,514799.0,308879.0,0.0,2026-09-23
T1010,2026-09,408289.0,244973.0,0.0,2026-10-07
T802353,2024-10,737030.0,442218.0,0.0,2024-11-10
T802353,2024-11,988622.0,593173.0,0.0,2024-12-05
T802353,2024-12,488742.0,293245.0,0.0,2025-01-13
T802353,2025-01,466138.0,279683.0,0.0,2025-02-19
T802353,2025-02,312392.0,187435.0,0.0,2025-03-11
T802353,2025-03,811982.0,487189.0,0.0,2025-04-19
T802353,2025-04,559782.0,335869.0,0.0,2025-05-21
T802353,2025-05,143521.0,86113.0,0.0,2025-06-14
T802353,2025-06,299703.0,179822.0,0.0,2025-07-14
T802353,2025-07,26028779.0,16975625.0,1483619.0,2025-08-14
T802353,2025-08,315261.0,189156.0,0.0,2025-09-18
T802353,2025-09,380338.0,228203.0,0.0,2025-10-16
T802353,2025-10,35617850.0,23229491.0,2188584.0,2025-11-07
T802353,2025-11,1040150.0,624090.0,0.0,2025-12-22
T802353,2025-12,854985.0,512991.0,0.0,2026-01-06
T802353,2026-01,510830.0,306498.0,0.0,2026-02-09
T802353,2026-02,383173.0,229904.0,0.0,2026-03-20
T802353,2026-03,342013.0,205208.0,0.0,2026-04-20
T802353,2026-04,632484.0,379490.0,0.0,2026-05-18
T802353,2026-05,583172.0,349903.0,0.0,2026-06-05
T802353,2026-06,169532.0,101719.0,0.0,2026-07-10
T802353,2026-07,807155.0,484293.0,0.0,2026-08-14
T802353,2026-08,473601.0,284161.0,0.0,2026-09-05
T802353,2026-09,1701584.0,1020950.0,0.0,2026-10-05
T444043,2024-10,216521.0,129912.0,0.0,2024-11-10
T444043,2024-11,15449673.0,9980437.0,971145.0,2024-12-06
T444043,2024-12,899626.0,539775.0,0.0,2025-01-21
T444043,2025-01,631804.0,379083.0,0.0,2025-02-22
T444043,2025-02,584824.0,350895.0,0.0,2025-03-07
T444043,2025-03,308759.0,185255.0,0.0,2025-04-13
T444043,2025-04,365257.0,219154.0,0.0,2025-05-20
T444043,2025-05,332805.0,199683.0,0.0,2025-06-22
T444043,2025-06,201288.0,120773.0,0.0,2025-07-15
T444043,2025-07,457004.0,274202.0,0.0,2025-08-11
T444043,2025-08,177000.0,106200.0,0.0,2025-09-08
T444043,2025-09,603914.0,362348.0,0.0,2025-10-20
T444043,2025-10,282870.0,169722.0,0.0,2025-11-20
T444043,2025-11,216218.0,129731.0,0.0,2025-12-24
T444043,2025-12,347716.0,208630.0,0.0,2026-01-24
T444043,2026-01,751964.0,451179.0,0.0,2026-02-18
T444043,2026-02,564999.0,338999.0,0.0,2026-03-20
T444043,2026-03,231380.0,138828.0,0.0,2026-04-19
T444043,2026-04,936953.0,562172.0,0.0,2026-05-07
T444043,2026-05,470535.0,282321.0,0.0,2026-06-17
T444043,2026-06,850849.0,510509.0,0.0,2026-07-08
T444043,2026-07,656038.0,393623.0,0.0,2026-08-13
T444043,2026-08,230189.0,138113.0,0.0,2026-09-19
T444043,2026-09,491858.0,295115.0,0.0,2026-10-10
T664679,2024-10,715238.0,429143.0,0.0,2024-11-19
T664679,2024-11,179164.0,107498.0,0.0,2024-12-16
T664679,2024-12,514014.0,308409.0,0.0,2025-01-08
T664679,2025-01,281600.0,168960.0,0.0,2025-02-12
T664679,2025-02,250246.0,150148.0,0.0,2025-03-15
T664679,2025-03,8140837.0,5724442.0,513607.0,2025-04-10
T664679,2025-04,473085.0,283851.0,0.0,2025-05-15
T664679,2025-05,275232.0,165139.0,0.0,2025-06-20
T664679,2025-06,769854.0,461913.0,0.0,2025-07-18
T664679,2025-07,378382.0,227029.0,0.0,2025-08-19
T664679,2025-08,320529.0,192317.0,0.0,2025-09-14
T664679,2025-09,704609.0,422766.0,0.0,2025-10-07
T664679,2025-10,658165.0,394899.0,0.0,2025-11-14
T664679,2025-11,15362483.0,10802532.0,1252488.0,2025-12-14
T664679,2025-12,297685.0,178611.0,0.0,2026-01-11
T664679,2026-01,587805.0,352683.0,0.0,2026-02-17
T664679,2026-02,325725.0,195435.0,0.0,2026-03-07
T664679,2026-03,760666.0,456400.0,0.0,2026-04-22
T664679,2026-04,527104.0,316262.0,0.0,2026-05-20
T664679,2026-05,28995153.0,20388701.0,1850729.0,2026-06-09
T664679,2026-06,636393.0,381836.0,0.0,2026-07-09
T664679,2026-07,177739.0,106644.0,0.0,2026-08-20
T664679,2026-08,25781735.0,18129102.0,1658200.0,2026-09-13
T664679,2026-09,8038270.0,5652320.0,498638.0,2026-10-12
T1083,2024-10,420840.0,252504.0,0.0,2024-11-22
T1083,2024-11,199218.0,119531.0,0.0,2024-12-09
T1083,2024-12,87442809.0,52905318.0,5200189.0,2025-01-22
T1083,2025-01,927791.0,556675.0,0.0,2025-02-23
T1083,2025-02,236696.0,142017.0,0.0,2025-03-09
T1083,2025-03,371451.0,222871.0,0.0,2025-04-23
T1083,2025-04,367784.0,220670.0,0.0,2025-05-06
T1083,2025-05,330594.0,198356.0,0.0,2025-06-22
T1083,2025-06,267281.0,160369.0,0.0,2025-07-17
T1083,2025-07,348658.0,209195.0,0.0,2025-08-09
T1083,2025-08,238090.0,142854.0,0.0,2025-09-08
T1083,2025-09,224477.0,134686.0,0.0,2025-10-18
T1083,2025-10,889579.0,533748.0,0.0,2025-11-22
T1083,2025-11,343964.0,206378.0,0.0,2025-12-20
T1083,2025-12,11494641.0,6954576.0,610885.0,2026-01-13
T1083,2026-01,379732.0,227839.0,0.0,2026-02-21
T1083,2026-02,39849053.0,24109780.0,2133878.0,2026-03-23
T1083,2026-03,928629.0,557177.0,0.0,2026-04-10
T1083,2026-04,622194.0,373316.0,0.0,2026-05-07
T1083,2026-05,103875357.0,62847465.0,5892982.0,2026-06-09
T1083,2026-06,489230.0,293538.0,0.0,2026-07-06
T1083,2026-07,359542.0,215725.0,0.0,2026-08-08
T1083,2026-08,595867.0,357520.0,0.0,2026-09-10
T1083,2026-09,75881765.0,45910567.0,4257114.0,2026-10-18
T864196,2024-10,42177013.0,29408048.0,3195189.0,2024-11-18
T864196,2024-11,256387.0,153832.0,0.0,2024-12-11
T864196,2024-12,194918919.0,135907800.0,14356590.0,2025-01-07
T864196,2025-01,118857819.0,82873970.0,9304255.0,2025-02-19
T864196,2025-02,37138361.0,25894833.0,2459379.0,2025-03-16
T864196,2025-03,99048496.0,69061860.0,7444305.0,2025-04-19
T864196,2025-04,161154733.0,112365620.0,13347992.0,2025-05-08
T864196,2025-05,38852399.0,27089951.0,2623981.0,2025-06-16
T864196,2025-06,253347216.0,176647105.0,18838739.0,2025-07-11
T864196,2025-07,43869297.0,30587999.0,3206393.0,2025-08-05
T864196,2025-08,96957205.0,67603701.0,7193082.0,2025-09-05
T864196,2025-09,203538.0,122123.0,0.0,2025-10-19
T864196,2025-10,431540.0,258924.0,0.0,2025-11-18
T864196,2025-11,14049570.0,9796105.0,979516.0,2025-12-14
T864196,2025-12,58682219.0,40916353.0,4689076.0,2026-01-21
T864196,2026-01,127276710.0,88744067.0,9067790.0,2026-02-08
T864196,2026-02,164863525.0,114951587.0,11526803.0,2026-03-10
T864196,2026-03,57974343.0,40422784.0,4147811.0,2026-04-23
T864196,2026-04,18952673.0,13214808.0,1392655.0,2026-05-13
T864196,2026-05,84946970.0,59229529.0,6859200.0,2026-06-14
T864196,2026-06,229422932.0,159965826.0,16082437.0,2026-07-12
T864196,2026-07,5601870.0,3905921.0,397810.0,2026-08-17
T864196,2026-08,203479631.0,141876782.0,15930264.0,2026-09-06
T864196,2026-09,242466.0,145480.0,0.0,2026-10-17
T1194,2024-10,197543.0,118526.0,0.0,2024-11-07
T1194,2024-11,523823.0,314294.0,0.0,2024-12-09
T1194,2024-12,814931.0,488959.0,0.0,2025-01-07
T1194,2025-01,341163.0,204698.0,0.0,2025-02-07
T1194,2025-02,817788.0,490673.0,0.0,2025-03-20
T1194,2025-03,343371.0,206023.0,0.0,2025-04-22
T1194,2025-04,501851.0,301111.0,0.0,2025-05-19
T1194,2025-05,206337.0,123802.0,0.0,2025-06-21
T1194,2025-06,598936.0,359362.0,0.0,2025-07-13
T1194,2025-07,351464.0,210879.0,0.0,2025-08-21
T1194,2025-08,486319.0,291791.0,0.0,2025-09-07
T1194,2025-09,374979.0,224987.0,0.0,2025-10-19
T1194,2025-10,292049.0,175229.0,0.0,2025-11-21
T1194,2025-11,354607.0,212764.0,0.0,2025-12-15
T1194,2025-12,266658.0,159995.0,0.0,2026-01-11
T1194,2026-01,604748.0,362849.0,0.0,2026-02-23
T1194,2026-02,412042.0,247225.0,0.0,2026-03-19
T1194,2026-03,424984.0,254991.0,0.0,2026-04-16
T1194,2026-04,682254.0,409352.0,0.0,2026-05-15
T1194,2026-05,662719.0,397631.0,0.0,2026-06-19
T1194,2026-06,363962.0,218377.0,0.0,2026-07-13
T1194,2026-07,263212.0,157927.0,0.0,2026-08-17
T1194,2026-08,1778947.0,1050979.0,92861.0,2026-09-17
T1194,2026-09,1004002.0,602401.0,0.0,2026-10-08
T248897,2024-10,0.0,240500.0,0.0,2024-11-16
T248897,2024-11,0.0,223124.0,0.0,2024-12-14
T248897,2024-12,0.0,145817.0,0.0,2025-01-20
T248897,2025-01,0.0,321912.0,0.0,2025-02-17
T248897,2025-02,0.0,299530.0,0.0,2025-03-13
T248897,2025-03,0.0,580039.0,0.0,2025-04-12
T248897,2025-04,0.0,166690.0,0.0,2025-05-05
T248897,2025-05,0.0,360318.0,0.0,2025-06-24
T248897,2025-06,0.0,337292.0,0.0,2025-07-06
T248897,2025-07,0.0,294542.0,0.0,2025-08-20
T248897,2025-08,0.0,144512.0,0.0,2025-09-09
T248897,2025-09,0.0,140344.0,0.0,2025-10-23
T248897,2025-10,0.0,105124.0,0.0,2025-11-14
T248897,2025-11,0.0,448445.0,0.0,2025-12-11
T248897,2025-12,0.0,175717.0,0.0,2026-01-20
T248897,2026-01,0.0,221701.0,0.0,2026-02-21
T248897,2026-02,0.0,136031.0,0.0,2026-03-13
T248897,2026-03,0.0,233961.0,0.0,2026-04-05
T248897,2026-04,0.0,204893.0,0.0,2026-05-14
T248897,2026-05,0.0,540171.0,0.0,2026-06-17
T248897,2026-06,0.0,140762.0,0.0,2026-07-08
T248897,2026-07,0.0,433665.0,0.0,2026-08-06
T248897,2026-08,0.0,337246.0,0.0,2026-09-19
T248897,2026-09,0.0,323938.0,0.0,2026-10-21
T764774,2024-10,0.0,147681.0,0.0,2024-11-11
T764774,2024-11,0.0,138459.0,0.0,2024-12-18
T764774,2024-12,0.0,326543.0,0.0,2025-01-24
T764774,2025-01,0.0,532363.0,0.0,2025-02-20
T764774,2025-02,0.0,185015.0,0.0,2025-03-16
T764774,2025-03,0.0,207828.0,0.0,2025-04-06
T764774,2025-04,0.0,239301.0,0.0,2025-05-11
T764774,2025-05,0.0,213976.0,0.0,2025-06-16
T764774,2025-06,0.0,242350.0,0.0,2025-07-10
T764774,2025-07,0.0,219581.0,0.0,2025-08-12
T764774,2025-08,0.0,110930.0,0.0,2025-09-10
T764774,2025-09,0.0,179540.0,0.0,2025-10-14
T764774,2025-10,0.0,322578.0,0.0,2025-11-11
T764774,2025-11,0.0,342336.0,0.0,2025-12-06
T764774,2025-12,0.0,688880.0,0.0,2026-01-24
T764774,2026-01,0.0,210534.0,0.0,2026-02-11
T764774,2026-02,0.0,268560.0,0.0,2026-03-13
T764774,2026-03,0.0,151338.0,0.0,2026-04-15
T764774,2026-04,0.0,588664.0,0.0,2026-05-13
T764774,2026-05,0.0,288432.0,0.0,2026-06-11
T764774,2026-06,0.0,163870.0,0.0,2026-07-17
T764774,2026-07,0.0,231906.0,0.0,2026-08-15
T764774,2026-08,0.0,127830.0,0.0,2026-09-15
T764774,2026-09,0.0,89175.0,0.0,2026-10-23
T546792,2024-10,404863.0,242918.0,0.0,2024-11-14
T546792,2024-11,334154.0,200493.0,0.0,2024-12-18
T546792,2024-12,553327.0,331996.0,0.0,2025-01-15
T546792,2025-01,161384.0,96831.0,0.0,2025-02-18
T546792,2025-02,408680.0,245208.0,0.0,2025-03-06
T546792,2025-03,272928.0,163757.0,0.0,2025-04-21
T546792,2025-04,465990.0,279594.0,0.0,2025-05-13
T546792,2025-05,232083.0,139250.0,0.0,2025-06-06
T546792,2025-06,895240.0,537144.0,0.0,2025-07-16
T546792,2025-07,266201.0,159720.0,0.0,2025-08-08
T546792,2025-08,161760.0,97056.0,0.0,2025-09-23
T546792,2025-09,377126.0,226276.0,0.0,2025-10-11
T546792,2025-10,289669.0,173802.0,0.0,2025-11-20
T546792,2025-11,153087.0,91852.0,0.0,2025-12-12
T546792,2025-12,814575.0,488745.0,0.0,2026-01-23
T546792,2026-01,466784.0,280071.0,0.0,2026-02-24
T546792,2026-02,272470.0,163482.0,0.0,2026-03-08
T546792,2026-03,610669.0,366401.0,0.0,2026-04-10
T546792,2026-04,1031248.0,618749.0,0.0,2026-05-24
T546792,2026-05,879113.0,527468.0,0.0,2026-06-05
T546792,2026-06,506598.0,303959.0,0.0,2026-07-22
T546792,2026-07,419575.0,251745.0,0.0,2026-08-17
T546792,2026-08,463824.0,278294.0,0.0,2026-09-19
T546792,2026-09,211970.0,127182.0,0.0,2026-10-23
T992591,2024-10,663754.0,1102809.0,109465.0,2024-11-13
T992591,2024-11,0.0,290457.0,0.0,2024-12-20
T992591,2024-12,0.0,246806.0,0.0,2025-01-06
T992591,2025-01,0.0,134721.0,0.0,2025-02-23
T992591,2025-02,0.0,231050.0,0.0,2025-03-19
T992591,2025-03,0.0,198747.0,0.0,2025-04-11
T992591,2025-04,0.0,264622.0,0.0,2025-05-23
T992591,2025-05,0.0,252645.0,0.0,2025-06-12
T992591,2025-06,0.0,125998.0,0.0,2025-07-09
T992591,2025-07,0.0,101414.0,0.0,2025-08-12
T992591,2025-08,0.0,120771.0,0.0,2025-09-20
T992591,2025-09,0.0,99689.0,0.0,2025-10-17
T992591,2025-10,0.0,208346.0,0.0,2025-11-05
T992591,2025-11,0.0,282589.0,0.0,2025-12-06
T992591,2025-12,11976903.0,19459371.0,1859736.0,2026-01-14
T992591,2026-01,0.0,141363.0,0.0,2026-02-13
T992591,2026-02,0.0,252273.0,0.0,2026-03-10
T992591,2026-03,0.0,237979.0,0.0,2026-04-12
T992591,2026-04,0.0,233628.0,0.0,2026-05-24
T992591,2026-05,0.0,140005.0,0.0,2026-06-08
T992591,2026-06,0.0,253336.0,0.0,2026-07-08
T992591,2026-07,0.0,281627.0,0.0,2026-08-07
T992591,2026-08,0.0,172086.0,0.0,2026-09-18
T992591,2026-09,0.0,301526.0,0.0,2026-10-24
T1038,2024-10,8773738.0,64925659.0,6619683.0,2024-11-13
T1038,2024-11,0.0,153705.0,0.0,2024-12-13
T1038,2024-12,0.0,265574.0,0.0,2025-01-12
T1038,2025-01,9377706.0,69395028.0,6775193.0,2025-02-16
T1038,2025-02,7542776.0,55816539.0,5479009.0,2025-03-16
T1038,2025-03,0.0,348766.0,0.0,2025-04-05
T1038,2025-04,0.0,358959.0,0.0,2025-05-23
T1038,2025-05,6644676.0,49170601.0,4805328.0,2025-06-11
T1038,2025-06,0.0,461598.0,0.0,2025-07-16
T1038,2025-07,0.0,228822.0,0.0,2025-08-07
T1038,2025-08,1055076.0,7807561.0,773735.0,2025-09-19
T1038,2025-09,0.0,79435.0,0.0,2025-10-16
T1038,2025-10,5287277.0,39125847.0,3781528.0,2025-11-09
T1038,2025-11,0.0,386014.0,0.0,2025-12-13
T1038,2025-12,1846500.0,13664098.0,1316438.0,2026-01-17
T1038,2026-01,0.0,188451.0,0.0,2026-02-08
T1038,2026-02,5125014.0,37925103.0,3658932.0,2026-03-24
T1038,2026-03,0.0,209528.0,0.0,2026-04-24
T1038,2026-04,0.0,110933.0,0.0,2026-05-11
T1038,2026-05,26393424.0,195311334.0,18322896.0,2026-06-23
T1038,2026-06,0.0,298299.0,0.0,2026-07-14
T1038,2026-07,6131987.0,45376704.0,4575672.0,2026-08-15
T1038,2026-08,0.0,376651.0,0.0,2026-09-09
T1038,2026-09,0.0,135984.0,0.0,2026-10-08
T312040,2024-10,299347.0,179608.0,0.0,2024-11-12
T312040,2024-11,812394.0,487436.0,0.0,2024-12-14
T312040,2024-12,550233.0,330140.0,0.0,2025-01-09
T312040,2025-01,9341131.0,6229189.0,647484.0,2025-02-23
T312040,2025-02,29657365.0,19777193.0,2168252.0,2025-03-23
T312040,2025-03,506793.0,304076.0,0.0,2025-04-07
T312040,2025-04,265688.0,159413.0,0.0,2025-05-08
T312040,2025-05,282911.0,169746.0,0.0,2025-06-05
T312040,2025-06,9119786.0,6081584.0,618930.0,2025-07-16
T312040,2025-07,452429.0,271457.0,0.0,2025-08-16
T312040,2025-08,305454.0,183272.0,0.0,2025-09-11
T312040,2025-09,11863862.0,7911488.0,949435.0,2025-10-18
T312040,2025-10,343931.0,206359.0,0.0,2025-11-08
T312040,2025-11,462823.0,277694.0,0.0,2025-12-07
T312040,2025-12,10423209.0,6950780.0,700144.0,2026-01-12
T312040,2026-01,329277.0,197566.0,0.0,2026-02-24
T312040,2026-02,241204.0,144723.0,0.0,2026-03-15
T312040,2026-03,3715100.0,2477437.0,298301.0,2026-04-13
T312040,2026-04,365308.0,219185.0,0.0,2026-05-19
T312040,2026-05,17761494.0,11844360.0,1249253.0,2026-06-07
T312040,2026-06,12680274.0,8455917.0,894104.0,2026-07-17
T312040,2026-07,1869670.0,1246801.0,148866.0,2026-08-18
T312040,2026-08,191695.0,115017.0,0.0,2026-09-21
T312040,2026-09,364898.0,218939.0,0.0,2026-10-12
T217842,2024-10,234517.0,140710.0,0.0,2024-11-18
T217842,2024-11,171246.0,102748.0,0.0,2024-12-24
T217842,2024-12,597685.0,358611.0,0.0,2025-01-23
T217842,2025-01,390351.0,234211.0,0.0,2025-02-16
T217842,2025-02,373257.0,223954.0,0.0,2025-03-10
T217842,2025-03,313645.0,188187.0,0.0,2025-04-20
T217842,2025-04,758707.0,455224.0,0.0,2025-05-21
T217842,2025-05,359107.0,215464.0,0.0,2025-06-20
T217842,2025-06,256901.0,154141.0,0.0,2025-07-24
T217842,2025-07,191529.0,114917.0,0.0,2025-08-05
T217842,2025-08,374212.0,224527.0,0.0,2025-09-16
T217842,2025-09,890568.0,534341.0,0.0,2025-10-10
T217842,2025-10,86588.0,51953.0,0.0,2025-11-16
T217842,2025-11,503051.0,301830.0,0.0,2025-12-11
T217842,2025-12,487808.0,292685.0,0.0,2026-01-16
T217842,2026-01,617931.0,370759.0,0.0,2026-02-24
T217842,2026-02,1209536.0,725722.0,0.0,2026-03-09
T217842,2026-03,232311.0,139386.0,0.0,2026-04-24
T217842,2026-04,670913.0,402548.0,0.0,2026-05-20
T217842,2026-05,431671.0,259002.0,0.0,2026-06-07
T217842,2026-06,655751.0,393451.0,0.0,2026-07-24
T217842,2026-07,280677.0,168406.0,0.0,2026-08-20
T217842,2026-08,313236.0,187942.0,0.0,2026-09-13
T217842,2026-09,647148.0,388289.0,0.0,2026-10-09
T418014,2024-10,130037.0,78022.0,0.0,2024-11-15
T418014,2024-11,2170266.0,1318790.0,118159.0,2024-12-24
T418014,2024-12,409330.0,245598.0,0.0,2025-01-14
T418014,2025-01,11185468.0,6796990.0,616603.0,2025-02-20
T418014,2025-02,13999570.0,8507014.0,755139.0,2025-03-07
T418014,2025-03,300429.0,180257.0,0.0,2025-04-07
T418014,2025-04,404324.0,242595.0,0.0,2025-05-22
T418014,2025-05,902354.0,541412.0,0.0,2025-06-14
T418014,2025-06,3878712.0,2356948.0,212038.0,2025-07-16
T418014,2025-07,746456.0,447873.0,0.0,2025-08-15
T418014,2025-08,309884.0,185930.0,0.0,2025-09-20
T418014,2025-09,8237732.0,5005761.0,449237.0,2025-10-22
T418014,2025-10,1303078.0,781847.0,0.0,2025-11-22
T418014,2025-11,530074.0,318045.0,0.0,2025-12-10
T418014,2025-12,132572.0,79543.0,0.0,2026-01-23
T418014,2026-01,128854.0,77312.0,0.0,2026-02-24
T418014,2026-02,47961898.0,29144648.0,3343916.0,2026-03-16
T418014,2026-03,351552.0,210931.0,0.0,2026-04-08
T418014,2026-04,105352742.0,64018915.0,5883082.0,2026-05-24
T418014,2026-05,367339.0,220403.0,0.0,2026-06-22
T418014,2026-06,56133525.0,34110240.0,3138479.0,2026-07-10
T418014,2026-07,496092.0,297655.0,0.0,2026-08-09
T418014,2026-08,219503.0,131702.0,0.0,2026-09-23
T418014,2026-09,321469.0,192881.0,0.0,2026-10-18
T1039,2024-10,176912.0,106147.0,0.0,2024-11-05
T1039,2024-11,31069372.0,22826316.0,2010347.0,2024-12-12
T1039,2024-12,531015.0,318609.0,0.0,2025-01-11
T1039,2025-01,273585.0,164151.0,0.0,2025-02-07
T1039,2025-02,667871.0,400723.0,0.0,2025-03-21
T1039,2025-03,59934400.0,44033125.0,4545665.0,2025-04-14
T1039,2025-04,330345.0,198207.0,0.0,2025-05-09
T1039,2025-05,283936.0,170362.0,0.0,2025-06-21
T1039,2025-06,584954.0,350972.0,0.0,2025-07-17
T1039,2025-07,6615941.0,4860657.0,488509.0,2025-08-06
T1039,2025-08,63161824.0,46404277.0,4309711.0,2025-09-24
T1039,2025-09,700456.0,420274.0,0.0,2025-10-20
T1039,2025-10,52570157.0,38622699.0,3619588.0,2025-11-24
T1039,2025-11,14547628.0,10687977.0,973082.0,2025-12-22
T1039,2025-12,446183.0,267710.0,0.0,2026-01-10
T1039,2026-01,66839020.0,49105871.0,4561772.0,2026-02-20
T1039,2026-02,253813.0,152288.0,0.0,2026-03-09
T1039,2026-03,4788542.0,3518087.0,339692.0,2026-04-08
T1039,2026-04,787872.0,472723.0,0.0,2026-05-20
T1039,2026-05,94720742.0,69590257.0,7009147.0,2026-06-21
T1039,2026-06,241107.0,144664.0,0.0,2026-07-13
T1039,2026-07,33481827.0,24598720.0,2221457.0,2026-08-22
T1039,2026-08,330448.0,198269.0,0.0,2026-09-21
T1039,2026-09,602202.0,361321.0,0.0,2026-10-12
T1100,2024-10,5314549.0,3569156.0,366731.0,2024-11-12
T1100,2024-11,163709.0,98226.0,0.0,2024-12-19
T1100,2024-12,12424205.0,8343874.0,860927.0,2025-01-06
T1100,2025-01,299048.0,179429.0,0.0,2025-02-18
T1100,2025-02,666079.0,399647.0,0.0,2025-03-09
T1100,2025-03,646189.0,387713.0,0.0,2025-04-16
T1100,2025-04,146234.0,87740.0,0.0,2025-05-20
T1100,2025-05,225938.0,135563.0,0.0,2025-06-18
T1100,2025-06,539259.0,323555.0,0.0,2025-07-17
T1100,2025-07,472434.0,283460.0,0.0,2025-08-17
T1100,2025-08,380544.0,228327.0,0.0,2025-09-12
T1100,2025-09,307768.0,184661.0,0.0,2025-10-21
T1100,2025-10,699357.0,419614.0,0.0,2025-11-14
T1100,2025-11,230542.0,138325.0,0.0,2025-12-15
T1100,2025-12,7425512.0,4986841.0,514066.0,2026-01-18
T1100,2026-01,360756.0,216454.0,0.0,2026-02-16
T1100,2026-02,12043123.0,8087946.0,833149.0,2026-03-15
T1100,2026-03,2199391.0,1477072.0,154538.0,2026-04-23
T1100,2026-04,400547.0,240328.0,0.0,2026-05-21
T1100,2026-05,698145.0,418887.0,0.0,2026-06-09
T1100,2026-06,468483.0,281090.0,0.0,2026-07-19
T1100,2026-07,227199.0,136319.0,0.0,2026-08-15
T1100,2026-08,11342089.0,7617144.0,756845.0,2026-09-12
T1100,2026-09,285985.0,171591.0,0.0,2026-10-05
T1064,2024-10,429929.0,257958.0,0.0,2024-11-17
T1064,2024-11,14653104.0,10096667.0,930508.0,2024-12-18
T1064,2024-12,367218.0,220331.0,0.0,2025-01-12
T1064,2025-01,2751462.0,1895885.0,214507.0,2025-02-24
T1064,2025-02,762058.0,457235.0,0.0,2025-03-24
T1064,2025-03,277266.0,166360.0,0.0,2025-04-17
T1064,2025-04,190239.0,114143.0,0.0,2025-05-16
T1064,2025-05,438915.0,263349.0,0.0,2025-06-14
T1064,2025-06,531744.0,319046.0,0.0,2025-07-07
T1064,2025-07,992577.0,683931.0,76330.0,2025-08-13
T1064,2025-08,123623.0,74174.0,0.0,2025-09-13
T1064,2025-09,590413.0,354248.0,0.0,2025-10-19
T1064,2025-10,905667.0,543400.0,0.0,2025-11-18
T1064,2025-11,355322.0,213193.0,0.0,2025-12-19
T1064,2025-12,315668.0,189401.0,0.0,2026-01-24
T1064,2026-01,269486.0,161692.0,0.0,2026-02-15
T1064,2026-02,208803.0,125282.0,0.0,2026-03-24
T1064,2026-03,769161.0,461497.0,0.0,2026-04-10
T1064,2026-04,12126209.0,8355519.0,792547.0,2026-05-14
T1064,2026-05,175282.0,105169.0,0.0,2026-06-15
T1064,2026-06,491373.0,294824.0,0.0,2026-07-14
T1064,2026-07,358444.0,215066.0,0.0,2026-08-09
T1064,2026-08,2340023.0,1612384.0,155357.0,2026-09-05
T1064,2026-09,20234584.0,13942565.0,1288475.0,2026-10-11
T229048,2024-10,296763.0,178058.0,0.0,2024-11-21
T229048,2024-11,500529.0,300317.0,0.0,2024-12-08
T229048,2024-12,278292.0,166975.0,0.0,2025-01-15
T229048,2025-01,340084.0,204050.0,0.0,2025-02-14
T229048,2025-02,895344.0,537206.0,0.0,2025-03-18
T229048,2025-03,311414.0,186848.0,0.0,2025-04-20
T229048,2025-04,253824.0,152294.0,0.0,2025-05-16
T229048,2025-05,506782.0,304069.0,0.0,2025-06-10
T229048,2025-06,871463.0,522878.0,0.0,2025-07-13
T229048,2025-07,593569.0,356142.0,0.0,2025-08-08
T229048,2025-08,240548.0,144329.0,0.0,2025-09-09
T229048,2025-09,213420.0,128052.0,0.0,2025-10-10
T229048,2025-10,202941.0,121764.0,0.0,2025-11-11
T229048,2025-11,283197.0,169918.0,0.0,2025-12-19
T229048,2025-12,164295.0,98577.0,0.0,2026-01-15
T229048,2026-01,402252.0,241351.0,0.0,2026-02-08
T229048,2026-02,356440.0,213864.0,0.0,2026-03-18
T229048,2026-03,429156.0,257494.0,0.0,2026-04-08
T229048,2026-04,739031.0,443419.0,0.0,2026-05-06
T229048,2026-05,283807.0,170284.0,0.0,2026-06-20
T229048,2026-06,218810.0,131286.0,0.0,2026-07-24
T229048,2026-07,325572.0,195343.0,0.0,2026-08-16
T229048,2026-08,199358.0,119615.0,0.0,2026-09-17
T229048,2026-09,322808.0,193685.0,0.0,2026-10-11
T1067,2024-10,178439.0,107063.0,0.0,2024-11-16
T1067,2024-11,525695.0,315417.0,0.0,2024-12-18
T1067,2024-12,414850.0,248910.0,0.0,2025-01-20
T1067,2025-01,1197915.0,718749.0,0.0,2025-02-06
T1067,2025-02,185249.0,111150.0,0.0,2025-03-24
T1067,2025-03,314063.0,188438.0,0.0,2025-04-13
T1067,2025-04,1346365.0,807819.0,0.0,2025-05-05
T1067,2025-05,594863.0,356918.0,0.0,2025-06-11
T1067,2025-06,741712.0,445027.0,0.0,2025-07-12
T1067,2025-07,231936.0,139162.0,0.0,2025-08-20
T1067,2025-08,172207.0,103324.0,0.0,2025-09-13
T1067,2025-09,568032.0,340819.0,0.0,2025-10-06
T1067,2025-10,258863.0,155318.0,0.0,2025-11-12
T1067,2025-11,644647.0,386788.0,0.0,2025-12-21
T1067,2025-12,254212.0,152527.0,0.0,2026-01-07
T1067,2026-01,186766.0,112060.0,0.0,2026-02-13
T1067,2026-02,214404.0,128642.0,0.0,2026-03-14
T1067,2026-03,584474.0,350685.0,0.0,2026-04-05
T1067,2026-04,446971.0,268183.0,0.0,2026-05-13
T1067,2026-05,1012333.0,607400.0,0.0,2026-06-13
T1067,2026-06,199965.0,119979.0,0.0,2026-07-07
T1067,2026-07,421046.0,252628.0,0.0,2026-08-15
T1067,2026-08,407781.0,244669.0,0.0,2026-09-15
T1067,2026-09,248486.0,149092.0,0.0,2026-10-09
T1156,2024-10,12642935.0,7877699.0,700350.0,2024-11-07
T1156,2024-11,1204201.0,722520.0,0.0,2024-12-08
T1156,2024-12,593763.0,356258.0,0.0,2025-01-18
T1156,2025-01,9044822.0,5635747.0,493738.0,2025-02-20
T1156,2025-02,308408.0,185045.0,0.0,2025-03-18
T1156,2025-03,26399968.0,16449583.0,1502105.0,2025-04-05
T1156,2025-04,954962.0,572977.0,0.0,2025-05-12
T1156,2025-05,1365279.0,819168.0,0.0,2025-06-08
T1156,2025-06,502860.0,301716.0,0.0,2025-07-18
T1156,2025-07,591728.0,355037.0,0.0,2025-08-14
T1156,2025-08,712236.0,427342.0,0.0,2025-09-24
T1156,2025-09,241915.0,145149.0,0.0,2025-10-21
T1156,2025-10,645515.0,387309.0,0.0,2025-11-06
T1156,2025-11,381713.0,229028.0,0.0,2025-12-23
T1156,2025-12,372426.0,223456.0,0.0,2026-01-21
T1156,2026-01,249724.0,149835.0,0.0,2026-02-24
T1156,2026-02,38859713.0,24213138.0,2246175.0,2026-03-16
T1156,2026-03,467173.0,280304.0,0.0,2026-04-20
T1156,2026-04,683951.0,410371.0,0.0,2026-05-21
T1156,2026-05,304236.0,182541.0,0.0,2026-06-20
T1156,2026-06,472139.0,283284.0,0.0,2026-07-12
T1156,2026-07,9728243.0,6061581.0,551478.0,2026-08-21
T1156,2026-08,860894.0,516536.0,0.0,2026-09-06
T1156,2026-09,583248.0,349949.0,0.0,2026-10-05
T1048,2024-10,1030360.0,618216.0,0.0,2024-11-12
T1048,2024-11,46042883.0,26893006.0,2524815.0,2024-12-21
T1048,2024-12,558439.0,335063.0,0.0,2025-01-14
T1048,2025-01,497330.0,298398.0,0.0,2025-02-15
T1048,2025-02,234948.0,140969.0,0.0,2025-03-16
T1048,2025-03,317299.0,190379.0,0.0,2025-04-20
T1048,2025-04,611627.0,366976.0,0.0,2025-05-16
T1048,2025-05,410372.0,246223.0,0.0,2025-06-16
T1048,2025-06,509088.0,305453.0,0.0,2025-07-06
T1048,2025-07,194342.0,116605.0,0.0,2025-08-17
T1048,2025-08,441739.0,265043.0,0.0,2025-09-12
T1048,2025-09,1178006.0,706803.0,0.0,2025-10-22
T1048,2025-10,606649.0,363990.0,0.0,2025-11-17
T1048,2025-11,224136.0,134481.0,0.0,2025-12-09
T1048,2025-12,190041.0,114025.0,0.0,2026-01-19
T1048,2026-01,195550.0,117330.0,0.0,2026-02-08
T1048,2026-02,481801.0,289080.0,0.0,2026-03-11
T1048,2026-03,462578.0,277547.0,0.0,2026-04-07
T1048,2026-04,966977.0,580186.0,0.0,2026-05-12
T1048,2026-05,313085.0,187851.0,0.0,2026-06-20
T1048,2026-06,418153.0,250892.0,0.0,2026-07-16
T1048,2026-07,341208.0,204725.0,0.0,2026-08-07
T1048,2026-08,345404.0,207243.0,0.0,2026-09-07
T1048,2026-09,239997.0,143998.0,0.0,2026-10-06
T262734,2024-10,0.0,278747.0,0.0,2024-11-21
T262734,2024-11,0.0,727290.0,0.0,2024-12-13
T262734,2024-12,0.0,498012.0,0.0,2025-01-22
T262734,2025-01,0.0,324246.0,0.0,2025-02-05
T262734,2025-02,0.0,179882.0,0.0,2025-03-14
T262734,2025-03,0.0,208911.0,0.0,2025-04-06
T262734,2025-04,0.0,525713.0,0.0,2025-05-13
T262734,2025-05,0.0,195203.0,0.0,2025-06-08
T262734,2025-06,0.0,337377.0,0.0,2025-07-17
T262734,2025-07,3296314.0,5642646.0,537882.0,2025-08-05
T262734,2025-08,0.0,103185.0,0.0,2025-09-07
T262734,2025-09,0.0,346163.0,0.0,2025-10-07
T262734,2025-10,0.0,188647.0,0.0,2025-11-16
T262734,2025-11,1110082.0,1957933.0,171648.0,2025-12-07
T262734,2025-12,0.0,462997.0,0.0,2026-01-12
T262734,2026-01,0.0,311302.0,0.0,2026-02-16
T262734,2026-02,0.0,277957.0,0.0,2026-03-10
T262734,2026-03,0.0,93718.0,0.0,2026-04-21
T262734,2026-04,0.0,437748.0,0.0,2026-05-08
T262734,2026-05,991206.0,1304462.0,120456.0,2026-06-20
T262734,2026-06,0.0,636207.0,0.0,2026-07-17
T262734,2026-07,2845294.0,5243526.0,483807.0,2026-08-18
T262734,2026-08,407764.0,493531.0,47102.0,2026-09-08
T262734,2026-09,0.0,228797.0,0.0,2026-10-18
T1049,2024-10,247255.0,148353.0,0.0,2024-11-05
T1049,2024-11,407935.0,244761.0,0.0,2024-12-23
T1049,2024-12,526354.0,315812.0,0.0,2025-01-07
T1049,2025-01,225435.0,135261.0,0.0,2025-02-09
T1049,2025-02,241572.0,144943.0,0.0,2025-03-13
T1049,2025-03,544595.0,326757.0,0.0,2025-04-23
T1049,2025-04,726388.0,435833.0,0.0,2025-05-17
T1049,2025-05,320694.0,192416.0,0.0,2025-06-10
T1049,2025-06,555684.0,333410.0,0.0,2025-07-13
T1049,2025-07,49071219.0,30784438.0,3048619.0,2025-08-18
T1049,2025-08,17031224.0,10684402.0,1048334.0,2025-09-24
T1049,2025-09,418943.0,251366.0,0.0,2025-10-21
T1049,2025-10,158808.0,95285.0,0.0,2025-11-24
T1049,2025-11,179219.0,107531.0,0.0,2025-12-17
T1049,2025-12,997839.0,598703.0,0.0,2026-01-16
T1049,2026-01,409890.0,245934.0,0.0,2026-02-24
T1049,2026-02,419283.0,251570.0,0.0,2026-03-11
T1049,2026-03,335588.0,201353.0,0.0,2026-04-19
T1049,2026-04,369014.0,221408.0,0.0,2026-05-21
T1049,2026-05,188306.0,112984.0,0.0,2026-06-21
T1049,2026-06,460410.0,276246.0,0.0,2026-07-07
T1049,2026-07,404082.0,242449.0,0.0,2026-08-19
T1049,2026-08,624839.0,374903.0,0.0,2026-09-16
T1049,2026-09,218076.0,130846.0,0.0,2026-10-11
T1195,2024-10,0.0,10621835.0,993695.0,2024-11-09
T1195,2024-11,0.0,397421.0,0.0,2024-12-11
T1195,2024-12,998750.0,199750.0,0.0,2025-01-06
T1195,2025-01,2384562.0,476912.0,0.0,2025-02-22
T1195,2025-02,1020268.0,204054.0,0.0,2025-03-17
T1195,2025-03,798881.0,159776.0,0.0,2025-04-17
T1195,2025-04,0.0,4267055.0,443947.0,2025-05-13
T1195,2025-05,0.0,123915.0,0.0,2025-06-07
T1195,2025-06,0.0,443183.0,0.0,2025-07-23
T1195,2025-07,0.0,144841.0,0.0,2025-08-08
T1195,2025-08,0.0,236516.0,0.0,2025-09-20
T1195,2025-09,0.0,202354.0,0.0,2025-10-08
T1195,2025-10,0.0,5317259.0,505521.0,2025-11-15
T1195,2025-11,0.0,1519469.0,141763.0,2025-12-22
T1195,2025-12,1436605.0,287321.0,0.0,2026-01-15
T1195,2026-01,5695788.0,1226430.0,116997.0,2026-02-12
T1195,2026-02,2080589.0,416118.0,0.0,2026-03-13
T1195,2026-03,25241501.0,5435059.0,584764.0,2026-04-09
T1195,2026-04,0.0,1966575.0,181135.0,2026-05-09
T1195,2026-05,0.0,304811.0,0.0,2026-06-19
T1195,2026-06,0.0,129873.0,0.0,2026-07-10
T1195,2026-07,0.0,387219.0,0.0,2026-08-24
T1195,2026-08,0.0,217303.0,0.0,2026-09-12
T1195,2026-09,0.0,582454.0,0.0,2026-10-20
T648160,2024-10,327296.0,196377.0,0.0,2024-11-06
T648160,2024-11,226086.0,135652.0,0.0,2024-12-11
T648160,2024-12,464751.0,278851.0,0.0,2025-01-15
T648160,2025-01,934343.0,560606.0,0.0,2025-02-11
T648160,2025-02,762759.0,457655.0,0.0,2025-03-18
T648160,2025-03,370119.0,222071.0,0.0,2025-04-21
T648160,2025-04,312185.0,187311.0,0.0,2025-05-09
T648160,2025-05,361036.0,216621.0,0.0,2025-06-19
T648160,2025-06,696947.0,418168.0,0.0,2025-07-22
T648160,2025-07,378129.0,226877.0,0.0,2025-08-06
T648160,2025-08,404428.0,242657.0,0.0,2025-09-23
T648160,2025-09,718551.0,431131.0,0.0,2025-10-09
T648160,2025-10,26116747.0,16938545.0,1670747.0,2025-11-21
T648160,2025-11,255114.0,153068.0,0.0,2025-12-13
T648160,2025-12,34026583.0,22068629.0,2201246.0,2026-01-24
T648160,2026-01,7255694.0,4705827.0,428310.0,2026-02-09
T648160,2026-02,418017.0,250810.0,0.0,2026-03-08
T648160,2026-03,309671.0,185802.0,0.0,2026-04-11
T648160,2026-04,483612.0,290167.0,0.0,2026-05-18
T648160,2026-05,402521.0,241512.0,0.0,2026-06-16
T648160,2026-06,518482.0,311089.0,0.0,2026-07-12
T648160,2026-07,30853649.0,20010759.0,1957973.0,2026-08-22
T648160,2026-08,4515077.0,2928345.0,290011.0,2026-09-11
T648160,2026-09,644584.0,386750.0,0.0,2026-10-23
T621906,2024-10,231180.0,138708.0,0.0,2024-11-22
T621906,2024-11,352004.0,211202.0,0.0,2024-12-22
T621906,2024-12,1758579.0,1109111.0,122473.0,2025-01-22
T621906,2025-01,388872.0,233323.0,0.0,2025-02-06
T621906,2025-02,788492.0,473095.0,0.0,2025-03-08
T621906,2025-03,277680.0,166608.0,0.0,2025-04-06
T621906,2025-04,568753.0,341252.0,0.0,2025-05-19
T621906,2025-05,849517.0,509710.0,0.0,2025-06-23
T621906,2025-06,557934.0,334761.0,0.0,2025-07-22
T621906,2025-07,305232.0,183139.0,0.0,2025-08-21
T621906,2025-08,619535.0,371721.0,0.0,2025-09-06
T621906,2025-09,352694.0,211616.0,0.0,2025-10-19
T621906,2025-10,941356.0,564814.0,0.0,2025-11-19
T621906,2025-11,236240.0,141744.0,0.0,2025-12-17
T621906,2025-12,319851.0,191911.0,0.0,2026-01-16
T621906,2026-01,1151950.0,691170.0,0.0,2026-02-15
T621906,2026-02,796863.0,478118.0,0.0,2026-03-21
T621906,2026-03,182887.0,109732.0,0.0,2026-04-10
T621906,2026-04,129309.0,77586.0,0.0,2026-05-10
T621906,2026-05,370751.0,222451.0,0.0,2026-06-13
T621906,2026-06,187519.0,112512.0,0.0,2026-07-13
T621906,2026-07,875073.0,525044.0,0.0,2026-08-12
T621906,2026-08,3879163.0,2446533.0,215415.0,2026-09-17
T621906,2026-09,980847.0,588508.0,0.0,2026-10-13
T1072,2024-10,300093.0,180056.0,0.0,2024-11-10
T1072,2024-11,599123.0,359474.0,0.0,2024-12-16
T1072,2024-12,141323.0,84794.0,0.0,2025-01-08
T1072,2025-01,232514.0,139509.0,0.0,2025-02-23
T1072,2025-02,222164.0,133299.0,0.0,2025-03-21
T1072,2025-03,752760.0,451656.0,0.0,2025-04-20
T1072,2025-04,501103.0,300662.0,0.0,2025-05-19
T1072,2025-05,1088309.0,652985.0,0.0,2025-06-08
T1072,2025-06,614150.0,368490.0,0.0,2025-07-18
T1072,2025-07,51707903.0,30815247.0,2885960.0,2025-08-05
T1072,2025-08,996355.0,597813.0,0.0,2025-09-14
T1072,2025-09,25058315.0,14933465.0,1548862.0,2025-10-21
T1072,2025-10,445465.0,267279.0,0.0,2025-11-18
T1072,2025-11,939144.0,563487.0,0.0,2025-12-13
T1072,2025-12,268761.0,161257.0,0.0,2026-01-19
T1072,2026-01,6710398.0,3999052.0,411650.0,2026-02-16
T1072,2026-02,25274755.0,15062452.0,1541504.0,2026-03-17
T1072,2026-03,179079.0,107447.0,0.0,2026-04-08
T1072,2026-04,836117.0,501670.0,0.0,2026-05-08
T1072,2026-05,330471.0,198282.0,0.0,2026-06-12
T1072,2026-06,372470.0,223482.0,0.0,2026-07-23
T1072,2026-07,219375.0,131625.0,0.0,2026-08-09
T1072,2026-08,712092.0,427255.0,0.0,2026-09-07
T1072,2026-09,779981.0,467989.0,0.0,2026-10-12
T110913,2024-10,339219.0,203531.0,0.0,2024-11-17
T110913,2024-11,356891.0,214135.0,0.0,2024-12-11
T110913,2024-12,311040.0,186624.0,0.0,2025-01-14
T110913,2025-01,382273.0,229364.0,0.0,2025-02-15
T110913,2025-02,194692.0,116815.0,0.0,2025-03-19
T110913,2025-03,147270.0,88362.0,0.0,2025-04-20
T110913,2025-04,254300.0,152580.0,0.0,2025-05-10
T110913,2025-05,386439.0,231863.0,0.0,2025-06-09
T110913,2025-06,463679.0,278207.0,0.0,2025-07-10
T110913,2025-07,265937.0,159562.0,0.0,2025-08-15
T110913,2025-08,274305.0,164583.0,0.0,2025-09-08
T110913,2025-09,516558.0,309935.0,0.0,2025-10-14
T110913,2025-10,318903.0,191342.0,0.0,2025-11-19
T110913,2025-11,498466.0,299080.0,0.0,2025-12-07
T110913,2025-12,346025.0,207615.0,0.0,2026-01-13
T110913,2026-01,441348.0,264809.0,0.0,2026-02-16
T110913,2026-02,255769.0,153461.0,0.0,2026-03-06
T110913,2026-03,292815.0,175689.0,0.0,2026-04-23
T110913,2026-04,631668.0,379001.0,0.0,2026-05-24
T110913,2026-05,880003.0,528002.0,0.0,2026-06-20
T110913,2026-06,343903.0,206342.0,0.0,2026-07-05
T110913,2026-07,136924.0,82154.0,0.0,2026-08-15
T110913,2026-08,231329.0,138797.0,0.0,2026-09-12
T110913,2026-09,7494916.0,4666411.0,531573.0,2026-10-22
T863358,2024-10,233716.0,140230.0,0.0,2024-11-07
T863358,2024-11,256703.0,154022.0,0.0,2024-12-07
T863358,2024-12,682135.0,409281.0,0.0,2025-01-20
T863358,2025-01,474060.0,284436.0,0.0,2025-02-08
T863358,2025-02,350322.0,210193.0,0.0,2025-03-22
T863358,2025-03,188667.0,113200.0,0.0,2025-04-19
T863358,2025-04,476768.0,286061.0,0.0,2025-05-08
T863358,2025-05,315132.0,189079.0,0.0,2025-06-09
T863358,2025-06,320561.0,192336.0,0.0,2025-07-20
T863358,2025-07,465333.0,279200.0,0.0,2025-08-10
T863358,2025-08,1986336.0,1191216.0,129403.0,2025-09-24
T863358,2025-09,208441.0,125065.0,0.0,2025-10-17
T863358,2025-10,506211.0,303727.0,0.0,2025-11-08
T863358,2025-11,616646.0,369988.0,0.0,2025-12-08
T863358,2025-12,110487.0,66292.0,0.0,2026-01-08
T863358,2026-01,669378.0,401627.0,0.0,2026-02-23
T863358,2026-02,343548.0,206129.0,0.0,2026-03-24
T863358,2026-03,387633.0,232580.0,0.0,2026-04-20
T863358,2026-04,155196.0,93117.0,0.0,2026-05-12
T863358,2026-05,415286.0,249172.0,0.0,2026-06-11
T863358,2026-06,608667.0,365200.0,0.0,2026-07-16
T863358,2026-07,895908.0,537545.0,0.0,2026-08-09
T863358,2026-08,8435970.0,5059096.0,577435.0,2026-09-16
T863358,2026-09,651815.0,391089.0,0.0,2026-10-12
T451712,2024-10,642758.0,385655.0,0.0,2024-11-22
T451712,2024-11,361379.0,216827.0,0.0,2024-12-22
T451712,2024-12,276527.0,165916.0,0.0,2025-01-18
T451712,2025-01,173176.0,103906.0,0.0,2025-02-12
T451712,2025-02,337737.0,202642.0,0.0,2025-03-13
T451712,2025-03,521863.0,313118.0,0.0,2025-04-23
T451712,2025-04,757861.0,454717.0,0.0,2025-05-24
T451712,2025-05,650901.0,390541.0,0.0,2025-06-08
T451712,2025-06,12062219.0,7527313.0,724978.0,2025-07-08
T451712,2025-07,54331845.0,33905272.0,3141136.0,2025-08-06
T451712,2025-08,3583594.0,2236308.0,204311.0,2025-09-15
T451712,2025-09,462783.0,277670.0,0.0,2025-10-06
T451712,2025-10,353580.0,212148.0,0.0,2025-11-21
T451712,2025-11,2570863.0,1604323.0,148200.0,2025-12-05
T451712,2025-12,13216233.0,8247465.0,758216.0,2026-01-20
T451712,2026-01,553967.0,332380.0,0.0,2026-02-17
T451712,2026-02,250945.0,150567.0,0.0,2026-03-13
T451712,2026-03,7488501.0,4673128.0,449661.0,2026-04-21
T451712,2026-04,1021849.0,613109.0,0.0,2026-05-17
T451712,2026-05,275458.0,165275.0,0.0,2026-06-22
T451712,2026-06,18652095.0,11639663.0,1166281.0,2026-07-24
T451712,2026-07,23376303.0,14587760.0,1338584.0,2026-08-14
T451712,2026-08,690370.0,414222.0,0.0,2026-09-10
T451712,2026-09,1159678.0,695807.0,0.0,2026-10-12
T532908,2024-10,792900.0,475740.0,0.0,2024-11-18
T532908,2024-11,315159.0,189096.0,0.0,2024-12-23
T532908,2024-12,173769.0,104262.0,0.0,2025-01-09
T532908,2025-01,360955.0,216573.0,0.0,2025-02-06
T532908,2025-02,126080.0,75648.0,0.0,2025-03-08
T532908,2025-03,498047.0,298828.0,0.0,2025-04-15
T532908,2025-04,386238.0,231743.0,0.0,2025-05-07
T532908,2025-05,304532.0,182719.0,0.0,2025-06-24
T532908,2025-06,534190.0,320514.0,0.0,2025-07-07
T532908,2025-07,19131332.0,12670695.0,1154613.0,2025-08-13
T532908,2025-08,373371.0,224023.0,0.0,2025-09-10
T532908,2025-09,880326.0,528196.0,0.0,2025-10-11
T532908,2025-10,375442.0,225265.0,0.0,2025-11-11
T532908,2025-11,706755.0,424053.0,0.0,2025-12-20
T532908,2025-12,151178.0,90707.0,0.0,2026-01-20
T532908,2026-01,1892643.0,1253499.0,111437.0,2026-02-14
T532908,2026-02,307360.0,184416.0,0.0,2026-03-11
T532908,2026-03,665757.0,440931.0,40005.0,2026-04-20
T532908,2026-04,3306647.0,2189994.0,231899.0,2026-05-24
T532908,2026-05,414066.0,248440.0,0.0,2026-06-18
T532908,2026-06,236321.0,141793.0,0.0,2026-07-10
T532908,2026-07,110193.0,72981.0,6725.0,2026-08-18
T532908,2026-08,738285.0,442971.0,0.0,2026-09-07
T532908,2026-09,214213.0,128528.0,0.0,2026-10-18
T588524,2024-10,11165827.0,6495462.0,616992.0,2024-11-10
T588524,2024-11,438541.0,263125.0,0.0,2024-12-21
T588524,2024-12,337322.0,202393.0,0.0,2025-01-16
T588524,2025-01,211794.0,127077.0,0.0,2025-02-09
T588524,2025-02,386385.0,231831.0,0.0,2025-03-17
T588524,2025-03,666322.0,399793.0,0.0,2025-04-05
T588524,2025-04,219186.0,131512.0,0.0,2025-05-11
T588524,2025-05,450779.0,270467.0,0.0,2025-06-19
T588524,2025-06,1357116.0,814269.0,0.0,2025-07-05
T588524,2025-07,483714.0,290228.0,0.0,2025-08-12
T588524,2025-08,698153.0,418892.0,0.0,2025-09-18
T588524,2025-09,265221.0,159132.0,0.0,2025-10-15
T588524,2025-10,271793.0,163076.0,0.0,2025-11-15
T588524,2025-11,544447.0,326668.0,0.0,2025-12-05
T588524,2025-12,929713.0,557828.0,0.0,2026-01-12
T588524,2026-01,270476.0,162285.0,0.0,2026-02-13
T588524,2026-02,741280.0,444768.0,0.0,2026-03-11
T588524,2026-03,464053.0,278432.0,0.0,2026-04-16
T588524,2026-04,456206.0,273724.0,0.0,2026-05-13
T588524,2026-05,388463.0,233078.0,0.0,2026-06-14
T588524,2026-06,701029.0,420618.0,0.0,2026-07-08
T588524,2026-07,31696653.0,18438797.0,1810053.0,2026-08-20
T588524,2026-08,192005.0,115203.0,0.0,2026-09-17
T588524,2026-09,278697.0,167218.0,0.0,2026-10-08
T984903,2024-10,446220.0,267732.0,0.0,2024-11-14
T984903,2024-11,221255.0,132753.0,0.0,2024-12-23
T984903,2024-12,750715.0,450429.0,0.0,2025-01-22
T984903,2025-01,4394427.0,2944368.0,316214.0,2025-02-16
T984903,2025-02,1035484.0,621290.0,0.0,2025-03-12
T984903,2025-03,8711435.0,5836864.0,668916.0,2025-04-10
T984903,2025-04,4410469.0,2955117.0,290705.0,2025-05-09
T984903,2025-05,677206.0,406324.0,0.0,2025-06-17
T984903,2025-06,387175.0,232305.0,0.0,2025-07-05
T984903,2025-07,379850.0,227910.0,0.0,2025-08-10
T984903,2025-08,211103.0,126662.0,0.0,2025-09-05
T984903,2025-09,234462.0,140677.0,0.0,2025-10-23
T984903,2025-10,382024.0,229214.0,0.0,2025-11-05
T984903,2025-11,575380.0,345228.0,0.0,2025-12-17
T984903,2025-12,246437.0,147862.0,0.0,2026-01-22
T984903,2026-01,310727.0,186436.0,0.0,2026-02-12
T984903,2026-02,682915.0,409749.0,0.0,2026-03-05
T984903,2026-03,1281342.0,768805.0,0.0,2026-04-22
T984903,2026-04,482505.0,289503.0,0.0,2026-05-19
T984903,2026-05,9069402.0,6076711.0,589757.0,2026-06-19
T984903,2026-06,880469.0,528281.0,0.0,2026-07-17
T984903,2026-07,4060584.0,2720686.0,260596.0,2026-08-16
T984903,2026-08,327137.0,196282.0,0.0,2026-09-18
T984903,2026-09,251639.0,150983.0,0.0,2026-10-12
T765237,2024-10,467189.0,280313.0,0.0,2024-11-19
T765237,2024-11,407088.0,244253.0,0.0,2024-12-11
T765237,2024-12,18002660.0,11101426.0,990029.0,2025-01-06
T765237,2025-01,824362.0,494617.0,0.0,2025-02-21
T765237,2025-02,670418.0,402251.0,0.0,2025-03-09
T765237,2025-03,760723.0,456434.0,0.0,2025-04-08
T765237,2025-04,109138.0,65483.0,0.0,2025-05-07
T765237,2025-05,209116.0,125470.0,0.0,2025-06-24
T765237,2025-06,12338142.0,7608374.0,729178.0,2025-07-23
T765237,2025-07,13093022.0,8073874.0,716365.0,2025-08-19
T765237,2025-08,550586.0,330352.0,0.0,2025-09-14
T765237,2025-09,234916.0,140949.0,0.0,2025-10-18
T765237,2025-10,223158.0,133895.0,0.0,2025-11-17
T765237,2025-11,332607.0,199564.0,0.0,2025-12-08
T765237,2025-12,347789.0,208674.0,0.0,2026-01-24
T765237,2026-01,375194.0,225116.0,0.0,2026-02-19
T765237,2026-02,348333.0,209000.0,0.0,2026-03-08
T765237,2026-03,324543.0,194726.0,0.0,2026-04-11
T765237,2026-04,1074433.0,644660.0,0.0,2026-05-12
T765237,2026-05,3122616.0,1925576.0,177505.0,2026-06-19
T765237,2026-06,21658427.0,13355772.0,1209394.0,2026-07-14
T765237,2026-07,152038.0,91223.0,0.0,2026-08-15
T765237,2026-08,219871.0,131923.0,0.0,2026-09-16
T765237,2026-09,282868.0,169721.0,0.0,2026-10-06
T563331,2024-10,199990.0,119994.0,0.0,2024-11-15
T563331,2024-11,260998.0,156599.0,0.0,2024-12-18
T563331,2024-12,243856.0,146314.0,0.0,2025-01-07
T563331,2025-01,7545837.0,5085466.0,498490.0,2025-02-20
T563331,2025-02,457973.0,274784.0,0.0,2025-03-08
T563331,2025-03,3381718.0,2279086.0,252395.0,2025-04-20
T563331,2025-04,552968.0,331781.0,0.0,2025-05-19
T563331,2025-05,309435.0,185661.0,0.0,2025-06-16
T563331,2025-06,278272.0,166963.0,0.0,2025-07-05
T563331,2025-07,388955.0,233373.0,0.0,2025-08-11
T563331,2025-08,245755.0,147453.0,0.0,2025-09-17
T563331,2025-09,479286.0,287572.0,0.0,2025-10-15
T563331,2025-10,388343.0,233006.0,0.0,2025-11-11
T563331,2025-11,517966.0,310780.0,0.0,2025-12-18
T563331,2025-12,5114652.0,3446985.0,339256.0,2026-01-06
T563331,2026-01,24050962.0,16208984.0,1576177.0,2026-02-17
T563331,2026-02,1001612.0,600967.0,0.0,2026-03-20
T563331,2026-03,309900.0,185940.0,0.0,2026-04-14
T563331,2026-04,556602.0,333961.0,0.0,2026-05-06
T563331,2026-05,786139.0,471684.0,0.0,2026-06-18
T563331,2026-06,684214.0,410528.0,0.0,2026-07-21
T563331,2026-07,429348.0,257609.0,0.0,2026-08-07
T563331,2026-08,24587478.0,16570565.0,1625945.0,2026-09-09
T563331,2026-09,791161.0,474697.0,0.0,2026-10-16
T586552,2024-10,461205.0,276723.0,0.0,2024-11-08
T586552,2024-11,383248.0,229949.0,0.0,2024-12-07
T586552,2024-12,954941.0,572965.0,0.0,2025-01-09
T586552,2025-01,459251.0,275551.0,0.0,2025-02-14
T586552,2025-02,316960.0,190176.0,0.0,2025-03-14
T586552,2025-03,300156.0,180094.0,0.0,2025-04-24
T586552,2025-04,371693.0,223016.0,0.0,2025-05-14
T586552,2025-05,182296.0,109377.0,0.0,2025-06-12
T586552,2025-06,184788.0,110873.0,0.0,2025-07-05
T586552,2025-07,33492827.0,19358018.0,1875785.0,2025-08-14
T586552,2025-08,296740.0,178044.0,0.0,2025-09-05
T586552,2025-09,343652.0,206191.0,0.0,2025-10-14
T586552,2025-10,483586.0,290151.0,0.0,2025-11-13
T586552,2025-11,802845.0,481707.0,0.0,2025-12-07
T586552,2025-12,759849.0,455910.0,0.0,2026-01-09
T586552,2026-01,429365.0,257619.0,0.0,2026-02-13
T586552,2026-02,482825.0,289695.0,0.0,2026-03-21
T586552,2026-03,520422.0,312253.0,0.0,2026-04-07
T586552,2026-04,464303.0,278582.0,0.0,2026-05-06
T586552,2026-05,270672.0,162403.0,0.0,2026-06-16
T586552,2026-06,457579.0,274547.0,0.0,2026-07-23
T586552,2026-07,325891.0,195534.0,0.0,2026-08-21
T586552,2026-08,780576.0,468346.0,0.0,2026-09-09
T586552,2026-09,99630.0,59778.0,0.0,2026-10-18
T361921,2024-10,3538116.0,2083457.0,202024.0,2024-11-23
T361921,2024-11,278879.0,167328.0,0.0,2024-12-17
T361921,2024-12,251025.0,150615.0,0.0,2025-01-10
T361921,2025-01,729720.0,437832.0,0.0,2025-02-20
T361921,2025-02,237646.0,142588.0,0.0,2025-03-19
T361921,2025-03,476430.0,285858.0,0.0,2025-04-06
T361921,2025-04,718564.0,431138.0,0.0,2025-05-10
T361921,2025-05,452699.0,271619.0,0.0,2025-06-18
T361921,2025-06,311913.0,187148.0,0.0,2025-07-13
T361921,2025-07,442337.0,265402.0,0.0,2025-08-05
T361921,2025-08,432596.0,259558.0,0.0,2025-09-17
T361921,2025-09,337727.0,202636.0,0.0,2025-10-10
T361921,2025-10,297940.0,178764.0,0.0,2025-11-19
T361921,2025-11,297779.0,178667.0,0.0,2025-12-13
T361921,2025-12,421583.0,252950.0,0.0,2026-01-24
T361921,2026-01,31229300.0,18389706.0,1900009.0,2026-02-11
T361921,2026-02,513184.0,307911.0,0.0,2026-03-24
T361921,2026-03,570275.0,342165.0,0.0,2026-04-23
T361921,2026-04,490064.0,294038.0,0.0,2026-05-21
T361921,2026-05,724710.0,434826.0,0.0,2026-06-06
T361921,2026-06,763191.0,457915.0,0.0,2026-07-12
T361921,2026-07,43698798.0,25732503.0,2386463.0,2026-08-23
T361921,2026-08,552341.0,331404.0,0.0,2026-09-17
T361921,2026-09,338061.0,202837.0,0.0,2026-10-13
T194747,2024-10,378909.0,227345.0,0.0,2024-11-22
T194747,2024-11,223502.0,134101.0,0.0,2024-12-13
T194747,2024-12,277858.0,166715.0,0.0,2025-01-19
T194747,2025-01,164573.0,98744.0,0.0,2025-02-13
T194747,2025-02,240784.0,144471.0,0.0,2025-03-20
T194747,2025-03,958811.0,575286.0,0.0,2025-04-20
T194747,2025-04,481242.0,288745.0,0.0,2025-05-18
T194747,2025-05,340844.0,204506.0,0.0,2025-06-24
T194747,2025-06,220425.0,132255.0,0.0,2025-07-21
T194747,2025-07,598905.0,359343.0,0.0,2025-08-14
T194747,2025-08,256594.0,153956.0,0.0,2025-09-23
T194747,2025-09,667647.0,400588.0,0.0,2025-10-15
T194747,2025-10,280484.0,168290.0,0.0,2025-11-08
T194747,2025-11,505875.0,303525.0,0.0,2025-12-09
T194747,2025-12,561010.0,336606.0,0.0,2026-01-19
T194747,2026-01,917458.0,550475.0,0.0,2026-02-14
T194747,2026-02,544792.0,326875.0,0.0,2026-03-16
T194747,2026-03,420063.0,252038.0,0.0,2026-04-09
T194747,2026-04,791109.0,474665.0,0.0,2026-05-05
T194747,2026-05,356828.0,214097.0,0.0,2026-06-24
T194747,2026-06,315226.0,189136.0,0.0,2026-07-05
T194747,2026-07,442711.0,265627.0,0.0,2026-08-14
T194747,2026-08,662563.0,397538.0,0.0,2026-09-23
T194747,2026-09,501626.0,300976.0,0.0,2026-10-07
T1106,2024-10,466174.0,279704.0,0.0,2024-11-05
T1106,2024-11,381313.0,228788.0,0.0,2024-12-19
T1106,2024-12,388850.0,233310.0,0.0,2025-01-23
T1106,2025-01,825201.0,495121.0,0.0,2025-02-24
T1106,2025-02,490912.0,294547.0,0.0,2025-03-07
T1106,2025-03,544809.0,326885.0,0.0,2025-04-15
T1106,2025-04,245372.0,147223.0,0.0,2025-05-17
T1106,2025-05,467703.0,280622.0,0.0,2025-06-22
T1106,2025-06,847756.0,508654.0,0.0,2025-07-16
T1106,2025-07,308400.0,185040.0,0.0,2025-08-14
T1106,2025-08,203282.0,121969.0,0.0,2025-09-09
T1106,2025-09,259474.0,155684.0,0.0,2025-10-22
T1106,2025-10,326343.0,195806.0,0.0,2025-11-12
T1106,2025-11,91743.0,55046.0,0.0,2025-12-23
T1106,2025-12,369465.0,221679.0,0.0,2026-01-06
T1106,2026-01,292783.0,175670.0,0.0,2026-02-14
T1106,2026-02,293110.0,175866.0,0.0,2026-03-18
T1106,2026-03,333075.0,199845.0,0.0,2026-04-18
T1106,2026-04,376121.0,225672.0,0.0,2026-05-12
T1106,2026-05,337508.0,202505.0,0.0,2026-06-06
T1106,2026-06,690210.0,414126.0,0.0,2026-07-09
T1106,2026-07,561938.0,337163.0,0.0,2026-08-16
T1106,2026-08,343507.0,206104.0,0.0,2026-09-16
T1106,2026-09,883696.0,530217.0,0.0,2026-10-16
T513489,2024-10,300247.0,180148.0,0.0,2024-11-09
T513489,2024-11,634121.0,380473.0,0.0,2024-12-09
T513489,2024-12,701472.0,420883.0,0.0,2025-01-17
T513489,2025-01,308954.0,185373.0,0.0,2025-02-10
T513489,2025-02,854218.0,512531.0,0.0,2025-03-24
T513489,2025-03,178613.0,107168.0,0.0,2025-04-10
T513489,2025-04,259047.0,155428.0,0.0,2025-05-21
T513489,2025-05,359719.0,215831.0,0.0,2025-06-19
T513489,2025-06,303946.0,182368.0,0.0,2025-07-19
T513489,2025-07,458625.0,275175.0,0.0,2025-08-08
T513489,2025-08,1431387.0,858832.0,0.0,2025-09-17
T513489,2025-09,474199.0,284520.0,0.0,2025-10-21
T513489,2025-10,718268.0,430961.0,0.0,2025-11-20
T513489,2025-11,371418.0,222851.0,0.0,2025-12-07
T513489,2025-12,357275.0,214365.0,0.0,2026-01-17
T513489,2026-01,168884.0,101330.0,0.0,2026-02-06
T513489,2026-02,448725.0,269235.0,0.0,2026-03-14
T513489,2026-03,421619.0,252971.0,0.0,2026-04-17
T513489,2026-04,267596.0,160557.0,0.0,2026-05-20
T513489,2026-05,1201210.0,720726.0,0.0,2026-06-18
T513489,2026-06,312392.0,187435.0,0.0,2026-07-17
T513489,2026-07,244742.0,146845.0,0.0,2026-08-14
T513489,2026-08,733769.0,440261.0,0.0,2026-09-17
T513489,2026-09,286252.0,171751.0,0.0,2026-10-14
T429976,2024-10,28930769.0,16773250.0,1642254.0,2024-11-13
T429976,2024-11,15085054.0,8745892.0,857142.0,2024-12-22
T429976,2024-12,55151333.0,31975199.0,3258312.0,2025-01-18
T429976,2025-01,9670021.0,5606407.0,524961.0,2025-02-14
T429976,2025-02,11999451.0,6956946.0,712923.0,2025-03-23
T429976,2025-03,48756852.0,28267858.0,2987216.0,2025-04-05
T429976,2025-04,67840058.0,39331767.0,3907973.0,2025-05-19
T429976,2025-05,17960137.0,10412785.0,1146977.0,2025-06-08
T429976,2025-06,325068.0,195041.0,0.0,2025-07-21
T429976,2025-07,15863961.0,9197481.0,934596.0,2025-08-08
T429976,2025-08,15925683.0,9233265.0,831304.0,2025-09-05
T429976,2025-09,34087597.0,19763035.0,2003848.0,2025-10-23
T429976,2025-10,2515003.0,1458128.0,143647.0,2025-11-09
T429976,2025-11,25807123.0,14962248.0,1430713.0,2025-12-09
T429976,2025-12,33325448.0,19321162.0,1948834.0,2026-01-07
T429976,2026-01,58376438.0,33845025.0,3208946.0,2026-02-23
T429976,2026-02,19768076.0,11460977.0,1083379.0,2026-03-21
T429976,2026-03,32437810.0,18806535.0,1845410.0,2026-04-08
T429976,2026-04,41276470.0,23930942.0,2506422.0,2026-05-17
T429976,2026-05,7906787.0,4584134.0,420819.0,2026-06-22
T429976,2026-06,285138.0,171083.0,0.0,2026-07-14
T429976,2026-07,21582613.0,12512995.0,1376906.0,2026-08-12
T429976,2026-08,22558096.0,13078553.0,1394485.0,2026-09-21
T429976,2026-09,25727665.0,14916180.0,1531160.0,2026-10-15
T704119,2024-10,213508.0,128105.0,0.0,2024-11-10
T704119,2024-11,407860.0,244716.0,0.0,2024-12-08
T704119,2024-12,171226.0,102736.0,0.0,2025-01-16
T704119,2025-01,309952.0,185971.0,0.0,2025-02-16
T704119,2025-02,867288.0,520373.0,0.0,2025-03-24
T704119,2025-03,493460.0,296076.0,0.0,2025-04-08
T704119,2025-04,60661314.0,35906415.0,3796253.0,2025-05-08
T704119,2025-05,391296.0,234778.0,0.0,2025-06-11
T704119,2025-06,177064.0,106238.0,0.0,2025-07-13
T704119,2025-07,416030.0,249618.0,0.0,2025-08-19
T704119,2025-08,547352.0,328411.0,0.0,2025-09-08
T704119,2025-09,289405.0,173643.0,0.0,2025-10-18
T704119,2025-10,620335.0,372201.0,0.0,2025-11-21
T704119,2025-11,274037.0,164422.0,0.0,2025-12-16
T704119,2025-12,279412.0,167647.0,0.0,2026-01-08
T704119,2026-01,1019129.0,611478.0,0.0,2026-02-11
T704119,2026-02,291449.0,174870.0,0.0,2026-03-15
T704119,2026-03,382564.0,229538.0,0.0,2026-04-05
T704119,2026-04,305865.0,183519.0,0.0,2026-05-18
T704119,2026-05,283961.0,170377.0,0.0,2026-06-08
T704119,2026-06,130743.0,78446.0,0.0,2026-07-21
T704119,2026-07,471223.0,282734.0,0.0,2026-08-22
T704119,2026-08,607637.0,364582.0,0.0,2026-09-23
T704119,2026-09,26059827.0,15425234.0,1422060.0,2026-10-14
T397546,2024-10,533545.0,320127.0,0.0,2024-11-09
T397546,2024-11,765450.0,459270.0,0.0,2024-12-07
T397546,2024-12,11022765.0,7908613.0,722654.0,2025-01-08
T397546,2025-01,1704493.0,1222940.0,107119.0,2025-02-06
T397546,2025-02,465580.0,279348.0,0.0,2025-03-16
T397546,2025-03,438446.0,263068.0,0.0,2025-04-23
T397546,2025-04,14883351.0,10678507.0,1030667.0,2025-05-08
T397546,2025-05,450960.0,270576.0,0.0,2025-06-24
T397546,2025-06,515449.0,309269.0,0.0,2025-07-12
T397546,2025-07,12513406.0,8978119.0,810891.0,2025-08-16
T397546,2025-08,7658571.0,5494872.0,488999.0,2025-09-19
T397546,2025-09,10231587.0,7340960.0,646323.0,2025-10-23
T397546,2025-10,10644105.0,7636933.0,782746.0,2025-11-16
T397546,2025-11,13352914.0,9580449.0,898232.0,2025-12-21
T397546,2025-12,30103592.0,21598726.0,2059015.0,2026-01-07
T397546,2026-01,12701360.0,9112972.0,842963.0,2026-02-11
T397546,2026-02,9789103.0,7023486.0,700914.0,2026-03-12
T397546,2026-03,45810271.0,32867955.0,3181001.0,2026-04-14
T397546,2026-04,28649594.0,20555511.0,2149456.0,2026-05-14
T397546,2026-05,10270921.0,7369181.0,652063.0,2026-06-19
T397546,2026-06,359162.0,215497.0,0.0,2026-07-14
T397546,2026-07,559011.0,335407.0,0.0,2026-08-11
T397546,2026-08,551278.0,330767.0,0.0,2026-09-15
T397546,2026-09,3425439.0,2457684.0,226386.0,2026-10-15
T1189,2024-10,426813.0,256088.0,0.0,2024-11-07
T1189,2024-11,15468679.0,11117860.0,1113585.0,2024-12-06
T1189,2024-12,1263893.0,758336.0,0.0,2025-01-13
T1189,2025-01,402078.0,241247.0,0.0,2025-02-05
T1189,2025-02,226859.0,136116.0,0.0,2025-03-11
T1189,2025-03,304047.0,182428.0,0.0,2025-04-11
T1189,2025-04,345574.0,207345.0,0.0,2025-05-22
T1189,2025-05,75416.0,45250.0,0.0,2025-06-07
T1189,2025-06,399037.0,239422.0,0.0,2025-07-07
T1189,2025-07,268646.0,161188.0,0.0,2025-08-17
T1189,2025-08,602079.0,361247.0,0.0,2025-09-15
T1189,2025-09,259340.0,155604.0,0.0,2025-10-20
T1189,2025-10,711790.0,427074.0,0.0,2025-11-18
T1189,2025-11,6197119.0,4454078.0,466067.0,2025-12-24
T1189,2025-12,8969052.0,6446359.0,601681.0,2026-01-10
T1189,2026-01,3074914.0,2210044.0,214120.0,2026-02-15
T1189,2026-02,465904.0,279543.0,0.0,2026-03-13
T1189,2026-03,253959.0,152375.0,0.0,2026-04-18
T1189,2026-04,396543.0,237926.0,0.0,2026-05-12
T1189,2026-05,21980895.0,15798408.0,1472978.0,2026-06-10
T1189,2026-06,12493128.0,8979231.0,895251.0,2026-07-22
T1189,2026-07,365395.0,219237.0,0.0,2026-08-22
T1189,2026-08,316057.0,189634.0,0.0,2026-09-18
T1189,2026-09,6590028.0,4736475.0,445072.0,2026-10-15
T227704,2024-10,252524.0,151514.0,0.0,2024-11-05
T227704,2024-11,170983.0,102590.0,0.0,2024-12-08
T227704,2024-12,357074.0,214244.0,0.0,2025-01-13
T227704,2025-01,4318562.0,2796129.0,264580.0,2025-02-09
T227704,2025-02,9832077.0,6365951.0,675935.0,2025-03-12
T227704,2025-03,386837.0,232102.0,0.0,2025-04-10
T227704,2025-04,14570569.0,9433971.0,965818.0,2025-05-10
T227704,2025-05,212215.0,127329.0,0.0,2025-06-24
T227704,2025-06,352062.0,211237.0,0.0,2025-07-23
T227704,2025-07,756868.0,454121.0,0.0,2025-08-14
T227704,2025-08,698109.0,418865.0,0.0,2025-09-17
T227704,2025-09,11523992.0,7461411.0,687202.0,2025-10-13
T227704,2025-10,1111612.0,719733.0,76743.0,2025-11-20
T227704,2025-11,890814.0,534488.0,0.0,2025-12-05
T227704,2025-12,711300.0,426780.0,0.0,2026-01-14
T227704,2026-01,7411923.0,4798980.0,467469.0,2026-02-21
T227704,2026-02,6768923.0,4382658.0,436471.0,2026-03-22
T227704,2026-03,326376.0,195826.0,0.0,2026-04-09
T227704,2026-04,266288.0,159773.0,0.0,2026-05-14
T227704,2026-05,446046.0,267627.0,0.0,2026-06-24
T227704,2026-06,135581.0,81348.0,0.0,2026-07-15
T227704,2026-07,5882278.0,3808585.0,415844.0,2026-08-12
T227704,2026-08,3857419.0,2497554.0,269354.0,2026-09-21
T227704,2026-09,2542187.0,1645984.0,184317.0,2026-10-22
T1175,2024-10,180979.0,108588.0,0.0,2024-11-22
T1175,2024-11,471475.0,282885.0,0.0,2024-12-13
T1175,2024-12,282797.0,169678.0,0.0,2025-01-19
T1175,2025-01,375941.0,225564.0,0.0,2025-02-16
T1175,2025-02,16474214.0,10479991.0,953291.0,2025-03-15
T1175,2025-03,596891.0,358134.0,0.0,2025-04-05
T1175,2025-04,259138.0,155483.0,0.0,2025-05-19
T1175,2025-05,53629943.0,34116426.0,3320792.0,2025-06-14
T1175,2025-06,309837.0,185902.0,0.0,2025-07-20
T1175,2025-07,73631951.0,46840606.0,4274818.0,2025-08-24
T1175,2025-08,314732.0,188839.0,0.0,2025-09-22
T1175,2025-09,219136.0,131481.0,0.0,2025-10-10
T1175,2025-10,823187.0,493912.0,0.0,2025-11-13
T1175,2025-11,298811.0,179287.0,0.0,2025-12-20
T1175,2025-12,706158.0,423695.0,0.0,2026-01-10
T1175,2026-01,628127.0,376876.0,0.0,2026-02-09
T1175,2026-02,541223.0,324734.0,0.0,2026-03-11
T1175,2026-03,576481.0,345889.0,0.0,2026-04-06
T1175,2026-04,856179.0,513707.0,0.0,2026-05-23
T1175,2026-05,235074.0,141044.0,0.0,2026-06-08
T1175,2026-06,187221.0,112332.0,0.0,2026-07-19
T1175,2026-07,234616.0,140769.0,0.0,2026-08-05
T1175,2026-08,471655.0,282993.0,0.0,2026-09-22
T1175,2026-09,185847.0,111508.0,0.0,2026-10-15
T751844,2024-10,610287.0,366172.0,0.0,2024-11-06
T751844,2024-11,676283.0,405770.0,0.0,2024-12-08
T751844,2024-12,154116.0,92470.0,0.0,2025-01-16
T751844,2025-01,536360.0,321816.0,0.0,2025-02-18
T751844,2025-02,541145.0,324687.0,0.0,2025-03-22
T751844,2025-03,44632775.0,29954153.0,2743018.0,2025-04-06
T751844,2025-04,375342.0,225205.0,0.0,2025-05-18
T751844,2025-05,33748709.0,22649588.0,2163595.0,2025-06-20
T751844,2025-06,360151.0,216091.0,0.0,2025-07-13
T751844,2025-07,422002.0,253201.0,0.0,2025-08-09
T751844,2025-08,13270493.0,8906155.0,811368.0,2025-09-06
T751844,2025-09,10014248.0,6720808.0,649446.0,2025-10-11
T751844,2025-10,17686389.0,11869771.0,1128931.0,2025-11-21
T751844,2025-11,343142.0,205885.0,0.0,2025-12-05
T751844,2025-12,248613.0,149168.0,0.0,2026-01-24
T751844,2026-01,348009.0,208805.0,0.0,2026-02-07
T751844,2026-02,24239043.0,16267418.0,1557516.0,2026-03-20
T751844,2026-03,4689135.0,3146994.0,315800.0,2026-04-20
T751844,2026-04,665158.0,399095.0,0.0,2026-05-17
T751844,2026-05,16452913.0,11041955.0,995203.0,2026-06-13
T751844,2026-06,26478701.0,17770507.0,1729761.0,2026-07-15
T751844,2026-07,1058037.0,634822.0,0.0,2026-08-09
T751844,2026-08,649847.0,389908.0,0.0,2026-09-21
T751844,2026-09,498950.0,299370.0,0.0,2026-10-09
T1070,2024-10,569765.0,341859.0,0.0,2024-11-16
T1070,2024-11,207208.0,124325.0,0.0,2024-12-13
T1070,2024-12,315420.0,189252.0,0.0,2025-01-17
T1070,2025-01,325917.0,195550.0,0.0,2025-02-08
T1070,2025-02,480293.0,288176.0,0.0,2025-03-07
T1070,2025-03,523679.0,314207.0,0.0,2025-04-05
T1070,2025-04,660275.0,396165.0,0.0,2025-05-23
T1070,2025-05,182282.0,109369.0,0.0,2025-06-17
T1070,2025-06,320576.0,192346.0,0.0,2025-07-18
T1070,2025-07,761500.0,456900.0,0.0,2025-08-19
T1070,2025-08,425989.0,255594.0,0.0,2025-09-08
T1070,2025-09,405752.0,243451.0,0.0,2025-10-17
T1070,2025-10,855221.0,513132.0,0.0,2025-11-14
T1070,2025-11,594124.0,356474.0,0.0,2025-12-12
T1070,2025-12,98276.0,58966.0,0.0,2026-01-11
T1070,2026-01,396592.0,237955.0,0.0,2026-02-18
T1070,2026-02,498075.0,298845.0,0.0,2026-03-20
T1070,2026-03,421376.0,252826.0,0.0,2026-04-07
T1070,2026-04,579403.0,347642.0,0.0,2026-05-12
T1070,2026-05,585887.0,351532.0,0.0,2026-06-11
T1070,2026-06,476366.0,285820.0,0.0,2026-07-17
T1070,2026-07,259795.0,155877.0,0.0,2026-08-22
T1070,2026-08,386459.0,231875.0,0.0,2026-09-06
T1070,2026-09,311672.0,187003.0,0.0,2026-10-08
T1118,2024-10,146455.0,87873.0,0.0,2024-11-10
T1118,2024-11,909300.0,545580.0,0.0,2024-12-14
T1118,2024-12,173999.0,104399.0,0.0,2025-01-18
T1118,2025-01,403938.0,242363.0,0.0,2025-02-23
T1118,2025-02,761731.0,457039.0,0.0,2025-03-20
T1118,2025-03,263078.0,157847.0,0.0,2025-04-07
T1118,2025-04,10669389.0,6400925.0,566800.0,2025-05-10
T1118,2025-05,26611467.0,15965112.0,1437291.0,2025-06-06
T1118,2025-06,550969.0,330581.0,0.0,2025-07-17
T1118,2025-07,727749.0,436650.0,0.0,2025-08-10
T1118,2025-08,184580.0,110748.0,0.0,2025-09-07
T1118,2025-09,389785.0,233871.0,0.0,2025-10-11
T1118,2025-10,563911.0,338346.0,0.0,2025-11-19
T1118,2025-11,402852.0,241711.0,0.0,2025-12-21
T1118,2025-12,319385.0,191631.0,0.0,2026-01-14
T1118,2026-01,551593.0,330956.0,0.0,2026-02-19
T1118,2026-02,8393868.0,5035763.0,450003.0,2026-03-17
T1118,2026-03,273725.0,164235.0,0.0,2026-04-15
T1118,2026-04,300011.0,180007.0,0.0,2026-05-10
T1118,2026-05,204380.0,122628.0,0.0,2026-06-08
T1118,2026-06,890404.0,534242.0,0.0,2026-07-09
T1118,2026-07,25340190.0,15202430.0,1402627.0,2026-08-07
T1118,2026-08,239673.0,143804.0,0.0,2026-09-13
T1118,2026-09,3984857.0,2390650.0,254621.0,2026-10-08
T984001,2024-10,668329.0,400997.0,0.0,2024-11-05
T984001,2024-11,245701.0,147421.0,0.0,2024-12-11
T984001,2024-12,708064.0,424839.0,0.0,2025-01-14
T984001,2025-01,121769267.0,71262585.0,7376674.0,2025-02-21
T984001,2025-02,139172435.0,81447378.0,8169848.0,2025-03-12
T984001,2025-03,804388.0,482633.0,0.0,2025-04-16
T984001,2025-04,603131.0,361879.0,0.0,2025-05-08
T984001,2025-05,75178901.0,43996675.0,4443254.0,2025-06-13
T984001,2025-06,214551.0,128730.0,0.0,2025-07-17
T984001,2025-07,44349113.0,25954270.0,2499426.0,2025-08-14
T984001,2025-08,398475.0,239085.0,0.0,2025-09-08
T984001,2025-09,35787149.0,20943583.0,2075132.0,2025-10-10
T984001,2025-10,708069.0,424841.0,0.0,2025-11-15
T984001,2025-11,118528379.0,69365932.0,6523969.0,2025-12-23
T984001,2025-12,13893032.0,8130569.0,778794.0,2026-01-20
T984001,2026-01,44208757.0,25872130.0,2343666.0,2026-02-16
T984001,2026-02,1918427.0,1151056.0,0.0,2026-03-23
T984001,2026-03,440498.0,264299.0,0.0,2026-04-15
T984001,2026-04,707808.0,424685.0,0.0,2026-05-17
T984001,2026-05,308009.0,184805.0,0.0,2026-06-14
T984001,2026-06,77536699.0,45376520.0,4252041.0,2026-07-18
T984001,2026-07,21141608.0,12372626.0,1186488.0,2026-08-23
T984001,2026-08,10217485.0,5979541.0,588574.0,2026-09-16
T984001,2026-09,8216568.0,4808552.0,488107.0,2026-10-21
T231844,2024-10,534995.0,320997.0,0.0,2024-11-21
T231844,2024-11,987281.0,671584.0,65863.0,2024-12-11
T231844,2024-12,14111603.0,9599215.0,926397.0,2025-01-05
T231844,2025-01,820233.0,492140.0,0.0,2025-02-21
T231844,2025-02,578993.0,347396.0,0.0,2025-03-07
T231844,2025-03,1874284.0,1274954.0,125290.0,2025-04-13
T231844,2025-04,515022.0,309013.0,0.0,2025-05-22
T231844,2025-05,372099.0,223259.0,0.0,2025-06-14
T231844,2025-06,214544.0,128726.0,0.0,2025-07-10
T231844,2025-07,7705318.0,5241432.0,527785.0,2025-08-24
T231844,2025-08,4028666.0,2740442.0,272579.0,2025-09-21
T231844,2025-09,533622.0,320173.0,0.0,2025-10-22
T231844,2025-10,9011464.0,6129919.0,553947.0,2025-11-12
T231844,2025-11,4845817.0,3296297.0,335477.0,2025-12-09
T231844,2025-12,6402569.0,4355255.0,439736.0,2026-01-05
T231844,2026-01,382421.0,229453.0,0.0,2026-02-07
T231844,2026-02,3218495.0,2189335.0,212072.0,2026-03-14
T231844,2026-03,462935.0,277761.0,0.0,2026-04-17
T231844,2026-04,8198599.0,5576979.0,567312.0,2026-05-05
T231844,2026-05,904608.0,542765.0,0.0,2026-06-13
T231844,2026-06,983582.0,590149.0,0.0,2026-07-16
T231844,2026-07,11805425.0,8030471.0,784830.0,2026-08-17
T231844,2026-08,113000.0,67800.0,0.0,2026-09-11
T231844,2026-09,6677438.0,4542231.0,447602.0,2026-10-08
T212406,2024-10,284900.0,170940.0,0.0,2024-11-16
T212406,2024-11,349795.0,209877.0,0.0,2024-12-05
T212406,2024-12,2032368.0,1219421.0,0.0,2025-01-08
T212406,2025-01,321413.0,192848.0,0.0,2025-02-05
T212406,2025-02,308156.0,184894.0,0.0,2025-03-19
T212406,2025-03,394478.0,236687.0,0.0,2025-04-10
T212406,2025-04,624278.0,374567.0,0.0,2025-05-07
T212406,2025-05,290571.0,174343.0,0.0,2025-06-11
T212406,2025-06,580168.0,348101.0,0.0,2025-07-18
T212406,2025-07,979999.0,588000.0,0.0,2025-08-20
T212406,2025-08,2174480.0,1408638.0,130127.0,2025-09-09
T212406,2025-09,160236.0,96141.0,0.0,2025-10-17
T212406,2025-10,817999.0,490799.0,0.0,2025-11-20
T212406,2025-11,304165.0,182499.0,0.0,2025-12-12
T212406,2025-12,216591.0,129954.0,0.0,2026-01-09
T212406,2026-01,688110.0,412866.0,0.0,2026-02-22
T212406,2026-02,511404.0,306843.0,0.0,2026-03-20
T212406,2026-03,348976.0,209385.0,0.0,2026-04-09
T212406,2026-04,687946.0,412768.0,0.0,2026-05-24
T212406,2026-05,1416525.0,849915.0,0.0,2026-06-11
T212406,2026-06,318289.0,190974.0,0.0,2026-07-22
T212406,2026-07,264943.0,158966.0,0.0,2026-08-23
T212406,2026-08,297209.0,178325.0,0.0,2026-09-21
T212406,2026-09,617853.0,370712.0,0.0,2026-10-19
T1051,2024-10,18468956.0,11200749.0,1027010.0,2024-11-12
T1051,2024-11,61142413.0,37080646.0,3327311.0,2024-12-08
T1051,2024-12,659856.0,395913.0,0.0,2025-01-15
T1051,2025-01,421251.0,252750.0,0.0,2025-02-05
T1051,2025-02,19659850.0,11922983.0,1080324.0,2025-03-19
T1051,2025-03,451631.0,270979.0,0.0,2025-04-18
T1051,2025-04,370849.0,222509.0,0.0,2025-05-05
T1051,2025-05,845937.0,507562.0,0.0,2025-06-22
T1051,2025-06,14241832.0,8637152.0,800500.0,2025-07-24
T1051,2025-07,569528.0,341717.0,0.0,2025-08-15
T1051,2025-08,3787664.0,2297080.0,214233.0,2025-09-19
T1051,2025-09,301413.0,180848.0,0.0,2025-10-09
T1051,2025-10,145730.0,87438.0,0.0,2025-11-05
T1051,2025-11,639746.0,383847.0,0.0,2025-12-14
T1051,2025-12,103675.0,62205.0,0.0,2026-01-21
T1051,2026-01,490475.0,294285.0,0.0,2026-02-05
T1051,2026-02,993804.0,596282.0,0.0,2026-03-06
T1051,2026-03,48680180.0,29522756.0,2731184.0,2026-04-19
T1051,2026-04,262273.0,157364.0,0.0,2026-05-13
T1051,2026-05,360964.0,216579.0,0.0,2026-06-08
T1051,2026-06,13756175.0,8342619.0,763224.0,2026-07-08
T1051,2026-07,367574.0,220544.0,0.0,2026-08-12
T1051,2026-08,42402393.0,25715507.0,2307732.0,2026-09-14
T1051,2026-09,368227.0,220936.0,0.0,2026-10-19
T886257,2024-10,2004506.0,1285677.0,118113.0,2024-11-13
T886257,2024-11,13068548.0,8382080.0,787071.0,2024-12-19
T886257,2024-12,3043721.0,1952222.0,170738.0,2025-01-17
T886257,2025-01,8226996.0,5276741.0,474295.0,2025-02-11
T886257,2025-02,137366.0,82419.0,0.0,2025-03-17
T886257,2025-03,644609.0,386766.0,0.0,2025-04-23
T886257,2025-04,4269085.0,2738163.0,251307.0,2025-05-07
T886257,2025-05,9057385.0,5809346.0,534245.0,2025-06-23
T886257,2025-06,8384886.0,5378010.0,493566.0,2025-07-17
T886257,2025-07,1348068.0,864642.0,83271.0,2025-08-18
T886257,2025-08,18645770.0,11959273.0,1076287.0,2025-09-11
T886257,2025-09,380743.0,228446.0,0.0,2025-10-13
T886257,2025-10,6345070.0,4069686.0,383142.0,2025-11-24
T886257,2025-11,12476040.0,8002049.0,700418.0,2025-12-09
T886257,2025-12,822496.0,493498.0,0.0,2026-01-05
T886257,2026-01,298324.0,178994.0,0.0,2026-02-20
T886257,2026-02,459178.0,275507.0,0.0,2026-03-12
T886257,2026-03,1843847.0,1182631.0,109486.0,2026-04-20
T886257,2026-04,7420149.0,4759234.0,437766.0,2026-05-15
T886257,2026-05,3245094.0,2081382.0,221603.0,2026-06-10
T886257,2026-06,12389737.0,7946695.0,745316.0,2026-07-16
T886257,2026-07,4027872.0,2583450.0,237667.0,2026-08-14
T886257,2026-08,2757096.0,1768383.0,171896.0,2026-09-17
T886257,2026-09,22799158.0,14623228.0,1279006.0,2026-10-10
T1186,2024-10,485171.0,291103.0,0.0,2024-11-15
T1186,2024-11,4319731.0,2511907.0,233954.0,2024-12-21
T1186,2024-12,632403.0,379442.0,0.0,2025-01-24
T1186,2025-01,26459272.0,15385962.0,1393462.0,2025-02-20
T1186,2025-02,260623.0,156374.0,0.0,2025-03-12
T1186,2025-03,838303.0,502982.0,0.0,2025-04-20
T1186,2025-04,59604917.0,34660024.0,3125218.0,2025-05-24
T1186,2025-05,3429765.0,1994395.0,179782.0,2025-06-14
T1186,2025-06,460380.0,276228.0,0.0,2025-07-21
T1186,2025-07,13209026.0,7680996.0,688319.0,2025-08-24
T1186,2025-08,44761417.0,26028587.0,2452764.0,2025-09-06
T1186,2025-09,212841.0,127705.0,0.0,2025-10-14
T1186,2025-10,5612642.0,3263729.0,291807.0,2025-11-18
T1186,2025-11,173276.0,103966.0,0.0,2025-12-05
T1186,2025-12,645407.0,387244.0,0.0,2026-01-08
T1186,2026-01,9105277.0,5294683.0,513599.0,2026-02-20
T1186,2026-02,208283.0,124970.0,0.0,2026-03-09
T1186,2026-03,646942.0,388165.0,0.0,2026-04-22
T1186,2026-04,480813.0,288488.0,0.0,2026-05-18
T1186,2026-05,273343.0,164006.0,0.0,2026-06-16
T1186,2026-06,634222.0,380533.0,0.0,2026-07-21
T1186,2026-07,860979.0,516588.0,0.0,2026-08-15
T1186,2026-08,488843.0,293306.0,0.0,2026-09-08
T1186,2026-09,322524.0,193514.0,0.0,2026-10-13
T1012,2024-10,608509.0,365106.0,0.0,2024-11-24
T1012,2024-11,7911871.0,5137268.0,571901.0,2024-12-14
T1012,2024-12,301113.0,180668.0,0.0,2025-01-23
T1012,2025-01,820289.0,492173.0,0.0,2025-02-22
T1012,2025-02,5356324.0,3477922.0,364279.0,2025-03-10
T1012,2025-03,328732.0,197239.0,0.0,2025-04-19
T1012,2025-04,6306465.0,4094860.0,454449.0,2025-05-19
T1012,2025-05,532815.0,319689.0,0.0,2025-06-22
T1012,2025-06,933217.0,559930.0,0.0,2025-07-16
T1012,2025-07,367759.0,220655.0,0.0,2025-08-08
T1012,2025-08,744006.0,446403.0,0.0,2025-09-24
T1012,2025-09,80891.0,48534.0,0.0,2025-10-24
T1012,2025-10,261596.0,156957.0,0.0,2025-11-08
T1012,2025-11,362853.0,217712.0,0.0,2025-12-17
T1012,2025-12,689804.0,413882.0,0.0,2026-01-13
T1012,2026-01,395423.0,237254.0,0.0,2026-02-23
T1012,2026-02,205826.0,123496.0,0.0,2026-03-12
T1012,2026-03,267169.0,160301.0,0.0,2026-04-14
T1012,2026-04,498923.0,299354.0,0.0,2026-05-10
T1012,2026-05,222021.0,133212.0,0.0,2026-06-18
T1012,2026-06,459874.0,275924.0,0.0,2026-07-05
T1012,2026-07,792896.0,475737.0,0.0,2026-08-08
T1012,2026-08,529244.0,317546.0,0.0,2026-09-19
T1012,2026-09,298922.0,179353.0,0.0,2026-10-09
T223028,2024-10,281581.0,168949.0,0.0,2024-11-08
T223028,2024-11,203568.0,122141.0,0.0,2024-12-24
T223028,2024-12,264014.0,158408.0,0.0,2025-01-18
T223028,2025-01,782357.0,469414.0,0.0,2025-02-13
T223028,2025-02,413125.0,247875.0,0.0,2025-03-11
T223028,2025-03,2451132.0,1650175.0,170497.0,2025-04-06
T223028,2025-04,498602.0,299161.0,0.0,2025-05-15
T223028,2025-05,471631.0,282979.0,0.0,2025-06-21
T223028,2025-06,770722.0,462433.0,0.0,2025-07-10
T223028,2025-07,576003.0,345602.0,0.0,2025-08-09
T223028,2025-08,544685.0,326811.0,0.0,2025-09-07
T223028,2025-09,9891456.0,6659225.0,630110.0,2025-10-10
T223028,2025-10,366148.0,219689.0,0.0,2025-11-16
T223028,2025-11,45314664.0,30507189.0,2742008.0,2025-12-16
T223028,2025-12,252730.0,151638.0,0.0,2026-01-19
T223028,2026-01,525425.0,315255.0,0.0,2026-02-17
T223028,2026-02,215545.0,129327.0,0.0,2026-03-13
T223028,2026-03,244346.0,146607.0,0.0,2026-04-08
T223028,2026-04,55745786.0,37529733.0,3356234.0,2026-05-20
T223028,2026-05,498075.0,298845.0,0.0,2026-06-05
T223028,2026-06,13518962.0,9101370.0,830233.0,2026-07-07
T223028,2026-07,336096.0,201658.0,0.0,2026-08-17
T223028,2026-08,190626.0,114376.0,0.0,2026-09-16
T223028,2026-09,558860.0,335316.0,0.0,2026-10-22
T993739,2024-10,253983.0,152390.0,0.0,2024-11-07
T993739,2024-11,202745.0,121647.0,0.0,2024-12-23
T993739,2024-12,455344.0,273206.0,0.0,2025-01-11
T993739,2025-01,120389.0,72233.0,0.0,2025-02-05
T993739,2025-02,634612.0,380767.0,0.0,2025-03-12
T993739,2025-03,1152948.0,691769.0,0.0,2025-04-09
T993739,2025-04,780903.0,468542.0,0.0,2025-05-13
T993739,2025-05,823703.0,494222.0,0.0,2025-06-16
T993739,2025-06,522656.0,313594.0,0.0,2025-07-16
T993739,2025-07,478442.0,287065.0,0.0,2025-08-20
T993739,2025-08,149028.0,89417.0,0.0,2025-09-17
T993739,2025-09,615786.0,369472.0,0.0,2025-10-19
T993739,2025-10,331480.0,198888.0,0.0,2025-11-20
T993739,2025-11,297186.0,178312.0,0.0,2025-12-18
T993739,2025-12,389703.0,233822.0,0.0,2026-01-19
T993739,2026-01,226154.0,135693.0,0.0,2026-02-15
T993739,2026-02,593261.0,355957.0,0.0,2026-03-12
T993739,2026-03,546852.0,328111.0,0.0,2026-04-17
T993739,2026-04,776377.0,465826.0,0.0,2026-05-17
T993739,2026-05,253568.0,152141.0,0.0,2026-06-06
T993739,2026-06,233831.0,140299.0,0.0,2026-07-21
T993739,2026-07,510407.0,306244.0,0.0,2026-08-16
T993739,2026-08,338017.0,202810.0,0.0,2026-09-24
T993739,2026-09,342156.0,205294.0,0.0,2026-10-10
T819403,2024-10,274933.0,164960.0,0.0,2024-11-13
T819403,2024-11,442369.0,265422.0,0.0,2024-12-07
T819403,2024-12,367368.0,220421.0,0.0,2025-01-20
T819403,2025-01,878239.0,526943.0,0.0,2025-02-08
T819403,2025-02,325556.0,195334.0,0.0,2025-03-11
T819403,2025-03,635953.0,381572.0,0.0,2025-04-23
T819403,2025-04,724412.0,434647.0,0.0,2025-05-20
T819403,2025-05,1279542.0,767725.0,0.0,2025-06-21
T819403,2025-06,445626.0,267376.0,0.0,2025-07-19
T819403,2025-07,261331.0,156799.0,0.0,2025-08-17
T819403,2025-08,316899.0,190139.0,0.0,2025-09-21
T819403,2025-09,578996.0,347398.0,0.0,2025-10-20
T819403,2025-10,634449.0,380669.0,0.0,2025-11-17
T819403,2025-11,496505.0,297903.0,0.0,2025-12-10
T819403,2025-12,281623.0,168974.0,0.0,2026-01-05
T819403,2026-01,242931.0,145759.0,0.0,2026-02-15
T819403,2026-02,394119.0,236472.0,0.0,2026-03-15
T819403,2026-03,426884.0,256130.0,0.0,2026-04-09
T819403,2026-04,164582.0,98749.0,0.0,2026-05-14
T819403,2026-05,685920.0,411552.0,0.0,2026-06-23
T819403,2026-06,559750.0,335850.0,0.0,2026-07-20
T819403,2026-07,767221.0,460332.0,0.0,2026-08-19
T819403,2026-08,606203.0,363722.0,0.0,2026-09-07
T819403,2026-09,399316.0,239589.0,0.0,2026-10-19
T695484,2024-10,365633.0,219380.0,0.0,2024-11-12
T695484,2024-11,450714.0,270428.0,0.0,2024-12-13
T695484,2024-12,674035.0,404421.0,0.0,2025-01-21
T695484,2025-01,439971.0,263983.0,0.0,2025-02-12
T695484,2025-02,422548.0,253529.0,0.0,2025-03-11
T695484,2025-03,328120.0,196872.0,0.0,2025-04-23
T695484,2025-04,380712.0,228427.0,0.0,2025-05-24
T695484,2025-05,625554.0,375333.0,0.0,2025-06-24
T695484,2025-06,9797972.0,5858220.0,589848.0,2025-07-18
T695484,2025-07,471389.0,282833.0,0.0,2025-08-24
T695484,2025-08,319398.0,191639.0,0.0,2025-09-11
T695484,2025-09,587258.0,352355.0,0.0,2025-10-06
T695484,2025-10,462462.0,277477.0,0.0,2025-11-17
T695484,2025-11,292745.0,175647.0,0.0,2025-12-14
T695484,2025-12,199881.0,119929.0,0.0,2026-01-22
T695484,2026-01,311188.0,186713.0,0.0,2026-02-10
T695484,2026-02,693615.0,416169.0,0.0,2026-03-15
T695484,2026-03,693246.0,415947.0,0.0,2026-04-12
T695484,2026-04,485327.0,291196.0,0.0,2026-05-07
T695484,2026-05,212718.0,127631.0,0.0,2026-06-18
T695484,2026-06,618265.0,370959.0,0.0,2026-07-11
T695484,2026-07,436558.0,261935.0,0.0,2026-08-13
T695484,2026-08,1493663.0,896198.0,0.0,2026-09-08
T695484,2026-09,175675.0,105405.0,0.0,2026-10-12
T887171,2024-10,418280.0,250968.0,0.0,2024-11-06
T887171,2024-11,599451.0,359671.0,0.0,2024-12-12
T887171,2024-12,424009.0,254405.0,0.0,2025-01-16
T887171,2025-01,12020677.0,7859311.0,734814.0,2025-02-12
T887171,2025-02,5717336.0,3738086.0,349126.0,2025-03-08
T887171,2025-03,8935744.0,5842332.0,544158.0,2025-04-05
T887171,2025-04,16263452.0,10633305.0,1080983.0,2025-05-15
T887171,2025-05,4059208.0,2653975.0,256769.0,2025-06-11
T887171,2025-06,6393193.0,4179972.0,410058.0,2025-07-08
T887171,2025-07,33253583.0,21741724.0,2073777.0,2025-08-06
T887171,2025-08,6275134.0,4102783.0,369821.0,2025-09-18
T887171,2025-09,13708103.0,8962577.0,891442.0,2025-10-17
T887171,2025-10,3185303.0,2082602.0,206013.0,2025-11-13
T887171,2025-11,21334690.0,13948961.0,1384182.0,2025-12-15
T887171,2025-12,1153048.0,691829.0,0.0,2026-01-20
T887171,2026-01,2366191.0,1547053.0,155351.0,2026-02-14
T887171,2026-02,350121.0,210072.0,0.0,2026-03-09
T887171,2026-03,9533094.0,6232889.0,619789.0,2026-04-17
T887171,2026-04,4441702.0,2904056.0,281402.0,2026-05-05
T887171,2026-05,14592164.0,9540590.0,924736.0,2026-06-17
T887171,2026-06,931889.0,609284.0,61505.0,2026-07-05
T887171,2026-07,6008261.0,3928297.0,400217.0,2026-08-15
T887171,2026-08,158926.0,95356.0,0.0,2026-09-19
T887171,2026-09,3764379.0,2461211.0,244259.0,2026-10-06
T1164,2024-10,4441425.0,3125877.0,359369.0,2024-11-24
T1164,2024-11,11675086.0,8216930.0,961837.0,2024-12-15
T1164,2024-12,15196133.0,10695044.0,1099840.0,2025-01-11
T1164,2025-01,39964275.0,28126871.0,3222666.0,2025-02-23
T1164,2025-02,40707401.0,28649883.0,3168365.0,2025-03-21
T1164,2025-03,329532.0,197719.0,0.0,2025-04-20
T1164,2025-04,42777109.0,30106545.0,3264140.0,2025-05-05
T1164,2025-05,327081.0,196249.0,0.0,2025-06-24
T1164,2025-06,21962121.0,15456948.0,1811352.0,2025-07-22
T1164,2025-07,47023947.0,33095471.0,3436867.0,2025-08-13
T1164,2025-08,51638876.0,36343459.0,4056006.0,2025-09-06
T1164,2025-09,374811.0,224887.0,0.0,2025-10-21
T1164,2025-10,331463.0,198878.0,0.0,2025-11-07
T1164,2025-11,32653016.0,22981204.0,2658433.0,2025-12-10
T1164,2025-12,816529.0,489917.0,0.0,2026-01-24
T1164,2026-01,34735098.0,24446575.0,2636688.0,2026-02-22
T1164,2026-02,41182547.0,28984292.0,2831879.0,2026-03-24
T1164,2026-03,24177272.0,17015973.0,1992413.0,2026-04-08
T1164,2026-04,10178628.0,7163722.0,718997.0,2026-05-06
T1164,2026-05,327120.0,196272.0,0.0,2026-06-16
T1164,2026-06,184174.0,110504.0,0.0,2026-07-21
T1164,2026-07,58531653.0,41194599.0,4334550.0,2026-08-09
T1164,2026-08,304704.0,182822.0,0.0,2026-09-17
T1164,2026-09,308529.0,185118.0,0.0,2026-10-20
T839876,2024-10,759098.0,455459.0,0.0,2024-11-17
T839876,2024-11,448185.0,268911.0,0.0,2024-12-15
T839876,2024-12,307537.0,184522.0,0.0,2025-01-22
T839876,2025-01,950046.0,570028.0,0.0,2025-02-05
T839876,2025-02,387218.0,232331.0,0.0,2025-03-06
T839876,2025-03,711339.0,426804.0,0.0,2025-04-13
T839876,2025-04,620756.0,372454.0,0.0,2025-05-24
T839876,2025-05,414054.0,248432.0,0.0,2025-06-06
T839876,2025-06,564237.0,338542.0,0.0,2025-07-08
T839876,2025-07,183956.0,110374.0,0.0,2025-08-07
T839876,2025-08,611585.0,366951.0,0.0,2025-09-09
T839876,2025-09,11284799.0,7860165.0,756509.0,2025-10-20
T839876,2025-10,808747.0,485248.0,0.0,2025-11-20
T839876,2025-11,323073.0,193844.0,0.0,2025-12-19
T839876,2025-12,347769.0,208662.0,0.0,2026-01-12
T839876,2026-01,262070.0,157242.0,0.0,2026-02-16
T839876,2026-02,516669.0,310002.0,0.0,2026-03-22
T839876,2026-03,561973.0,337184.0,0.0,2026-04-14
T839876,2026-04,570635.0,342381.0,0.0,2026-05-08
T839876,2026-05,325369.0,195221.0,0.0,2026-06-09
T839876,2026-06,277291.0,166375.0,0.0,2026-07-07
T839876,2026-07,12935803.0,9010134.0,799657.0,2026-08-19
T839876,2026-08,355414.0,213248.0,0.0,2026-09-20
T839876,2026-09,21519946.0,14989219.0,1430295.0,2026-10-11
T635775,2024-10,470252.0,282151.0,0.0,2024-11-09
T635775,2024-11,315592.0,189355.0,0.0,2024-12-23
T635775,2024-12,210525.0,126315.0,0.0,2025-01-09
T635775,2025-01,354451.0,212671.0,0.0,2025-02-05
T635775,2025-02,508523.0,305114.0,0.0,2025-03-10
T635775,2025-03,1139489.0,683694.0,0.0,2025-04-10
T635775,2025-04,532930.0,319758.0,0.0,2025-05-16
T635775,2025-05,209232.0,125539.0,0.0,2025-06-05
T635775,2025-06,521683.0,313010.0,0.0,2025-07-22
T635775,2025-07,344237.0,206542.0,0.0,2025-08-06
T635775,2025-08,465485.0,279291.0,0.0,2025-09-10
T635775,2025-09,542280.0,325368.0,0.0,2025-10-21
T635775,2025-10,614794.0,368876.0,0.0,2025-11-08
T635775,2025-11,625170.0,375102.0,0.0,2025-12-20
T635775,2025-12,217835.0,130701.0,0.0,2026-01-06
T635775,2026-01,346185.0,207711.0,0.0,2026-02-21
T635775,2026-02,372294.0,223376.0,0.0,2026-03-11
T635775,2026-03,663050.0,397830.0,0.0,2026-04-17
T635775,2026-04,341162.0,204697.0,0.0,2026-05-11
T635775,2026-05,147667.0,88600.0,0.0,2026-06-15
T635775,2026-06,241637.0,144982.0,0.0,2026-07-22
T635775,2026-07,684117.0,410470.0,0.0,2026-08-11
T635775,2026-08,241217.0,144730.0,0.0,2026-09-18
T635775,2026-09,424821.0,254892.0,0.0,2026-10-12
T674270,2024-10,434159.0,260496.0,0.0,2024-11-23
T674270,2024-11,328666.0,197200.0,0.0,2024-12-16
T674270,2024-12,405493.0,243296.0,0.0,2025-01-16
T674270,2025-01,233336.0,140002.0,0.0,2025-02-12
T674270,2025-02,497428.0,298457.0,0.0,2025-03-06
T674270,2025-03,546189.0,327713.0,0.0,2025-04-17
T674270,2025-04,659856.0,395913.0,0.0,2025-05-16
T674270,2025-05,364031.0,218419.0,0.0,2025-06-22
T674270,2025-06,374864.0,224918.0,0.0,2025-07-08
T674270,2025-07,284901.0,170941.0,0.0,2025-08-22
T674270,2025-08,332019.0,199212.0,0.0,2025-09-19
T674270,2025-09,328022.0,196813.0,0.0,2025-10-16
T674270,2025-10,664125.0,398475.0,0.0,2025-11-08
T674270,2025-11,435870.0,261522.0,0.0,2025-12-19
T674270,2025-12,750439.0,450263.0,0.0,2026-01-05
T674270,2026-01,364678.0,218807.0,0.0,2026-02-15
T674270,2026-02,604629.0,362777.0,0.0,2026-03-17
T674270,2026-03,218322.0,130993.0,0.0,2026-04-17
T674270,2026-04,341339.0,204803.0,0.0,2026-05-18
T674270,2026-05,731903.0,439142.0,0.0,2026-06-07
T674270,2026-06,550400.0,330240.0,0.0,2026-07-21
T674270,2026-07,333061.0,199836.0,0.0,2026-08-06
T674270,2026-08,458468.0,275081.0,0.0,2026-09-08
T674270,2026-09,430453.0,258272.0,0.0,2026-10-05
T1080,2024-10,589836.0,353901.0,0.0,2024-11-14
T1080,2024-11,6449835.0,4264030.0,378798.0,2024-12-21
T1080,2024-12,404980.0,242988.0,0.0,2025-01-23
T1080,2025-01,18343346.0,12126911.0,1167142.0,2025-02-22
T1080,2025-02,9473860.0,6263233.0,589995.0,2025-03-18
T1080,2025-03,19060453.0,12600995.0,1132213.0,2025-04-12
T1080,2025-04,666123.0,399674.0,0.0,2025-05-11
T1080,2025-05,2427309.0,1604710.0,145660.0,2025-06-12
T1080,2025-06,274548.0,164729.0,0.0,2025-07-21
T1080,2025-07,31351921.0,20726969.0,1945082.0,2025-08-12
T1080,2025-08,4507417.0,2979884.0,290858.0,2025-09-10
T1080,2025-09,6295994.0,4162325.0,395371.0,2025-10-17
T1080,2025-10,47156710.0,31175622.0,2828782.0,2025-11-20
T1080,2025-11,41046774.0,27136302.0,2563891.0,2025-12-06
T1080,2025-12,29835922.0,19724732.0,1752833.0,2026-01-06
T1080,2026-01,2025503.0,1339074.0,119793.0,2026-02-10
T1080,2026-02,12741950.0,8423790.0,823115.0,2026-03-16
T1080,2026-03,289355.0,173613.0,0.0,2026-04-06
T1080,2026-04,643297.0,385978.0,0.0,2026-05-22
T1080,2026-05,4121782.0,2724938.0,252678.0,2026-06-21
T1080,2026-06,20264497.0,13396997.0,1201724.0,2026-07-10
T1080,2026-07,41068653.0,27150767.0,2551338.0,2026-08-24
T1080,2026-08,221023.0,132614.0,0.0,2026-09-08
T1080,2026-09,3534439.0,2336642.0,236011.0,2026-10-16
T323555,2024-10,44473123.0,28291890.0,2763129.0,2024-11-09
T323555,2024-11,72806959.0,46316659.0,4552138.0,2024-12-07
T323555,2024-12,55363024.0,35219577.0,3562215.0,2025-01-19
T323555,2025-01,20790062.0,13225744.0,1298779.0,2025-02-16
T323555,2025-02,61142009.0,38895919.0,3904868.0,2025-03-21
T323555,2025-03,44197096.0,28116293.0,2782813.0,2025-04-22
T323555,2025-04,11241072.0,7151087.0,695083.0,2025-05-11
T323555,2025-05,26337775.0,16754961.0,1685639.0,2025-06-22
T323555,2025-06,97004775.0,61710270.0,6154390.0,2025-07-16
T323555,2025-07,58497503.0,37213598.0,3751502.0,2025-08-05
T323555,2025-08,43378559.0,27595576.0,2807796.0,2025-09-13
T323555,2025-09,28803631.0,18323633.0,1814696.0,2025-10-21
T323555,2025-10,42907234.0,27295739.0,2729346.0,2025-11-22
T323555,2025-11,27715389.0,17631340.0,1742461.0,2025-12-13
T323555,2025-12,38426725.0,24445431.0,2360995.0,2026-01-19
T323555,2026-01,31366448.0,19953987.0,2003575.0,2026-02-09
T323555,2026-02,14158981.0,9007335.0,899225.0,2026-03-06
T323555,2026-03,28906139.0,18388844.0,1824246.0,2026-04-23
T323555,2026-04,103805714.0,66036735.0,6550158.0,2026-05-22
T323555,2026-05,36408586.0,23161578.0,2306465.0,2026-06-11
T323555,2026-06,46289432.0,29447348.0,2928496.0,2026-07-07
T323555,2026-07,42553472.0,27070691.0,2647988.0,2026-08-23
T323555,2026-08,56106318.0,35692429.0,3588068.0,2026-09-20
T323555,2026-09,41419388.0,26349235.0,2577443.0,2026-10-09
T759697,2024-10,432897.0,259738.0,0.0,2024-11-10
T759697,2024-11,297914.0,178748.0,0.0,2024-12-23
T759697,2024-12,35998187.0,20708745.0,2082949.0,2025-01-16
T759697,2025-01,443235.0,265941.0,0.0,2025-02-13
T759697,2025-02,446461.0,267877.0,0.0,2025-03-24
T759697,2025-03,415991.0,249594.0,0.0,2025-04-18
T759697,2025-04,245013.0,147008.0,0.0,2025-05-06
T759697,2025-05,391402.0,234841.0,0.0,2025-06-24
T759697,2025-06,38519418.0,22159139.0,2066718.0,2025-07-20
T759697,2025-07,32195540.0,18521190.0,1769910.0,2025-08-16
T759697,2025-08,403642.0,242185.0,0.0,2025-09-06
T759697,2025-09,481982.0,289189.0,0.0,2025-10-16
T759697,2025-10,605668.0,363401.0,0.0,2025-11-21
T759697,2025-11,396268.0,237761.0,0.0,2025-12-21
T759697,2025-12,36406521.0,20943649.0,2077257.0,2026-01-07
T759697,2026-01,379450.0,227670.0,0.0,2026-02-07
T759697,2026-02,575513.0,345308.0,0.0,2026-03-20
T759697,2026-03,5913493.0,3401867.0,330603.0,2026-04-15
T759697,2026-04,50900764.0,29281780.0,2701505.0,2026-05-21
T759697,2026-05,58517518.0,33663484.0,3228878.0,2026-06-24
T759697,2026-06,28305004.0,16283074.0,1631969.0,2026-07-09
T759697,2026-07,37664854.0,21667533.0,2137990.0,2026-08-17
T759697,2026-08,234396.0,140638.0,0.0,2026-09-13
T759697,2026-09,18713022.0,10765076.0,1035779.0,2026-10-13
T170813,2024-10,287064.0,172238.0,0.0,2024-11-18
T170813,2024-11,346792.0,208075.0,0.0,2024-12-22
T170813,2024-12,404485.0,242691.0,0.0,2025-01-06
T170813,2025-01,359724.0,215835.0,0.0,2025-02-23
T170813,2025-02,423037.0,253822.0,0.0,2025-03-14
T170813,2025-03,322341.0,193404.0,0.0,2025-04-15
T170813,2025-04,322820.0,193692.0,0.0,2025-05-18
T170813,2025-05,180455.0,108273.0,0.0,2025-06-13
T170813,2025-06,481332.0,288799.0,0.0,2025-07-10
T170813,2025-07,193935.0,116361.0,0.0,2025-08-07
T170813,2025-08,292438.0,175463.0,0.0,2025-09-18
T170813,2025-09,342325.0,205395.0,0.0,2025-10-06
T170813,2025-10,371024.0,222614.0,0.0,2025-11-14
T170813,2025-11,469192.0,281515.0,0.0,2025-12-10
T170813,2025-12,590458.0,354275.0,0.0,2026-01-17
T170813,2026-01,291523.0,174914.0,0.0,2026-02-23
T170813,2026-02,323496.0,194098.0,0.0,2026-03-20
T170813,2026-03,120444.0,72266.0,0.0,2026-04-23
T170813,2026-04,495745.0,297447.0,0.0,2026-05-21
T170813,2026-05,432263.0,259358.0,0.0,2026-06-10
T170813,2026-06,332432.0,199459.0,0.0,2026-07-14
T170813,2026-07,243409.0,146045.0,0.0,2026-08-15
T170813,2026-08,373122.0,223873.0,0.0,2026-09-10
T170813,2026-09,353494.0,212097.0,0.0,2026-10-17
T104496,2024-10,536590.0,321954.0,0.0,2024-11-24
T104496,2024-11,9523636.0,5884692.0,570091.0,2024-12-21
T104496,2024-12,214891.0,128935.0,0.0,2025-01-07
T104496,2025-01,298706.0,179223.0,0.0,2025-02-19
T104496,2025-02,1376878.0,826127.0,0.0,2025-03-16
T104496,2025-03,602956.0,361774.0,0.0,2025-04-10
T104496,2025-04,445484.0,267290.0,0.0,2025-05-06
T104496,2025-05,1130398.0,678239.0,0.0,2025-06-09
T104496,2025-06,10965317.0,6775512.0,633598.0,2025-07-15
T104496,2025-07,968987.0,581392.0,0.0,2025-08-24
T104496,2025-08,20329655.0,12561773.0,1193791.0,2025-09-08
T104496,2025-09,544408.0,326645.0,0.0,2025-10-15
T104496,2025-10,627796.0,376678.0,0.0,2025-11-17
T104496,2025-11,316840.0,190104.0,0.0,2025-12-08
T104496,2025-12,882565.0,529539.0,0.0,2026-01-19
T104496,2026-01,364296.0,218578.0,0.0,2026-02-06
T104496,2026-02,352859.0,211715.0,0.0,2026-03-14
T104496,2026-03,46149732.0,28516099.0,2739180.0,2026-04-09
T104496,2026-04,395540.0,237324.0,0.0,2026-05-09
T104496,2026-05,780965.0,468579.0,0.0,2026-06-10
T104496,2026-06,3831005.0,2367193.0,222983.0,2026-07-24
T104496,2026-07,482851.0,289711.0,0.0,2026-08-07
T104496,2026-08,24808040.0,15328985.0,1442806.0,2026-09-05
T104496,2026-09,491910.0,295146.0,0.0,2026-10-15
T826967,2024-10,231827.0,139096.0,0.0,2024-11-17
T826967,2024-11,8633435.0,5929529.0,519668.0,2024-12-24
T826967,2024-12,638034.0,382820.0,0.0,2025-01-23
T826967,2025-01,114235305.0,78457942.0,7737954.0,2025-02-10
T826967,2025-02,301324.0,180794.0,0.0,2025-03-17
T826967,2025-03,195642.0,117385.0,0.0,2025-04-08
T826967,2025-04,190071.0,114043.0,0.0,2025-05-09
T826967,2025-05,10974192.0,7537184.0,703216.0,2025-06-21
T826967,2025-06,199619.0,119771.0,0.0,2025-07-20
T826967,2025-07,511945.0,307167.0,0.0,2025-08-11
T826967,2025-08,436706.0,262023.0,0.0,2025-09-17
T826967,2025-09,437540.0,262524.0,0.0,2025-10-23
T826967,2025-10,420426.0,252256.0,0.0,2025-11-07
T826967,2025-11,362240.0,217344.0,0.0,2025-12-10
T826967,2025-12,178498.0,107099.0,0.0,2026-01-22
T826967,2026-01,283049.0,169829.0,0.0,2026-02-22
T826967,2026-02,419843.0,251906.0,0.0,2026-03-06
T826967,2026-03,781580.0,468948.0,0.0,2026-04-22
T826967,2026-04,448068.0,268841.0,0.0,2026-05-14
T826967,2026-05,652339.0,391403.0,0.0,2026-06-22
T826967,2026-06,400639.0,240384.0,0.0,2026-07-24
T826967,2026-07,293116.0,175870.0,0.0,2026-08-20
T826967,2026-08,377693.0,226616.0,0.0,2026-09-15
T826967,2026-09,511446.0,306867.0,0.0,2026-10-22
T159766,2024-10,578233.0,346940.0,0.0,2024-11-16
T159766,2024-11,3179522.0,2128245.0,186643.0,2024-12-19
T159766,2024-12,264821.0,158893.0,0.0,2025-01-07
T159766,2025-01,321525.0,192915.0,0.0,2025-02-16
T159766,2025-02,400145.0,240087.0,0.0,2025-03-24
T159766,2025-03,71275654.0,47709072.0,4466230.0,2025-04-24
T159766,2025-04,326385.0,195831.0,0.0,2025-05-05
T159766,2025-05,29996380.0,20078377.0,1969891.0,2025-06-14
T159766,2025-06,290580.0,174348.0,0.0,2025-07-19
T159766,2025-07,46307423.0,30996337.0,2936462.0,2025-08-05
T159766,2025-08,346471.0,207882.0,0.0,2025-09-16
T159766,2025-09,1535443.0,921266.0,0.0,2025-10-12
T159766,2025-10,97590083.0,65322898.0,6405757.0,2025-11-23
T159766,2025-11,12864952.0,8611284.0,824765.0,2025-12-08
T159766,2025-12,267888.0,160733.0,0.0,2026-01-07
T159766,2026-01,231228.0,138737.0,0.0,2026-02-17
T159766,2026-02,223391.0,134035.0,0.0,2026-03-13
T159766,2026-03,19767814.0,13231784.0,1185496.0,2026-04-08
T159766,2026-04,907472.0,544483.0,0.0,2026-05-11
T159766,2026-05,472715.0,283629.0,0.0,2026-06-15
T159766,2026-06,191678.0,115007.0,0.0,2026-07-06
T159766,2026-07,15878020.0,10628112.0,936330.0,2026-08-08
T159766,2026-08,295535.0,177321.0,0.0,2026-09-19
T159766,2026-09,797395.0,478437.0,0.0,2026-10-21
T1139,2024-10,562324.0,337394.0,0.0,2024-11-08
T1139,2024-11,201406.0,120843.0,0.0,2024-12-08
T1139,2024-12,307303.0,184382.0,0.0,2025-01-16
T1139,2025-01,752354.0,451413.0,0.0,2025-02-19
T1139,2025-02,199690.0,119814.0,0.0,2025-03-18
T1139,2025-03,460679.0,276407.0,0.0,2025-04-05
T1139,2025-04,1146773.0,688064.0,0.0,2025-05-19
T1139,2025-05,434001.0,260401.0,0.0,2025-06-24
T1139,2025-06,308682.0,185209.0,0.0,2025-07-11
T1139,2025-07,449422.0,269653.0,0.0,2025-08-07
T1139,2025-08,399315.0,239589.0,0.0,2025-09-06
T1139,2025-09,605167.0,363100.0,0.0,2025-10-18
T1139,2025-10,405558.0,243335.0,0.0,2025-11-19
T1139,2025-11,354164.0,212499.0,0.0,2025-12-21
T1139,2025-12,601781.0,361069.0,0.0,2026-01-15
T1139,2026-01,514023.0,308414.0,0.0,2026-02-14
T1139,2026-02,471280.0,282768.0,0.0,2026-03-08
T1139,2026-03,478420.0,287052.0,0.0,2026-04-06
T1139,2026-04,1107164.0,664298.0,0.0,2026-05-17
T1139,2026-05,383363.0,230018.0,0.0,2026-06-06
T1139,2026-06,411261.0,246757.0,0.0,2026-07-23
T1139,2026-07,281753.0,169052.0,0.0,2026-08-22
T1139,2026-08,267249.0,160349.0,0.0,2026-09-16
T1139,2026-09,257055.0,154233.0,0.0,2026-10-05
T779717,2024-10,433046.0,259828.0,0.0,2024-11-23
T779717,2024-11,487603.0,292562.0,0.0,2024-12-24
T779717,2024-12,192248.0,115349.0,0.0,2025-01-20
T779717,2025-01,170160.0,102096.0,0.0,2025-02-23
T779717,2025-02,864904.0,518943.0,0.0,2025-03-06
T779717,2025-03,10827661.0,7282824.0,660581.0,2025-04-09
T779717,2025-04,879494.0,527696.0,0.0,2025-05-07
T779717,2025-05,382647.0,229588.0,0.0,2025-06-15
T779717,2025-06,430479.0,258287.0,0.0,2025-07-15
T779717,2025-07,283932.0,170359.0,0.0,2025-08-22
T779717,2025-08,461280.0,276768.0,0.0,2025-09-08
T779717,2025-09,350954.0,210573.0,0.0,2025-10-17
T779717,2025-10,308679.0,185208.0,0.0,2025-11-11
T779717,2025-11,6242652.0,4198889.0,416146.0,2025-12-10
T779717,2025-12,590342.0,354205.0,0.0,2026-01-09
T779717,2026-01,26116541.0,17566322.0,1781463.0,2026-02-24
T779717,2026-02,337121.0,202273.0,0.0,2026-03-24
T779717,2026-03,633813.0,380288.0,0.0,2026-04-11
T779717,2026-04,272971.0,163783.0,0.0,2026-05-11
T779717,2026-05,1905262.0,1281504.0,141201.0,2026-06-18
T779717,2026-06,404192.0,242515.0,0.0,2026-07-12
T779717,2026-07,932831.0,559699.0,0.0,2026-08-12
T779717,2026-08,731324.0,438794.0,0.0,2026-09-12
T779717,2026-09,10116262.0,6804328.0,739033.0,2026-10-15
T620787,2024-10,174594.0,104757.0,0.0,2024-11-08
T620787,2024-11,214083.0,128450.0,0.0,2024-12-14
T620787,2024-12,526838.0,316103.0,0.0,2025-01-06
T620787,2025-01,419020.0,251412.0,0.0,2025-02-12
T620787,2025-02,551271.0,330763.0,0.0,2025-03-05
T620787,2025-03,359407.0,215644.0,0.0,2025-04-24
T620787,2025-04,345007.0,207004.0,0.0,2025-05-12
T620787,2025-05,360360.0,216216.0,0.0,2025-06-17
T620787,2025-06,585167.0,351100.0,0.0,2025-07-15
T620787,2025-07,372344.0,223406.0,0.0,2025-08-19
T620787,2025-08,748685.0,449211.0,0.0,2025-09-14
T620787,2025-09,965189.0,579113.0,0.0,2025-10-06
T620787,2025-10,295552.0,177331.0,0.0,2025-11-23
T620787,2025-11,1064774.0,638864.0,0.0,2025-12-07
T620787,2025-12,408165.0,244899.0,0.0,2026-01-17
T620787,2026-01,834662.0,500797.0,0.0,2026-02-18
T620787,2026-02,424577.0,254746.0,0.0,2026-03-08
T620787,2026-03,246879.0,148127.0,0.0,2026-04-18
T620787,2026-04,475514.0,285308.0,0.0,2026-05-09
T620787,2026-05,246217.0,147730.0,0.0,2026-06-14
T620787,2026-06,377414.0,226448.0,0.0,2026-07-09
T620787,2026-07,469751.0,281850.0,0.0,2026-08-24
T620787,2026-08,257690.0,154614.0,0.0,2026-09-12
T620787,2026-09,327507.0,196504.0,0.0,2026-10-21
T972338,2024-10,473462.0,284077.0,0.0,2024-11-22
T972338,2024-11,250806.0,150483.0,0.0,2024-12-06
T972338,2024-12,356995.0,214197.0,0.0,2025-01-09
T972338,2025-01,323490.0,194094.0,0.0,2025-02-09
T972338,2025-02,567540.0,340524.0,0.0,2025-03-18
T972338,2025-03,1208412.0,725047.0,0.0,2025-04-08
T972338,2025-04,328822.0,197293.0,0.0,2025-05-11
T972338,2025-05,338880.0,203328.0,0.0,2025-06-22
T972338,2025-06,302215.0,181329.0,0.0,2025-07-15
T972338,2025-07,485108.0,291065.0,0.0,2025-08-18
T972338,2025-08,400901.0,240541.0,0.0,2025-09-11
T972338,2025-09,614489.0,368693.0,0.0,2025-10-18
T972338,2025-10,249676.0,149805.0,0.0,2025-11-10
T972338,2025-11,786046.0,471628.0,0.0,2025-12-18
T972338,2025-12,451935.0,271161.0,0.0,2026-01-07
T972338,2026-01,833205.0,499923.0,0.0,2026-02-16
T972338,2026-02,616088.0,369653.0,0.0,2026-03-24
T972338,2026-03,843600.0,506160.0,0.0,2026-04-09
T972338,2026-04,175238.0,105143.0,0.0,2026-05-11
T972338,2026-05,326653.0,195992.0,0.0,2026-06-23
T972338,2026-06,855469.0,513281.0,0.0,2026-07-19
T972338,2026-07,1287968.0,772781.0,0.0,2026-08-19
T972338,2026-08,201115.0,120669.0,0.0,2026-09-16
T972338,2026-09,462910.0,277746.0,0.0,2026-10-15
T878170,2024-10,675652.0,405391.0,0.0,2024-11-05
T878170,2024-11,342194.0,205317.0,0.0,2024-12-15
T878170,2024-12,2281850.0,1659432.0,160824.0,2025-01-20
T878170,2025-01,318007.0,190804.0,0.0,2025-02-21
T878170,2025-02,459332.0,275599.0,0.0,2025-03-21
T878170,2025-03,3564170.0,2591975.0,259101.0,2025-04-07
T878170,2025-04,325275.0,195165.0,0.0,2025-05-19
T878170,2025-05,624357.0,374614.0,0.0,2025-06-21
T878170,2025-06,210146.0,126088.0,0.0,2025-07-09
T878170,2025-07,139565.0,83739.0,0.0,2025-08-16
T878170,2025-08,314978.0,188987.0,0.0,2025-09-05
T878170,2025-09,799007.0,479404.0,0.0,2025-10-05
T878170,2025-10,502043.0,301226.0,0.0,2025-11-11
T878170,2025-11,450928.0,270557.0,0.0,2025-12-14
T878170,2025-12,156072.0,93643.0,0.0,2026-01-09
T878170,2026-01,1161390.0,696834.0,0.0,2026-02-14
T878170,2026-02,303777.0,182266.0,0.0,2026-03-05
T878170,2026-03,577701.0,346620.0,0.0,2026-04-21
T878170,2026-04,749816.0,449890.0,0.0,2026-05-17
T878170,2026-05,290797.0,174478.0,0.0,2026-06-10
T878170,2026-06,534430.0,320658.0,0.0,2026-07-19
T878170,2026-07,336274.0,201764.0,0.0,2026-08-10
T878170,2026-08,423579.0,254147.0,0.0,2026-09-24
T878170,2026-09,452699.0,271619.0,0.0,2026-10-13
T647481,2024-10,57985395.0,39781203.0,3669166.0,2024-11-14
T647481,2024-11,271919.0,163152.0,0.0,2024-12-22
T647481,2024-12,402315.0,241389.0,0.0,2025-01-12
T647481,2025-01,251005.0,150603.0,0.0,2025-02-15
T647481,2025-02,42863031.0,29406421.0,2599659.0,2025-03-17
T647481,2025-03,637096.0,382257.0,0.0,2025-04-09
T647481,2025-04,363481.0,218088.0,0.0,2025-05-07
T647481,2025-05,274062.0,164437.0,0.0,2025-06-22
T647481,2025-06,429272.0,257563.0,0.0,2025-07-12
T647481,2025-07,447049.0,268229.0,0.0,2025-08-08
T647481,2025-08,37669999.0,25843713.0,2511012.0,2025-09-21
T647481,2025-09,392954.0,235773.0,0.0,2025-10-19
T647481,2025-10,299252.0,179551.0,0.0,2025-11-08
T647481,2025-11,665129.0,399077.0,0.0,2025-12-07
T647481,2025-12,991398.0,594839.0,0.0,2026-01-18
T647481,2026-01,291798.0,175079.0,0.0,2026-02-05
T647481,2026-02,419825.0,251895.0,0.0,2026-03-12
T647481,2026-03,690886.0,414531.0,0.0,2026-04-20
T647481,2026-04,52006984.0,35679682.0,3440586.0,2026-05-22
T647481,2026-05,316802.0,190081.0,0.0,2026-06-18
T647481,2026-06,352631.0,211579.0,0.0,2026-07-06
T647481,2026-07,402905.0,241743.0,0.0,2026-08-20
T647481,2026-08,324452.0,194671.0,0.0,2026-09-19
T647481,2026-09,492123.0,295274.0,0.0,2026-10-20
T1129,2024-10,260770.0,156462.0,0.0,2024-11-23
T1129,2024-11,299017.0,179410.0,0.0,2024-12-23
T1129,2024-12,154129.0,92478.0,0.0,2025-01-24
T1129,2025-01,12992905.0,7919962.0,723096.0,2025-02-12
T1129,2025-02,442444.0,265467.0,0.0,2025-03-24
T1129,2025-03,308410.0,185046.0,0.0,2025-04-09
T1129,2025-04,331372.0,198823.0,0.0,2025-05-17
T1129,2025-05,509722.0,305833.0,0.0,2025-06-12
T1129,2025-06,19029909.0,11599882.0,1059020.0,2025-07-05
T1129,2025-07,486502.0,291901.0,0.0,2025-08-21
T1129,2025-08,42088317.0,25655378.0,2490013.0,2025-09-24
T1129,2025-09,334532.0,200719.0,0.0,2025-10-14
T1129,2025-10,356714.0,214028.0,0.0,2025-11-18
T1129,2025-11,798957.0,479374.0,0.0,2025-12-20
T1129,2025-12,314081.0,188448.0,0.0,2026-01-22
T1129,2026-01,307403.0,184442.0,0.0,2026-02-15
T1129,2026-02,287270.0,172362.0,0.0,2026-03-13
T1129,2026-03,311253.0,186752.0,0.0,2026-04-11
T1129,2026-04,688037.0,412822.0,0.0,2026-05-22
T1129,2026-05,216360.0,129816.0,0.0,2026-06-12
T1129,2026-06,1171820.0,703092.0,0.0,2026-07-22
T1129,2026-07,567961.0,340777.0,0.0,2026-08-20
T1129,2026-08,290019.0,174011.0,0.0,2026-09-07
T1129,2026-09,158685.0,95211.0,0.0,2026-10-10
T302026,2024-10,7622578.0,4551391.0,517924.0,2024-11-16
T302026,2024-11,155884.0,93530.0,0.0,2024-12-19
T302026,2024-12,618577.0,371146.0,0.0,2025-01-24
T302026,2025-01,22259260.0,13290857.0,1475166.0,2025-02-17
T302026,2025-02,272156.0,163294.0,0.0,2025-03-13
T302026,2025-03,384717.0,230830.0,0.0,2025-04-06
T302026,2025-04,224675.0,134805.0,0.0,2025-05-11
T302026,2025-05,488162.0,292897.0,0.0,2025-06-16
T302026,2025-06,239499.0,143699.0,0.0,2025-07-08
T302026,2025-07,267709.0,160626.0,0.0,2025-08-14
T302026,2025-08,378929.0,227357.0,0.0,2025-09-15
T302026,2025-09,3038105.0,1814033.0,164877.0,2025-10-07
T302026,2025-10,543615.0,326169.0,0.0,2025-11-08
T302026,2025-11,10838662.0,6471693.0,590584.0,2025-12-18
T302026,2025-12,619473.0,371684.0,0.0,2026-01-20
T302026,2026-01,431628.0,258977.0,0.0,2026-02-14
T302026,2026-02,189885.0,113931.0,0.0,2026-03-24
T302026,2026-03,343263.0,205958.0,0.0,2026-04-06
T302026,2026-04,3431001.0,2058601.0,0.0,2026-05-24
T302026,2026-05,518387.0,311032.0,0.0,2026-06-15
T302026,2026-06,741975.0,445185.0,0.0,2026-07-17
T302026,2026-07,119319.0,71591.0,0.0,2026-08-12
T302026,2026-08,21404436.0,12780447.0,1402718.0,2026-09-08
T302026,2026-09,394944.0,236967.0,0.0,2026-10-15
T565348,2024-10,377007.0,226204.0,0.0,2024-11-14
T565348,2024-11,479346.0,287608.0,0.0,2024-12-22
T565348,2024-12,1206156.0,723694.0,0.0,2025-01-16
T565348,2025-01,1636341.0,1002166.0,105151.0,2025-02-16
T565348,2025-02,313961.0,188377.0,0.0,2025-03-13
T565348,2025-03,230457.0,138274.0,0.0,2025-04-18
T565348,2025-04,129000.0,77400.0,0.0,2025-05-18
T565348,2025-05,753028.0,451817.0,0.0,2025-06-07
T565348,2025-06,570598.0,342359.0,0.0,2025-07-19
T565348,2025-07,595967.0,357580.0,0.0,2025-08-18
T565348,2025-08,8844771.0,5416920.0,580046.0,2025-09-12
T565348,2025-09,3278417.0,2007844.0,212594.0,2025-10-16
T565348,2025-10,354902.0,212941.0,0.0,2025-11-21
T565348,2025-11,691982.0,415189.0,0.0,2025-12-06
T565348,2025-12,286609.0,171965.0,0.0,2026-01-08
T565348,2026-01,188468.0,113081.0,0.0,2026-02-21
T565348,2026-02,423128.0,253877.0,0.0,2026-03-19
T565348,2026-03,135847.0,81508.0,0.0,2026-04-10
T565348,2026-04,257207.0,154324.0,0.0,2026-05-16
T565348,2026-05,8998806.0,5511258.0,540874.0,2026-06-23
T565348,2026-06,464288.0,278573.0,0.0,2026-07-11
T565348,2026-07,275109.0,165065.0,0.0,2026-08-20
T565348,2026-08,667551.0,400530.0,0.0,2026-09-09
T565348,2026-09,605672.0,363403.0,0.0,2026-10-23
T1032,2024-10,385017.0,231010.0,0.0,2024-11-16
T1032,2024-11,411075.0,246645.0,0.0,2024-12-24
T1032,2024-12,530617.0,318370.0,0.0,2025-01-13
T1032,2025-01,575811.0,345486.0,0.0,2025-02-12
T1032,2025-02,650769.0,390461.0,0.0,2025-03-06
T1032,2025-03,52978706.0,37737500.0,3577527.0,2025-04-16
T1032,2025-04,594067.0,356440.0,0.0,2025-05-18
T1032,2025-05,279833.0,167900.0,0.0,2025-06-21
T1032,2025-06,188797.0,113278.0,0.0,2025-07-09
T1032,2025-07,268307.0,160984.0,0.0,2025-08-24
T1032,2025-08,279452.0,167671.0,0.0,2025-09-22
T1032,2025-09,450486.0,270292.0,0.0,2025-10-05
T1032,2025-10,462924.0,277755.0,0.0,2025-11-20
T1032,2025-11,139932.0,83959.0,0.0,2025-12-17
T1032,2025-12,240527.0,144316.0,0.0,2026-01-05
T1032,2026-01,630637.0,378382.0,0.0,2026-02-06
T1032,2026-02,718689.0,431213.0,0.0,2026-03-18
T1032,2026-03,1023309.0,613985.0,0.0,2026-04-06
T1032,2026-04,903866.0,542319.0,0.0,2026-05-09
T1032,2026-05,570610.0,342366.0,0.0,2026-06-18
T1032,2026-06,636827.0,382096.0,0.0,2026-07-06
T1032,2026-07,396831.0,238098.0,0.0,2026-08-11
T1032,2026-08,348323.0,208994.0,0.0,2026-09-18
T1032,2026-09,427910.0,256746.0,0.0,2026-10-19
T418955,2024-10,449220.0,269532.0,0.0,2024-11-22
T418955,2024-11,193895.0,116337.0,0.0,2024-12-10
T418955,2024-12,547465.0,328479.0,0.0,2025-01-05
T418955,2025-01,179530.0,107718.0,0.0,2025-02-10
T418955,2025-02,499403.0,299642.0,0.0,2025-03-07
T418955,2025-03,409986.0,245992.0,0.0,2025-04-24
T418955,2025-04,569138.0,341483.0,0.0,2025-05-19
T418955,2025-05,305485.0,183291.0,0.0,2025-06-17
T418955,2025-06,627911.0,376747.0,0.0,2025-07-08
T418955,2025-07,337165.0,202299.0,0.0,2025-08-14
T418955,2025-08,146520.0,87912.0,0.0,2025-09-10
T418955,2025-09,233951.0,140371.0,0.0,2025-10-17
T418955,2025-10,1191878.0,715127.0,0.0,2025-11-05
T418955,2025-11,115517.0,69310.0,0.0,2025-12-14
T418955,2025-12,414347.0,248608.0,0.0,2026-01-24
T418955,2026-01,452720.0,271632.0,0.0,2026-02-07
T418955,2026-02,482978.0,289787.0,0.0,2026-03-23
T418955,2026-03,492534.0,295520.0,0.0,2026-04-19
T418955,2026-04,232905.0,139743.0,0.0,2026-05-05
T418955,2026-05,311940.0,187164.0,0.0,2026-06-09
T418955,2026-06,401784.0,241070.0,0.0,2026-07-09
T418955,2026-07,288459.0,173075.0,0.0,2026-08-13
T418955,2026-08,272882.0,163729.0,0.0,2026-09-06
T418955,2026-09,616332.0,369799.0,0.0,2026-10-24
T899436,2024-10,438961.0,263377.0,0.0,2024-11-05
T899436,2024-11,415274.0,249164.0,0.0,2024-12-19
T899436,2024-12,412164.0,247299.0,0.0,2025-01-20
T899436,2025-01,221918.0,133151.0,0.0,2025-02-18
T899436,2025-02,723614.0,434169.0,0.0,2025-03-19
T899436,2025-03,363571.0,218143.0,0.0,2025-04-07
T899436,2025-04,349136.0,209481.0,0.0,2025-05-16
T899436,2025-05,234747.0,140848.0,0.0,2025-06-10
T899436,2025-06,889267.0,533560.0,0.0,2025-07-08
T899436,2025-07,787806.0,472684.0,0.0,2025-08-10
T899436,2025-08,445219.0,267132.0,0.0,2025-09-21
T899436,2025-09,621094.0,372657.0,0.0,2025-10-09
T899436,2025-10,369798.0,221879.0,0.0,2025-11-12
T899436,2025-11,447571.0,268542.0,0.0,2025-12-22
T899436,2025-12,590263.0,354158.0,0.0,2026-01-23
T899436,2026-01,444797.0,266878.0,0.0,2026-02-11
T899436,2026-02,12167741.0,8508181.0,857702.0,2026-03-13
T899436,2026-03,526415.0,315849.0,0.0,2026-04-19
T899436,2026-04,367882.0,220729.0,0.0,2026-05-15
T899436,2026-05,241880.0,145128.0,0.0,2026-06-19
T899436,2026-06,980864.0,588518.0,0.0,2026-07-15
T899436,2026-07,183936898.0,128616181.0,12812537.0,2026-08-18
T899436,2026-08,533110.0,319866.0,0.0,2026-09-22
T899436,2026-09,306258.0,183755.0,0.0,2026-10-24
T1089,2024-10,357863.0,214718.0,0.0,2024-11-13
T1089,2024-11,881139.0,528684.0,0.0,2024-12-09
T1089,2024-12,204301.0,122581.0,0.0,2025-01-08
T1089,2025-01,535047.0,321028.0,0.0,2025-02-16
T1089,2025-02,622192.0,373315.0,0.0,2025-03-18
T1089,2025-03,164055.0,98433.0,0.0,2025-04-24
T1089,2025-04,709815.0,425889.0,0.0,2025-05-20
T1089,2025-05,6767814.0,4315151.0,377679.0,2025-06-22
T1089,2025-06,10826800.0,6903156.0,636315.0,2025-07-24
T1089,2025-07,255063.0,153038.0,0.0,2025-08-15
T1089,2025-08,446433.0,267860.0,0.0,2025-09-07
T1089,2025-09,412766.0,247660.0,0.0,2025-10-24
T1089,2025-10,16684444.0,10637983.0,981709.0,2025-11-07
T1089,2025-11,416689.0,250013.0,0.0,2025-12-18
T1089,2025-12,273435.0,164061.0,0.0,2026-01-21
T1089,2026-01,271626.0,162976.0,0.0,2026-02-06
T1089,2026-02,613929.0,368357.0,0.0,2026-03-10
T1089,2026-03,770114.0,462068.0,0.0,2026-04-09
T1089,2026-04,575299.0,345179.0,0.0,2026-05-12
T1089,2026-05,253504.0,152102.0,0.0,2026-06-16
T1089,2026-06,189526.0,113716.0,0.0,2026-07-07
T1089,2026-07,390140.0,234084.0,0.0,2026-08-24
T1089,2026-08,189682.0,113809.0,0.0,2026-09-10
T1089,2026-09,363782.0,218269.0,0.0,2026-10-12
T1190,2024-10,471495.0,282897.0,0.0,2024-11-17
T1190,2024-11,1144124.0,686474.0,0.0,2024-12-12
T1190,2024-12,407020.0,244212.0,0.0,2025-01-19
T1190,2025-01,443394.0,266037.0,0.0,2025-02-19
T1190,2025-02,362303.0,217382.0,0.0,2025-03-15
T1190,2025-03,245783.0,147470.0,0.0,2025-04-07
T1190,2025-04,398880.0,239328.0,0.0,2025-05-15
T1190,2025-05,719004.0,431402.0,0.0,2025-06-19
T1190,2025-06,127319.0,76391.0,0.0,2025-07-20
T1190,2025-07,366237.0,219742.0,0.0,2025-08-15
T1190,2025-08,158865.0,95319.0,0.0,2025-09-08
T1190,2025-09,425676.0,255406.0,0.0,2025-10-21
T1190,2025-10,400265.0,240159.0,0.0,2025-11-09
T1190,2025-11,1128512.0,677107.0,0.0,2025-12-14
T1190,2025-12,605589.0,363353.0,0.0,2026-01-13
T1190,2026-01,294759.0,176855.0,0.0,2026-02-05
T1190,2026-02,453977.0,272386.0,0.0,2026-03-21
T1190,2026-03,673306.0,403984.0,0.0,2026-04-20
T1190,2026-04,275894.0,165536.0,0.0,2026-05-22
T1190,2026-05,348494.0,209097.0,0.0,2026-06-21
T1190,2026-06,361747.0,217048.0,0.0,2026-07-20
T1190,2026-07,375565.0,225339.0,0.0,2026-08-16
T1190,2026-08,410793.0,246476.0,0.0,2026-09-21
T1190,2026-09,578762.0,347257.0,0.0,2026-10-16
T808637,2024-10,427109.0,256265.0,0.0,2024-11-20
T808637,2024-11,426265.0,255759.0,0.0,2024-12-05
T808637,2024-12,1071389.0,642833.0,0.0,2025-01-21
T808637,2025-01,416917.0,250150.0,0.0,2025-02-18
T808637,2025-02,1086287.0,651772.0,0.0,2025-03-18
T808637,2025-03,565749.0,339450.0,0.0,2025-04-13
T808637,2025-04,677495.0,406497.0,0.0,2025-05-24
T808637,2025-05,233898.0,140339.0,0.0,2025-06-18
T808637,2025-06,1142007.0,685204.0,0.0,2025-07-23
T808637,2025-07,798184.0,478911.0,0.0,2025-08-23
T808637,2025-08,445155.0,267093.0,0.0,2025-09-20
T808637,2025-09,139908.0,83945.0,0.0,2025-10-06
T808637,2025-10,289214.0,173529.0,0.0,2025-11-22
T808637,2025-11,732538.0,439523.0,0.0,2025-12-17
T808637,2025-12,438091.0,262854.0,0.0,2026-01-09
T808637,2026-01,609048.0,365429.0,0.0,2026-02-13
T808637,2026-02,243572.0,146143.0,0.0,2026-03-05
T808637,2026-03,902796.0,541677.0,0.0,2026-04-17
T808637,2026-04,751728.0,451037.0,0.0,2026-05-14
T808637,2026-05,451944.0,271166.0,0.0,2026-06-09
T808637,2026-06,230434.0,138261.0,0.0,2026-07-20
T808637,2026-07,895361.0,537216.0,0.0,2026-08-13
T808637,2026-08,642364.0,385418.0,0.0,2026-09-14
T808637,2026-09,349648.0,209789.0,0.0,2026-10-24
T191682,2024-10,487174.0,292304.0,0.0,2024-11-09
T191682,2024-11,685113.0,411068.0,0.0,2024-12-16
T191682,2024-12,315034.0,189021.0,0.0,2025-01-09
T191682,2025-01,245683.0,147410.0,0.0,2025-02-09
T191682,2025-02,240462.0,144277.0,0.0,2025-03-11
T191682,2025-03,366657.0,219994.0,0.0,2025-04-10
T191682,2025-04,619680.0,371808.0,0.0,2025-05-07
T191682,2025-05,481529.0,288918.0,0.0,2025-06-24
T191682,2025-06,340643.0,204386.0,0.0,2025-07-12
T191682,2025-07,1159353.0,695612.0,0.0,2025-08-12
T191682,2025-08,136907.0,82144.0,0.0,2025-09-08
T191682,2025-09,264508.0,158705.0,0.0,2025-10-05
T191682,2025-10,354218.0,212531.0,0.0,2025-11-12
T191682,2025-11,412496.0,247498.0,0.0,2025-12-11
T191682,2025-12,570159.0,342095.0,0.0,2026-01-18
T191682,2026-01,390573.0,234344.0,0.0,2026-02-10
T191682,2026-02,222246.0,133347.0,0.0,2026-03-13
T191682,2026-03,572798.0,343679.0,0.0,2026-04-20
T191682,2026-04,172947.0,103768.0,0.0,2026-05-13
T191682,2026-05,141918.0,85151.0,0.0,2026-06-23
T191682,2026-06,2011639.0,1455245.0,159877.0,2026-07-05
T191682,2026-07,371862.0,223117.0,0.0,2026-08-15
T191682,2026-08,558658.0,335195.0,0.0,2026-09-20
T191682,2026-09,191776.0,115066.0,0.0,2026-10-08
T1184,2024-10,6657799.0,49267712.0,5506151.0,2024-11-13
T1184,2024-11,0.0,381889.0,0.0,2024-12-08
T1184,2024-12,3960819.0,29310061.0,3427501.0,2025-01-14
T1184,2025-01,3238339.0,23963708.0,2412245.0,2025-02-24
T1184,2025-02,0.0,151682.0,0.0,2025-03-09
T1184,2025-03,0.0,115306.0,0.0,2025-04-08
T1184,2025-04,7513269.0,55598189.0,6153090.0,2025-05-24
T1184,2025-05,1028529.0,7611117.0,868743.0,2025-06-11
T1184,2025-06,4241436.0,31386626.0,3121082.0,2025-07-08
T1184,2025-07,0.0,395276.0,0.0,2025-08-16
T1184,2025-08,0.0,181118.0,0.0,2025-09-16
T1184,2025-09,1238103.0,9161963.0,928954.0,2025-10-19
T1184,2025-10,1958350.0,14491788.0,1440650.0,2025-11-08
T1184,2025-11,10098896.0,74731834.0,7756247.0,2025-12-11
T1184,2025-12,0.0,121520.0,0.0,2026-01-12
T1184,2026-01,368106.0,2723982.0,273740.0,2026-02-16
T1184,2026-02,0.0,441210.0,0.0,2026-03-16
T1184,2026-03,0.0,73338.0,0.0,2026-04-13
T1184,2026-04,14688115.0,108692052.0,11580048.0,2026-05-11
T1184,2026-05,5647568.0,41792000.0,4781238.0,2026-06-05
T1184,2026-06,4235124.0,31339914.0,3364489.0,2026-07-19
T1184,2026-07,479852.0,3550903.0,412074.0,2026-08-07
T1184,2026-08,4981633.0,36864085.0,4047632.0,2026-09-13
T1184,2026-09,0.0,578526.0,0.0,2026-10-10
T283089,2024-10,0.0,183317.0,0.0,2024-11-11
T283089,2024-11,0.0,194434.0,0.0,2024-12-12
T283089,2024-12,4944312.0,6809451.0,712861.0,2025-01-10
T283089,2025-01,2617697.0,3534542.0,391227.0,2025-02-13
T283089,2025-02,0.0,551420.0,0.0,2025-03-15
T283089,2025-03,0.0,569181.0,0.0,2025-04-22
T283089,2025-04,1198035.0,2188379.0,225898.0,2025-05-11
T283089,2025-05,1807624.0,2497983.0,265489.0,2025-06-06
T283089,2025-06,2599478.0,3447011.0,371749.0,2025-07-22
T283089,2025-07,0.0,322644.0,0.0,2025-08-10
T283089,2025-08,0.0,111208.0,0.0,2025-09-08
T283089,2025-09,0.0,762449.0,0.0,2025-10-17
T283089,2025-10,0.0,562386.0,0.0,2025-11-11
T283089,2025-11,0.0,326301.0,0.0,2025-12-21
T283089,2025-12,0.0,459567.0,0.0,2026-01-11
T283089,2026-01,428226.0,784623.0,79586.0,2026-02-13
T283089,2026-02,3772966.0,4569909.0,423591.0,2026-03-08
T283089,2026-03,0.0,413469.0,0.0,2026-04-11
T283089,2026-04,614618.0,748915.0,66972.0,2026-05-07
T283089,2026-05,0.0,292762.0,0.0,2026-06-21
T283089,2026-06,1136816.0,1894113.0,199408.0,2026-07-15
T283089,2026-07,1785250.0,2797085.0,295015.0,2026-08-20
T283089,2026-08,0.0,261691.0,0.0,2026-09-18
T283089,2026-09,2988708.0,3629594.0,329051.0,2026-10-24
T154569,2024-10,22244883.0,12804927.0,1181874.0,2024-11-20
T154569,2024-11,499498.0,299699.0,0.0,2024-12-24
T154569,2024-12,2875176.0,1655051.0,148601.0,2025-01-05
T154569,2025-01,18400887.0,10592190.0,953267.0,2025-02-10
T154569,2025-02,3095294.0,1781759.0,163974.0,2025-03-11
T154569,2025-03,7525502.0,4331940.0,399521.0,2025-04-17
T154569,2025-04,6138409.0,3533481.0,313527.0,2025-05-09
T154569,2025-05,6838386.0,3936412.0,356557.0,2025-06-08
T154569,2025-06,8989768.0,5174823.0,461966.0,2025-07-19
T154569,2025-07,233146.0,139888.0,0.0,2025-08-06
T154569,2025-08,27858973.0,16036592.0,1559740.0,2025-09-23
T154569,2025-09,29445523.0,16949865.0,1555606.0,2025-10-07
T154569,2025-10,15905817.0,9155941.0,823828.0,2025-11-18
T154569,2025-11,23198857.0,13354068.0,1282657.0,2025-12-10
T154569,2025-12,17198746.0,9900195.0,887315.0,2026-01-05
T154569,2026-01,8580582.0,4939281.0,458123.0,2026-02-11
T154569,2026-02,10079445.0,5802078.0,564960.0,2026-03-10
T154569,2026-03,2902177.0,1670594.0,146376.0,2026-04-11
T154569,2026-04,20242845.0,11652484.0,1072619.0,2026-05-06
T154569,2026-05,23772239.0,13684126.0,1277182.0,2026-06-12
T154569,2026-06,2552501.0,1469308.0,128722.0,2026-07-19
T154569,2026-07,187524.0,112514.0,0.0,2026-08-22
T154569,2026-08,16529793.0,9515123.0,857159.0,2026-09-12
T154569,2026-09,577050.0,346230.0,0.0,2026-10-23
T314218,2024-10,309898.0,185939.0,0.0,2024-11-17
T314218,2024-11,898189.0,538914.0,0.0,2024-12-15
T314218,2024-12,282667.0,169600.0,0.0,2025-01-22
T314218,2025-01,288899.0,173339.0,0.0,2025-02-15
T314218,2025-02,749472.0,449683.0,0.0,2025-03-18
T314218,2025-03,814920.0,488952.0,0.0,2025-04-24
T314218,2025-04,179127.0,107476.0,0.0,2025-05-23
T314218,2025-05,539306.0,323584.0,0.0,2025-06-24
T314218,2025-06,408602.0,245161.0,0.0,2025-07-24
T314218,2025-07,603793.0,362276.0,0.0,2025-08-15
T314218,2025-08,530064.0,318038.0,0.0,2025-09-24
T314218,2025-09,256894.0,154136.0,0.0,2025-10-12
T314218,2025-10,224791.0,134875.0,0.0,2025-11-16
T314218,2025-11,494382.0,296629.0,0.0,2025-12-24
T314218,2025-12,425924.0,255554.0,0.0,2026-01-21
T314218,2026-01,297237.0,178342.0,0.0,2026-02-19
T314218,2026-02,378540.0,227124.0,0.0,2026-03-05
T314218,2026-03,428058.0,256835.0,0.0,2026-04-10
T314218,2026-04,497919.0,298751.0,0.0,2026-05-15
T314218,2026-05,352030.0,211218.0,0.0,2026-06-13
T314218,2026-06,665380.0,399228.0,0.0,2026-07-11
T314218,2026-07,309097.0,185458.0,0.0,2026-08-24
T314218,2026-08,399935.0,239961.0,0.0,2026-09-13
T314218,2026-09,417942.0,250765.0,0.0,2026-10-24
T652576,2024-10,3264644.0,2341733.0,206327.0,2024-11-08
T652576,2024-11,239724.0,143835.0,0.0,2024-12-12
T652576,2024-12,10588961.0,7595474.0,687593.0,2025-01-05
T652576,2025-01,5389897.0,3866179.0,346389.0,2025-02-18
T652576,2025-02,697514.0,418509.0,0.0,2025-03-06
T652576,2025-03,248818.0,149291.0,0.0,2025-04-10
T652576,2025-04,341036.0,204621.0,0.0,2025-05-13
T652576,2025-05,453521.0,272113.0,0.0,2025-06-16
T652576,2025-06,286374.0,171825.0,0.0,2025-07-18
T652576,2025-07,462504.0,277503.0,0.0,2025-08-10
T652576,2025-08,9042953.0,6486521.0,604650.0,2025-09-06
T652576,2025-09,13200677.0,9468861.0,880834.0,2025-10-06
T652576,2025-10,9800395.0,7029835.0,630159.0,2025-11-11
T652576,2025-11,4335909.0,3110152.0,281395.0,2025-12-08
T652576,2025-12,426755.0,256053.0,0.0,2026-01-19
T652576,2026-01,382846.0,229708.0,0.0,2026-02-06
T652576,2026-02,328709.0,197225.0,0.0,2026-03-22
T652576,2026-03,2957059.0,2121102.0,204741.0,2026-04-21
T652576,2026-04,184151.0,110491.0,0.0,2026-05-13
T652576,2026-05,355473.0,213284.0,0.0,2026-06-08
T652576,2026-06,426047.0,255628.0,0.0,2026-07-24
T652576,2026-07,4218335.0,3025816.0,268275.0,2026-08-19
T652576,2026-08,1734979.0,1244503.0,112250.0,2026-09-19
T652576,2026-09,11404663.0,8180578.0,749734.0,2026-10-06
T478665,2024-10,431265.0,258759.0,0.0,2024-11-05
T478665,2024-11,377996.0,226797.0,0.0,2024-12-06
T478665,2024-12,347926.0,208756.0,0.0,2025-01-18
T478665,2025-01,9001776.0,6323848.0,613150.0,2025-02-23
T478665,2025-02,349743.0,209846.0,0.0,2025-03-17
T478665,2025-03,363184.0,217911.0,0.0,2025-04-21
T478665,2025-04,33580574.0,23590728.0,2297296.0,2025-05-11
T478665,2025-05,613641.0,368185.0,0.0,2025-06-06
T478665,2025-06,419284.0,251570.0,0.0,2025-07-05
T478665,2025-07,696337.0,417802.0,0.0,2025-08-21
T478665,2025-08,1381577.0,970573.0,110550.0,2025-09-10
T478665,2025-09,380074.0,228044.0,0.0,2025-10-19
T478665,2025-10,335454.0,201272.0,0.0,2025-11-19
T478665,2025-11,145489.0,87293.0,0.0,2025-12-15
T478665,2025-12,2877746.0,2021649.0,183697.0,2026-01-19
T478665,2026-01,10402809.0,7308089.0,656515.0,2026-02-21
T478665,2026-02,559782.0,335869.0,0.0,2026-03-20
T478665,2026-03,490059.0,294035.0,0.0,2026-04-20
T478665,2026-04,425352.0,255211.0,0.0,2026-05-09
T478665,2026-05,6128908.0,4305627.0,488123.0,2026-06-15
T478665,2026-06,499273.0,299564.0,0.0,2026-07-14
T478665,2026-07,24665391.0,17327713.0,1678555.0,2026-08-12
T478665,2026-08,344311.0,206587.0,0.0,2026-09-16
T478665,2026-09,553357.0,332014.0,0.0,2026-10-12
T980803,2024-10,44992329.0,27144610.0,2754530.0,2024-11-10
T980803,2024-11,5728030.0,3455815.0,365412.0,2024-12-12
T980803,2024-12,35904775.0,21661940.0,2003468.0,2025-01-17
T980803,2025-01,371099.0,222660.0,0.0,2025-02-24
T980803,2025-02,2441953.0,1473270.0,159848.0,2025-03-09
T980803,2025-03,7637650.0,4607920.0,485496.0,2025-04-13
T980803,2025-04,51322750.0,30963858.0,3163294.0,2025-05-14
T980803,2025-05,290712.0,174427.0,0.0,2025-06-17
T980803,2025-06,768158.0,460895.0,0.0,2025-07-07
T980803,2025-07,12162761.0,7337993.0,810047.0,2025-08-05
T980803,2025-08,746937.0,448162.0,0.0,2025-09-09
T980803,2025-09,486120.0,291672.0,0.0,2025-10-08
T980803,2025-10,5678744.0,3426079.0,361894.0,2025-11-24
T980803,2025-11,549340.0,329604.0,0.0,2025-12-22
T980803,2025-12,4019983.0,2425322.0,262266.0,2026-01-06
T980803,2026-01,9906495.0,5976751.0,632651.0,2026-02-16
T980803,2026-02,9265806.0,5590213.0,597595.0,2026-03-17
T980803,2026-03,32505198.0,19610919.0,2021985.0,2026-04-07
T980803,2026-04,18443491.0,11127261.0,1212833.0,2026-05-20
T980803,2026-05,7740477.0,4669957.0,465435.0,2026-06-22
T980803,2026-06,2052956.0,1238582.0,130561.0,2026-07-09
T980803,2026-07,48482179.0,29250094.0,3023846.0,2026-08-06
T980803,2026-08,64951918.0,39186558.0,4180557.0,2026-09-24
T980803,2026-09,41883500.0,25269003.0,2686959.0,2026-10-05
T1149,2024-10,274976.0,164986.0,0.0,2024-11-23
T1149,2024-11,304711.0,182827.0,0.0,2024-12-19
T1149,2024-12,813405.0,488043.0,0.0,2025-01-17
T1149,2025-01,230499.0,138300.0,0.0,2025-02-18
T1149,2025-02,377103.0,226262.0,0.0,2025-03-18
T1149,2025-03,290342.0,174205.0,0.0,2025-04-22
T1149,2025-04,818195.0,490917.0,0.0,2025-05-08
T1149,2025-05,306017.0,183610.0,0.0,2025-06-22
T1149,2025-06,160597.0,96358.0,0.0,2025-07-23
T1149,2025-07,355282.0,213169.0,0.0,2025-08-12
T1149,2025-08,725286.0,435172.0,0.0,2025-09-08
T1149,2025-09,481505.0,288903.0,0.0,2025-10-14
T1149,2025-10,369464.0,221679.0,0.0,2025-11-09
T1149,2025-11,38637469.0,24951401.0,2890502.0,2025-12-11
T1149,2025-12,604907.0,362944.0,0.0,2026-01-09
T1149,2026-01,378588.0,227153.0,0.0,2026-02-09
T1149,2026-02,586081.0,351648.0,0.0,2026-03-08
T1149,2026-03,461108.0,276665.0,0.0,2026-04-07
T1149,2026-04,382087.0,229252.0,0.0,2026-05-22
T1149,2026-05,16107366.0,10401854.0,1098145.0,2026-06-08
T1149,2026-06,540679.0,324407.0,0.0,2026-07-11
T1149,2026-07,323008.0,193805.0,0.0,2026-08-23
T1149,2026-08,612138.0,367283.0,0.0,2026-09-23
T1149,2026-09,497698.0,298619.0,0.0,2026-10-10
T1178,2024-10,618146.0,370887.0,0.0,2024-11-17
T1178,2024-11,596730.0,358038.0,0.0,2024-12-16
T1178,2024-12,371751.0,223051.0,0.0,2025-01-15
T1178,2025-01,380431.0,228259.0,0.0,2025-02-15
T1178,2025-02,352324.0,211395.0,0.0,2025-03-13
T1178,2025-03,915648.0,549389.0,0.0,2025-04-12
T1178,2025-04,848748.0,509249.0,0.0,2025-05-11
T1178,2025-05,2473289.0,1671872.0,167204.0,2025-06-09
T1178,2025-06,531320.0,318792.0,0.0,2025-07-23
T1178,2025-07,392160.0,235296.0,0.0,2025-08-16
T1178,2025-08,915676.0,549406.0,0.0,2025-09-21
T1178,2025-09,288172.0,172903.0,0.0,2025-10-14
T1178,2025-10,364122.0,218473.0,0.0,2025-11-11
T1178,2025-11,262449.0,157469.0,0.0,2025-12-20
T1178,2025-12,545397.0,327238.0,0.0,2026-01-08
T1178,2026-01,211687.0,127012.0,0.0,2026-02-09
T1178,2026-02,280251.0,168151.0,0.0,2026-03-20
T1178,2026-03,333008.0,199805.0,0.0,2026-04-23
T1178,2026-04,678119.0,406872.0,0.0,2026-05-12
T1178,2026-05,373830.0,224298.0,0.0,2026-06-14
T1178,2026-06,145858.0,87515.0,0.0,2026-07-06
T1178,2026-07,368017.0,220810.0,0.0,2026-08-19
T1178,2026-08,424790.0,254874.0,0.0,2026-09-19
T1178,2026-09,433773.0,260264.0,0.0,2026-10-13
T722026,2024-10,513575.0,308145.0,0.0,2024-11-16
T722026,2024-11,427398.0,256439.0,0.0,2024-12-21
T722026,2024-12,514082.0,308449.0,0.0,2025-01-06
T722026,2025-01,303964.0,182379.0,0.0,2025-02-11
T722026,2025-02,375963.0,225578.0,0.0,2025-03-12
T722026,2025-03,471592.0,282955.0,0.0,2025-04-20
T722026,2025-04,606366.0,363820.0,0.0,2025-05-19
T722026,2025-05,263910.0,158346.0,0.0,2025-06-24
T722026,2025-06,366159.0,219695.0,0.0,2025-07-16
T722026,2025-07,405931.0,243559.0,0.0,2025-08-12
T722026,2025-08,332612.0,199567.0,0.0,2025-09-13
T722026,2025-09,301074.0,180644.0,0.0,2025-10-14
T722026,2025-10,399869.0,239921.0,0.0,2025-11-14
T722026,2025-11,294399.0,176640.0,0.0,2025-12-23
T722026,2025-12,1456291.0,873774.0,0.0,2026-01-19
T722026,2026-01,378294.0,226976.0,0.0,2026-02-19
T722026,2026-02,423303.0,253982.0,0.0,2026-03-12
T722026,2026-03,352705.0,211623.0,0.0,2026-04-19
T722026,2026-04,285580.0,171348.0,0.0,2026-05-22
T722026,2026-05,345350.0,207210.0,0.0,2026-06-14
T722026,2026-06,457866.0,274720.0,0.0,2026-07-16
T722026,2026-07,254283.0,152570.0,0.0,2026-08-23
T722026,2026-08,557658.0,334595.0,0.0,2026-09-10
T722026,2026-09,618873.0,371324.0,0.0,2026-10-24
T803329,2024-10,25476584.0,18182066.0,1627486.0,2024-11-14
T803329,2024-11,493818.0,296291.0,0.0,2024-12-20
T803329,2024-12,210546.0,126328.0,0.0,2025-01-08
T803329,2025-01,46392761.0,33109471.0,3197056.0,2025-02-17
T803329,2025-02,18599370.0,13273952.0,1193262.0,2025-03-12
T803329,2025-03,24287018.0,17333098.0,1543718.0,2025-04-22
T803329,2025-04,40961530.0,29233323.0,2763442.0,2025-05-15
T803329,2025-05,55710195.0,39759114.0,3618524.0,2025-06-17
T803329,2025-06,200923.0,120554.0,0.0,2025-07-12
T803329,2025-07,74059537.0,52854627.0,5175883.0,2025-08-15
T803329,2025-08,9405518.0,6712506.0,636927.0,2025-09-24
T803329,2025-09,17214810.0,12285823.0,1215699.0,2025-10-05
T803329,2025-10,1181019.0,842867.0,74850.0,2025-11-21
T803329,2025-11,34325653.0,24497447.0,2285022.0,2025-12-24
T803329,2025-12,11198949.0,7992438.0,781072.0,2026-01-06
T803329,2026-01,578212.0,346927.0,0.0,2026-02-20
T803329,2026-02,363479.0,218087.0,0.0,2026-03-12
T803329,2026-03,53377202.0,38094109.0,3758045.0,2026-04-15
T803329,2026-04,17132376.0,12226992.0,1136545.0,2026-05-16
T803329,2026-05,725137.0,435082.0,0.0,2026-06-08
T803329,2026-06,14300079.0,10205645.0,979987.0,2026-07-17
T803329,2026-07,86003764.0,61378953.0,5763037.0,2026-08-07
T803329,2026-08,46311508.0,33051482.0,3265483.0,2026-09-06
T803329,2026-09,33021994.0,23567055.0,2169657.0,2026-10-17
T148772,2024-10,248541.0,149125.0,0.0,2024-11-10
T148772,2024-11,359305.0,215583.0,0.0,2024-12-20
T148772,2024-12,471948.0,283169.0,0.0,2025-01-10
T148772,2025-01,418125.0,250875.0,0.0,2025-02-12
T148772,2025-02,631928.0,379157.0,0.0,2025-03-14
T148772,2025-03,524445.0,314667.0,0.0,2025-04-23
T148772,2025-04,235454.0,141273.0,0.0,2025-05-20
T148772,2025-05,734825.0,440895.0,0.0,2025-06-12
T148772,2025-06,251527.0,150916.0,0.0,2025-07-17
T148772,2025-07,200242.0,120145.0,0.0,2025-08-07
T148772,2025-08,354643.0,212786.0,0.0,2025-09-08
T148772,2025-09,306485.0,183891.0,0.0,2025-10-07
T148772,2025-10,128842.0,77305.0,0.0,2025-11-21
T148772,2025-11,921175.0,552705.0,0.0,2025-12-21
T148772,2025-12,523368.0,314021.0,0.0,2026-01-18
T148772,2026-01,464888.0,278933.0,0.0,2026-02-15
T148772,2026-02,338925.0,203355.0,0.0,2026-03-07
T148772,2026-03,914046.0,548428.0,0.0,2026-04-05
T148772,2026-04,254472.0,152683.0,0.0,2026-05-22
T148772,2026-05,213005.0,127803.0,0.0,2026-06-08
T148772,2026-06,664021.0,398412.0,0.0,2026-07-14
T148772,2026-07,317318.0,190391.0,0.0,2026-08-13
T148772,2026-08,145036.0,87022.0,0.0,2026-09-15
T148772,2026-09,513737.0,308242.0,0.0,2026-10-12
T1199,2024-10,435608.0,261365.0,0.0,2024-11-21
T1199,2024-11,194413.0,116648.0,0.0,2024-12-24
T1199,2024-12,739412.0,443647.0,0.0,2025-01-12
T1199,2025-01,212135.0,127281.0,0.0,2025-02-07
T1199,2025-02,1271672.0,763003.0,0.0,2025-03-14
T1199,2025-03,461917.0,277150.0,0.0,2025-04-08
T1199,2025-04,450043.0,270026.0,0.0,2025-05-22
T1199,2025-05,699587.0,419752.0,0.0,2025-06-23
T1199,2025-06,367375.0,220425.0,0.0,2025-07-20
T1199,2025-07,14693180.0,10186454.0,987422.0,2025-08-07
T1199,2025-08,471501.0,282900.0,0.0,2025-09-19
T1199,2025-09,712806.0,427684.0,0.0,2025-10-15
T1199,2025-10,479874.0,287925.0,0.0,2025-11-20
T1199,2025-11,666038.0,399623.0,0.0,2025-12-13
T1199,2025-12,371228.0,222737.0,0.0,2026-01-15
T1199,2026-01,301873.0,181124.0,0.0,2026-02-15
T1199,2026-02,6733126.0,4667926.0,418931.0,2026-03-22
T1199,2026-03,192751.0,115651.0,0.0,2026-04-11
T1199,2026-04,306590.0,183954.0,0.0,2026-05-15
T1199,2026-05,1260635.0,756381.0,0.0,2026-06-07
T1199,2026-06,338796.0,203278.0,0.0,2026-07-10
T1199,2026-07,307108.0,184265.0,0.0,2026-08-13
T1199,2026-08,197180.0,118308.0,0.0,2026-09-20
T1199,2026-09,127382378.0,88311360.0,7950267.0,2026-10-06
T1025,2024-10,2308000.0,1384800.0,0.0,2024-11-22
T1025,2024-11,360344.0,216207.0,0.0,2024-12-10
T1025,2024-12,395474.0,237285.0,0.0,2025-01-15
T1025,2025-01,363220.0,217932.0,0.0,2025-02-10
T1025,2025-02,411787.0,247072.0,0.0,2025-03-18
T1025,2025-03,670738.0,402443.0,0.0,2025-04-12
T1025,2025-04,167045.0,100227.0,0.0,2025-05-06
T1025,2025-05,403771.0,242262.0,0.0,2025-06-23
T1025,2025-06,393868.0,236321.0,0.0,2025-07-10
T1025,2025-07,251817.0,151090.0,0.0,2025-08-07
T1025,2025-08,320435.0,192261.0,0.0,2025-09-08
T1025,2025-09,559043.0,335426.0,0.0,2025-10-24
T1025,2025-10,388349.0,233010.0,0.0,2025-11-19
T1025,2025-11,649931.0,389959.0,0.0,2025-12-22
T1025,2025-12,281039.0,168623.0,0.0,2026-01-07
T1025,2026-01,418423.0,251054.0,0.0,2026-02-20
T1025,2026-02,343258.0,205955.0,0.0,2026-03-22
T1025,2026-03,601934.0,361160.0,0.0,2026-04-07
T1025,2026-04,202559.0,121535.0,0.0,2026-05-24
T1025,2026-05,359319.0,215591.0,0.0,2026-06-14
T1025,2026-06,709792.0,425875.0,0.0,2026-07-13
T1025,2026-07,409544.0,245726.0,0.0,2026-08-21
T1025,2026-08,242188.0,145313.0,0.0,2026-09-06
T1025,2026-09,504042.0,302425.0,0.0,2026-10-11
T789263,2024-10,248698.0,149219.0,0.0,2024-11-05
T789263,2024-11,874701.0,524820.0,0.0,2024-12-08
T789263,2024-12,704970.0,422982.0,0.0,2025-01-20
T789263,2025-01,638165.0,382899.0,0.0,2025-02-19
T789263,2025-02,318251.0,190951.0,0.0,2025-03-24
T789263,2025-03,705709.0,423425.0,0.0,2025-04-23
T789263,2025-04,235190.0,141114.0,0.0,2025-05-24
T789263,2025-05,354752.0,212851.0,0.0,2025-06-18
T789263,2025-06,964582.0,578749.0,0.0,2025-07-05
T789263,2025-07,247072.0,148243.0,0.0,2025-08-07
T789263,2025-08,383569.0,230141.0,0.0,2025-09-21
T789263,2025-09,285157.0,171094.0,0.0,2025-10-08
T789263,2025-10,261492.0,156895.0,0.0,2025-11-05
T789263,2025-11,512789.0,307673.0,0.0,2025-12-06
T789263,2025-12,224137.0,134482.0,0.0,2026-01-21
T789263,2026-01,446434.0,267860.0,0.0,2026-02-22
T789263,2026-02,347724.0,208634.0,0.0,2026-03-11
T789263,2026-03,674772.0,404863.0,0.0,2026-04-18
T789263,2026-04,652305.0,391383.0,0.0,2026-05-06
T789263,2026-05,399796.0,239878.0,0.0,2026-06-17
T789263,2026-06,546926.0,328156.0,0.0,2026-07-18
T789263,2026-07,723225.0,433935.0,0.0,2026-08-24
T789263,2026-08,589153.0,353492.0,0.0,2026-09-09
T789263,2026-09,369139.0,221483.0,0.0,2026-10-24
T137781,2024-10,228953.0,137372.0,0.0,2024-11-18
T137781,2024-11,606414.0,363848.0,0.0,2024-12-07
T137781,2024-12,65425148.0,42689364.0,4278097.0,2025-01-23
T137781,2025-01,382271.0,229363.0,0.0,2025-02-15
T137781,2025-02,358528.0,215117.0,0.0,2025-03-19
T137781,2025-03,409566.0,245740.0,0.0,2025-04-19
T137781,2025-04,296756.0,178053.0,0.0,2025-05-08
T137781,2025-05,252028.0,151217.0,0.0,2025-06-07
T137781,2025-06,388658.0,233195.0,0.0,2025-07-18
T137781,2025-07,427137.0,256282.0,0.0,2025-08-20
T137781,2025-08,535027.0,321016.0,0.0,2025-09-24
T137781,2025-09,610750.0,366450.0,0.0,2025-10-08
T137781,2025-10,159707.0,95824.0,0.0,2025-11-24
T137781,2025-11,551115.0,330669.0,0.0,2025-12-12
T137781,2025-12,667615.0,400569.0,0.0,2026-01-20
T137781,2026-01,9131489.0,5958221.0,533449.0,2026-02-16
T137781,2026-02,661264.0,396758.0,0.0,2026-03-22
T137781,2026-03,462114.0,277268.0,0.0,2026-04-09
T137781,2026-04,1669641.0,1001785.0,0.0,2026-05-20
T137781,2026-05,243673.0,146204.0,0.0,2026-06-22
T137781,2026-06,549693.0,329816.0,0.0,2026-07-15
T137781,2026-07,56094025.0,36600884.0,3591501.0,2026-08-06
T137781,2026-08,367211.0,220326.0,0.0,2026-09-11
T137781,2026-09,390063.0,234038.0,0.0,2026-10-09
T154100,2024-10,231019.0,138611.0,0.0,2024-11-24
T154100,2024-11,320447.0,192268.0,0.0,2024-12-06
T154100,2024-12,550307.0,330184.0,0.0,2025-01-05
T154100,2025-01,469422.0,281653.0,0.0,2025-02-16
T154100,2025-02,310754.0,186452.0,0.0,2025-03-16
T154100,2025-03,244333.0,146600.0,0.0,2025-04-21
T154100,2025-04,320626.0,192376.0,0.0,2025-05-11
T154100,2025-05,430865.0,258519.0,0.0,2025-06-19
T154100,2025-06,408896.0,245337.0,0.0,2025-07-12
T154100,2025-07,443911.0,266347.0,0.0,2025-08-24
T154100,2025-08,179487.0,107692.0,0.0,2025-09-07
T154100,2025-09,698435.0,419061.0,0.0,2025-10-23
T154100,2025-10,288915.0,173349.0,0.0,2025-11-20
T154100,2025-11,236692.0,142015.0,0.0,2025-12-06
T154100,2025-12,429570.0,257742.0,0.0,2026-01-06
T154100,2026-01,429538.0,257723.0,0.0,2026-02-08
T154100,2026-02,383847.0,230308.0,0.0,2026-03-05
T154100,2026-03,311619.0,186972.0,0.0,2026-04-20
T154100,2026-04,380694.0,228417.0,0.0,2026-05-10
T154100,2026-05,574343.0,344606.0,0.0,2026-06-11
T154100,2026-06,353466.0,212080.0,0.0,2026-07-13
T154100,2026-07,126906.0,76143.0,0.0,2026-08-13
T154100,2026-08,181593.0,108956.0,0.0,2026-09-07
T154100,2026-09,597604.0,358563.0,0.0,2026-10-19
T442867,2024-10,762665.0,457599.0,0.0,2024-11-18
T442867,2024-11,339638.0,203783.0,0.0,2024-12-06
T442867,2024-12,246769.0,148062.0,0.0,2025-01-24
T442867,2025-01,308313.0,184988.0,0.0,2025-02-24
T442867,2025-02,312099.0,187259.0,0.0,2025-03-09
T442867,2025-03,595653.0,357392.0,0.0,2025-04-12
T442867,2025-04,375337.0,225202.0,0.0,2025-05-10
T442867,2025-05,482457.0,289474.0,0.0,2025-06-14
T442867,2025-06,636619.0,381971.0,0.0,2025-07-22
T442867,2025-07,322483.0,193490.0,0.0,2025-08-10
T442867,2025-08,10820115.0,6899029.0,636903.0,2025-09-13
T442867,2025-09,205993.0,123596.0,0.0,2025-10-15
T442867,2025-10,852476.0,511486.0,0.0,2025-11-15
T442867,2025-11,235366.0,141219.0,0.0,2025-12-23
T442867,2025-12,310618.0,186371.0,0.0,2026-01-21
T442867,2026-01,614726.0,368836.0,0.0,2026-02-22
T442867,2026-02,266957.0,160174.0,0.0,2026-03-08
T442867,2026-03,2401916.0,1531489.0,156902.0,2026-04-12
T442867,2026-04,247079.0,148248.0,0.0,2026-05-19
T442867,2026-05,696441.0,417865.0,0.0,2026-06-24
T442867,2026-06,490371.0,294222.0,0.0,2026-07-15
T442867,2026-07,309117.0,185470.0,0.0,2026-08-23
T442867,2026-08,225292.0,135175.0,0.0,2026-09-23
T442867,2026-09,420029.0,252018.0,0.0,2026-10-15
T430188,2024-10,181029.0,108617.0,0.0,2024-11-12
T430188,2024-11,312381.0,187428.0,0.0,2024-12-08
T430188,2024-12,641835.0,385101.0,0.0,2025-01-22
T430188,2025-01,466327.0,279796.0,0.0,2025-02-14
T430188,2025-02,513730.0,308238.0,0.0,2025-03-06
T430188,2025-03,469076.0,281446.0,0.0,2025-04-24
T430188,2025-04,482902.0,289741.0,0.0,2025-05-09
T430188,2025-05,12457527.0,7423743.0,803785.0,2025-06-21
T430188,2025-06,258761.0,155256.0,0.0,2025-07-24
T430188,2025-07,484657.0,290794.0,0.0,2025-08-19
T430188,2025-08,596324.0,357794.0,0.0,2025-09-16
T430188,2025-09,407123.0,244274.0,0.0,2025-10-09
T430188,2025-10,201149.0,120689.0,0.0,2025-11-18
T430188,2025-11,344065.0,206439.0,0.0,2025-12-10
T430188,2025-12,249484.0,149690.0,0.0,2026-01-20
T430188,2026-01,674941.0,404965.0,0.0,2026-02-20
T430188,2026-02,192655.0,115593.0,0.0,2026-03-18
T430188,2026-03,265452.0,159271.0,0.0,2026-04-05
T430188,2026-04,616405.0,369843.0,0.0,2026-05-10
T430188,2026-05,1418767.0,851260.0,0.0,2026-06-18
T430188,2026-06,1046417.0,627850.0,0.0,2026-07-15
T430188,2026-07,167994.0,100797.0,0.0,2026-08-11
T430188,2026-08,295163.0,177098.0,0.0,2026-09-21
T430188,2026-09,3729793.0,2222674.0,235712.0,2026-10-23
T1098,2024-10,421134.0,252681.0,0.0,2024-11-08
T1098,2024-11,579026.0,347416.0,0.0,2024-12-13
T1098,2024-12,312089.0,187254.0,0.0,2025-01-20
T1098,2025-01,285961.0,171577.0,0.0,2025-02-13
T1098,2025-02,459177.0,275506.0,0.0,2025-03-15
T1098,2025-03,376510.0,225906.0,0.0,2025-04-23
T1098,2025-04,221037.0,132622.0,0.0,2025-05-16
T1098,2025-05,589033.0,353420.0,0.0,2025-06-21
T1098,2025-06,420438.0,252263.0,0.0,2025-07-10
T1098,2025-07,203777.0,122266.0,0.0,2025-08-22
T1098,2025-08,2336773.0,1402064.0,0.0,2025-09-05
T1098,2025-09,770069.0,462041.0,0.0,2025-10-08
T1098,2025-10,148468.0,89081.0,0.0,2025-11-10
T1098,2025-11,340316.0,204190.0,0.0,2025-12-12
T1098,2025-12,198057.0,118834.0,0.0,2026-01-19
T1098,2026-01,7891669.0,5439304.0,541288.0,2026-02-06
T1098,2026-02,380414.0,228248.0,0.0,2026-03-14
T1098,2026-03,306173.0,183704.0,0.0,2026-04-14
T1098,2026-04,512886.0,307732.0,0.0,2026-05-11
T1098,2026-05,354799.0,212879.0,0.0,2026-06-09
T1098,2026-06,221372.0,132823.0,0.0,2026-07-15
T1098,2026-07,695094.0,417056.0,0.0,2026-08-12
T1098,2026-08,863195.0,517917.0,0.0,2026-09-21
T1098,2026-09,324686.0,194811.0,0.0,2026-10-19
T268717,2024-10,187229.0,112337.0,0.0,2024-11-10
T268717,2024-11,244162.0,146497.0,0.0,2024-12-06
T268717,2024-12,262565.0,157539.0,0.0,2025-01-23
T268717,2025-01,815220.0,489132.0,0.0,2025-02-16
T268717,2025-02,608808.0,365285.0,0.0,2025-03-08
T268717,2025-03,15303774.0,11144628.0,1191305.0,2025-04-19
T268717,2025-04,496916.0,298150.0,0.0,2025-05-13
T268717,2025-05,877793.0,526676.0,0.0,2025-06-12
T268717,2025-06,993573.0,596144.0,0.0,2025-07-07
T268717,2025-07,226890.0,136134.0,0.0,2025-08-22
T268717,2025-08,299581.0,179749.0,0.0,2025-09-13
T268717,2025-09,5502007.0,4006712.0,368646.0,2025-10-06
T268717,2025-10,152866.0,91720.0,0.0,2025-11-19
T268717,2025-11,4863159.0,3541485.0,336900.0,2025-12-23
T268717,2025-12,506901.0,304141.0,0.0,2026-01-18
T268717,2026-01,1719201.0,1031520.0,0.0,2026-02-21
T268717,2026-02,436789.0,262073.0,0.0,2026-03-15
T268717,2026-03,370616.0,222370.0,0.0,2026-04-07
T268717,2026-04,2499866.0,1820471.0,210904.0,2026-05-15
T268717,2026-05,12518688.0,9116452.0,1024303.0,2026-06-05
T268717,2026-06,16758149.0,12203743.0,1110220.0,2026-07-07
T268717,2026-07,495094.0,297056.0,0.0,2026-08-13
T268717,2026-08,608941.0,365364.0,0.0,2026-09-09
T268717,2026-09,734800.0,440880.0,0.0,2026-10-21
T928482,2024-10,182270.0,109362.0,0.0,2024-11-23
T928482,2024-11,5025363.0,2905557.0,268186.0,2024-12-13
T928482,2024-12,38662118.0,22353605.0,2558298.0,2025-01-24
T928482,2025-01,16077233.0,9295510.0,1056896.0,2025-02-20
T928482,2025-02,228699.0,137219.0,0.0,2025-03-14
T928482,2025-03,134465962.0,77745327.0,9121746.0,2025-04-22
T928482,2025-04,38630810.0,22335503.0,2528665.0,2025-05-22
T928482,2025-05,234256.0,140553.0,0.0,2025-06-23
T928482,2025-06,650977.0,390586.0,0.0,2025-07-09
T928482,2025-07,462036.0,277222.0,0.0,2025-08-10
T928482,2025-08,9588990.0,5544148.0,517321.0,2025-09-21
T928482,2025-09,69395526.0,40123000.0,4587103.0,2025-10-12
T928482,2025-10,86195449.0,49836355.0,5575818.0,2025-11-17
T928482,2025-11,568514.0,341108.0,0.0,2025-12-12
T928482,2025-12,678406.0,407043.0,0.0,2026-01-07
T928482,2026-01,474768.0,284861.0,0.0,2026-02-06
T928482,2026-02,659388.0,395633.0,0.0,2026-03-15
T928482,2026-03,345564.0,207338.0,0.0,2026-04-16
T928482,2026-04,27680097.0,16004037.0,1882795.0,2026-05-16
T928482,2026-05,492646.0,295588.0,0.0,2026-06-16
T928482,2026-06,87411212.0,50539282.0,5807338.0,2026-07-18
T928482,2026-07,101191352.0,58506663.0,5384698.0,2026-08-20
T928482,2026-08,13599436.0,7862902.0,758225.0,2026-09-08
T928482,2026-09,47454129.0,27436956.0,2953344.0,2026-10-16
T169056,2024-10,339023.0,203414.0,0.0,2024-11-21
T169056,2024-11,429780.0,257868.0,0.0,2024-12-24
T169056,2024-12,435427.0,261256.0,0.0,2025-01-09
T169056,2025-01,617770.0,370662.0,0.0,2025-02-15
T169056,2025-02,335613.0,201368.0,0.0,2025-03-14
T169056,2025-03,597621.0,358573.0,0.0,2025-04-12
T169056,2025-04,864794.0,518876.0,0.0,2025-05-10
T169056,2025-05,245963.0,147578.0,0.0,2025-06-12
T169056,2025-06,231316.0,138790.0,0.0,2025-07-18
T169056,2025-07,802679.0,481607.0,0.0,2025-08-09
T169056,2025-08,546110.0,327666.0,0.0,2025-09-20
T169056,2025-09,250278.0,150167.0,0.0,2025-10-19
T169056,2025-10,572924.0,343754.0,0.0,2025-11-06
T169056,2025-11,190283.0,114170.0,0.0,2025-12-06
T169056,2025-12,242782.0,145669.0,0.0,2026-01-18
T169056,2026-01,542859.0,325715.0,0.0,2026-02-06
T169056,2026-02,443496.0,266097.0,0.0,2026-03-05
T169056,2026-03,387672.0,232603.0,0.0,2026-04-20
T169056,2026-04,272623.0,163574.0,0.0,2026-05-11
T169056,2026-05,504450.0,302670.0,0.0,2026-06-08
T169056,2026-06,191751.0,115051.0,0.0,2026-07-22
T169056,2026-07,293724.0,176235.0,0.0,2026-08-23
T169056,2026-08,584661.0,350796.0,0.0,2026-09-17
T169056,2026-09,102624.0,61575.0,0.0,2026-10-23
T1043,2024-10,251412.0,150847.0,0.0,2024-11-21
T1043,2024-11,310579.0,186347.0,0.0,2024-12-11
T1043,2024-12,293109.0,175866.0,0.0,2025-01-18
T1043,2025-01,25891320.0,16740084.0,1524706.0,2025-02-12
T1043,2025-02,3144816.0,2033287.0,220466.0,2025-03-23
T1043,2025-03,248785.0,149271.0,0.0,2025-04-17
T1043,2025-04,7056093.0,4562131.0,492843.0,2025-05-13
T1043,2025-05,514051.0,308430.0,0.0,2025-06-07
T1043,2025-06,696447.0,417868.0,0.0,2025-07-08
T1043,2025-07,466043.0,279626.0,0.0,2025-08-15
T1043,2025-08,357637.0,214582.0,0.0,2025-09-10
T1043,2025-09,476070.0,285642.0,0.0,2025-10-16
T1043,2025-10,1249562.0,749737.0,0.0,2025-11-13
T1043,2025-11,5764618.0,3727125.0,343533.0,2025-12-11
T1043,2025-12,538032.0,322819.0,0.0,2026-01-08
T1043,2026-01,459601.0,275761.0,0.0,2026-02-18
T1043,2026-02,294626.0,176775.0,0.0,2026-03-17
T1043,2026-03,468327.0,280996.0,0.0,2026-04-18
T1043,2026-04,247171.0,148303.0,0.0,2026-05-21
T1043,2026-05,936038.0,561623.0,0.0,2026-06-17
T1043,2026-06,213656.0,128193.0,0.0,2026-07-20
T1043,2026-07,387574.0,232544.0,0.0,2026-08-15
T1043,2026-08,855692.0,513415.0,0.0,2026-09-22
T1043,2026-09,465957.0,279574.0,0.0,2026-10-19
T961763,2024-10,16268128.0,10227338.0,901777.0,2024-11-15
T961763,2024-11,402158.0,241295.0,0.0,2024-12-05
T961763,2024-12,277073.0,166244.0,0.0,2025-01-19
T961763,2025-01,240895.0,144537.0,0.0,2025-02-14
T961763,2025-02,893131.0,535878.0,0.0,2025-03-22
T961763,2025-03,41731935.0,26235755.0,2303086.0,2025-04-23
T961763,2025-04,1182006.0,709204.0,0.0,2025-05-16
T961763,2025-05,1187676.0,746660.0,67624.0,2025-06-13
T961763,2025-06,214931.0,128959.0,0.0,2025-07-08
T961763,2025-07,333930.0,200358.0,0.0,2025-08-17
T961763,2025-08,287359.0,172415.0,0.0,2025-09-06
T961763,2025-09,3159987.0,1986600.0,190615.0,2025-10-12
T961763,2025-10,348108.0,208865.0,0.0,2025-11-24
T961763,2025-11,21822977.0,13719524.0,1241608.0,2025-12-19
T961763,2025-12,169792.0,101875.0,0.0,2026-01-18
T961763,2026-01,3998656.0,2513848.0,227666.0,2026-02-06
T961763,2026-02,19855999.0,12482937.0,1122575.0,2026-03-06
T961763,2026-03,1672808.0,1051650.0,95362.0,2026-04-24
T961763,2026-04,5062009.0,3182350.0,279643.0,2026-05-09
T961763,2026-05,236175.0,141705.0,0.0,2026-06-15
T961763,2026-06,85534615.0,53773332.0,4815029.0,2026-07-07
T961763,2026-07,18376652.0,11552911.0,1043847.0,2026-08-10
T961763,2026-08,689521.0,413712.0,0.0,2026-09-14
T961763,2026-09,554346.0,332608.0,0.0,2026-10-05
T1101,2024-10,810327.0,486196.0,0.0,2024-11-08
T1101,2024-11,505900.0,303540.0,0.0,2024-12-20
T1101,2024-12,240740.0,144444.0,0.0,2025-01-14
T1101,2025-01,362474.0,217484.0,0.0,2025-02-08
T1101,2025-02,395464.0,237278.0,0.0,2025-03-23
T1101,2025-03,1268371.0,761023.0,0.0,2025-04-16
T1101,2025-04,349368.0,209621.0,0.0,2025-05-07
T1101,2025-05,265129.0,159077.0,0.0,2025-06-10
T1101,2025-06,1034832.0,620899.0,0.0,2025-07-15
T1101,2025-07,198221.0,118933.0,0.0,2025-08-12
T1101,2025-08,361679.0,217008.0,0.0,2025-09-08
T1101,2025-09,335291.0,201175.0,0.0,2025-10-15
T1101,2025-10,243956.0,146374.0,0.0,2025-11-06
T1101,2025-11,362477.0,217486.0,0.0,2025-12-08
T1101,2025-12,595703.0,357422.0,0.0,2026-01-15
T1101,2026-01,382968.0,229781.0,0.0,2026-02-12
T1101,2026-02,452456.0,271474.0,0.0,2026-03-07
T1101,2026-03,319796.0,191878.0,0.0,2026-04-23
T1101,2026-04,238208.0,142925.0,0.0,2026-05-18
T1101,2026-05,250732.0,150439.0,0.0,2026-06-10
T1101,2026-06,276942.0,166165.0,0.0,2026-07-16
T1101,2026-07,621275.0,372765.0,0.0,2026-08-23
T1101,2026-08,391855.0,235113.0,0.0,2026-09-17
T1101,2026-09,441384.0,264830.0,0.0,2026-10-10
T1026,2024-10,197899.0,118740.0,0.0,2024-11-17
T1026,2024-11,563210.0,337926.0,0.0,2024-12-21
T1026,2024-12,439491.0,263695.0,0.0,2025-01-19
T1026,2025-01,432008.0,259205.0,0.0,2025-02-22
T1026,2025-02,481993.0,289196.0,0.0,2025-03-17
T1026,2025-03,297317.0,178390.0,0.0,2025-04-12
T1026,2025-04,266418.0,159851.0,0.0,2025-05-05
T1026,2025-05,273217.0,163930.0,0.0,2025-06-15
T1026,2025-06,229995.0,137997.0,0.0,2025-07-11
T1026,2025-07,199214.0,119528.0,0.0,2025-08-23
T1026,2025-08,200878.0,120527.0,0.0,2025-09-14
T1026,2025-09,381312.0,228787.0,0.0,2025-10-20
T1026,2025-10,669251.0,401550.0,0.0,2025-11-10
T1026,2025-11,406521.0,243912.0,0.0,2025-12-06
T1026,2025-12,765032.0,459019.0,0.0,2026-01-24
T1026,2026-01,985167.0,591100.0,0.0,2026-02-23
T1026,2026-02,583461.0,350077.0,0.0,2026-03-07
T1026,2026-03,234888.0,140933.0,0.0,2026-04-12
T1026,2026-04,291943.0,175166.0,0.0,2026-05-16
T1026,2026-05,978439.0,587063.0,0.0,2026-06-20
T1026,2026-06,617796.0,370678.0,0.0,2026-07-24
T1026,2026-07,224530.0,134718.0,0.0,2026-08-22
T1026,2026-08,381311.0,228786.0,0.0,2026-09-20
T1026,2026-09,263502.0,158101.0,0.0,2026-10-05
T922554,2024-10,0.0,196458.0,0.0,2024-11-09
T922554,2024-11,0.0,133096.0,0.0,2024-12-21
T922554,2024-12,0.0,215853.0,0.0,2025-01-06
T922554,2025-01,0.0,182935.0,0.0,2025-02-14
T922554,2025-02,0.0,114075.0,0.0,2025-03-08
T922554,2025-03,0.0,264732.0,0.0,2025-04-11
T922554,2025-04,0.0,300794.0,0.0,2025-05-11
T922554,2025-05,0.0,207316.0,0.0,2025-06-12
T922554,2025-06,0.0,101759.0,0.0,2025-07-23
T922554,2025-07,0.0,180424.0,0.0,2025-08-22
T922554,2025-08,0.0,105923.0,0.0,2025-09-14
T922554,2025-09,0.0,541604.0,0.0,2025-10-16
T922554,2025-10,0.0,235816.0,0.0,2025-11-17
T922554,2025-11,0.0,289424.0,0.0,2025-12-08
T922554,2025-12,0.0,118453.0,0.0,2026-01-14
T922554,2026-01,0.0,747482.0,0.0,2026-02-24
T922554,2026-02,0.0,241409.0,0.0,2026-03-08
T922554,2026-03,0.0,209525.0,0.0,2026-04-21
T922554,2026-04,0.0,159989.0,0.0,2026-05-15
T922554,2026-05,0.0,216556.0,0.0,2026-06-24
T922554,2026-06,0.0,189567.0,0.0,2026-07-06
T922554,2026-07,0.0,322034.0,0.0,2026-08-22
T922554,2026-08,0.0,396623.0,0.0,2026-09-16
T922554,2026-09,0.0,204985.0,0.0,2026-10-22
T508835,2024-10,6691706.0,3941239.0,434695.0,2024-11-06
T508835,2024-11,5753179.0,3388471.0,298157.0,2024-12-12
T508835,2024-12,36423281.0,21452358.0,2376901.0,2025-01-15
T508835,2025-01,40160903.0,23653719.0,2597397.0,2025-02-20
T508835,2025-02,53290917.0,31386953.0,3320951.0,2025-03-12
T508835,2025-03,30103949.0,17730437.0,1893642.0,2025-04-12
T508835,2025-04,22464317.0,13230894.0,1401536.0,2025-05-23
T508835,2025-05,14828717.0,8733726.0,971869.0,2025-06-10
T508835,2025-06,29663085.0,17470779.0,1646155.0,2025-07-12
T508835,2025-07,656458.0,393875.0,0.0,2025-08-06
T508835,2025-08,16108592.0,9487538.0,840015.0,2025-09-12
T508835,2025-09,19566632.0,11524233.0,1039527.0,2025-10-22
T508835,2025-10,116258191.0,68473027.0,6951036.0,2025-11-09
T508835,2025-11,12288940.0,7237863.0,739012.0,2025-12-24
T508835,2025-12,104503754.0,61549972.0,6195495.0,2026-01-19
T508835,2026-01,230378.0,138227.0,0.0,2026-02-07
T508835,2026-02,13818261.0,8138593.0,874731.0,2026-03-08
T508835,2026-03,36166806.0,21301301.0,2222160.0,2026-04-14
T508835,2026-04,394626.0,236776.0,0.0,2026-05-23
T508835,2026-05,15044589.0,8860869.0,933997.0,2026-06-23
T508835,2026-06,30905231.0,18202371.0,1710846.0,2026-07-14
T508835,2026-07,2404021.0,1415905.0,130110.0,2026-08-23
T508835,2026-08,69938002.0,41191650.0,3959904.0,2026-09-13
T508835,2026-09,23070788.0,13588089.0,1263348.0,2026-10-16
T107002,2024-10,495804.0,297482.0,0.0,2024-11-14
T107002,2024-11,13705576.0,9425874.0,865696.0,2024-12-07
T107002,2024-12,401034.0,240621.0,0.0,2025-01-18
T107002,2025-01,8386425.0,5767681.0,522454.0,2025-02-07
T107002,2025-02,13692409.0,9416819.0,863579.0,2025-03-06
T107002,2025-03,187286.0,112372.0,0.0,2025-04-11
T107002,2025-04,4214584.0,2898539.0,291806.0,2025-05-08
T107002,2025-05,546363.0,327818.0,0.0,2025-06-08
T107002,2025-06,11943585.0,8214083.0,771941.0,2025-07-19
T107002,2025-07,353718.0,212231.0,0.0,2025-08-11
T107002,2025-08,18004249.0,12382245.0,1115361.0,2025-09-09
T107002,2025-09,15845205.0,10897384.0,1001347.0,2025-10-08
T107002,2025-10,368252.0,220951.0,0.0,2025-11-08
T107002,2025-11,6810995.0,4684195.0,410955.0,2025-12-24
T107002,2025-12,28216897.0,19405892.0,1850524.0,2026-01-19
T107002,2026-01,382629.0,229577.0,0.0,2026-02-09
T107002,2026-02,2024933.0,1392628.0,125437.0,2026-03-24
T107002,2026-03,3077220.0,2116328.0,230487.0,2026-04-19
T107002,2026-04,17465404.0,12011659.0,1104279.0,2026-05-14
T107002,2026-05,13987730.0,9619923.0,893004.0,2026-06-12
T107002,2026-06,1831526.0,1259614.0,139577.0,2026-07-13
T107002,2026-07,5054649.0,3476285.0,324175.0,2026-08-09
T107002,2026-08,873606.0,524163.0,0.0,2026-09-16
T107002,2026-09,6737867.0,4633902.0,427395.0,2026-10-10
T1096,2024-10,275065.0,165039.0,0.0,2024-11-24
T1096,2024-11,694934.0,416960.0,0.0,2024-12-08
T1096,2024-12,392594.0,235557.0,0.0,2025-01-19
T1096,2025-01,464736.0,278841.0,0.0,2025-02-18
T1096,2025-02,939590.0,563754.0,0.0,2025-03-18
T1096,2025-03,354233.0,212540.0,0.0,2025-04-06
T1096,2025-04,445144.0,267086.0,0.0,2025-05-10
T1096,2025-05,309917.0,185950.0,0.0,2025-06-11
T1096,2025-06,414456.0,248674.0,0.0,2025-07-19
T1096,2025-07,564417.0,338650.0,0.0,2025-08-22
T1096,2025-08,485082.0,291049.0,0.0,2025-09-14
T1096,2025-09,223029.0,133818.0,0.0,2025-10-06
T1096,2025-10,507551.0,304531.0,0.0,2025-11-15
T1096,2025-11,558336.0,335001.0,0.0,2025-12-12
T1096,2025-12,265253.0,159152.0,0.0,2026-01-06
T1096,2026-01,880826.0,528496.0,0.0,2026-02-09
T1096,2026-02,390694.0,234416.0,0.0,2026-03-23
T1096,2026-03,657016.0,394210.0,0.0,2026-04-13
T1096,2026-04,416629.0,249977.0,0.0,2026-05-13
T1096,2026-05,378234.0,226941.0,0.0,2026-06-11
T1096,2026-06,333697.0,200218.0,0.0,2026-07-21
T1096,2026-07,311008.0,186605.0,0.0,2026-08-06
T1096,2026-08,560975.0,336585.0,0.0,2026-09-19
T1096,2026-09,800980.0,480588.0,0.0,2026-10-23
T274483,2024-10,392739.0,235643.0,0.0,2024-11-19
T274483,2024-11,1105234.0,663140.0,0.0,2024-12-19
T274483,2024-12,307490.0,184494.0,0.0,2025-01-07
T274483,2025-01,529244.0,317547.0,0.0,2025-02-24
T274483,2025-02,432206.0,259323.0,0.0,2025-03-11
T274483,2025-03,374330.0,224598.0,0.0,2025-04-23
T274483,2025-04,329754.0,197852.0,0.0,2025-05-14
T274483,2025-05,545195.0,327117.0,0.0,2025-06-17
T274483,2025-06,368823.0,221294.0,0.0,2025-07-16
T274483,2025-07,453360.0,272016.0,0.0,2025-08-22
T274483,2025-08,562622.0,337573.0,0.0,2025-09-22
T274483,2025-09,624947.0,374968.0,0.0,2025-10-05
T274483,2025-10,350973.0,210584.0,0.0,2025-11-24
T274483,2025-11,447848.0,268709.0,0.0,2025-12-17
T274483,2025-12,217828.0,130697.0,0.0,2026-01-20
T274483,2026-01,1409691.0,896130.0,85369.0,2026-02-24
T274483,2026-02,397413.0,238448.0,0.0,2026-03-20
T274483,2026-03,765996.0,459598.0,0.0,2026-04-05
T274483,2026-04,459280.0,275568.0,0.0,2026-05-08
T274483,2026-05,10719339.0,6814204.0,702745.0,2026-06-20
T274483,2026-06,271863.0,163118.0,0.0,2026-07-12
T274483,2026-07,310078.0,186047.0,0.0,2026-08-10
T274483,2026-08,600063.0,360038.0,0.0,2026-09-06
T274483,2026-09,277211.0,166327.0,0.0,2026-10-06
T506216,2024-10,204796.0,122878.0,0.0,2024-11-09
T506216,2024-11,17867369.0,10476525.0,915849.0,2024-12-13
T506216,2024-12,10795507.0,6329941.0,604786.0,2025-01-16
T506216,2025-01,39593467.0,23215614.0,2329629.0,2025-02-07
T506216,2025-02,61628466.0,36135827.0,3837232.0,2025-03-24
T506216,2025-03,16883602.0,9899693.0,1040362.0,2025-04-23
T506216,2025-04,30529847.0,17901164.0,1842601.0,2025-05-08
T506216,2025-05,34418980.0,20181556.0,2167218.0,2025-06-12
T506216,2025-06,439685.0,263811.0,0.0,2025-07-20
T506216,2025-07,192180.0,115308.0,0.0,2025-08-14
T506216,2025-08,44615272.0,26160148.0,2928864.0,2025-09-19
T506216,2025-09,29969961.0,17572875.0,1644143.0,2025-10-12
T506216,2025-10,24477665.0,14352470.0,1440128.0,2025-11-21
T506216,2025-11,12407526.0,7275148.0,717554.0,2025-12-24
T506216,2025-12,38637546.0,22655110.0,2220784.0,2026-01-17
T506216,2026-01,51093261.0,29958514.0,2941881.0,2026-02-06
T506216,2026-02,1300571.0,780343.0,0.0,2026-03-15
T506216,2026-03,3172512.0,1860201.0,179621.0,2026-04-18
T506216,2026-04,22852924.0,13399803.0,1418274.0,2026-05-19
T506216,2026-05,34603145.0,20289541.0,2204126.0,2026-06-15
T506216,2026-06,6379598.0,3740675.0,328881.0,2026-07-08
T506216,2026-07,14699753.0,8619195.0,944350.0,2026-08-13
T506216,2026-08,13092429.0,7676741.0,875172.0,2026-09-07
T506216,2026-09,26997510.0,15829980.0,1651206.0,2026-10-24
T1015,2024-10,545491.0,327295.0,0.0,2024-11-05
T1015,2024-11,643430.0,386058.0,0.0,2024-12-07
T1015,2024-12,9093738.0,5417864.0,501946.0,2025-01-11
T1015,2025-01,459267.0,275560.0,0.0,2025-02-10
T1015,2025-02,222891.0,133735.0,0.0,2025-03-24
T1015,2025-03,7836691.0,4668940.0,445634.0,2025-04-07
T1015,2025-04,478160.0,286896.0,0.0,2025-05-18
T1015,2025-05,264155.0,158493.0,0.0,2025-06-18
T1015,2025-06,615929.0,369557.0,0.0,2025-07-23
T1015,2025-07,429077.0,257446.0,0.0,2025-08-09
T1015,2025-08,345411.0,207247.0,0.0,2025-09-17
T1015,2025-09,244640.0,146784.0,0.0,2025-10-22
T1015,2025-10,9430863.0,5618716.0,607296.0,2025-11-06
T1015,2025-11,514479.0,308688.0,0.0,2025-12-06
T1015,2025-12,411633.0,246980.0,0.0,2026-01-17
T1015,2026-01,487895.0,292737.0,0.0,2026-02-18
T1015,2026-02,273658.0,164195.0,0.0,2026-03-24
T1015,2026-03,538033.0,322820.0,0.0,2026-04-12
T1015,2026-04,132258.0,79355.0,0.0,2026-05-08
T1015,2026-05,350952.0,210571.0,0.0,2026-06-11
T1015,2026-06,277233.0,166340.0,0.0,2026-07-19
T1015,2026-07,664823.0,398894.0,0.0,2026-08-20
T1015,2026-08,666494.0,399897.0,0.0,2026-09-07
T1015,2026-09,318890.0,191334.0,0.0,2026-10-06
T1055,2024-10,245510.0,147306.0,0.0,2024-11-12
T1055,2024-11,227387.0,136432.0,0.0,2024-12-06
T1055,2024-12,477511.0,286507.0,0.0,2025-01-24
T1055,2025-01,424855.0,254913.0,0.0,2025-02-20
T1055,2025-02,193227.0,115936.0,0.0,2025-03-19
T1055,2025-03,296799.0,178079.0,0.0,2025-04-15
T1055,2025-04,330670.0,198402.0,0.0,2025-05-16
T1055,2025-05,479920.0,287952.0,0.0,2025-06-17
T1055,2025-06,198949.0,119369.0,0.0,2025-07-18
T1055,2025-07,251819.0,151092.0,0.0,2025-08-09
T1055,2025-08,668517.0,401110.0,0.0,2025-09-11
T1055,2025-09,281196.0,168718.0,0.0,2025-10-14
T1055,2025-10,480368.0,288221.0,0.0,2025-11-22
T1055,2025-11,222329.0,133398.0,0.0,2025-12-10
T1055,2025-12,210339.0,126203.0,0.0,2026-01-12
T1055,2026-01,244028.0,146417.0,0.0,2026-02-14
T1055,2026-02,179453.0,107672.0,0.0,2026-03-08
T1055,2026-03,746777.0,448066.0,0.0,2026-04-10
T1055,2026-04,2629757.0,1888250.0,181476.0,2026-05-22
T1055,2026-05,208416.0,125050.0,0.0,2026-06-20
T1055,2026-06,165940.0,99564.0,0.0,2026-07-15
T1055,2026-07,349684.0,209811.0,0.0,2026-08-06
T1055,2026-08,432068.0,259241.0,0.0,2026-09-24
T1055,2026-09,136910.0,82146.0,0.0,2026-10-16
T883176,2024-10,433962.0,260377.0,0.0,2024-11-17
T883176,2024-11,220133.0,132080.0,0.0,2024-12-24
T883176,2024-12,582776.0,349665.0,0.0,2025-01-20
T883176,2025-01,349511.0,209706.0,0.0,2025-02-16
T883176,2025-02,28317741.0,16207570.0,1454477.0,2025-03-19
T883176,2025-03,209091.0,125454.0,0.0,2025-04-05
T883176,2025-04,1081520.0,648912.0,0.0,2025-05-12
T883176,2025-05,820754.0,492453.0,0.0,2025-06-19
T883176,2025-06,421929.0,253157.0,0.0,2025-07-20
T883176,2025-07,629577.0,377746.0,0.0,2025-08-12
T883176,2025-08,336665.0,201999.0,0.0,2025-09-19
T883176,2025-09,50258134.0,28765085.0,2644664.0,2025-10-06
T883176,2025-10,109031145.0,62403633.0,5646865.0,2025-11-05
T883176,2025-11,379473.0,227684.0,0.0,2025-12-06
T883176,2025-12,153911.0,92346.0,0.0,2026-01-10
T883176,2026-01,56106509.0,32112384.0,2954195.0,2026-02-12
T883176,2026-02,8332956.0,4769341.0,441983.0,2026-03-05
T883176,2026-03,20678813.0,11835454.0,1157943.0,2026-04-10
T883176,2026-04,122152.0,73291.0,0.0,2026-05-13
T883176,2026-05,21600138.0,12362771.0,1144282.0,2026-06-22
T883176,2026-06,245329.0,147198.0,0.0,2026-07-19
T883176,2026-07,235046.0,141027.0,0.0,2026-08-06
T883176,2026-08,191617.0,114970.0,0.0,2026-09-08
T883176,2026-09,42034931.0,24058561.0,2266085.0,2026-10-19
T935081,2024-10,327987.0,196792.0,0.0,2024-11-09
T935081,2024-11,664959.0,398976.0,0.0,2024-12-06
T935081,2024-12,377041.0,226225.0,0.0,2025-01-19
T935081,2025-01,609812.0,365887.0,0.0,2025-02-23
T935081,2025-02,977243.0,586346.0,0.0,2025-03-13
T935081,2025-03,222195.0,133317.0,0.0,2025-04-21
T935081,2025-04,399868.0,239921.0,0.0,2025-05-07
T935081,2025-05,459814.0,275888.0,0.0,2025-06-22
T935081,2025-06,593166.0,355900.0,0.0,2025-07-12
T935081,2025-07,509087.0,305452.0,0.0,2025-08-13
T935081,2025-08,284463.0,170678.0,0.0,2025-09-12
T935081,2025-09,305537.0,183322.0,0.0,2025-10-10
T935081,2025-10,545075.0,327045.0,0.0,2025-11-24
T935081,2025-11,419261.0,251557.0,0.0,2025-12-13
T935081,2025-12,238503.0,143102.0,0.0,2026-01-09
T935081,2026-01,486923.0,292154.0,0.0,2026-02-06
T935081,2026-02,464201.0,278521.0,0.0,2026-03-11
T935081,2026-03,198828.0,119297.0,0.0,2026-04-09
T935081,2026-04,305604.0,183362.0,0.0,2026-05-24
T935081,2026-05,308363.0,185018.0,0.0,2026-06-06
T935081,2026-06,574789.0,344874.0,0.0,2026-07-10
T935081,2026-07,482472.0,289483.0,0.0,2026-08-10
T935081,2026-08,339425.0,203655.0,0.0,2026-09-24
T935081,2026-09,456733.0,274040.0,0.0,2026-10-16
T688328,2024-10,3167681.0,1983004.0,198059.0,2024-11-17
T688328,2024-11,8576627.0,5369065.0,518644.0,2024-12-16
T688328,2024-12,17491954.0,10950160.0,1109686.0,2025-01-06
T688328,2025-01,2590192.0,1621490.0,158725.0,2025-02-11
T688328,2025-02,25879508.0,16200864.0,1629470.0,2025-03-15
T688328,2025-03,35185479.0,22026506.0,2150267.0,2025-04-12
T688328,2025-04,12638541.0,7911869.0,748948.0,2025-05-15
T688328,2025-05,26864723.0,16817619.0,1632502.0,2025-06-14
T688328,2025-06,49572574.0,31032989.0,3219603.0,2025-07-14
T688328,2025-07,57453977.0,35966836.0,3629528.0,2025-08-22
T688328,2025-08,79399391.0,49704913.0,4707397.0,2025-09-11
T688328,2025-09,17114046.0,10713586.0,1037062.0,2025-10-22
T688328,2025-10,12545490.0,7853618.0,813016.0,2025-11-23
T688328,2025-11,9996286.0,6257788.0,623404.0,2025-12-15
T688328,2025-12,1992815.0,1247525.0,118437.0,2026-01-21
T688328,2026-01,20146897.0,12612184.0,1180645.0,2026-02-24
T688328,2026-02,38526893.0,24118269.0,2308708.0,2026-03-06
T688328,2026-03,58195557.0,36431074.0,3411908.0,2026-04-20
T688328,2026-04,46749782.0,29265890.0,2745913.0,2026-05-09
T688328,2026-05,20028138.0,12537840.0,1205697.0,2026-06-05
T688328,2026-06,20610459.0,12902379.0,1217802.0,2026-07-16
T688328,2026-07,14933314.0,9348423.0,879338.0,2026-08-23
T688328,2026-08,39262208.0,24578584.0,2282892.0,2026-09-22
T688328,2026-09,10979904.0,6873544.0,746954.0,2026-10-21
T1102,2024-10,825936.0,495562.0,0.0,2024-11-08
T1102,2024-11,231898.0,139139.0,0.0,2024-12-05
T1102,2024-12,485224.0,291134.0,0.0,2025-01-21
T1102,2025-01,92826.0,55696.0,0.0,2025-02-10
T1102,2025-02,278640.0,167184.0,0.0,2025-03-22
T1102,2025-03,776128.0,465677.0,0.0,2025-04-19
T1102,2025-04,315954.0,189572.0,0.0,2025-05-23
T1102,2025-05,252729.0,151638.0,0.0,2025-06-20
T1102,2025-06,270439.0,162263.0,0.0,2025-07-14
T1102,2025-07,396545.0,237927.0,0.0,2025-08-18
T1102,2025-08,468483.0,281090.0,0.0,2025-09-18
T1102,2025-09,181261.0,108756.0,0.0,2025-10-24
T1102,2025-10,422927.0,253756.0,0.0,2025-11-07
T1102,2025-11,482226.0,289336.0,0.0,2025-12-09
T1102,2025-12,357275.0,214365.0,0.0,2026-01-24
T1102,2026-01,305886.0,183532.0,0.0,2026-02-20
T1102,2026-02,750544.0,450326.0,0.0,2026-03-05
T1102,2026-03,300434.0,180260.0,0.0,2026-04-14
T1102,2026-04,628237.0,376942.0,0.0,2026-05-13
T1102,2026-05,385408.0,231245.0,0.0,2026-06-16
T1102,2026-06,398426.0,239055.0,0.0,2026-07-11
T1102,2026-07,196076.0,117645.0,0.0,2026-08-21
T1102,2026-08,294985.0,176991.0,0.0,2026-09-23
T1102,2026-09,385511.0,231307.0,0.0,2026-10-21
T1176,2024-10,630684.0,378410.0,0.0,2024-11-19
T1176,2024-11,8847447.0,5187863.0,465627.0,2024-12-21
T1176,2024-12,8414484.0,4933988.0,441839.0,2025-01-21
T1176,2025-01,759538.0,455723.0,0.0,2025-02-16
T1176,2025-02,583943.0,350366.0,0.0,2025-03-07
T1176,2025-03,765495.0,459297.0,0.0,2025-04-17
T1176,2025-04,189570.0,113742.0,0.0,2025-05-24
T1176,2025-05,505194.0,303116.0,0.0,2025-06-15
T1176,2025-06,13096149.0,7679168.0,696191.0,2025-07-11
T1176,2025-07,440638.0,264383.0,0.0,2025-08-15
T1176,2025-08,335855.0,201513.0,0.0,2025-09-09
T1176,2025-09,463247.0,277948.0,0.0,2025-10-16
T1176,2025-10,213932.0,128359.0,0.0,2025-11-05
T1176,2025-11,71418377.0,41877478.0,3982003.0,2025-12-10
T1176,2025-12,657229.0,394338.0,0.0,2026-01-10
T1176,2026-01,10244867.0,6007266.0,547534.0,2026-02-15
T1176,2026-02,350748.0,210449.0,0.0,2026-03-17
T1176,2026-03,36200717.0,21226956.0,2212073.0,2026-04-16
T1176,2026-04,430554.0,258332.0,0.0,2026-05-19
T1176,2026-05,68849929.0,40371421.0,4180037.0,2026-06-15
T1176,2026-06,264370.0,158622.0,0.0,2026-07-15
T1176,2026-07,15531026.0,9106902.0,903688.0,2026-08-10
T1176,2026-08,416704.0,250022.0,0.0,2026-09-22
T1176,2026-09,358926.0,215356.0,0.0,2026-10-24
T1130,2024-10,582756.0,349654.0,0.0,2024-11-11
T1130,2024-11,412821.0,247693.0,0.0,2024-12-08
T1130,2024-12,1321883.0,793130.0,0.0,2025-01-16
T1130,2025-01,640083.0,384050.0,0.0,2025-02-17
T1130,2025-02,1112052.0,656101.0,63148.0,2025-03-14
T1130,2025-03,2841518.0,1676471.0,168588.0,2025-04-05
T1130,2025-04,259824.0,155895.0,0.0,2025-05-19
T1130,2025-05,316940.0,190164.0,0.0,2025-06-08
T1130,2025-06,13424873.0,7920557.0,761754.0,2025-07-06
T1130,2025-07,4457843.0,2630088.0,266432.0,2025-08-22
T1130,2025-08,794127.0,476476.0,0.0,2025-09-22
T1130,2025-09,4591850.0,2709151.0,272465.0,2025-10-09
T1130,2025-10,4687084.0,2765339.0,271164.0,2025-11-06
T1130,2025-11,265724.0,159435.0,0.0,2025-12-06
T1130,2025-12,349858.0,209915.0,0.0,2026-01-15
T1130,2026-01,15875325.0,9366303.0,910600.0,2026-02-23
T1130,2026-02,3915731.0,2310247.0,223371.0,2026-03-09
T1130,2026-03,363809.0,218285.0,0.0,2026-04-05
T1130,2026-04,9241122.0,5452181.0,510822.0,2026-05-19
T1130,2026-05,10978066.0,6476963.0,588694.0,2026-06-10
T1130,2026-06,377756.0,226654.0,0.0,2026-07-13
T1130,2026-07,450779.0,270467.0,0.0,2026-08-10
T1130,2026-08,543145.0,325887.0,0.0,2026-09-20
T1130,2026-09,19216910.0,11337808.0,1139168.0,2026-10-20
T822469,2024-10,2194681.0,1351059.0,122076.0,2024-11-23
T822469,2024-11,14675951.0,9034608.0,839455.0,2024-12-17
T822469,2024-12,24417399.0,15031505.0,1400862.0,2025-01-14
T822469,2025-01,725176.0,435106.0,0.0,2025-02-11
T822469,2025-02,5559703.0,3422588.0,331016.0,2025-03-07
T822469,2025-03,700931.0,420558.0,0.0,2025-04-17
T822469,2025-04,560850.0,336510.0,0.0,2025-05-20
T822469,2025-05,3255124.0,2003875.0,184684.0,2025-06-19
T822469,2025-06,6302444.0,3879824.0,346001.0,2025-07-23
T822469,2025-07,720101.0,432060.0,0.0,2025-08-18
T822469,2025-08,384355.0,230613.0,0.0,2025-09-06
T822469,2025-09,1039105.0,623463.0,0.0,2025-10-21
T822469,2025-10,11762756.0,7241227.0,636420.0,2025-11-09
T822469,2025-11,288685.0,173211.0,0.0,2025-12-24
T822469,2025-12,6446402.0,3968446.0,354591.0,2026-01-18
T822469,2026-01,69305208.0,42664724.0,3942288.0,2026-02-17
T822469,2026-02,365952.0,219571.0,0.0,2026-03-20
T822469,2026-03,5146250.0,3168064.0,292622.0,2026-04-11
T822469,2026-04,822570.0,506379.0,46479.0,2026-05-05
T822469,2026-05,183277.0,109966.0,0.0,2026-06-19
T822469,2026-06,19813689.0,12197432.0,1163871.0,2026-07-17
T822469,2026-07,12989034.0,7996132.0,759209.0,2026-08-16
T822469,2026-08,718666.0,442415.0,40492.0,2026-09-05
T822469,2026-09,1953185.0,1202393.0,126367.0,2026-10-14
T467707,2024-10,21663163.0,15937218.0,1717643.0,2024-11-21
T467707,2024-11,430606.0,258363.0,0.0,2024-12-24
T467707,2024-12,547212.0,328327.0,0.0,2025-01-13
T467707,2025-01,365063.0,219038.0,0.0,2025-02-12
T467707,2025-02,161722.0,97033.0,0.0,2025-03-20
T467707,2025-03,517066.0,310240.0,0.0,2025-04-23
T467707,2025-04,241940.0,145164.0,0.0,2025-05-17
T467707,2025-05,526156.0,315693.0,0.0,2025-06-12
T467707,2025-06,1131934.0,832744.0,88063.0,2025-07-18
T467707,2025-07,2401019.0,1766389.0,174389.0,2025-08-07
T467707,2025-08,287723.0,172634.0,0.0,2025-09-21
T467707,2025-09,388008.0,232805.0,0.0,2025-10-13
T467707,2025-10,169903.0,101942.0,0.0,2025-11-05
T467707,2025-11,478534.0,287120.0,0.0,2025-12-13
T467707,2025-12,329029.0,197417.0,0.0,2026-01-07
T467707,2026-01,501558.0,300935.0,0.0,2026-02-11
T467707,2026-02,2632347.0,1579408.0,0.0,2026-03-10
T467707,2026-03,253130.0,151878.0,0.0,2026-04-22
T467707,2026-04,414842.0,248905.0,0.0,2026-05-21
T467707,2026-05,225956.0,135573.0,0.0,2026-06-24
T467707,2026-06,159856.0,95914.0,0.0,2026-07-05
T467707,2026-07,8959094.0,6591052.0,627900.0,2026-08-23
T467707,2026-08,161941.0,97164.0,0.0,2026-09-15
T467707,2026-09,7942356.0,5843055.0,621080.0,2026-10-08
T351810,2024-10,353462.0,212077.0,0.0,2024-11-22
T351810,2024-11,2520773.0,1567938.0,177230.0,2024-12-13
T351810,2024-12,616502.0,369901.0,0.0,2025-01-06
T351810,2025-01,9525785.0,5925102.0,549310.0,2025-02-06
T351810,2025-02,294725.0,176835.0,0.0,2025-03-07
T351810,2025-03,380141.0,228085.0,0.0,2025-04-23
T351810,2025-04,4853642.0,3018998.0,265763.0,2025-05-18
T351810,2025-05,5379580.0,3346135.0,381006.0,2025-06-17
T351810,2025-06,171648.0,102989.0,0.0,2025-07-05
T351810,2025-07,1136189.0,706717.0,75365.0,2025-08-07
T351810,2025-08,407714.0,244628.0,0.0,2025-09-06
T351810,2025-09,756834.0,454100.0,0.0,2025-10-18
T351810,2025-10,573416.0,344049.0,0.0,2025-11-14
T351810,2025-11,747471.0,448483.0,0.0,2025-12-12
T351810,2025-12,415632.0,249379.0,0.0,2026-01-18
T351810,2026-01,338959.0,203376.0,0.0,2026-02-07
T351810,2026-02,732502.0,439501.0,0.0,2026-03-12
T351810,2026-03,622910.0,373746.0,0.0,2026-04-24
T351810,2026-04,10858939.0,6754333.0,709552.0,2026-05-22
T351810,2026-05,420133.0,252080.0,0.0,2026-06-15
T351810,2026-06,10926629.0,6796437.0,612781.0,2026-07-16
T351810,2026-07,609885.0,365931.0,0.0,2026-08-10
T351810,2026-08,613888.0,368333.0,0.0,2026-09-19
T351810,2026-09,312350.0,187410.0,0.0,2026-10-23
T733557,2024-10,266963.0,160178.0,0.0,2024-11-17
T733557,2024-11,1835976.0,1336565.0,122802.0,2024-12-19
T733557,2024-12,539400.0,323640.0,0.0,2025-01-14
T733557,2025-01,322396.0,193438.0,0.0,2025-02-15
T733557,2025-02,279029.0,167418.0,0.0,2025-03-05
T733557,2025-03,326341.0,195805.0,0.0,2025-04-07
T733557,2025-04,438340.0,263004.0,0.0,2025-05-10
T733557,2025-05,227073.0,136244.0,0.0,2025-06-22
T733557,2025-06,328941.0,197364.0,0.0,2025-07-22
T733557,2025-07,422126.0,253276.0,0.0,2025-08-15
T733557,2025-08,394329.0,236597.0,0.0,2025-09-21
T733557,2025-09,397008.0,238205.0,0.0,2025-10-09
T733557,2025-10,155885.0,93531.0,0.0,2025-11-22
T733557,2025-11,1178034.0,857592.0,81648.0,2025-12-23
T733557,2025-12,455091.0,273054.0,0.0,2026-01-23
T733557,2026-01,1008589.0,605153.0,0.0,2026-02-10
T733557,2026-02,480204.0,288122.0,0.0,2026-03-21
T733557,2026-03,309279.0,185568.0,0.0,2026-04-23
T733557,2026-04,608338.0,365003.0,0.0,2026-05-17
T733557,2026-05,318679.0,191207.0,0.0,2026-06-08
T733557,2026-06,890047.0,534028.0,0.0,2026-07-12
T733557,2026-07,384794.0,230877.0,0.0,2026-08-23
T733557,2026-08,552488.0,331493.0,0.0,2026-09-15
T733557,2026-09,106023.0,63614.0,0.0,2026-10-17
T1187,2024-10,258512.0,155107.0,0.0,2024-11-24
T1187,2024-11,760091.0,456055.0,0.0,2024-12-23
T1187,2024-12,198239.0,118943.0,0.0,2025-01-10
T1187,2025-01,259052.0,155431.0,0.0,2025-02-22
T1187,2025-02,692974.0,415785.0,0.0,2025-03-21
T1187,2025-03,313265.0,187959.0,0.0,2025-04-22
T1187,2025-04,601108.0,360665.0,0.0,2025-05-10
T1187,2025-05,373107.0,223864.0,0.0,2025-06-20
T1187,2025-06,770136.0,462081.0,0.0,2025-07-08
T1187,2025-07,418970.0,251382.0,0.0,2025-08-08
T1187,2025-08,863524.0,518115.0,0.0,2025-09-18
T1187,2025-09,224319.0,134591.0,0.0,2025-10-08
T1187,2025-10,418737.0,251242.0,0.0,2025-11-19
T1187,2025-11,424133.0,254480.0,0.0,2025-12-24
T1187,2025-12,587972.0,352783.0,0.0,2026-01-12
T1187,2026-01,554728.0,332837.0,0.0,2026-02-16
T1187,2026-02,203323.0,121994.0,0.0,2026-03-20
T1187,2026-03,443504.0,266102.0,0.0,2026-04-05
T1187,2026-04,291338.0,174803.0,0.0,2026-05-08
T1187,2026-05,554523.0,332714.0,0.0,2026-06-15
T1187,2026-06,690200.0,414120.0,0.0,2026-07-12
T1187,2026-07,412908.0,247745.0,0.0,2026-08-09
T1187,2026-08,533414.0,320048.0,0.0,2026-09-16
T1187,2026-09,310861.0,186516.0,0.0,2026-10-09
T668853,2024-10,384328.0,230597.0,0.0,2024-11-07
T668853,2024-11,391802.0,235081.0,0.0,2024-12-09
T668853,2024-12,420421.0,252253.0,0.0,2025-01-19
T668853,2025-01,301272.0,180763.0,0.0,2025-02-15
T668853,2025-02,587081.0,352248.0,0.0,2025-03-23
T668853,2025-03,196307.0,117784.0,0.0,2025-04-23
T668853,2025-04,361192.0,216715.0,0.0,2025-05-14
T668853,2025-05,371549.0,222929.0,0.0,2025-06-16
T668853,2025-06,534297.0,320578.0,0.0,2025-07-12
T668853,2025-07,245560.0,147336.0,0.0,2025-08-24
T668853,2025-08,310121.0,186073.0,0.0,2025-09-16
T668853,2025-09,647734.0,388641.0,0.0,2025-10-21
T668853,2025-10,332716.0,199630.0,0.0,2025-11-23
T668853,2025-11,324627.0,194776.0,0.0,2025-12-19
T668853,2025-12,245275.0,147165.0,0.0,2026-01-18
T668853,2026-01,315868.0,189521.0,0.0,2026-02-16
T668853,2026-02,166801.0,100081.0,0.0,2026-03-15
T668853,2026-03,1110238.0,666143.0,0.0,2026-04-09
T668853,2026-04,559198.0,335519.0,0.0,2026-05-16
T668853,2026-05,347264.0,208359.0,0.0,2026-06-11
T668853,2026-06,209375.0,125625.0,0.0,2026-07-19
T668853,2026-07,384646.0,230788.0,0.0,2026-08-14
T668853,2026-08,422459.0,253476.0,0.0,2026-09-13
T668853,2026-09,519978.0,311987.0,0.0,2026-10-14
T1197,2024-10,510438.0,306263.0,0.0,2024-11-13
T1197,2024-11,316016.0,189609.0,0.0,2024-12-08
T1197,2024-12,1364998.0,818999.0,0.0,2025-01-16
T1197,2025-01,25029362.0,16046829.0,1438634.0,2025-02-11
T1197,2025-02,297772.0,178663.0,0.0,2025-03-16
T1197,2025-03,2198383.0,1409428.0,136992.0,2025-04-12
T1197,2025-04,2783741.0,1784713.0,168275.0,2025-05-14
T1197,2025-05,3301200.0,2116466.0,200866.0,2025-06-07
T1197,2025-06,464230.0,278538.0,0.0,2025-07-17
T1197,2025-07,1117772.0,670663.0,0.0,2025-08-19
T1197,2025-08,334273.0,200564.0,0.0,2025-09-09
T1197,2025-09,4805227.0,3080728.0,277022.0,2025-10-19
T1197,2025-10,365079.0,219048.0,0.0,2025-11-11
T1197,2025-11,383318.0,229991.0,0.0,2025-12-18
T1197,2025-12,255705.0,153423.0,0.0,2026-01-07
T1197,2026-01,624553.0,374732.0,0.0,2026-02-23
T1197,2026-02,501373.0,300824.0,0.0,2026-03-18
T1197,2026-03,401295.0,240777.0,0.0,2026-04-08
T1197,2026-04,1439946.0,863968.0,0.0,2026-05-06
T1197,2026-05,529878.0,317927.0,0.0,2026-06-21
T1197,2026-06,10472567.0,6714174.0,611383.0,2026-07-24
T1197,2026-07,195831.0,117499.0,0.0,2026-08-12
T1197,2026-08,35274963.0,22615491.0,2079081.0,2026-09-05
T1197,2026-09,262598.0,157559.0,0.0,2026-10-05
T1060,2024-10,391542.0,234925.0,0.0,2024-11-10
T1060,2024-11,400454.0,240273.0,0.0,2024-12-05
T1060,2024-12,473469.0,284081.0,0.0,2025-01-13
T1060,2025-01,287124.0,172275.0,0.0,2025-02-16
T1060,2025-02,466836.0,280102.0,0.0,2025-03-18
T1060,2025-03,558385.0,335031.0,0.0,2025-04-22
T1060,2025-04,326902.0,196141.0,0.0,2025-05-05
T1060,2025-05,705864.0,423518.0,0.0,2025-06-06
T1060,2025-06,339568.0,203741.0,0.0,2025-07-06
T1060,2025-07,229480.0,137688.0,0.0,2025-08-12
T1060,2025-08,1082290.0,649374.0,0.0,2025-09-20
T1060,2025-09,733083.0,439850.0,0.0,2025-10-13
T1060,2025-10,187100.0,112260.0,0.0,2025-11-06
T1060,2025-11,287917.0,172750.0,0.0,2025-12-08
T1060,2025-12,243849.0,146309.0,0.0,2026-01-12
T1060,2026-01,485905.0,291543.0,0.0,2026-02-09
T1060,2026-02,310812.0,186487.0,0.0,2026-03-17
T1060,2026-03,314272.0,188563.0,0.0,2026-04-19
T1060,2026-04,500901.0,300541.0,0.0,2026-05-08
T1060,2026-05,521434.0,312861.0,0.0,2026-06-11
T1060,2026-06,281484.0,168891.0,0.0,2026-07-20
T1060,2026-07,115925.0,69555.0,0.0,2026-08-05
T1060,2026-08,986226.0,591736.0,0.0,2026-09-10
T1060,2026-09,327362.0,196417.0,0.0,2026-10-15
T722496,2024-10,656243.0,393746.0,0.0,2024-11-17
T722496,2024-11,717546.0,430527.0,0.0,2024-12-05
T722496,2024-12,380304.0,228182.0,0.0,2025-01-20
T722496,2025-01,246838.0,148103.0,0.0,2025-02-07
T722496,2025-02,422961.0,253777.0,0.0,2025-03-12
T722496,2025-03,174487.0,104692.0,0.0,2025-04-15
T722496,2025-04,557241.0,334345.0,0.0,2025-05-09
T722496,2025-05,515958.0,309575.0,0.0,2025-06-22
T722496,2025-06,135431.0,81259.0,0.0,2025-07-17
T722496,2025-07,1057373.0,634424.0,0.0,2025-08-24
T722496,2025-08,347823.0,208694.0,0.0,2025-09-06
T722496,2025-09,425779.0,255467.0,0.0,2025-10-10
T722496,2025-10,312531.0,187519.0,0.0,2025-11-23
T722496,2025-11,115288.0,69173.0,0.0,2025-12-15
T722496,2025-12,242738.0,145643.0,0.0,2026-01-16
T722496,2026-01,406726.0,244035.0,0.0,2026-02-05
T722496,2026-02,185193.0,111116.0,0.0,2026-03-24
T722496,2026-03,460096.0,276057.0,0.0,2026-04-23
T722496,2026-04,626592.0,375955.0,0.0,2026-05-15
T722496,2026-05,541208.0,324725.0,0.0,2026-06-23
T722496,2026-06,400313.0,240188.0,0.0,2026-07-13
T722496,2026-07,1149568.0,689741.0,0.0,2026-08-14
T722496,2026-08,755418.0,453251.0,0.0,2026-09-19
T722496,2026-09,196581.0,117948.0,0.0,2026-10-16
T1198,2024-10,960863.0,576518.0,0.0,2024-11-21
T1198,2024-11,320138.0,192083.0,0.0,2024-12-06
T1198,2024-12,409632.0,245779.0,0.0,2025-01-20
T1198,2025-01,271420.0,162852.0,0.0,2025-02-20
T1198,2025-02,625426.0,375256.0,0.0,2025-03-21
T1198,2025-03,412403.0,247442.0,0.0,2025-04-23
T1198,2025-04,1294400.0,776640.0,0.0,2025-05-10
T1198,2025-05,325789.0,195473.0,0.0,2025-06-14
T1198,2025-06,734151.0,440491.0,0.0,2025-07-19
T1198,2025-07,359290.0,215574.0,0.0,2025-08-16
T1198,2025-08,284159.0,170495.0,0.0,2025-09-06
T1198,2025-09,375772.0,225463.0,0.0,2025-10-05
T1198,2025-10,424077.0,254446.0,0.0,2025-11-11
T1198,2025-11,527071.0,316243.0,0.0,2025-12-17
T1198,2025-12,454906.0,272943.0,0.0,2026-01-06
T1198,2026-01,493218.0,295931.0,0.0,2026-02-07
T1198,2026-02,319442.0,191665.0,0.0,2026-03-24
T1198,2026-03,460859.0,276515.0,0.0,2026-04-12
T1198,2026-04,325678.0,195407.0,0.0,2026-05-09
T1198,2026-05,846346.0,507807.0,0.0,2026-06-12
T1198,2026-06,211367.0,126820.0,0.0,2026-07-09
T1198,2026-07,177056.0,106234.0,0.0,2026-08-09
T1198,2026-08,473164.0,283898.0,0.0,2026-09-17
T1198,2026-09,177137.0,106282.0,0.0,2026-10-10
T1054,2024-10,322589.0,193553.0,0.0,2024-11-23
T1054,2024-11,393401.0,236041.0,0.0,2024-12-21
T1054,2024-12,224957.0,134974.0,0.0,2025-01-08
T1054,2025-01,269937.0,161962.0,0.0,2025-02-20
T1054,2025-02,1987170.0,1192302.0,0.0,2025-03-12
T1054,2025-03,329313.0,197588.0,0.0,2025-04-17
T1054,2025-04,422812.0,253687.0,0.0,2025-05-06
T1054,2025-05,1401289.0,840774.0,0.0,2025-06-16
T1054,2025-06,653582.0,392149.0,0.0,2025-07-13
T1054,2025-07,365835.0,219501.0,0.0,2025-08-09
T1054,2025-08,256397.0,153838.0,0.0,2025-09-24
T1054,2025-09,937066.0,562239.0,0.0,2025-10-11
T1054,2025-10,246774.0,148065.0,0.0,2025-11-11
T1054,2025-11,552872.0,331723.0,0.0,2025-12-24
T1054,2025-12,394848.0,236909.0,0.0,2026-01-08
T1054,2026-01,562902.0,337741.0,0.0,2026-02-15
T1054,2026-02,346324.0,207794.0,0.0,2026-03-11
T1054,2026-03,717954.0,430773.0,0.0,2026-04-21
T1054,2026-04,496364.0,297818.0,0.0,2026-05-08
T1054,2026-05,426622.0,255973.0,0.0,2026-06-24
T1054,2026-06,562399.0,337440.0,0.0,2026-07-07
T1054,2026-07,729416.0,437649.0,0.0,2026-08-09
T1054,2026-08,169541.0,101725.0,0.0,2026-09-11
T1054,2026-09,619240.0,371544.0,0.0,2026-10-24
T869233,2024-10,93466874.0,61781409.0,5833319.0,2024-11-21
T869233,2024-11,20166955.0,13330315.0,1208367.0,2024-12-11
T869233,2024-12,22745616.0,15034805.0,1429669.0,2025-01-09
T869233,2025-01,47543797.0,31426351.0,2939710.0,2025-02-10
T869233,2025-02,46537574.0,30761240.0,2887481.0,2025-03-09
T869233,2025-03,2552440.0,1687158.0,150440.0,2025-04-23
T869233,2025-04,81010256.0,53547610.0,4843964.0,2025-05-19
T869233,2025-05,2446227.0,1616951.0,143370.0,2025-06-20
T869233,2025-06,5620603.0,3715207.0,345655.0,2025-07-20
T869233,2025-07,404204.0,242522.0,0.0,2025-08-15
T869233,2025-08,492650.0,295590.0,0.0,2025-09-12
T869233,2025-09,23673206.0,15647940.0,1379353.0,2025-10-09
T869233,2025-10,5998368.0,3964909.0,357571.0,2025-11-05
T869233,2025-11,530207.0,318124.0,0.0,2025-12-07
T869233,2025-12,17427692.0,11519668.0,1037208.0,2026-01-06
T869233,2026-01,52549330.0,34734998.0,3174103.0,2026-02-19
T869233,2026-02,29428458.0,19452150.0,1786322.0,2026-03-09
T869233,2026-03,596005.0,357603.0,0.0,2026-04-24
T869233,2026-04,21726171.0,14360954.0,1322072.0,2026-05-12
T869233,2026-05,351558.0,210935.0,0.0,2026-06-19
T869233,2026-06,19606563.0,12959897.0,1162376.0,2026-07-24
T869233,2026-07,3180918.0,2102580.0,194991.0,2026-08-16
T869233,2026-08,4909071.0,3244886.0,284949.0,2026-09-17
T869233,2026-09,1021617.0,675287.0,60058.0,2026-10-09
T777951,2024-10,380347.0,228208.0,0.0,2024-11-18
T777951,2024-11,373806.0,224284.0,0.0,2024-12-19
T777951,2024-12,832962.0,499777.0,0.0,2025-01-24
T777951,2025-01,427725.0,256635.0,0.0,2025-02-05
T777951,2025-02,226902.0,136141.0,0.0,2025-03-24
T777951,2025-03,210254.0,126152.0,0.0,2025-04-22
T777951,2025-04,8949513.0,6090720.0,627367.0,2025-05-21
T777951,2025-05,563953.0,338372.0,0.0,2025-06-13
T777951,2025-06,14470413.0,9848048.0,1058263.0,2025-07-07
T777951,2025-07,793343.0,476006.0,0.0,2025-08-11
T777951,2025-08,7965108.0,5420769.0,508703.0,2025-09-08
T777951,2025-09,433569.0,260141.0,0.0,2025-10-06
T777951,2025-10,217464.0,130478.0,0.0,2025-11-20
T777951,2025-11,184623.0,110774.0,0.0,2025-12-13
T777951,2025-12,366713.0,220028.0,0.0,2026-01-22
T777951,2026-01,275172.0,165103.0,0.0,2026-02-22
T777951,2026-02,278430.0,167058.0,0.0,2026-03-07
T777951,2026-03,606329.0,363797.0,0.0,2026-04-15
T777951,2026-04,441068.0,264641.0,0.0,2026-05-16
T777951,2026-05,359767.0,215860.0,0.0,2026-06-14
T777951,2026-06,382837.0,229702.0,0.0,2026-07-24
T777951,2026-07,270980.0,162588.0,0.0,2026-08-12
T777951,2026-08,278516.0,167110.0,0.0,2026-09-22
T777951,2026-09,564344.0,338607.0,0.0,2026-10-19
T403124,2024-10,261950.0,157170.0,0.0,2024-11-23
T403124,2024-11,237931.0,142758.0,0.0,2024-12-09
T403124,2024-12,1044801.0,626881.0,0.0,2025-01-17
T403124,2025-01,466146.0,279688.0,0.0,2025-02-05
T403124,2025-02,403590.0,242154.0,0.0,2025-03-22
T403124,2025-03,514033.0,308420.0,0.0,2025-04-07
T403124,2025-04,159034.0,95420.0,0.0,2025-05-16
T403124,2025-05,451461.0,270876.0,0.0,2025-06-17
T403124,2025-06,366107.0,219664.0,0.0,2025-07-11
T403124,2025-07,197860.0,118716.0,0.0,2025-08-11
T403124,2025-08,139445.0,83667.0,0.0,2025-09-07
T403124,2025-09,3825638.0,2481151.0,232071.0,2025-10-10
T403124,2025-10,271485.0,162891.0,0.0,2025-11-21
T403124,2025-11,512228.0,307337.0,0.0,2025-12-07
T403124,2025-12,480881.0,288528.0,0.0,2026-01-05
T403124,2026-01,172541.0,103525.0,0.0,2026-02-06
T403124,2026-02,383150.0,229890.0,0.0,2026-03-06
T403124,2026-03,22342212.0,14490237.0,1501358.0,2026-04-09
T403124,2026-04,358847.0,215308.0,0.0,2026-05-05
T403124,2026-05,414616.0,248769.0,0.0,2026-06-21
T403124,2026-06,976096.0,585658.0,0.0,2026-07-23
T403124,2026-07,255506.0,153304.0,0.0,2026-08-22
T403124,2026-08,476247.0,285748.0,0.0,2026-09-20
T403124,2026-09,228126.0,136875.0,0.0,2026-10-11
T131813,2024-10,454499.0,272699.0,0.0,2024-11-08
T131813,2024-11,352598.0,211559.0,0.0,2024-12-22
T131813,2024-12,10464094.0,7056468.0,663077.0,2025-01-18
T131813,2025-01,486637.0,291982.0,0.0,2025-02-17
T131813,2025-02,6258715.0,4220568.0,375151.0,2025-03-22
T131813,2025-03,177114.0,106269.0,0.0,2025-04-18
T131813,2025-04,251462.0,150877.0,0.0,2025-05-08
T131813,2025-05,199098.0,119459.0,0.0,2025-06-05
T131813,2025-06,299132.0,179479.0,0.0,2025-07-20
T131813,2025-07,162489.0,97493.0,0.0,2025-08-06
T131813,2025-08,596153.0,357692.0,0.0,2025-09-17
T131813,2025-09,229053.0,137432.0,0.0,2025-10-18
T131813,2025-10,375328.0,225197.0,0.0,2025-11-21
T131813,2025-11,381350.0,228810.0,0.0,2025-12-12
T131813,2025-12,311726.0,187035.0,0.0,2026-01-09
T131813,2026-01,1148247.0,688948.0,0.0,2026-02-19
T131813,2026-02,421951.0,253171.0,0.0,2026-03-15
T131813,2026-03,495143.0,297086.0,0.0,2026-04-06
T131813,2026-04,299305.0,179583.0,0.0,2026-05-05
T131813,2026-05,23021334.0,15524449.0,1428853.0,2026-06-21
T131813,2026-06,340058.0,204035.0,0.0,2026-07-08
T131813,2026-07,437039.0,262223.0,0.0,2026-08-23
T131813,2026-08,10911708.0,7358316.0,732441.0,2026-09-07
T131813,2026-09,6739618.0,4544865.0,441713.0,2026-10-11
T110442,2024-10,916322.0,549793.0,0.0,2024-11-10
T110442,2024-11,225861.0,135516.0,0.0,2024-12-20
T110442,2024-12,217070.0,130242.0,0.0,2025-01-22
T110442,2025-01,729204.0,437523.0,0.0,2025-02-24
T110442,2025-02,544925.0,326955.0,0.0,2025-03-07
T110442,2025-03,286740.0,172044.0,0.0,2025-04-19
T110442,2025-04,199242.0,119545.0,0.0,2025-05-09
T110442,2025-05,445573.0,267344.0,0.0,2025-06-09
T110442,2025-06,250706.0,150424.0,0.0,2025-07-22
T110442,2025-07,348849.0,209309.0,0.0,2025-08-24
T110442,2025-08,645184.0,387110.0,0.0,2025-09-24
T110442,2025-09,317232.0,190339.0,0.0,2025-10-16
T110442,2025-10,264273.0,158564.0,0.0,2025-11-21
T110442,2025-11,371001.0,222600.0,0.0,2025-12-24
T110442,2025-12,470818.0,282491.0,0.0,2026-01-21
T110442,2026-01,169900.0,101940.0,0.0,2026-02-20
T110442,2026-02,355881.0,213528.0,0.0,2026-03-18
T110442,2026-03,793861.0,476317.0,0.0,2026-04-07
T110442,2026-04,641443.0,384866.0,0.0,2026-05-14
T110442,2026-05,445287.0,267172.0,0.0,2026-06-11
T110442,2026-06,169077.0,101446.0,0.0,2026-07-07
T110442,2026-07,366969.0,220181.0,0.0,2026-08-09
T110442,2026-08,358407.0,215044.0,0.0,2026-09-15
T110442,2026-09,1027345.0,616407.0,0.0,2026-10-06
T504469,2024-10,337800.0,202680.0,0.0,2024-11-19
T504469,2024-11,397255.0,238353.0,0.0,2024-12-06
T504469,2024-12,827594.0,496556.0,0.0,2025-01-13
T504469,2025-01,511633.0,306980.0,0.0,2025-02-11
T504469,2025-02,413061.0,247837.0,0.0,2025-03-12
T504469,2025-03,324123.0,194474.0,0.0,2025-04-08
T504469,2025-04,359197.0,215518.0,0.0,2025-05-24
T504469,2025-05,9795714.0,5685339.0,589808.0,2025-06-22
T504469,2025-06,553760.0,332256.0,0.0,2025-07-05
T504469,2025-07,268649.0,161189.0,0.0,2025-08-08
T504469,2025-08,903332.0,541999.0,0.0,2025-09-06
T504469,2025-09,429367.0,257620.0,0.0,2025-10-13
T504469,2025-10,211071.0,126643.0,0.0,2025-11-07
T504469,2025-11,634315.0,380589.0,0.0,2025-12-09
T504469,2025-12,646018.0,387611.0,0.0,2026-01-06
T504469,2026-01,7831180.0,4545142.0,459696.0,2026-02-07
T504469,2026-02,300252.0,180151.0,0.0,2026-03-17
T504469,2026-03,783208.0,469925.0,0.0,2026-04-16
T504469,2026-04,210515.0,126309.0,0.0,2026-05-11
T504469,2026-05,340042.0,204025.0,0.0,2026-06-08
T504469,2026-06,291724.0,175035.0,0.0,2026-07-22
T504469,2026-07,639791.0,383875.0,0.0,2026-08-22
T504469,2026-08,416372.0,249823.0,0.0,2026-09-22
T504469,2026-09,130306.0,78184.0,0.0,2026-10-18
T1091,2024-10,628067.0,376840.0,0.0,2024-11-24
T1091,2024-11,6826762.0,4971725.0,436490.0,2024-12-09
T1091,2024-12,7304643.0,5319752.0,488593.0,2025-01-20
T1091,2025-01,53522906.0,38979122.0,3497963.0,2025-02-07
T1091,2025-02,332718.0,199631.0,0.0,2025-03-09
T1091,2025-03,396277.0,237766.0,0.0,2025-04-13
T1091,2025-04,8789060.0,6400808.0,595420.0,2025-05-07
T1091,2025-05,521896.0,313138.0,0.0,2025-06-14
T1091,2025-06,27229686.0,19830561.0,1952174.0,2025-07-14
T1091,2025-07,378337.0,227002.0,0.0,2025-08-13
T1091,2025-08,524964.0,314979.0,0.0,2025-09-11
T1091,2025-09,14209739.0,10348525.0,940268.0,2025-10-24
T1091,2025-10,182789.0,109673.0,0.0,2025-11-22
T1091,2025-11,170501.0,102300.0,0.0,2025-12-23
T1091,2025-12,9518071.0,6931724.0,632387.0,2026-01-24
T1091,2026-01,621663.0,372998.0,0.0,2026-02-20
T1091,2026-02,8876980.0,6464837.0,585046.0,2026-03-20
T1091,2026-03,409407.0,245644.0,0.0,2026-04-10
T1091,2026-04,7506960.0,5467093.0,502176.0,2026-05-09
T1091,2026-05,471293.0,282776.0,0.0,2026-06-15
T1091,2026-06,308774.0,185264.0,0.0,2026-07-06
T1091,2026-07,504628.0,302777.0,0.0,2026-08-05
T1091,2026-08,200100.0,120060.0,0.0,2026-09-21
T1091,2026-09,55940951.0,40740111.0,3676153.0,2026-10-08
T214995,2024-10,602007.0,361204.0,0.0,2024-11-05
T214995,2024-11,257905.0,154743.0,0.0,2024-12-17
T214995,2024-12,23945564.0,16822989.0,1664937.0,2025-01-09
T214995,2025-01,344846.0,206907.0,0.0,2025-02-14
T214995,2025-02,532161.0,319297.0,0.0,2025-03-18
T214995,2025-03,513563.0,308138.0,0.0,2025-04-24
T214995,2025-04,567193.0,340316.0,0.0,2025-05-11
T214995,2025-05,446383.0,267830.0,0.0,2025-06-22
T214995,2025-06,217446.0,130467.0,0.0,2025-07-07
T214995,2025-07,261286.0,156771.0,0.0,2025-08-13
T214995,2025-08,770118.0,462071.0,0.0,2025-09-08
T214995,2025-09,5232642.0,3676200.0,348821.0,2025-10-11
T214995,2025-10,662096.0,397258.0,0.0,2025-11-09
T214995,2025-11,246437.0,147862.0,0.0,2025-12-11
T214995,2025-12,448570.0,269142.0,0.0,2026-01-20
T214995,2026-01,748552.0,449131.0,0.0,2026-02-18
T214995,2026-02,204418.0,122651.0,0.0,2026-03-20
T214995,2026-03,562848.0,337709.0,0.0,2026-04-13
T214995,2026-04,324578.0,194747.0,0.0,2026-05-15
T214995,2026-05,377312.0,226387.0,0.0,2026-06-07
T214995,2026-06,1103057.0,661834.0,0.0,2026-07-12
T214995,2026-07,323466.0,194080.0,0.0,2026-08-08
T214995,2026-08,543455.0,326073.0,0.0,2026-09-05
T214995,2026-09,273935.0,164361.0,0.0,2026-10-18
T739639,2024-10,0.0,131890.0,0.0,2024-11-09
T739639,2024-11,0.0,384988.0,0.0,2024-12-17
T739639,2024-12,0.0,107722.0,0.0,2025-01-11
T739639,2025-01,0.0,156539.0,0.0,2025-02-14
T739639,2025-02,0.0,140413.0,0.0,2025-03-18
T739639,2025-03,0.0,414835.0,0.0,2025-04-10
T739639,2025-04,0.0,122094.0,0.0,2025-05-16
T739639,2025-05,0.0,294445.0,0.0,2025-06-05
T739639,2025-06,0.0,377071.0,0.0,2025-07-22
T739639,2025-07,0.0,417240.0,0.0,2025-08-21
T739639,2025-08,0.0,334820.0,0.0,2025-09-10
T739639,2025-09,0.0,165790.0,0.0,2025-10-24
T739639,2025-10,0.0,313258.0,0.0,2025-11-20
T739639,2025-11,0.0,132621.0,0.0,2025-12-12
T739639,2025-12,0.0,234271.0,0.0,2026-01-19
T739639,2026-01,0.0,133806.0,0.0,2026-02-11
T739639,2026-02,0.0,173682.0,0.0,2026-03-21
T739639,2026-03,0.0,238102.0,0.0,2026-04-11
T739639,2026-04,0.0,477228.0,0.0,2026-05-19
T739639,2026-05,0.0,208881.0,0.0,2026-06-15
T739639,2026-06,0.0,189148.0,0.0,2026-07-24
T739639,2026-07,0.0,378582.0,0.0,2026-08-23
T739639,2026-08,0.0,159863.0,0.0,2026-09-20
T739639,2026-09,0.0,224402.0,0.0,2026-10-23
T1124,2024-10,353363.0,212018.0,0.0,2024-11-21
T1124,2024-11,168042.0,100825.0,0.0,2024-12-06
T1124,2024-12,491289.0,294773.0,0.0,2025-01-13
T1124,2025-01,440211.0,264127.0,0.0,2025-02-23
T1124,2025-02,899114.0,539469.0,0.0,2025-03-05
T1124,2025-03,256839.0,154103.0,0.0,2025-04-20
T1124,2025-04,11942550.0,7559339.0,763658.0,2025-05-18
T1124,2025-05,530205.0,318123.0,0.0,2025-06-23
T1124,2025-06,387465.0,232479.0,0.0,2025-07-21
T1124,2025-07,483215.0,289929.0,0.0,2025-08-17
T1124,2025-08,11032658.0,6983400.0,672325.0,2025-09-08
T1124,2025-09,57587947.0,36451749.0,3590326.0,2025-10-09
T1124,2025-10,204519.0,122711.0,0.0,2025-11-06
T1124,2025-11,415583.0,249350.0,0.0,2025-12-09
T1124,2025-12,534105.0,320463.0,0.0,2026-01-08
T1124,2026-01,21914575.0,13871385.0,1414925.0,2026-02-22
T1124,2026-02,268939.0,161363.0,0.0,2026-03-09
T1124,2026-03,446699.0,268020.0,0.0,2026-04-18
T1124,2026-04,576119.0,345672.0,0.0,2026-05-13
T1124,2026-05,470960.0,282576.0,0.0,2026-06-06
T1124,2026-06,460615.0,276369.0,0.0,2026-07-06
T1124,2026-07,283824.0,170294.0,0.0,2026-08-09
T1124,2026-08,407443.0,244466.0,0.0,2026-09-22
T1124,2026-09,1007247.0,604348.0,0.0,2026-10-09
T611147,2024-10,252294.0,151377.0,0.0,2024-11-19
T611147,2024-11,196374.0,117824.0,0.0,2024-12-16
T611147,2024-12,184812.0,110887.0,0.0,2025-01-11
T611147,2025-01,430915.0,258549.0,0.0,2025-02-14
T611147,2025-02,640500.0,384300.0,0.0,2025-03-20
T611147,2025-03,274928.0,164957.0,0.0,2025-04-18
T611147,2025-04,554453.0,332672.0,0.0,2025-05-11
T611147,2025-05,227897.0,136738.0,0.0,2025-06-07
T611147,2025-06,210381.0,126229.0,0.0,2025-07-05
T611147,2025-07,226133.0,135680.0,0.0,2025-08-11
T611147,2025-08,88349148.0,57676032.0,6054993.0,2025-09-13
T611147,2025-09,265627.0,159376.0,0.0,2025-10-20
T611147,2025-10,717608.0,430565.0,0.0,2025-11-16
T611147,2025-11,522241.0,313344.0,0.0,2025-12-09
T611147,2025-12,388266.0,232960.0,0.0,2026-01-22
T611147,2026-01,342056.0,205234.0,0.0,2026-02-13
T611147,2026-02,380904.0,228542.0,0.0,2026-03-11
T611147,2026-03,503268.0,301961.0,0.0,2026-04-22
T611147,2026-04,277127.0,166276.0,0.0,2026-05-09
T611147,2026-05,333154.0,199892.0,0.0,2026-06-11
T611147,2026-06,426241.0,255745.0,0.0,2026-07-13
T611147,2026-07,492590.0,295554.0,0.0,2026-08-06
T611147,2026-08,241687.0,145012.0,0.0,2026-09-08
T611147,2026-09,405637.0,243382.0,0.0,2026-10-14
T1044,2024-10,704507.0,422704.0,0.0,2024-11-20
T1044,2024-11,38352453.0,23696706.0,2102424.0,2024-12-12
T1044,2024-12,534785.0,320871.0,0.0,2025-01-24
T1044,2025-01,42342478.0,26162010.0,2718766.0,2025-02-21
T1044,2025-02,16474808.0,10179237.0,1069714.0,2025-03-11
T1044,2025-03,136500.0,81900.0,0.0,2025-04-20
T1044,2025-04,830670.0,498402.0,0.0,2025-05-05
T1044,2025-05,864784.0,518871.0,0.0,2025-06-19
T1044,2025-06,159375.0,95625.0,0.0,2025-07-19
T1044,2025-07,4400193.0,2718733.0,249230.0,2025-08-19
T1044,2025-08,31810475.0,19654636.0,2148949.0,2025-09-18
T1044,2025-09,40437697.0,24985109.0,2211541.0,2025-10-20
T1044,2025-10,1221621.0,732972.0,0.0,2025-11-06
T1044,2025-11,401029.0,240618.0,0.0,2025-12-06
T1044,2025-12,34978530.0,21612072.0,1966225.0,2026-01-12
T1044,2026-01,292204.0,175322.0,0.0,2026-02-18
T1044,2026-02,1126781.0,676068.0,0.0,2026-03-13
T1044,2026-03,451038.0,270623.0,0.0,2026-04-22
T1044,2026-04,325249.0,195149.0,0.0,2026-05-24
T1044,2026-05,281201.0,168721.0,0.0,2026-06-06
T1044,2026-06,182268.0,109361.0,0.0,2026-07-16
T1044,2026-07,20879241.0,12900589.0,1187097.0,2026-08-06
T1044,2026-08,223882.0,134329.0,0.0,2026-09-18
T1044,2026-09,69329.0,41597.0,0.0,2026-10-18
T1041,2024-10,536509.0,321905.0,0.0,2024-11-14
T1041,2024-11,253278.0,151967.0,0.0,2024-12-10
T1041,2024-12,521971.0,313182.0,0.0,2025-01-24
T1041,2025-01,358896.0,215337.0,0.0,2025-02-11
T1041,2025-02,632800.0,379680.0,0.0,2025-03-15
T1041,2025-03,398273.0,238964.0,0.0,2025-04-15
T1041,2025-04,1263790.0,758274.0,0.0,2025-05-09
T1041,2025-05,593488.0,356093.0,0.0,2025-06-14
T1041,2025-06,512006.0,307204.0,0.0,2025-07-10
T1041,2025-07,840774.0,504464.0,0.0,2025-08-12
T1041,2025-08,375816.0,225489.0,0.0,2025-09-14
T1041,2025-09,269981.0,161988.0,0.0,2025-10-13
T1041,2025-10,576124.0,345675.0,0.0,2025-11-22
T1041,2025-11,344789.0,206873.0,0.0,2025-12-07
T1041,2025-12,185684.0,111410.0,0.0,2026-01-10
T1041,2026-01,307198.0,184319.0,0.0,2026-02-20
T1041,2026-02,300559.0,180335.0,0.0,2026-03-09
T1041,2026-03,561407.0,336844.0,0.0,2026-04-07
T1041,2026-04,819383.0,491630.0,0.0,2026-05-13
T1041,2026-05,174406.0,104643.0,0.0,2026-06-23
T1041,2026-06,308009.0,184805.0,0.0,2026-07-13
T1041,2026-07,450924.0,270554.0,0.0,2026-08-19
T1041,2026-08,482987.0,289792.0,0.0,2026-09-16
T1041,2026-09,266993.0,160196.0,0.0,2026-10-07
T513180,2024-10,491661.0,294997.0,0.0,2024-11-17
T513180,2024-11,875332.0,525199.0,0.0,2024-12-16
T513180,2024-12,517120.0,310272.0,0.0,2025-01-06
T513180,2025-01,307769.0,184661.0,0.0,2025-02-14
T513180,2025-02,523344.0,314006.0,0.0,2025-03-13
T513180,2025-03,733261.0,439957.0,0.0,2025-04-16
T513180,2025-04,2589072.0,1774050.0,167560.0,2025-05-11
T513180,2025-05,208707.0,125224.0,0.0,2025-06-17
T513180,2025-06,827432.0,496459.0,0.0,2025-07-06
T513180,2025-07,14833665.0,10164131.0,914153.0,2025-08-10
T513180,2025-08,402531.0,241519.0,0.0,2025-09-08
T513180,2025-09,584059.0,350435.0,0.0,2025-10-11
T513180,2025-10,1101430.0,660858.0,0.0,2025-11-15
T513180,2025-11,373190.0,223914.0,0.0,2025-12-24
T513180,2025-12,565098.0,339059.0,0.0,2026-01-07
T513180,2026-01,195068.0,117041.0,0.0,2026-02-24
T513180,2026-02,10709369.0,7338135.0,650258.0,2026-03-07
T513180,2026-03,922849.0,553709.0,0.0,2026-04-17
T513180,2026-04,5466864.0,3745934.0,342975.0,2026-05-07
T513180,2026-05,28658998.0,19637347.0,1758557.0,2026-06-20
T513180,2026-06,290415.0,174249.0,0.0,2026-07-13
T513180,2026-07,3713244.0,2544341.0,224600.0,2026-08-13
T513180,2026-08,459461.0,275676.0,0.0,2026-09-11
T513180,2026-09,397599.0,238559.0,0.0,2026-10-23
T524191,2024-10,994340.0,596604.0,0.0,2024-11-22
T524191,2024-11,227553.0,136532.0,0.0,2024-12-14
T524191,2024-12,673517.0,404110.0,0.0,2025-01-20
T524191,2025-01,342808.0,205685.0,0.0,2025-02-17
T524191,2025-02,288818.0,173291.0,0.0,2025-03-22
T524191,2025-03,389193.0,233516.0,0.0,2025-04-05
T524191,2025-04,189017.0,113410.0,0.0,2025-05-22
T524191,2025-05,281280.0,168768.0,0.0,2025-06-15
T524191,2025-06,187919.0,112752.0,0.0,2025-07-21
T524191,2025-07,170524.0,102314.0,0.0,2025-08-13
T524191,2025-08,294522.0,176713.0,0.0,2025-09-11
T524191,2025-09,843579.0,506147.0,0.0,2025-10-19
T524191,2025-10,684235.0,410541.0,0.0,2025-11-09
T524191,2025-11,320125.0,192075.0,0.0,2025-12-23
T524191,2025-12,560142.0,336085.0,0.0,2026-01-13
T524191,2026-01,267336.0,160402.0,0.0,2026-02-17
T524191,2026-02,781963.0,469178.0,0.0,2026-03-19
T524191,2026-03,501495.0,300897.0,0.0,2026-04-24
T524191,2026-04,397082.0,238249.0,0.0,2026-05-17
T524191,2026-05,273312.0,163987.0,0.0,2026-06-15
T524191,2026-06,472644.0,283586.0,0.0,2026-07-17
T524191,2026-07,984094.0,590456.0,0.0,2026-08-07
T524191,2026-08,311255.0,186753.0,0.0,2026-09-17
T524191,2026-09,357016.0,214209.0,0.0,2026-10-19
T834921,2024-10,257149.0,154289.0,0.0,2024-11-13
T834921,2024-11,274050.0,164430.0,0.0,2024-12-17
T834921,2024-12,479748.0,287849.0,0.0,2025-01-17
T834921,2025-01,644183.0,386510.0,0.0,2025-02-19
T834921,2025-02,404487.0,242692.0,0.0,2025-03-11
T834921,2025-03,400822.0,240493.0,0.0,2025-04-23
T834921,2025-04,13624254.0,9018467.0,808873.0,2025-05-21
T834921,2025-05,552049.0,331230.0,0.0,2025-06-14
T834921,2025-06,736863.0,442118.0,0.0,2025-07-08
T834921,2025-07,432273.0,259364.0,0.0,2025-08-07
T834921,2025-08,294149.0,176489.0,0.0,2025-09-22
T834921,2025-09,381159.0,228695.0,0.0,2025-10-19
T834921,2025-10,724362.0,434617.0,0.0,2025-11-22
T834921,2025-11,445513.0,267308.0,0.0,2025-12-23
T834921,2025-12,291681.0,175009.0,0.0,2026-01-24
T834921,2026-01,449767.0,269860.0,0.0,2026-02-18
T834921,2026-02,416011.0,249607.0,0.0,2026-03-10
T834921,2026-03,477209.0,286326.0,0.0,2026-04-17
T834921,2026-04,465357.0,279214.0,0.0,2026-05-12
T834921,2026-05,836895.0,502137.0,0.0,2026-06-05
T834921,2026-06,209078.0,125447.0,0.0,2026-07-17
T834921,2026-07,689427.0,456361.0,42730.0,2026-08-18
T834921,2026-08,34126069.0,22589480.0,2074253.0,2026-09-20
T834921,2026-09,550711.0,330427.0,0.0,2026-10-09
T572974,2024-10,827465.0,496479.0,0.0,2024-11-14
T572974,2024-11,670119.0,402072.0,0.0,2024-12-10
T572974,2024-12,319779.0,191867.0,0.0,2025-01-11
T572974,2025-01,904077.0,561448.0,53379.0,2025-02-14
T572974,2025-02,165796.0,99478.0,0.0,2025-03-16
T572974,2025-03,2444918.0,1518336.0,154122.0,2025-04-21
T572974,2025-04,559684.0,335811.0,0.0,2025-05-10
T572974,2025-05,303009.0,181806.0,0.0,2025-06-09
T572974,2025-06,295050.0,177030.0,0.0,2025-07-17
T572974,2025-07,238700.0,143220.0,0.0,2025-08-08
T572974,2025-08,2317312.0,1439091.0,145959.0,2025-09-24
T572974,2025-09,460277.0,276166.0,0.0,2025-10-06
T572974,2025-10,11078559.0,6879977.0,695461.0,2025-11-12
T572974,2025-11,373902.0,224341.0,0.0,2025-12-13
T572974,2025-12,507313.0,304388.0,0.0,2026-01-18
T572974,2026-01,275429.0,165257.0,0.0,2026-02-23
T572974,2026-02,781746.0,469048.0,0.0,2026-03-16
T572974,2026-03,1725111.0,1071324.0,103714.0,2026-04-11
T572974,2026-04,522292.0,313375.0,0.0,2026-05-07
T572974,2026-05,102363.0,61418.0,0.0,2026-06-13
T572974,2026-06,228609.0,137165.0,0.0,2026-07-17
T572974,2026-07,272525.0,163515.0,0.0,2026-08-07
T572974,2026-08,351181.0,210709.0,0.0,2026-09-07
T572974,2026-09,288801.0,173281.0,0.0,2026-10-05
T351828,2024-10,481039.0,288624.0,0.0,2024-11-08
T351828,2024-11,313787.0,188272.0,0.0,2024-12-22
T351828,2024-12,284363.0,170618.0,0.0,2025-01-15
T351828,2025-01,437282.0,262369.0,0.0,2025-02-15
T351828,2025-02,844371.0,506623.0,0.0,2025-03-05
T351828,2025-03,498720.0,299232.0,0.0,2025-04-06
T351828,2025-04,166386.0,99832.0,0.0,2025-05-11
T351828,2025-05,786571.0,471943.0,0.0,2025-06-09
T351828,2025-06,651561.0,390937.0,0.0,2025-07-16
T351828,2025-07,426880.0,256128.0,0.0,2025-08-13
T351828,2025-08,391758.0,235055.0,0.0,2025-09-19
T351828,2025-09,1019049.0,611430.0,0.0,2025-10-13
T351828,2025-10,278140.0,166884.0,0.0,2025-11-24
T351828,2025-11,386049.0,231629.0,0.0,2025-12-06
T351828,2025-12,223421.0,134052.0,0.0,2026-01-23
T351828,2026-01,4403079.0,2673567.0,265839.0,2026-02-06
T351828,2026-02,399397.0,239638.0,0.0,2026-03-19
T351828,2026-03,248438.0,149063.0,0.0,2026-04-10
T351828,2026-04,157191.0,94314.0,0.0,2026-05-21
T351828,2026-05,411992.0,247195.0,0.0,2026-06-07
T351828,2026-06,199072.0,119443.0,0.0,2026-07-07
T351828,2026-07,346411.0,207847.0,0.0,2026-08-18
T351828,2026-08,247632.0,148579.0,0.0,2026-09-19
T351828,2026-09,173521.0,104112.0,0.0,2026-10-19
T841165,2024-10,320488.0,192293.0,0.0,2024-11-19
T841165,2024-11,434005.0,260403.0,0.0,2024-12-20
T841165,2024-12,1591517.0,941422.0,86555.0,2025-01-12
T841165,2025-01,708821.0,425293.0,0.0,2025-02-21
T841165,2025-02,144388.0,86633.0,0.0,2025-03-12
T841165,2025-03,6682650.0,3952956.0,418804.0,2025-04-11
T841165,2025-04,407511.0,244507.0,0.0,2025-05-13
T841165,2025-05,292559.0,175536.0,0.0,2025-06-05
T841165,2025-06,601247.0,360748.0,0.0,2025-07-22
T841165,2025-07,364228.0,218537.0,0.0,2025-08-12
T841165,2025-08,13554619.0,8017898.0,858535.0,2025-09-15
T841165,2025-09,574198.0,344519.0,0.0,2025-10-24
T841165,2025-10,694415.0,416649.0,0.0,2025-11-20
T841165,2025-11,490935.0,294561.0,0.0,2025-12-18
T841165,2025-12,5645324.0,3339351.0,370653.0,2026-01-12
T841165,2026-01,1067735.0,631592.0,65519.0,2026-02-07
T841165,2026-02,574478.0,344687.0,0.0,2026-03-08
T841165,2026-03,525641.0,315385.0,0.0,2026-04-07
T841165,2026-04,15685611.0,9278433.0,991577.0,2026-05-20
T841165,2026-05,293536.0,176122.0,0.0,2026-06-06
T841165,2026-06,596858.0,358115.0,0.0,2026-07-23
T841165,2026-07,136480.0,81888.0,0.0,2026-08-08
T841165,2026-08,419134.0,251480.0,0.0,2026-09-20
T841165,2026-09,350746.0,210447.0,0.0,2026-10-09
T1155,2024-10,100739616.0,72113663.0,6590969.0,2024-11-14
T1155,2024-11,869771.0,521863.0,0.0,2024-12-10
T1155,2024-12,216612.0,129967.0,0.0,2025-01-07
T1155,2025-01,11077151.0,7929492.0,696698.0,2025-02-19
T1155,2025-02,721509.0,432905.0,0.0,2025-03-19
T1155,2025-03,349717.0,209830.0,0.0,2025-04-13
T1155,2025-04,202574.0,121544.0,0.0,2025-05-14
T1155,2025-05,296043.0,177626.0,0.0,2025-06-21
T1155,2025-06,549934.0,329961.0,0.0,2025-07-16
T1155,2025-07,757280.0,454368.0,0.0,2025-08-21
T1155,2025-08,522544.0,313526.0,0.0,2025-09-07
T1155,2025-09,565172.0,339103.0,0.0,2025-10-16
T1155,2025-10,503370.0,302022.0,0.0,2025-11-21
T1155,2025-11,293842.0,176305.0,0.0,2025-12-15
T1155,2025-12,17570610.0,12577784.0,1128994.0,2026-01-24
T1155,2026-01,611885.0,367131.0,0.0,2026-02-08
T1155,2026-02,627056.0,376234.0,0.0,2026-03-23
T1155,2026-03,634585.0,380751.0,0.0,2026-04-10
T1155,2026-04,556251.0,333751.0,0.0,2026-05-14
T1155,2026-05,453967.0,272380.0,0.0,2026-06-23
T1155,2026-06,48611193.0,34797941.0,3170345.0,2026-07-17
T1155,2026-07,556261.0,333757.0,0.0,2026-08-17
T1155,2026-08,358513.0,215108.0,0.0,2026-09-11
T1155,2026-09,215280.0,129168.0,0.0,2026-10-12
T445477,2024-10,1899350.0,1139610.0,0.0,2024-11-21
T445477,2024-11,226826.0,136096.0,0.0,2024-12-13
T445477,2024-12,733095.0,439857.0,0.0,2025-01-19
T445477,2025-01,471668.0,283001.0,0.0,2025-02-06
T445477,2025-02,592916.0,355749.0,0.0,2025-03-18
T445477,2025-03,444377.0,266626.0,0.0,2025-04-19
T445477,2025-04,585380.0,351228.0,0.0,2025-05-16
T445477,2025-05,283819.0,170291.0,0.0,2025-06-16
T445477,2025-06,767962.0,460777.0,0.0,2025-07-10
T445477,2025-07,692907.0,415744.0,0.0,2025-08-13
T445477,2025-08,241684.0,145011.0,0.0,2025-09-16
T445477,2025-09,426204.0,255722.0,0.0,2025-10-10
T445477,2025-10,561827.0,337096.0,0.0,2025-11-21
T445477,2025-11,423800.0,254280.0,0.0,2025-12-10
T445477,2025-12,355696.0,213418.0,0.0,2026-01-09
T445477,2026-01,733324.0,439995.0,0.0,2026-02-24
T445477,2026-02,570180.0,342108.0,0.0,2026-03-20
T445477,2026-03,240128.0,144077.0,0.0,2026-04-09
T445477,2026-04,1197753.0,718652.0,0.0,2026-05-16
T445477,2026-05,280712.0,168427.0,0.0,2026-06-09
T445477,2026-06,565140.0,339084.0,0.0,2026-07-24
T445477,2026-07,184445.0,110667.0,0.0,2026-08-23
T445477,2026-08,362025.0,217215.0,0.0,2026-09-06
T445477,2026-09,372871.0,223723.0,0.0,2026-10-14
T1157,2024-10,301024.0,180614.0,0.0,2024-11-17
T1157,2024-11,362272.0,217363.0,0.0,2024-12-09
T1157,2024-12,294137.0,176482.0,0.0,2025-01-07
T1157,2025-01,501934.0,301160.0,0.0,2025-02-24
T1157,2025-02,342252.0,205351.0,0.0,2025-03-10
T1157,2025-03,687237.0,412342.0,0.0,2025-04-18
T1157,2025-04,425683.0,255410.0,0.0,2025-05-15
T1157,2025-05,832497.0,499498.0,0.0,2025-06-05
T1157,2025-06,323938.0,194363.0,0.0,2025-07-15
T1157,2025-07,612905.0,367743.0,0.0,2025-08-23
T1157,2025-08,2170902.0,1566273.0,137996.0,2025-09-20
T1157,2025-09,2152829.0,1291698.0,0.0,2025-10-05
T1157,2025-10,2518774.0,1817257.0,191371.0,2025-11-09
T1157,2025-11,783468.0,470081.0,0.0,2025-12-18
T1157,2025-12,362453.0,217472.0,0.0,2026-01-13
T1157,2026-01,308108.0,184865.0,0.0,2026-02-12
T1157,2026-02,471585.0,282951.0,0.0,2026-03-19
T1157,2026-03,371994.0,223196.0,0.0,2026-04-07
T1157,2026-04,120100.0,72060.0,0.0,2026-05-12
T1157,2026-05,19764457.0,14259751.0,1285111.0,2026-06-11
T1157,2026-06,14764833.0,10652600.0,1112130.0,2026-07-06
T1157,2026-07,275236.0,165141.0,0.0,2026-08-15
T1157,2026-08,367746.0,220647.0,0.0,2026-09-08
T1157,2026-09,298108.0,178865.0,0.0,2026-10-23
T1093,2024-10,851574.0,510945.0,0.0,2024-11-15
T1093,2024-11,341435.0,204861.0,0.0,2024-12-16
T1093,2024-12,502009.0,301206.0,0.0,2025-01-15
T1093,2025-01,158153.0,94892.0,0.0,2025-02-10
T1093,2025-02,219599.0,131760.0,0.0,2025-03-24
T1093,2025-03,119749.0,71850.0,0.0,2025-04-09
T1093,2025-04,218560.0,131136.0,0.0,2025-05-15
T1093,2025-05,216680.0,130008.0,0.0,2025-06-24
T1093,2025-06,615854.0,369512.0,0.0,2025-07-19
T1093,2025-07,26668911.0,19184443.0,1778535.0,2025-08-15
T1093,2025-08,834001.0,500400.0,0.0,2025-09-09
T1093,2025-09,959645.0,575787.0,0.0,2025-10-19
T1093,2025-10,517803.0,310682.0,0.0,2025-11-12
T1093,2025-11,701080.0,420648.0,0.0,2025-12-12
T1093,2025-12,194349.0,116609.0,0.0,2026-01-19
T1093,2026-01,1125375.0,675225.0,0.0,2026-02-11
T1093,2026-02,350722.0,210433.0,0.0,2026-03-19
T1093,2026-03,587553.0,352532.0,0.0,2026-04-10
T1093,2026-04,361429.0,216858.0,0.0,2026-05-21
T1093,2026-05,173158.0,103895.0,0.0,2026-06-10
T1093,2026-06,456188.0,273713.0,0.0,2026-07-06
T1093,2026-07,485079.0,291048.0,0.0,2026-08-23
T1093,2026-08,1217803.0,730682.0,0.0,2026-09-10
T1093,2026-09,234940.0,140964.0,0.0,2026-10-06
T490831,2024-10,343447.0,206068.0,0.0,2024-11-24
T490831,2024-11,194585.0,116751.0,0.0,2024-12-15
T490831,2024-12,300708.0,180425.0,0.0,2025-01-14
T490831,2025-01,29084689.0,16689905.0,1613433.0,2025-02-15
T490831,2025-02,401263.0,240758.0,0.0,2025-03-07
T490831,2025-03,270116.0,162070.0,0.0,2025-04-18
T490831,2025-04,3738999.0,2145580.0,219449.0,2025-05-17
T490831,2025-05,900867.0,540520.0,0.0,2025-06-08
T490831,2025-06,573811.0,344287.0,0.0,2025-07-22
T490831,2025-07,337040.0,202224.0,0.0,2025-08-09
T490831,2025-08,333084.0,199850.0,0.0,2025-09-05
T490831,2025-09,507164.0,304298.0,0.0,2025-10-11
T490831,2025-10,257078.0,154247.0,0.0,2025-11-13
T490831,2025-11,336811.0,202087.0,0.0,2025-12-14
T490831,2025-12,779743.0,467846.0,0.0,2026-01-17
T490831,2026-01,790712.0,474427.0,0.0,2026-02-08
T490831,2026-02,294037.0,176422.0,0.0,2026-03-11
T490831,2026-03,291903.0,175142.0,0.0,2026-04-18
T490831,2026-04,572744.0,343647.0,0.0,2026-05-24
T490831,2026-05,335649.0,201389.0,0.0,2026-06-11
T490831,2026-06,157667.0,94600.0,0.0,2026-07-10
T490831,2026-07,26184071.0,15025419.0,1487958.0,2026-08-22
T490831,2026-08,311295.0,186777.0,0.0,2026-09-20
T490831,2026-09,166380.0,99828.0,0.0,2026-10-12
T646878,2024-10,488745.0,293247.0,0.0,2024-11-23
T646878,2024-11,325858.0,195515.0,0.0,2024-12-20
T646878,2024-12,564945.0,338967.0,0.0,2025-01-12
T646878,2025-01,311240.0,186744.0,0.0,2025-02-19
T646878,2025-02,306411.0,183846.0,0.0,2025-03-23
T646878,2025-03,591511.0,354906.0,0.0,2025-04-10
T646878,2025-04,1069552.0,641731.0,0.0,2025-05-20
T646878,2025-05,453256.0,271953.0,0.0,2025-06-07
T646878,2025-06,305033.0,183020.0,0.0,2025-07-10
T646878,2025-07,409502.0,245701.0,0.0,2025-08-18
T646878,2025-08,347602.0,208561.0,0.0,2025-09-05
T646878,2025-09,744784.0,446870.0,0.0,2025-10-13
T646878,2025-10,642594.0,385556.0,0.0,2025-11-16
T646878,2025-11,385041.0,231025.0,0.0,2025-12-14
T646878,2025-12,495276.0,297166.0,0.0,2026-01-22
T646878,2026-01,124670.0,74802.0,0.0,2026-02-17
T646878,2026-02,189775.0,113865.0,0.0,2026-03-23
T646878,2026-03,653569.0,392141.0,0.0,2026-04-16
T646878,2026-04,865166.0,519099.0,0.0,2026-05-22
T646878,2026-05,199432.0,119659.0,0.0,2026-06-20
T646878,2026-06,609116.0,365469.0,0.0,2026-07-18
T646878,2026-07,186650.0,111990.0,0.0,2026-08-08
T646878,2026-08,752658.0,451595.0,0.0,2026-09-11
T646878,2026-09,582248.0,349349.0,0.0,2026-10-11
T492648,2024-10,252320.0,151392.0,0.0,2024-11-12
T492648,2024-11,429377.0,257626.0,0.0,2024-12-14
T492648,2024-12,523217.0,313930.0,0.0,2025-01-11
T492648,2025-01,13749284.0,7862508.0,729997.0,2025-02-05
T492648,2025-02,26884982.0,15374137.0,1613732.0,2025-03-16
T492648,2025-03,1553472.0,888351.0,81928.0,2025-04-19
T492648,2025-04,53573971.0,30636196.0,2744186.0,2025-05-12
T492648,2025-05,15801097.0,9035834.0,888792.0,2025-06-15
T492648,2025-06,714044.0,428426.0,0.0,2025-07-14
T492648,2025-07,1057391.0,634434.0,0.0,2025-08-18
T492648,2025-08,76546163.0,43772811.0,3952223.0,2025-09-07
T492648,2025-09,222060.0,133236.0,0.0,2025-10-05
T492648,2025-10,993235.0,595941.0,0.0,2025-11-10
T492648,2025-11,207913.0,124748.0,0.0,2025-12-05
T492648,2025-12,242105.0,145263.0,0.0,2026-01-15
T492648,2026-01,1034879.0,620928.0,0.0,2026-02-07
T492648,2026-02,351234.0,210740.0,0.0,2026-03-21
T492648,2026-03,890541.0,534325.0,0.0,2026-04-20
T492648,2026-04,611154.0,366692.0,0.0,2026-05-24
T492648,2026-05,210466.0,126280.0,0.0,2026-06-05
T492648,2026-06,449334.0,269600.0,0.0,2026-07-11
T492648,2026-07,308176.0,184906.0,0.0,2026-08-07
T492648,2026-08,594170.0,356502.0,0.0,2026-09-11
T492648,2026-09,2397781.0,1371168.0,122785.0,2026-10-21
T137334,2024-10,1178012.0,706807.0,0.0,2024-11-20
T137334,2024-11,516034.0,309620.0,0.0,2024-12-21
T137334,2024-12,296205.0,177723.0,0.0,2025-01-10
T137334,2025-01,904959.0,542976.0,0.0,2025-02-21
T137334,2025-02,280233.0,168140.0,0.0,2025-03-07
T137334,2025-03,479182.0,287509.0,0.0,2025-04-22
T137334,2025-04,360879.0,216527.0,0.0,2025-05-22
T137334,2025-05,1121396.0,672837.0,0.0,2025-06-16
T137334,2025-06,743889.0,446333.0,0.0,2025-07-10
T137334,2025-07,553560.0,332136.0,0.0,2025-08-11
T137334,2025-08,456962.0,274177.0,0.0,2025-09-23
T137334,2025-09,26835197.0,18048738.0,1649220.0,2025-10-06
T137334,2025-10,233235.0,139941.0,0.0,2025-11-17
T137334,2025-11,321091.0,192655.0,0.0,2025-12-06
T137334,2025-12,1043594.0,701897.0,62522.0,2026-01-14
T137334,2026-01,546123.0,327674.0,0.0,2026-02-15
T137334,2026-02,382954.0,229772.0,0.0,2026-03-05
T137334,2026-03,574988.0,344993.0,0.0,2026-04-06
T137334,2026-04,3873958.0,2605536.0,252305.0,2026-05-12
T137334,2026-05,236109.0,141665.0,0.0,2026-06-17
T137334,2026-06,623900.0,374340.0,0.0,2026-07-24
T137334,2026-07,5661106.0,3807530.0,396249.0,2026-08-10
T137334,2026-08,109311.0,65587.0,0.0,2026-09-19
T137334,2026-09,407618.0,244571.0,0.0,2026-10-06
T652466,2024-10,490579.0,294348.0,0.0,2024-11-14
T652466,2024-11,544892.0,326935.0,0.0,2024-12-13
T652466,2024-12,403226.0,241935.0,0.0,2025-01-21
T652466,2025-01,594010.0,356406.0,0.0,2025-02-20
T652466,2025-02,303112.0,181867.0,0.0,2025-03-07
T652466,2025-03,341508.0,204905.0,0.0,2025-04-23
T652466,2025-04,668077.0,400846.0,0.0,2025-05-22
T652466,2025-05,523442.0,314065.0,0.0,2025-06-14
T652466,2025-06,588099.0,352859.0,0.0,2025-07-16
T652466,2025-07,341059.0,204635.0,0.0,2025-08-18
T652466,2025-08,336923.0,202154.0,0.0,2025-09-06
T652466,2025-09,608224.0,364935.0,0.0,2025-10-08
T652466,2025-10,167974.0,100784.0,0.0,2025-11-21
T652466,2025-11,1525320.0,987048.0,93300.0,2025-12-16
T652466,2025-12,253364.0,152018.0,0.0,2026-01-20
T652466,2026-01,309483.0,185690.0,0.0,2026-02-18
T652466,2026-02,363039.0,217823.0,0.0,2026-03-13
T652466,2026-03,233204.0,139922.0,0.0,2026-04-06
T652466,2026-04,591194.0,354716.0,0.0,2026-05-15
T652466,2026-05,116503.0,69902.0,0.0,2026-06-20
T652466,2026-06,785485.0,471291.0,0.0,2026-07-13
T652466,2026-07,587038.0,352223.0,0.0,2026-08-11
T652466,2026-08,509100.0,305460.0,0.0,2026-09-23
T652466,2026-09,1044682.0,626809.0,0.0,2026-10-20
T861834,2024-10,670235.0,402141.0,0.0,2024-11-24
T861834,2024-11,226808.0,136085.0,0.0,2024-12-13
T861834,2024-12,463737.0,278242.0,0.0,2025-01-06
T861834,2025-01,847044.0,508226.0,0.0,2025-02-06
T861834,2025-02,426667.0,256000.0,0.0,2025-03-06
T861834,2025-03,267987.0,160792.0,0.0,2025-04-09
T861834,2025-04,629066.0,377440.0,0.0,2025-05-10
T861834,2025-05,188062.0,112837.0,0.0,2025-06-16
T861834,2025-06,611000.0,366600.0,0.0,2025-07-12
T861834,2025-07,783193.0,469916.0,0.0,2025-08-13
T861834,2025-08,390670.0,234402.0,0.0,2025-09-14
T861834,2025-09,482041.0,289225.0,0.0,2025-10-07
T861834,2025-10,241938.0,145163.0,0.0,2025-11-14
T861834,2025-11,912695.0,547617.0,0.0,2025-12-10
T861834,2025-12,244250.0,146550.0,0.0,2026-01-24
T861834,2026-01,295959.0,177576.0,0.0,2026-02-17
T861834,2026-02,478659.0,287196.0,0.0,2026-03-07
T861834,2026-03,381253.0,228752.0,0.0,2026-04-16
T861834,2026-04,175911.0,105546.0,0.0,2026-05-09
T861834,2026-05,516508.0,309905.0,0.0,2026-06-09
T861834,2026-06,489870.0,293922.0,0.0,2026-07-17
T861834,2026-07,6450253.0,4747127.0,441169.0,2026-08-20
T861834,2026-08,184286.0,110571.0,0.0,2026-09-07
T861834,2026-09,958261.0,574956.0,0.0,2026-10-24
T1145,2024-10,411528047.0,250455236.0,23268898.0,2024-11-20
T1145,2024-11,222463246.0,135390735.0,12546332.0,2024-12-08
T1145,2024-12,61326887.0,37323434.0,3460859.0,2025-01-07
T1145,2025-01,115069424.0,70031046.0,6798694.0,2025-02-21
T1145,2025-02,96577376.0,58776819.0,5397182.0,2025-03-13
T1145,2025-03,69662585.0,42396525.0,3919959.0,2025-04-17
T1145,2025-04,271072776.0,164974408.0,15482770.0,2025-05-20
T1145,2025-05,229534161.0,139694081.0,12964258.0,2025-06-23
T1145,2025-06,157431363.0,95812447.0,9078770.0,2025-07-11
T1145,2025-07,202178015.0,123045179.0,11091205.0,2025-08-22
T1145,2025-08,103115894.0,62756149.0,5835217.0,2025-09-11
T1145,2025-09,237175888.0,144344823.0,13151835.0,2025-10-11
T1145,2025-10,65288980.0,39734757.0,3552685.0,2025-11-14
T1145,2025-11,115964729.0,70575927.0,6702312.0,2025-12-05
T1145,2025-12,493862186.0,300563646.0,27262126.0,2026-01-24
T1145,2026-01,157084781.0,95601518.0,8973799.0,2026-02-09
T1145,2026-02,185439994.0,112858450.0,10766911.0,2026-03-16
T1145,2026-03,353589126.0,215193712.0,20661400.0,2026-04-20
T1145,2026-04,182851788.0,111283272.0,10015741.0,2026-05-22
T1145,2026-05,289618774.0,176261470.0,16658443.0,2026-06-24
T1145,2026-06,142245935.0,86570622.0,7958375.0,2026-07-18
T1145,2026-07,325828398.0,198298582.0,17801163.0,2026-08-08
T1145,2026-08,199797767.0,121596565.0,11197358.0,2026-09-08
T1145,2026-09,123302205.0,75041502.0,6880559.0,2026-10-07
T1014,2024-10,948292.0,568975.0,0.0,2024-11-11
T1014,2024-11,403455.0,242073.0,0.0,2024-12-09
T1014,2024-12,653761.0,392257.0,0.0,2025-01-15
T1014,2025-01,573371.0,344023.0,0.0,2025-02-20
T1014,2025-02,416304.0,249782.0,0.0,2025-03-15
T1014,2025-03,280127.0,168076.0,0.0,2025-04-05
T1014,2025-04,231620.0,138972.0,0.0,2025-05-15
T1014,2025-05,377772.0,226663.0,0.0,2025-06-20
T1014,2025-06,280930.0,168558.0,0.0,2025-07-15
T1014,2025-07,928488.0,557093.0,0.0,2025-08-18
T1014,2025-08,904583.0,542750.0,0.0,2025-09-16
T1014,2025-09,358798.0,215279.0,0.0,2025-10-17
T1014,2025-10,455707.0,273424.0,0.0,2025-11-15
T1014,2025-11,170670.0,102402.0,0.0,2025-12-15
T1014,2025-12,453567.0,272140.0,0.0,2026-01-08
T1014,2026-01,350843.0,210506.0,0.0,2026-02-09
T1014,2026-02,378159.0,226895.0,0.0,2026-03-17
T1014,2026-03,286855.0,172113.0,0.0,2026-04-17
T1014,2026-04,199919.0,119951.0,0.0,2026-05-23
T1014,2026-05,316573.0,189944.0,0.0,2026-06-19
T1014,2026-06,425959.0,255575.0,0.0,2026-07-09
T1014,2026-07,593013.0,355808.0,0.0,2026-08-22
T1014,2026-08,336389.0,201833.0,0.0,2026-09-06
T1014,2026-09,340714.0,204429.0,0.0,2026-10-11
T713837,2024-10,288669.0,173201.0,0.0,2024-11-15
T713837,2024-11,368459.0,221075.0,0.0,2024-12-09
T713837,2024-12,443464.0,266079.0,0.0,2025-01-12
T713837,2025-01,702528.0,421517.0,0.0,2025-02-10
T713837,2025-02,590102.0,354061.0,0.0,2025-03-17
T713837,2025-03,276608.0,165965.0,0.0,2025-04-11
T713837,2025-04,324205.0,194523.0,0.0,2025-05-13
T713837,2025-05,463806.0,278283.0,0.0,2025-06-05
T713837,2025-06,770103.0,462062.0,0.0,2025-07-10
T713837,2025-07,386483.0,231890.0,0.0,2025-08-15
T713837,2025-08,452722.0,271633.0,0.0,2025-09-10
T713837,2025-09,682644.0,409587.0,0.0,2025-10-10
T713837,2025-10,4683660.0,3249961.0,342546.0,2025-11-07
T713837,2025-11,342051.0,205231.0,0.0,2025-12-24
T713837,2025-12,150399.0,90240.0,0.0,2026-01-22
T713837,2026-01,403536.0,242122.0,0.0,2026-02-20
T713837,2026-02,1149450.0,797596.0,85939.0,2026-03-14
T713837,2026-03,10062145.0,6982057.0,779685.0,2026-04-17
T713837,2026-04,2715948.0,1884579.0,206290.0,2026-05-06
T713837,2026-05,9207847.0,6389265.0,660255.0,2026-06-10
T713837,2026-06,108210.0,64926.0,0.0,2026-07-22
T713837,2026-07,393203.0,235922.0,0.0,2026-08-08
T713837,2026-08,306553.0,183932.0,0.0,2026-09-10
T713837,2026-09,281192.0,168715.0,0.0,2026-10-06
T1193,2024-10,481340.0,288804.0,0.0,2024-11-20
T1193,2024-11,119836.0,71901.0,0.0,2024-12-22
T1193,2024-12,21082100.0,14289055.0,1421737.0,2025-01-18
T1193,2025-01,550787.0,330472.0,0.0,2025-02-12
T1193,2025-02,4667788.0,3163740.0,340049.0,2025-03-07
T1193,2025-03,10726612.0,7270298.0,655170.0,2025-04-12
T1193,2025-04,10566856.0,7162018.0,723882.0,2025-05-11
T1193,2025-05,980690.0,588414.0,0.0,2025-06-21
T1193,2025-06,7838410.0,5312728.0,581743.0,2025-07-13
T1193,2025-07,250690.0,150414.0,0.0,2025-08-10
T1193,2025-08,3896484.0,2640965.0,281635.0,2025-09-11
T1193,2025-09,683506.0,463268.0,40496.0,2025-10-09
T1193,2025-10,673648.0,404189.0,0.0,2025-11-05
T1193,2025-11,3980510.0,2697915.0,283249.0,2025-12-08
T1193,2025-12,9876433.0,6694062.0,700315.0,2026-01-18
T1193,2026-01,2037057.0,1380679.0,141031.0,2026-02-23
T1193,2026-02,292276.0,175365.0,0.0,2026-03-24
T1193,2026-03,567231.0,340339.0,0.0,2026-04-13
T1193,2026-04,419867.0,251920.0,0.0,2026-05-05
T1193,2026-05,242578.0,145547.0,0.0,2026-06-11
T1193,2026-06,7830762.0,5307545.0,526775.0,2026-07-20
T1193,2026-07,648471.0,389082.0,0.0,2026-08-19
T1193,2026-08,2014610.0,1365465.0,150934.0,2026-09-17
T1193,2026-09,1978825.0,1341211.0,146054.0,2026-10-16
T1097,2024-10,233088.0,139853.0,0.0,2024-11-14
T1097,2024-11,28625317.0,20947471.0,2007051.0,2024-12-21
T1097,2024-12,586694.0,352016.0,0.0,2025-01-22
T1097,2025-01,44311877.0,32426602.0,2998862.0,2025-02-21
T1097,2025-02,326522.0,195913.0,0.0,2025-03-11
T1097,2025-03,17479332.0,12791048.0,1360382.0,2025-04-13
T1097,2025-04,11064870.0,8097065.0,736042.0,2025-05-06
T1097,2025-05,482118.0,289271.0,0.0,2025-06-20
T1097,2025-06,716460.0,429876.0,0.0,2025-07-22
T1097,2025-07,604466.0,362680.0,0.0,2025-08-16
T1097,2025-08,57068.0,34241.0,0.0,2025-09-19
T1097,2025-09,881991.0,529195.0,0.0,2025-10-18
T1097,2025-10,798665.0,479199.0,0.0,2025-11-06
T1097,2025-11,432161.0,259297.0,0.0,2025-12-11
T1097,2025-12,36349974.0,26600230.0,2445603.0,2026-01-05
T1097,2026-01,6153361.0,4502915.0,414558.0,2026-02-05
T1097,2026-02,482919.0,289752.0,0.0,2026-03-17
T1097,2026-03,559410.0,335646.0,0.0,2026-04-23
T1097,2026-04,8248885.0,6036380.0,534077.0,2026-05-20
T1097,2026-05,21329129.0,15608257.0,1421428.0,2026-06-11
T1097,2026-06,14351291.0,10502006.0,1149239.0,2026-07-12
T1097,2026-07,641657.0,384994.0,0.0,2026-08-24
T1097,2026-08,13232702.0,9683444.0,888300.0,2026-09-18
T1097,2026-09,376214.0,225728.0,0.0,2026-10-07
T383740,2024-10,19811815.0,12365301.0,1189596.0,2024-11-15
T383740,2024-11,335315.0,201189.0,0.0,2024-12-11
T383740,2024-12,370944.0,222567.0,0.0,2025-01-05
T383740,2025-01,641523.0,384914.0,0.0,2025-02-09
T383740,2025-02,390671.0,234403.0,0.0,2025-03-17
T383740,2025-03,950023.0,570014.0,0.0,2025-04-20
T383740,2025-04,168096.0,100857.0,0.0,2025-05-19
T383740,2025-05,31239152.0,19497533.0,1923116.0,2025-06-05
T383740,2025-06,180007.0,108004.0,0.0,2025-07-17
T383740,2025-07,1032666.0,619600.0,0.0,2025-08-13
T383740,2025-08,270949.0,162569.0,0.0,2025-09-11
T383740,2025-09,290691.0,174415.0,0.0,2025-10-14
T383740,2025-10,245012.0,147007.0,0.0,2025-11-16
T383740,2025-11,838700.0,503220.0,0.0,2025-12-05
T383740,2025-12,234124.0,140474.0,0.0,2026-01-24
T383740,2026-01,4464204.0,2786278.0,252397.0,2026-02-07
T383740,2026-02,541933.0,325160.0,0.0,2026-03-19
T383740,2026-03,368700.0,221220.0,0.0,2026-04-18
T383740,2026-04,446517.0,267910.0,0.0,2026-05-22
T383740,2026-05,457527.0,274516.0,0.0,2026-06-24
T383740,2026-06,445695.0,267417.0,0.0,2026-07-06
T383740,2026-07,66684261.0,41620162.0,3962005.0,2026-08-15
T383740,2026-08,4441773.0,2772278.0,295659.0,2026-09-22
T383740,2026-09,231466.0,138880.0,0.0,2026-10-22
T880664,2024-10,358939.0,215364.0,0.0,2024-11-18
T880664,2024-11,155669.0,93401.0,0.0,2024-12-07
T880664,2024-12,364164.0,218498.0,0.0,2025-01-16
T880664,2025-01,222483.0,133490.0,0.0,2025-02-15
T880664,2025-02,870437.0,522262.0,0.0,2025-03-18
T880664,2025-03,195703.0,117422.0,0.0,2025-04-06
T880664,2025-04,352203.0,211322.0,0.0,2025-05-20
T880664,2025-05,270982.0,162589.0,0.0,2025-06-18
T880664,2025-06,353971.0,212383.0,0.0,2025-07-15
T880664,2025-07,374633.0,224780.0,0.0,2025-08-17
T880664,2025-08,245077.0,147046.0,0.0,2025-09-15
T880664,2025-09,265667.0,159400.0,0.0,2025-10-12
T880664,2025-10,316416.0,189850.0,0.0,2025-11-22
T880664,2025-11,1023227.0,613936.0,0.0,2025-12-09
T880664,2025-12,163706.0,98224.0,0.0,2026-01-11
T880664,2026-01,146696.0,88018.0,0.0,2026-02-20
T880664,2026-02,930004.0,558003.0,0.0,2026-03-11
T880664,2026-03,409117.0,245470.0,0.0,2026-04-19
T880664,2026-04,249996.0,149997.0,0.0,2026-05-18
T880664,2026-05,766637.0,459982.0,0.0,2026-06-05
T880664,2026-06,258981.0,155389.0,0.0,2026-07-09
T880664,2026-07,395556.0,237333.0,0.0,2026-08-19
T880664,2026-08,488703.0,293222.0,0.0,2026-09-14
T880664,2026-09,150796.0,90477.0,0.0,2026-10-13
T1163,2024-10,135809694.0,91277227.0,18726301.0,2024-11-08
T1163,2024-11,67742198.0,45529298.0,9570221.0,2024-12-22
T1163,2024-12,65904609.0,44294260.0,9627320.0,2025-01-05
T1163,2025-01,162615270.0,109293162.0,23593823.0,2025-02-23
T1163,2025-02,93829198.0,63062280.0,13312902.0,2025-03-13
T1163,2025-03,184141761.0,123761043.0,26939283.0,2025-04-07
T1163,2025-04,65199645.0,43820456.0,9553649.0,2025-05-10
T1163,2025-05,50212853.0,33747885.0,6688770.0,2025-06-11
T1163,2025-06,115031325.0,77312157.0,16855443.0,2025-07-20
T1163,2025-07,23530868.0,15815015.0,3447958.0,2025-08-17
T1163,2025-08,165458073.0,111203800.0,23730870.0,2025-09-22
T1163,2025-09,58737842.0,39477501.0,8368875.0,2025-10-17
T1163,2025-10,25706107.0,17276986.0,3766694.0,2025-11-24
T1163,2025-11,104286709.0,70090737.0,14554388.0,2025-12-05
T1163,2025-12,111902054.0,75208984.0,16079399.0,2026-01-16
T1163,2026-01,141473499.0,95083850.0,20490248.0,2026-02-18
T1163,2026-02,71806036.0,48260589.0,9825159.0,2026-03-23
T1163,2026-03,28371326.0,19068270.0,4037059.0,2026-04-17
T1163,2026-04,67074352.0,45080441.0,9828348.0,2026-05-15
T1163,2026-05,125759460.0,84522499.0,16752207.0,2026-06-16
T1163,2026-06,32043944.0,21536624.0,4695372.0,2026-07-09
T1163,2026-07,60540506.0,40689065.0,8589924.0,2026-08-19
T1163,2026-08,22373192.0,15036945.0,2980295.0,2026-09-11
T1163,2026-09,189974944.0,127681505.0,27512408.0,2026-10-07
T1094,2024-10,729223.0,437534.0,0.0,2024-11-05
T1094,2024-11,258121.0,154873.0,0.0,2024-12-21
T1094,2024-12,788143.0,472886.0,0.0,2025-01-12
T1094,2025-01,403268.0,241961.0,0.0,2025-02-07
T1094,2025-02,417114.0,250269.0,0.0,2025-03-09
T1094,2025-03,632027.0,379216.0,0.0,2025-04-15
T1094,2025-04,340888.0,204533.0,0.0,2025-05-09
T1094,2025-05,425373.0,255224.0,0.0,2025-06-14
T1094,2025-06,219258.0,131555.0,0.0,2025-07-23
T1094,2025-07,558231.0,334939.0,0.0,2025-08-20
T1094,2025-08,541186.0,324712.0,0.0,2025-09-20
T1094,2025-09,389417.0,233650.0,0.0,2025-10-24
T1094,2025-10,1212670.0,727602.0,0.0,2025-11-22
T1094,2025-11,373385.0,224031.0,0.0,2025-12-15
T1094,2025-12,150048.0,90029.0,0.0,2026-01-20
T1094,2026-01,313489.0,188093.0,0.0,2026-02-22
T1094,2026-02,416009.0,249605.0,0.0,2026-03-15
T1094,2026-03,410644.0,246387.0,0.0,2026-04-24
T1094,2026-04,305947.0,183568.0,0.0,2026-05-11
T1094,2026-05,357018.0,214211.0,0.0,2026-06-07
T1094,2026-06,907442.0,544465.0,0.0,2026-07-16
T1094,2026-07,553493.0,332096.0,0.0,2026-08-16
T1094,2026-08,328233.0,196940.0,0.0,2026-09-12
T1094,2026-09,296751.0,178050.0,0.0,2026-10-19
T1036,2024-10,230771.0,138463.0,0.0,2024-11-17
T1036,2024-11,482886.0,289732.0,0.0,2024-12-09
T1036,2024-12,635920.0,381552.0,0.0,2025-01-18
T1036,2025-01,540076.0,324046.0,0.0,2025-02-21
T1036,2025-02,458740.0,275244.0,0.0,2025-03-20
T1036,2025-03,13348252.0,8474795.0,824530.0,2025-04-08
T1036,2025-04,167811.0,100686.0,0.0,2025-05-22
T1036,2025-05,484265.0,290559.0,0.0,2025-06-07
T1036,2025-06,86405.0,51843.0,0.0,2025-07-14
T1036,2025-07,194902.0,116941.0,0.0,2025-08-05
T1036,2025-08,454736.0,272842.0,0.0,2025-09-20
T1036,2025-09,594171.0,356503.0,0.0,2025-10-11
T1036,2025-10,18362473.0,11658319.0,1165078.0,2025-11-15
T1036,2025-11,18985701.0,12054007.0,1089447.0,2025-12-06
T1036,2025-12,338422.0,203053.0,0.0,2026-01-08
T1036,2026-01,455622.0,273373.0,0.0,2026-02-24
T1036,2026-02,286828.0,172097.0,0.0,2026-03-09
T1036,2026-03,517294.0,310376.0,0.0,2026-04-14
T1036,2026-04,40989615.0,26024274.0,2584022.0,2026-05-23
T1036,2026-05,404442.0,242665.0,0.0,2026-06-13
T1036,2026-06,21307214.0,13527934.0,1216972.0,2026-07-24
T1036,2026-07,1011919.0,607151.0,0.0,2026-08-24
T1036,2026-08,779868.0,467921.0,0.0,2026-09-10
T1036,2026-09,381286.0,228772.0,0.0,2026-10-10
T1069,2024-10,349342.0,209605.0,0.0,2024-11-23
T1069,2024-11,140802.0,84481.0,0.0,2024-12-05
T1069,2024-12,518271.0,310963.0,0.0,2025-01-18
T1069,2025-01,378806.0,227283.0,0.0,2025-02-06
T1069,2025-02,3499565.0,2519111.0,263927.0,2025-03-15
T1069,2025-03,529687.0,317812.0,0.0,2025-04-24
T1069,2025-04,390231.0,234139.0,0.0,2025-05-08
T1069,2025-05,375235.0,225141.0,0.0,2025-06-10
T1069,2025-06,508205.0,304923.0,0.0,2025-07-19
T1069,2025-07,7378599.0,5311377.0,477797.0,2025-08-10
T1069,2025-08,293965.0,176379.0,0.0,2025-09-14
T1069,2025-09,863293.0,517976.0,0.0,2025-10-15
T1069,2025-10,349914.0,209949.0,0.0,2025-11-17
T1069,2025-11,605084.0,363050.0,0.0,2025-12-22
T1069,2025-12,505269.0,303161.0,0.0,2026-01-23
T1069,2026-01,583950.0,350370.0,0.0,2026-02-17
T1069,2026-02,374140.0,224484.0,0.0,2026-03-10
T1069,2026-03,793344.0,476007.0,0.0,2026-04-06
T1069,2026-04,435886.0,261532.0,0.0,2026-05-16
T1069,2026-05,405329.0,243197.0,0.0,2026-06-16
T1069,2026-06,558705.0,335223.0,0.0,2026-07-15
T1069,2026-07,3887548.0,2798395.0,313997.0,2026-08-17
T1069,2026-08,398337.0,239002.0,0.0,2026-09-06
T1069,2026-09,1094607.0,656764.0,0.0,2026-10-17
T192238,2024-10,261620.0,156972.0,0.0,2024-11-24
T192238,2024-11,433421.0,260053.0,0.0,2024-12-21
T192238,2024-12,502371.0,301423.0,0.0,2025-01-15
T192238,2025-01,318876.0,191326.0,0.0,2025-02-23
T192238,2025-02,364839.0,218904.0,0.0,2025-03-13
T192238,2025-03,146384.0,87830.0,0.0,2025-04-18
T192238,2025-04,664353.0,398612.0,0.0,2025-05-22
T192238,2025-05,517151.0,310291.0,0.0,2025-06-20
T192238,2025-06,283834.0,170300.0,0.0,2025-07-14
T192238,2025-07,400831.0,240499.0,0.0,2025-08-24
T192238,2025-08,437859.0,262715.0,0.0,2025-09-11
T192238,2025-09,721676.0,433006.0,0.0,2025-10-11
T192238,2025-10,1054632.0,632779.0,0.0,2025-11-13
T192238,2025-11,270715.0,162429.0,0.0,2025-12-21
T192238,2025-12,593346.0,356008.0,0.0,2026-01-11
T192238,2026-01,500391.0,300235.0,0.0,2026-02-15
T192238,2026-02,87838.0,52703.0,0.0,2026-03-16
T192238,2026-03,779653.0,467792.0,0.0,2026-04-06
T192238,2026-04,349236.0,209542.0,0.0,2026-05-12
T192238,2026-05,470738.0,282443.0,0.0,2026-06-13
T192238,2026-06,828764.0,497259.0,0.0,2026-07-21
T192238,2026-07,1474202.0,884521.0,0.0,2026-08-21
T192238,2026-08,353972.0,212383.0,0.0,2026-09-14
T192238,2026-09,835320.0,501192.0,0.0,2026-10-23
T1076,2024-10,44461652.0,25565854.0,2427643.0,2024-11-14
T1076,2024-11,430216.0,258130.0,0.0,2024-12-11
T1076,2024-12,38626297.0,22210471.0,2325753.0,2025-01-22
T1076,2025-01,529934.0,317960.0,0.0,2025-02-16
T1076,2025-02,394794.0,236876.0,0.0,2025-03-19
T1076,2025-03,601590.0,360954.0,0.0,2025-04-15
T1076,2025-04,311880.0,187128.0,0.0,2025-05-24
T1076,2025-05,476019.0,285611.0,0.0,2025-06-13
T1076,2025-06,593132.0,355879.0,0.0,2025-07-20
T1076,2025-07,419809.0,251886.0,0.0,2025-08-24
T1076,2025-08,241145.0,144687.0,0.0,2025-09-17
T1076,2025-09,23260542.0,13375023.0,1198200.0,2025-10-15
T1076,2025-10,26427234.0,15195899.0,1333830.0,2025-11-22
T1076,2025-11,346516.0,207910.0,0.0,2025-12-23
T1076,2025-12,360335.0,216201.0,0.0,2026-01-19
T1076,2026-01,9972982.0,5734555.0,522676.0,2026-02-24
T1076,2026-02,256905.0,154143.0,0.0,2026-03-16
T1076,2026-03,297210.0,178326.0,0.0,2026-04-24
T1076,2026-04,450629.0,270377.0,0.0,2026-05-09
T1076,2026-05,97079171.0,55821405.0,5764566.0,2026-06-17
T1076,2026-06,492564.0,295538.0,0.0,2026-07-15
T1076,2026-07,533212.0,319927.0,0.0,2026-08-17
T1076,2026-08,312252.0,187351.0,0.0,2026-09-16
T1076,2026-09,547793.0,328676.0,0.0,2026-10-09
T206090,2024-10,624333.0,374600.0,0.0,2024-11-07
T206090,2024-11,208492.0,125095.0,0.0,2024-12-23
T206090,2024-12,234500.0,140700.0,0.0,2025-01-06
T206090,2025-01,750695.0,450417.0,0.0,2025-02-14
T206090,2025-02,379034.0,227421.0,0.0,2025-03-06
T206090,2025-03,442618.0,265571.0,0.0,2025-04-24
T206090,2025-04,476933.0,286160.0,0.0,2025-05-11
T206090,2025-05,374250.0,224550.0,0.0,2025-06-07
T206090,2025-06,211385.0,126831.0,0.0,2025-07-10
T206090,2025-07,462151.0,277291.0,0.0,2025-08-07
T206090,2025-08,2574980.0,1663213.0,174967.0,2025-09-07
T206090,2025-09,361240.0,216744.0,0.0,2025-10-08
T206090,2025-10,478266.0,286960.0,0.0,2025-11-21
T206090,2025-11,738533.0,443120.0,0.0,2025-12-23
T206090,2025-12,108831.0,65299.0,0.0,2026-01-10
T206090,2026-01,797596.0,478558.0,0.0,2026-02-19
T206090,2026-02,3627555.0,2343085.0,226557.0,2026-03-19
T206090,2026-03,579764.0,374477.0,41036.0,2026-04-23
T206090,2026-04,559332.0,361280.0,39414.0,2026-05-18
T206090,2026-05,324860.0,194916.0,0.0,2026-06-19
T206090,2026-06,546713.0,328028.0,0.0,2026-07-17
T206090,2026-07,163229.0,97938.0,0.0,2026-08-12
T206090,2026-08,531818.0,319091.0,0.0,2026-09-17
T206090,2026-09,86865.0,52119.0,0.0,2026-10-20
T1127,2024-10,269284.0,161570.0,0.0,2024-11-24
T1127,2024-11,354341.0,212604.0,0.0,2024-12-17
T1127,2024-12,372973.0,223784.0,0.0,2025-01-17
T1127,2025-01,228869.0,137322.0,0.0,2025-02-12
T1127,2025-02,355412.0,213247.0,0.0,2025-03-22
T1127,2025-03,476544.0,285926.0,0.0,2025-04-20
T1127,2025-04,108837.0,65302.0,0.0,2025-05-10
T1127,2025-05,447345.0,268407.0,0.0,2025-06-12
T1127,2025-06,320610.0,192366.0,0.0,2025-07-23
T1127,2025-07,333044.0,199826.0,0.0,2025-08-20
T1127,2025-08,820611.0,492366.0,0.0,2025-09-18
T1127,2025-09,264540.0,158724.0,0.0,2025-10-23
T1127,2025-10,238635.0,143181.0,0.0,2025-11-22
T1127,2025-11,413679.0,248208.0,0.0,2025-12-19
T1127,2025-12,381772.0,229063.0,0.0,2026-01-12
T1127,2026-01,192709.0,115625.0,0.0,2026-02-15
T1127,2026-02,127529.0,76518.0,0.0,2026-03-12
T1127,2026-03,448062.0,268837.0,0.0,2026-04-19
T1127,2026-04,522365.0,313419.0,0.0,2026-05-17
T1127,2026-05,303182.0,181909.0,0.0,2026-06-10
T1127,2026-06,1097785.0,658671.0,0.0,2026-07-18
T1127,2026-07,294546.0,176728.0,0.0,2026-08-13
T1127,2026-08,470428.0,282257.0,0.0,2026-09-11
T1127,2026-09,241067.0,144640.0,0.0,2026-10-13
T616102,2024-10,772295.0,463377.0,0.0,2024-11-06
T616102,2024-11,352941.0,211765.0,0.0,2024-12-20
T616102,2024-12,1177923.0,749651.0,81290.0,2025-01-05
T616102,2025-01,710235.0,426141.0,0.0,2025-02-08
T616102,2025-02,1276953.0,766172.0,0.0,2025-03-14
T616102,2025-03,563879.0,338327.0,0.0,2025-04-08
T616102,2025-04,449710.0,269826.0,0.0,2025-05-24
T616102,2025-05,489483.0,293690.0,0.0,2025-06-06
T616102,2025-06,803826.0,482296.0,0.0,2025-07-07
T616102,2025-07,800595.0,480357.0,0.0,2025-08-13
T616102,2025-08,316159.0,189695.0,0.0,2025-09-19
T616102,2025-09,199041.0,119425.0,0.0,2025-10-23
T616102,2025-10,174484.0,104690.0,0.0,2025-11-21
T616102,2025-11,232088.0,139253.0,0.0,2025-12-09
T616102,2025-12,703351.0,422010.0,0.0,2026-01-12
T616102,2026-01,304012.0,182407.0,0.0,2026-02-13
T616102,2026-02,612996.0,367798.0,0.0,2026-03-16
T616102,2026-03,4252481.0,2706355.0,259155.0,2026-04-10
T616102,2026-04,355475.0,213285.0,0.0,2026-05-21
T616102,2026-05,429503.0,257702.0,0.0,2026-06-19
T616102,2026-06,425522.0,255313.0,0.0,2026-07-12
T616102,2026-07,221079.0,132648.0,0.0,2026-08-12
T616102,2026-08,652262.0,391357.0,0.0,2026-09-09
T616102,2026-09,292905.0,175743.0,0.0,2026-10-09
T1180,2024-10,278392.0,167035.0,0.0,2024-11-05
T1180,2024-11,843119.0,505872.0,0.0,2024-12-05
T1180,2024-12,474627.0,284776.0,0.0,2025-01-19
T1180,2025-01,2053438.0,1319991.0,126850.0,2025-02-19
T1180,2025-02,703833.0,422300.0,0.0,2025-03-10
T1180,2025-03,261623.0,156974.0,0.0,2025-04-21
T1180,2025-04,303453.0,182072.0,0.0,2025-05-22
T1180,2025-05,241545.0,144927.0,0.0,2025-06-14
T1180,2025-06,201611.0,120967.0,0.0,2025-07-09
T1180,2025-07,379015.0,227409.0,0.0,2025-08-13
T1180,2025-08,1135874.0,730163.0,66715.0,2025-09-05
T1180,2025-09,620487.0,372292.0,0.0,2025-10-19
T1180,2025-10,1112137.0,667282.0,0.0,2025-11-05
T1180,2025-11,1113163.0,667898.0,0.0,2025-12-23
T1180,2025-12,414948.0,248969.0,0.0,2026-01-15
T1180,2026-01,343270.0,205962.0,0.0,2026-02-17
T1180,2026-02,699920.0,419952.0,0.0,2026-03-20
T1180,2026-03,794141.0,476485.0,0.0,2026-04-05
T1180,2026-04,450238.0,270143.0,0.0,2026-05-12
T1180,2026-05,263862.0,158317.0,0.0,2026-06-19
T1180,2026-06,530016.0,318010.0,0.0,2026-07-21
T1180,2026-07,373428.0,224057.0,0.0,2026-08-07
T1180,2026-08,370024.0,222014.0,0.0,2026-09-14
T1180,2026-09,770932.0,462559.0,0.0,2026-10-14
T271410,2024-10,978930054.0,572316315.0,57993953.0,2024-11-05
T271410,2024-11,880656767.0,514862358.0,50123448.0,2024-12-14
T271410,2024-12,1120664379.0,655179096.0,63138826.0,2025-01-07
T271410,2025-01,646736127.0,378104273.0,36329570.0,2025-02-11
T271410,2025-02,1140064385.0,666521009.0,67844888.0,2025-03-09
T271410,2025-03,997184157.0,582988294.0,55994962.0,2025-04-11
T271410,2025-04,906246488.0,529822992.0,50235578.0,2025-05-22
T271410,2025-05,546313168.0,319393544.0,31495834.0,2025-06-16
T271410,2025-06,903259394.0,528076634.0,50791849.0,2025-07-17
T271410,2025-07,1030901560.0,602700652.0,60957560.0,2025-08-09
T271410,2025-08,971643228.0,568056185.0,54922734.0,2025-09-23
T271410,2025-09,869982440.0,508621777.0,48867529.0,2025-10-09
T271410,2025-10,1135895785.0,664083902.0,66211267.0,2025-11-11
T271410,2025-11,921892288.0,538970067.0,52960264.0,2025-12-15
T271410,2025-12,888453022.0,519420317.0,50451306.0,2026-01-16
T271410,2026-01,828661268.0,484463993.0,47557336.0,2026-02-20
T271410,2026-02,420094729.0,245601885.0,23545330.0,2026-03-14
T271410,2026-03,796456484.0,465635964.0,45402929.0,2026-04-14
T271410,2026-04,996882816.0,582812119.0,58897690.0,2026-05-08
T271410,2026-05,779039702.0,455453512.0,45827825.0,2026-06-13
T271410,2026-06,633929631.0,370617153.0,37291563.0,2026-07-12
T271410,2026-07,860808201.0,503258201.0,50180262.0,2026-08-14
T271410,2026-08,1033616552.0,604287930.0,59536527.0,2026-09-05
T271410,2026-09,682348343.0,398924405.0,39066500.0,2026-10-19
T1159,2024-10,3766526.0,2165550.0,234435.0,2024-11-08
T1159,2024-11,45403452.0,26104546.0,2630904.0,2024-12-09
T1159,2024-12,89966907.0,51726138.0,5178158.0,2025-01-08
T1159,2025-01,8520297.0,4898713.0,492858.0,2025-02-15
T1159,2025-02,104086695.0,59844258.0,5914320.0,2025-03-11
T1159,2025-03,37100676.0,21330896.0,1961586.0,2025-04-22
T1159,2025-04,33781622.0,19422618.0,1801090.0,2025-05-24
T1159,2025-05,35381756.0,20342609.0,2040033.0,2025-06-24
T1159,2025-06,17628703.0,10135557.0,1049365.0,2025-07-13
T1159,2025-07,54581502.0,31381431.0,3076715.0,2025-08-11
T1159,2025-08,11046318.0,6351039.0,656196.0,2025-09-16
T1159,2025-09,70372210.0,40460240.0,3982660.0,2025-10-08
T1159,2025-10,82355835.0,47350181.0,4714542.0,2025-11-08
T1159,2025-11,46371626.0,26661194.0,2586130.0,2025-12-14
T1159,2025-12,68361068.0,39303942.0,3701465.0,2026-01-16
T1159,2026-01,46043268.0,26472405.0,2712243.0,2026-02-17
T1159,2026-02,25397933.0,14602447.0,1421392.0,2026-03-08
T1159,2026-03,70026556.0,40261508.0,4207627.0,2026-04-21
T1159,2026-04,77250828.0,44415076.0,4370219.0,2026-05-06
T1159,2026-05,13170282.0,7572205.0,762186.0,2026-06-24
T1159,2026-06,71597501.0,41164717.0,3904243.0,2026-07-08
T1159,2026-07,65368412.0,37583325.0,3676500.0,2026-08-23
T1159,2026-08,11642208.0,6693644.0,644410.0,2026-09-11
T1159,2026-09,13005464.0,7477443.0,754554.0,2026-10-18
T384745,2024-10,587306.0,352384.0,0.0,2024-11-11
T384745,2024-11,211315.0,126789.0,0.0,2024-12-19
T384745,2024-12,239949.0,143969.0,0.0,2025-01-11
T384745,2025-01,253865.0,152319.0,0.0,2025-02-22
T384745,2025-02,735340.0,441204.0,0.0,2025-03-13
T384745,2025-03,311758.0,187055.0,0.0,2025-04-15
T384745,2025-04,284169.0,170502.0,0.0,2025-05-15
T384745,2025-05,468185.0,280911.0,0.0,2025-06-19
T384745,2025-06,779747.0,467848.0,0.0,2025-07-06
T384745,2025-07,437420.0,262452.0,0.0,2025-08-19
T384745,2025-08,1760008.0,1095609.0,100712.0,2025-09-15
T384745,2025-09,355086.0,213051.0,0.0,2025-10-22
T384745,2025-10,4187697.0,2606849.0,252054.0,2025-11-10
T384745,2025-11,623337.0,374002.0,0.0,2025-12-10
T384745,2025-12,336157.0,201694.0,0.0,2026-01-22
T384745,2026-01,326043.0,195626.0,0.0,2026-02-16
T384745,2026-02,1418263.0,882872.0,83837.0,2026-03-06
T384745,2026-03,332685.0,199611.0,0.0,2026-04-07
T384745,2026-04,331772.0,199063.0,0.0,2026-05-10
T384745,2026-05,283903.0,170342.0,0.0,2026-06-24
T384745,2026-06,240255.0,144153.0,0.0,2026-07-21
T384745,2026-07,334371.0,200623.0,0.0,2026-08-20
T384745,2026-08,464374.0,278625.0,0.0,2026-09-08
T384745,2026-09,249242.0,149545.0,0.0,2026-10-08
T162980,2024-10,11666547.0,7269991.0,643821.0,2024-11-20
T162980,2024-11,250210.0,150126.0,0.0,2024-12-21
T162980,2024-12,16441887.0,10245737.0,949514.0,2025-01-18
T162980,2025-01,38905886.0,24244145.0,2433346.0,2025-02-21
T162980,2025-02,5802837.0,3616029.0,328384.0,2025-03-21
T162980,2025-03,60088053.0,37443780.0,3968679.0,2025-04-20
T162980,2025-04,46151775.0,28759409.0,2587282.0,2025-05-05
T162980,2025-05,562700.0,337620.0,0.0,2025-06-16
T162980,2025-06,19586667.0,12205402.0,1111292.0,2025-07-16
T162980,2025-07,510651.0,306391.0,0.0,2025-08-20
T162980,2025-08,8772744.0,5466722.0,492424.0,2025-09-06
T162980,2025-09,304021.0,182413.0,0.0,2025-10-06
T162980,2025-10,440075.0,264045.0,0.0,2025-11-16
T162980,2025-11,293725.0,176235.0,0.0,2025-12-11
T162980,2025-12,507774.0,304664.0,0.0,2026-01-23
T162980,2026-01,689495.0,413697.0,0.0,2026-02-08
T162980,2026-02,256470.0,153882.0,0.0,2026-03-15
T162980,2026-03,669704.0,401823.0,0.0,2026-04-23
T162980,2026-04,700678.0,420407.0,0.0,2026-05-23
T162980,2026-05,721210.0,432726.0,0.0,2026-06-16
T162980,2026-06,341725.0,205035.0,0.0,2026-07-13
T162980,2026-07,10724475.0,6682940.0,598490.0,2026-08-14
T162980,2026-08,401363.0,240818.0,0.0,2026-09-21
T162980,2026-09,275033.0,165020.0,0.0,2026-10-11
T1174,2024-10,316195.0,189717.0,0.0,2024-11-21
T1174,2024-11,712464.0,427478.0,0.0,2024-12-17
T1174,2024-12,430592.0,258355.0,0.0,2025-01-19
T1174,2025-01,257687.0,154612.0,0.0,2025-02-12
T1174,2025-02,829968.0,497981.0,0.0,2025-03-09
T1174,2025-03,146801.0,88081.0,0.0,2025-04-21
T1174,2025-04,25866267.0,14863119.0,1345400.0,2025-05-10
T1174,2025-05,341693.0,205016.0,0.0,2025-06-20
T1174,2025-06,384633.0,230780.0,0.0,2025-07-20
T1174,2025-07,606469.0,363881.0,0.0,2025-08-08
T1174,2025-08,428196.0,256918.0,0.0,2025-09-10
T1174,2025-09,652028.0,391217.0,0.0,2025-10-17
T1174,2025-10,348311.0,208987.0,0.0,2025-11-15
T1174,2025-11,432991.0,259794.0,0.0,2025-12-10
T1174,2025-12,206933.0,124160.0,0.0,2026-01-12
T1174,2026-01,242232.0,145339.0,0.0,2026-02-16
T1174,2026-02,278575.0,167145.0,0.0,2026-03-21
T1174,2026-03,163337.0,98002.0,0.0,2026-04-06
T1174,2026-04,480889.0,288533.0,0.0,2026-05-05
T1174,2026-05,658725.0,395235.0,0.0,2026-06-18
T1174,2026-06,567138.0,340283.0,0.0,2026-07-23
T1174,2026-07,49424224.0,28399851.0,2612353.0,2026-08-23
T1174,2026-08,377039.0,226224.0,0.0,2026-09-21
T1174,2026-09,54346869.0,31228472.0,2974751.0,2026-10-05
T829552,2024-10,840605.0,504363.0,0.0,2024-11-19
T829552,2024-11,507296.0,304378.0,0.0,2024-12-14
T829552,2024-12,527138.0,316283.0,0.0,2025-01-24
T829552,2025-01,261413.0,156848.0,0.0,2025-02-19
T829552,2025-02,238822.0,143293.0,0.0,2025-03-17
T829552,2025-03,577610.0,346566.0,0.0,2025-04-08
T829552,2025-04,470050.0,282030.0,0.0,2025-05-08
T829552,2025-05,486391.0,291835.0,0.0,2025-06-15
T829552,2025-06,401800.0,241080.0,0.0,2025-07-16
T829552,2025-07,214829.0,128898.0,0.0,2025-08-07
T829552,2025-08,540706.0,324423.0,0.0,2025-09-10
T829552,2025-09,1100557.0,660334.0,0.0,2025-10-17
T829552,2025-10,355586.0,213352.0,0.0,2025-11-23
T829552,2025-11,398068.0,238841.0,0.0,2025-12-05
T829552,2025-12,335967.0,201580.0,0.0,2026-01-13
T829552,2026-01,163437.0,98062.0,0.0,2026-02-20
T829552,2026-02,301023.0,180614.0,0.0,2026-03-09
T829552,2026-03,981756.0,589053.0,0.0,2026-04-05
T829552,2026-04,280410.0,168246.0,0.0,2026-05-16
T829552,2026-05,307051.0,184231.0,0.0,2026-06-19
T829552,2026-06,539036.0,323422.0,0.0,2026-07-15
T829552,2026-07,281700.0,169020.0,0.0,2026-08-18
T829552,2026-08,183182.0,109909.0,0.0,2026-09-06
T829552,2026-09,286363.0,171818.0,0.0,2026-10-08
T610109,2024-10,8084431.0,5009557.0,527431.0,2024-11-12
T610109,2024-11,9344223.0,5790193.0,643435.0,2024-12-21
T610109,2024-12,22094426.0,13690919.0,1516038.0,2025-01-11
T610109,2025-01,30648886.0,18991732.0,2099989.0,2025-02-22
T610109,2025-02,18266142.0,11318704.0,1213182.0,2025-03-07
T610109,2025-03,42796945.0,26519336.0,2810937.0,2025-04-14
T610109,2025-04,65154653.0,40373399.0,3572190.0,2025-05-22
T610109,2025-05,43202018.0,26770341.0,2529531.0,2025-06-24
T610109,2025-06,16896884.0,10470237.0,1146662.0,2025-07-17
T610109,2025-07,7945017.0,4923168.0,552907.0,2025-08-15
T610109,2025-08,30018865.0,18601336.0,1835018.0,2025-09-14
T610109,2025-09,43561079.0,26992835.0,2785820.0,2025-10-06
T610109,2025-10,6070659.0,3761714.0,398161.0,2025-11-20
T610109,2025-11,3754110.0,2326252.0,257596.0,2025-12-23
T610109,2025-12,18669651.0,11568740.0,1279613.0,2026-01-16
T610109,2026-01,251924.0,151155.0,0.0,2026-02-13
T610109,2026-02,13714644.0,8498346.0,985526.0,2026-03-24
T610109,2026-03,10563391.0,6545657.0,710306.0,2026-04-15
T610109,2026-04,1905335.0,1180650.0,106962.0,2026-05-05
T610109,2026-05,8161321.0,5057203.0,508677.0,2026-06-18
T610109,2026-06,2994664.0,1855658.0,211484.0,2026-07-05
T610109,2026-07,17290790.0,10714322.0,1047385.0,2026-08-17
T610109,2026-08,2938623.0,1820932.0,162431.0,2026-09-22
T610109,2026-09,7966103.0,4936235.0,476418.0,2026-10-13
T660194,2024-10,829297.0,497578.0,0.0,2024-11-23
T660194,2024-11,657404.0,394442.0,0.0,2024-12-22
T660194,2024-12,386342.0,231805.0,0.0,2025-01-21
T660194,2025-01,917753.0,550652.0,0.0,2025-02-08
T660194,2025-02,128152.0,76891.0,0.0,2025-03-22
T660194,2025-03,295262.0,177157.0,0.0,2025-04-15
T660194,2025-04,443079.0,265847.0,0.0,2025-05-08
T660194,2025-05,279150.0,167490.0,0.0,2025-06-07
T660194,2025-06,94133.0,56480.0,0.0,2025-07-17
T660194,2025-07,269227.0,161536.0,0.0,2025-08-19
T660194,2025-08,631208.0,378725.0,0.0,2025-09-23
T660194,2025-09,441696.0,265017.0,0.0,2025-10-14
T660194,2025-10,423973.0,254384.0,0.0,2025-11-12
T660194,2025-11,215881.0,129529.0,0.0,2025-12-07
T660194,2025-12,1219153.0,731492.0,0.0,2026-01-19
T660194,2026-01,827708.0,496625.0,0.0,2026-02-06
T660194,2026-02,186658.0,111995.0,0.0,2026-03-14
T660194,2026-03,1058361.0,635017.0,0.0,2026-04-07
T660194,2026-04,312295.0,187377.0,0.0,2026-05-05
T660194,2026-05,221045.0,132627.0,0.0,2026-06-10
T660194,2026-06,767597.0,460558.0,0.0,2026-07-22
T660194,2026-07,409530.0,245718.0,0.0,2026-08-08
T660194,2026-08,249780.0,149868.0,0.0,2026-09-11
T660194,2026-09,460144.0,276087.0,0.0,2026-10-10
T1128,2024-10,373653.0,224192.0,0.0,2024-11-07
T1128,2024-11,370890.0,222534.0,0.0,2024-12-23
T1128,2024-12,600050.0,360030.0,0.0,2025-01-24
T1128,2025-01,694370.0,416622.0,0.0,2025-02-07
T1128,2025-02,5595526.0,4117495.0,380230.0,2025-03-18
T1128,2025-03,307243.0,184346.0,0.0,2025-04-08
T1128,2025-04,277495.0,166497.0,0.0,2025-05-24
T1128,2025-05,272369.0,163421.0,0.0,2025-06-14
T1128,2025-06,640682.0,384409.0,0.0,2025-07-23
T1128,2025-07,332119.0,199271.0,0.0,2025-08-17
T1128,2025-08,319352.0,191611.0,0.0,2025-09-06
T1128,2025-09,443252.0,265951.0,0.0,2025-10-21
T1128,2025-10,6818788.0,5017638.0,484981.0,2025-11-19
T1128,2025-11,733158.0,439895.0,0.0,2025-12-23
T1128,2025-12,370437.0,222262.0,0.0,2026-01-13
T1128,2026-01,285367.0,171220.0,0.0,2026-02-19
T1128,2026-02,1373989.0,1011057.0,90291.0,2026-03-21
T1128,2026-03,500510.0,300306.0,0.0,2026-04-15
T1128,2026-04,208622.0,125173.0,0.0,2026-05-11
T1128,2026-05,306504.0,183902.0,0.0,2026-06-15
T1128,2026-06,642533.0,385520.0,0.0,2026-07-16
T1128,2026-07,298661.0,179196.0,0.0,2026-08-06
T1128,2026-08,755649.0,453390.0,0.0,2026-09-11
T1128,2026-09,23498077.0,17291175.0,1517897.0,2026-10-14
T356586,2024-10,516366.0,309819.0,0.0,2024-11-23
T356586,2024-11,10371042.0,7026521.0,619247.0,2024-12-08
T356586,2024-12,522981.0,313788.0,0.0,2025-01-20
T356586,2025-01,1050936.0,630561.0,0.0,2025-02-08
T356586,2025-02,175761.0,105457.0,0.0,2025-03-21
T356586,2025-03,762288.0,457373.0,0.0,2025-04-20
T356586,2025-04,4565464.0,3093164.0,350231.0,2025-05-08
T356586,2025-05,443640.0,266184.0,0.0,2025-06-07
T356586,2025-06,377584.0,226551.0,0.0,2025-07-05
T356586,2025-07,601999.0,361200.0,0.0,2025-08-07
T356586,2025-08,502972.0,301783.0,0.0,2025-09-11
T356586,2025-09,396360.0,237816.0,0.0,2025-10-06
T356586,2025-10,667029.0,400217.0,0.0,2025-11-15
T356586,2025-11,305617.0,183370.0,0.0,2025-12-07
T356586,2025-12,574370.0,344622.0,0.0,2026-01-05
T356586,2026-01,235928.0,141557.0,0.0,2026-02-16
T356586,2026-02,7988274.0,5412164.0,494406.0,2026-03-24
T356586,2026-03,433413.0,260048.0,0.0,2026-04-18
T356586,2026-04,373073.0,223844.0,0.0,2026-05-23
T356586,2026-05,5321971.0,3605707.0,332005.0,2026-06-14
T356586,2026-06,18157061.0,12301654.0,1084563.0,2026-07-14
T356586,2026-07,80991567.0,54872879.0,4798509.0,2026-08-07
T356586,2026-08,760713.0,456428.0,0.0,2026-09-12
T356586,2026-09,482226.0,289336.0,0.0,2026-10-14
T632174,2024-10,324321.0,194592.0,0.0,2024-11-15
T632174,2024-11,909265.0,545559.0,0.0,2024-12-07
T632174,2024-12,256497.0,153898.0,0.0,2025-01-05
T632174,2025-01,326985.0,196191.0,0.0,2025-02-16
T632174,2025-02,395592.0,237355.0,0.0,2025-03-19
T632174,2025-03,376247.0,225748.0,0.0,2025-04-23
T632174,2025-04,539432.0,323659.0,0.0,2025-05-24
T632174,2025-05,521056.0,312634.0,0.0,2025-06-21
T632174,2025-06,397360.0,238416.0,0.0,2025-07-06
T632174,2025-07,258678.0,155207.0,0.0,2025-08-17
T632174,2025-08,510904.0,306543.0,0.0,2025-09-07
T632174,2025-09,247775.0,148665.0,0.0,2025-10-21
T632174,2025-10,300431.0,180259.0,0.0,2025-11-18
T632174,2025-11,139642.0,83785.0,0.0,2025-12-14
T632174,2025-12,448558.0,269135.0,0.0,2026-01-15
T632174,2026-01,557041.0,334225.0,0.0,2026-02-19
T632174,2026-02,456783.0,274070.0,0.0,2026-03-23
T632174,2026-03,790101.0,474061.0,0.0,2026-04-10
T632174,2026-04,365069.0,219042.0,0.0,2026-05-13
T632174,2026-05,403674.0,242204.0,0.0,2026-06-21
T632174,2026-06,219790.0,131874.0,0.0,2026-07-24
T632174,2026-07,225962.0,135577.0,0.0,2026-08-17
T632174,2026-08,806789.0,484073.0,0.0,2026-09-17
T632174,2026-09,379463.0,227678.0,0.0,2026-10-15
T528457,2024-10,528204.0,316923.0,0.0,2024-11-18
T528457,2024-11,666056.0,399634.0,0.0,2024-12-06
T528457,2024-12,407469.0,244481.0,0.0,2025-01-13
T528457,2025-01,390049.0,234029.0,0.0,2025-02-17
T528457,2025-02,488428.0,293057.0,0.0,2025-03-24
T528457,2025-03,342308.0,205385.0,0.0,2025-04-15
T528457,2025-04,467056.0,280233.0,0.0,2025-05-06
T528457,2025-05,297299.0,178380.0,0.0,2025-06-23
T528457,2025-06,534182.0,320509.0,0.0,2025-07-24
T528457,2025-07,288703.0,173222.0,0.0,2025-08-15
T528457,2025-08,436893.0,262136.0,0.0,2025-09-14
T528457,2025-09,332406.0,199444.0,0.0,2025-10-07
T528457,2025-10,638025.0,382815.0,0.0,2025-11-07
T528457,2025-11,196567.0,117940.0,0.0,2025-12-20
T528457,2025-12,587852.0,352711.0,0.0,2026-01-24
T528457,2026-01,248152.0,148891.0,0.0,2026-02-12
T528457,2026-02,276795.0,166077.0,0.0,2026-03-07
T528457,2026-03,972815.0,583689.0,0.0,2026-04-09
T528457,2026-04,611877.0,367126.0,0.0,2026-05-21
T528457,2026-05,255163.0,153098.0,0.0,2026-06-06
T528457,2026-06,477592.0,286555.0,0.0,2026-07-23
T528457,2026-07,156324.0,93794.0,0.0,2026-08-13
T528457,2026-08,589764.0,353858.0,0.0,2026-09-06
T528457,2026-09,347172.0,208303.0,0.0,2026-10-09
T744608,2024-10,452251.0,271350.0,0.0,2024-11-11
T744608,2024-11,666841.0,400105.0,0.0,2024-12-13
T744608,2024-12,476223.0,285734.0,0.0,2025-01-06
T744608,2025-01,581404.0,348842.0,0.0,2025-02-14
T744608,2025-02,309876.0,185925.0,0.0,2025-03-11
T744608,2025-03,459911.0,275947.0,0.0,2025-04-23
T744608,2025-04,667927.0,400756.0,0.0,2025-05-07
T744608,2025-05,154197.0,92518.0,0.0,2025-06-11
T744608,2025-06,303576.0,182145.0,0.0,2025-07-14
T744608,2025-07,604549.0,362729.0,0.0,2025-08-06
T744608,2025-08,645940.0,387564.0,0.0,2025-09-12
T744608,2025-09,1016754.0,610052.0,0.0,2025-10-06
T744608,2025-10,236692.0,142015.0,0.0,2025-11-23
T744608,2025-11,633021.0,379813.0,0.0,2025-12-22
T744608,2025-12,897604.0,538563.0,0.0,2026-01-09
T744608,2026-01,888407.0,533044.0,0.0,2026-02-13
T744608,2026-02,358327.0,214996.0,0.0,2026-03-11
T744608,2026-03,292328.0,175397.0,0.0,2026-04-19
T744608,2026-04,383293.0,229976.0,0.0,2026-05-06
T744608,2026-05,620173.0,372104.0,0.0,2026-06-18
T744608,2026-06,849769.0,509861.0,0.0,2026-07-05
T744608,2026-07,467091.0,280255.0,0.0,2026-08-17
T744608,2026-08,583007.0,349804.0,0.0,2026-09-16
T744608,2026-09,326913.0,196148.0,0.0,2026-10-16
T1158,2024-10,245602.0,147361.0,0.0,2024-11-14
T1158,2024-11,268407.0,161044.0,0.0,2024-12-09
T1158,2024-12,368228.0,220937.0,0.0,2025-01-08
T1158,2025-01,772135.0,463281.0,0.0,2025-02-24
T1158,2025-02,189381.0,113628.0,0.0,2025-03-11
T1158,2025-03,289307.0,173584.0,0.0,2025-04-05
T1158,2025-04,55792306.0,32392917.0,2967692.0,2025-05-15
T1158,2025-05,510670.0,306402.0,0.0,2025-06-24
T1158,2025-06,419307.0,251584.0,0.0,2025-07-18
T1158,2025-07,19135167.0,11109845.0,1110342.0,2025-08-11
T1158,2025-08,341434.0,204860.0,0.0,2025-09-14
T1158,2025-09,314880.0,188928.0,0.0,2025-10-19
T1158,2025-10,16777865.0,9741199.0,916544.0,2025-11-16
T1158,2025-11,289772.0,173863.0,0.0,2025-12-17
T1158,2025-12,20934780.0,12154697.0,1087599.0,2026-01-12
T1158,2026-01,655527.0,393316.0,0.0,2026-02-21
T1158,2026-02,569407.0,341644.0,0.0,2026-03-09
T1158,2026-03,536814.0,322088.0,0.0,2026-04-14
T1158,2026-04,10090647.0,5858612.0,619467.0,2026-05-14
T1158,2026-05,198579.0,119147.0,0.0,2026-06-24
T1158,2026-06,20487515.0,11895016.0,1067000.0,2026-07-13
T1158,2026-07,345990.0,207594.0,0.0,2026-08-23
T1158,2026-08,710619.0,426371.0,0.0,2026-09-15
T1158,2026-09,573242.0,343945.0,0.0,2026-10-22
T789008,2024-10,0.0,380955.0,0.0,2024-11-12
T789008,2024-11,2719716.0,4031806.0,430251.0,2024-12-07
T789008,2024-12,0.0,547040.0,0.0,2025-01-19
T789008,2025-01,0.0,139736.0,0.0,2025-02-24
T789008,2025-02,0.0,168402.0,0.0,2025-03-07
T789008,2025-03,0.0,255200.0,0.0,2025-04-10
T789008,2025-04,409829.0,528998.0,55935.0,2025-05-05
T789008,2025-05,0.0,259837.0,0.0,2025-06-15
T789008,2025-06,0.0,166223.0,0.0,2025-07-06
T789008,2025-07,0.0,247913.0,0.0,2025-08-14
T789008,2025-08,0.0,182234.0,0.0,2025-09-20
T789008,2025-09,0.0,315019.0,0.0,2025-10-13
T789008,2025-10,0.0,244028.0,0.0,2025-11-21
T789008,2025-11,1298105.0,1532340.0,164007.0,2025-12-13
T789008,2025-12,0.0,319410.0,0.0,2026-01-17
T789008,2026-01,0.0,206550.0,0.0,2026-02-21
T789008,2026-02,0.0,103133.0,0.0,2026-03-19
T789008,2026-03,0.0,549820.0,0.0,2026-04-20
T789008,2026-04,5162790.0,7529582.0,727284.0,2026-05-11
T789008,2026-05,0.0,629555.0,0.0,2026-06-09
T789008,2026-06,0.0,402813.0,0.0,2026-07-20
T789008,2026-07,0.0,245389.0,0.0,2026-08-08
T789008,2026-08,0.0,225398.0,0.0,2026-09-07
T789008,2026-09,0.0,168142.0,0.0,2026-10-05
T935209,2024-10,0.0,415299.0,0.0,2024-11-18
T935209,2024-11,0.0,356246.0,0.0,2024-12-22
T935209,2024-12,0.0,751609.0,0.0,2025-01-24
T935209,2025-01,0.0,344088.0,0.0,2025-02-09
T935209,2025-02,0.0,179917.0,0.0,2025-03-10
T935209,2025-03,0.0,123686.0,0.0,2025-04-10
T935209,2025-04,0.0,349951.0,0.0,2025-05-14
T935209,2025-05,0.0,125479.0,0.0,2025-06-18
T935209,2025-06,0.0,278623.0,0.0,2025-07-24
T935209,2025-07,0.0,295001.0,0.0,2025-08-22
T935209,2025-08,0.0,126122.0,0.0,2025-09-24
T935209,2025-09,0.0,261869.0,0.0,2025-10-23
T935209,2025-10,0.0,215783.0,0.0,2025-11-23
T935209,2025-11,0.0,289520.0,0.0,2025-12-15
T935209,2025-12,0.0,475924.0,0.0,2026-01-21
T935209,2026-01,0.0,229528.0,0.0,2026-02-06
T935209,2026-02,0.0,348321.0,0.0,2026-03-24
T935209,2026-03,0.0,141726.0,0.0,2026-04-20
T935209,2026-04,0.0,393224.0,0.0,2026-05-16
T935209,2026-05,0.0,352311.0,0.0,2026-06-20
T935209,2026-06,0.0,375390.0,0.0,2026-07-08
T935209,2026-07,0.0,209105.0,0.0,2026-08-18
T935209,2026-08,0.0,226874.0,0.0,2026-09-06
T935209,2026-09,0.0,123609.0,0.0,2026-10-05
T312557,2024-10,667097.0,400258.0,0.0,2024-11-17
T312557,2024-11,647286.0,388372.0,0.0,2024-12-16
T312557,2024-12,485983.0,291590.0,0.0,2025-01-22
T312557,2025-01,101584.0,60950.0,0.0,2025-02-14
T312557,2025-02,427274.0,256364.0,0.0,2025-03-14
T312557,2025-03,450515.0,270309.0,0.0,2025-04-06
T312557,2025-04,237764.0,142658.0,0.0,2025-05-15
T312557,2025-05,496039.0,297624.0,0.0,2025-06-15
T312557,2025-06,450883.0,270530.0,0.0,2025-07-18
T312557,2025-07,669398.0,401639.0,0.0,2025-08-15
T312557,2025-08,516049.0,309629.0,0.0,2025-09-23
T312557,2025-09,360588.0,216353.0,0.0,2025-10-21
T312557,2025-10,509978.0,305987.0,0.0,2025-11-15
T312557,2025-11,379971.0,227983.0,0.0,2025-12-11
T312557,2025-12,491722.0,295033.0,0.0,2026-01-24
T312557,2026-01,277167.0,166300.0,0.0,2026-02-12
T312557,2026-02,667823.0,400694.0,0.0,2026-03-05
T312557,2026-03,379090.0,227454.0,0.0,2026-04-15
T312557,2026-04,229750.0,137850.0,0.0,2026-05-13
T312557,2026-05,235915.0,141549.0,0.0,2026-06-17
T312557,2026-06,560971.0,336583.0,0.0,2026-07-05
T312557,2026-07,375408.0,225245.0,0.0,2026-08-19
T312557,2026-08,250552.0,150331.0,0.0,2026-09-05
T312557,2026-09,822174.0,493304.0,0.0,2026-10-11
T212935,2024-10,341151.0,204691.0,0.0,2024-11-22
T212935,2024-11,10672174.0,7420518.0,714529.0,2024-12-07
T212935,2024-12,715535.0,429321.0,0.0,2025-01-10
T212935,2025-01,822809.0,493686.0,0.0,2025-02-16
T212935,2025-02,788662.0,473197.0,0.0,2025-03-15
T212935,2025-03,284115.0,170469.0,0.0,2025-04-10
T212935,2025-04,456340.0,273804.0,0.0,2025-05-20
T212935,2025-05,19200331.0,13350270.0,1296378.0,2025-06-21
T212935,2025-06,8062395.0,5605901.0,524634.0,2025-07-16
T212935,2025-07,15550183.0,10812269.0,969926.0,2025-08-20
T212935,2025-08,263546.0,158128.0,0.0,2025-09-07
T212935,2025-09,2822822.0,1962749.0,176571.0,2025-10-14
T212935,2025-10,4219373.0,2933792.0,259933.0,2025-11-20
T212935,2025-11,16609314.0,11548698.0,1046939.0,2025-12-14
T212935,2025-12,240665.0,144399.0,0.0,2026-01-12
T212935,2026-01,381306.0,228784.0,0.0,2026-02-20
T212935,2026-02,376193.0,225716.0,0.0,2026-03-22
T212935,2026-03,10298480.0,7160683.0,668170.0,2026-04-05
T212935,2026-04,24332525.0,16918759.0,1697538.0,2026-05-12
T212935,2026-05,569100.0,341460.0,0.0,2026-06-15
T212935,2026-06,24292893.0,16891203.0,1897621.0,2026-07-21
T212935,2026-07,22815945.0,15864259.0,1507016.0,2026-08-23
T212935,2026-08,4126458.0,2869187.0,287153.0,2026-09-06
T212935,2026-09,157006.0,94204.0,0.0,2026-10-12
T992020,2024-10,125042.0,75025.0,0.0,2024-11-07
T992020,2024-11,534535.0,320721.0,0.0,2024-12-12
T992020,2024-12,322240.0,193344.0,0.0,2025-01-12
T992020,2025-01,882483.0,529490.0,0.0,2025-02-17
T992020,2025-02,49083278.0,32976224.0,3205110.0,2025-03-10
T992020,2025-03,425538.0,255323.0,0.0,2025-04-22
T992020,2025-04,469094.0,281456.0,0.0,2025-05-12
T992020,2025-05,594724.0,356834.0,0.0,2025-06-09
T992020,2025-06,6185220.0,4155493.0,389523.0,2025-07-20
T992020,2025-07,233929.0,140357.0,0.0,2025-08-14
T992020,2025-08,299095.0,179457.0,0.0,2025-09-14
T992020,2025-09,944571.0,566743.0,0.0,2025-10-05
T992020,2025-10,540180.0,324108.0,0.0,2025-11-10
T992020,2025-11,402191.0,241315.0,0.0,2025-12-10
T992020,2025-12,669870.0,401922.0,0.0,2026-01-10
T992020,2026-01,587339.0,352404.0,0.0,2026-02-14
T992020,2026-02,248631.0,149178.0,0.0,2026-03-16
T992020,2026-03,345523.0,207314.0,0.0,2026-04-10
T992020,2026-04,435935.0,261561.0,0.0,2026-05-22
T992020,2026-05,277211.0,166327.0,0.0,2026-06-16
T992020,2026-06,563351.0,338011.0,0.0,2026-07-12
T992020,2026-07,288887.0,173332.0,0.0,2026-08-07
T992020,2026-08,365151.0,219091.0,0.0,2026-09-20
T992020,2026-09,527574.0,316544.0,0.0,2026-10-08
T1113,2024-10,598178.0,358907.0,0.0,2024-11-08
T1113,2024-11,623034.0,373820.0,0.0,2024-12-06
T1113,2024-12,210977.0,126586.0,0.0,2025-01-17
T1113,2025-01,171665.0,102999.0,0.0,2025-02-06
T1113,2025-02,269191.0,161515.0,0.0,2025-03-05
T1113,2025-03,698588.0,419153.0,0.0,2025-04-14
T1113,2025-04,747868.0,448721.0,0.0,2025-05-14
T1113,2025-05,414339.0,248604.0,0.0,2025-06-20
T1113,2025-06,316881.0,190129.0,0.0,2025-07-24
T1113,2025-07,570819.0,342491.0,0.0,2025-08-06
T1113,2025-08,7070602.0,4294023.0,416614.0,2025-09-20
T1113,2025-09,569703.0,341822.0,0.0,2025-10-21
T1113,2025-10,555032.0,333019.0,0.0,2025-11-17
T1113,2025-11,454531.0,272718.0,0.0,2025-12-15
T1113,2025-12,107164.0,64299.0,0.0,2026-01-23
T1113,2026-01,344976.0,206985.0,0.0,2026-02-05
T1113,2026-02,13684675.0,8310792.0,836711.0,2026-03-21
T1113,2026-03,317705.0,190623.0,0.0,2026-04-23
T1113,2026-04,5065901.0,3076555.0,269043.0,2026-05-06
T1113,2026-05,299876.0,179926.0,0.0,2026-06-10
T1113,2026-06,4989621.0,3030229.0,293745.0,2026-07-21
T1113,2026-07,542087.0,325252.0,0.0,2026-08-07
T1113,2026-08,14407162.0,8749563.0,861578.0,2026-09-15
T1113,2026-09,242119.0,145272.0,0.0,2026-10-17
T269821,2024-10,228769.0,137261.0,0.0,2024-11-06
T269821,2024-11,483663.0,290198.0,0.0,2024-12-18
T269821,2024-12,531091.0,318655.0,0.0,2025-01-21
T269821,2025-01,513959.0,308375.0,0.0,2025-02-08
T269821,2025-02,8278171.0,5189962.0,456396.0,2025-03-15
T269821,2025-03,213766.0,128259.0,0.0,2025-04-17
T269821,2025-04,371375.0,222825.0,0.0,2025-05-06
T269821,2025-05,849103.0,509462.0,0.0,2025-06-08
T269821,2025-06,148325.0,88995.0,0.0,2025-07-11
T269821,2025-07,246739.0,148044.0,0.0,2025-08-09
T269821,2025-08,7035927.0,4411143.0,465647.0,2025-09-23
T269821,2025-09,577183.0,346310.0,0.0,2025-10-11
T269821,2025-10,846232.0,507739.0,0.0,2025-11-08
T269821,2025-11,547579.0,328548.0,0.0,2025-12-09
T269821,2025-12,301107.0,180664.0,0.0,2026-01-11
T269821,2026-01,590445.0,354267.0,0.0,2026-02-19
T269821,2026-02,276769.0,166061.0,0.0,2026-03-18
T269821,2026-03,397737.0,238642.0,0.0,2026-04-14
T269821,2026-04,335908.0,201545.0,0.0,2026-05-20
T269821,2026-05,411807.0,247084.0,0.0,2026-06-21
T269821,2026-06,328313.0,196988.0,0.0,2026-07-23
T269821,2026-07,554107.0,332464.0,0.0,2026-08-21
T269821,2026-08,10038186.0,6293396.0,602272.0,2026-09-14
T269821,2026-09,265955.0,159573.0,0.0,2026-10-14
T814598,2024-10,239634.0,143781.0,0.0,2024-11-20
T814598,2024-11,326423.0,195854.0,0.0,2024-12-18
T814598,2024-12,275236.0,165142.0,0.0,2025-01-23
T814598,2025-01,173811.0,104286.0,0.0,2025-02-07
T814598,2025-02,363719.0,218232.0,0.0,2025-03-07
T814598,2025-03,289891.0,173934.0,0.0,2025-04-21
T814598,2025-04,588174.0,352904.0,0.0,2025-05-23
T814598,2025-05,377074.0,226244.0,0.0,2025-06-19
T814598,2025-06,395418.0,237251.0,0.0,2025-07-13
T814598,2025-07,306776.0,184065.0,0.0,2025-08-15
T814598,2025-08,1233281.0,739969.0,0.0,2025-09-08
T814598,2025-09,237201.0,142320.0,0.0,2025-10-07
T814598,2025-10,304354.0,182613.0,0.0,2025-11-13
T814598,2025-11,835406.0,501244.0,0.0,2025-12-10
T814598,2025-12,366570.0,219942.0,0.0,2026-01-07
T814598,2026-01,396899.0,238139.0,0.0,2026-02-15
T814598,2026-02,649087.0,389452.0,0.0,2026-03-16
T814598,2026-03,330431.0,198259.0,0.0,2026-04-22
T814598,2026-04,365548.0,219329.0,0.0,2026-05-17
T814598,2026-05,232425.0,139455.0,0.0,2026-06-07
T814598,2026-06,444320.0,266592.0,0.0,2026-07-24
T814598,2026-07,533897.0,320338.0,0.0,2026-08-08
T814598,2026-08,610609.0,366365.0,0.0,2026-09-20
T814598,2026-09,375707.0,225424.0,0.0,2026-10-17
T1062,2024-10,5147417.0,3596144.0,354778.0,2024-11-08
T1062,2024-11,803834.0,482300.0,0.0,2024-12-20
T1062,2024-12,12331915.0,8615456.0,799266.0,2025-01-06
T1062,2025-01,13866679.0,9687690.0,884342.0,2025-02-23
T1062,2025-02,227660.0,136596.0,0.0,2025-03-23
T1062,2025-03,492948.0,295769.0,0.0,2025-04-06
T1062,2025-04,3709012.0,2591230.0,240227.0,2025-05-10
T1062,2025-05,9833896.0,6870263.0,634146.0,2025-06-11
T1062,2025-06,463414.0,278048.0,0.0,2025-07-22
T1062,2025-07,48211229.0,33681852.0,3220167.0,2025-08-13
T1062,2025-08,24230936.0,16928479.0,1670418.0,2025-09-09
T1062,2025-09,724460.0,434676.0,0.0,2025-10-16
T1062,2025-10,327256.0,196354.0,0.0,2025-11-19
T1062,2025-11,230549.0,138329.0,0.0,2025-12-20
T1062,2025-12,34443066.0,24062988.0,2174687.0,2026-01-17
T1062,2026-01,24448410.0,17080413.0,1503765.0,2026-02-09
T1062,2026-02,31422094.0,21952444.0,2135309.0,2026-03-20
T1062,2026-03,478693.0,287216.0,0.0,2026-04-16
T1062,2026-04,486965.0,292179.0,0.0,2026-05-17
T1062,2026-05,487777.0,292666.0,0.0,2026-06-07
T1062,2026-06,6106650.0,4266294.0,414564.0,2026-07-21
T1062,2026-07,480850.0,288510.0,0.0,2026-08-09
T1062,2026-08,10285850.0,7186012.0,645480.0,2026-09-06
T1062,2026-09,17161671.0,11989673.0,1127487.0,2026-10-23
T752615,2024-10,218325.0,130995.0,0.0,2024-11-17
T752615,2024-11,772030.0,463218.0,0.0,2024-12-24
T752615,2024-12,6184499.0,4033432.0,380071.0,2025-01-17
T752615,2025-01,455757.0,273454.0,0.0,2025-02-22
T752615,2025-02,288168.0,172901.0,0.0,2025-03-19
T752615,2025-03,8536685.0,5567491.0,528586.0,2025-04-18
T752615,2025-04,700842.0,420505.0,0.0,2025-05-22
T752615,2025-05,4520836.0,2948418.0,264220.0,2025-06-14
T752615,2025-06,364352.0,218611.0,0.0,2025-07-12
T752615,2025-07,323031.0,193818.0,0.0,2025-08-18
T752615,2025-08,291936.0,175161.0,0.0,2025-09-13
T752615,2025-09,253394.0,152036.0,0.0,2025-10-19
T752615,2025-10,655013.0,393008.0,0.0,2025-11-10
T752615,2025-11,2492342.0,1625466.0,174146.0,2025-12-06
T752615,2025-12,4980012.0,3247885.0,350827.0,2026-01-09
T752615,2026-01,497892.0,298735.0,0.0,2026-02-08
T752615,2026-02,215422.0,129253.0,0.0,2026-03-18
T752615,2026-03,361112.0,216667.0,0.0,2026-04-24
T752615,2026-04,251955.0,151173.0,0.0,2026-05-08
T752615,2026-05,3070333.0,2002422.0,187556.0,2026-06-06
T752615,2026-06,574428.0,344657.0,0.0,2026-07-16
T752615,2026-07,329534.0,197720.0,0.0,2026-08-10
T752615,2026-08,326826.0,196096.0,0.0,2026-09-21
T752615,2026-09,185595.0,111357.0,0.0,2026-10-15
T1031,2024-10,231706.0,139024.0,0.0,2024-11-19
T1031,2024-11,184356.0,110614.0,0.0,2024-12-24
T1031,2024-12,385763.0,231458.0,0.0,2025-01-21
T1031,2025-01,421911.0,253147.0,0.0,2025-02-16
T1031,2025-02,171280.0,102768.0,0.0,2025-03-15
T1031,2025-03,469265.0,281559.0,0.0,2025-04-15
T1031,2025-04,266775.0,160065.0,0.0,2025-05-21
T1031,2025-05,1355418.0,813251.0,0.0,2025-06-15
T1031,2025-06,364029.0,218417.0,0.0,2025-07-23
T1031,2025-07,9528019.0,6232350.0,579375.0,2025-08-13
T1031,2025-08,393336.0,236001.0,0.0,2025-09-09
T1031,2025-09,10828015.0,7082687.0,721747.0,2025-10-18
T1031,2025-10,148708.0,89225.0,0.0,2025-11-14
T1031,2025-11,8661752.0,5665718.0,510895.0,2025-12-22
T1031,2025-12,13395360.0,8762006.0,827206.0,2026-01-18
T1031,2026-01,262006.0,157203.0,0.0,2026-02-23
T1031,2026-02,3924120.0,2566797.0,284834.0,2026-03-08
T1031,2026-03,335357.0,201214.0,0.0,2026-04-11
T1031,2026-04,636598.0,381959.0,0.0,2026-05-11
T1031,2026-05,384719.0,230831.0,0.0,2026-06-21
T1031,2026-06,310486.0,186292.0,0.0,2026-07-16
T1031,2026-07,234442.0,140665.0,0.0,2026-08-23
T1031,2026-08,17614671.0,11521890.0,1042431.0,2026-09-09
T1031,2026-09,15610016.0,10210630.0,971153.0,2026-10-20
T875371,2024-10,316196.0,189718.0,0.0,2024-11-05
T875371,2024-11,522197.0,313318.0,0.0,2024-12-20
T875371,2024-12,449495.0,269697.0,0.0,2025-01-19
T875371,2025-01,550663.0,330398.0,0.0,2025-02-09
T875371,2025-02,163089.0,97853.0,0.0,2025-03-14
T875371,2025-03,1679868.0,990705.0,111941.0,2025-04-18
T875371,2025-04,475691.0,285414.0,0.0,2025-05-17
T875371,2025-05,318837.0,191302.0,0.0,2025-06-16
T875371,2025-06,462014.0,277208.0,0.0,2025-07-24
T875371,2025-07,741348.0,444809.0,0.0,2025-08-20
T875371,2025-08,343917.0,206350.0,0.0,2025-09-06
T875371,2025-09,207939.0,124764.0,0.0,2025-10-14
T875371,2025-10,16617242.0,9800045.0,865112.0,2025-11-23
T875371,2025-11,202991.0,121795.0,0.0,2025-12-13
T875371,2025-12,369103.0,221462.0,0.0,2026-01-15
T875371,2026-01,197400.0,118440.0,0.0,2026-02-17
T875371,2026-02,277103.0,166262.0,0.0,2026-03-23
T875371,2026-03,6678796.0,3938831.0,422879.0,2026-04-11
T875371,2026-04,35954636.0,21204305.0,2069302.0,2026-05-17
T875371,2026-05,2081865.0,1227783.0,113617.0,2026-06-07
T875371,2026-06,310146.0,186088.0,0.0,2026-07-22
T875371,2026-07,278017.0,166810.0,0.0,2026-08-17
T875371,2026-08,290221.0,174132.0,0.0,2026-09-19
T875371,2026-09,472160.0,283296.0,0.0,2026-10-08
T1035,2024-10,1025463.0,615278.0,0.0,2024-11-06
T1035,2024-11,292395.0,175437.0,0.0,2024-12-08
T1035,2024-12,358859.0,215316.0,0.0,2025-01-07
T1035,2025-01,257357.0,154414.0,0.0,2025-02-05
T1035,2025-02,446386.0,267832.0,0.0,2025-03-15
T1035,2025-03,431499.0,258899.0,0.0,2025-04-12
T1035,2025-04,517780.0,310668.0,0.0,2025-05-17
T1035,2025-05,242850.0,145710.0,0.0,2025-06-10
T1035,2025-06,412344.0,247406.0,0.0,2025-07-10
T1035,2025-07,447273.0,268364.0,0.0,2025-08-12
T1035,2025-08,520444.0,312267.0,0.0,2025-09-05
T1035,2025-09,320339.0,192203.0,0.0,2025-10-18
T1035,2025-10,254752.0,152851.0,0.0,2025-11-06
T1035,2025-11,470202.0,282121.0,0.0,2025-12-05
T1035,2025-12,314017.0,188410.0,0.0,2026-01-23
T1035,2026-01,185588.0,111353.0,0.0,2026-02-16
T1035,2026-02,232796.0,139677.0,0.0,2026-03-13
T1035,2026-03,482215.0,289329.0,0.0,2026-04-16
T1035,2026-04,157760.0,94656.0,0.0,2026-05-11
T1035,2026-05,241711.0,145026.0,0.0,2026-06-22
T1035,2026-06,457739.0,274643.0,0.0,2026-07-19
T1035,2026-07,199602.0,119761.0,0.0,2026-08-06
T1035,2026-08,735700.0,441420.0,0.0,2026-09-10
T1035,2026-09,702615.0,421569.0,0.0,2026-10-13
T557200,2024-10,357999.0,214799.0,0.0,2024-11-21
T557200,2024-11,327240.0,196344.0,0.0,2024-12-17
T557200,2024-12,392974.0,235784.0,0.0,2025-01-10
T557200,2025-01,260003.0,156002.0,0.0,2025-02-06
T557200,2025-02,275518.0,165311.0,0.0,2025-03-17
T557200,2025-03,182199.0,109319.0,0.0,2025-04-16
T557200,2025-04,268728.0,161237.0,0.0,2025-05-05
T557200,2025-05,407468.0,244481.0,0.0,2025-06-19
T557200,2025-06,799035.0,479421.0,0.0,2025-07-22
T557200,2025-07,492301.0,295381.0,0.0,2025-08-22
T557200,2025-08,248129.0,148878.0,0.0,2025-09-16
T557200,2025-09,438948.0,263369.0,0.0,2025-10-09
T557200,2025-10,178177.0,106906.0,0.0,2025-11-13
T557200,2025-11,424606.0,254763.0,0.0,2025-12-19
T557200,2025-12,117239.0,70343.0,0.0,2026-01-22
T557200,2026-01,196237.0,117742.0,0.0,2026-02-23
T557200,2026-02,396196.0,237718.0,0.0,2026-03-24
T557200,2026-03,987887.0,592732.0,0.0,2026-04-08
T557200,2026-04,338719.0,203232.0,0.0,2026-05-15
T557200,2026-05,825763.0,495458.0,0.0,2026-06-10
T557200,2026-06,465620.0,279372.0,0.0,2026-07-08
T557200,2026-07,344764.0,206858.0,0.0,2026-08-12
T557200,2026-08,439777.0,263866.0,0.0,2026-09-14
T557200,2026-09,252590.0,151554.0,0.0,2026-10-11
T1191,2024-10,293554.0,176132.0,0.0,2024-11-19
T1191,2024-11,515284.0,309171.0,0.0,2024-12-21
T1191,2024-12,297957.0,178774.0,0.0,2025-01-05
T1191,2025-01,250835.0,150501.0,0.0,2025-02-22
T1191,2025-02,4699412.0,3112357.0,316567.0,2025-03-05
T1191,2025-03,309266.0,185560.0,0.0,2025-04-07
T1191,2025-04,526070.0,315642.0,0.0,2025-05-12
T1191,2025-05,451316.0,270789.0,0.0,2025-06-17
T1191,2025-06,396208.0,237725.0,0.0,2025-07-23
T1191,2025-07,20347153.0,13475644.0,1310862.0,2025-08-12
T1191,2025-08,574778.0,344867.0,0.0,2025-09-08
T1191,2025-09,272645.0,163587.0,0.0,2025-10-23
T1191,2025-10,532174.0,319304.0,0.0,2025-11-05
T1191,2025-11,893149.0,535890.0,0.0,2025-12-16
T1191,2025-12,267046.0,160228.0,0.0,2026-01-05
T1191,2026-01,1254047.0,752428.0,0.0,2026-02-05
T1191,2026-02,8972806.0,5942568.0,575304.0,2026-03-19
T1191,2026-03,3175557.0,2103128.0,185204.0,2026-04-22
T1191,2026-04,859353.0,515612.0,0.0,2026-05-23
T1191,2026-05,381660.0,228996.0,0.0,2026-06-09
T1191,2026-06,342409.0,205445.0,0.0,2026-07-12
T1191,2026-07,151598.0,90959.0,0.0,2026-08-09
T1191,2026-08,9028315.0,5979331.0,590944.0,2026-09-18
T1191,2026-09,633576.0,380146.0,0.0,2026-10-05
T676028,2024-10,1020107.0,612064.0,0.0,2024-11-24
T676028,2024-11,766899.0,460139.0,0.0,2024-12-19
T676028,2024-12,375765.0,225459.0,0.0,2025-01-15
T676028,2025-01,326309.0,195786.0,0.0,2025-02-24
T676028,2025-02,182525.0,109515.0,0.0,2025-03-20
T676028,2025-03,346637.0,207982.0,0.0,2025-04-24
T676028,2025-04,292048.0,175229.0,0.0,2025-05-11
T676028,2025-05,263053.0,157832.0,0.0,2025-06-10
T676028,2025-06,261148.0,156689.0,0.0,2025-07-18
T676028,2025-07,527309.0,316385.0,0.0,2025-08-16
T676028,2025-08,289465.0,173679.0,0.0,2025-09-22
T676028,2025-09,343738.0,206243.0,0.0,2025-10-13
T676028,2025-10,1260623.0,756374.0,0.0,2025-11-13
T676028,2025-11,229260.0,137556.0,0.0,2025-12-11
T676028,2025-12,229752.0,137851.0,0.0,2026-01-21
T676028,2026-01,221546.0,132927.0,0.0,2026-02-06
T676028,2026-02,436788.0,262073.0,0.0,2026-03-17
T676028,2026-03,257967.0,154780.0,0.0,2026-04-16
T676028,2026-04,213409.0,128046.0,0.0,2026-05-05
T676028,2026-05,450043.0,270026.0,0.0,2026-06-08
T676028,2026-06,512152.0,307291.0,0.0,2026-07-22
T676028,2026-07,463285.0,277971.0,0.0,2026-08-16
T676028,2026-08,318149.0,190889.0,0.0,2026-09-10
T676028,2026-09,152577.0,91546.0,0.0,2026-10-05
T735543,2024-10,513022.0,307813.0,0.0,2024-11-17
T735543,2024-11,495418.0,297251.0,0.0,2024-12-13
T735543,2024-12,251543.0,150926.0,0.0,2025-01-24
T735543,2025-01,244752.0,146851.0,0.0,2025-02-08
T735543,2025-02,356141.0,213685.0,0.0,2025-03-18
T735543,2025-03,292151.0,175291.0,0.0,2025-04-08
T735543,2025-04,367380.0,220428.0,0.0,2025-05-13
T735543,2025-05,762929.0,457757.0,0.0,2025-06-15
T735543,2025-06,1181831.0,709099.0,0.0,2025-07-13
T735543,2025-07,418429.0,251058.0,0.0,2025-08-19
T735543,2025-08,352173.0,211304.0,0.0,2025-09-06
T735543,2025-09,235280.0,141168.0,0.0,2025-10-16
T735543,2025-10,443162.0,265897.0,0.0,2025-11-14
T735543,2025-11,277586.0,166552.0,0.0,2025-12-12
T735543,2025-12,545156.0,327094.0,0.0,2026-01-07
T735543,2026-01,506789.0,304074.0,0.0,2026-02-21
T735543,2026-02,291260.0,174756.0,0.0,2026-03-17
T735543,2026-03,288819.0,173291.0,0.0,2026-04-18
T735543,2026-04,630293.0,378176.0,0.0,2026-05-24
T735543,2026-05,10340056.0,6443710.0,621983.0,2026-06-22
T735543,2026-06,461230.0,276738.0,0.0,2026-07-09
T735543,2026-07,549667.0,329800.0,0.0,2026-08-24
T735543,2026-08,412308.0,247385.0,0.0,2026-09-10
T735543,2026-09,145398.0,87239.0,0.0,2026-10-22
T630356,2024-10,14003452.0,8873175.0,931800.0,2024-11-18
T630356,2024-11,8776144.0,5560933.0,615240.0,2024-12-24
T630356,2024-12,542169.0,325301.0,0.0,2025-01-10
T630356,2025-01,14519189.0,9199967.0,950454.0,2025-02-20
T630356,2025-02,49747211.0,31521920.0,3157897.0,2025-03-21
T630356,2025-03,50634274.0,32084000.0,3216374.0,2025-04-24
T630356,2025-04,258305.0,154983.0,0.0,2025-05-14
T630356,2025-05,9419903.0,5968846.0,625332.0,2025-06-10
T630356,2025-06,28872328.0,18294718.0,1918559.0,2025-07-13
T630356,2025-07,11339521.0,7185196.0,790682.0,2025-08-20
T630356,2025-08,416956.0,250174.0,0.0,2025-09-22
T630356,2025-09,465791.0,279475.0,0.0,2025-10-11
T630356,2025-10,33641102.0,21316414.0,1928583.0,2025-11-23
T630356,2025-11,84165720.0,53330932.0,5399692.0,2025-12-05
T630356,2025-12,34199436.0,21670198.0,2337585.0,2026-01-16
T630356,2026-01,10172891.0,6445971.0,712597.0,2026-02-17
T630356,2026-02,296409.0,177845.0,0.0,2026-03-22
T630356,2026-03,409115.0,245469.0,0.0,2026-04-14
T630356,2026-04,413997.0,248398.0,0.0,2026-05-11
T630356,2026-05,10709006.0,6785676.0,638588.0,2026-06-23
T630356,2026-06,36782657.0,23307035.0,2407941.0,2026-07-09
T630356,2026-07,9396968.0,5954313.0,618198.0,2026-08-15
T630356,2026-08,9034873.0,5724874.0,612795.0,2026-09-06
T630356,2026-09,23552243.0,14923689.0,1507157.0,2026-10-11
T1148,2024-10,620616.0,372370.0,0.0,2024-11-18
T1148,2024-11,328176.0,196905.0,0.0,2024-12-13
T1148,2024-12,315877.0,189526.0,0.0,2025-01-24
T1148,2025-01,177225.0,106335.0,0.0,2025-02-12
T1148,2025-02,257220.0,154332.0,0.0,2025-03-13
T1148,2025-03,502410.0,301446.0,0.0,2025-04-19
T1148,2025-04,161409.0,96845.0,0.0,2025-05-07
T1148,2025-05,582946.0,349768.0,0.0,2025-06-18
T1148,2025-06,422632.0,253579.0,0.0,2025-07-21
T1148,2025-07,163156.0,97894.0,0.0,2025-08-15
T1148,2025-08,599769.0,359862.0,0.0,2025-09-09
T1148,2025-09,532909.0,319745.0,0.0,2025-10-15
T1148,2025-10,685730.0,411438.0,0.0,2025-11-23
T1148,2025-11,553620.0,332172.0,0.0,2025-12-23
T1148,2025-12,319903.0,191942.0,0.0,2026-01-19
T1148,2026-01,356237.0,213742.0,0.0,2026-02-11
T1148,2026-02,210476.0,126286.0,0.0,2026-03-13
T1148,2026-03,553264.0,331958.0,0.0,2026-04-21
T1148,2026-04,364371.0,218623.0,0.0,2026-05-18
T1148,2026-05,659715.0,395829.0,0.0,2026-06-12
T1148,2026-06,469323.0,281594.0,0.0,2026-07-23
T1148,2026-07,593570.0,356142.0,0.0,2026-08-24
T1148,2026-08,464851.0,278910.0,0.0,2026-09-10
T1148,2026-09,401844.0,241106.0,0.0,2026-10-09
T523664,2024-10,425381.0,255229.0,0.0,2024-11-13
T523664,2024-11,163728.0,98237.0,0.0,2024-12-14
T523664,2024-12,4919100.0,3557097.0,340150.0,2025-01-05
T523664,2025-01,5243692.0,3791816.0,362207.0,2025-02-11
T523664,2025-02,55358793.0,40031016.0,3857870.0,2025-03-09
T523664,2025-03,3705282.0,2679361.0,267442.0,2025-04-16
T523664,2025-04,467016.0,280209.0,0.0,2025-05-16
T523664,2025-05,549572.0,329743.0,0.0,2025-06-06
T523664,2025-06,236314.0,141789.0,0.0,2025-07-14
T523664,2025-07,351323.0,210794.0,0.0,2025-08-22
T523664,2025-08,294616.0,176770.0,0.0,2025-09-17
T523664,2025-09,259949.0,155970.0,0.0,2025-10-16
T523664,2025-10,342706.0,205624.0,0.0,2025-11-09
T523664,2025-11,556059.0,333635.0,0.0,2025-12-10
T523664,2025-12,262117.0,157270.0,0.0,2026-01-22
T523664,2026-01,12602875.0,9113383.0,915023.0,2026-02-21
T523664,2026-02,142928.0,85757.0,0.0,2026-03-24
T523664,2026-03,247501.0,148501.0,0.0,2026-04-08
T523664,2026-04,886947.0,532168.0,0.0,2026-05-13
T523664,2026-05,3451858.0,2496105.0,242836.0,2026-06-09
T523664,2026-06,2432388.0,1758907.0,173924.0,2026-07-08
T523664,2026-07,508766.0,305259.0,0.0,2026-08-24
T523664,2026-08,417770.0,250662.0,0.0,2026-09-19
T523664,2026-09,152697.0,91618.0,0.0,2026-10-10
T198549,2024-10,8391187.0,5040305.0,515465.0,2024-11-06
T198549,2024-11,27035251.0,16239171.0,1432505.0,2024-12-14
T198549,2024-12,86514431.0,51966325.0,5078208.0,2025-01-09
T198549,2025-01,17843950.0,10718264.0,1075319.0,2025-02-12
T198549,2025-02,61857457.0,37155705.0,3322889.0,2025-03-14
T198549,2025-03,5969772.0,3585843.0,324697.0,2025-04-17
T198549,2025-04,256538.0,153923.0,0.0,2025-05-20
T198549,2025-05,67566943.0,40585203.0,3826418.0,2025-06-05
T198549,2025-06,41268139.0,24788391.0,2389474.0,2025-07-10
T198549,2025-07,76811201.0,46137919.0,4463932.0,2025-08-08
T198549,2025-08,34898200.0,20962181.0,1890409.0,2025-09-05
T198549,2025-09,4929290.0,2960860.0,273174.0,2025-10-05
T198549,2025-10,154370933.0,92725456.0,8397335.0,2025-11-13
T198549,2025-11,43930705.0,26387705.0,2465530.0,2025-12-19
T198549,2025-12,56248416.0,33786542.0,3153794.0,2026-01-05
T198549,2026-01,80659449.0,48449433.0,4686034.0,2026-02-13
T198549,2026-02,763276.0,457966.0,0.0,2026-03-05
T198549,2026-03,400820.0,240492.0,0.0,2026-04-14
T198549,2026-04,16968782.0,10192580.0,923011.0,2026-05-19
T198549,2026-05,16737500.0,10053656.0,905226.0,2026-06-09
T198549,2026-06,64532319.0,38762405.0,3597006.0,2026-07-22
T198549,2026-07,26584127.0,15968196.0,1511799.0,2026-08-15
T198549,2026-08,3832180.0,2301862.0,224275.0,2026-09-14
T198549,2026-09,391707.0,235024.0,0.0,2026-10-15
T282155,2024-10,7271359.0,4757291.0,458141.0,2024-11-06
T282155,2024-11,213254.0,127953.0,0.0,2024-12-14
T282155,2024-12,298416.0,179050.0,0.0,2025-01-09
T282155,2025-01,11192411.0,7322641.0,696721.0,2025-02-07
T282155,2025-02,9883444.0,6466249.0,625306.0,2025-03-11
T282155,2025-03,422520.0,253512.0,0.0,2025-04-24
T282155,2025-04,24268802.0,15877878.0,1485510.0,2025-05-07
T282155,2025-05,3081943.0,2016363.0,192972.0,2025-06-09
T282155,2025-06,67008487.0,43840341.0,4132436.0,2025-07-05
T282155,2025-07,57496107.0,37616861.0,3406706.0,2025-08-14
T282155,2025-08,256327.0,153796.0,0.0,2025-09-12
T282155,2025-09,12279050.0,8033576.0,773421.0,2025-10-22
T282155,2025-10,3452706.0,2258935.0,209904.0,2025-11-16
T282155,2025-11,1055826.0,633496.0,0.0,2025-12-11
T282155,2025-12,33361314.0,21826659.0,1954204.0,2026-01-19
T282155,2026-01,1031828.0,619097.0,0.0,2026-02-08
T282155,2026-02,15432014.0,10096404.0,949836.0,2026-03-05
T282155,2026-03,7783395.0,5092290.0,464391.0,2026-04-15
T282155,2026-04,17288915.0,11311283.0,1070335.0,2026-05-05
T282155,2026-05,1089883.0,653930.0,0.0,2026-06-24
T282155,2026-06,21898197.0,14326908.0,1261389.0,2026-07-12
T282155,2026-07,363118.0,217871.0,0.0,2026-08-09
T282155,2026-08,393220.0,235932.0,0.0,2026-09-23
T282155,2026-09,13681547.0,8951160.0,869560.0,2026-10-23
T1029,2024-10,217284.0,130370.0,0.0,2024-11-08
T1029,2024-11,500085.0,300051.0,0.0,2024-12-23
T1029,2024-12,429454.0,257672.0,0.0,2025-01-10
T1029,2025-01,21817539.0,13929850.0,1288227.0,2025-02-10
T1029,2025-02,37080407.0,23674737.0,2211714.0,2025-03-21
T1029,2025-03,94060667.0,60054939.0,5584900.0,2025-04-23
T1029,2025-04,3628922.0,2316959.0,215010.0,2025-05-13
T1029,2025-05,1080747.0,648448.0,0.0,2025-06-18
T1029,2025-06,3841167.0,2452471.0,236398.0,2025-07-14
T1029,2025-07,565093.0,339056.0,0.0,2025-08-09
T1029,2025-08,231467.0,138880.0,0.0,2025-09-08
T1029,2025-09,545451.0,327270.0,0.0,2025-10-11
T1029,2025-10,12354564.0,7888021.0,747145.0,2025-11-21
T1029,2025-11,236975.0,142185.0,0.0,2025-12-20
T1029,2025-12,164723.0,98834.0,0.0,2026-01-09
T1029,2026-01,110645400.0,70643797.0,6984203.0,2026-02-20
T1029,2026-02,263895.0,158337.0,0.0,2026-03-11
T1029,2026-03,409220.0,245532.0,0.0,2026-04-13
T1029,2026-04,110046156.0,70261198.0,6621907.0,2026-05-14
T1029,2026-05,447014.0,268208.0,0.0,2026-06-22
T1029,2026-06,166391.0,99835.0,0.0,2026-07-20
T1029,2026-07,586225.0,351735.0,0.0,2026-08-12
T1029,2026-08,597587.0,358552.0,0.0,2026-09-12
T1029,2026-09,472495.0,283497.0,0.0,2026-10-20
T761342,2024-10,320176.0,192106.0,0.0,2024-11-15
T761342,2024-11,6489110.0,3849800.0,349419.0,2024-12-07
T761342,2024-12,241086.0,144652.0,0.0,2025-01-16
T761342,2025-01,327356.0,196413.0,0.0,2025-02-19
T761342,2025-02,279187.0,167512.0,0.0,2025-03-08
T761342,2025-03,8095970.0,4803103.0,487092.0,2025-04-16
T761342,2025-04,9333032.0,5537015.0,568793.0,2025-05-05
T761342,2025-05,265817.0,159490.0,0.0,2025-06-15
T761342,2025-06,453231.0,271939.0,0.0,2025-07-24
T761342,2025-07,445980.0,267588.0,0.0,2025-08-07
T761342,2025-08,129778.0,77867.0,0.0,2025-09-15
T761342,2025-09,246615.0,147969.0,0.0,2025-10-19
T761342,2025-10,829736.0,497842.0,0.0,2025-11-13
T761342,2025-11,385449.0,231269.0,0.0,2025-12-07
T761342,2025-12,526206.0,315724.0,0.0,2026-01-07
T761342,2026-01,5894673.0,3497138.0,389214.0,2026-02-19
T761342,2026-02,969509.0,581706.0,0.0,2026-03-23
T761342,2026-03,475885.0,285531.0,0.0,2026-04-14
T761342,2026-04,313127.0,187876.0,0.0,2026-05-08
T761342,2026-05,735973.0,441584.0,0.0,2026-06-20
T761342,2026-06,237433.0,142460.0,0.0,2026-07-19
T761342,2026-07,940381.0,564229.0,0.0,2026-08-22
T761342,2026-08,1076305.0,645783.0,0.0,2026-09-16
T761342,2026-09,351599.0,210959.0,0.0,2026-10-19
T465255,2024-10,347537.0,208522.0,0.0,2024-11-22
T465255,2024-11,531168.0,318701.0,0.0,2024-12-11
T465255,2024-12,204949.0,122970.0,0.0,2025-01-10
T465255,2025-01,463528.0,278117.0,0.0,2025-02-22
T465255,2025-02,1185983.0,711590.0,0.0,2025-03-13
T465255,2025-03,338033.0,202820.0,0.0,2025-04-06
T465255,2025-04,1026396.0,615838.0,0.0,2025-05-07
T465255,2025-05,369185.0,221511.0,0.0,2025-06-22
T465255,2025-06,279369.0,167622.0,0.0,2025-07-15
T465255,2025-07,302380.0,181428.0,0.0,2025-08-05
T465255,2025-08,613833.0,368300.0,0.0,2025-09-10
T465255,2025-09,233994.0,140397.0,0.0,2025-10-13
T465255,2025-10,526481.0,315888.0,0.0,2025-11-16
T465255,2025-11,407560.0,244536.0,0.0,2025-12-19
T465255,2025-12,187355.0,112413.0,0.0,2026-01-17
T465255,2026-01,306283.0,183770.0,0.0,2026-02-11
T465255,2026-02,371699.0,223020.0,0.0,2026-03-08
T465255,2026-03,251107.0,150664.0,0.0,2026-04-17
T465255,2026-04,727639.0,436583.0,0.0,2026-05-21
T465255,2026-05,311743.0,187046.0,0.0,2026-06-11
T465255,2026-06,439995.0,263997.0,0.0,2026-07-12
T465255,2026-07,451614.0,270968.0,0.0,2026-08-06
T465255,2026-08,406138.0,243683.0,0.0,2026-09-21
T465255,2026-09,290699.0,174419.0,0.0,2026-10-07
T1183,2024-10,16883223.0,10711905.0,1068737.0,2024-11-08
T1183,2024-11,533908.0,320345.0,0.0,2024-12-23
T1183,2024-12,692048.0,415229.0,0.0,2025-01-06
T1183,2025-01,339480.0,203688.0,0.0,2025-02-09
T1183,2025-02,7323131.0,4646310.0,467845.0,2025-03-19
T1183,2025-03,353013.0,211808.0,0.0,2025-04-19
T1183,2025-04,3904217.0,2477110.0,244717.0,2025-05-17
T1183,2025-05,632810.0,379686.0,0.0,2025-06-08
T1183,2025-06,593705.0,356223.0,0.0,2025-07-22
T1183,2025-07,4717276.0,2992972.0,291839.0,2025-08-14
T1183,2025-08,610693.0,366416.0,0.0,2025-09-19
T1183,2025-09,256768.0,154061.0,0.0,2025-10-09
T1183,2025-10,298461.0,179077.0,0.0,2025-11-17
T1183,2025-11,659542.0,395725.0,0.0,2025-12-20
T1183,2025-12,12839967.0,8146579.0,812098.0,2026-01-12
T1183,2026-01,300464.0,180278.0,0.0,2026-02-05
T1183,2026-02,226444.0,135866.0,0.0,2026-03-23
T1183,2026-03,185796.0,111478.0,0.0,2026-04-10
T1183,2026-04,924441.0,554665.0,0.0,2026-05-21
T1183,2026-05,15342710.0,9734495.0,984168.0,2026-06-15
T1183,2026-06,816707.0,490024.0,0.0,2026-07-23
T1183,2026-07,1037526.0,622515.0,0.0,2026-08-21
T1183,2026-08,1018534.0,611120.0,0.0,2026-09-19
T1183,2026-09,519476.0,311686.0,0.0,2026-10-12
T1142,2024-10,738567.0,443140.0,0.0,2024-11-16
T1142,2024-11,841339.0,504803.0,0.0,2024-12-16
T1142,2024-12,160623.0,96374.0,0.0,2025-01-24
T1142,2025-01,13768125.0,8231373.0,818192.0,2025-02-12
T1142,2025-02,19484370.0,11648872.0,1040168.0,2025-03-24
T1142,2025-03,294502.0,176701.0,0.0,2025-04-08
T1142,2025-04,291224.0,174735.0,0.0,2025-05-22
T1142,2025-05,13253522.0,7923714.0,718107.0,2025-06-23
T1142,2025-06,609587.0,365752.0,0.0,2025-07-16
T1142,2025-07,512569.0,307541.0,0.0,2025-08-05
T1142,2025-08,387977.0,232786.0,0.0,2025-09-18
T1142,2025-09,4411948.0,2637715.0,232217.0,2025-10-21
T1142,2025-10,395327.0,237196.0,0.0,2025-11-18
T1142,2025-11,202818.0,121691.0,0.0,2025-12-23
T1142,2025-12,157944.0,94766.0,0.0,2026-01-05
T1142,2026-01,280744.0,168447.0,0.0,2026-02-07
T1142,2026-02,673433.0,404060.0,0.0,2026-03-18
T1142,2026-03,345228.0,207137.0,0.0,2026-04-20
T1142,2026-04,183945.0,110367.0,0.0,2026-05-21
T1142,2026-05,206124.0,123675.0,0.0,2026-06-18
T1142,2026-06,230847.0,138508.0,0.0,2026-07-19
T1142,2026-07,14644802.0,8755501.0,871206.0,2026-08-20
T1142,2026-08,217303.0,130382.0,0.0,2026-09-17
T1142,2026-09,8064831.0,4821618.0,447286.0,2026-10-16
T1192,2024-10,807893.0,484736.0,0.0,2024-11-08
T1192,2024-11,257391.0,154435.0,0.0,2024-12-06
T1192,2024-12,9180941.0,5752201.0,533657.0,2025-01-18
T1192,2025-01,15763229.0,9876248.0,953912.0,2025-02-20
T1192,2025-02,183966.0,110380.0,0.0,2025-03-24
T1192,2025-03,561978.0,337187.0,0.0,2025-04-18
T1192,2025-04,886111.0,531667.0,0.0,2025-05-12
T1192,2025-05,193490.0,116094.0,0.0,2025-06-18
T1192,2025-06,320817.0,192490.0,0.0,2025-07-16
T1192,2025-07,135939.0,81564.0,0.0,2025-08-05
T1192,2025-08,2487029.0,1558216.0,151363.0,2025-09-24
T1192,2025-09,511901.0,307141.0,0.0,2025-10-19
T1192,2025-10,8406373.0,5266905.0,501861.0,2025-11-11
T1192,2025-11,171527.0,102916.0,0.0,2025-12-05
T1192,2025-12,443951.0,266371.0,0.0,2026-01-24
T1192,2026-01,26334298.0,16499416.0,1651238.0,2026-02-06
T1192,2026-02,228931.0,137359.0,0.0,2026-03-13
T1192,2026-03,9627245.0,6031826.0,534267.0,2026-04-20
T1192,2026-04,38548633.0,24152150.0,2351422.0,2026-05-17
T1192,2026-05,548944.0,329367.0,0.0,2026-06-13
T1192,2026-06,249394.0,149637.0,0.0,2026-07-05
T1192,2026-07,178571.0,107143.0,0.0,2026-08-11
T1192,2026-08,438693.0,263216.0,0.0,2026-09-22
T1192,2026-09,8995682.0,5636129.0,501934.0,2026-10-12
T976862,2024-10,505058.0,303035.0,0.0,2024-11-16
T976862,2024-11,379274.0,227565.0,0.0,2024-12-09
T976862,2024-12,298018.0,178811.0,0.0,2025-01-20
T976862,2025-01,608135.0,364881.0,0.0,2025-02-11
T976862,2025-02,262490.0,157494.0,0.0,2025-03-17
T976862,2025-03,402555.0,241533.0,0.0,2025-04-05
T976862,2025-04,655763.0,393458.0,0.0,2025-05-07
T976862,2025-05,739211.0,443527.0,0.0,2025-06-07
T976862,2025-06,239395.0,143637.0,0.0,2025-07-24
T976862,2025-07,420979.0,252587.0,0.0,2025-08-12
T976862,2025-08,573770.0,344262.0,0.0,2025-09-15
T976862,2025-09,302282.0,181369.0,0.0,2025-10-10
T976862,2025-10,376952.0,226171.0,0.0,2025-11-13
T976862,2025-11,549498.0,329699.0,0.0,2025-12-20
T976862,2025-12,389774.0,233864.0,0.0,2026-01-12
T976862,2026-01,269408.0,161645.0,0.0,2026-02-12
T976862,2026-02,297776.0,178665.0,0.0,2026-03-23
T976862,2026-03,259488.0,155693.0,0.0,2026-04-13
T976862,2026-04,308158.0,184895.0,0.0,2026-05-23
T976862,2026-05,573104.0,343862.0,0.0,2026-06-15
T976862,2026-06,241794.0,145076.0,0.0,2026-07-23
T976862,2026-07,263627.0,158176.0,0.0,2026-08-09
T976862,2026-08,558167.0,334900.0,0.0,2026-09-22
T976862,2026-09,532546.0,319527.0,0.0,2026-10-20
T1033,2024-10,441876.0,265126.0,0.0,2024-11-17
T1033,2024-11,454097.0,272458.0,0.0,2024-12-06
T1033,2024-12,583920.0,350352.0,0.0,2025-01-24
T1033,2025-01,164664.0,98799.0,0.0,2025-02-05
T1033,2025-02,739482.0,443689.0,0.0,2025-03-06
T1033,2025-03,140673.0,84404.0,0.0,2025-04-23
T1033,2025-04,394583.0,236750.0,0.0,2025-05-21
T1033,2025-05,812053.0,487232.0,0.0,2025-06-15
T1033,2025-06,364718.0,218831.0,0.0,2025-07-16
T1033,2025-07,679241.0,407545.0,0.0,2025-08-10
T1033,2025-08,601282.0,360769.0,0.0,2025-09-05
T1033,2025-09,622684.0,373610.0,0.0,2025-10-18
T1033,2025-10,473330.0,283998.0,0.0,2025-11-10
T1033,2025-11,266367.0,159820.0,0.0,2025-12-13
T1033,2025-12,505787.0,303472.0,0.0,2026-01-06
T1033,2026-01,156999.0,94200.0,0.0,2026-02-13
T1033,2026-02,402041.0,241225.0,0.0,2026-03-24
T1033,2026-03,631554.0,378932.0,0.0,2026-04-23
T1033,2026-04,219551.0,131731.0,0.0,2026-05-18
T1033,2026-05,754749.0,452849.0,0.0,2026-06-10
T1033,2026-06,409036.0,245422.0,0.0,2026-07-20
T1033,2026-07,451767.0,271060.0,0.0,2026-08-22
T1033,2026-08,424955.0,254973.0,0.0,2026-09-20
T1033,2026-09,454676.0,272805.0,0.0,2026-10-17
T704384,2024-10,457116.0,274270.0,0.0,2024-11-06
T704384,2024-11,775712.0,465427.0,0.0,2024-12-21
T704384,2024-12,688416.0,413050.0,0.0,2025-01-09
T704384,2025-01,296425.0,177855.0,0.0,2025-02-09
T704384,2025-02,565499.0,339300.0,0.0,2025-03-11
T704384,2025-03,176322.0,105793.0,0.0,2025-04-11
T704384,2025-04,498889.0,299333.0,0.0,2025-05-11
T704384,2025-05,23937209.0,14738269.0,1408444.0,2025-06-12
T704384,2025-06,647532.0,388519.0,0.0,2025-07-15
T704384,2025-07,17574441.0,10820679.0,975862.0,2025-08-16
T704384,2025-08,1581219.0,948731.0,0.0,2025-09-24
T704384,2025-09,199215.0,119529.0,0.0,2025-10-19
T704384,2025-10,4187691.0,2578384.0,238109.0,2025-11-08
T704384,2025-11,482172.0,289303.0,0.0,2025-12-24
T704384,2025-12,1525178.0,915107.0,0.0,2026-01-16
T704384,2026-01,62167189.0,38276675.0,3490498.0,2026-02-23
T704384,2026-02,262104.0,157262.0,0.0,2026-03-22
T704384,2026-03,232781.0,139668.0,0.0,2026-04-17
T704384,2026-04,745067.0,447040.0,0.0,2026-05-21
T704384,2026-05,22188901.0,13661826.0,1223811.0,2026-06-06
T704384,2026-06,332673.0,199604.0,0.0,2026-07-20
T704384,2026-07,20926986.0,12884859.0,1180427.0,2026-08-05
T704384,2026-08,664844.0,398907.0,0.0,2026-09-13
T704384,2026-09,192756.0,115654.0,0.0,2026-10-09
T1114,2024-10,380105.0,228063.0,0.0,2024-11-05
T1114,2024-11,315701.0,189421.0,0.0,2024-12-09
T1114,2024-12,233597.0,140158.0,0.0,2025-01-15
T1114,2025-01,498665.0,299199.0,0.0,2025-02-08
T1114,2025-02,7974618.0,5728575.0,551940.0,2025-03-21
T1114,2025-03,6035452.0,4335573.0,413416.0,2025-04-20
T1114,2025-04,788952.0,473371.0,0.0,2025-05-20
T1114,2025-05,343262.0,205957.0,0.0,2025-06-12
T1114,2025-06,201049.0,120629.0,0.0,2025-07-19
T1114,2025-07,869652.0,521791.0,0.0,2025-08-05
T1114,2025-08,988208.0,592925.0,0.0,2025-09-21
T1114,2025-09,527125.0,316275.0,0.0,2025-10-13
T1114,2025-10,384286.0,230572.0,0.0,2025-11-08
T1114,2025-11,549939.0,329963.0,0.0,2025-12-15
T1114,2025-12,560760.0,336456.0,0.0,2026-01-14
T1114,2026-01,503479.0,302087.0,0.0,2026-02-06
T1114,2026-02,352673.0,211604.0,0.0,2026-03-24
T1114,2026-03,463291.0,277975.0,0.0,2026-04-18
T1114,2026-04,204995.0,122997.0,0.0,2026-05-10
T1114,2026-05,627888.0,376733.0,0.0,2026-06-18
T1114,2026-06,378108.0,226865.0,0.0,2026-07-09
T1114,2026-07,402094.0,241256.0,0.0,2026-08-19
T1114,2026-08,580471.0,348283.0,0.0,2026-09-06
T1114,2026-09,217507.0,130504.0,0.0,2026-10-13
T1141,2024-10,416241.0,249744.0,0.0,2024-11-19
T1141,2024-11,264625.0,158775.0,0.0,2024-12-12
T1141,2024-12,892947.0,535768.0,0.0,2025-01-21
T1141,2025-01,51218616.0,29224564.0,3037077.0,2025-02-22
T1141,2025-02,229813.0,137888.0,0.0,2025-03-16
T1141,2025-03,384311.0,230587.0,0.0,2025-04-19
T1141,2025-04,186410.0,111846.0,0.0,2025-05-15
T1141,2025-05,28435474.0,16224850.0,1533781.0,2025-06-22
T1141,2025-06,204410.0,122646.0,0.0,2025-07-23
T1141,2025-07,195630.0,117378.0,0.0,2025-08-10
T1141,2025-08,398232.0,238939.0,0.0,2025-09-18
T1141,2025-09,17767617.0,10137932.0,985566.0,2025-10-05
T1141,2025-10,288814.0,173288.0,0.0,2025-11-21
T1141,2025-11,529353.0,317612.0,0.0,2025-12-17
T1141,2025-12,183449.0,110070.0,0.0,2026-01-05
T1141,2026-01,268193.0,160916.0,0.0,2026-02-21
T1141,2026-02,281443.0,168866.0,0.0,2026-03-16
T1141,2026-03,245775.0,147465.0,0.0,2026-04-12
T1141,2026-04,12300290.0,7018359.0,627834.0,2026-05-15
T1141,2026-05,447521.0,268513.0,0.0,2026-06-05
T1141,2026-06,51824827.0,29570459.0,2649351.0,2026-07-08
T1141,2026-07,326211.0,195727.0,0.0,2026-08-06
T1141,2026-08,502323.0,301394.0,0.0,2026-09-11
T1141,2026-09,755487.0,453292.0,0.0,2026-10-24
T776643,2024-10,658705.0,395223.0,0.0,2024-11-07
T776643,2024-11,466623.0,279974.0,0.0,2024-12-07
T776643,2024-12,323628.0,194177.0,0.0,2025-01-21
T776643,2025-01,423413.0,254048.0,0.0,2025-02-19
T776643,2025-02,511318.0,306791.0,0.0,2025-03-09
T776643,2025-03,706730.0,424038.0,0.0,2025-04-18
T776643,2025-04,497342.0,298405.0,0.0,2025-05-09
T776643,2025-05,470914.0,282549.0,0.0,2025-06-20
T776643,2025-06,379781.0,227869.0,0.0,2025-07-17
T776643,2025-07,443651.0,266191.0,0.0,2025-08-08
T776643,2025-08,558801.0,335280.0,0.0,2025-09-17
T776643,2025-09,615811.0,369487.0,0.0,2025-10-19
T776643,2025-10,328365.0,197019.0,0.0,2025-11-07
T776643,2025-11,3791080.0,2343611.0,229115.0,2025-12-09
T776643,2025-12,5131762.0,3172408.0,297679.0,2026-01-18
T776643,2026-01,309648.0,185789.0,0.0,2026-02-15
T776643,2026-02,306697.0,184018.0,0.0,2026-03-22
T776643,2026-03,417305.0,250383.0,0.0,2026-04-05
T776643,2026-04,4079710.0,2522039.0,275469.0,2026-05-15
T776643,2026-05,226104.0,135662.0,0.0,2026-06-17
T776643,2026-06,1680438.0,1038831.0,98864.0,2026-07-11
T776643,2026-07,267464.0,160478.0,0.0,2026-08-17
T776643,2026-08,414365.0,248619.0,0.0,2026-09-14
T776643,2026-09,627657.0,376594.0,0.0,2026-10-09
T1007,2024-10,428234.0,256940.0,0.0,2024-11-08
T1007,2024-11,190168.0,114101.0,0.0,2024-12-16
T1007,2024-12,485281.0,291168.0,0.0,2025-01-08
T1007,2025-01,590299.0,354179.0,0.0,2025-02-23
T1007,2025-02,345244.0,207146.0,0.0,2025-03-23
T1007,2025-03,282066.0,169240.0,0.0,2025-04-22
T1007,2025-04,3932289.0,2476947.0,262269.0,2025-05-11
T1007,2025-05,879955.0,527973.0,0.0,2025-06-10
T1007,2025-06,8790174.0,5536928.0,565003.0,2025-07-15
T1007,2025-07,2198859.0,1385061.0,148465.0,2025-08-15
T1007,2025-08,189298.0,113579.0,0.0,2025-09-18
T1007,2025-09,351643.0,210986.0,0.0,2025-10-16
T1007,2025-10,405920.0,243552.0,0.0,2025-11-10
T1007,2025-11,473900.0,284340.0,0.0,2025-12-08
T1007,2025-12,467581.0,280549.0,0.0,2026-01-22
T1007,2026-01,9400677.0,5921483.0,546234.0,2026-02-22
T1007,2026-02,9319490.0,5870344.0,638285.0,2026-03-22
T1007,2026-03,459174.0,275504.0,0.0,2026-04-22
T1007,2026-04,349893.0,209936.0,0.0,2026-05-05
T1007,2026-05,174703.0,104822.0,0.0,2026-06-22
T1007,2026-06,641263.0,384758.0,0.0,2026-07-09
T1007,2026-07,5960198.0,3754327.0,404498.0,2026-08-07
T1007,2026-08,14490438.0,9127523.0,833653.0,2026-09-19
T1007,2026-09,393343.0,236006.0,0.0,2026-10-20
T1052,2024-10,399535.0,239721.0,0.0,2024-11-07
T1052,2024-11,245011.0,147006.0,0.0,2024-12-21
T1052,2024-12,521737.0,313042.0,0.0,2025-01-16
T1052,2025-01,345606.0,207364.0,0.0,2025-02-10
T1052,2025-02,483663.0,290198.0,0.0,2025-03-21
T1052,2025-03,369424.0,221654.0,0.0,2025-04-08
T1052,2025-04,444534.0,266721.0,0.0,2025-05-19
T1052,2025-05,356870.0,214122.0,0.0,2025-06-19
T1052,2025-06,241862.0,145117.0,0.0,2025-07-08
T1052,2025-07,304315.0,182589.0,0.0,2025-08-10
T1052,2025-08,415728.0,249437.0,0.0,2025-09-20
T1052,2025-09,554116.0,332469.0,0.0,2025-10-13
T1052,2025-10,817291.0,490375.0,0.0,2025-11-19
T1052,2025-11,163707.0,98224.0,0.0,2025-12-20
T1052,2025-12,613797.0,368278.0,0.0,2026-01-19
T1052,2026-01,1367010.0,820206.0,0.0,2026-02-16
T1052,2026-02,761213.0,456728.0,0.0,2026-03-11
T1052,2026-03,359657.0,215794.0,0.0,2026-04-23
T1052,2026-04,170160.0,102096.0,0.0,2026-05-08
T1052,2026-05,309624.0,185775.0,0.0,2026-06-07
T1052,2026-06,544823.0,326894.0,0.0,2026-07-08
T1052,2026-07,282865.0,169719.0,0.0,2026-08-17
T1052,2026-08,438728.0,263237.0,0.0,2026-09-16
T1052,2026-09,449612.0,269767.0,0.0,2026-10-08
T1121,2024-10,406870.0,244122.0,0.0,2024-11-09
T1121,2024-11,365618.0,219371.0,0.0,2024-12-16
T1121,2024-12,246089.0,147653.0,0.0,2025-01-16
T1121,2025-01,252210.0,151326.0,0.0,2025-02-16
T1121,2025-02,190548.0,114329.0,0.0,2025-03-16
T1121,2025-03,347787.0,208672.0,0.0,2025-04-09
T1121,2025-04,418395.0,251037.0,0.0,2025-05-13
T1121,2025-05,645567.0,387340.0,0.0,2025-06-22
T1121,2025-06,766107.0,459664.0,0.0,2025-07-05
T1121,2025-07,692585.0,415551.0,0.0,2025-08-19
T1121,2025-08,1141929.0,685157.0,0.0,2025-09-08
T1121,2025-09,688061.0,412837.0,0.0,2025-10-07
T1121,2025-10,487690.0,292614.0,0.0,2025-11-17
T1121,2025-11,225247.0,135148.0,0.0,2025-12-21
T1121,2025-12,561249.0,336749.0,0.0,2026-01-12
T1121,2026-01,317108.0,190265.0,0.0,2026-02-11
T1121,2026-02,731024.0,438614.0,0.0,2026-03-21
T1121,2026-03,532032.0,319219.0,0.0,2026-04-08
T1121,2026-04,191943.0,115166.0,0.0,2026-05-22
T1121,2026-05,401239.0,240743.0,0.0,2026-06-22
T1121,2026-06,602472.0,361483.0,0.0,2026-07-07
T1121,2026-07,210619.0,126371.0,0.0,2026-08-11
T1121,2026-08,465959.0,279575.0,0.0,2026-09-06
T1121,2026-09,846627.0,507976.0,0.0,2026-10-22
T186791,2024-10,315901.0,189540.0,0.0,2024-11-17
T186791,2024-11,219758.0,131855.0,0.0,2024-12-10
T186791,2024-12,1994552.0,1259481.0,116750.0,2025-01-24
T186791,2025-01,1180140.0,708084.0,0.0,2025-02-16
T186791,2025-02,278256.0,166954.0,0.0,2025-03-11
T186791,2025-03,5547523.0,3503042.0,328283.0,2025-04-10
T186791,2025-04,467744.0,280646.0,0.0,2025-05-24
T186791,2025-05,511495.0,306897.0,0.0,2025-06-07
T186791,2025-06,559339.0,335604.0,0.0,2025-07-22
T186791,2025-07,454031.0,272419.0,0.0,2025-08-16
T186791,2025-08,195301.0,117181.0,0.0,2025-09-07
T186791,2025-09,1983716.0,1252638.0,117998.0,2025-10-24
T186791,2025-10,859790.0,515874.0,0.0,2025-11-07
T186791,2025-11,345013.0,207008.0,0.0,2025-12-08
T186791,2025-12,221283.0,132770.0,0.0,2026-01-07
T186791,2026-01,410394.0,246237.0,0.0,2026-02-24
T186791,2026-02,3268364.0,2063843.0,192672.0,2026-03-20
T186791,2026-03,2379834.0,1502771.0,144339.0,2026-04-07
T186791,2026-04,235255.0,141153.0,0.0,2026-05-19
T186791,2026-05,195639.0,117384.0,0.0,2026-06-19
T186791,2026-06,421417.0,252850.0,0.0,2026-07-14
T186791,2026-07,8640147.0,5455912.0,513248.0,2026-08-20
T186791,2026-08,546342.0,327805.0,0.0,2026-09-09
T186791,2026-09,263749.0,158249.0,0.0,2026-10-08
T1107,2024-10,253009.0,151806.0,0.0,2024-11-21
T1107,2024-11,17440672.0,11399710.0,1153070.0,2024-12-07
T1107,2024-12,288789.0,173273.0,0.0,2025-01-20
T1107,2025-01,423494.0,254096.0,0.0,2025-02-07
T1107,2025-02,372892.0,223735.0,0.0,2025-03-16
T1107,2025-03,415551.0,249330.0,0.0,2025-04-05
T1107,2025-04,490906.0,294544.0,0.0,2025-05-20
T1107,2025-05,6895186.0,4506886.0,454289.0,2025-06-07
T1107,2025-06,152429.0,91457.0,0.0,2025-07-17
T1107,2025-07,489113.0,293468.0,0.0,2025-08-10
T1107,2025-08,213498.0,128099.0,0.0,2025-09-12
T1107,2025-09,570039.0,342023.0,0.0,2025-10-18
T1107,2025-10,177945.0,106767.0,0.0,2025-11-17
T1107,2025-11,574987.0,344992.0,0.0,2025-12-06
T1107,2025-12,377827.0,226696.0,0.0,2026-01-13
T1107,2026-01,288318.0,172991.0,0.0,2026-02-22
T1107,2026-02,344533.0,206720.0,0.0,2026-03-13
T1107,2026-03,39049733.0,25523995.0,2243088.0,2026-04-13
T1107,2026-04,577509.0,346506.0,0.0,2026-05-20
T1107,2026-05,427108.0,256265.0,0.0,2026-06-13
T1107,2026-06,330092.0,198055.0,0.0,2026-07-09
T1107,2026-07,18883925.0,12343060.0,1268444.0,2026-08-21
T1107,2026-08,333264.0,199958.0,0.0,2026-09-18
T1107,2026-09,325081.0,195049.0,0.0,2026-10-06
T1084,2024-10,528993.0,317396.0,0.0,2024-11-15
T1084,2024-11,717607.0,430564.0,0.0,2024-12-19
T1084,2024-12,448850.0,269310.0,0.0,2025-01-05
T1084,2025-01,560894.0,336536.0,0.0,2025-02-10
T1084,2025-02,356211.0,213727.0,0.0,2025-03-20
T1084,2025-03,4611960.0,2860016.0,290362.0,2025-04-23
T1084,2025-04,349163.0,209498.0,0.0,2025-05-07
T1084,2025-05,326531.0,195919.0,0.0,2025-06-14
T1084,2025-06,234125.0,140475.0,0.0,2025-07-17
T1084,2025-07,656465.0,393879.0,0.0,2025-08-18
T1084,2025-08,313212.0,187927.0,0.0,2025-09-18
T1084,2025-09,576314.0,345789.0,0.0,2025-10-20
T1084,2025-10,92473728.0,57345758.0,5099920.0,2025-11-08
T1084,2025-11,687911.0,412747.0,0.0,2025-12-11
T1084,2025-12,262260.0,157356.0,0.0,2026-01-11
T1084,2026-01,378984.0,227390.0,0.0,2026-02-18
T1084,2026-02,272408.0,163445.0,0.0,2026-03-12
T1084,2026-03,204132.0,122479.0,0.0,2026-04-18
T1084,2026-04,794404.0,476643.0,0.0,2026-05-24
T1084,2026-05,427305.0,256383.0,0.0,2026-06-13
T1084,2026-06,197598.0,118559.0,0.0,2026-07-16
T1084,2026-07,402785.0,241671.0,0.0,2026-08-11
T1084,2026-08,376591.0,225955.0,0.0,2026-09-11
T1084,2026-09,321633.0,192980.0,0.0,2026-10-20
T194363,2024-10,462258.0,277355.0,0.0,2024-11-06
T194363,2024-11,629487.0,377692.0,0.0,2024-12-10
T194363,2024-12,493321.0,295992.0,0.0,2025-01-20
T194363,2025-01,601127.0,360676.0,0.0,2025-02-10
T194363,2025-02,812093.0,487256.0,0.0,2025-03-17
T194363,2025-03,287745.0,172647.0,0.0,2025-04-19
T194363,2025-04,907160.0,544296.0,0.0,2025-05-14
T194363,2025-05,234725.0,140835.0,0.0,2025-06-12
T194363,2025-06,197694.0,118616.0,0.0,2025-07-11
T194363,2025-07,340765.0,204459.0,0.0,2025-08-07
T194363,2025-08,926643.0,555986.0,0.0,2025-09-12
T194363,2025-09,269444.0,161666.0,0.0,2025-10-24
T194363,2025-10,300409.0,180245.0,0.0,2025-11-18
T194363,2025-11,285479.0,171288.0,0.0,2025-12-21
T194363,2025-12,315675.0,189405.0,0.0,2026-01-05
T194363,2026-01,483701.0,290220.0,0.0,2026-02-11
T194363,2026-02,201715.0,121029.0,0.0,2026-03-12
T194363,2026-03,428997.0,257398.0,0.0,2026-04-05
T194363,2026-04,387113.0,232268.0,0.0,2026-05-22
T194363,2026-05,116386.0,69832.0,0.0,2026-06-08
T194363,2026-06,490592.0,294355.0,0.0,2026-07-18
T194363,2026-07,431103.0,258662.0,0.0,2026-08-17
T194363,2026-08,954699.0,572820.0,0.0,2026-09-08
T194363,2026-09,511203.0,306722.0,0.0,2026-10-18
T688690,2024-10,0.0,179593.0,0.0,2024-11-22
T688690,2024-11,4442330.0,6830383.0,708742.0,2024-12-13
T688690,2024-12,0.0,204434.0,0.0,2025-01-15
T688690,2025-01,2066745.0,3515604.0,354179.0,2025-02-06
T688690,2025-02,0.0,428925.0,0.0,2025-03-11
T688690,2025-03,0.0,298766.0,0.0,2025-04-19
T688690,2025-04,2711761.0,4125767.0,371337.0,2025-05-10
T688690,2025-05,0.0,528537.0,0.0,2025-06-13
T688690,2025-06,0.0,409633.0,0.0,2025-07-12
T688690,2025-07,4623285.0,8098557.0,825189.0,2025-08-10
T688690,2025-08,0.0,115581.0,0.0,2025-09-14
T688690,2025-09,0.0,245524.0,0.0,2025-10-18
T688690,2025-10,0.0,416507.0,0.0,2025-11-06
T688690,2025-11,0.0,189447.0,0.0,2025-12-16
T688690,2025-12,0.0,195444.0,0.0,2026-01-24
T688690,2026-01,3310949.0,4118791.0,415774.0,2026-02-05
T688690,2026-02,0.0,258616.0,0.0,2026-03-17
T688690,2026-03,0.0,271630.0,0.0,2026-04-13
T688690,2026-04,1508535.0,2143636.0,225467.0,2026-05-23
T688690,2026-05,0.0,385266.0,0.0,2026-06-11
T688690,2026-06,1698025.0,2764432.0,291418.0,2026-07-19
T688690,2026-07,4548950.0,5425132.0,540502.0,2026-08-08
T688690,2026-08,1886538.0,3191925.0,309984.0,2026-09-18
T688690,2026-09,0.0,143608.0,0.0,2026-10-09
T1112,2024-10,4786676.0,2883414.0,282892.0,2024-11-05
T1112,2024-11,320976.0,192585.0,0.0,2024-12-20
T1112,2024-12,4351897.0,2621510.0,232942.0,2025-01-17
T1112,2025-01,323593.0,194156.0,0.0,2025-02-07
T1112,2025-02,611333.0,366800.0,0.0,2025-03-12
T1112,2025-03,7982257.0,4808379.0,479271.0,2025-04-06
T1112,2025-04,1506136.0,907271.0,89664.0,2025-05-17
T1112,2025-05,1695909.0,1021587.0,98514.0,2025-06-08
T1112,2025-06,227457.0,136474.0,0.0,2025-07-09
T1112,2025-07,661048.0,396629.0,0.0,2025-08-21
T1112,2025-08,934842.0,560905.0,0.0,2025-09-07
T1112,2025-09,517922.0,310753.0,0.0,2025-10-14
T1112,2025-10,3748041.0,2257757.0,198719.0,2025-11-14
T1112,2025-11,233082.0,139849.0,0.0,2025-12-17
T1112,2025-12,466288.0,279773.0,0.0,2026-01-08
T1112,2026-01,862790.0,517674.0,0.0,2026-02-19
T1112,2026-02,1513805.0,908283.0,0.0,2026-03-08
T1112,2026-03,6485992.0,3907053.0,395601.0,2026-04-10
T1112,2026-04,4778795.0,2878667.0,269762.0,2026-05-05
T1112,2026-05,13188246.0,7944380.0,823808.0,2026-06-16
T1112,2026-06,579895.0,347937.0,0.0,2026-07-07
T1112,2026-07,568325.0,340995.0,0.0,2026-08-21
T1112,2026-08,7848795.0,4727983.0,500005.0,2026-09-13
T1112,2026-09,12500260.0,7529948.0,767813.0,2026-10-18
T1172,2024-10,749319.0,449591.0,0.0,2024-11-23
T1172,2024-11,20531026.0,12114330.0,1208643.0,2024-12-05
T1172,2024-12,543802.0,326281.0,0.0,2025-01-21
T1172,2025-01,594558.0,356735.0,0.0,2025-02-21
T1172,2025-02,350921.0,210553.0,0.0,2025-03-22
T1172,2025-03,204694.0,122816.0,0.0,2025-04-17
T1172,2025-04,208494.0,125096.0,0.0,2025-05-11
T1172,2025-05,313125.0,187875.0,0.0,2025-06-14
T1172,2025-06,4878113.0,2878330.0,281013.0,2025-07-18
T1172,2025-07,251254.0,150752.0,0.0,2025-08-14
T1172,2025-08,553187.0,331912.0,0.0,2025-09-14
T1172,2025-09,265844.0,159506.0,0.0,2025-10-05
T1172,2025-10,702652.0,421591.0,0.0,2025-11-17
T1172,2025-11,1030260.0,618156.0,0.0,2025-12-13
T1172,2025-12,488980.0,293388.0,0.0,2026-01-06
T1172,2026-01,37561552.0,22163190.0,2141537.0,2026-02-10
T1172,2026-02,487153.0,292292.0,0.0,2026-03-06
T1172,2026-03,1121044.0,672626.0,0.0,2026-04-15
T1172,2026-04,272654.0,163592.0,0.0,2026-05-16
T1172,2026-05,573215.0,343929.0,0.0,2026-06-06
T1172,2026-06,138778.0,83267.0,0.0,2026-07-23
T1172,2026-07,423539.0,254123.0,0.0,2026-08-17
T1172,2026-08,254735.0,152841.0,0.0,2026-09-16
T1172,2026-09,276638.0,165983.0,0.0,2026-10-21
T491337,2024-10,842180.0,505308.0,0.0,2024-11-20
T491337,2024-11,616659.0,369995.0,0.0,2024-12-16
T491337,2024-12,785968.0,471581.0,0.0,2025-01-15
T491337,2025-01,253547.0,152128.0,0.0,2025-02-09
T491337,2025-02,509874.0,305924.0,0.0,2025-03-19
T491337,2025-03,518095.0,310857.0,0.0,2025-04-07
T491337,2025-04,315778.0,189467.0,0.0,2025-05-22
T491337,2025-05,317738.0,190643.0,0.0,2025-06-18
T491337,2025-06,751348.0,450809.0,0.0,2025-07-07
T491337,2025-07,426464.0,255879.0,0.0,2025-08-20
T491337,2025-08,396649.0,237990.0,0.0,2025-09-06
T491337,2025-09,341945.0,205167.0,0.0,2025-10-15
T491337,2025-10,483055.0,289833.0,0.0,2025-11-16
T491337,2025-11,538814.0,323288.0,0.0,2025-12-11
T491337,2025-12,610703.0,366422.0,0.0,2026-01-20
T491337,2026-01,496909.0,298145.0,0.0,2026-02-20
T491337,2026-02,617967.0,370780.0,0.0,2026-03-24
T491337,2026-03,272661.0,163597.0,0.0,2026-04-22
T491337,2026-04,386424.0,231854.0,0.0,2026-05-16
T491337,2026-05,582002.0,349201.0,0.0,2026-06-19
T491337,2026-06,428519.0,257111.0,0.0,2026-07-14
T491337,2026-07,218678.0,131207.0,0.0,2026-08-17
T491337,2026-08,287004.0,172203.0,0.0,2026-09-20
T491337,2026-09,966736.0,580042.0,0.0,2026-10-15
T713688,2024-10,0.0,212125.0,0.0,2024-11-18
T713688,2024-11,0.0,377022.0,0.0,2024-12-16
T713688,2024-12,1258262.0,2012546.0,221412.0,2025-01-19
T713688,2025-01,0.0,307615.0,0.0,2025-02-21
T713688,2025-02,0.0,226201.0,0.0,2025-03-10
T713688,2025-03,0.0,223446.0,0.0,2025-04-09
T713688,2025-04,6056497.0,7646055.0,820079.0,2025-05-07
T713688,2025-05,0.0,174732.0,0.0,2025-06-11
T713688,2025-06,0.0,188365.0,0.0,2025-07-09
T713688,2025-07,4385150.0,7738982.0,817136.0,2025-08-08
T713688,2025-08,0.0,430602.0,0.0,2025-09-20
T713688,2025-09,3972801.0,5656281.0,554559.0,2025-10-05
T713688,2025-10,8915214.0,12038004.0,1292690.0,2025-11-19
T713688,2025-11,1020739.0,1425272.0,140385.0,2025-12-13
T713688,2025-12,0.0,397122.0,0.0,2026-01-18
T713688,2026-01,0.0,626885.0,0.0,2026-02-18
T713688,2026-02,0.0,213320.0,0.0,2026-03-11
T713688,2026-03,0.0,163450.0,0.0,2026-04-18
T713688,2026-04,2186286.0,2577387.0,260079.0,2026-05-16
T713688,2026-05,0.0,1086605.0,0.0,2026-06-19
T713688,2026-06,0.0,267839.0,0.0,2026-07-11
T713688,2026-07,0.0,79665.0,0.0,2026-08-13
T713688,2026-08,0.0,321087.0,0.0,2026-09-23
T713688,2026-09,819484.0,1511840.0,139462.0,2026-10-17
T759823,2024-10,105796014.0,65237200.0,6034228.0,2024-11-21
T759823,2024-11,198815.0,119289.0,0.0,2024-12-13
T759823,2024-12,394080.0,236448.0,0.0,2025-01-17
T759823,2025-01,150469.0,90281.0,0.0,2025-02-14
T759823,2025-02,1003404.0,602042.0,0.0,2025-03-13
T759823,2025-03,23068344.0,14224678.0,1380860.0,2025-04-19
T759823,2025-04,141655088.0,87349050.0,8188963.0,2025-05-21
T759823,2025-05,270282.0,162169.0,0.0,2025-06-15
T759823,2025-06,271568.0,162941.0,0.0,2025-07-18
T759823,2025-07,570855.0,342513.0,0.0,2025-08-15
T759823,2025-08,33090243.0,20404500.0,2076535.0,2025-09-22
T759823,2025-09,11561284.0,7129057.0,645395.0,2025-10-23
T759823,2025-10,942796.0,565677.0,0.0,2025-11-16
T759823,2025-11,351349.0,210810.0,0.0,2025-12-06
T759823,2025-12,294453.0,176672.0,0.0,2026-01-20
T759823,2026-01,7397235.0,4561371.0,456827.0,2026-02-09
T759823,2026-02,37301369.0,23001215.0,2083793.0,2026-03-22
T759823,2026-03,139979.0,83988.0,0.0,2026-04-16
T759823,2026-04,1321959.0,793175.0,0.0,2026-05-24
T759823,2026-05,208414.0,125048.0,0.0,2026-06-09
T759823,2026-06,577080.0,346248.0,0.0,2026-07-14
T759823,2026-07,644157.0,386494.0,0.0,2026-08-17
T759823,2026-08,964677.0,578806.0,0.0,2026-09-15
T759823,2026-09,44998411.0,27747457.0,2726257.0,2026-10-18
T1022,2024-10,274731.0,164839.0,0.0,2024-11-15
T1022,2024-11,245111.0,147067.0,0.0,2024-12-12
T1022,2024-12,468844.0,281306.0,0.0,2025-01-10
T1022,2025-01,475243.0,285146.0,0.0,2025-02-10
T1022,2025-02,629304.0,377582.0,0.0,2025-03-24
T1022,2025-03,740756.0,444454.0,0.0,2025-04-06
T1022,2025-04,291138.0,174683.0,0.0,2025-05-09
T1022,2025-05,252767.0,151660.0,0.0,2025-06-07
T1022,2025-06,689851.0,413911.0,0.0,2025-07-24
T1022,2025-07,722541.0,433525.0,0.0,2025-08-14
T1022,2025-08,302100.0,181260.0,0.0,2025-09-24
T1022,2025-09,284194.0,170516.0,0.0,2025-10-07
T1022,2025-10,546691.0,328015.0,0.0,2025-11-14
T1022,2025-11,970351.0,582210.0,0.0,2025-12-07
T1022,2025-12,285556.0,171334.0,0.0,2026-01-24
T1022,2026-01,706093.0,423656.0,0.0,2026-02-05
T1022,2026-02,493511.0,296107.0,0.0,2026-03-12
T1022,2026-03,346647.0,207988.0,0.0,2026-04-21
T1022,2026-04,411578.0,246947.0,0.0,2026-05-21
T1022,2026-05,208095.0,124857.0,0.0,2026-06-22
T1022,2026-06,732711.0,439627.0,0.0,2026-07-09
T1022,2026-07,498009.0,298805.0,0.0,2026-08-12
T1022,2026-08,421635.0,252981.0,0.0,2026-09-19
T1022,2026-09,372500.0,223500.0,0.0,2026-10-16
T1030,2024-10,311269.0,186761.0,0.0,2024-11-15
T1030,2024-11,108204.0,64922.0,0.0,2024-12-11
T1030,2024-12,460292.0,276175.0,0.0,2025-01-19
T1030,2025-01,436454.0,261873.0,0.0,2025-02-14
T1030,2025-02,416251.0,249750.0,0.0,2025-03-05
T1030,2025-03,267596.0,160558.0,0.0,2025-04-10
T1030,2025-04,807443.0,484466.0,0.0,2025-05-14
T1030,2025-05,133823.0,80294.0,0.0,2025-06-19
T1030,2025-06,411870.0,247122.0,0.0,2025-07-24
T1030,2025-07,1992726.0,1195635.0,0.0,2025-08-14
T1030,2025-08,632135.0,379281.0,0.0,2025-09-15
T1030,2025-09,152664.0,91598.0,0.0,2025-10-13
T1030,2025-10,363061.0,217837.0,0.0,2025-11-19
T1030,2025-11,745710.0,447426.0,0.0,2025-12-11
T1030,2025-12,417082.0,250249.0,0.0,2026-01-22
T1030,2026-01,366412.0,219847.0,0.0,2026-02-11
T1030,2026-02,660272.0,396163.0,0.0,2026-03-10
T1030,2026-03,816788.0,490073.0,0.0,2026-04-22
T1030,2026-04,384605.0,230763.0,0.0,2026-05-09
T1030,2026-05,415847.0,249508.0,0.0,2026-06-11
T1030,2026-06,237971.0,142782.0,0.0,2026-07-14
T1030,2026-07,567467.0,340480.0,0.0,2026-08-22
T1030,2026-08,604709.0,362825.0,0.0,2026-09-13
T1030,2026-09,529686.0,317811.0,0.0,2026-10-14
T249676,2024-10,268480.0,161088.0,0.0,2024-11-22
T249676,2024-11,400135.0,240081.0,0.0,2024-12-17
T249676,2024-12,425226.0,255136.0,0.0,2025-01-09
T249676,2025-01,167497.0,100498.0,0.0,2025-02-07
T249676,2025-02,499890.0,299934.0,0.0,2025-03-09
T249676,2025-03,298015.0,178809.0,0.0,2025-04-10
T249676,2025-04,736868.0,442121.0,0.0,2025-05-06
T249676,2025-05,435103.0,261062.0,0.0,2025-06-20
T249676,2025-06,329250.0,197550.0,0.0,2025-07-09
T249676,2025-07,334368.0,200621.0,0.0,2025-08-13
T249676,2025-08,558932.0,335359.0,0.0,2025-09-10
T249676,2025-09,590203.0,354122.0,0.0,2025-10-24
T249676,2025-10,13283388.0,8538115.0,832796.0,2025-11-20
T249676,2025-11,322752.0,193651.0,0.0,2025-12-12
T249676,2025-12,331208.0,198725.0,0.0,2026-01-15
T249676,2026-01,699956.0,419974.0,0.0,2026-02-11
T249676,2026-02,289376.0,173625.0,0.0,2026-03-09
T249676,2026-03,25870410.0,16628629.0,1876312.0,2026-04-13
T249676,2026-04,499600.0,299760.0,0.0,2026-05-20
T249676,2026-05,511897.0,307138.0,0.0,2026-06-07
T249676,2026-06,265320.0,159192.0,0.0,2026-07-17
T249676,2026-07,506050.0,303630.0,0.0,2026-08-22
T249676,2026-08,669694.0,401816.0,0.0,2026-09-07
T249676,2026-09,460651.0,276391.0,0.0,2026-10-10
T295457,2024-10,13717763.0,8601871.0,881871.0,2024-11-22
T295457,2024-11,1951966.0,1224001.0,138992.0,2024-12-13
T295457,2024-12,1629412.0,977647.0,0.0,2025-01-17
T295457,2025-01,299353.0,179612.0,0.0,2025-02-17
T295457,2025-02,521155.0,312693.0,0.0,2025-03-12
T295457,2025-03,6836626.0,4286979.0,480722.0,2025-04-12
T295457,2025-04,1457887.0,914184.0,101225.0,2025-05-11
T295457,2025-05,15799116.0,9907005.0,957958.0,2025-06-05
T295457,2025-06,97504916.0,61141504.0,5964628.0,2025-07-18
T295457,2025-07,15759215.0,9881985.0,1086885.0,2025-08-10
T295457,2025-08,14422854.0,9044005.0,1011719.0,2025-09-10
T295457,2025-09,26651235.0,16711943.0,1625206.0,2025-10-06
T295457,2025-10,49978525.0,31339570.0,3276818.0,2025-11-17
T295457,2025-11,17714964.0,11108358.0,1180479.0,2025-12-19
T295457,2025-12,4190853.0,2627920.0,302436.0,2026-01-22
T295457,2026-01,20345426.0,12757818.0,1418219.0,2026-02-19
T295457,2026-02,173241.0,103944.0,0.0,2026-03-15
T295457,2026-03,636289.0,381773.0,0.0,2026-04-10
T295457,2026-04,24500825.0,15363505.0,1628801.0,2026-05-09
T295457,2026-05,483154.0,289892.0,0.0,2026-06-12
T295457,2026-06,12063184.0,7564349.0,863476.0,2026-07-22
T295457,2026-07,20476743.0,12840161.0,1309713.0,2026-08-21
T295457,2026-08,25524206.0,16005227.0,1631427.0,2026-09-23
T295457,2026-09,2684208.0,1683161.0,184600.0,2026-10-20
T1050,2024-10,36446700.0,26435032.0,2670626.0,2024-11-10
T1050,2024-11,19947256.0,14467877.0,1333408.0,2024-12-24
T1050,2024-12,3495045.0,2534979.0,267587.0,2025-01-17
T1050,2025-01,19877802.0,14417501.0,1380467.0,2025-02-11
T1050,2025-02,22310189.0,16181728.0,1492682.0,2025-03-10
T1050,2025-03,29349210.0,21287176.0,1999668.0,2025-04-23
T1050,2025-04,10926882.0,7925340.0,843898.0,2025-05-14
T1050,2025-05,12746850.0,9245374.0,863793.0,2025-06-12
T1050,2025-06,717472.0,430483.0,0.0,2025-07-19
T1050,2025-07,16056015.0,11645534.0,1088144.0,2025-08-11
T1050,2025-08,35053683.0,25424668.0,2608942.0,2025-09-24
T1050,2025-09,23346757.0,16933557.0,1760084.0,2025-10-05
T1050,2025-10,100875782.0,73165872.0,6540922.0,2025-11-15
T1050,2025-11,45640768.0,33103551.0,3077179.0,2025-12-20
T1050,2025-12,60876164.0,44153885.0,4168296.0,2026-01-22
T1050,2026-01,49592980.0,35970116.0,3410332.0,2026-02-08
T1050,2026-02,27891132.0,20229622.0,2075903.0,2026-03-07
T1050,2026-03,440109.0,264066.0,0.0,2026-04-23
T1050,2026-04,49145752.0,35645739.0,3462245.0,2026-05-22
T1050,2026-05,4082129.0,2960795.0,281909.0,2026-06-10
T1050,2026-06,13676772.0,9919853.0,1021652.0,2026-07-21
T1050,2026-07,188771.0,113263.0,0.0,2026-08-20
T1050,2026-08,4927801.0,3574167.0,368535.0,2026-09-12
T1050,2026-09,517118.0,310271.0,0.0,2026-10-12
T752071,2024-10,12150184.0,7440926.0,651199.0,2024-11-15
T752071,2024-11,277922.0,166753.0,0.0,2024-12-24
T752071,2024-12,758033.0,454820.0,0.0,2025-01-21
T752071,2025-01,445103.0,267062.0,0.0,2025-02-10
T752071,2025-02,260545.0,156327.0,0.0,2025-03-07
T752071,2025-03,19696964.0,12062669.0,1054791.0,2025-04-18
T752071,2025-04,332335.0,199401.0,0.0,2025-05-20
T752071,2025-05,555900.0,333540.0,0.0,2025-06-20
T752071,2025-06,670903.0,402542.0,0.0,2025-07-15
T752071,2025-07,14244701.0,8723634.0,801582.0,2025-08-13
T752071,2025-08,488628.0,293177.0,0.0,2025-09-07
T752071,2025-09,132734.0,79640.0,0.0,2025-10-16
T752071,2025-10,442621.0,265573.0,0.0,2025-11-17
T752071,2025-11,751261.0,450757.0,0.0,2025-12-20
T752071,2025-12,534149.0,320489.0,0.0,2026-01-20
T752071,2026-01,1537089.0,941333.0,98971.0,2026-02-17
T752071,2026-02,9906769.0,6067030.0,594456.0,2026-03-11
T752071,2026-03,14177874.0,8682709.0,901083.0,2026-04-12
T752071,2026-04,384385.0,230631.0,0.0,2026-05-18
T752071,2026-05,351791.0,211074.0,0.0,2026-06-14
T752071,2026-06,14173080.0,8679773.0,898075.0,2026-07-10
T752071,2026-07,2623266.0,1606521.0,161383.0,2026-08-22
T752071,2026-08,285679.0,171408.0,0.0,2026-09-20
T752071,2026-09,705297.0,431933.0,46545.0,2026-10-18
T275097,2024-10,463973.0,278384.0,0.0,2024-11-17
T275097,2024-11,495477.0,297286.0,0.0,2024-12-12
T275097,2024-12,8560335.0,6333063.0,604896.0,2025-01-15
T275097,2025-01,232648.0,139589.0,0.0,2025-02-10
T275097,2025-02,759451.0,455671.0,0.0,2025-03-17
T275097,2025-03,585167.0,351100.0,0.0,2025-04-23
T275097,2025-04,184647.0,110788.0,0.0,2025-05-10
T275097,2025-05,833379.0,500027.0,0.0,2025-06-05
T275097,2025-06,513448.0,308069.0,0.0,2025-07-13
T275097,2025-07,7709276.0,5703436.0,550879.0,2025-08-12
T275097,2025-08,899077.0,539446.0,0.0,2025-09-06
T275097,2025-09,249758.0,149855.0,0.0,2025-10-19
T275097,2025-10,186972.0,112183.0,0.0,2025-11-09
T275097,2025-11,401963.0,241178.0,0.0,2025-12-13
T275097,2025-12,346899.0,208140.0,0.0,2026-01-16
T275097,2026-01,450894.0,270536.0,0.0,2026-02-13
T275097,2026-02,983115.0,589869.0,0.0,2026-03-18
T275097,2026-03,575017.0,345010.0,0.0,2026-04-09
T275097,2026-04,25420608.0,18806542.0,1698282.0,2026-05-05
T275097,2026-05,867671.0,520603.0,0.0,2026-06-24
T275097,2026-06,333787.0,200272.0,0.0,2026-07-12
T275097,2026-07,232096.0,139258.0,0.0,2026-08-12
T275097,2026-08,99790.0,59874.0,0.0,2026-09-17
T275097,2026-09,25475201.0,18846931.0,1830109.0,2026-10-12
T241985,2024-10,323307.0,193984.0,0.0,2024-11-08
T241985,2024-11,818470.0,491082.0,0.0,2024-12-08
T241985,2024-12,265353.0,159212.0,0.0,2025-01-17
T241985,2025-01,401107.0,240664.0,0.0,2025-02-10
T241985,2025-02,14842543.0,10716084.0,999370.0,2025-03-13
T241985,2025-03,682970.0,409782.0,0.0,2025-04-23
T241985,2025-04,4760777.0,3437207.0,383101.0,2025-05-18
T241985,2025-05,571500.0,342900.0,0.0,2025-06-09
T241985,2025-06,393937.0,236362.0,0.0,2025-07-22
T241985,2025-07,350030.0,210018.0,0.0,2025-08-22
T241985,2025-08,507872.0,304723.0,0.0,2025-09-10
T241985,2025-09,775848.0,465509.0,0.0,2025-10-16
T241985,2025-10,503033.0,301820.0,0.0,2025-11-17
T241985,2025-11,423724.0,254234.0,0.0,2025-12-21
T241985,2025-12,399959.0,239975.0,0.0,2026-01-19
T241985,2026-01,258274.0,154964.0,0.0,2026-02-24
T241985,2026-02,259382.0,155629.0,0.0,2026-03-23
T241985,2026-03,819911.0,491947.0,0.0,2026-04-11
T241985,2026-04,438634.0,263180.0,0.0,2026-05-12
T241985,2026-05,224863.0,134918.0,0.0,2026-06-06
T241985,2026-06,349698.0,209819.0,0.0,2026-07-12
T241985,2026-07,208628.0,125177.0,0.0,2026-08-14
T241985,2026-08,397353.0,238412.0,0.0,2026-09-08
T241985,2026-09,1682582.0,1214798.0,132884.0,2026-10-11
T545491,2024-10,290241.0,174145.0,0.0,2024-11-17
T545491,2024-11,466347.0,279808.0,0.0,2024-12-07
T545491,2024-12,123139.0,73883.0,0.0,2025-01-13
T545491,2025-01,8355623.0,5524796.0,558282.0,2025-02-19
T545491,2025-02,297862.0,178717.0,0.0,2025-03-05
T545491,2025-03,1376344.0,910048.0,95662.0,2025-04-15
T545491,2025-04,350496.0,210298.0,0.0,2025-05-24
T545491,2025-05,17525818.0,11588194.0,1061760.0,2025-06-23
T545491,2025-06,4805072.0,3177147.0,308237.0,2025-07-24
T545491,2025-07,671210.0,402726.0,0.0,2025-08-17
T545491,2025-08,5470742.0,3617293.0,388324.0,2025-09-06
T545491,2025-09,402267.0,241360.0,0.0,2025-10-18
T545491,2025-10,3984545.0,2634609.0,292713.0,2025-11-08
T545491,2025-11,330921.0,198553.0,0.0,2025-12-16
T545491,2025-12,411326.0,246795.0,0.0,2026-01-22
T545491,2026-01,845821.0,507493.0,0.0,2026-02-18
T545491,2026-02,691828.0,415097.0,0.0,2026-03-23
T545491,2026-03,292054.0,175232.0,0.0,2026-04-18
T545491,2026-04,201065.0,120639.0,0.0,2026-05-10
T545491,2026-05,12959522.0,8568927.0,938283.0,2026-06-09
T545491,2026-06,4864988.0,3216764.0,356905.0,2026-07-22
T545491,2026-07,1166427.0,699856.0,0.0,2026-08-05
T545491,2026-08,386038.0,231623.0,0.0,2026-09-17
T545491,2026-09,14070363.0,9303423.0,1029229.0,2026-10-20
T289336,2024-10,0.0,175493.0,0.0,2024-11-08
T289336,2024-11,0.0,356225.0,0.0,2024-12-18
T289336,2024-12,0.0,359309.0,0.0,2025-01-12
T289336,2025-01,0.0,133904.0,0.0,2025-02-17
T289336,2025-02,0.0,153294.0,0.0,2025-03-19
T289336,2025-03,0.0,302705.0,0.0,2025-04-20
T289336,2025-04,7324115.0,12793608.0,1417666.0,2025-05-14
T289336,2025-05,0.0,235161.0,0.0,2025-06-05
T289336,2025-06,0.0,253379.0,0.0,2025-07-19
T289336,2025-07,0.0,144207.0,0.0,2025-08-22
T289336,2025-08,0.0,321418.0,0.0,2025-09-20
T289336,2025-09,0.0,204491.0,0.0,2025-10-05
T289336,2025-10,0.0,265722.0,0.0,2025-11-08
T289336,2025-11,0.0,170344.0,0.0,2025-12-09
T289336,2025-12,0.0,194815.0,0.0,2026-01-13
T289336,2026-01,0.0,226562.0,0.0,2026-02-13
T289336,2026-02,0.0,216969.0,0.0,2026-03-08
T289336,2026-03,0.0,142776.0,0.0,2026-04-10
T289336,2026-04,0.0,135369.0,0.0,2026-05-12
T289336,2026-05,0.0,165112.0,0.0,2026-06-13
T289336,2026-06,0.0,204492.0,0.0,2026-07-05
T289336,2026-07,0.0,145720.0,0.0,2026-08-16
T289336,2026-08,0.0,496853.0,0.0,2026-09-10
T289336,2026-09,0.0,224972.0,0.0,2026-10-21
T936425,2024-10,375884.0,225530.0,0.0,2024-11-17
T936425,2024-11,581523.0,348914.0,0.0,2024-12-17
T936425,2024-12,981305.0,588783.0,0.0,2025-01-22
T936425,2025-01,510366.0,306220.0,0.0,2025-02-11
T936425,2025-02,678496.0,407098.0,0.0,2025-03-13
T936425,2025-03,692518.0,415511.0,0.0,2025-04-23
T936425,2025-04,291419.0,174851.0,0.0,2025-05-15
T936425,2025-05,398614.0,239169.0,0.0,2025-06-06
T936425,2025-06,393075.0,235845.0,0.0,2025-07-23
T936425,2025-07,281704.0,169023.0,0.0,2025-08-23
T936425,2025-08,305256.0,183154.0,0.0,2025-09-21
T936425,2025-09,470670.0,282402.0,0.0,2025-10-11
T936425,2025-10,261836.0,157102.0,0.0,2025-11-13
T936425,2025-11,108718.0,65231.0,0.0,2025-12-05
T936425,2025-12,638861.0,383316.0,0.0,2026-01-20
T936425,2026-01,263127.0,157876.0,0.0,2026-02-12
T936425,2026-02,614419.0,368651.0,0.0,2026-03-21
T936425,2026-03,412139.0,247283.0,0.0,2026-04-18
T936425,2026-04,516757.0,310054.0,0.0,2026-05-09
T936425,2026-05,292198.0,175319.0,0.0,2026-06-07
T936425,2026-06,258468.0,155081.0,0.0,2026-07-21
T936425,2026-07,572280.0,343368.0,0.0,2026-08-18
T936425,2026-08,752350.0,451410.0,0.0,2026-09-05
T936425,2026-09,1170512.0,702307.0,0.0,2026-10-21
T678490,2024-10,38349115.0,22830402.0,2046363.0,2024-11-14
T678490,2024-11,81281036.0,48389090.0,4377993.0,2024-12-14
T678490,2024-12,706433.0,423860.0,0.0,2025-01-22
T678490,2025-01,13070171.0,7781073.0,707038.0,2025-02-18
T678490,2025-02,219282.0,131569.0,0.0,2025-03-17
T678490,2025-03,524511.0,314706.0,0.0,2025-04-19
T678490,2025-04,6845463.0,4075314.0,360774.0,2025-05-10
T678490,2025-05,358700.0,215220.0,0.0,2025-06-24
T678490,2025-06,15451251.0,9198603.0,847436.0,2025-07-23
T678490,2025-07,806472.0,483883.0,0.0,2025-08-11
T678490,2025-08,23669249.0,14091029.0,1288401.0,2025-09-06
T678490,2025-09,241919.0,145151.0,0.0,2025-10-22
T678490,2025-10,679070.0,407442.0,0.0,2025-11-07
T678490,2025-11,15964613.0,9504223.0,852547.0,2025-12-24
T678490,2025-12,437448.0,262469.0,0.0,2026-01-19
T678490,2026-01,311099.0,186659.0,0.0,2026-02-16
T678490,2026-02,439697.0,263818.0,0.0,2026-03-21
T678490,2026-03,644468.0,386681.0,0.0,2026-04-19
T678490,2026-04,340434.0,204260.0,0.0,2026-05-14
T678490,2026-05,422139.0,253284.0,0.0,2026-06-05
T678490,2026-06,72415817.0,43111353.0,4076845.0,2026-07-05
T678490,2026-07,628097.0,376858.0,0.0,2026-08-18
T678490,2026-08,6352296.0,3781717.0,347506.0,2026-09-24
T678490,2026-09,610240.0,366144.0,0.0,2026-10-17
T1154,2024-10,476955.0,286173.0,0.0,2024-11-05
T1154,2024-11,972611.0,583567.0,0.0,2024-12-23
T1154,2024-12,242935.0,145761.0,0.0,2025-01-17
T1154,2025-01,302249.0,181350.0,0.0,2025-02-05
T1154,2025-02,312089.0,187253.0,0.0,2025-03-06
T1154,2025-03,311215.0,186729.0,0.0,2025-04-15
T1154,2025-04,366249.0,219749.0,0.0,2025-05-24
T1154,2025-05,514528.0,308717.0,0.0,2025-06-11
T1154,2025-06,585026.0,351016.0,0.0,2025-07-21
T1154,2025-07,420241.0,252145.0,0.0,2025-08-09
T1154,2025-08,554928.0,332957.0,0.0,2025-09-16
T1154,2025-09,289828.0,173897.0,0.0,2025-10-13
T1154,2025-10,359928.0,215957.0,0.0,2025-11-15
T1154,2025-11,388071.0,232842.0,0.0,2025-12-15
T1154,2025-12,680116.0,408070.0,0.0,2026-01-08
T1154,2026-01,665307.0,399184.0,0.0,2026-02-24
T1154,2026-02,537574.0,322544.0,0.0,2026-03-07
T1154,2026-03,521823.0,313094.0,0.0,2026-04-10
T1154,2026-04,327092.0,196255.0,0.0,2026-05-20
T1154,2026-05,492211.0,295327.0,0.0,2026-06-05
T1154,2026-06,476152.0,285691.0,0.0,2026-07-22
T1154,2026-07,508123.0,304874.0,0.0,2026-08-07
T1154,2026-08,399516.0,239710.0,0.0,2026-09-11
T1154,2026-09,250467.0,150280.0,0.0,2026-10-21
T1058,2024-10,375917.0,225550.0,0.0,2024-11-11
T1058,2024-11,509122.0,305473.0,0.0,2024-12-12
T1058,2024-12,431287.0,258772.0,0.0,2025-01-05
T1058,2025-01,675916.0,405549.0,0.0,2025-02-08
T1058,2025-02,358292.0,214975.0,0.0,2025-03-13
T1058,2025-03,141133.0,84680.0,0.0,2025-04-05
T1058,2025-04,506543.0,303926.0,0.0,2025-05-19
T1058,2025-05,430029.0,258018.0,0.0,2025-06-18
T1058,2025-06,441690.0,265014.0,0.0,2025-07-22
T1058,2025-07,283319.0,169992.0,0.0,2025-08-16
T1058,2025-08,378209.0,226925.0,0.0,2025-09-14
T1058,2025-09,213563.0,128138.0,0.0,2025-10-09
T1058,2025-10,360740.0,216444.0,0.0,2025-11-17
T1058,2025-11,408444.0,245066.0,0.0,2025-12-15
T1058,2025-12,426070.0,255642.0,0.0,2026-01-24
T1058,2026-01,383039.0,229824.0,0.0,2026-02-13
T1058,2026-02,478936.0,287362.0,0.0,2026-03-19
T1058,2026-03,293724.0,176235.0,0.0,2026-04-15
T1058,2026-04,144150.0,86490.0,0.0,2026-05-14
T1058,2026-05,269471.0,161683.0,0.0,2026-06-21
T1058,2026-06,231265.0,138759.0,0.0,2026-07-07
T1058,2026-07,366469.0,219882.0,0.0,2026-08-06
T1058,2026-08,621285.0,372771.0,0.0,2026-09-09
T1058,2026-09,176636.0,105981.0,0.0,2026-10-14
T563711,2024-10,8850397.0,5770011.0,524945.0,2024-11-13
T563711,2024-11,558372.0,335023.0,0.0,2024-12-20
T563711,2024-12,18522959.0,12076031.0,1186694.0,2025-01-09
T563711,2025-01,17373243.0,11326475.0,1118640.0,2025-02-24
T563711,2025-02,192218.0,115331.0,0.0,2025-03-10
T563711,2025-03,51127021.0,33332229.0,2936649.0,2025-04-19
T563711,2025-04,510653.0,306392.0,0.0,2025-05-16
T563711,2025-05,365541.0,219325.0,0.0,2025-06-21
T563711,2025-06,1025587.0,615352.0,0.0,2025-07-18
T563711,2025-07,427514.0,256509.0,0.0,2025-08-14
T563711,2025-08,263193.0,157916.0,0.0,2025-09-15
T563711,2025-09,243839.0,146303.0,0.0,2025-10-22
T563711,2025-10,456228.0,273737.0,0.0,2025-11-06
T563711,2025-11,19782654.0,12897289.0,1144097.0,2025-12-20
T563711,2025-12,356128.0,213677.0,0.0,2026-01-09
T563711,2026-01,218383.0,131030.0,0.0,2026-02-06
T563711,2026-02,644221.0,386533.0,0.0,2026-03-19
T563711,2026-03,553297.0,331978.0,0.0,2026-04-24
T563711,2026-04,562986.0,337792.0,0.0,2026-05-05
T563711,2026-05,7164662.0,4670997.0,462609.0,2026-06-05
T563711,2026-06,367125.0,220275.0,0.0,2026-07-12
T563711,2026-07,542397.0,325438.0,0.0,2026-08-17
T563711,2026-08,449716.0,269829.0,0.0,2026-09-20
T563711,2026-09,320723.0,192434.0,0.0,2026-10-23
T326971,2024-10,425263.0,255158.0,0.0,2024-11-15
T326971,2024-11,10658889.0,7758702.0,702235.0,2024-12-16
T326971,2024-12,684479.0,410687.0,0.0,2025-01-18
T326971,2025-01,520194.0,312116.0,0.0,2025-02-17
T326971,2025-02,3234816.0,2354652.0,215864.0,2025-03-14
T326971,2025-03,557911.0,334746.0,0.0,2025-04-20
T326971,2025-04,331866.0,199120.0,0.0,2025-05-12
T326971,2025-05,298501.0,179101.0,0.0,2025-06-22
T326971,2025-06,336611.0,201967.0,0.0,2025-07-12
T326971,2025-07,737071.0,442243.0,0.0,2025-08-12
T326971,2025-08,499679.0,299807.0,0.0,2025-09-18
T326971,2025-09,1004489.0,602693.0,0.0,2025-10-19
T326971,2025-10,185374.0,111224.0,0.0,2025-11-14
T326971,2025-11,15227221.0,11084033.0,976075.0,2025-12-12
T326971,2025-12,1420096.0,852058.0,0.0,2026-01-09
T326971,2026-01,66929485.0,48718580.0,4294413.0,2026-02-24
T326971,2026-02,574739.0,344843.0,0.0,2026-03-10
T326971,2026-03,832120.0,499272.0,0.0,2026-04-23
T326971,2026-04,831043.0,498626.0,0.0,2026-05-12
T326971,2026-05,374166.0,224499.0,0.0,2026-06-07
T326971,2026-06,70665351.0,51437950.0,4787367.0,2026-07-06
T326971,2026-07,9358140.0,6811875.0,662821.0,2026-08-07
T326971,2026-08,151814.0,91088.0,0.0,2026-09-09
T326971,2026-09,1034559.0,620736.0,0.0,2026-10-19
T1181,2024-10,227108.0,136265.0,0.0,2024-11-11
T1181,2024-11,506856.0,304114.0,0.0,2024-12-21
T1181,2024-12,216457.0,129874.0,0.0,2025-01-12
T1181,2025-01,232637.0,139582.0,0.0,2025-02-20
T1181,2025-02,762546.0,457527.0,0.0,2025-03-19
T1181,2025-03,233401.0,140041.0,0.0,2025-04-22
T1181,2025-04,412438.0,247463.0,0.0,2025-05-05
T1181,2025-05,397281.0,238369.0,0.0,2025-06-14
T1181,2025-06,474772.0,284863.0,0.0,2025-07-14
T1181,2025-07,496439.0,297863.0,0.0,2025-08-16
T1181,2025-08,405457.0,243274.0,0.0,2025-09-06
T1181,2025-09,115531.0,69319.0,0.0,2025-10-10
T1181,2025-10,301794.0,181076.0,0.0,2025-11-22
T1181,2025-11,438427.0,263056.0,0.0,2025-12-24
T1181,2025-12,408635.0,245181.0,0.0,2026-01-24
T1181,2026-01,276506.0,165904.0,0.0,2026-02-16
T1181,2026-02,506001.0,303601.0,0.0,2026-03-18
T1181,2026-03,353674.0,212205.0,0.0,2026-04-10
T1181,2026-04,967677.0,580606.0,0.0,2026-05-19
T1181,2026-05,945262.0,567157.0,0.0,2026-06-05
T1181,2026-06,382763.0,229658.0,0.0,2026-07-21
T1181,2026-07,283183.0,169910.0,0.0,2026-08-24
T1181,2026-08,195423.0,117254.0,0.0,2026-09-06
T1181,2026-09,758917.0,455350.0,0.0,2026-10-16
T1152,2024-10,8617192.0,4989398.0,487894.0,2024-11-17
T1152,2024-11,146757.0,88054.0,0.0,2024-12-22
T1152,2024-12,333440.0,200064.0,0.0,2025-01-10
T1152,2025-01,261048.0,156629.0,0.0,2025-02-15
T1152,2025-02,311326.0,186796.0,0.0,2025-03-22
T1152,2025-03,1066482.0,639889.0,0.0,2025-04-14
T1152,2025-04,8288793.0,4799253.0,475957.0,2025-05-20
T1152,2025-05,209123.0,125474.0,0.0,2025-06-07
T1152,2025-06,566230.0,339738.0,0.0,2025-07-18
T1152,2025-07,26996017.0,15630831.0,1535570.0,2025-08-16
T1152,2025-08,847738.0,508643.0,0.0,2025-09-12
T1152,2025-09,828555.0,497133.0,0.0,2025-10-20
T1152,2025-10,264854.0,158913.0,0.0,2025-11-05
T1152,2025-11,221090.0,132654.0,0.0,2025-12-22
T1152,2025-12,24533059.0,14204766.0,1387943.0,2026-01-15
T1152,2026-01,271537.0,162922.0,0.0,2026-02-12
T1152,2026-02,11446604.0,6627642.0,614458.0,2026-03-20
T1152,2026-03,324963.0,194978.0,0.0,2026-04-11
T1152,2026-04,38784471.0,22456406.0,2262078.0,2026-05-13
T1152,2026-05,294757.0,176854.0,0.0,2026-06-06
T1152,2026-06,632176.0,379306.0,0.0,2026-07-14
T1152,2026-07,537737.0,322642.0,0.0,2026-08-08
T1152,2026-08,431792.0,259075.0,0.0,2026-09-23
T1152,2026-09,258231.0,154938.0,0.0,2026-10-07
T351345,2024-10,301202.0,180721.0,0.0,2024-11-12
T351345,2024-11,272607.0,163564.0,0.0,2024-12-22
T351345,2024-12,258361.0,155016.0,0.0,2025-01-21
T351345,2025-01,405488.0,243293.0,0.0,2025-02-20
T351345,2025-02,576911.0,346146.0,0.0,2025-03-24
T351345,2025-03,282100.0,169260.0,0.0,2025-04-10
T351345,2025-04,109265.0,65559.0,0.0,2025-05-09
T351345,2025-05,316439.0,189864.0,0.0,2025-06-12
T351345,2025-06,711471.0,426883.0,0.0,2025-07-18
T351345,2025-07,7911886.0,5272491.0,580866.0,2025-08-23
T351345,2025-08,30836520.0,20549498.0,1829888.0,2025-09-11
T351345,2025-09,236890.0,142134.0,0.0,2025-10-19
T351345,2025-10,353312.0,211987.0,0.0,2025-11-07
T351345,2025-11,722960.0,433776.0,0.0,2025-12-10
T351345,2025-12,604134.0,362480.0,0.0,2026-01-11
T351345,2026-01,401711.0,241027.0,0.0,2026-02-12
T351345,2026-02,518068.0,310841.0,0.0,2026-03-23
T351345,2026-03,263060.0,157836.0,0.0,2026-04-12
T351345,2026-04,647754.0,388652.0,0.0,2026-05-17
T351345,2026-05,333651.0,200190.0,0.0,2026-06-16
T351345,2026-06,330452.0,198271.0,0.0,2026-07-11
T351345,2026-07,4393576.0,2927885.0,270680.0,2026-08-12
T351345,2026-08,649384.0,389630.0,0.0,2026-09-11
T351345,2026-09,3801317.0,2533203.0,280967.0,2026-10-20
T728181,2024-10,99450916.0,69443465.0,6623997.0,2024-11-14
T728181,2024-11,28680133.0,20026440.0,1831673.0,2024-12-15
T728181,2024-12,66740013.0,46602464.0,4352866.0,2025-01-24
T728181,2025-01,30181778.0,21074992.0,1999814.0,2025-02-07
T728181,2025-02,76739690.0,53584926.0,5107035.0,2025-03-05
T728181,2025-03,83596832.0,58373054.0,5436367.0,2025-04-11
T728181,2025-04,35053436.0,24476718.0,2356142.0,2025-05-22
T728181,2025-05,40105873.0,28004677.0,2684971.0,2025-06-19
T728181,2025-06,39157799.0,27342667.0,2543466.0,2025-07-24
T728181,2025-07,65780509.0,45932473.0,4469031.0,2025-08-15
T728181,2025-08,28157290.0,19661355.0,1875648.0,2025-09-07
T728181,2025-09,37888417.0,26456297.0,2523389.0,2025-10-10
T728181,2025-10,40617316.0,28361802.0,2699764.0,2025-11-11
T728181,2025-11,110297927.0,77017594.0,7141355.0,2025-12-14
T728181,2025-12,115950740.0,80964777.0,7569468.0,2026-01-09
T728181,2026-01,60092830.0,41960944.0,4097554.0,2026-02-09
T728181,2026-02,20833269.0,14547220.0,1511782.0,2026-03-06
T728181,2026-03,26149626.0,18259466.0,1792292.0,2026-04-12
T728181,2026-04,39866795.0,27837736.0,2742334.0,2026-05-05
T728181,2026-05,73697087.0,51460371.0,4996555.0,2026-06-18
T728181,2026-06,39180592.0,27358582.0,2594682.0,2026-07-06
T728181,2026-07,80768825.0,56398345.0,5408817.0,2026-08-13
T728181,2026-08,63612630.0,44418711.0,4356249.0,2026-09-09
T728181,2026-09,40378458.0,28195015.0,2734380.0,2026-10-13
T552961,2024-10,146126745.0,86014566.0,8711614.0,2024-11-22
T552961,2024-11,229414592.0,135040280.0,12753023.0,2024-12-18
T552961,2024-12,84685354.0,49848328.0,4847827.0,2025-01-23
T552961,2025-01,100352137.0,59070265.0,5853857.0,2025-02-12
T552961,2025-02,135358468.0,79676037.0,8308246.0,2025-03-16
T552961,2025-03,415358001.0,244492124.0,23672386.0,2025-04-05
T552961,2025-04,146594763.0,86290055.0,9157415.0,2025-05-16
T552961,2025-05,250761828.0,147605901.0,14374245.0,2025-06-05
T552961,2025-06,19842748.0,11680034.0,1220878.0,2025-07-12
T552961,2025-07,41736528.0,24567367.0,2572298.0,2025-08-19
T552961,2025-08,304721814.0,179368360.0,17826125.0,2025-09-21
T552961,2025-09,260588685.0,153390282.0,15864187.0,2025-10-15
T552961,2025-10,278077622.0,163684793.0,15551145.0,2025-11-22
T552961,2025-11,96074323.0,56552215.0,5649463.0,2025-12-17
T552961,2025-12,56815284.0,33443173.0,3158301.0,2026-01-21
T552961,2026-01,100951672.0,59423169.0,5663179.0,2026-02-17
T552961,2026-02,213520075.0,125684292.0,12233245.0,2026-03-23
T552961,2026-03,149034536.0,87726179.0,9236649.0,2026-04-12
T552961,2026-04,125334032.0,73775354.0,7388721.0,2026-05-11
T552961,2026-05,411142783.0,242010920.0,22961376.0,2026-06-16
T552961,2026-06,78705850.0,46328614.0,4291124.0,2026-07-20
T552961,2026-07,97834428.0,57588266.0,5411472.0,2026-08-20
T552961,2026-08,218740283.0,128757063.0,13056829.0,2026-09-12
T552961,2026-09,87607711.0,51568515.0,4877195.0,2026-10-13
T855050,2024-10,476535.0,285921.0,0.0,2024-11-11
T855050,2024-11,18619547.0,12768644.0,1184686.0,2024-12-18
T855050,2024-12,27926143.0,19150786.0,1766919.0,2025-01-11
T855050,2025-01,10450544.0,7166623.0,692774.0,2025-02-24
T855050,2025-02,34878327.0,23918354.0,2149988.0,2025-03-16
T855050,2025-03,294470.0,176682.0,0.0,2025-04-21
T855050,2025-04,346182.0,207709.0,0.0,2025-05-09
T855050,2025-05,406825.0,244095.0,0.0,2025-06-13
T855050,2025-06,154252.0,92551.0,0.0,2025-07-21
T855050,2025-07,692239.0,415344.0,0.0,2025-08-05
T855050,2025-08,245615.0,147369.0,0.0,2025-09-15
T855050,2025-09,598041.0,358825.0,0.0,2025-10-09
T855050,2025-10,634864.0,380919.0,0.0,2025-11-07
T855050,2025-11,428496.0,257098.0,0.0,2025-12-22
T855050,2025-12,237392.0,142435.0,0.0,2026-01-16
T855050,2026-01,505659.0,303395.0,0.0,2026-02-06
T855050,2026-02,191764.0,115059.0,0.0,2026-03-20
T855050,2026-03,41511312.0,28467027.0,2688701.0,2026-04-14
T855050,2026-04,741877.0,445126.0,0.0,2026-05-13
T855050,2026-05,1116716.0,670030.0,0.0,2026-06-06
T855050,2026-06,402331.0,241398.0,0.0,2026-07-14
T855050,2026-07,632595.0,379557.0,0.0,2026-08-10
T855050,2026-08,359039.0,215423.0,0.0,2026-09-17
T855050,2026-09,263797.0,158278.0,0.0,2026-10-12
T805559,2024-10,441379.0,264827.0,0.0,2024-11-17
T805559,2024-11,398272.0,238963.0,0.0,2024-12-05
T805559,2024-12,628606.0,377164.0,0.0,2025-01-21
T805559,2025-01,1010662.0,606397.0,0.0,2025-02-13
T805559,2025-02,343074.0,205845.0,0.0,2025-03-06
T805559,2025-03,586534.0,351920.0,0.0,2025-04-12
T805559,2025-04,454297.0,272578.0,0.0,2025-05-18
T805559,2025-05,304627.0,182776.0,0.0,2025-06-17
T805559,2025-06,119146.0,71488.0,0.0,2025-07-12
T805559,2025-07,218106.0,130864.0,0.0,2025-08-14
T805559,2025-08,11708187.0,6951469.0,640320.0,2025-09-10
T805559,2025-09,1906359.0,1131857.0,99637.0,2025-10-15
T805559,2025-10,301169.0,180701.0,0.0,2025-11-10
T805559,2025-11,403030.0,241818.0,0.0,2025-12-23
T805559,2025-12,444889.0,266933.0,0.0,2026-01-07
T805559,2026-01,159500.0,95700.0,0.0,2026-02-19
T805559,2026-02,280999.0,168600.0,0.0,2026-03-05
T805559,2026-03,405288.0,243173.0,0.0,2026-04-23
T805559,2026-04,492140.0,295284.0,0.0,2026-05-13
T805559,2026-05,186565.0,111939.0,0.0,2026-06-14
T805559,2026-06,314604.0,188762.0,0.0,2026-07-20
T805559,2026-07,695372.0,417223.0,0.0,2026-08-17
T805559,2026-08,633629.0,380177.0,0.0,2026-09-08
T805559,2026-09,23108190.0,13719962.0,1531039.0,2026-10-15
T647681,2024-10,337475.0,202485.0,0.0,2024-11-12
T647681,2024-11,2211662.0,1290265.0,114457.0,2024-12-22
T647681,2024-12,5052753.0,2947733.0,265629.0,2025-01-23
T647681,2025-01,849794.0,509877.0,0.0,2025-02-13
T647681,2025-02,2174514.0,1268593.0,112047.0,2025-03-17
T647681,2025-03,385810.0,231486.0,0.0,2025-04-18
T647681,2025-04,527615.0,316569.0,0.0,2025-05-15
T647681,2025-05,421464.0,252879.0,0.0,2025-06-16
T647681,2025-06,607926.0,364756.0,0.0,2025-07-15
T647681,2025-07,326639.0,195983.0,0.0,2025-08-17
T647681,2025-08,515001.0,309001.0,0.0,2025-09-06
T647681,2025-09,746159.0,447695.0,0.0,2025-10-09
T647681,2025-10,331154.0,198692.0,0.0,2025-11-10
T647681,2025-11,720692.0,432415.0,0.0,2025-12-14
T647681,2025-12,421034.0,252620.0,0.0,2026-01-12
T647681,2026-01,289516.0,173710.0,0.0,2026-02-13
T647681,2026-02,724445.0,434667.0,0.0,2026-03-09
T647681,2026-03,487022.0,292213.0,0.0,2026-04-08
T647681,2026-04,410576.0,246345.0,0.0,2026-05-24
T647681,2026-05,638023.0,382814.0,0.0,2026-06-05
T647681,2026-06,502907.0,301744.0,0.0,2026-07-16
T647681,2026-07,855617.0,513370.0,0.0,2026-08-14
T647681,2026-08,427527.0,256516.0,0.0,2026-09-12
T647681,2026-09,388659.0,233195.0,0.0,2026-10-22
T260927,2024-10,216716.0,130029.0,0.0,2024-11-05
T260927,2024-11,1102678.0,661607.0,0.0,2024-12-15
T260927,2024-12,328090.0,196854.0,0.0,2025-01-15
T260927,2025-01,696771.0,418062.0,0.0,2025-02-15
T260927,2025-02,218163.0,130898.0,0.0,2025-03-17
T260927,2025-03,1115464.0,669278.0,0.0,2025-04-07
T260927,2025-04,290035.0,174021.0,0.0,2025-05-23
T260927,2025-05,348408.0,209045.0,0.0,2025-06-09
T260927,2025-06,408124.0,244874.0,0.0,2025-07-06
T260927,2025-07,506880.0,304128.0,0.0,2025-08-24
T260927,2025-08,409013.0,245408.0,0.0,2025-09-05
T260927,2025-09,1059642.0,635785.0,0.0,2025-10-21
T260927,2025-10,217905.0,130743.0,0.0,2025-11-21
T260927,2025-11,847287.0,508372.0,0.0,2025-12-05
T260927,2025-12,460985.0,276591.0,0.0,2026-01-14
T260927,2026-01,507020.0,304212.0,0.0,2026-02-23
T260927,2026-02,825000.0,495000.0,0.0,2026-03-15
T260927,2026-03,254146.0,152488.0,0.0,2026-04-07
T260927,2026-04,305869.0,183522.0,0.0,2026-05-24
T260927,2026-05,316399.0,189839.0,0.0,2026-06-09
T260927,2026-06,391032.0,234619.0,0.0,2026-07-06
T260927,2026-07,293825.0,176295.0,0.0,2026-08-08
T260927,2026-08,268616.0,161170.0,0.0,2026-09-18
T260927,2026-09,423853.0,254312.0,0.0,2026-10-18
T359163,2024-10,893793.0,536276.0,0.0,2024-11-11
T359163,2024-11,770471.0,462283.0,0.0,2024-12-17
T359163,2024-12,143501.0,86100.0,0.0,2025-01-17
T359163,2025-01,202597.0,121558.0,0.0,2025-02-19
T359163,2025-02,429583.0,257750.0,0.0,2025-03-23
T359163,2025-03,185274.0,111165.0,0.0,2025-04-05
T359163,2025-04,612085.0,367251.0,0.0,2025-05-09
T359163,2025-05,440217.0,264130.0,0.0,2025-06-23
T359163,2025-06,591352.0,354811.0,0.0,2025-07-20
T359163,2025-07,179435.0,107661.0,0.0,2025-08-22
T359163,2025-08,528250.0,316950.0,0.0,2025-09-21
T359163,2025-09,159862.0,95917.0,0.0,2025-10-14
T359163,2025-10,297113.0,178268.0,0.0,2025-11-16
T359163,2025-11,461895.0,277137.0,0.0,2025-12-07
T359163,2025-12,438902.0,263341.0,0.0,2026-01-23
T359163,2026-01,539833.0,323900.0,0.0,2026-02-18
T359163,2026-02,814188.0,488513.0,0.0,2026-03-18
T359163,2026-03,493597.0,296158.0,0.0,2026-04-06
T359163,2026-04,977603.0,586562.0,0.0,2026-05-11
T359163,2026-05,287510.0,172506.0,0.0,2026-06-05
T359163,2026-06,203615.0,122169.0,0.0,2026-07-10
T359163,2026-07,533849.0,320309.0,0.0,2026-08-17
T359163,2026-08,398866.0,239320.0,0.0,2026-09-14
T359163,2026-09,636210.0,381726.0,0.0,2026-10-05
T1046,2024-10,408544.0,245126.0,0.0,2024-11-05
T1046,2024-11,170113.0,102068.0,0.0,2024-12-16
T1046,2024-12,686005.0,411603.0,0.0,2025-01-17
T1046,2025-01,292340.0,175404.0,0.0,2025-02-08
T1046,2025-02,326792.0,196075.0,0.0,2025-03-09
T1046,2025-03,302426.0,181456.0,0.0,2025-04-21
T1046,2025-04,209617.0,125770.0,0.0,2025-05-15
T1046,2025-05,296867.0,178120.0,0.0,2025-06-13
T1046,2025-06,602631.0,361579.0,0.0,2025-07-06
T1046,2025-07,441780.0,265068.0,0.0,2025-08-20
T1046,2025-08,860634.0,516380.0,0.0,2025-09-12
T1046,2025-09,3622086.0,2223946.0,237560.0,2025-10-20
T1046,2025-10,757628.0,454577.0,0.0,2025-11-19
T1046,2025-11,463296.0,277978.0,0.0,2025-12-07
T1046,2025-12,744183.0,446510.0,0.0,2026-01-17
T1046,2026-01,825279.0,495167.0,0.0,2026-02-21
T1046,2026-02,13264073.0,8144085.0,828313.0,2026-03-24
T1046,2026-03,287819.0,172692.0,0.0,2026-04-20
T1046,2026-04,624907.0,374944.0,0.0,2026-05-14
T1046,2026-05,1959933.0,1203391.0,129265.0,2026-06-14
T1046,2026-06,404536.0,242722.0,0.0,2026-07-19
T1046,2026-07,3944091.0,2421655.0,247460.0,2026-08-05
T1046,2026-08,11817152.0,7255682.0,652600.0,2026-09-17
T1046,2026-09,358309.0,214985.0,0.0,2026-10-15
T1146,2024-10,271409.0,162845.0,0.0,2024-11-17
T1146,2024-11,543442.0,326065.0,0.0,2024-12-07
T1146,2024-12,432796.0,259678.0,0.0,2025-01-13
T1146,2025-01,713173.0,427904.0,0.0,2025-02-20
T1146,2025-02,391891.0,235135.0,0.0,2025-03-08
T1146,2025-03,626701.0,376021.0,0.0,2025-04-07
T1146,2025-04,474354.0,284613.0,0.0,2025-05-10
T1146,2025-05,238442.0,143065.0,0.0,2025-06-17
T1146,2025-06,649549.0,389730.0,0.0,2025-07-16
T1146,2025-07,519553.0,311732.0,0.0,2025-08-21
T1146,2025-08,356017.0,213610.0,0.0,2025-09-05
T1146,2025-09,969328.0,581597.0,0.0,2025-10-09
T1146,2025-10,572079.0,343247.0,0.0,2025-11-18
T1146,2025-11,335503.0,201302.0,0.0,2025-12-13
T1146,2025-12,780049.0,468030.0,0.0,2026-01-19
T1146,2026-01,195079.0,117047.0,0.0,2026-02-18
T1146,2026-02,14414349.0,9986009.0,1072682.0,2026-03-05
T1146,2026-03,301874.0,181124.0,0.0,2026-04-09
T1146,2026-04,678994.0,407396.0,0.0,2026-05-09
T1146,2026-05,50191760.0,34771973.0,3119370.0,2026-06-22
T1146,2026-06,626240.0,375744.0,0.0,2026-07-20
T1146,2026-07,302356.0,181413.0,0.0,2026-08-14
T1146,2026-08,435577.0,261346.0,0.0,2026-09-23
T1146,2026-09,978346.0,587007.0,0.0,2026-10-17
T101199,2024-10,807273.0,484364.0,0.0,2024-11-11
T101199,2024-11,566736.0,340042.0,0.0,2024-12-19
T101199,2024-12,389787.0,233872.0,0.0,2025-01-09
T101199,2025-01,423735.0,254241.0,0.0,2025-02-18
T101199,2025-02,69818920.0,42860438.0,3902720.0,2025-03-08
T101199,2025-03,27882207.0,17116329.0,1785402.0,2025-04-13
T101199,2025-04,637136.0,382281.0,0.0,2025-05-10
T101199,2025-05,379531.0,227719.0,0.0,2025-06-12
T101199,2025-06,595185.0,357111.0,0.0,2025-07-16
T101199,2025-07,320275.0,192165.0,0.0,2025-08-18
T101199,2025-08,627207.0,376324.0,0.0,2025-09-05
T101199,2025-09,18869076.0,11583348.0,1266551.0,2025-10-15
T101199,2025-10,459644.0,275786.0,0.0,2025-11-19
T101199,2025-11,16376776.0,10053375.0,966248.0,2025-12-16
T101199,2025-12,451632.0,270979.0,0.0,2026-01-24
T101199,2026-01,8385127.0,5147462.0,533319.0,2026-02-07
T101199,2026-02,305471.0,183282.0,0.0,2026-03-20
T101199,2026-03,169244.0,101546.0,0.0,2026-04-12
T101199,2026-04,10434689.0,6405647.0,587640.0,2026-05-13
T101199,2026-05,417554.0,250532.0,0.0,2026-06-05
T101199,2026-06,40495471.0,24859359.0,2641624.0,2026-07-24
T101199,2026-07,451457.0,270874.0,0.0,2026-08-06
T101199,2026-08,27550008.0,16912398.0,1958355.0,2026-09-05
T101199,2026-09,27725820.0,17020326.0,1531140.0,2026-10-12
T758199,2024-10,933246.0,559948.0,0.0,2024-11-06
T758199,2024-11,382592.0,229555.0,0.0,2024-12-05
T758199,2024-12,407813.0,244688.0,0.0,2025-01-19
T758199,2025-01,466076.0,279646.0,0.0,2025-02-22
T758199,2025-02,302406.0,181444.0,0.0,2025-03-23
T758199,2025-03,180726.0,108436.0,0.0,2025-04-17
T758199,2025-04,312961.0,187776.0,0.0,2025-05-13
T758199,2025-05,374412.0,224647.0,0.0,2025-06-12
T758199,2025-06,472094.0,283256.0,0.0,2025-07-15
T758199,2025-07,567065.0,340239.0,0.0,2025-08-06
T758199,2025-08,560278.0,336167.0,0.0,2025-09-16
T758199,2025-09,288320.0,172992.0,0.0,2025-10-13
T758199,2025-10,422597.0,253558.0,0.0,2025-11-05
T758199,2025-11,247337.0,148402.0,0.0,2025-12-20
T758199,2025-12,437186.0,262312.0,0.0,2026-01-12
T758199,2026-01,595378.0,357227.0,0.0,2026-02-05
T758199,2026-02,380506.0,228303.0,0.0,2026-03-16
T758199,2026-03,496732.0,298039.0,0.0,2026-04-22
T758199,2026-04,402876.0,241726.0,0.0,2026-05-22
T758199,2026-05,248384.0,149030.0,0.0,2026-06-11
T758199,2026-06,3668244.0,2394216.0,225232.0,2026-07-15
T758199,2026-07,405244.0,243146.0,0.0,2026-08-21
T758199,2026-08,485138.0,291083.0,0.0,2026-09-15
T758199,2026-09,585894.0,351536.0,0.0,2026-10-15
T1196,2024-10,8767152.0,5025536.0,458644.0,2024-11-14
T1196,2024-11,37557040.0,21528574.0,2122890.0,2024-12-13
T1196,2024-12,924713.0,554828.0,0.0,2025-01-19
T1196,2025-01,263090.0,157854.0,0.0,2025-02-09
T1196,2025-02,39207053.0,22474401.0,2286959.0,2025-03-15
T1196,2025-03,30401241.0,17426703.0,1540025.0,2025-04-22
T1196,2025-04,322036.0,193222.0,0.0,2025-05-17
T1196,2025-05,142995.0,85797.0,0.0,2025-06-07
T1196,2025-06,311722.0,187033.0,0.0,2025-07-24
T1196,2025-07,443799.0,266279.0,0.0,2025-08-19
T1196,2025-08,15697890.0,8998398.0,816381.0,2025-09-07
T1196,2025-09,23279694.0,13344466.0,1334369.0,2025-10-16
T1196,2025-10,350355.0,210213.0,0.0,2025-11-11
T1196,2025-11,258584.0,155150.0,0.0,2025-12-19
T1196,2025-12,311570.0,186942.0,0.0,2026-01-12
T1196,2026-01,721858.0,433115.0,0.0,2026-02-17
T1196,2026-02,639134.0,383481.0,0.0,2026-03-05
T1196,2026-03,299118.0,179471.0,0.0,2026-04-24
T1196,2026-04,306723.0,184034.0,0.0,2026-05-11
T1196,2026-05,205193.0,123116.0,0.0,2026-06-23
T1196,2026-06,203137.0,121882.0,0.0,2026-07-09
T1196,2026-07,193586.0,116151.0,0.0,2026-08-13
T1196,2026-08,115386.0,69231.0,0.0,2026-09-14
T1196,2026-09,295965.0,177579.0,0.0,2026-10-17
T1144,2024-10,362606.0,217563.0,0.0,2024-11-18
T1144,2024-11,225686.0,135412.0,0.0,2024-12-18
T1144,2024-12,456791.0,274074.0,0.0,2025-01-05
T1144,2025-01,209593.0,125756.0,0.0,2025-02-15
T1144,2025-02,346330.0,207798.0,0.0,2025-03-06
T1144,2025-03,250891.0,150534.0,0.0,2025-04-06
T1144,2025-04,280365.0,168219.0,0.0,2025-05-06
T1144,2025-05,452066.0,271240.0,0.0,2025-06-14
T1144,2025-06,764900.0,458940.0,0.0,2025-07-07
T1144,2025-07,191457.0,114874.0,0.0,2025-08-12
T1144,2025-08,334648.0,200789.0,0.0,2025-09-21
T1144,2025-09,250133.0,150080.0,0.0,2025-10-17
T1144,2025-10,170778.0,102467.0,0.0,2025-11-23
T1144,2025-11,243164.0,145898.0,0.0,2025-12-24
T1144,2025-12,287051.0,172230.0,0.0,2026-01-09
T1144,2026-01,529269.0,317561.0,0.0,2026-02-24
T1144,2026-02,496452.0,297871.0,0.0,2026-03-05
T1144,2026-03,702695.0,421617.0,0.0,2026-04-10
T1144,2026-04,725550.0,435330.0,0.0,2026-05-13
T1144,2026-05,398308.0,238985.0,0.0,2026-06-24
T1144,2026-06,369159.0,221495.0,0.0,2026-07-12
T1144,2026-07,11106821.0,6987259.0,706887.0,2026-08-10
T1144,2026-08,326418.0,195851.0,0.0,2026-09-13
T1144,2026-09,251826.0,151096.0,0.0,2026-10-10
T846347,2024-10,569995.0,341997.0,0.0,2024-11-21
T846347,2024-11,403276.0,241966.0,0.0,2024-12-11
T846347,2024-12,524418.0,314651.0,0.0,2025-01-19
T846347,2025-01,184037.0,110422.0,0.0,2025-02-11
T846347,2025-02,306333.0,183800.0,0.0,2025-03-05
T846347,2025-03,462018.0,277211.0,0.0,2025-04-20
T846347,2025-04,806614.0,483968.0,0.0,2025-05-10
T846347,2025-05,425675.0,255405.0,0.0,2025-06-16
T846347,2025-06,237996.0,142798.0,0.0,2025-07-23
T846347,2025-07,523473.0,314084.0,0.0,2025-08-17
T846347,2025-08,448386.0,269031.0,0.0,2025-09-06
T846347,2025-09,530997.0,318598.0,0.0,2025-10-13
T846347,2025-10,2760770.0,1804367.0,174906.0,2025-11-22
T846347,2025-11,305492.0,183295.0,0.0,2025-12-07
T846347,2025-12,415742.0,249445.0,0.0,2026-01-22
T846347,2026-01,690069.0,414041.0,0.0,2026-02-23
T846347,2026-02,307260.0,184356.0,0.0,2026-03-17
T846347,2026-03,561506.0,336904.0,0.0,2026-04-24
T846347,2026-04,1283152.0,769891.0,0.0,2026-05-24
T846347,2026-05,250339.0,150204.0,0.0,2026-06-19
T846347,2026-06,413772.0,248263.0,0.0,2026-07-07
T846347,2026-07,591223.0,354734.0,0.0,2026-08-19
T846347,2026-08,453205.0,271923.0,0.0,2026-09-12
T846347,2026-09,259887.0,155932.0,0.0,2026-10-24
T325617,2024-10,328105.0,196863.0,0.0,2024-11-13
T325617,2024-11,346420.0,207852.0,0.0,2024-12-24
T325617,2024-12,381261.0,228757.0,0.0,2025-01-19
T325617,2025-01,761558.0,456935.0,0.0,2025-02-13
T325617,2025-02,265109.0,159065.0,0.0,2025-03-09
T325617,2025-03,212801.0,127681.0,0.0,2025-04-24
T325617,2025-04,18313520.0,11167755.0,1306453.0,2025-05-19
T325617,2025-05,356996.0,214198.0,0.0,2025-06-09
T325617,2025-06,396948.0,238169.0,0.0,2025-07-07
T325617,2025-07,226114.0,135668.0,0.0,2025-08-06
T325617,2025-08,39889895.0,24325229.0,2424723.0,2025-09-09
T325617,2025-09,693177.0,415906.0,0.0,2025-10-15
T325617,2025-10,290172.0,174103.0,0.0,2025-11-10
T325617,2025-11,724266.0,434560.0,0.0,2025-12-16
T325617,2025-12,275090.0,165054.0,0.0,2026-01-22
T325617,2026-01,306860.0,184116.0,0.0,2026-02-12
T325617,2026-02,354370.0,212622.0,0.0,2026-03-13
T325617,2026-03,875182.0,525109.0,0.0,2026-04-19
T325617,2026-04,534602.0,320761.0,0.0,2026-05-14
T325617,2026-05,608863.0,365318.0,0.0,2026-06-12
T325617,2026-06,422272.0,253363.0,0.0,2026-07-16
T325617,2026-07,397993.0,238796.0,0.0,2026-08-15
T325617,2026-08,331926.0,199156.0,0.0,2026-09-05
T325617,2026-09,179701.0,107821.0,0.0,2026-10-16
T562485,2024-10,212600.0,127560.0,0.0,2024-11-20
T562485,2024-11,270284.0,162170.0,0.0,2024-12-16
T562485,2024-12,271556.0,162933.0,0.0,2025-01-13
T562485,2025-01,12517250.0,9092549.0,967136.0,2025-02-05
T562485,2025-02,267454.0,160472.0,0.0,2025-03-16
T562485,2025-03,2302575.0,1672594.0,153654.0,2025-04-11
T562485,2025-04,196136.0,117681.0,0.0,2025-05-14
T562485,2025-05,153923.0,92354.0,0.0,2025-06-20
T562485,2025-06,207836.0,124702.0,0.0,2025-07-24
T562485,2025-07,417557.0,250534.0,0.0,2025-08-05
T562485,2025-08,491515.0,294909.0,0.0,2025-09-22
T562485,2025-09,5007529.0,3637476.0,318348.0,2025-10-20
T562485,2025-10,175335.0,105201.0,0.0,2025-11-15
T562485,2025-11,3423113.0,2486554.0,226212.0,2025-12-09
T562485,2025-12,325419.0,195251.0,0.0,2026-01-16
T562485,2026-01,155158.0,93095.0,0.0,2026-02-22
T562485,2026-02,899802.0,539881.0,0.0,2026-03-24
T562485,2026-03,389359.0,233615.0,0.0,2026-04-20
T562485,2026-04,670938.0,402563.0,0.0,2026-05-17
T562485,2026-05,442939.0,265763.0,0.0,2026-06-24
T562485,2026-06,1202862.0,721717.0,0.0,2026-07-21
T562485,2026-07,2234840.0,1623391.0,179444.0,2026-08-22
T562485,2026-08,413003.0,247802.0,0.0,2026-09-24
T562485,2026-09,288660.0,173196.0,0.0,2026-10-05
T1099,2024-10,12887219.0,7427348.0,700605.0,2024-11-13
T1099,2024-11,259763.0,155858.0,0.0,2024-12-08
T1099,2024-12,315075.0,189045.0,0.0,2025-01-17
T1099,2025-01,117271.0,70362.0,0.0,2025-02-15
T1099,2025-02,274341.0,164605.0,0.0,2025-03-07
T1099,2025-03,683714.0,410228.0,0.0,2025-04-23
T1099,2025-04,881442.0,528865.0,0.0,2025-05-16
T1099,2025-05,393634.0,236180.0,0.0,2025-06-10
T1099,2025-06,15466417.0,8913829.0,793313.0,2025-07-11
T1099,2025-07,216602.0,129961.0,0.0,2025-08-12
T1099,2025-08,313026.0,187815.0,0.0,2025-09-24
T1099,2025-09,388611.0,233167.0,0.0,2025-10-05
T1099,2025-10,247565.0,148539.0,0.0,2025-11-16
T1099,2025-11,418380.0,251028.0,0.0,2025-12-21
T1099,2025-12,621829.0,373097.0,0.0,2026-01-19
T1099,2026-01,40716025.0,23466047.0,2172182.0,2026-02-24
T1099,2026-02,327817.0,196690.0,0.0,2026-03-24
T1099,2026-03,209680.0,125808.0,0.0,2026-04-09
T1099,2026-04,136909.0,82145.0,0.0,2026-05-20
T1099,2026-05,181970.0,109182.0,0.0,2026-06-16
T1099,2026-06,181369.0,108821.0,0.0,2026-07-07
T1099,2026-07,355454.0,213272.0,0.0,2026-08-05
T1099,2026-08,472535.0,283521.0,0.0,2026-09-13
T1099,2026-09,826436.0,495862.0,0.0,2026-10-16
T584839,2024-10,27623670.0,16675543.0,1733185.0,2024-11-13
T584839,2024-11,53785726.0,32468755.0,3208194.0,2024-12-20
T584839,2024-12,57900638.0,34952798.0,3659083.0,2025-01-22
T584839,2025-01,40187603.0,24259995.0,2442003.0,2025-02-21
T584839,2025-02,12225072.0,7379892.0,686366.0,2025-03-17
T584839,2025-03,43941800.0,26526286.0,2565657.0,2025-04-17
T584839,2025-04,58870241.0,35538117.0,3453477.0,2025-05-06
T584839,2025-05,86054780.0,51948571.0,5313667.0,2025-06-21
T584839,2025-06,59662256.0,36016232.0,3354581.0,2025-07-10
T584839,2025-07,82081830.0,49550226.0,5080054.0,2025-08-11
T584839,2025-08,32829509.0,19818145.0,1940638.0,2025-09-11
T584839,2025-09,22230827.0,13420053.0,1264148.0,2025-10-12
T584839,2025-10,26734169.0,16138579.0,1553512.0,2025-11-15
T584839,2025-11,29924612.0,18064549.0,1735342.0,2025-12-11
T584839,2025-12,5632252.0,3400014.0,300303.0,2026-01-18
T584839,2026-01,24455975.0,14763305.0,1535787.0,2026-02-12
T584839,2026-02,43247005.0,26106860.0,2527622.0,2026-03-10
T584839,2026-03,99785685.0,60237487.0,5757913.0,2026-04-11
T584839,2026-04,196316.0,117789.0,0.0,2026-05-21
T584839,2026-05,74886080.0,45206377.0,4712874.0,2026-06-08
T584839,2026-06,69554397.0,41987807.0,4195237.0,2026-07-10
T584839,2026-07,19433544.0,11731421.0,1115150.0,2026-08-05
T584839,2026-08,56378386.0,34033863.0,3386312.0,2026-09-08
T584839,2026-09,110781002.0,66875016.0,6222316.0,2026-10-12
T889052,2024-10,342333.0,205400.0,0.0,2024-11-22
T889052,2024-11,1218538.0,731123.0,0.0,2024-12-18
T889052,2024-12,288113.0,172868.0,0.0,2025-01-14
T889052,2025-01,345622.0,207373.0,0.0,2025-02-18
T889052,2025-02,116136.0,69682.0,0.0,2025-03-12
T889052,2025-03,395599.0,237359.0,0.0,2025-04-22
T889052,2025-04,398198.0,238919.0,0.0,2025-05-21
T889052,2025-05,16109496.0,10109691.0,1069761.0,2025-06-11
T889052,2025-06,89456.0,53673.0,0.0,2025-07-24
T889052,2025-07,275255.0,165153.0,0.0,2025-08-21
T889052,2025-08,2173088.0,1363745.0,145537.0,2025-09-19
T889052,2025-09,370166.0,222100.0,0.0,2025-10-19
T889052,2025-10,376395.0,225837.0,0.0,2025-11-14
T889052,2025-11,8357891.0,5245087.0,459221.0,2025-12-19
T889052,2025-12,254783.0,152870.0,0.0,2026-01-13
T889052,2026-01,59264434.0,37192047.0,4144635.0,2026-02-24
T889052,2026-02,460509.0,276305.0,0.0,2026-03-08
T889052,2026-03,1106273.0,663764.0,0.0,2026-04-23
T889052,2026-04,431750.0,259050.0,0.0,2026-05-05
T889052,2026-05,220741.0,132444.0,0.0,2026-06-24
T889052,2026-06,335384.0,201231.0,0.0,2026-07-16
T889052,2026-07,23240183.0,14584632.0,1534335.0,2026-08-24
T889052,2026-08,492241.0,295345.0,0.0,2026-09-11
T889052,2026-09,384605.0,230763.0,0.0,2026-10-15
T1140,2024-10,245035.0,147021.0,0.0,2024-11-21
T1140,2024-11,1359781.0,815869.0,0.0,2024-12-08
T1140,2024-12,327306.0,196384.0,0.0,2025-01-06
T1140,2025-01,272216.0,163329.0,0.0,2025-02-21
T1140,2025-02,367496.0,220498.0,0.0,2025-03-06
T1140,2025-03,191136.0,114682.0,0.0,2025-04-13
T1140,2025-04,397260.0,238356.0,0.0,2025-05-21
T1140,2025-05,368038.0,220823.0,0.0,2025-06-05
T1140,2025-06,1759407.0,1055644.0,0.0,2025-07-20
T1140,2025-07,240611.0,144366.0,0.0,2025-08-06
T1140,2025-08,249890.0,149934.0,0.0,2025-09-17
T1140,2025-09,1062925.0,637755.0,0.0,2025-10-07
T1140,2025-10,538321.0,322993.0,0.0,2025-11-18
T1140,2025-11,237931.0,142759.0,0.0,2025-12-11
T1140,2025-12,431658.0,258995.0,0.0,2026-01-12
T1140,2026-01,246424.0,147854.0,0.0,2026-02-06
T1140,2026-02,281273.0,168764.0,0.0,2026-03-11
T1140,2026-03,799764.0,479858.0,0.0,2026-04-14
T1140,2026-04,645947.0,387568.0,0.0,2026-05-22
T1140,2026-05,594139.0,356484.0,0.0,2026-06-06
T1140,2026-06,480628.0,288377.0,0.0,2026-07-21
T1140,2026-07,564772.0,338863.0,0.0,2026-08-06
T1140,2026-08,887645.0,532587.0,0.0,2026-09-08
T1140,2026-09,244166.0,146499.0,0.0,2026-10-22
T657557,2024-10,329195.0,197517.0,0.0,2024-11-05
T657557,2024-11,191993.0,115196.0,0.0,2024-12-11
T657557,2024-12,173900.0,104340.0,0.0,2025-01-05
T657557,2025-01,549179.0,329508.0,0.0,2025-02-19
T657557,2025-02,188466.0,113079.0,0.0,2025-03-24
T657557,2025-03,322535.0,193521.0,0.0,2025-04-13
T657557,2025-04,192851.0,115711.0,0.0,2025-05-22
T657557,2025-05,274495.0,164697.0,0.0,2025-06-18
T657557,2025-06,301945.0,181167.0,0.0,2025-07-21
T657557,2025-07,857845.0,514707.0,0.0,2025-08-14
T657557,2025-08,630808.0,378485.0,0.0,2025-09-16
T657557,2025-09,370261.0,222157.0,0.0,2025-10-17
T657557,2025-10,521006.0,312604.0,0.0,2025-11-17
T657557,2025-11,420038.0,252023.0,0.0,2025-12-14
T657557,2025-12,309457.0,185674.0,0.0,2026-01-13
T657557,2026-01,463475.0,278085.0,0.0,2026-02-06
T657557,2026-02,149037.0,89422.0,0.0,2026-03-20
T657557,2026-03,184036.0,110421.0,0.0,2026-04-05
T657557,2026-04,159206.0,95524.0,0.0,2026-05-17
T657557,2026-05,964468.0,578681.0,0.0,2026-06-22
T657557,2026-06,7217666.0,4524461.0,455155.0,2026-07-08
T657557,2026-07,313920.0,188352.0,0.0,2026-08-09
T657557,2026-08,190995.0,114597.0,0.0,2026-09-17
T657557,2026-09,252330.0,151398.0,0.0,2026-10-16
T161537,2024-10,5512696.0,3201112.0,286072.0,2024-11-24
T161537,2024-11,643340.0,386004.0,0.0,2024-12-14
T161537,2024-12,4771649.0,2770801.0,269906.0,2025-01-14
T161537,2025-01,352191.0,211314.0,0.0,2025-02-08
T161537,2025-02,154584.0,92750.0,0.0,2025-03-15
T161537,2025-03,374156.0,224494.0,0.0,2025-04-05
T161537,2025-04,261276.0,156765.0,0.0,2025-05-20
T161537,2025-05,143598.0,86159.0,0.0,2025-06-10
T161537,2025-06,422268.0,253361.0,0.0,2025-07-08
T161537,2025-07,917458.0,550475.0,0.0,2025-08-22
T161537,2025-08,7986741.0,4637741.0,416415.0,2025-09-11
T161537,2025-09,18411982.0,10691469.0,975010.0,2025-10-24
T161537,2025-10,114928.0,68957.0,0.0,2025-11-20
T161537,2025-11,13025962.0,7563915.0,679561.0,2025-12-14
T161537,2025-12,4607826.0,2675672.0,251940.0,2026-01-13
T161537,2026-01,1861455.0,1080909.0,97992.0,2026-02-23
T161537,2026-02,2600809.0,1510237.0,142690.0,2026-03-22
T161537,2026-03,321904.0,193143.0,0.0,2026-04-10
T161537,2026-04,539778.0,323867.0,0.0,2026-05-20
T161537,2026-05,288564.0,173138.0,0.0,2026-06-09
T161537,2026-06,324472.0,194683.0,0.0,2026-07-21
T161537,2026-07,1369136.0,795030.0,76830.0,2026-08-09
T161537,2026-08,2973844.0,1726852.0,154771.0,2026-09-07
T161537,2026-09,396543.0,237926.0,0.0,2026-10-14
T534402,2024-10,629963.0,377978.0,0.0,2024-11-18
T534402,2024-11,287453.0,172472.0,0.0,2024-12-24
T534402,2024-12,449126.0,269476.0,0.0,2025-01-23
T534402,2025-01,338692.0,203215.0,0.0,2025-02-16
T534402,2025-02,730251.0,438150.0,0.0,2025-03-06
T534402,2025-03,580759.0,348456.0,0.0,2025-04-19
T534402,2025-04,567130.0,340278.0,0.0,2025-05-09
T534402,2025-05,395715.0,237429.0,0.0,2025-06-18
T534402,2025-06,553535.0,332121.0,0.0,2025-07-15
T534402,2025-07,526925.0,316155.0,0.0,2025-08-06
T534402,2025-08,687364.0,412418.0,0.0,2025-09-20
T534402,2025-09,5495538.0,3352162.0,339572.0,2025-10-22
T534402,2025-10,712095.0,427257.0,0.0,2025-11-17
T534402,2025-11,6148934.0,3750720.0,365258.0,2025-12-21
T534402,2025-12,30602385.0,18666808.0,1851686.0,2026-01-16
T534402,2026-01,230313.0,138188.0,0.0,2026-02-06
T534402,2026-02,786007.0,471604.0,0.0,2026-03-16
T534402,2026-03,289321.0,173593.0,0.0,2026-04-06
T534402,2026-04,513789.0,308274.0,0.0,2026-05-19
T534402,2026-05,2750412.0,1677693.0,170691.0,2026-06-21
T534402,2026-06,422647.0,253588.0,0.0,2026-07-21
T534402,2026-07,405546.0,243328.0,0.0,2026-08-24
T534402,2026-08,174930.0,104958.0,0.0,2026-09-22
T534402,2026-09,297851.0,178710.0,0.0,2026-10-24
T1092,2024-10,237247.0,142348.0,0.0,2024-11-16
T1092,2024-11,457517.0,274510.0,0.0,2024-12-11
T1092,2024-12,171096.0,102658.0,0.0,2025-01-20
T1092,2025-01,254623.0,152774.0,0.0,2025-02-14
T1092,2025-02,265152.0,159091.0,0.0,2025-03-21
T1092,2025-03,380448.0,228269.0,0.0,2025-04-13
T1092,2025-04,401814.0,241088.0,0.0,2025-05-12
T1092,2025-05,381500.0,228900.0,0.0,2025-06-06
T1092,2025-06,503189.0,301913.0,0.0,2025-07-09
T1092,2025-07,7955680.0,5573282.0,543376.0,2025-08-18
T1092,2025-08,593769.0,356261.0,0.0,2025-09-23
T1092,2025-09,128756.0,77254.0,0.0,2025-10-14
T1092,2025-10,440149.0,264089.0,0.0,2025-11-08
T1092,2025-11,317428.0,190457.0,0.0,2025-12-08
T1092,2025-12,246047.0,147628.0,0.0,2026-01-22
T1092,2026-01,237688.0,142613.0,0.0,2026-02-17
T1092,2026-02,827035.0,496221.0,0.0,2026-03-05
T1092,2026-03,398585.0,239151.0,0.0,2026-04-07
T1092,2026-04,695160.0,417096.0,0.0,2026-05-15
T1092,2026-05,319066.0,191440.0,0.0,2026-06-15
T1092,2026-06,630341.0,378205.0,0.0,2026-07-24
T1092,2026-07,218392.0,131035.0,0.0,2026-08-19
T1092,2026-08,627777.0,376666.0,0.0,2026-09-19
T1092,2026-09,540407.0,324244.0,0.0,2026-10-10
T503387,2024-10,275788.0,165473.0,0.0,2024-11-12
T503387,2024-11,768339.0,461003.0,0.0,2024-12-17
T503387,2024-12,697163.0,418298.0,0.0,2025-01-15
T503387,2025-01,272833.0,163700.0,0.0,2025-02-15
T503387,2025-02,4507002.0,3030829.0,278470.0,2025-03-23
T503387,2025-03,532498.0,319499.0,0.0,2025-04-21
T503387,2025-04,477907.0,286744.0,0.0,2025-05-14
T503387,2025-05,432704.0,259623.0,0.0,2025-06-11
T503387,2025-06,562196.0,337318.0,0.0,2025-07-17
T503387,2025-07,807928.0,484757.0,0.0,2025-08-24
T503387,2025-08,443009.0,265805.0,0.0,2025-09-14
T503387,2025-09,25104961.0,16882363.0,1685654.0,2025-10-18
T503387,2025-10,260065.0,156039.0,0.0,2025-11-21
T503387,2025-11,566503.0,339902.0,0.0,2025-12-12
T503387,2025-12,493459.0,296075.0,0.0,2026-01-13
T503387,2026-01,340695.0,204417.0,0.0,2026-02-14
T503387,2026-02,458667.0,275200.0,0.0,2026-03-16
T503387,2026-03,878356.0,527014.0,0.0,2026-04-23
T503387,2026-04,277652.0,166591.0,0.0,2026-05-09
T503387,2026-05,160637.0,96382.0,0.0,2026-06-09
T503387,2026-06,636463.0,381878.0,0.0,2026-07-05
T503387,2026-07,354957.0,212974.0,0.0,2026-08-15
T503387,2026-08,388826.0,233296.0,0.0,2026-09-08
T503387,2026-09,581686.0,349011.0,0.0,2026-10-13
T727475,2024-10,531565.0,318939.0,0.0,2024-11-13
T727475,2024-11,294789.0,176874.0,0.0,2024-12-16
T727475,2024-12,564326.0,338596.0,0.0,2025-01-09
T727475,2025-01,625440.0,375264.0,0.0,2025-02-09
T727475,2025-02,983052.0,589831.0,0.0,2025-03-12
T727475,2025-03,760323.0,456194.0,0.0,2025-04-22
T727475,2025-04,169564.0,101739.0,0.0,2025-05-21
T727475,2025-05,812878.0,487727.0,0.0,2025-06-06
T727475,2025-06,259223.0,155534.0,0.0,2025-07-15
T727475,2025-07,135341.0,81205.0,0.0,2025-08-23
T727475,2025-08,153005.0,91803.0,0.0,2025-09-18
T727475,2025-09,389911.0,233947.0,0.0,2025-10-12
T727475,2025-10,199916.0,119950.0,0.0,2025-11-10
T727475,2025-11,719211.0,431527.0,0.0,2025-12-10
T727475,2025-12,800045.0,480027.0,0.0,2026-01-18
T727475,2026-01,452748.0,271649.0,0.0,2026-02-06
T727475,2026-02,474217.0,284530.0,0.0,2026-03-20
T727475,2026-03,697250.0,418350.0,0.0,2026-04-08
T727475,2026-04,294872.0,176923.0,0.0,2026-05-22
T727475,2026-05,419397.0,251638.0,0.0,2026-06-11
T727475,2026-06,693383.0,416030.0,0.0,2026-07-12
T727475,2026-07,325451.0,195270.0,0.0,2026-08-10
T727475,2026-08,282623.0,169574.0,0.0,2026-09-14
T727475,2026-09,336787.0,202072.0,0.0,2026-10-24
T805938,2024-10,312302.0,187381.0,0.0,2024-11-14
T805938,2024-11,550483.0,330290.0,0.0,2024-12-18
T805938,2024-12,413120.0,247872.0,0.0,2025-01-21
T805938,2025-01,393832.0,236299.0,0.0,2025-02-05
T805938,2025-02,498803.0,299282.0,0.0,2025-03-24
T805938,2025-03,367403.0,220442.0,0.0,2025-04-08
T805938,2025-04,1575149.0,945090.0,0.0,2025-05-10
T805938,2025-05,416900.0,250140.0,0.0,2025-06-08
T805938,2025-06,295559.0,177335.0,0.0,2025-07-23
T805938,2025-07,597246.0,358348.0,0.0,2025-08-20
T805938,2025-08,646334.0,387800.0,0.0,2025-09-11
T805938,2025-09,579402.0,347641.0,0.0,2025-10-11
T805938,2025-10,544519.0,326711.0,0.0,2025-11-23
T805938,2025-11,345202.0,207121.0,0.0,2025-12-05
T805938,2025-12,502700.0,301620.0,0.0,2026-01-05
T805938,2026-01,586325.0,351795.0,0.0,2026-02-08
T805938,2026-02,354760.0,212856.0,0.0,2026-03-16
T805938,2026-03,600927.0,360556.0,0.0,2026-04-21
T805938,2026-04,185655.0,111393.0,0.0,2026-05-15
T805938,2026-05,307119.0,184271.0,0.0,2026-06-09
T805938,2026-06,1128114.0,676868.0,0.0,2026-07-20
T805938,2026-07,468314.0,280988.0,0.0,2026-08-13
T805938,2026-08,413321.0,247993.0,0.0,2026-09-09
T805938,2026-09,175072.0,105043.0,0.0,2026-10-21
T920396,2024-10,265233.0,159140.0,0.0,2024-11-20
T920396,2024-11,475255.0,285153.0,0.0,2024-12-13
T920396,2024-12,405173.0,243104.0,0.0,2025-01-18
T920396,2025-01,218977.0,131386.0,0.0,2025-02-16
T920396,2025-02,367177.0,220306.0,0.0,2025-03-13
T920396,2025-03,461598.0,276959.0,0.0,2025-04-19
T920396,2025-04,644845.0,386907.0,0.0,2025-05-15
T920396,2025-05,87885.0,52731.0,0.0,2025-06-17
T920396,2025-06,520327.0,312196.0,0.0,2025-07-05
T920396,2025-07,210480.0,126288.0,0.0,2025-08-11
T920396,2025-08,193208.0,115925.0,0.0,2025-09-22
T920396,2025-09,296139.0,177683.0,0.0,2025-10-17
T920396,2025-10,686847.0,412108.0,0.0,2025-11-22
T920396,2025-11,325007.0,195004.0,0.0,2025-12-13
T920396,2025-12,189500.0,113700.0,0.0,2026-01-21
T920396,2026-01,525524.0,315314.0,0.0,2026-02-18
T920396,2026-02,544439.0,326663.0,0.0,2026-03-15
T920396,2026-03,297437.0,178462.0,0.0,2026-04-09
T920396,2026-04,332569.0,199541.0,0.0,2026-05-24
T920396,2026-05,461429.0,276858.0,0.0,2026-06-22
T920396,2026-06,412691.0,247615.0,0.0,2026-07-21
T920396,2026-07,202137.0,121282.0,0.0,2026-08-16
T920396,2026-08,298241.0,178945.0,0.0,2026-09-08
T920396,2026-09,500160.0,300096.0,0.0,2026-10-11
T453844,2024-10,423843.0,254306.0,0.0,2024-11-24
T453844,2024-11,115479131.0,67510835.0,6371787.0,2024-12-09
T453844,2024-12,212519.0,127511.0,0.0,2025-01-06
T453844,2025-01,49192613.0,28758740.0,2531288.0,2025-02-20
T453844,2025-02,272733.0,163640.0,0.0,2025-03-16
T453844,2025-03,172408.0,103445.0,0.0,2025-04-24
T453844,2025-04,434940.0,260964.0,0.0,2025-05-11
T453844,2025-05,229393.0,137636.0,0.0,2025-06-20
T453844,2025-06,196582447.0,114925052.0,10472956.0,2025-07-23
T453844,2025-07,564851.0,338911.0,0.0,2025-08-10
T453844,2025-08,39798089.0,23266561.0,2279446.0,2025-09-07
T453844,2025-09,414810.0,248886.0,0.0,2025-10-06
T453844,2025-10,63315343.0,37015101.0,3404225.0,2025-11-19
T453844,2025-11,144077841.0,84230070.0,8260681.0,2025-12-13
T453844,2025-12,82167220.0,48036191.0,4698444.0,2026-01-23
T453844,2026-01,48671158.0,28453890.0,2673142.0,2026-02-06
T453844,2026-02,286018.0,171611.0,0.0,2026-03-16
T453844,2026-03,343860.0,206316.0,0.0,2026-04-10
T453844,2026-04,15287030.0,8937027.0,825539.0,2026-05-16
T453844,2026-05,8049358.0,4705776.0,413651.0,2026-06-17
T453844,2026-06,67258778.0,39320492.0,3736518.0,2026-07-14
T453844,2026-07,17681486.0,10336862.0,946216.0,2026-08-10
T453844,2026-08,166283626.0,97211906.0,9439777.0,2026-09-08
T453844,2026-09,12908489.0,7546496.0,696322.0,2026-10-13
T591982,2024-10,205117.0,123070.0,0.0,2024-11-05
T591982,2024-11,250271.0,150162.0,0.0,2024-12-18
T591982,2024-12,569974.0,341984.0,0.0,2025-01-23
T591982,2025-01,451357.0,270814.0,0.0,2025-02-11
T591982,2025-02,600005.0,360003.0,0.0,2025-03-09
T591982,2025-03,265928.0,159557.0,0.0,2025-04-22
T591982,2025-04,682866.0,409720.0,0.0,2025-05-16
T591982,2025-05,286320.0,171792.0,0.0,2025-06-20
T591982,2025-06,575268.0,345161.0,0.0,2025-07-13
T591982,2025-07,249391.0,149635.0,0.0,2025-08-11
T591982,2025-08,854417.0,512650.0,0.0,2025-09-20
T591982,2025-09,327554.0,196533.0,0.0,2025-10-08
T591982,2025-10,216910.0,130146.0,0.0,2025-11-13
T591982,2025-11,331648.0,198989.0,0.0,2025-12-11
T591982,2025-12,187929.0,112758.0,0.0,2026-01-11
T591982,2026-01,579078.0,347447.0,0.0,2026-02-13
T591982,2026-02,677190.0,406314.0,0.0,2026-03-07
T591982,2026-03,165703.0,99422.0,0.0,2026-04-13
T591982,2026-04,335747.0,201448.0,0.0,2026-05-05
T591982,2026-05,743920.0,446352.0,0.0,2026-06-17
T591982,2026-06,469051.0,281431.0,0.0,2026-07-17
T591982,2026-07,740499.0,444299.0,0.0,2026-08-17
T591982,2026-08,995166.0,597099.0,0.0,2026-09-10
T591982,2026-09,541212.0,324727.0,0.0,2026-10-10
T717158,2024-10,566904.0,340143.0,0.0,2024-11-23
T717158,2024-11,669466.0,401679.0,0.0,2024-12-14
T717158,2024-12,549168.0,329501.0,0.0,2025-01-15
T717158,2025-01,306839.0,184104.0,0.0,2025-02-22
T717158,2025-02,452953.0,271772.0,0.0,2025-03-19
T717158,2025-03,521745.0,313047.0,0.0,2025-04-14
T717158,2025-04,381244.0,228746.0,0.0,2025-05-17
T717158,2025-05,179700.0,107820.0,0.0,2025-06-10
T717158,2025-06,473086.0,283852.0,0.0,2025-07-09
T717158,2025-07,252532.0,151519.0,0.0,2025-08-17
T717158,2025-08,741905.0,445143.0,0.0,2025-09-19
T717158,2025-09,331602.0,198961.0,0.0,2025-10-23
T717158,2025-10,340119.0,204071.0,0.0,2025-11-22
T717158,2025-11,292313.0,175388.0,0.0,2025-12-10
T717158,2025-12,336219.0,201731.0,0.0,2026-01-11
T717158,2026-01,797902.0,478741.0,0.0,2026-02-05
T717158,2026-02,443140.0,265884.0,0.0,2026-03-11
T717158,2026-03,356744.0,214046.0,0.0,2026-04-10
T717158,2026-04,564643.0,338786.0,0.0,2026-05-19
T717158,2026-05,1026328.0,615797.0,0.0,2026-06-08
T717158,2026-06,148114.0,88869.0,0.0,2026-07-20
T717158,2026-07,260267.0,156160.0,0.0,2026-08-12
T717158,2026-08,194023.0,116414.0,0.0,2026-09-07
T717158,2026-09,230546.0,138328.0,0.0,2026-10-22
T139636,2024-10,292166.0,175299.0,0.0,2024-11-07
T139636,2024-11,565895.0,339537.0,0.0,2024-12-20
T139636,2024-12,380513.0,228308.0,0.0,2025-01-18
T139636,2025-01,593942.0,356365.0,0.0,2025-02-06
T139636,2025-02,365840.0,219504.0,0.0,2025-03-05
T139636,2025-03,527358.0,316415.0,0.0,2025-04-24
T139636,2025-04,306057.0,183634.0,0.0,2025-05-19
T139636,2025-05,368042.0,220825.0,0.0,2025-06-06
T139636,2025-06,330415.0,198249.0,0.0,2025-07-19
T139636,2025-07,371991.0,223195.0,0.0,2025-08-22
T139636,2025-08,13219286.0,8718129.0,835396.0,2025-09-08
T139636,2025-09,421630.0,252978.0,0.0,2025-10-23
T139636,2025-10,604565.0,362739.0,0.0,2025-11-19
T139636,2025-11,509717.0,305830.0,0.0,2025-12-05
T139636,2025-12,1137632.0,682579.0,0.0,2026-01-24
T139636,2026-01,477648.0,286589.0,0.0,2026-02-10
T139636,2026-02,173420.0,104052.0,0.0,2026-03-12
T139636,2026-03,315143.0,189086.0,0.0,2026-04-10
T139636,2026-04,705887.0,423532.0,0.0,2026-05-13
T139636,2026-05,156334.0,93801.0,0.0,2026-06-09
T139636,2026-06,18236361.0,12026893.0,1118316.0,2026-07-17
T139636,2026-07,673671.0,404203.0,0.0,2026-08-10
T139636,2026-08,284253.0,170552.0,0.0,2026-09-22
T139636,2026-09,329668.0,197801.0,0.0,2026-10-05
T1137,2024-10,448533.0,269120.0,0.0,2024-11-14
T1137,2024-11,320389.0,192233.0,0.0,2024-12-13
T1137,2024-12,216810.0,130086.0,0.0,2025-01-08
T1137,2025-01,1006898.0,604139.0,0.0,2025-02-19
T1137,2025-02,344999.0,207000.0,0.0,2025-03-22
T1137,2025-03,569369.0,341621.0,0.0,2025-04-08
T1137,2025-04,602744.0,361646.0,0.0,2025-05-19
T1137,2025-05,243353.0,146012.0,0.0,2025-06-06
T1137,2025-06,605638.0,363383.0,0.0,2025-07-07
T1137,2025-07,624018.0,374411.0,0.0,2025-08-12
T1137,2025-08,346998.0,208199.0,0.0,2025-09-09
T1137,2025-09,412552.0,247531.0,0.0,2025-10-20
T1137,2025-10,216324.0,129795.0,0.0,2025-11-07
T1137,2025-11,365198.0,219119.0,0.0,2025-12-20
T1137,2025-12,275284.0,165170.0,0.0,2026-01-22
T1137,2026-01,798808.0,479285.0,0.0,2026-02-11
T1137,2026-02,54606308.0,33051736.0,2963189.0,2026-03-16
T1137,2026-03,625502.0,375301.0,0.0,2026-04-09
T1137,2026-04,276554.0,165932.0,0.0,2026-05-11
T1137,2026-05,14721239.0,8910372.0,856246.0,2026-06-08
T1137,2026-06,245970.0,147582.0,0.0,2026-07-14
T1137,2026-07,357501.0,214501.0,0.0,2026-08-17
T1137,2026-08,536466.0,321880.0,0.0,2026-09-23
T1137,2026-09,227664.0,136598.0,0.0,2026-10-21
T535233,2024-10,586650.0,351990.0,0.0,2024-11-08
T535233,2024-11,155427.0,93256.0,0.0,2024-12-20
T535233,2024-12,269365.0,161619.0,0.0,2025-01-21
T535233,2025-01,3649015.0,2610791.0,267125.0,2025-02-19
T535233,2025-02,2108641.0,1508686.0,174381.0,2025-03-15
T535233,2025-03,625869.0,375522.0,0.0,2025-04-21
T535233,2025-04,782739.0,469643.0,0.0,2025-05-08
T535233,2025-05,9393449.0,6720808.0,758036.0,2025-06-10
T535233,2025-06,7342627.0,5253490.0,468333.0,2025-07-16
T535233,2025-07,341916.0,205150.0,0.0,2025-08-16
T535233,2025-08,154510.0,92706.0,0.0,2025-09-07
T535233,2025-09,593965.0,356379.0,0.0,2025-10-19
T535233,2025-10,282587.0,169552.0,0.0,2025-11-15
T535233,2025-11,417540.0,250524.0,0.0,2025-12-06
T535233,2025-12,752198.0,451319.0,0.0,2026-01-15
T535233,2026-01,938723.0,563234.0,0.0,2026-02-16
T535233,2026-02,380927.0,228556.0,0.0,2026-03-05
T535233,2026-03,3431952.0,2455487.0,272234.0,2026-04-13
T535233,2026-04,804314.0,482588.0,0.0,2026-05-13
T535233,2026-05,601689.0,361013.0,0.0,2026-06-12
T535233,2026-06,532633.0,319580.0,0.0,2026-07-19
T535233,2026-07,440582.0,264349.0,0.0,2026-08-08
T535233,2026-08,505647.0,303388.0,0.0,2026-09-24
T535233,2026-09,1095963.0,657578.0,0.0,2026-10-20
T137348,2024-10,357580.0,214548.0,0.0,2024-11-22
T137348,2024-11,547222.0,328333.0,0.0,2024-12-05
T137348,2024-12,1999191.0,1326351.0,123029.0,2025-01-24
T137348,2025-01,507409.0,304445.0,0.0,2025-02-07
T137348,2025-02,305396.0,183238.0,0.0,2025-03-17
T137348,2025-03,531229.0,318737.0,0.0,2025-04-24
T137348,2025-04,572766.0,343660.0,0.0,2025-05-24
T137348,2025-05,476573.0,285944.0,0.0,2025-06-24
T137348,2025-06,13845736.0,9185868.0,865484.0,2025-07-14
T137348,2025-07,4731013.0,3138761.0,303812.0,2025-08-16
T137348,2025-08,426150.0,255690.0,0.0,2025-09-10
T137348,2025-09,724487.0,434692.0,0.0,2025-10-19
T137348,2025-10,333780.0,200268.0,0.0,2025-11-10
T137348,2025-11,438453.0,263072.0,0.0,2025-12-22
T137348,2025-12,1228683.0,737210.0,0.0,2026-01-07
T137348,2026-01,518164.0,310898.0,0.0,2026-02-23
T137348,2026-02,351293.0,210776.0,0.0,2026-03-20
T137348,2026-03,3262125.0,2164237.0,204236.0,2026-04-05
T137348,2026-04,224716.0,134830.0,0.0,2026-05-07
T137348,2026-05,700332.0,464631.0,44118.0,2026-06-05
T137348,2026-06,426097.0,255658.0,0.0,2026-07-14
T137348,2026-07,11236341.0,7454681.0,708993.0,2026-08-05
T137348,2026-08,590094.0,354056.0,0.0,2026-09-05
T137348,2026-09,580254.0,348152.0,0.0,2026-10-10
T365686,2024-10,223933.0,134360.0,0.0,2024-11-09
T365686,2024-11,294836.0,176902.0,0.0,2024-12-07
T365686,2024-12,344341.0,206605.0,0.0,2025-01-14
T365686,2025-01,459516.0,275710.0,0.0,2025-02-05
T365686,2025-02,8212401.0,5900235.0,651715.0,2025-03-19
T365686,2025-03,2166439.0,1556488.0,138269.0,2025-04-07
T365686,2025-04,427310.0,256386.0,0.0,2025-05-06
T365686,2025-05,224761.0,134857.0,0.0,2025-06-12
T365686,2025-06,404688.0,242813.0,0.0,2025-07-17
T365686,2025-07,348122.0,208873.0,0.0,2025-08-11
T365686,2025-08,1026271.0,615762.0,0.0,2025-09-05
T365686,2025-09,1347811.0,808687.0,0.0,2025-10-14
T365686,2025-10,548342.0,329005.0,0.0,2025-11-16
T365686,2025-11,1772626.0,1273551.0,139648.0,2025-12-15
T365686,2025-12,324911.0,194947.0,0.0,2026-01-16
T365686,2026-01,316511.0,189907.0,0.0,2026-02-16
T365686,2026-02,590185.0,354111.0,0.0,2026-03-10
T365686,2026-03,6506933.0,4674935.0,425388.0,2026-04-09
T365686,2026-04,8552026.0,6144241.0,541026.0,2026-05-14
T365686,2026-05,591070.0,354642.0,0.0,2026-06-07
T365686,2026-06,473816.0,284289.0,0.0,2026-07-05
T365686,2026-07,573373.0,344024.0,0.0,2026-08-05
T365686,2026-08,494699.0,296820.0,0.0,2026-09-14
T365686,2026-09,856806.0,514083.0,0.0,2026-10-14
T665794,2024-10,806318.0,483791.0,0.0,2024-11-22
T665794,2024-11,522292.0,313375.0,0.0,2024-12-12
T665794,2024-12,121127.0,72676.0,0.0,2025-01-13
T665794,2025-01,8482019.0,5794302.0,539959.0,2025-02-06
T665794,2025-02,962822.0,577693.0,0.0,2025-03-15
T665794,2025-03,10767028.0,7355255.0,684684.0,2025-04-08
T665794,2025-04,199635.0,119781.0,0.0,2025-05-17
T665794,2025-05,13074132.0,8931302.0,840270.0,2025-06-10
T665794,2025-06,506735.0,304041.0,0.0,2025-07-09
T665794,2025-07,699425.0,419655.0,0.0,2025-08-05
T665794,2025-08,6728793.0,4596625.0,448529.0,2025-09-07
T665794,2025-09,461500.0,276900.0,0.0,2025-10-11
T665794,2025-10,459309.0,275586.0,0.0,2025-11-19
T665794,2025-11,378327.0,226996.0,0.0,2025-12-07
T665794,2025-12,394313.0,236588.0,0.0,2026-01-07
T665794,2026-01,351116.0,210670.0,0.0,2026-02-12
T665794,2026-02,35183064.0,24034526.0,2324231.0,2026-03-14
T665794,2026-03,322843.0,193706.0,0.0,2026-04-06
T665794,2026-04,264505.0,158703.0,0.0,2026-05-24
T665794,2026-05,299615.0,179769.0,0.0,2026-06-14
T665794,2026-06,229196.0,137517.0,0.0,2026-07-18
T665794,2026-07,234318.0,140591.0,0.0,2026-08-11
T665794,2026-08,402610.0,241566.0,0.0,2026-09-12
T665794,2026-09,775317.0,465190.0,0.0,2026-10-11
T741441,2024-10,329221.0,197532.0,0.0,2024-11-05
T741441,2024-11,126403.0,75842.0,0.0,2024-12-21
T741441,2024-12,721629.0,432977.0,0.0,2025-01-16
T741441,2025-01,177973.0,106784.0,0.0,2025-02-14
T741441,2025-02,527708.0,316625.0,0.0,2025-03-11
T741441,2025-03,916324.0,549794.0,0.0,2025-04-17
T741441,2025-04,710924.0,426555.0,0.0,2025-05-06
T741441,2025-05,262454.0,157473.0,0.0,2025-06-08
T741441,2025-06,495111.0,297067.0,0.0,2025-07-19
T741441,2025-07,162374.0,97424.0,0.0,2025-08-18
T741441,2025-08,266208.0,159725.0,0.0,2025-09-21
T741441,2025-09,235537.0,141322.0,0.0,2025-10-10
T741441,2025-10,8872734.0,5485833.0,532049.0,2025-11-21
T741441,2025-11,409578.0,245747.0,0.0,2025-12-13
T741441,2025-12,269282.0,161569.0,0.0,2026-01-15
T741441,2026-01,486090.0,291654.0,0.0,2026-02-08
T741441,2026-02,418118.0,250871.0,0.0,2026-03-12
T741441,2026-03,569614.0,341769.0,0.0,2026-04-06
T741441,2026-04,184077.0,110446.0,0.0,2026-05-14
T741441,2026-05,372709.0,223625.0,0.0,2026-06-19
T741441,2026-06,271558.0,162935.0,0.0,2026-07-19
T741441,2026-07,377400.0,226440.0,0.0,2026-08-23
T741441,2026-08,389740.0,233844.0,0.0,2026-09-20
T741441,2026-09,298237.0,178942.0,0.0,2026-10-10
T1086,2024-10,546979.0,328187.0,0.0,2024-11-23
T1086,2024-11,413316.0,247990.0,0.0,2024-12-07
T1086,2024-12,786465.0,471879.0,0.0,2025-01-15
T1086,2025-01,307050.0,184230.0,0.0,2025-02-16
T1086,2025-02,1738687.0,1118243.0,118873.0,2025-03-07
T1086,2025-03,348653.0,209192.0,0.0,2025-04-07
T1086,2025-04,818137.0,490882.0,0.0,2025-05-21
T1086,2025-05,387818.0,232691.0,0.0,2025-06-14
T1086,2025-06,272738.0,163643.0,0.0,2025-07-19
T1086,2025-07,628580.0,377148.0,0.0,2025-08-22
T1086,2025-08,27043708.0,17393255.0,1544018.0,2025-09-15
T1086,2025-09,407616.0,244569.0,0.0,2025-10-14
T1086,2025-10,5787909.0,3722514.0,328751.0,2025-11-10
T1086,2025-11,191879.0,115128.0,0.0,2025-12-14
T1086,2025-12,544730.0,326838.0,0.0,2026-01-23
T1086,2026-01,408241.0,244945.0,0.0,2026-02-20
T1086,2026-02,688211.0,412927.0,0.0,2026-03-18
T1086,2026-03,449728.0,269837.0,0.0,2026-04-23
T1086,2026-04,326320.0,195792.0,0.0,2026-05-17
T1086,2026-05,238220.0,142932.0,0.0,2026-06-17
T1086,2026-06,607492.0,364495.0,0.0,2026-07-06
T1086,2026-07,525503.0,315302.0,0.0,2026-08-23
T1086,2026-08,409620.0,245772.0,0.0,2026-09-11
T1086,2026-09,453137.0,271882.0,0.0,2026-10-23
T627121,2024-10,7606173.0,4709990.0,442054.0,2024-11-05
T627121,2024-11,21367960.0,13231737.0,1231688.0,2024-12-18
T627121,2024-12,28078413.0,17387067.0,1637988.0,2025-01-12
T627121,2025-01,12655873.0,7836929.0,695391.0,2025-02-23
T627121,2025-02,857590.0,531048.0,51116.0,2025-03-12
T627121,2025-03,23509649.0,14557940.0,1372666.0,2025-04-21
T627121,2025-04,54927138.0,34012672.0,3101604.0,2025-05-11
T627121,2025-05,5578306.0,3454269.0,317160.0,2025-06-16
T627121,2025-06,52370595.0,32429577.0,3041804.0,2025-07-15
T627121,2025-07,20954651.0,12975802.0,1213006.0,2025-08-22
T627121,2025-08,105864270.0,65554603.0,6000915.0,2025-09-23
T627121,2025-09,62937165.0,38972742.0,3528745.0,2025-10-11
T627121,2025-10,11839414.0,7331351.0,678055.0,2025-11-21
T627121,2025-11,18938603.0,11727400.0,1033312.0,2025-12-22
T627121,2025-12,51266419.0,31745836.0,2874751.0,2026-01-20
T627121,2026-01,9889956.0,6124183.0,566373.0,2026-02-07
T627121,2026-02,14840713.0,9189852.0,823602.0,2026-03-08
T627121,2026-03,26902960.0,16659189.0,1535225.0,2026-04-13
T627121,2026-04,15492930.0,9593727.0,867781.0,2026-05-18
T627121,2026-05,43246719.0,26779776.0,2505818.0,2026-06-11
T627121,2026-06,8317763.0,5150630.0,483536.0,2026-07-22
T627121,2026-07,8728371.0,5404891.0,506363.0,2026-08-19
T627121,2026-08,9194407.0,5693476.0,506372.0,2026-09-05
T627121,2026-09,17416675.0,10784972.0,979235.0,2026-10-08
T812269,2024-10,272670.0,163602.0,0.0,2024-11-07
T812269,2024-11,1037451.0,622471.0,0.0,2024-12-06
T812269,2024-12,600604.0,360362.0,0.0,2025-01-13
T812269,2025-01,209230.0,125538.0,0.0,2025-02-18
T812269,2025-02,16121409.0,10791488.0,1032284.0,2025-03-13
T812269,2025-03,8519396.0,5702787.0,533682.0,2025-04-13
T812269,2025-04,603622.0,362173.0,0.0,2025-05-20
T812269,2025-05,214685.0,128811.0,0.0,2025-06-11
T812269,2025-06,266708.0,160025.0,0.0,2025-07-05
T812269,2025-07,282271.0,169362.0,0.0,2025-08-18
T812269,2025-08,447339.0,268403.0,0.0,2025-09-09
T812269,2025-09,513066.0,307840.0,0.0,2025-10-05
T812269,2025-10,408554.0,245133.0,0.0,2025-11-24
T812269,2025-11,171908.0,103145.0,0.0,2025-12-17
T812269,2025-12,20734112.0,13879180.0,1274256.0,2026-01-21
T812269,2026-01,1537471.0,1029165.0,98604.0,2026-02-08
T812269,2026-02,710747.0,426448.0,0.0,2026-03-07
T812269,2026-03,1153682.0,772262.0,83950.0,2026-04-22
T812269,2026-04,695997.0,417598.0,0.0,2026-05-17
T812269,2026-05,788274.0,472964.0,0.0,2026-06-16
T812269,2026-06,226613.0,135968.0,0.0,2026-07-14
T812269,2026-07,366058.0,219635.0,0.0,2026-08-22
T812269,2026-08,191316.0,114790.0,0.0,2026-09-14
T812269,2026-09,289816.0,173890.0,0.0,2026-10-13
T987918,2024-10,473814.0,284289.0,0.0,2024-11-16
T987918,2024-11,372398.0,223439.0,0.0,2024-12-14
T987918,2024-12,717443.0,430466.0,0.0,2025-01-17
T987918,2025-01,586440.0,351864.0,0.0,2025-02-16
T987918,2025-02,380398.0,228239.0,0.0,2025-03-17
T987918,2025-03,289736.0,173842.0,0.0,2025-04-12
T987918,2025-04,726901.0,436140.0,0.0,2025-05-08
T987918,2025-05,463281.0,277969.0,0.0,2025-06-22
T987918,2025-06,1232004.0,739203.0,0.0,2025-07-23
T987918,2025-07,495945.0,297567.0,0.0,2025-08-13
T987918,2025-08,151323.0,90794.0,0.0,2025-09-16
T987918,2025-09,351242.0,210745.0,0.0,2025-10-10
T987918,2025-10,519000.0,311400.0,0.0,2025-11-22
T987918,2025-11,453732.0,272239.0,0.0,2025-12-16
T987918,2025-12,249488.0,149693.0,0.0,2026-01-09
T987918,2026-01,399756.0,239853.0,0.0,2026-02-10
T987918,2026-02,4959871.0,2869277.0,261829.0,2026-03-14
T987918,2026-03,151199.0,90719.0,0.0,2026-04-17
T987918,2026-04,425604.0,255362.0,0.0,2026-05-21
T987918,2026-05,226679.0,136008.0,0.0,2026-06-14
T987918,2026-06,473942.0,284365.0,0.0,2026-07-13
T987918,2026-07,856063.0,513638.0,0.0,2026-08-19
T987918,2026-08,880206.0,528124.0,0.0,2026-09-15
T987918,2026-09,667093.0,400256.0,0.0,2026-10-24
T645937,2024-10,521702.0,313021.0,0.0,2024-11-15
T645937,2024-11,336516.0,201910.0,0.0,2024-12-06
T645937,2024-12,657203.0,394322.0,0.0,2025-01-09
T645937,2025-01,665501.0,399301.0,0.0,2025-02-13
T645937,2025-02,843596.0,506158.0,0.0,2025-03-10
T645937,2025-03,3384915.0,1984026.0,184102.0,2025-04-15
T645937,2025-04,447062.0,268237.0,0.0,2025-05-23
T645937,2025-05,397559.0,238536.0,0.0,2025-06-08
T645937,2025-06,637872.0,382723.0,0.0,2025-07-19
T645937,2025-07,406052.0,243631.0,0.0,2025-08-15
T645937,2025-08,767840.0,460704.0,0.0,2025-09-13
T645937,2025-09,138041.0,82825.0,0.0,2025-10-21
T645937,2025-10,361049.0,216629.0,0.0,2025-11-23
T645937,2025-11,217195.0,130317.0,0.0,2025-12-07
T645937,2025-12,483339.0,290004.0,0.0,2026-01-18
T645937,2026-01,219238.0,131543.0,0.0,2026-02-20
T645937,2026-02,601492.0,360895.0,0.0,2026-03-09
T645937,2026-03,5871934.0,3441762.0,316484.0,2026-04-21
T645937,2026-04,389517.0,233710.0,0.0,2026-05-06
T645937,2026-05,629764.0,377858.0,0.0,2026-06-13
T645937,2026-06,9373170.0,5493968.0,528482.0,2026-07-18
T645937,2026-07,238751.0,143251.0,0.0,2026-08-15
T645937,2026-08,87166.0,52299.0,0.0,2026-09-05
T645937,2026-09,442039.0,265224.0,0.0,2026-10-20
T778447,2024-10,556782.0,334069.0,0.0,2024-11-20
T778447,2024-11,337730.0,202638.0,0.0,2024-12-18
T778447,2024-12,203458.0,122075.0,0.0,2025-01-20
T778447,2025-01,1225570.0,735342.0,0.0,2025-02-18
T778447,2025-02,283238.0,169943.0,0.0,2025-03-18
T778447,2025-03,753236.0,451942.0,0.0,2025-04-07
T778447,2025-04,929180.0,557508.0,0.0,2025-05-21
T778447,2025-05,1163103.0,697862.0,0.0,2025-06-08
T778447,2025-06,223664.0,134198.0,0.0,2025-07-21
T778447,2025-07,719571.0,431743.0,0.0,2025-08-18
T778447,2025-08,406874.0,244125.0,0.0,2025-09-18
T778447,2025-09,372724.0,223634.0,0.0,2025-10-11
T778447,2025-10,337431.0,202459.0,0.0,2025-11-06
T778447,2025-11,300351.0,180211.0,0.0,2025-12-16
T778447,2025-12,281537.0,168922.0,0.0,2026-01-16
T778447,2026-01,313895.0,188337.0,0.0,2026-02-23
T778447,2026-02,280260.0,168156.0,0.0,2026-03-11
T778447,2026-03,266908.0,160145.0,0.0,2026-04-12
T778447,2026-04,261183.0,156710.0,0.0,2026-05-20
T778447,2026-05,271475.0,162885.0,0.0,2026-06-13
T778447,2026-06,407695.0,244617.0,0.0,2026-07-14
T778447,2026-07,188443.0,113066.0,0.0,2026-08-11
T778447,2026-08,320040.0,192024.0,0.0,2026-09-23
T778447,2026-09,338615.0,203169.0,0.0,2026-10-19
T1103,2024-10,16020826.0,9845158.0,982954.0,2024-11-17
T1103,2024-11,25084514.0,15414997.0,1370978.0,2024-12-19
T1103,2024-12,22127340.0,13597747.0,1222205.0,2025-01-05
T1103,2025-01,222978.0,133787.0,0.0,2025-02-14
T1103,2025-02,10874885.0,6682861.0,679688.0,2025-03-14
T1103,2025-03,16426772.0,10094620.0,972265.0,2025-04-20
T1103,2025-04,70373534.0,43246118.0,4118705.0,2025-05-15
T1103,2025-05,217353.0,130412.0,0.0,2025-06-08
T1103,2025-06,495914.0,297548.0,0.0,2025-07-24
T1103,2025-07,1757977.0,1054786.0,0.0,2025-08-07
T1103,2025-08,48652425.0,29898008.0,3035603.0,2025-09-09
T1103,2025-09,36199178.0,22245208.0,2182313.0,2025-10-17
T1103,2025-10,276570.0,165942.0,0.0,2025-11-21
T1103,2025-11,365889.0,219534.0,0.0,2025-12-19
T1103,2025-12,428861.0,257317.0,0.0,2026-01-19
T1103,2026-01,275417.0,165250.0,0.0,2026-02-24
T1103,2026-02,1956155.0,1202101.0,105964.0,2026-03-08
T1103,2026-03,477283.0,286370.0,0.0,2026-04-17
T1103,2026-04,32827290.0,20173107.0,2016138.0,2026-05-18
T1103,2026-05,10527969.0,6469673.0,579036.0,2026-06-24
T1103,2026-06,13321389.0,8186293.0,820445.0,2026-07-17
T1103,2026-07,29001446.0,17822040.0,1795751.0,2026-08-07
T1103,2026-08,767634.0,460580.0,0.0,2026-09-23
T1103,2026-09,513356.0,308014.0,0.0,2026-10-16
T853247,2024-10,363214.0,217928.0,0.0,2024-11-18
T853247,2024-11,240305.0,144183.0,0.0,2024-12-15
T853247,2024-12,302031.0,181219.0,0.0,2025-01-18
T853247,2025-01,544951.0,326971.0,0.0,2025-02-17
T853247,2025-02,621148.0,372689.0,0.0,2025-03-19
T853247,2025-03,519717.0,311830.0,0.0,2025-04-20
T853247,2025-04,385394.0,231236.0,0.0,2025-05-18
T853247,2025-05,424054.0,254433.0,0.0,2025-06-15
T853247,2025-06,5526131.0,3917893.0,362019.0,2025-07-13
T853247,2025-07,381972.0,229183.0,0.0,2025-08-05
T853247,2025-08,565515.0,339309.0,0.0,2025-09-19
T853247,2025-09,297439.0,178463.0,0.0,2025-10-14
T853247,2025-10,38191862.0,27077106.0,2855095.0,2025-11-07
T853247,2025-11,652672.0,391603.0,0.0,2025-12-16
T853247,2025-12,562817.0,337690.0,0.0,2026-01-19
T853247,2026-01,369555.0,221733.0,0.0,2026-02-13
T853247,2026-02,218119.0,130871.0,0.0,2026-03-24
T853247,2026-03,356906.0,214143.0,0.0,2026-04-07
T853247,2026-04,792665.0,475599.0,0.0,2026-05-13
T853247,2026-05,487866.0,292719.0,0.0,2026-06-22
T853247,2026-06,415776.0,249466.0,0.0,2026-07-14
T853247,2026-07,5278382.0,3742245.0,393544.0,2026-08-14
T853247,2026-08,453281.0,271969.0,0.0,2026-09-06
T853247,2026-09,304107.0,182464.0,0.0,2026-10-14
T1074,2024-10,283755.0,170253.0,0.0,2024-11-17
T1074,2024-11,1149875.0,689925.0,0.0,2024-12-22
T1074,2024-12,268307.0,160984.0,0.0,2025-01-15
T1074,2025-01,320160.0,192096.0,0.0,2025-02-06
T1074,2025-02,395876.0,237525.0,0.0,2025-03-11
T1074,2025-03,779780.0,467868.0,0.0,2025-04-09
T1074,2025-04,332005.0,199203.0,0.0,2025-05-10
T1074,2025-05,179800.0,107880.0,0.0,2025-06-08
T1074,2025-06,1296264.0,777759.0,0.0,2025-07-13
T1074,2025-07,359302.0,215581.0,0.0,2025-08-13
T1074,2025-08,504587.0,302752.0,0.0,2025-09-18
T1074,2025-09,538957.0,323374.0,0.0,2025-10-10
T1074,2025-10,616059.0,369635.0,0.0,2025-11-20
T1074,2025-11,258549.0,155129.0,0.0,2025-12-10
T1074,2025-12,246520.0,147912.0,0.0,2026-01-11
T1074,2026-01,210780.0,126468.0,0.0,2026-02-23
T1074,2026-02,292738.0,175643.0,0.0,2026-03-07
T1074,2026-03,751436.0,450862.0,0.0,2026-04-22
T1074,2026-04,233453.0,140072.0,0.0,2026-05-20
T1074,2026-05,318720.0,191232.0,0.0,2026-06-08
T1074,2026-06,931696.0,559018.0,0.0,2026-07-09
T1074,2026-07,349198.0,209519.0,0.0,2026-08-21
T1074,2026-08,274111.0,164467.0,0.0,2026-09-10
T1074,2026-09,756126.0,453676.0,0.0,2026-10-15
T369569,2024-10,328840.0,197304.0,0.0,2024-11-14
T369569,2024-11,1045810.0,627486.0,0.0,2024-12-05
T369569,2024-12,581330.0,348798.0,0.0,2025-01-05
T369569,2025-01,358215.0,214929.0,0.0,2025-02-23
T369569,2025-02,269759.0,161856.0,0.0,2025-03-19
T369569,2025-03,170248.0,102149.0,0.0,2025-04-16
T369569,2025-04,693233.0,415940.0,0.0,2025-05-18
T369569,2025-05,245057.0,147034.0,0.0,2025-06-18
T369569,2025-06,8212663.0,4975803.0,461294.0,2025-07-22
T369569,2025-07,4842039.0,2933644.0,284842.0,2025-08-09
T369569,2025-08,20946476.0,12690833.0,1300916.0,2025-09-17
T369569,2025-09,471082.0,282649.0,0.0,2025-10-07
T369569,2025-10,816773.0,490064.0,0.0,2025-11-23
T369569,2025-11,316694.0,190016.0,0.0,2025-12-22
T369569,2025-12,292445.0,175467.0,0.0,2026-01-07
T369569,2026-01,396307.0,237784.0,0.0,2026-02-06
T369569,2026-02,270406.0,162244.0,0.0,2026-03-15
T369569,2026-03,2672548.0,1619216.0,148959.0,2026-04-19
T369569,2026-04,21067079.0,12763903.0,1176145.0,2026-05-12
T369569,2026-05,448095.0,268857.0,0.0,2026-06-18
T369569,2026-06,440939.0,264563.0,0.0,2026-07-24
T369569,2026-07,554540.0,332724.0,0.0,2026-08-10
T369569,2026-08,508490.0,305094.0,0.0,2026-09-14
T369569,2026-09,1287193.0,772316.0,0.0,2026-10-23
T780194,2024-10,0.0,183927.0,0.0,2024-11-22
T780194,2024-11,0.0,109922.0,0.0,2024-12-07
T780194,2024-12,0.0,136860.0,0.0,2025-01-14
T780194,2025-01,0.0,304125.0,0.0,2025-02-18
T780194,2025-02,0.0,208452.0,0.0,2025-03-20
T780194,2025-03,0.0,215249.0,0.0,2025-04-16
T780194,2025-04,0.0,217485.0,0.0,2025-05-19
T780194,2025-05,0.0,164673.0,0.0,2025-06-10
T780194,2025-06,0.0,174177.0,0.0,2025-07-20
T780194,2025-07,0.0,292435.0,0.0,2025-08-24
T780194,2025-08,0.0,363818.0,0.0,2025-09-17
T780194,2025-09,0.0,230333.0,0.0,2025-10-22
T780194,2025-10,0.0,237739.0,0.0,2025-11-05
T780194,2025-11,0.0,107292.0,0.0,2025-12-24
T780194,2025-12,0.0,231634.0,0.0,2026-01-12
T780194,2026-01,0.0,182447.0,0.0,2026-02-07
T780194,2026-02,0.0,296233.0,0.0,2026-03-16
T780194,2026-03,0.0,463005.0,0.0,2026-04-12
T780194,2026-04,0.0,178819.0,0.0,2026-05-08
T780194,2026-05,0.0,291339.0,0.0,2026-06-14
T780194,2026-06,0.0,320842.0,0.0,2026-07-19
T780194,2026-07,0.0,245532.0,0.0,2026-08-10
T780194,2026-08,0.0,300917.0,0.0,2026-09-21
T780194,2026-09,0.0,477294.0,0.0,2026-10-18
T1161,2024-10,362293.0,217376.0,0.0,2024-11-11
T1161,2024-11,180486.0,108292.0,0.0,2024-12-16
T1161,2024-12,418860.0,251316.0,0.0,2025-01-16
T1161,2025-01,156386.0,93831.0,0.0,2025-02-21
T1161,2025-02,3086504.0,2172271.0,211203.0,2025-03-16
T1161,2025-03,50335524.0,35425967.0,3138923.0,2025-04-23
T1161,2025-04,765148.0,459089.0,0.0,2025-05-13
T1161,2025-05,41189932.0,28989331.0,2694442.0,2025-06-17
T1161,2025-06,646438.0,387863.0,0.0,2025-07-13
T1161,2025-07,320714.0,192429.0,0.0,2025-08-20
T1161,2025-08,235044.0,141026.0,0.0,2025-09-13
T1161,2025-09,319695.0,191817.0,0.0,2025-10-14
T1161,2025-10,905486.0,543291.0,0.0,2025-11-09
T1161,2025-11,383611.0,230167.0,0.0,2025-12-05
T1161,2025-12,27507361.0,19359586.0,1963106.0,2026-01-12
T1161,2026-01,811434.0,486860.0,0.0,2026-02-07
T1161,2026-02,425255.0,255153.0,0.0,2026-03-05
T1161,2026-03,350441.0,210265.0,0.0,2026-04-20
T1161,2026-04,198013.0,118808.0,0.0,2026-05-05
T1161,2026-05,535681.0,321408.0,0.0,2026-06-23
T1161,2026-06,337186.0,202312.0,0.0,2026-07-12
T1161,2026-07,382039.0,229223.0,0.0,2026-08-19
T1161,2026-08,588406.0,353043.0,0.0,2026-09-15
T1161,2026-09,951797.0,571078.0,0.0,2026-10-07
T188427,2024-10,371789.0,223074.0,0.0,2024-11-21
T188427,2024-11,402517.0,241510.0,0.0,2024-12-22
T188427,2024-12,622593.0,373556.0,0.0,2025-01-19
T188427,2025-01,255512.0,153307.0,0.0,2025-02-24
T188427,2025-02,326047.0,195628.0,0.0,2025-03-12
T188427,2025-03,731967.0,439180.0,0.0,2025-04-20
T188427,2025-04,280479.0,168288.0,0.0,2025-05-12
T188427,2025-05,16329007.0,10701249.0,991592.0,2025-06-21
T188427,2025-06,4402179.0,2884977.0,257282.0,2025-07-08
T188427,2025-07,438353.0,263012.0,0.0,2025-08-21
T188427,2025-08,292118.0,175271.0,0.0,2025-09-22
T188427,2025-09,138881.0,83329.0,0.0,2025-10-16
T188427,2025-10,676821.0,406093.0,0.0,2025-11-14
T188427,2025-11,746690.0,448014.0,0.0,2025-12-19
T188427,2025-12,336187.0,201712.0,0.0,2026-01-19
T188427,2026-01,404211.0,242527.0,0.0,2026-02-10
T188427,2026-02,460699.0,276419.0,0.0,2026-03-18
T188427,2026-03,444551.0,266730.0,0.0,2026-04-15
T188427,2026-04,400521.0,240313.0,0.0,2026-05-17
T188427,2026-05,372095.0,223257.0,0.0,2026-06-15
T188427,2026-06,120060.0,72036.0,0.0,2026-07-18
T188427,2026-07,385380.0,231228.0,0.0,2026-08-21
T188427,2026-08,425612.0,255367.0,0.0,2026-09-06
T188427,2026-09,261416.0,156850.0,0.0,2026-10-13
T1185,2024-10,535180.0,321108.0,0.0,2024-11-14
T1185,2024-11,295098.0,177059.0,0.0,2024-12-05
T1185,2024-12,690254.0,414152.0,0.0,2025-01-12
T1185,2025-01,272346.0,163408.0,0.0,2025-02-10
T1185,2025-02,210421.0,126252.0,0.0,2025-03-14
T1185,2025-03,406579.0,243947.0,0.0,2025-04-20
T1185,2025-04,255462.0,153277.0,0.0,2025-05-06
T1185,2025-05,442294.0,265377.0,0.0,2025-06-24
T1185,2025-06,14666238.0,8766894.0,814114.0,2025-07-23
T1185,2025-07,1025608.0,615365.0,0.0,2025-08-14
T1185,2025-08,448844.0,269306.0,0.0,2025-09-15
T1185,2025-09,252654.0,151592.0,0.0,2025-10-11
T1185,2025-10,583121.0,349873.0,0.0,2025-11-15
T1185,2025-11,335462.0,201277.0,0.0,2025-12-14
T1185,2025-12,889537.0,533722.0,0.0,2026-01-23
T1185,2026-01,163227.0,97936.0,0.0,2026-02-17
T1185,2026-02,223077.0,133846.0,0.0,2026-03-23
T1185,2026-03,663914.0,398348.0,0.0,2026-04-18
T1185,2026-04,225629.0,135377.0,0.0,2026-05-20
T1185,2026-05,764515.0,458709.0,0.0,2026-06-14
T1185,2026-06,500738.0,300443.0,0.0,2026-07-07
T1185,2026-07,367998.0,220799.0,0.0,2026-08-13
T1185,2026-08,596277.0,357766.0,0.0,2026-09-09
T1185,2026-09,528696.0,317218.0,0.0,2026-10-05
T332389,2024-10,672131.0,403279.0,0.0,2024-11-12
T332389,2024-11,199125.0,119475.0,0.0,2024-12-16
T332389,2024-12,611077.0,366646.0,0.0,2025-01-12
T332389,2025-01,235544.0,141326.0,0.0,2025-02-08
T332389,2025-02,312822.0,187693.0,0.0,2025-03-11
T332389,2025-03,131343.0,78806.0,0.0,2025-04-12
T332389,2025-04,608110.0,364866.0,0.0,2025-05-07
T332389,2025-05,425058.0,255035.0,0.0,2025-06-24
T332389,2025-06,392540.0,235524.0,0.0,2025-07-10
T332389,2025-07,600589.0,360353.0,0.0,2025-08-13
T332389,2025-08,367663.0,220598.0,0.0,2025-09-21
T332389,2025-09,360982.0,216589.0,0.0,2025-10-12
T332389,2025-10,646029.0,387618.0,0.0,2025-11-07
T332389,2025-11,420551.0,252331.0,0.0,2025-12-16
T332389,2025-12,717073.0,430244.0,0.0,2026-01-20
T332389,2026-01,229949.0,137969.0,0.0,2026-02-15
T332389,2026-02,1079468.0,647681.0,0.0,2026-03-10
T332389,2026-03,596888.0,358133.0,0.0,2026-04-10
T332389,2026-04,284950.0,170970.0,0.0,2026-05-24
T332389,2026-05,533164.0,319898.0,0.0,2026-06-11
T332389,2026-06,1295660.0,777396.0,0.0,2026-07-11
T332389,2026-07,294246.0,176548.0,0.0,2026-08-06
T332389,2026-08,605628.0,363377.0,0.0,2026-09-16
T332389,2026-09,462680.0,277608.0,0.0,2026-10-09
T1020,2024-10,223242.0,133945.0,0.0,2024-11-12
T1020,2024-11,573129.0,343877.0,0.0,2024-12-24
T1020,2024-12,124520.0,74712.0,0.0,2025-01-07
T1020,2025-01,419061.0,251437.0,0.0,2025-02-15
T1020,2025-02,1018527.0,611116.0,0.0,2025-03-09
T1020,2025-03,57743878.0,36647267.0,3348679.0,2025-04-23
T1020,2025-04,520592.0,312355.0,0.0,2025-05-24
T1020,2025-05,169027.0,101416.0,0.0,2025-06-21
T1020,2025-06,585050.0,351030.0,0.0,2025-07-11
T1020,2025-07,28571990.0,18133270.0,1597475.0,2025-08-22
T1020,2025-08,315916.0,189549.0,0.0,2025-09-12
T1020,2025-09,891562.0,534937.0,0.0,2025-10-08
T1020,2025-10,411610.0,246966.0,0.0,2025-11-16
T1020,2025-11,272240.0,163344.0,0.0,2025-12-22
T1020,2025-12,188983.0,113390.0,0.0,2026-01-06
T1020,2026-01,17230872.0,10935607.0,989352.0,2026-02-12
T1020,2026-02,27979195.0,17757052.0,1773505.0,2026-03-12
T1020,2026-03,151820.0,91092.0,0.0,2026-04-08
T1020,2026-04,7402175.0,4697805.0,419187.0,2026-05-19
T1020,2026-05,449717.0,269830.0,0.0,2026-06-19
T1020,2026-06,117933.0,70760.0,0.0,2026-07-18
T1020,2026-07,815406.0,489244.0,0.0,2026-08-18
T1020,2026-08,636349.0,381809.0,0.0,2026-09-19
T1020,2026-09,1032582.0,619549.0,0.0,2026-10-18
T1001,2024-10,1390044.0,834026.0,0.0,2024-11-12
T1001,2024-11,350505.0,210303.0,0.0,2024-12-21
T1001,2024-12,271133.0,162680.0,0.0,2025-01-06
T1001,2025-01,326747.0,196048.0,0.0,2025-02-22
T1001,2025-02,437777.0,262666.0,0.0,2025-03-12
T1001,2025-03,794081.0,527388.0,55695.0,2025-04-24
T1001,2025-04,15212521.0,10103374.0,893324.0,2025-05-12
T1001,2025-05,317624.0,190575.0,0.0,2025-06-21
T1001,2025-06,315601.0,189361.0,0.0,2025-07-05
T1001,2025-07,339069.0,203441.0,0.0,2025-08-18
T1001,2025-08,315107.0,189064.0,0.0,2025-09-24
T1001,2025-09,291426.0,174855.0,0.0,2025-10-16
T1001,2025-10,475568.0,285341.0,0.0,2025-11-07
T1001,2025-11,297622.0,178573.0,0.0,2025-12-21
T1001,2025-12,221676.0,133005.0,0.0,2026-01-20
T1001,2026-01,557805.0,334683.0,0.0,2026-02-23
T1001,2026-02,338084.0,202850.0,0.0,2026-03-10
T1001,2026-03,246505.0,147903.0,0.0,2026-04-13
T1001,2026-04,419917.0,251950.0,0.0,2026-05-11
T1001,2026-05,308288.0,184973.0,0.0,2026-06-20
T1001,2026-06,771994.0,463196.0,0.0,2026-07-19
T1001,2026-07,7051798.0,4683442.0,530134.0,2026-08-09
T1001,2026-08,467357.0,280414.0,0.0,2026-09-23
T1001,2026-09,7262784.0,4823568.0,424489.0,2026-10-20
T1073,2024-10,524293.0,314576.0,0.0,2024-11-07
T1073,2024-11,265276.0,159166.0,0.0,2024-12-24
T1073,2024-12,229364.0,137619.0,0.0,2025-01-23
T1073,2025-01,961539.0,576923.0,0.0,2025-02-13
T1073,2025-02,419950.0,251970.0,0.0,2025-03-13
T1073,2025-03,177160.0,106296.0,0.0,2025-04-22
T1073,2025-04,441159.0,264695.0,0.0,2025-05-22
T1073,2025-05,467615.0,280569.0,0.0,2025-06-09
T1073,2025-06,772878.0,463727.0,0.0,2025-07-14
T1073,2025-07,290652.0,174391.0,0.0,2025-08-06
T1073,2025-08,554621.0,332773.0,0.0,2025-09-16
T1073,2025-09,430547.0,258328.0,0.0,2025-10-21
T1073,2025-10,525274.0,315164.0,0.0,2025-11-10
T1073,2025-11,139140.0,83484.0,0.0,2025-12-21
T1073,2025-12,639118.0,383471.0,0.0,2026-01-07
T1073,2026-01,266038.0,159623.0,0.0,2026-02-12
T1073,2026-02,401987.0,241192.0,0.0,2026-03-19
T1073,2026-03,582237.0,349342.0,0.0,2026-04-21
T1073,2026-04,231199.0,138720.0,0.0,2026-05-12
T1073,2026-05,195109.0,117065.0,0.0,2026-06-21
T1073,2026-06,245379.0,147228.0,0.0,2026-07-23
T1073,2026-07,420491.0,252295.0,0.0,2026-08-06
T1073,2026-08,414100.0,248460.0,0.0,2026-09-09
T1073,2026-09,546643.0,327986.0,0.0,2026-10-20
T480743,2024-10,246614.0,147968.0,0.0,2024-11-13
T480743,2024-11,119345.0,71607.0,0.0,2024-12-14
T480743,2024-12,114080363.0,65820999.0,5915776.0,2025-01-21
T480743,2025-01,283295.0,169977.0,0.0,2025-02-19
T480743,2025-02,3252283.0,1876471.0,179301.0,2025-03-05
T480743,2025-03,224649.0,134789.0,0.0,2025-04-05
T480743,2025-04,117887553.0,68017635.0,6025096.0,2025-05-07
T480743,2025-05,10720079.0,6185169.0,569129.0,2025-06-16
T480743,2025-06,47108315.0,27180106.0,2433033.0,2025-07-19
T480743,2025-07,49041536.0,28295517.0,2480963.0,2025-08-16
T480743,2025-08,12441086.0,7178139.0,652092.0,2025-09-17
T480743,2025-09,84143609.0,48548376.0,4292606.0,2025-10-06
T480743,2025-10,238132778.0,137395577.0,12426108.0,2025-11-10
T480743,2025-11,42785539.0,24685992.0,2270114.0,2025-12-13
T480743,2025-12,61100771.0,35253340.0,3132361.0,2026-01-17
T480743,2026-01,6647438.0,3835375.0,370370.0,2026-02-13
T480743,2026-02,77021411.0,44439079.0,4109345.0,2026-03-09
T480743,2026-03,365749.0,219450.0,0.0,2026-04-06
T480743,2026-04,312896.0,187738.0,0.0,2026-05-24
T480743,2026-05,128506155.0,74144255.0,6715408.0,2026-06-09
T480743,2026-06,81889646.0,47247906.0,4160699.0,2026-07-10
T480743,2026-07,147694967.0,85215632.0,7892083.0,2026-08-24
T480743,2026-08,705652.0,423391.0,0.0,2026-09-05
T480743,2026-09,75383870.0,43494266.0,3898939.0,2026-10-10
T467167,2024-10,406910.0,244146.0,0.0,2024-11-09
T467167,2024-11,408902.0,245341.0,0.0,2024-12-22
T467167,2024-12,1286402.0,771769.0,84842.0,2025-01-12
T467167,2025-01,641216.0,384730.0,0.0,2025-02-15
T467167,2025-02,585652.0,351391.0,0.0,2025-03-12
T467167,2025-03,3755256.0,2252943.0,223675.0,2025-04-19
T467167,2025-04,8804223.0,5282040.0,487656.0,2025-05-05
T467167,2025-05,395939.0,237564.0,0.0,2025-06-21
T467167,2025-06,310991.0,186595.0,0.0,2025-07-09
T467167,2025-07,498825.0,299295.0,0.0,2025-08-21
T467167,2025-08,16517730.0,9909712.0,969072.0,2025-09-06
T467167,2025-09,678145.0,406887.0,0.0,2025-10-05
T467167,2025-10,436272.0,261763.0,0.0,2025-11-19
T467167,2025-11,243571.0,146143.0,0.0,2025-12-15
T467167,2025-12,328758.0,197255.0,0.0,2026-01-24
T467167,2026-01,304920.0,182952.0,0.0,2026-02-22
T467167,2026-02,552363.0,331418.0,0.0,2026-03-11
T467167,2026-03,491134.0,294680.0,0.0,2026-04-22
T467167,2026-04,556210.0,333726.0,0.0,2026-05-12
T467167,2026-05,8631014.0,5178125.0,498741.0,2026-06-10
T467167,2026-06,2444869.0,1466784.0,128738.0,2026-07-13
T467167,2026-07,327410.0,196446.0,0.0,2026-08-18
T467167,2026-08,289623.0,173774.0,0.0,2026-09-18
T467167,2026-09,313381.0,188029.0,0.0,2026-10-24
T1056,2024-10,326789.0,196073.0,0.0,2024-11-10
T1056,2024-11,944417.0,566650.0,0.0,2024-12-19
T1056,2024-12,535942.0,321565.0,0.0,2025-01-16
T1056,2025-01,224485.0,134691.0,0.0,2025-02-14
T1056,2025-02,755437.0,453262.0,0.0,2025-03-17
T1056,2025-03,315151.0,189090.0,0.0,2025-04-14
T1056,2025-04,651734.0,391041.0,0.0,2025-05-23
T1056,2025-05,312423.0,187454.0,0.0,2025-06-18
T1056,2025-06,336837.0,202102.0,0.0,2025-07-23
T1056,2025-07,184484.0,110691.0,0.0,2025-08-12
T1056,2025-08,283430.0,170058.0,0.0,2025-09-17
T1056,2025-09,341117.0,204670.0,0.0,2025-10-18
T1056,2025-10,99129.0,59477.0,0.0,2025-11-12
T1056,2025-11,709993.0,425996.0,0.0,2025-12-09
T1056,2025-12,279495.0,167697.0,0.0,2026-01-14
T1056,2026-01,407678.0,244607.0,0.0,2026-02-21
T1056,2026-02,1078420.0,647052.0,0.0,2026-03-09
T1056,2026-03,310167.0,186100.0,0.0,2026-04-07
T1056,2026-04,284536.0,170722.0,0.0,2026-05-15
T1056,2026-05,385629.0,231377.0,0.0,2026-06-08
T1056,2026-06,418261.0,250957.0,0.0,2026-07-24
T1056,2026-07,341635.0,204981.0,0.0,2026-08-19
T1056,2026-08,156976.0,94186.0,0.0,2026-09-20
T1056,2026-09,413017.0,247810.0,0.0,2026-10-24
T1126,2024-10,3456765.0,2097324.0,222700.0,2024-11-22
T1126,2024-11,2588838.0,1570726.0,167238.0,2024-12-23
T1126,2024-12,3182844.0,1931128.0,214650.0,2025-01-12
T1126,2025-01,253679.0,152207.0,0.0,2025-02-15
T1126,2025-02,188814.0,113288.0,0.0,2025-03-08
T1126,2025-03,698420.0,419052.0,0.0,2025-04-23
T1126,2025-04,16957450.0,10288596.0,990409.0,2025-05-19
T1126,2025-05,541987.0,325192.0,0.0,2025-06-20
T1126,2025-06,587685.0,352611.0,0.0,2025-07-11
T1126,2025-07,802806.0,481684.0,0.0,2025-08-21
T1126,2025-08,7524315.0,4565229.0,457418.0,2025-09-05
T1126,2025-09,176481.0,105889.0,0.0,2025-10-18
T1126,2025-10,1247957.0,748774.0,0.0,2025-11-12
T1126,2025-11,326827.0,196096.0,0.0,2025-12-09
T1126,2025-12,20468282.0,12418724.0,1302506.0,2026-01-21
T1126,2026-01,627791.0,376675.0,0.0,2026-02-09
T1126,2026-02,255852.0,153511.0,0.0,2026-03-08
T1126,2026-03,16685950.0,10123870.0,1065864.0,2026-04-22
T1126,2026-04,482361.0,289417.0,0.0,2026-05-13
T1126,2026-05,363640.0,218184.0,0.0,2026-06-11
T1126,2026-06,257815.0,154689.0,0.0,2026-07-08
T1126,2026-07,12124574.0,7356345.0,716483.0,2026-08-17
T1126,2026-08,20073912.0,12179448.0,1193762.0,2026-09-16
T1126,2026-09,393754.0,236253.0,0.0,2026-10-20
T1066,2024-10,1077916.0,646749.0,0.0,2024-11-16
T1066,2024-11,436230.0,261738.0,0.0,2024-12-07
T1066,2024-12,4438965.0,2883803.0,327881.0,2025-01-13
T1066,2025-01,510506.0,306304.0,0.0,2025-02-23
T1066,2025-02,2266654.0,1472546.0,162600.0,2025-03-12
T1066,2025-03,630752.0,378451.0,0.0,2025-04-18
T1066,2025-04,19214731.0,12482974.0,1133280.0,2025-05-10
T1066,2025-05,808976.0,485385.0,0.0,2025-06-08
T1066,2025-06,827787.0,496672.0,0.0,2025-07-21
T1066,2025-07,566596.0,339958.0,0.0,2025-08-15
T1066,2025-08,729961.0,437977.0,0.0,2025-09-11
T1066,2025-09,389831.0,233899.0,0.0,2025-10-22
T1066,2025-10,529312.0,317587.0,0.0,2025-11-20
T1066,2025-11,365269.0,219161.0,0.0,2025-12-15
T1066,2025-12,304655.0,182793.0,0.0,2026-01-08
T1066,2026-01,12172069.0,7907663.0,845138.0,2026-02-22
T1066,2026-02,12545431.0,8150220.0,901593.0,2026-03-13
T1066,2026-03,316185.0,189711.0,0.0,2026-04-16
T1066,2026-04,632741.0,379645.0,0.0,2026-05-07
T1066,2026-05,911302.0,546781.0,0.0,2026-06-24
T1066,2026-06,252158.0,151295.0,0.0,2026-07-14
T1066,2026-07,501047.0,300628.0,0.0,2026-08-21
T1066,2026-08,19412494.0,12611452.0,1147847.0,2026-09-14
T1066,2026-09,187792.0,112675.0,0.0,2026-10-08
T677980,2024-10,198460.0,119076.0,0.0,2024-11-15
T677980,2024-11,539399.0,323639.0,0.0,2024-12-16
T677980,2024-12,848723.0,509234.0,0.0,2025-01-16
T677980,2025-01,5671672.0,3910716.0,361404.0,2025-02-14
T677980,2025-02,257881.0,154728.0,0.0,2025-03-24
T677980,2025-03,410074.0,246044.0,0.0,2025-04-08
T677980,2025-04,163947.0,98368.0,0.0,2025-05-22
T677980,2025-05,548347.0,329008.0,0.0,2025-06-23
T677980,2025-06,750146.0,450087.0,0.0,2025-07-24
T677980,2025-07,353574.0,212144.0,0.0,2025-08-19
T677980,2025-08,608863.0,365318.0,0.0,2025-09-19
T677980,2025-09,283409.0,170045.0,0.0,2025-10-19
T677980,2025-10,7344056.0,5063854.0,469297.0,2025-11-12
T677980,2025-11,18912689.0,13040627.0,1141121.0,2025-12-19
T677980,2025-12,21752336.0,14998612.0,1316609.0,2026-01-19
T677980,2026-01,427417.0,256450.0,0.0,2026-02-08
T677980,2026-02,452881.0,271729.0,0.0,2026-03-15
T677980,2026-03,454822.0,272893.0,0.0,2026-04-22
T677980,2026-04,14930186.0,10294622.0,946756.0,2026-05-05
T677980,2026-05,618886.0,371332.0,0.0,2026-06-22
T677980,2026-06,1571280.0,1083425.0,102628.0,2026-07-13
T677980,2026-07,6749815.0,4654114.0,425298.0,2026-08-23
T677980,2026-08,18110061.0,12487201.0,1138969.0,2026-09-14
T677980,2026-09,1044311.0,626586.0,0.0,2026-10-12
T834969,2024-10,0.0,274128.0,0.0,2024-11-11
T834969,2024-11,0.0,459152.0,0.0,2024-12-19
T834969,2024-12,0.0,282627.0,0.0,2025-01-15
T834969,2025-01,0.0,236278.0,0.0,2025-02-20
T834969,2025-02,0.0,123022.0,0.0,2025-03-13
T834969,2025-03,4874135.0,6925516.0,768889.0,2025-04-15
T834969,2025-04,0.0,284666.0,0.0,2025-05-16
T834969,2025-05,4595292.0,5584071.0,576159.0,2025-06-17
T834969,2025-06,0.0,261579.0,0.0,2025-07-16
T834969,2025-07,0.0,206249.0,0.0,2025-08-24
T834969,2025-08,0.0,398372.0,0.0,2025-09-06
T834969,2025-09,0.0,478441.0,0.0,2025-10-10
T834969,2025-10,0.0,207646.0,0.0,2025-11-07
T834969,2025-11,0.0,106918.0,0.0,2025-12-21
T834969,2025-12,0.0,99555.0,0.0,2026-01-08
T834969,2026-01,0.0,88900.0,0.0,2026-02-05
T834969,2026-02,1236071.0,1614813.0,143472.0,2026-03-10
T834969,2026-03,0.0,242765.0,0.0,2026-04-20
T834969,2026-04,1272848.0,1775735.0,162980.0,2026-05-15
T834969,2026-05,3317925.0,5889091.0,553017.0,2026-06-07
T834969,2026-06,0.0,186859.0,0.0,2026-07-19
T834969,2026-07,0.0,229666.0,0.0,2026-08-06
T834969,2026-08,0.0,155827.0,0.0,2026-09-09
T834969,2026-09,1197750.0,1542940.0,135865.0,2026-10-22
T284744,2024-10,757604.0,454563.0,0.0,2024-11-10
T284744,2024-11,295453.0,177272.0,0.0,2024-12-22
T284744,2024-12,414734.0,248841.0,0.0,2025-01-06
T284744,2025-01,23134424.0,14452028.0,1314863.0,2025-02-09
T284744,2025-02,14682076.0,9171863.0,842261.0,2025-03-18
T284744,2025-03,19718337.0,12318005.0,1317473.0,2025-04-06
T284744,2025-04,15235586.0,9517640.0,836613.0,2025-05-05
T284744,2025-05,325500.0,195300.0,0.0,2025-06-17
T284744,2025-06,5104371.0,3188690.0,281007.0,2025-07-11
T284744,2025-07,607739.0,364643.0,0.0,2025-08-10
T284744,2025-08,478732.0,287239.0,0.0,2025-09-06
T284744,2025-09,8354392.0,5218972.0,593681.0,2025-10-24
T284744,2025-10,36181777.0,22602684.0,2117426.0,2025-11-08
T284744,2025-11,30894636.0,19299817.0,1800655.0,2025-12-15
T284744,2025-12,452973.0,271784.0,0.0,2026-01-21
T284744,2026-01,350130.0,210078.0,0.0,2026-02-09
T284744,2026-02,6116039.0,3820677.0,340084.0,2026-03-21
T284744,2026-03,314047.0,188428.0,0.0,2026-04-10
T284744,2026-04,824910.0,494946.0,0.0,2026-05-22
T284744,2026-05,199743.0,119846.0,0.0,2026-06-22
T284744,2026-06,18449920.0,11525628.0,1097182.0,2026-07-15
T284744,2026-07,335236.0,201142.0,0.0,2026-08-18
T284744,2026-08,776728.0,466037.0,0.0,2026-09-08
T284744,2026-09,588107.0,352864.0,0.0,2026-10-15
T660666,2024-10,5562780.0,3384365.0,309856.0,2024-11-08
T660666,2024-11,9773342.0,5946048.0,550905.0,2024-12-11
T660666,2024-12,498713.0,299228.0,0.0,2025-01-17
T660666,2025-01,1891929.0,1151039.0,121809.0,2025-02-21
T660666,2025-02,8450914.0,5141490.0,543171.0,2025-03-20
T660666,2025-03,406584.0,243950.0,0.0,2025-04-07
T660666,2025-04,2729748.0,1660764.0,171806.0,2025-05-09
T660666,2025-05,482531.0,289519.0,0.0,2025-06-10
T660666,2025-06,341862.0,205117.0,0.0,2025-07-11
T660666,2025-07,51415674.0,31281014.0,3146651.0,2025-08-05
T660666,2025-08,25948366.0,15786843.0,1503903.0,2025-09-12
T660666,2025-09,11211078.0,6820759.0,686164.0,2025-10-10
T660666,2025-10,17004446.0,10345412.0,1020125.0,2025-11-06
T660666,2025-11,6142644.0,3737151.0,373087.0,2025-12-06
T660666,2025-12,295990.0,177594.0,0.0,2026-01-20
T660666,2026-01,13560215.0,8249960.0,739428.0,2026-02-15
T660666,2026-02,19965319.0,12146791.0,1105253.0,2026-03-10
T660666,2026-03,19260833.0,11718185.0,1082262.0,2026-04-13
T660666,2026-04,9415509.0,5728344.0,529706.0,2026-05-22
T660666,2026-05,13750133.0,8365505.0,773954.0,2026-06-18
T660666,2026-06,13412912.0,8160342.0,779049.0,2026-07-11
T660666,2026-07,16380154.0,9965596.0,1021158.0,2026-08-09
T660666,2026-08,8480300.0,5159368.0,541867.0,2026-09-20
T660666,2026-09,22396241.0,13625750.0,1336380.0,2026-10-12
T149705,2024-10,308850.0,185310.0,0.0,2024-11-20
T149705,2024-11,595430.0,357258.0,0.0,2024-12-10
T149705,2024-12,314696.0,188817.0,0.0,2025-01-13
T149705,2025-01,321270.0,192762.0,0.0,2025-02-20
T149705,2025-02,615425.0,369255.0,0.0,2025-03-13
T149705,2025-03,441251.0,264751.0,0.0,2025-04-24
T149705,2025-04,148094.0,88856.0,0.0,2025-05-05
T149705,2025-05,289023.0,173414.0,0.0,2025-06-15
T149705,2025-06,211830.0,127098.0,0.0,2025-07-09
T149705,2025-07,2415335.0,1570673.0,158882.0,2025-08-08
T149705,2025-08,130121.0,78073.0,0.0,2025-09-08
T149705,2025-09,371836.0,223102.0,0.0,2025-10-24
T149705,2025-10,308063.0,184838.0,0.0,2025-11-17
T149705,2025-11,474932.0,284959.0,0.0,2025-12-08
T149705,2025-12,752731.0,451639.0,0.0,2026-01-16
T149705,2026-01,397341.0,238405.0,0.0,2026-02-23
T149705,2026-02,555448.0,333269.0,0.0,2026-03-11
T149705,2026-03,179688.0,107813.0,0.0,2026-04-10
T149705,2026-04,1174958.0,704975.0,0.0,2026-05-05
T149705,2026-05,939416.0,563650.0,0.0,2026-06-08
T149705,2026-06,700440.0,420264.0,0.0,2026-07-11
T149705,2026-07,633039.0,379824.0,0.0,2026-08-24
T149705,2026-08,637483.0,382490.0,0.0,2026-09-18
T149705,2026-09,1135179.0,681107.0,0.0,2026-10-22
T244282,2024-10,190889.0,114533.0,0.0,2024-11-13
T244282,2024-11,1320817.0,845257.0,93347.0,2024-12-09
T244282,2024-12,293990.0,176394.0,0.0,2025-01-20
T244282,2025-01,1647263.0,1054167.0,102947.0,2025-02-21
T244282,2025-02,597767.0,358660.0,0.0,2025-03-13
T244282,2025-03,7132386.0,4564374.0,479809.0,2025-04-23
T244282,2025-04,974499.0,623631.0,63278.0,2025-05-06
T244282,2025-05,8179616.0,5234550.0,499346.0,2025-06-11
T244282,2025-06,459564.0,275739.0,0.0,2025-07-17
T244282,2025-07,578726.0,347236.0,0.0,2025-08-19
T244282,2025-08,688690.0,413214.0,0.0,2025-09-07
T244282,2025-09,412534.0,247521.0,0.0,2025-10-10
T244282,2025-10,647688.0,388613.0,0.0,2025-11-10
T244282,2025-11,378049.0,226830.0,0.0,2025-12-20
T244282,2025-12,505324.0,303195.0,0.0,2026-01-19
T244282,2026-01,5419910.0,3468474.0,365525.0,2026-02-12
T244282,2026-02,271037.0,162622.0,0.0,2026-03-16
T244282,2026-03,6788181.0,4344100.0,401015.0,2026-04-18
T244282,2026-04,545894.0,327536.0,0.0,2026-05-08
T244282,2026-05,194047.0,116428.0,0.0,2026-06-11
T244282,2026-06,1906063.0,1219786.0,122659.0,2026-07-17
T244282,2026-07,394615.0,236769.0,0.0,2026-08-24
T244282,2026-08,389060.0,233436.0,0.0,2026-09-10
T244282,2026-09,191798.0,115079.0,0.0,2026-10-10
T1153,2024-10,2572714.0,1877945.0,164897.0,2024-11-10
T1153,2024-11,28046822.0,20472698.0,1947837.0,2024-12-12
T1153,2024-12,8044499.0,5872059.0,657745.0,2025-01-23
T1153,2025-01,10376655.0,7574410.0,848509.0,2025-02-14
T1153,2025-02,6311036.0,4606723.0,425086.0,2025-03-11
T1153,2025-03,20783994.0,15171218.0,1345309.0,2025-04-06
T1153,2025-04,374240.0,224544.0,0.0,2025-05-07
T1153,2025-05,453780.0,272268.0,0.0,2025-06-16
T1153,2025-06,20920353.0,15270752.0,1637070.0,2025-07-08
T1153,2025-07,4163174.0,3038897.0,324897.0,2025-08-17
T1153,2025-08,31430284.0,22942446.0,2554461.0,2025-09-15
T1153,2025-09,346602.0,207961.0,0.0,2025-10-17
T1153,2025-10,164158.0,98495.0,0.0,2025-11-10
T1153,2025-11,2740306.0,2000279.0,178129.0,2025-12-14
T1153,2025-12,8422517.0,6147992.0,566401.0,2026-01-15
T1153,2026-01,150731.0,90438.0,0.0,2026-02-09
T1153,2026-02,7094631.0,5178706.0,453253.0,2026-03-24
T1153,2026-03,12308184.0,8984324.0,815535.0,2026-04-19
T1153,2026-04,37482272.0,27360078.0,2551662.0,2026-05-16
T1153,2026-05,18202403.0,13286793.0,1281310.0,2026-06-20
T1153,2026-06,9029988.0,6591414.0,605732.0,2026-07-17
T1153,2026-07,582648.0,349589.0,0.0,2026-08-15
T1153,2026-08,10537095.0,7691523.0,774496.0,2026-09-23
T1153,2026-09,2319798.0,1693330.0,183730.0,2026-10-20
T733146,2024-10,49368520.0,34031869.0,3194577.0,2024-11-05
T733146,2024-11,11442068.0,7887516.0,777136.0,2024-12-16
T733146,2024-12,14523837.0,10011913.0,1018468.0,2025-01-06
T733146,2025-01,215687.0,129412.0,0.0,2025-02-16
T733146,2025-02,47491463.0,32737933.0,2955967.0,2025-03-24
T733146,2025-03,18504673.0,12756076.0,1286970.0,2025-04-24
T733146,2025-04,8672176.0,5978109.0,546484.0,2025-05-12
T733146,2025-05,16042309.0,11058662.0,1108841.0,2025-06-10
T733146,2025-06,81132390.0,55928088.0,5408037.0,2025-07-14
T733146,2025-07,424274.0,254565.0,0.0,2025-08-19
T733146,2025-08,21675923.0,14942157.0,1369527.0,2025-09-23
T733146,2025-09,453812.0,272287.0,0.0,2025-10-17
T733146,2025-10,186988.0,112193.0,0.0,2025-11-07
T733146,2025-11,32853386.0,22647269.0,2310943.0,2025-12-07
T733146,2025-12,72489248.0,49969994.0,4885847.0,2026-01-10
T733146,2026-01,602146.0,361288.0,0.0,2026-02-13
T733146,2026-02,79214317.0,54605876.0,5321670.0,2026-03-13
T733146,2026-03,45886612.0,31631639.0,2877530.0,2026-04-18
T733146,2026-04,28840611.0,19881088.0,1974886.0,2026-05-10
T733146,2026-05,17812849.0,12279172.0,1099277.0,2026-06-19
T733146,2026-06,309168.0,185501.0,0.0,2026-07-18
T733146,2026-07,180821.0,108492.0,0.0,2026-08-16
T733146,2026-08,291502.0,174901.0,0.0,2026-09-15
T733146,2026-09,330299.0,198179.0,0.0,2026-10-18
T240842,2024-10,26945723.0,16848595.0,1682213.0,2024-11-20
T240842,2024-11,26808549.0,16762823.0,1562235.0,2024-12-09
T240842,2024-12,581386.0,348831.0,0.0,2025-01-21
T240842,2025-01,3879978.0,2426069.0,219167.0,2025-02-23
T240842,2025-02,6775580.0,4236628.0,434381.0,2025-03-15
T240842,2025-03,4074013.0,2547395.0,245791.0,2025-04-05
T240842,2025-04,762618.0,457571.0,0.0,2025-05-21
T240842,2025-05,513330.0,307998.0,0.0,2025-06-18
T240842,2025-06,490556.0,294334.0,0.0,2025-07-17
T240842,2025-07,20990944.0,13125197.0,1286625.0,2025-08-17
T240842,2025-08,651223.0,390734.0,0.0,2025-09-24
T240842,2025-09,517581.0,310548.0,0.0,2025-10-13
T240842,2025-10,8624814.0,5392915.0,481620.0,2025-11-17
T240842,2025-11,6730493.0,4208436.0,383281.0,2025-12-05
T240842,2025-12,5061794.0,3165033.0,289443.0,2026-01-09
T240842,2026-01,9056905.0,5663093.0,539236.0,2026-02-18
T240842,2026-02,1080299.0,648179.0,0.0,2026-03-08
T240842,2026-03,21724446.0,13583840.0,1427744.0,2026-04-10
T240842,2026-04,1638921.0,1024783.0,104335.0,2026-05-07
T240842,2026-05,3187887.0,1993319.0,210625.0,2026-06-14
T240842,2026-06,1979242.0,1237579.0,117303.0,2026-07-21
T240842,2026-07,2803199.0,1752781.0,156455.0,2026-08-13
T240842,2026-08,393196.0,235918.0,0.0,2026-09-13
T240842,2026-09,12262135.0,7667256.0,685918.0,2026-10-11
T366848,2024-10,7019619.0,4351012.0,463238.0,2024-11-17
T366848,2024-11,203661.0,122196.0,0.0,2024-12-18
T366848,2024-12,26378377.0,16350267.0,1734430.0,2025-01-07
T366848,2025-01,404046.0,242427.0,0.0,2025-02-18
T366848,2025-02,451727.0,271036.0,0.0,2025-03-06
T366848,2025-03,1780924.0,1103881.0,97306.0,2025-04-08
T366848,2025-04,14739069.0,9135805.0,968722.0,2025-05-24
T366848,2025-05,28256127.0,17514164.0,1614345.0,2025-06-08
T366848,2025-06,472551.0,283530.0,0.0,2025-07-23
T366848,2025-07,9762523.0,6051163.0,596129.0,2025-08-08
T366848,2025-08,34693900.0,21504527.0,2382687.0,2025-09-14
T366848,2025-09,696605.0,431781.0,46740.0,2025-10-23
T366848,2025-10,17178616.0,10647924.0,1065383.0,2025-11-06
T366848,2025-11,304500.0,182700.0,0.0,2025-12-10
T366848,2025-12,4915904.0,3047054.0,333606.0,2026-01-18
T366848,2026-01,2860789.0,1773220.0,193583.0,2026-02-16
T366848,2026-02,18514315.0,11475838.0,1246413.0,2026-03-14
T366848,2026-03,3417262.0,2118142.0,185874.0,2026-04-13
T366848,2026-04,2702047.0,1674826.0,178908.0,2026-05-14
T366848,2026-05,267815.0,160689.0,0.0,2026-06-20
T366848,2026-06,11707468.0,7256710.0,676745.0,2026-07-06
T366848,2026-07,11674089.0,7236020.0,773738.0,2026-08-13
T366848,2026-08,7754733.0,4806662.0,499208.0,2026-09-14
T366848,2026-09,5081556.0,3149731.0,334241.0,2026-10-08
T289611,2024-10,253307.0,151984.0,0.0,2024-11-22
T289611,2024-11,309738.0,185843.0,0.0,2024-12-06
T289611,2024-12,665693.0,399416.0,0.0,2025-01-08
T289611,2025-01,215117.0,129070.0,0.0,2025-02-11
T289611,2025-02,785676.0,471406.0,0.0,2025-03-06
T289611,2025-03,246143.0,147686.0,0.0,2025-04-11
T289611,2025-04,787825.0,472695.0,0.0,2025-05-05
T289611,2025-05,357146.0,214288.0,0.0,2025-06-10
T289611,2025-06,236652.0,141991.0,0.0,2025-07-18
T289611,2025-07,437093.0,262256.0,0.0,2025-08-06
T289611,2025-08,253900.0,152340.0,0.0,2025-09-10
T289611,2025-09,425158.0,255095.0,0.0,2025-10-12
T289611,2025-10,603091.0,361854.0,0.0,2025-11-20
T289611,2025-11,1154334.0,692600.0,0.0,2025-12-22
T289611,2025-12,626315.0,375789.0,0.0,2026-01-07
T289611,2026-01,313694.0,188216.0,0.0,2026-02-06
T289611,2026-02,241027.0,144616.0,0.0,2026-03-09
T289611,2026-03,523803.0,314282.0,0.0,2026-04-21
T289611,2026-04,162472.0,97483.0,0.0,2026-05-08
T289611,2026-05,263089.0,157854.0,0.0,2026-06-05
T289611,2026-06,457003.0,274202.0,0.0,2026-07-09
T289611,2026-07,1117232.0,670339.0,0.0,2026-08-17
T289611,2026-08,466389.0,279834.0,0.0,2026-09-23
T289611,2026-09,442422.0,265453.0,0.0,2026-10-07
T810419,2024-10,878777.0,527266.0,0.0,2024-11-18
T810419,2024-11,12003444.0,7173892.0,675819.0,2024-12-19
T810419,2024-12,507004.0,304203.0,0.0,2025-01-22
T810419,2025-01,9831015.0,5875534.0,643173.0,2025-02-16
T810419,2025-02,850444.0,510266.0,0.0,2025-03-09
T810419,2025-03,352169.0,211301.0,0.0,2025-04-17
T810419,2025-04,14452117.0,8637349.0,816756.0,2025-05-17
T810419,2025-05,216317.0,129790.0,0.0,2025-06-08
T810419,2025-06,420461.0,252277.0,0.0,2025-07-11
T810419,2025-07,539553.0,323732.0,0.0,2025-08-12
T810419,2025-08,11107537.0,6638451.0,710726.0,2025-09-23
T810419,2025-09,281625.0,168975.0,0.0,2025-10-20
T810419,2025-10,112439.0,67464.0,0.0,2025-11-09
T810419,2025-11,215920.0,129552.0,0.0,2025-12-11
T810419,2025-12,286134.0,171680.0,0.0,2026-01-23
T810419,2026-01,1247419.0,748452.0,0.0,2026-02-12
T810419,2026-02,597258.0,358355.0,0.0,2026-03-09
T810419,2026-03,760811.0,456486.0,0.0,2026-04-19
T810419,2026-04,312493.0,187496.0,0.0,2026-05-15
T810419,2026-05,3876901.0,2317041.0,214228.0,2026-06-12
T810419,2026-06,248485.0,149091.0,0.0,2026-07-19
T810419,2026-07,349715.0,209829.0,0.0,2026-08-09
T810419,2026-08,744712.0,446827.0,0.0,2026-09-05
T810419,2026-09,2378607.0,1421581.0,157713.0,2026-10-19
T760350,2024-10,352123.0,211274.0,0.0,2024-11-06
T760350,2024-11,302172.0,181303.0,0.0,2024-12-15
T760350,2024-12,4964740.0,3578927.0,348107.0,2025-01-15
T760350,2025-01,358050.0,214830.0,0.0,2025-02-12
T760350,2025-02,449519.0,269711.0,0.0,2025-03-12
T760350,2025-03,420392.0,252235.0,0.0,2025-04-08
T760350,2025-04,311437.0,186862.0,0.0,2025-05-23
T760350,2025-05,263220.0,157932.0,0.0,2025-06-20
T760350,2025-06,240152.0,144091.0,0.0,2025-07-23
T760350,2025-07,390858.0,234515.0,0.0,2025-08-20
T760350,2025-08,248338.0,149003.0,0.0,2025-09-20
T760350,2025-09,254603.0,152762.0,0.0,2025-10-21
T760350,2025-10,568732.0,341239.0,0.0,2025-11-08
T760350,2025-11,462512.0,277507.0,0.0,2025-12-15
T760350,2025-12,685612.0,411367.0,0.0,2026-01-07
T760350,2026-01,541065.0,324639.0,0.0,2026-02-06
T760350,2026-02,542627.0,325576.0,0.0,2026-03-05
T760350,2026-03,496374.0,297824.0,0.0,2026-04-08
T760350,2026-04,735652.0,441391.0,0.0,2026-05-23
T760350,2026-05,391437.0,234862.0,0.0,2026-06-24
T760350,2026-06,506972.0,304183.0,0.0,2026-07-15
T760350,2026-07,409688.0,245813.0,0.0,2026-08-19
T760350,2026-08,707463.0,424478.0,0.0,2026-09-12
T760350,2026-09,1112239.0,667343.0,0.0,2026-10-17
T747399,2024-10,780507.0,468304.0,0.0,2024-11-17
T747399,2024-11,242633.0,145580.0,0.0,2024-12-05
T747399,2024-12,330699.0,198419.0,0.0,2025-01-05
T747399,2025-01,282639.0,169583.0,0.0,2025-02-05
T747399,2025-02,227234.0,136340.0,0.0,2025-03-11
T747399,2025-03,679747.0,407848.0,0.0,2025-04-05
T747399,2025-04,472453.0,283472.0,0.0,2025-05-12
T747399,2025-05,394856.0,236914.0,0.0,2025-06-16
T747399,2025-06,256186.0,153712.0,0.0,2025-07-13
T747399,2025-07,404684.0,242811.0,0.0,2025-08-10
T747399,2025-08,384027.0,230416.0,0.0,2025-09-12
T747399,2025-09,272622.0,163573.0,0.0,2025-10-22
T747399,2025-10,308945.0,185367.0,0.0,2025-11-10
T747399,2025-11,508008.0,304805.0,0.0,2025-12-22
T747399,2025-12,413205.0,247923.0,0.0,2026-01-23
T747399,2026-01,336688.0,202013.0,0.0,2026-02-11
T747399,2026-02,413181.0,247909.0,0.0,2026-03-21
T747399,2026-03,191187.0,114712.0,0.0,2026-04-17
T747399,2026-04,1615172.0,969103.0,0.0,2026-05-12
T747399,2026-05,1274280.0,764568.0,0.0,2026-06-11
T747399,2026-06,461338.0,276803.0,0.0,2026-07-20
T747399,2026-07,429408.0,257645.0,0.0,2026-08-10
T747399,2026-08,309146.0,185487.0,0.0,2026-09-11
T747399,2026-09,541925.0,325155.0,0.0,2026-10-18
T638333,2024-10,409459.0,245675.0,0.0,2024-11-13
T638333,2024-11,534600.0,320760.0,0.0,2024-12-16
T638333,2024-12,417811.0,250687.0,0.0,2025-01-11
T638333,2025-01,347323.0,208394.0,0.0,2025-02-08
T638333,2025-02,692998.0,415799.0,0.0,2025-03-20
T638333,2025-03,407599.0,244559.0,0.0,2025-04-07
T638333,2025-04,245927.0,147556.0,0.0,2025-05-13
T638333,2025-05,710106.0,426064.0,0.0,2025-06-12
T638333,2025-06,531076.0,318646.0,0.0,2025-07-16
T638333,2025-07,576320.0,345792.0,0.0,2025-08-13
T638333,2025-08,320512.0,192307.0,0.0,2025-09-08
T638333,2025-09,354466.0,212680.0,0.0,2025-10-06
T638333,2025-10,690752.0,414451.0,0.0,2025-11-07
T638333,2025-11,985267.0,591160.0,0.0,2025-12-14
T638333,2025-12,426089.0,255653.0,0.0,2026-01-09
T638333,2026-01,140780.0,84468.0,0.0,2026-02-06
T638333,2026-02,478211.0,286926.0,0.0,2026-03-21
T638333,2026-03,663844.0,398306.0,0.0,2026-04-12
T638333,2026-04,212632.0,127579.0,0.0,2026-05-07
T638333,2026-05,515418.0,309251.0,0.0,2026-06-23
T638333,2026-06,429957.0,257974.0,0.0,2026-07-06
T638333,2026-07,320134.0,192080.0,0.0,2026-08-13
T638333,2026-08,1076731.0,646039.0,0.0,2026-09-23
T638333,2026-09,268102.0,160861.0,0.0,2026-10-10
T690928,2024-10,351185.0,210711.0,0.0,2024-11-20
T690928,2024-11,500120.0,300072.0,0.0,2024-12-23
T690928,2024-12,620129.0,372077.0,0.0,2025-01-19
T690928,2025-01,668570.0,401142.0,0.0,2025-02-11
T690928,2025-02,745803.0,447482.0,0.0,2025-03-08
T690928,2025-03,240935.0,144561.0,0.0,2025-04-15
T690928,2025-04,470061.0,282037.0,0.0,2025-05-16
T690928,2025-05,418454.0,251073.0,0.0,2025-06-16
T690928,2025-06,517140.0,310284.0,0.0,2025-07-21
T690928,2025-07,269821.0,161893.0,0.0,2025-08-06
T690928,2025-08,321491.0,192895.0,0.0,2025-09-17
T690928,2025-09,642871.0,385723.0,0.0,2025-10-21
T690928,2025-10,577593.0,346556.0,0.0,2025-11-16
T690928,2025-11,548266.0,328960.0,0.0,2025-12-14
T690928,2025-12,269717.0,161830.0,0.0,2026-01-05
T690928,2026-01,918093.0,550856.0,0.0,2026-02-18
T690928,2026-02,346928.0,208157.0,0.0,2026-03-12
T690928,2026-03,827238.0,496343.0,0.0,2026-04-22
T690928,2026-04,494195.0,296517.0,0.0,2026-05-19
T690928,2026-05,666207.0,399724.0,0.0,2026-06-17
T690928,2026-06,421007.0,252604.0,0.0,2026-07-05
T690928,2026-07,187568.0,112541.0,0.0,2026-08-24
T690928,2026-08,789919.0,473952.0,0.0,2026-09-18
T690928,2026-09,321410.0,192846.0,0.0,2026-10-09
T955896,2024-10,256112.0,153667.0,0.0,2024-11-23
T955896,2024-11,511084.0,306650.0,0.0,2024-12-20
T955896,2024-12,837422.0,502453.0,0.0,2025-01-09
T955896,2025-01,2250128.0,1293043.0,126813.0,2025-02-09
T955896,2025-02,396436.0,237861.0,0.0,2025-03-17
T955896,2025-03,647939.0,388763.0,0.0,2025-04-24
T955896,2025-04,64279536.0,36938447.0,4365248.0,2025-05-14
T955896,2025-05,290917.0,174550.0,0.0,2025-06-13
T955896,2025-06,609307.0,365584.0,0.0,2025-07-10
T955896,2025-07,1172802.0,703681.0,0.0,2025-08-13
T955896,2025-08,609306.0,365584.0,0.0,2025-09-20
T955896,2025-09,375030.0,225018.0,0.0,2025-10-08
T955896,2025-10,207500.0,124500.0,0.0,2025-11-15
T955896,2025-11,13285959.0,7634820.0,741050.0,2025-12-19
T955896,2025-12,16326087.0,9381840.0,918012.0,2026-01-18
T955896,2026-01,877996.0,526798.0,0.0,2026-02-05
T955896,2026-02,504107.0,302464.0,0.0,2026-03-18
T955896,2026-03,260225.0,156135.0,0.0,2026-04-14
T955896,2026-04,20718945.0,11906210.0,1184610.0,2026-05-24
T955896,2026-05,717017.0,430210.0,0.0,2026-06-08
T955896,2026-06,467101.0,280260.0,0.0,2026-07-11
T955896,2026-07,265554.0,159332.0,0.0,2026-08-22
T955896,2026-08,494357.0,296614.0,0.0,2026-09-11
T955896,2026-09,138217.0,82930.0,0.0,2026-10-20
T726783,2024-10,463742.0,278245.0,0.0,2024-11-17
T726783,2024-11,340591.0,204354.0,0.0,2024-12-24
T726783,2024-12,298486.0,179092.0,0.0,2025-01-17
T726783,2025-01,509875.0,305925.0,0.0,2025-02-13
T726783,2025-02,410977.0,246586.0,0.0,2025-03-19
T726783,2025-03,162297.0,97378.0,0.0,2025-04-07
T726783,2025-04,329943.0,197966.0,0.0,2025-05-09
T726783,2025-05,457861.0,274716.0,0.0,2025-06-13
T726783,2025-06,635064.0,381039.0,0.0,2025-07-17
T726783,2025-07,801287.0,480772.0,0.0,2025-08-19
T726783,2025-08,388490.0,233094.0,0.0,2025-09-07
T726783,2025-09,280639.0,168384.0,0.0,2025-10-10
T726783,2025-10,244168.0,146501.0,0.0,2025-11-14
T726783,2025-11,767566.0,460539.0,0.0,2025-12-16
T726783,2025-12,675971.0,405582.0,0.0,2026-01-17
T726783,2026-01,224625.0,134775.0,0.0,2026-02-24
T726783,2026-02,437471.0,262482.0,0.0,2026-03-21
T726783,2026-03,227259.0,136355.0,0.0,2026-04-12
T726783,2026-04,594407.0,356644.0,0.0,2026-05-21
T726783,2026-05,310294.0,186176.0,0.0,2026-06-23
T726783,2026-06,1062047.0,637228.0,0.0,2026-07-24
T726783,2026-07,182402.0,109441.0,0.0,2026-08-06
T726783,2026-08,503807.0,302284.0,0.0,2026-09-17
T726783,2026-09,564206.0,338524.0,0.0,2026-10-06
T1182,2024-10,568291.0,340974.0,0.0,2024-11-11
T1182,2024-11,6629593.0,4221792.0,388611.0,2024-12-24
T1182,2024-12,6595522.0,4200095.0,379320.0,2025-01-13
T1182,2025-01,16462859.0,10483715.0,1030280.0,2025-02-13
T1182,2025-02,33844771.0,21552693.0,2103649.0,2025-03-14
T1182,2025-03,85591.0,51355.0,0.0,2025-04-09
T1182,2025-04,508205.0,304923.0,0.0,2025-05-12
T1182,2025-05,257606.0,154563.0,0.0,2025-06-16
T1182,2025-06,265088.0,159053.0,0.0,2025-07-19
T1182,2025-07,11242112.0,7159091.0,658261.0,2025-08-20
T1182,2025-08,457667.0,274600.0,0.0,2025-09-07
T1182,2025-09,23537188.0,14988720.0,1404459.0,2025-10-17
T1182,2025-10,8084064.0,5148014.0,462723.0,2025-11-07
T1182,2025-11,114390.0,68634.0,0.0,2025-12-20
T1182,2025-12,350904.0,210542.0,0.0,2026-01-10
T1182,2026-01,585098.0,351059.0,0.0,2026-02-13
T1182,2026-02,303338.0,182003.0,0.0,2026-03-12
T1182,2026-03,244195.0,146517.0,0.0,2026-04-20
T1182,2026-04,954627.0,572776.0,0.0,2026-05-11
T1182,2026-05,333964.0,200378.0,0.0,2026-06-20
T1182,2026-06,469929.0,281957.0,0.0,2026-07-11
T1182,2026-07,12940579.0,8240692.0,835275.0,2026-08-05
T1182,2026-08,318861.0,191316.0,0.0,2026-09-06
T1182,2026-09,774173.0,464504.0,0.0,2026-10-18
T1133,2024-10,338545.0,203127.0,0.0,2024-11-19
T1133,2024-11,200151.0,120091.0,0.0,2024-12-20
T1133,2024-12,800239.0,480143.0,0.0,2025-01-06
T1133,2025-01,501147.0,300688.0,0.0,2025-02-24
T1133,2025-02,251840.0,151104.0,0.0,2025-03-23
T1133,2025-03,398348.0,239009.0,0.0,2025-04-16
T1133,2025-04,337786.0,202671.0,0.0,2025-05-11
T1133,2025-05,327971.0,196783.0,0.0,2025-06-20
T1133,2025-06,316160.0,189696.0,0.0,2025-07-07
T1133,2025-07,448299.0,268979.0,0.0,2025-08-08
T1133,2025-08,478576.0,287146.0,0.0,2025-09-20
T1133,2025-09,267298.0,160379.0,0.0,2025-10-16
T1133,2025-10,245920.0,147552.0,0.0,2025-11-12
T1133,2025-11,324914.0,194948.0,0.0,2025-12-11
T1133,2025-12,436490.0,261894.0,0.0,2026-01-15
T1133,2026-01,253440.0,152064.0,0.0,2026-02-10
T1133,2026-02,206224.0,123734.0,0.0,2026-03-05
T1133,2026-03,263031.0,157819.0,0.0,2026-04-09
T1133,2026-04,472484.0,283490.0,0.0,2026-05-21
T1133,2026-05,285941.0,171565.0,0.0,2026-06-13
T1133,2026-06,184018.0,110411.0,0.0,2026-07-23
T1133,2026-07,350679.0,210407.0,0.0,2026-08-21
T1133,2026-08,207729.0,124637.0,0.0,2026-09-13
T1133,2026-09,111611.0,66967.0,0.0,2026-10-24
T1085,2024-10,865086.0,519051.0,0.0,2024-11-22
T1085,2024-11,283254.0,169952.0,0.0,2024-12-22
T1085,2024-12,182220.0,109332.0,0.0,2025-01-10
T1085,2025-01,30511764.0,18568449.0,1788772.0,2025-02-13
T1085,2025-02,4470620.0,2720671.0,270634.0,2025-03-16
T1085,2025-03,34096458.0,20749975.0,2025567.0,2025-04-07
T1085,2025-04,11759318.0,7156331.0,723192.0,2025-05-20
T1085,2025-05,604969.0,362981.0,0.0,2025-06-19
T1085,2025-06,3760181.0,2288322.0,225943.0,2025-07-09
T1085,2025-07,9711095.0,5909851.0,598756.0,2025-08-09
T1085,2025-08,17448915.0,10618832.0,1059310.0,2025-09-16
T1085,2025-09,28272573.0,17205752.0,1690583.0,2025-10-05
T1085,2025-10,13096575.0,7970142.0,781377.0,2025-11-17
T1085,2025-11,29766921.0,18115162.0,1752512.0,2025-12-14
T1085,2025-12,370453.0,222272.0,0.0,2026-01-07
T1085,2026-01,260985.0,156591.0,0.0,2026-02-13
T1085,2026-02,14939668.0,9091787.0,980284.0,2026-03-17
T1085,2026-03,11494960.0,6995452.0,689213.0,2026-04-19
T1085,2026-04,25358730.0,15432483.0,1575580.0,2026-05-05
T1085,2026-05,161358.0,96815.0,0.0,2026-06-07
T1085,2026-06,469046.0,281428.0,0.0,2026-07-05
T1085,2026-07,297387.0,178432.0,0.0,2026-08-14
T1085,2026-08,171917.0,103150.0,0.0,2026-09-15
T1085,2026-09,13818265.0,8409339.0,824946.0,2026-10-21
T1019,2024-10,324984.0,194990.0,0.0,2024-11-11
T1019,2024-11,467655.0,280593.0,0.0,2024-12-24
T1019,2024-12,559015.0,335409.0,0.0,2025-01-07
T1019,2025-01,272945.0,163767.0,0.0,2025-02-20
T1019,2025-02,607450.0,364470.0,0.0,2025-03-22
T1019,2025-03,786586.0,471952.0,0.0,2025-04-08
T1019,2025-04,311744.0,187046.0,0.0,2025-05-20
T1019,2025-05,325681.0,195408.0,0.0,2025-06-05
T1019,2025-06,270741.0,162444.0,0.0,2025-07-16
T1019,2025-07,316308.0,189785.0,0.0,2025-08-24
T1019,2025-08,284375.0,170625.0,0.0,2025-09-17
T1019,2025-09,458755.0,275253.0,0.0,2025-10-05
T1019,2025-10,1235621.0,725809.0,76572.0,2025-11-06
T1019,2025-11,835845.0,501507.0,0.0,2025-12-19
T1019,2025-12,417065.0,250239.0,0.0,2026-01-08
T1019,2026-01,148468.0,89081.0,0.0,2026-02-14
T1019,2026-02,273169.0,163901.0,0.0,2026-03-14
T1019,2026-03,397179.0,238308.0,0.0,2026-04-10
T1019,2026-04,727805.0,436683.0,0.0,2026-05-15
T1019,2026-05,343783.0,206270.0,0.0,2026-06-23
T1019,2026-06,262626.0,157576.0,0.0,2026-07-16
T1019,2026-07,230015.0,138009.0,0.0,2026-08-21
T1019,2026-08,2804187.0,1647193.0,175098.0,2026-09-24
T1019,2026-09,473633.0,284180.0,0.0,2026-10-05
T227300,2024-10,570510.0,342306.0,0.0,2024-11-19
T227300,2024-11,400606.0,240363.0,0.0,2024-12-16
T227300,2024-12,154477.0,92686.0,0.0,2025-01-20
T227300,2025-01,267345.0,160407.0,0.0,2025-02-12
T227300,2025-02,383040.0,229824.0,0.0,2025-03-09
T227300,2025-03,415102.0,249061.0,0.0,2025-04-17
T227300,2025-04,878789.0,527273.0,0.0,2025-05-23
T227300,2025-05,273821.0,164293.0,0.0,2025-06-18
T227300,2025-06,243738.0,146243.0,0.0,2025-07-11
T227300,2025-07,787792.0,472675.0,0.0,2025-08-12
T227300,2025-08,631577.0,378946.0,0.0,2025-09-10
T227300,2025-09,658282.0,394969.0,0.0,2025-10-12
T227300,2025-10,408040.0,244824.0,0.0,2025-11-23
T227300,2025-11,926284.0,555770.0,0.0,2025-12-08
T227300,2025-12,639206.0,383524.0,0.0,2026-01-16
T227300,2026-01,984194.0,590516.0,0.0,2026-02-16
T227300,2026-02,324729.0,194837.0,0.0,2026-03-17
T227300,2026-03,799150.0,479490.0,0.0,2026-04-07
T227300,2026-04,535364.0,321218.0,0.0,2026-05-14
T227300,2026-05,385708.0,231425.0,0.0,2026-06-18
T227300,2026-06,266759.0,160055.0,0.0,2026-07-20
T227300,2026-07,1378590.0,827154.0,0.0,2026-08-10
T227300,2026-08,384353.0,230612.0,0.0,2026-09-09
T227300,2026-09,131899.0,79139.0,0.0,2026-10-09
T791893,2024-10,164173.0,98504.0,0.0,2024-11-20
T791893,2024-11,7291926.0,4276191.0,391444.0,2024-12-16
T791893,2024-12,351567.0,210940.0,0.0,2025-01-05
T791893,2025-01,329435.0,197661.0,0.0,2025-02-24
T791893,2025-02,359087.0,215452.0,0.0,2025-03-23
T791893,2025-03,234194.0,140517.0,0.0,2025-04-05
T791893,2025-04,793253.0,475952.0,0.0,2025-05-23
T791893,2025-05,388802.0,233281.0,0.0,2025-06-19
T791893,2025-06,647061.0,388237.0,0.0,2025-07-19
T791893,2025-07,424400.0,254640.0,0.0,2025-08-08
T791893,2025-08,245789.0,147473.0,0.0,2025-09-15
T791893,2025-09,346995.0,208197.0,0.0,2025-10-24
T791893,2025-10,315121.0,189073.0,0.0,2025-11-19
T791893,2025-11,306938.0,184163.0,0.0,2025-12-17
T791893,2025-12,329555.0,197733.0,0.0,2026-01-12
T791893,2026-01,379503.0,227702.0,0.0,2026-02-12
T791893,2026-02,285946.0,171568.0,0.0,2026-03-14
T791893,2026-03,850455.0,510273.0,0.0,2026-04-08
T791893,2026-04,939154.0,563492.0,0.0,2026-05-07
T791893,2026-05,276489.0,165894.0,0.0,2026-06-24
T791893,2026-06,481985.0,289191.0,0.0,2026-07-16
T791893,2026-07,263342.0,158005.0,0.0,2026-08-21
T791893,2026-08,673314.0,403989.0,0.0,2026-09-24
T791893,2026-09,245703.0,147422.0,0.0,2026-10-21
T948789,2024-10,538670.0,323202.0,0.0,2024-11-09
T948789,2024-11,264563.0,158738.0,0.0,2024-12-24
T948789,2024-12,689042.0,413425.0,0.0,2025-01-18
T948789,2025-01,427743.0,256646.0,0.0,2025-02-15
T948789,2025-02,358659.0,215196.0,0.0,2025-03-15
T948789,2025-03,352472.0,211483.0,0.0,2025-04-11
T948789,2025-04,310932.0,186559.0,0.0,2025-05-22
T948789,2025-05,646277.0,387766.0,0.0,2025-06-15
T948789,2025-06,435255.0,261153.0,0.0,2025-07-23
T948789,2025-07,736793.0,442076.0,0.0,2025-08-17
T948789,2025-08,562208.0,337325.0,0.0,2025-09-10
T948789,2025-09,372918.0,223751.0,0.0,2025-10-17
T948789,2025-10,2815044.0,1705082.0,163985.0,2025-11-18
T948789,2025-11,457125.0,274275.0,0.0,2025-12-17
T948789,2025-12,401110.0,240666.0,0.0,2026-01-17
T948789,2026-01,325366.0,195220.0,0.0,2026-02-09
T948789,2026-02,753473.0,452084.0,0.0,2026-03-11
T948789,2026-03,479233.0,287540.0,0.0,2026-04-05
T948789,2026-04,560808.0,336485.0,0.0,2026-05-05
T948789,2026-05,16832259.0,10195361.0,908086.0,2026-06-16
T948789,2026-06,196092.0,117655.0,0.0,2026-07-21
T948789,2026-07,276976.0,166185.0,0.0,2026-08-24
T948789,2026-08,49376882.0,29907759.0,2737131.0,2026-09-23
T948789,2026-09,372980.0,223788.0,0.0,2026-10-09
T1095,2024-10,547605.0,328563.0,0.0,2024-11-09
T1095,2024-11,644904.0,386942.0,0.0,2024-12-14
T1095,2024-12,234048.0,140429.0,0.0,2025-01-05
T1095,2025-01,195687.0,117412.0,0.0,2025-02-20
T1095,2025-02,359729.0,215837.0,0.0,2025-03-21
T1095,2025-03,473665.0,284199.0,0.0,2025-04-23
T1095,2025-04,476164.0,285698.0,0.0,2025-05-18
T1095,2025-05,342135.0,205281.0,0.0,2025-06-17
T1095,2025-06,788438.0,473063.0,0.0,2025-07-09
T1095,2025-07,385695.0,231417.0,0.0,2025-08-19
T1095,2025-08,468002.0,280801.0,0.0,2025-09-18
T1095,2025-09,662161.0,397297.0,0.0,2025-10-06
T1095,2025-10,380524.0,228314.0,0.0,2025-11-10
T1095,2025-11,469505.0,281703.0,0.0,2025-12-07
T1095,2025-12,240532.0,144319.0,0.0,2026-01-20
T1095,2026-01,174043.0,104426.0,0.0,2026-02-11
T1095,2026-02,857616.0,514570.0,0.0,2026-03-07
T1095,2026-03,292897.0,175738.0,0.0,2026-04-09
T1095,2026-04,551472.0,330883.0,0.0,2026-05-24
T1095,2026-05,281001.0,168600.0,0.0,2026-06-16
T1095,2026-06,149620.0,89772.0,0.0,2026-07-19
T1095,2026-07,424083.0,254450.0,0.0,2026-08-08
T1095,2026-08,457202.0,274321.0,0.0,2026-09-17
T1095,2026-09,747651.0,448591.0,0.0,2026-10-23
T610374,2024-10,20103343.0,11926021.0,1438092.0,2024-11-12
T610374,2024-11,796862.0,478117.0,0.0,2024-12-16
T610374,2024-12,604980.0,362988.0,0.0,2025-01-09
T610374,2025-01,633252.0,379951.0,0.0,2025-02-13
T610374,2025-02,24980998.0,14819620.0,1727971.0,2025-03-16
T610374,2025-03,323713.0,194228.0,0.0,2025-04-14
T610374,2025-04,33308098.0,19759553.0,2108776.0,2025-05-09
T610374,2025-05,3237918.0,1920848.0,190556.0,2025-06-23
T610374,2025-06,350864.0,210519.0,0.0,2025-07-10
T610374,2025-07,592346.0,355408.0,0.0,2025-08-18
T610374,2025-08,204636.0,122781.0,0.0,2025-09-22
T610374,2025-09,21905872.0,12995345.0,1256291.0,2025-10-13
T610374,2025-10,412255.0,247353.0,0.0,2025-11-18
T610374,2025-11,374698.0,224819.0,0.0,2025-12-22
T610374,2025-12,135788.0,81473.0,0.0,2026-01-23
T610374,2026-01,7190957.0,4265932.0,500221.0,2026-02-10
T610374,2026-02,322413.0,193448.0,0.0,2026-03-22
T610374,2026-03,569429.0,341658.0,0.0,2026-04-23
T610374,2026-04,293869.0,176321.0,0.0,2026-05-05
T610374,2026-05,405609.0,243366.0,0.0,2026-06-13
T610374,2026-06,10442113.0,6194634.0,609200.0,2026-07-21
T610374,2026-07,569691.0,341814.0,0.0,2026-08-19
T610374,2026-08,442787.0,265672.0,0.0,2026-09-20
T610374,2026-09,247236.0,148342.0,0.0,2026-10-12
T1063,2024-10,266327.0,159796.0,0.0,2024-11-22
T1063,2024-11,12106488.0,8135012.0,730693.0,2024-12-11
T1063,2024-12,6316945.0,4244701.0,400630.0,2025-01-13
T1063,2025-01,299142.0,179485.0,0.0,2025-02-23
T1063,2025-02,3482485.0,2340072.0,228088.0,2025-03-17
T1063,2025-03,17692478.0,11888544.0,1137793.0,2025-04-18
T1063,2025-04,38787615.0,26063522.0,2405228.0,2025-05-22
T1063,2025-05,39240771.0,26368022.0,2556273.0,2025-06-24
T1063,2025-06,781553.0,468932.0,0.0,2025-07-13
T1063,2025-07,12741015.0,8561385.0,778611.0,2025-08-22
T1063,2025-08,5008653.0,3365589.0,298941.0,2025-09-12
T1063,2025-09,319435.0,191661.0,0.0,2025-10-13
T1063,2025-10,276526.0,165915.0,0.0,2025-11-07
T1063,2025-11,269366.0,161620.0,0.0,2025-12-23
T1063,2025-12,197616.0,118570.0,0.0,2026-01-21
T1063,2026-01,278323.0,166994.0,0.0,2026-02-08
T1063,2026-02,653719.0,392231.0,0.0,2026-03-24
T1063,2026-03,428418.0,257051.0,0.0,2026-04-24
T1063,2026-04,705037.0,423022.0,0.0,2026-05-24
T1063,2026-05,28857675.0,19391052.0,1896089.0,2026-06-19
T1063,2026-06,2115464.0,1421496.0,130541.0,2026-07-22
T1063,2026-07,650436.0,390262.0,0.0,2026-08-10
T1063,2026-08,635174.0,381104.0,0.0,2026-09-09
T1063,2026-09,401497.0,240898.0,0.0,2026-10-20
T940009,2024-10,0.0,296943.0,0.0,2024-11-09
T940009,2024-11,0.0,219484.0,0.0,2024-12-10
T940009,2024-12,9882057.0,18221047.0,1672521.0,2025-01-18
T940009,2025-01,0.0,155469.0,0.0,2025-02-05
T940009,2025-02,0.0,211435.0,0.0,2025-03-23
T940009,2025-03,2518587.0,3660123.0,330195.0,2025-04-22
T940009,2025-04,774972.0,1191063.0,110432.0,2025-05-07
T940009,2025-05,0.0,153180.0,0.0,2025-06-10
T940009,2025-06,5992688.0,7682817.0,698986.0,2025-07-13
T940009,2025-07,0.0,175290.0,0.0,2025-08-11
T940009,2025-08,11138158.0,19413204.0,1971501.0,2025-09-12
T940009,2025-09,1062455.0,1855933.0,185518.0,2025-10-17
T940009,2025-10,0.0,334032.0,0.0,2025-11-13
T940009,2025-11,0.0,327387.0,0.0,2025-12-16
T940009,2025-12,0.0,438649.0,0.0,2026-01-10
T940009,2026-01,1259017.0,1754885.0,162046.0,2026-02-05
T940009,2026-02,0.0,373666.0,0.0,2026-03-22
T940009,2026-03,1656566.0,2521373.0,259239.0,2026-04-15
T940009,2026-04,0.0,199408.0,0.0,2026-05-08
T940009,2026-05,0.0,227683.0,0.0,2026-06-09
T940009,2026-06,0.0,254254.0,0.0,2026-07-12
T940009,2026-07,0.0,144172.0,0.0,2026-08-13
T940009,2026-08,0.0,131589.0,0.0,2026-09-22
T940009,2026-09,2227124.0,3702714.0,378012.0,2026-10-21
T268522,2024-10,641386.0,384831.0,0.0,2024-11-24
T268522,2024-11,358993.0,215396.0,0.0,2024-12-18
T268522,2024-12,299952.0,179971.0,0.0,2025-01-08
T268522,2025-01,565366.0,339220.0,0.0,2025-02-17
T268522,2025-02,269400.0,161640.0,0.0,2025-03-12
T268522,2025-03,459666.0,275800.0,0.0,2025-04-12
T268522,2025-04,471695.0,283017.0,0.0,2025-05-06
T268522,2025-05,404984.0,242990.0,0.0,2025-06-06
T268522,2025-06,214923.0,128954.0,0.0,2025-07-17
T268522,2025-07,289193.0,173516.0,0.0,2025-08-13
T268522,2025-08,314692.0,188815.0,0.0,2025-09-22
T268522,2025-09,863830.0,518298.0,0.0,2025-10-22
T268522,2025-10,456263.0,273758.0,0.0,2025-11-12
T268522,2025-11,196750.0,118050.0,0.0,2025-12-18
T268522,2025-12,330765.0,198459.0,0.0,2026-01-17
T268522,2026-01,261765.0,157059.0,0.0,2026-02-24
T268522,2026-02,405798.0,243479.0,0.0,2026-03-13
T268522,2026-03,175015.0,105009.0,0.0,2026-04-05
T268522,2026-04,978847.0,587308.0,0.0,2026-05-22
T268522,2026-05,133086.0,79851.0,0.0,2026-06-08
T268522,2026-06,876453.0,525872.0,0.0,2026-07-23
T268522,2026-07,177491.0,106494.0,0.0,2026-08-18
T268522,2026-08,787512.0,472507.0,0.0,2026-09-16
T268522,2026-09,200129.0,120077.0,0.0,2026-10-10
T723648,2024-10,22704076.0,16019046.0,1460438.0,2024-11-24
T723648,2024-11,231628.0,138977.0,0.0,2024-12-21
T723648,2024-12,40360790.0,28476885.0,2694654.0,2025-01-22
T723648,2025-01,1936647.0,1366417.0,122761.0,2025-02-07
T723648,2025-02,584552.0,350731.0,0.0,2025-03-22
T723648,2025-03,2254818.0,1590905.0,143955.0,2025-04-07
T723648,2025-04,2447754.0,1727033.0,192781.0,2025-05-16
T723648,2025-05,17562210.0,12391161.0,1253132.0,2025-06-19
T723648,2025-06,3479030.0,2454658.0,214610.0,2025-07-18
T723648,2025-07,545417.0,327250.0,0.0,2025-08-05
T723648,2025-08,446836.0,268101.0,0.0,2025-09-16
T723648,2025-09,19484739.0,13747617.0,1264255.0,2025-10-24
T723648,2025-10,1269434.0,895659.0,98949.0,2025-11-09
T723648,2025-11,291224.0,174734.0,0.0,2025-12-14
T723648,2025-12,518589.0,311154.0,0.0,2026-01-24
T723648,2026-01,5149383.0,3633190.0,374173.0,2026-02-12
T723648,2026-02,512978.0,307787.0,0.0,2026-03-19
T723648,2026-03,146477.0,87886.0,0.0,2026-04-20
T723648,2026-04,19344846.0,13648914.0,1268386.0,2026-05-21
T723648,2026-05,6106916.0,4308785.0,397512.0,2026-06-14
T723648,2026-06,181034.0,108620.0,0.0,2026-07-05
T723648,2026-07,800674.0,480404.0,0.0,2026-08-22
T723648,2026-08,2014530.0,1421368.0,130109.0,2026-09-16
T723648,2026-09,874247.0,524548.0,0.0,2026-10-18
T896099,2024-10,424906.0,254944.0,0.0,2024-11-05
T896099,2024-11,787659.0,472596.0,0.0,2024-12-15
T896099,2024-12,136140.0,81684.0,0.0,2025-01-06
T896099,2025-01,843314.0,505988.0,0.0,2025-02-20
T896099,2025-02,467725.0,280635.0,0.0,2025-03-23
T896099,2025-03,157246.0,94348.0,0.0,2025-04-24
T896099,2025-04,12082098.0,6908053.0,653470.0,2025-05-17
T896099,2025-05,623363.0,374018.0,0.0,2025-06-09
T896099,2025-06,494814.0,296889.0,0.0,2025-07-11
T896099,2025-07,7754233.0,4433556.0,429991.0,2025-08-22
T896099,2025-08,804934.0,482961.0,0.0,2025-09-11
T896099,2025-09,268074.0,160844.0,0.0,2025-10-10
T896099,2025-10,422940.0,253764.0,0.0,2025-11-14
T896099,2025-11,356597.0,213958.0,0.0,2025-12-13
T896099,2025-12,306471.0,183883.0,0.0,2026-01-16
T896099,2026-01,1369848.0,821909.0,0.0,2026-02-08
T896099,2026-02,641225.0,384735.0,0.0,2026-03-05
T896099,2026-03,321708.0,193025.0,0.0,2026-04-05
T896099,2026-04,317435.0,190461.0,0.0,2026-05-24
T896099,2026-05,3404251.0,1946412.0,189366.0,2026-06-23
T896099,2026-06,797139.0,478283.0,0.0,2026-07-13
T896099,2026-07,700482.0,420289.0,0.0,2026-08-11
T896099,2026-08,1996965.0,1141784.0,115791.0,2026-09-18
T896099,2026-09,5651768.0,3231451.0,285606.0,2026-10-23
T254179,2024-10,236206.0,141723.0,0.0,2024-11-11
T254179,2024-11,242662.0,145597.0,0.0,2024-12-08
T254179,2024-12,265783.0,159470.0,0.0,2025-01-20
T254179,2025-01,278572.0,167143.0,0.0,2025-02-11
T254179,2025-02,298534.0,179120.0,0.0,2025-03-16
T254179,2025-03,359374.0,215624.0,0.0,2025-04-18
T254179,2025-04,317490.0,190494.0,0.0,2025-05-13
T254179,2025-05,603315.0,361989.0,0.0,2025-06-11
T254179,2025-06,387346.0,232408.0,0.0,2025-07-20
T254179,2025-07,297735.0,178641.0,0.0,2025-08-05
T254179,2025-08,465372.0,279223.0,0.0,2025-09-07
T254179,2025-09,227340.0,136404.0,0.0,2025-10-09
T254179,2025-10,524353.0,314612.0,0.0,2025-11-23
T254179,2025-11,7479706.0,5384181.0,623393.0,2025-12-22
T254179,2025-12,366358.0,219815.0,0.0,2026-01-16
T254179,2026-01,438791.0,263274.0,0.0,2026-02-15
T254179,2026-02,358988.0,215393.0,0.0,2026-03-05
T254179,2026-03,613655.0,368193.0,0.0,2026-04-07
T254179,2026-04,641888.0,385133.0,0.0,2026-05-13
T254179,2026-05,228290.0,136974.0,0.0,2026-06-11
T254179,2026-06,12853960.0,9252776.0,910609.0,2026-07-23
T254179,2026-07,535136.0,321082.0,0.0,2026-08-24
T254179,2026-08,764630.0,458778.0,0.0,2026-09-18
T254179,2026-09,2187409.0,1312446.0,0.0,2026-10-12
T993947,2024-10,775889.0,465533.0,0.0,2024-11-20
T993947,2024-11,486475.0,291885.0,0.0,2024-12-13
T993947,2024-12,369071.0,221443.0,0.0,2025-01-22
T993947,2025-01,495769.0,297462.0,0.0,2025-02-18
T993947,2025-02,731015.0,438609.0,0.0,2025-03-18
T993947,2025-03,249206.0,149524.0,0.0,2025-04-07
T993947,2025-04,244480.0,146688.0,0.0,2025-05-06
T993947,2025-05,397058.0,238235.0,0.0,2025-06-14
T993947,2025-06,319646.0,191788.0,0.0,2025-07-15
T993947,2025-07,571072.0,342643.0,0.0,2025-08-06
T993947,2025-08,561218.0,336731.0,0.0,2025-09-11
T993947,2025-09,409297.0,245578.0,0.0,2025-10-17
T993947,2025-10,512913.0,307748.0,0.0,2025-11-10
T993947,2025-11,537657.0,322594.0,0.0,2025-12-16
T993947,2025-12,999854.0,599913.0,0.0,2026-01-12
T993947,2026-01,18698244.0,10893088.0,1220065.0,2026-02-20
T993947,2026-02,483428.0,290057.0,0.0,2026-03-21
T993947,2026-03,7957231.0,4635666.0,531553.0,2026-04-13
T993947,2026-04,275983.0,165590.0,0.0,2026-05-09
T993947,2026-05,332099.0,199259.0,0.0,2026-06-18
T993947,2026-06,239665.0,143799.0,0.0,2026-07-14
T993947,2026-07,261802.0,157081.0,0.0,2026-08-24
T993947,2026-08,438836.0,263302.0,0.0,2026-09-10
T993947,2026-09,313145.0,187887.0,0.0,2026-10-05
T1006,2024-10,206140.0,123684.0,0.0,2024-11-19
T1006,2024-11,242505.0,145503.0,0.0,2024-12-21
T1006,2024-12,370729.0,222437.0,0.0,2025-01-15
T1006,2025-01,411574.0,246945.0,0.0,2025-02-15
T1006,2025-02,135843.0,81506.0,0.0,2025-03-11
T1006,2025-03,377731.0,226639.0,0.0,2025-04-17
T1006,2025-04,368308.0,220985.0,0.0,2025-05-18
T1006,2025-05,386458.0,231875.0,0.0,2025-06-14
T1006,2025-06,464559.0,278736.0,0.0,2025-07-09
T1006,2025-07,286115.0,171669.0,0.0,2025-08-05
T1006,2025-08,342254.0,205353.0,0.0,2025-09-12
T1006,2025-09,448188.0,268913.0,0.0,2025-10-14
T1006,2025-10,208224.0,124934.0,0.0,2025-11-22
T1006,2025-11,356686.0,214011.0,0.0,2025-12-15
T1006,2025-12,370233.0,222140.0,0.0,2026-01-24
T1006,2026-01,367675.0,220605.0,0.0,2026-02-24
T1006,2026-02,305394.0,183236.0,0.0,2026-03-17
T1006,2026-03,597957.0,358774.0,0.0,2026-04-05
T1006,2026-04,195886.0,117532.0,0.0,2026-05-16
T1006,2026-05,231564.0,138938.0,0.0,2026-06-18
T1006,2026-06,126121.0,75673.0,0.0,2026-07-17
T1006,2026-07,442201.0,265321.0,0.0,2026-08-12
T1006,2026-08,758089.0,454854.0,0.0,2026-09-13
T1006,2026-09,237444.0,142466.0,0.0,2026-10-16
T891139,2024-10,10773406.0,7671352.0,717474.0,2024-11-12
T891139,2024-11,215375507.0,153361090.0,16203459.0,2024-12-16
T891139,2024-12,48340997.0,34421871.0,3350744.0,2025-01-05
T891139,2025-01,590040.0,354024.0,0.0,2025-02-13
T891139,2025-02,53887736.0,38371503.0,3531465.0,2025-03-14
T891139,2025-03,28355849.0,20191172.0,2170266.0,2025-04-14
T891139,2025-04,51326078.0,36547439.0,3542867.0,2025-05-21
T891139,2025-05,250222.0,150133.0,0.0,2025-06-07
T891139,2025-06,463908.0,278345.0,0.0,2025-07-08
T891139,2025-07,429270.0,257562.0,0.0,2025-08-12
T891139,2025-08,17305593.0,12322685.0,1420464.0,2025-09-16
T891139,2025-09,497539.0,298523.0,0.0,2025-10-21
T891139,2025-10,159595809.0,113642389.0,11906569.0,2025-11-24
T891139,2025-11,43176290.0,30744271.0,2946637.0,2025-12-12
T891139,2025-12,19971737.0,14221150.0,1314775.0,2026-01-13
T891139,2026-01,431338.0,258803.0,0.0,2026-02-12
T891139,2026-02,285252.0,171151.0,0.0,2026-03-21
T891139,2026-03,66589967.0,47416301.0,4197864.0,2026-04-22
T891139,2026-04,42067894.0,29955022.0,2931037.0,2026-05-20
T891139,2026-05,57711921.0,41094567.0,3997563.0,2026-06-05
T891139,2026-06,28026169.0,19956419.0,2185548.0,2026-07-05
T891139,2026-07,11087408.0,7894941.0,736206.0,2026-08-22
T891139,2026-08,107481014.0,76533333.0,7404357.0,2026-09-18
T891139,2026-09,839734.0,503841.0,0.0,2026-10-06
T1018,2024-10,509796.0,305877.0,0.0,2024-11-20
T1018,2024-11,559107.0,335464.0,0.0,2024-12-13
T1018,2024-12,16307735.0,9871156.0,903298.0,2025-01-08
T1018,2025-01,85632422.0,51833748.0,4801132.0,2025-02-15
T1018,2025-02,686181.0,411709.0,0.0,2025-03-20
T1018,2025-03,590003.0,354002.0,0.0,2025-04-14
T1018,2025-04,402390.0,241434.0,0.0,2025-05-12
T1018,2025-05,229861.0,137917.0,0.0,2025-06-12
T1018,2025-06,23790855.0,14400728.0,1328899.0,2025-07-08
T1018,2025-07,139302241.0,84320367.0,7546555.0,2025-08-15
T1018,2025-08,500566.0,300339.0,0.0,2025-09-16
T1018,2025-09,22441597.0,13584015.0,1316303.0,2025-10-16
T1018,2025-10,193758.0,116255.0,0.0,2025-11-23
T1018,2025-11,127511.0,76507.0,0.0,2025-12-17
T1018,2025-12,296808.0,178085.0,0.0,2026-01-21
T1018,2026-01,335463.0,201278.0,0.0,2026-02-11
T1018,2026-02,241066.0,144639.0,0.0,2026-03-20
T1018,2026-03,627006.0,376203.0,0.0,2026-04-17
T1018,2026-04,403466.0,242080.0,0.0,2026-05-06
T1018,2026-05,346427.0,207856.0,0.0,2026-06-10
T1018,2026-06,451266.0,270760.0,0.0,2026-07-12
T1018,2026-07,188999.0,113399.0,0.0,2026-08-09
T1018,2026-08,749817.0,449890.0,0.0,2026-09-05
T1018,2026-09,432284.0,259371.0,0.0,2026-10-15
T773224,2024-10,745439549.0,434429279.0,41245055.0,2024-11-07
T773224,2024-11,825162126.0,480890218.0,46803701.0,2024-12-24
T773224,2024-12,584246195.0,340488579.0,32974691.0,2025-01-06
T773224,2025-01,840146074.0,489622604.0,48176268.0,2025-02-20
T773224,2025-02,502713149.0,292972530.0,28025698.0,2025-03-05
T773224,2025-03,575314395.0,335283281.0,33076925.0,2025-04-05
T773224,2025-04,791381407.0,461203399.0,45781691.0,2025-05-20
T773224,2025-05,317980751.0,185313683.0,17644740.0,2025-06-20
T773224,2025-06,466924601.0,272115583.0,27313862.0,2025-07-22
T773224,2025-07,389804926.0,227171570.0,22074994.0,2025-08-07
T773224,2025-08,612498850.0,356953738.0,34073693.0,2025-09-24
T773224,2025-09,370440426.0,215886275.0,21302747.0,2025-10-16
T773224,2025-10,166620685.0,97103654.0,9188754.0,2025-11-05
T773224,2025-11,448675519.0,261480334.0,25873974.0,2025-12-23
T773224,2025-12,168374754.0,98125895.0,9598187.0,2026-01-08
T773224,2026-01,271428795.0,158184008.0,14704662.0,2026-02-11
T773224,2026-02,652433607.0,380227024.0,37704453.0,2026-03-08
T773224,2026-03,572823785.0,333831796.0,33545204.0,2026-04-22
T773224,2026-04,696412864.0,405857375.0,38995407.0,2026-05-05
T773224,2026-05,460814713.0,268554846.0,26923719.0,2026-06-17
T773224,2026-06,673960552.0,392772556.0,36724796.0,2026-07-22
T773224,2026-07,518756745.0,302322461.0,29768526.0,2026-08-09
T773224,2026-08,420353779.0,244974914.0,23828638.0,2026-09-17
T773224,2026-09,421083207.0,245400012.0,22870143.0,2026-10-14
T195123,2024-10,151408.0,90845.0,0.0,2024-11-11
T195123,2024-11,429771.0,257862.0,0.0,2024-12-17
T195123,2024-12,2244367.0,1560139.0,144264.0,2025-01-24
T195123,2025-01,778091.0,466855.0,0.0,2025-02-16
T195123,2025-02,302797.0,181678.0,0.0,2025-03-07
T195123,2025-03,261750.0,157050.0,0.0,2025-04-10
T195123,2025-04,684073.0,410444.0,0.0,2025-05-19
T195123,2025-05,311025.0,186615.0,0.0,2025-06-06
T195123,2025-06,374183.0,224510.0,0.0,2025-07-08
T195123,2025-07,671677.0,403006.0,0.0,2025-08-05
T195123,2025-08,483942.0,290365.0,0.0,2025-09-10
T195123,2025-09,432986.0,259792.0,0.0,2025-10-10
T195123,2025-10,1219289.0,731574.0,0.0,2025-11-12
T195123,2025-11,1094720.0,656832.0,0.0,2025-12-18
T195123,2025-12,5554518.0,3861141.0,427086.0,2026-01-14
T195123,2026-01,189433.0,113660.0,0.0,2026-02-14
T195123,2026-02,211132.0,126679.0,0.0,2026-03-11
T195123,2026-03,226226.0,135736.0,0.0,2026-04-08
T195123,2026-04,290030.0,174018.0,0.0,2026-05-10
T195123,2026-05,167268.0,100361.0,0.0,2026-06-20
T195123,2026-06,209540.0,125724.0,0.0,2026-07-23
T195123,2026-07,264483.0,158690.0,0.0,2026-08-20
T195123,2026-08,415866.0,249520.0,0.0,2026-09-24
T195123,2026-09,226393.0,135836.0,0.0,2026-10-10
T490544,2024-10,800673.0,480404.0,0.0,2024-11-06
T490544,2024-11,409011.0,245407.0,0.0,2024-12-19
T490544,2024-12,453890.0,272334.0,0.0,2025-01-07
T490544,2025-01,423173.0,253904.0,0.0,2025-02-19
T490544,2025-02,240928.0,144557.0,0.0,2025-03-13
T490544,2025-03,167314.0,100388.0,0.0,2025-04-16
T490544,2025-04,258659.0,155195.0,0.0,2025-05-23
T490544,2025-05,254369.0,152621.0,0.0,2025-06-22
T490544,2025-06,356149.0,213690.0,0.0,2025-07-13
T490544,2025-07,576471.0,345882.0,0.0,2025-08-21
T490544,2025-08,648064.0,388838.0,0.0,2025-09-24
T490544,2025-09,429871.0,257922.0,0.0,2025-10-14
T490544,2025-10,651182.0,390709.0,0.0,2025-11-06
T490544,2025-11,641724.0,385034.0,0.0,2025-12-19
T490544,2025-12,374254.0,224552.0,0.0,2026-01-16
T490544,2026-01,269268.0,161561.0,0.0,2026-02-23
T490544,2026-02,415716.0,249430.0,0.0,2026-03-19
T490544,2026-03,356101.0,213661.0,0.0,2026-04-24
T490544,2026-04,267429.0,160457.0,0.0,2026-05-15
T490544,2026-05,237484.0,142491.0,0.0,2026-06-17
T490544,2026-06,363563.0,218138.0,0.0,2026-07-15
T490544,2026-07,240432.0,144259.0,0.0,2026-08-16
T490544,2026-08,356391.0,213835.0,0.0,2026-09-20
T490544,2026-09,250816.0,150490.0,0.0,2026-10-15
T865697,2024-10,287678.0,172607.0,0.0,2024-11-14
T865697,2024-11,220944.0,132566.0,0.0,2024-12-13
T865697,2024-12,799727.0,479836.0,0.0,2025-01-13
T865697,2025-01,814758.0,488855.0,0.0,2025-02-09
T865697,2025-02,252518.0,151511.0,0.0,2025-03-19
T865697,2025-03,516575.0,309945.0,0.0,2025-04-11
T865697,2025-04,679385.0,407631.0,0.0,2025-05-22
T865697,2025-05,312741.0,187644.0,0.0,2025-06-21
T865697,2025-06,476226.0,285736.0,0.0,2025-07-08
T865697,2025-07,1160487.0,696292.0,0.0,2025-08-10
T865697,2025-08,233507.0,140104.0,0.0,2025-09-10
T865697,2025-09,291519.0,174912.0,0.0,2025-10-09
T865697,2025-10,542600.0,325560.0,0.0,2025-11-12
T865697,2025-11,321294.0,192776.0,0.0,2025-12-16
T865697,2025-12,338098.0,202859.0,0.0,2026-01-13
T865697,2026-01,271217.0,162730.0,0.0,2026-02-18
T865697,2026-02,1068621.0,641173.0,0.0,2026-03-15
T865697,2026-03,1174153.0,704492.0,0.0,2026-04-12
T865697,2026-04,218447.0,131068.0,0.0,2026-05-15
T865697,2026-05,647960.0,388776.0,0.0,2026-06-15
T865697,2026-06,601090.0,360654.0,0.0,2026-07-05
T865697,2026-07,362050.0,217230.0,0.0,2026-08-14
T865697,2026-08,545021.0,327013.0,0.0,2026-09-21
T865697,2026-09,443942.0,266365.0,0.0,2026-10-07
T999913,2024-10,324418.0,194651.0,0.0,2024-11-11
T999913,2024-11,859281.0,515569.0,0.0,2024-12-06
T999913,2024-12,685640.0,411384.0,0.0,2025-01-18
T999913,2025-01,206312.0,123787.0,0.0,2025-02-07
T999913,2025-02,496105.0,297663.0,0.0,2025-03-12
T999913,2025-03,504387.0,302632.0,0.0,2025-04-07
T999913,2025-04,597973.0,358784.0,0.0,2025-05-09
T999913,2025-05,477357.0,286414.0,0.0,2025-06-11
T999913,2025-06,193271.0,115962.0,0.0,2025-07-23
T999913,2025-07,311398.0,186839.0,0.0,2025-08-08
T999913,2025-08,681613.0,408968.0,0.0,2025-09-15
T999913,2025-09,210362.0,126217.0,0.0,2025-10-24
T999913,2025-10,375985.0,225591.0,0.0,2025-11-23
T999913,2025-11,530832.0,318499.0,0.0,2025-12-05
T999913,2025-12,295508.0,177305.0,0.0,2026-01-19
T999913,2026-01,1025285.0,615171.0,0.0,2026-02-18
T999913,2026-02,570548.0,342329.0,0.0,2026-03-05
T999913,2026-03,520157.0,312094.0,0.0,2026-04-22
T999913,2026-04,301427.0,180856.0,0.0,2026-05-08
T999913,2026-05,290724.0,174434.0,0.0,2026-06-18
T999913,2026-06,254125.0,152475.0,0.0,2026-07-23
T999913,2026-07,471084.0,282651.0,0.0,2026-08-24
T999913,2026-08,455784.0,273471.0,0.0,2026-09-16
T999913,2026-09,321550.0,192930.0,0.0,2026-10-12
T983690,2024-10,780603.0,468362.0,0.0,2024-11-05
T983690,2024-11,339435.0,203661.0,0.0,2024-12-17
T983690,2024-12,265961.0,159577.0,0.0,2025-01-13
T983690,2025-01,843681.0,506209.0,0.0,2025-02-12
T983690,2025-02,501969.0,301181.0,0.0,2025-03-19
T983690,2025-03,397062.0,238237.0,0.0,2025-04-21
T983690,2025-04,149023100.0,101340109.0,9385973.0,2025-05-16
T983690,2025-05,428211.0,256927.0,0.0,2025-06-12
T983690,2025-06,634675.0,380805.0,0.0,2025-07-23
T983690,2025-07,316480.0,189888.0,0.0,2025-08-08
T983690,2025-08,144451.0,86671.0,0.0,2025-09-18
T983690,2025-09,238019.0,142811.0,0.0,2025-10-20
T983690,2025-10,325061.0,195037.0,0.0,2025-11-14
T983690,2025-11,983249.0,589949.0,0.0,2025-12-06
T983690,2025-12,306766.0,184060.0,0.0,2026-01-12
T983690,2026-01,924071.0,554443.0,0.0,2026-02-06
T983690,2026-02,456320.0,273792.0,0.0,2026-03-15
T983690,2026-03,471477.0,282886.0,0.0,2026-04-08
T983690,2026-04,369281.0,221569.0,0.0,2026-05-14
T983690,2026-05,335120.0,201072.0,0.0,2026-06-06
T983690,2026-06,674167.0,404500.0,0.0,2026-07-07
T983690,2026-07,660122.0,396073.0,0.0,2026-08-05
T983690,2026-08,304090.0,182454.0,0.0,2026-09-23
T983690,2026-09,338657.0,203194.0,0.0,2026-10-15
T568649,2024-10,240036.0,144021.0,0.0,2024-11-15
T568649,2024-11,1044149.0,626489.0,0.0,2024-12-14
T568649,2024-12,321943.0,193166.0,0.0,2025-01-22
T568649,2025-01,520476.0,312285.0,0.0,2025-02-16
T568649,2025-02,721410.0,432846.0,0.0,2025-03-21
T568649,2025-03,315421.0,189252.0,0.0,2025-04-11
T568649,2025-04,415086.0,249052.0,0.0,2025-05-10
T568649,2025-05,422932.0,253759.0,0.0,2025-06-08
T568649,2025-06,598256.0,358954.0,0.0,2025-07-15
T568649,2025-07,1197509.0,718505.0,0.0,2025-08-10
T568649,2025-08,197420.0,118452.0,0.0,2025-09-18
T568649,2025-09,372790.0,223674.0,0.0,2025-10-06
T568649,2025-10,235633.0,141380.0,0.0,2025-11-12
T568649,2025-11,351540.0,210924.0,0.0,2025-12-15
T568649,2025-12,238130.0,142878.0,0.0,2026-01-11
T568649,2026-01,691970.0,415182.0,0.0,2026-02-09
T568649,2026-02,21292387.0,14422264.0,1591315.0,2026-03-12
T568649,2026-03,453362.0,272017.0,0.0,2026-04-20
T568649,2026-04,178435.0,107061.0,0.0,2026-05-17
T568649,2026-05,297161.0,178297.0,0.0,2026-06-12
T568649,2026-06,595084.0,357050.0,0.0,2026-07-12
T568649,2026-07,322590.0,193554.0,0.0,2026-08-24
T568649,2026-08,414712.0,248827.0,0.0,2026-09-17
T568649,2026-09,538589.0,323154.0,0.0,2026-10-24
T508583,2024-10,358126.0,214876.0,0.0,2024-11-24
T508583,2024-11,567977.0,340786.0,0.0,2024-12-13
T508583,2024-12,171822.0,103093.0,0.0,2025-01-10
T508583,2025-01,868692.0,521215.0,0.0,2025-02-07
T508583,2025-02,345896.0,207537.0,0.0,2025-03-19
T508583,2025-03,366381.0,219829.0,0.0,2025-04-21
T508583,2025-04,13339893.0,8992973.0,905422.0,2025-05-23
T508583,2025-05,938240.0,562944.0,0.0,2025-06-16
T508583,2025-06,336744.0,202046.0,0.0,2025-07-23
T508583,2025-07,100183733.0,67537990.0,6588397.0,2025-08-06
T508583,2025-08,19262581.0,12985701.0,1242372.0,2025-09-09
T508583,2025-09,385343.0,231206.0,0.0,2025-10-23
T508583,2025-10,193602.0,116161.0,0.0,2025-11-23
T508583,2025-11,588918.0,353351.0,0.0,2025-12-10
T508583,2025-12,30966019.0,20875471.0,1925112.0,2026-01-18
T508583,2026-01,61480355.0,41446445.0,4081473.0,2026-02-09
T508583,2026-02,448259.0,268956.0,0.0,2026-03-11
T508583,2026-03,455763.0,273458.0,0.0,2026-04-18
T508583,2026-04,2194347.0,1479300.0,157218.0,2026-05-10
T508583,2026-05,31097825.0,20964328.0,1944444.0,2026-06-11
T508583,2026-06,207670.0,124602.0,0.0,2026-07-11
T508583,2026-07,522323.0,313394.0,0.0,2026-08-07
T508583,2026-08,514233.0,308540.0,0.0,2026-09-22
T508583,2026-09,99662279.0,67186456.0,6296786.0,2026-10-14
T1170,2024-10,6244942.0,4396003.0,456234.0,2024-11-14
T1170,2024-11,339165.0,203499.0,0.0,2024-12-12
T1170,2024-12,519947.0,311968.0,0.0,2025-01-18
T1170,2025-01,2151304.0,1514368.0,160820.0,2025-02-12
T1170,2025-02,191476.0,114886.0,0.0,2025-03-09
T1170,2025-03,579050.0,347430.0,0.0,2025-04-19
T1170,2025-04,378274.0,226965.0,0.0,2025-05-13
T1170,2025-05,150274.0,90164.0,0.0,2025-06-22
T1170,2025-06,450087.0,270052.0,0.0,2025-07-08
T1170,2025-07,10041473.0,7068496.0,717915.0,2025-08-12
T1170,2025-08,407430.0,244458.0,0.0,2025-09-15
T1170,2025-09,363136.0,217882.0,0.0,2025-10-18
T1170,2025-10,386437.0,231862.0,0.0,2025-11-13
T1170,2025-11,614752.0,368851.0,0.0,2025-12-06
T1170,2025-12,290801.0,174481.0,0.0,2026-01-20
T1170,2026-01,316169.0,189701.0,0.0,2026-02-08
T1170,2026-02,924118.0,554471.0,0.0,2026-03-23
T1170,2026-03,553250.0,331950.0,0.0,2026-04-17
T1170,2026-04,645988.0,387593.0,0.0,2026-05-24
T1170,2026-05,441013.0,264608.0,0.0,2026-06-05
T1170,2026-06,2213246.0,1557971.0,163830.0,2026-07-14
T1170,2026-07,22992685.0,16185243.0,1679597.0,2026-08-24
T1170,2026-08,325525.0,195315.0,0.0,2026-09-20
T1170,2026-09,1694145.0,1192560.0,105611.0,2026-10-22
T918800,2024-10,145972063.0,88671515.0,10597276.0,2024-11-22
T918800,2024-11,240309.0,144186.0,0.0,2024-12-05
T918800,2024-12,221843.0,133106.0,0.0,2025-01-10
T918800,2025-01,264549.0,158729.0,0.0,2025-02-20
T918800,2025-02,382080.0,229248.0,0.0,2025-03-12
T918800,2025-03,613453.0,368072.0,0.0,2025-04-07
T918800,2025-04,398286.0,238971.0,0.0,2025-05-11
T918800,2025-05,495587.0,297352.0,0.0,2025-06-20
T918800,2025-06,430185.0,258111.0,0.0,2025-07-10
T918800,2025-07,275621.0,165373.0,0.0,2025-08-14
T918800,2025-08,382499.0,229499.0,0.0,2025-09-22
T918800,2025-09,189000.0,113400.0,0.0,2025-10-06
T918800,2025-10,645309.0,387185.0,0.0,2025-11-20
T918800,2025-11,194272.0,116563.0,0.0,2025-12-08
T918800,2025-12,687281.0,412368.0,0.0,2026-01-24
T918800,2026-01,267461.0,160477.0,0.0,2026-02-21
T918800,2026-02,273340.0,164004.0,0.0,2026-03-20
T918800,2026-03,694027.0,416416.0,0.0,2026-04-20
T918800,2026-04,136542.0,81925.0,0.0,2026-05-11
T918800,2026-05,860437.0,516262.0,0.0,2026-06-21
T918800,2026-06,577839.0,346703.0,0.0,2026-07-15
T918800,2026-07,502332.0,301399.0,0.0,2026-08-10
T918800,2026-08,379666.0,227800.0,0.0,2026-09-24
T918800,2026-09,149142.0,89485.0,0.0,2026-10-14
T828988,2024-10,349534.0,209721.0,0.0,2024-11-19
T828988,2024-11,415992.0,249595.0,0.0,2024-12-08
T828988,2024-12,465381.0,279228.0,0.0,2025-01-10
T828988,2025-01,931596.0,558958.0,0.0,2025-02-05
T828988,2025-02,169741.0,101844.0,0.0,2025-03-17
T828988,2025-03,698507.0,419104.0,0.0,2025-04-13
T828988,2025-04,403008.0,241805.0,0.0,2025-05-14
T828988,2025-05,420297.0,252178.0,0.0,2025-06-10
T828988,2025-06,659076.0,395446.0,0.0,2025-07-13
T828988,2025-07,389158.0,233495.0,0.0,2025-08-24
T828988,2025-08,204951.0,122971.0,0.0,2025-09-23
T828988,2025-09,229180.0,137508.0,0.0,2025-10-22
T828988,2025-10,539966.0,323979.0,0.0,2025-11-05
T828988,2025-11,442177.0,265306.0,0.0,2025-12-10
T828988,2025-12,354469.0,212681.0,0.0,2026-01-06
T828988,2026-01,328066.0,196840.0,0.0,2026-02-08
T828988,2026-02,155171.0,93103.0,0.0,2026-03-06
T828988,2026-03,592977.0,355786.0,0.0,2026-04-14
T828988,2026-04,359194.0,215517.0,0.0,2026-05-07
T828988,2026-05,453723.0,272234.0,0.0,2026-06-15
T828988,2026-06,855419.0,513251.0,0.0,2026-07-13
T828988,2026-07,447740.0,268644.0,0.0,2026-08-11
T828988,2026-08,178028.0,106817.0,0.0,2026-09-20
T828988,2026-09,631342.0,378805.0,0.0,2026-10-12
T611950,2024-10,342314.0,205388.0,0.0,2024-11-10
T611950,2024-11,336815.0,202089.0,0.0,2024-12-16
T611950,2024-12,383489.0,230093.0,0.0,2025-01-23
T611950,2025-01,377307.0,226384.0,0.0,2025-02-09
T611950,2025-02,270745.0,162447.0,0.0,2025-03-15
T611950,2025-03,443071.0,265843.0,0.0,2025-04-10
T611950,2025-04,350552.0,210331.0,0.0,2025-05-14
T611950,2025-05,603969.0,362382.0,0.0,2025-06-08
T611950,2025-06,695212.0,417127.0,0.0,2025-07-11
T611950,2025-07,419254.0,251552.0,0.0,2025-08-16
T611950,2025-08,241003.0,144602.0,0.0,2025-09-17
T611950,2025-09,755112.0,453067.0,0.0,2025-10-05
T611950,2025-10,156345.0,93807.0,0.0,2025-11-08
T611950,2025-11,400415.0,240249.0,0.0,2025-12-11
T611950,2025-12,301615.0,180969.0,0.0,2026-01-17
T611950,2026-01,118653.0,71192.0,0.0,2026-02-20
T611950,2026-02,237249.0,142349.0,0.0,2026-03-16
T611950,2026-03,396959.0,238175.0,0.0,2026-04-06
T611950,2026-04,744313.0,446588.0,0.0,2026-05-07
T611950,2026-05,287942.0,172765.0,0.0,2026-06-11
T611950,2026-06,289950.0,173970.0,0.0,2026-07-14
T611950,2026-07,570536.0,342321.0,0.0,2026-08-11
T611950,2026-08,763898.0,458339.0,0.0,2026-09-10
T611950,2026-09,743123.0,445874.0,0.0,2026-10-21
T708431,2024-10,17442619.0,22915749.0,2242705.0,2024-11-07
T708431,2024-11,3706250.0,4586952.0,445581.0,2024-12-19
T708431,2024-12,6921205.0,8157872.0,838501.0,2025-01-18
T708431,2025-01,2112052.0,3815614.0,370329.0,2025-02-09
T708431,2025-02,6572914.0,10511578.0,992227.0,2025-03-05
T708431,2025-03,0.0,159160.0,0.0,2025-04-08
T708431,2025-04,6095231.0,9581506.0,956947.0,2025-05-05
T708431,2025-05,2442992.0,3077769.0,290988.0,2025-06-10
T708431,2025-06,7744376.0,12098901.0,1238380.0,2025-07-10
T708431,2025-07,11552221.0,17690874.0,1774235.0,2025-08-21
T708431,2025-08,9756931.0,12805128.0,1250395.0,2025-09-11
T708431,2025-09,16149647.0,22624900.0,2157054.0,2025-10-24
T708431,2025-10,37635684.0,49227090.0,4674050.0,2025-11-11
T708431,2025-11,6777558.0,8643931.0,871086.0,2025-12-09
T708431,2025-12,9696378.0,14258796.0,1439884.0,2026-01-12
T708431,2026-01,17501577.0,23908366.0,2405326.0,2026-02-10
T708431,2026-02,6920485.0,12017409.0,1151679.0,2026-03-08
T708431,2026-03,6955469.0,9922241.0,956804.0,2026-04-18
T708431,2026-04,7297909.0,9142418.0,859186.0,2026-05-18
T708431,2026-05,11331054.0,16230922.0,1600154.0,2026-06-18
T708431,2026-06,0.0,288392.0,0.0,2026-07-20
T708431,2026-07,5132742.0,6954067.0,648976.0,2026-08-15
T708431,2026-08,12097172.0,19352722.0,1881461.0,2026-09-05
T708431,2026-09,15078304.0,19551466.0,1937749.0,2026-10-06
T353020,2024-10,262266.0,157360.0,0.0,2024-11-17
T353020,2024-11,21405768.0,15119888.0,1528583.0,2024-12-09
T353020,2024-12,187550.0,112530.0,0.0,2025-01-05
T353020,2025-01,2248818.0,1588445.0,149635.0,2025-02-08
T353020,2025-02,207575.0,124545.0,0.0,2025-03-23
T353020,2025-03,847730.0,508638.0,0.0,2025-04-19
T353020,2025-04,305991.0,183594.0,0.0,2025-05-22
T353020,2025-05,239357.0,143614.0,0.0,2025-06-24
T353020,2025-06,274606.0,164764.0,0.0,2025-07-10
T353020,2025-07,455782.0,273469.0,0.0,2025-08-21
T353020,2025-08,586513.0,351908.0,0.0,2025-09-23
T353020,2025-09,336455.0,201873.0,0.0,2025-10-19
T353020,2025-10,216342.0,129805.0,0.0,2025-11-15
T353020,2025-11,492709.0,295625.0,0.0,2025-12-24
T353020,2025-12,327965.0,196779.0,0.0,2026-01-07
T353020,2026-01,422779.0,253668.0,0.0,2026-02-24
T353020,2026-02,6179403.0,4364799.0,436281.0,2026-03-18
T353020,2026-03,360897.0,216538.0,0.0,2026-04-09
T353020,2026-04,310040.0,186024.0,0.0,2026-05-11
T353020,2026-05,19130852.0,13513010.0,1315555.0,2026-06-11
T353020,2026-06,2342148.0,1654368.0,154674.0,2026-07-10
T353020,2026-07,311372.0,186823.0,0.0,2026-08-12
T353020,2026-08,6755851.0,4771971.0,451975.0,2026-09-21
T353020,2026-09,342265.0,205359.0,0.0,2026-10-24
T375601,2024-10,388392.0,233035.0,0.0,2024-11-10
T375601,2024-11,701805.0,421083.0,0.0,2024-12-06
T375601,2024-12,564366.0,338620.0,0.0,2025-01-19
T375601,2025-01,368247.0,220948.0,0.0,2025-02-12
T375601,2025-02,234240.0,140544.0,0.0,2025-03-10
T375601,2025-03,31872381.0,18598545.0,1790800.0,2025-04-13
T375601,2025-04,145147.0,87088.0,0.0,2025-05-21
T375601,2025-05,876353.0,525812.0,0.0,2025-06-13
T375601,2025-06,257329.0,154397.0,0.0,2025-07-22
T375601,2025-07,49494564.0,28881647.0,2734939.0,2025-08-12
T375601,2025-08,468933.0,281360.0,0.0,2025-09-22
T375601,2025-09,196395.0,117837.0,0.0,2025-10-06
T375601,2025-10,292770.0,175662.0,0.0,2025-11-21
T375601,2025-11,454901.0,272940.0,0.0,2025-12-11
T375601,2025-12,955589.0,573353.0,0.0,2026-01-17
T375601,2026-01,267070.0,160242.0,0.0,2026-02-19
T375601,2026-02,463826.0,278296.0,0.0,2026-03-23
T375601,2026-03,340716.0,204430.0,0.0,2026-04-13
T375601,2026-04,8255515.0,4817355.0,488002.0,2026-05-15
T375601,2026-05,336283.0,201770.0,0.0,2026-06-24
T375601,2026-06,210548.0,126329.0,0.0,2026-07-14
T375601,2026-07,462825.0,277695.0,0.0,2026-08-05
T375601,2026-08,178521.0,107112.0,0.0,2026-09-12
T375601,2026-09,363121.0,217873.0,0.0,2026-10-24
T805109,2024-10,373882.0,224329.0,0.0,2024-11-12
T805109,2024-11,574305.0,344583.0,0.0,2024-12-11
T805109,2024-12,653632.0,392179.0,0.0,2025-01-16
T805109,2025-01,386275.0,231765.0,0.0,2025-02-19
T805109,2025-02,172807.0,103684.0,0.0,2025-03-12
T805109,2025-03,276854.0,166112.0,0.0,2025-04-22
T805109,2025-04,367963.0,220778.0,0.0,2025-05-05
T805109,2025-05,419188.0,251513.0,0.0,2025-06-14
T805109,2025-06,328772.0,197263.0,0.0,2025-07-12
T805109,2025-07,494630.0,296778.0,0.0,2025-08-15
T805109,2025-08,396629.0,237977.0,0.0,2025-09-20
T805109,2025-09,592539.0,355523.0,0.0,2025-10-12
T805109,2025-10,290886.0,174532.0,0.0,2025-11-07
T805109,2025-11,858590.0,515154.0,0.0,2025-12-14
T805109,2025-12,825209.0,495126.0,0.0,2026-01-17
T805109,2026-01,912573.0,547544.0,0.0,2026-02-14
T805109,2026-02,455256.0,273154.0,0.0,2026-03-24
T805109,2026-03,337775.0,202665.0,0.0,2026-04-17
T805109,2026-04,567704.0,340622.0,0.0,2026-05-07
T805109,2026-05,382500.0,229500.0,0.0,2026-06-12
T805109,2026-06,826933.0,496160.0,0.0,2026-07-05
T805109,2026-07,363349.0,218009.0,0.0,2026-08-23
T805109,2026-08,275969.0,165582.0,0.0,2026-09-20
T805109,2026-09,565421.0,339252.0,0.0,2026-10-14
T963423,2024-10,0.0,128109.0,0.0,2024-11-18
T963423,2024-11,0.0,140701.0,0.0,2024-12-23
T963423,2024-12,0.0,265193.0,0.0,2025-01-11
T963423,2025-01,0.0,624603.0,0.0,2025-02-09
T963423,2025-02,0.0,467730.0,0.0,2025-03-14
T963423,2025-03,0.0,372511.0,0.0,2025-04-06
T963423,2025-04,0.0,146435.0,0.0,2025-05-23
T963423,2025-05,0.0,139491.0,0.0,2025-06-23
T963423,2025-06,0.0,143102.0,0.0,2025-07-21
T963423,2025-07,0.0,440435.0,0.0,2025-08-13
T963423,2025-08,0.0,187300.0,0.0,2025-09-22
T963423,2025-09,0.0,290051.0,0.0,2025-10-06
T963423,2025-10,0.0,197505.0,0.0,2025-11-08
T963423,2025-11,0.0,567888.0,0.0,2025-12-08
T963423,2025-12,0.0,481196.0,0.0,2026-01-05
T963423,2026-01,0.0,278951.0,0.0,2026-02-10
T963423,2026-02,0.0,307686.0,0.0,2026-03-17
T963423,2026-03,0.0,259978.0,0.0,2026-04-22
T963423,2026-04,0.0,135472.0,0.0,2026-05-10
T963423,2026-05,0.0,624373.0,0.0,2026-06-22
T963423,2026-06,0.0,328096.0,0.0,2026-07-07
T963423,2026-07,0.0,143422.0,0.0,2026-08-06
T963423,2026-08,0.0,167677.0,0.0,2026-09-10
T963423,2026-09,0.0,141719.0,0.0,2026-10-17
T1108,2024-10,74603037.0,53674915.0,5739149.0,2024-11-11
T1108,2024-11,9685078.0,6968158.0,727955.0,2024-12-05
T1108,2024-12,88137118.0,63412329.0,6995921.0,2025-01-10
T1108,2025-01,255903.0,153542.0,0.0,2025-02-13
T1108,2025-02,50751982.0,36514711.0,3796600.0,2025-03-17
T1108,2025-03,34020382.0,24476767.0,2591487.0,2025-04-20
T1108,2025-04,487588.0,292553.0,0.0,2025-05-06
T1108,2025-05,13153902.0,9463885.0,910634.0,2025-06-16
T1108,2025-06,29439773.0,21181140.0,2450287.0,2025-07-21
T1108,2025-07,8278413.0,5956100.0,688472.0,2025-08-12
T1108,2025-08,67472472.0,48544662.0,4984720.0,2025-09-20
T1108,2025-09,29571025.0,21275572.0,2370901.0,2025-10-18
T1108,2025-10,182895555.0,131588523.0,13811570.0,2025-11-22
T1108,2025-11,319667.0,191800.0,0.0,2025-12-08
T1108,2025-12,55659448.0,40045503.0,4186540.0,2026-01-15
T1108,2026-01,77626944.0,55850536.0,5771929.0,2026-02-19
T1108,2026-02,14157472.0,10185927.0,1136881.0,2026-03-18
T1108,2026-03,36858670.0,26518840.0,2676037.0,2026-04-08
T1108,2026-04,30797460.0,22157959.0,2346293.0,2026-05-18
T1108,2026-05,410201.0,246121.0,0.0,2026-06-06
T1108,2026-06,16000723.0,11512098.0,1361040.0,2026-07-07
T1108,2026-07,405080.0,243048.0,0.0,2026-08-23
T1108,2026-08,101486637.0,73016956.0,7634810.0,2026-09-24
T1108,2026-09,33082288.0,23801833.0,2593435.0,2026-10-05
T483469,2024-10,312022.0,187213.0,0.0,2024-11-15
T483469,2024-11,446515.0,267909.0,0.0,2024-12-22
T483469,2024-12,1196939.0,718163.0,0.0,2025-01-11
T483469,2025-01,463084.0,277850.0,0.0,2025-02-12
T483469,2025-02,560441.0,336265.0,0.0,2025-03-08
T483469,2025-03,396379.0,237827.0,0.0,2025-04-10
T483469,2025-04,438838.0,263303.0,0.0,2025-05-21
T483469,2025-05,367156.0,220294.0,0.0,2025-06-12
T483469,2025-06,698346.0,419007.0,0.0,2025-07-20
T483469,2025-07,452152.0,271291.0,0.0,2025-08-18
T483469,2025-08,667282.0,400369.0,0.0,2025-09-10
T483469,2025-09,462699.0,277620.0,0.0,2025-10-17
T483469,2025-10,315042.0,189025.0,0.0,2025-11-10
T483469,2025-11,182112.0,109267.0,0.0,2025-12-21
T483469,2025-12,296023.0,177614.0,0.0,2026-01-20
T483469,2026-01,453537.0,272122.0,0.0,2026-02-19
T483469,2026-02,407100.0,244260.0,0.0,2026-03-07
T483469,2026-03,394825.0,236895.0,0.0,2026-04-10
T483469,2026-04,430895.0,258537.0,0.0,2026-05-17
T483469,2026-05,443333.0,266000.0,0.0,2026-06-23
T483469,2026-06,335865.0,201519.0,0.0,2026-07-12
T483469,2026-07,366068.0,219641.0,0.0,2026-08-14
T483469,2026-08,203130.0,121878.0,0.0,2026-09-08
T483469,2026-09,437886.0,262732.0,0.0,2026-10-24
T240074,2024-10,285130.0,171078.0,0.0,2024-11-11
T240074,2024-11,138804.0,83282.0,0.0,2024-12-13
T240074,2024-12,334724.0,200835.0,0.0,2025-01-20
T240074,2025-01,344309.0,206586.0,0.0,2025-02-19
T240074,2025-02,15296175.0,10403236.0,1018103.0,2025-03-09
T240074,2025-03,516857.0,310114.0,0.0,2025-04-24
T240074,2025-04,395395.0,237237.0,0.0,2025-05-22
T240074,2025-05,327756.0,196654.0,0.0,2025-06-16
T240074,2025-06,257239.0,154343.0,0.0,2025-07-07
T240074,2025-07,4933764.0,3355552.0,317667.0,2025-08-18
T240074,2025-08,603170.0,361902.0,0.0,2025-09-24
T240074,2025-09,162221.0,97333.0,0.0,2025-10-13
T240074,2025-10,559382.0,335629.0,0.0,2025-11-08
T240074,2025-11,456188.0,273713.0,0.0,2025-12-09
T240074,2025-12,346320.0,207792.0,0.0,2026-01-14
T240074,2026-01,316556.0,189934.0,0.0,2026-02-19
T240074,2026-02,520548.0,312329.0,0.0,2026-03-21
T240074,2026-03,359348.0,215609.0,0.0,2026-04-10
T240074,2026-04,217526.0,130516.0,0.0,2026-05-06
T240074,2026-05,570175.0,342105.0,0.0,2026-06-14
T240074,2026-06,201390.0,120834.0,0.0,2026-07-24
T240074,2026-07,27560482.0,18744437.0,1816624.0,2026-08-20
T240074,2026-08,260065.0,156039.0,0.0,2026-09-08
T240074,2026-09,263829.0,158297.0,0.0,2026-10-22
T839829,2024-10,361833.0,217100.0,0.0,2024-11-12
T839829,2024-11,309159.0,185495.0,0.0,2024-12-17
T839829,2024-12,424888.0,254933.0,0.0,2025-01-22
T839829,2025-01,1103821.0,662293.0,0.0,2025-02-07
T839829,2025-02,231439.0,138863.0,0.0,2025-03-11
T839829,2025-03,11512858.0,7083481.0,677157.0,2025-04-12
T839829,2025-04,379412.0,227647.0,0.0,2025-05-19
T839829,2025-05,437838.0,262703.0,0.0,2025-06-10
T839829,2025-06,617294.0,370376.0,0.0,2025-07-09
T839829,2025-07,2959084.0,1820627.0,195271.0,2025-08-06
T839829,2025-08,251946.0,151168.0,0.0,2025-09-09
T839829,2025-09,128810.0,77286.0,0.0,2025-10-21
T839829,2025-10,262003.0,157202.0,0.0,2025-11-16
T839829,2025-11,336021.0,201613.0,0.0,2025-12-11
T839829,2025-12,402691.0,241615.0,0.0,2026-01-21
T839829,2026-01,203151.0,121890.0,0.0,2026-02-22
T839829,2026-02,520691.0,312415.0,0.0,2026-03-11
T839829,2026-03,2151812.0,1323939.0,115996.0,2026-04-19
T839829,2026-04,1023419.0,614051.0,0.0,2026-05-05
T839829,2026-05,568016.0,340809.0,0.0,2026-06-08
T839829,2026-06,368793.0,221276.0,0.0,2026-07-17
T839829,2026-07,457386.0,274432.0,0.0,2026-08-18
T839829,2026-08,1159015.0,695409.0,0.0,2026-09-10
T839829,2026-09,277587.0,166552.0,0.0,2026-10-20
T604017,2024-10,550111.0,330067.0,0.0,2024-11-09
T604017,2024-11,875102.0,525061.0,0.0,2024-12-17
T604017,2024-12,343506.0,206103.0,0.0,2025-01-08
T604017,2025-01,223876.0,134325.0,0.0,2025-02-08
T604017,2025-02,679106.0,407464.0,0.0,2025-03-21
T604017,2025-03,417743.0,250646.0,0.0,2025-04-14
T604017,2025-04,240776.0,144465.0,0.0,2025-05-22
T604017,2025-05,784481.0,470688.0,0.0,2025-06-22
T604017,2025-06,478213.0,286928.0,0.0,2025-07-23
T604017,2025-07,253890.0,152334.0,0.0,2025-08-11
T604017,2025-08,205922.0,123553.0,0.0,2025-09-24
T604017,2025-09,477481.0,286489.0,0.0,2025-10-13
T604017,2025-10,448984.0,269390.0,0.0,2025-11-05
T604017,2025-11,504373.0,302624.0,0.0,2025-12-07
T604017,2025-12,997632.0,598579.0,0.0,2026-01-08
T604017,2026-01,203264.0,121958.0,0.0,2026-02-16
T604017,2026-02,629612.0,377767.0,0.0,2026-03-08
T604017,2026-03,269953.0,161972.0,0.0,2026-04-06
T604017,2026-04,940804.0,564482.0,0.0,2026-05-12
T604017,2026-05,1340536.0,804322.0,0.0,2026-06-07
T604017,2026-06,589833.0,353900.0,0.0,2026-07-09
T604017,2026-07,295509.0,177306.0,0.0,2026-08-09
T604017,2026-08,235607.0,141364.0,0.0,2026-09-19
T604017,2026-09,277821.0,166693.0,0.0,2026-10-08
T876259,2024-10,252221.0,151333.0,0.0,2024-11-10
T876259,2024-11,746551.0,447931.0,0.0,2024-12-05
T876259,2024-12,864408.0,518645.0,0.0,2025-01-20
T876259,2025-01,462112.0,277267.0,0.0,2025-02-11
T876259,2025-02,551621.0,330972.0,0.0,2025-03-24
T876259,2025-03,334375.0,200625.0,0.0,2025-04-14
T876259,2025-04,511636.0,306982.0,0.0,2025-05-14
T876259,2025-05,443621.0,266172.0,0.0,2025-06-20
T876259,2025-06,275602.0,165361.0,0.0,2025-07-12
T876259,2025-07,389401.0,233641.0,0.0,2025-08-10
T876259,2025-08,462674.0,277605.0,0.0,2025-09-09
T876259,2025-09,272391.0,163434.0,0.0,2025-10-05
T876259,2025-10,53899811.0,33629587.0,3147842.0,2025-11-10
T876259,2025-11,48437090.0,30221244.0,2914620.0,2025-12-08
T876259,2025-12,255198.0,153119.0,0.0,2026-01-21
T876259,2026-01,904335.0,542601.0,0.0,2026-02-20
T876259,2026-02,229585.0,137751.0,0.0,2026-03-14
T876259,2026-03,151791.0,91075.0,0.0,2026-04-14
T876259,2026-04,247564.0,148539.0,0.0,2026-05-21
T876259,2026-05,568358.0,341015.0,0.0,2026-06-08
T876259,2026-06,510245.0,306147.0,0.0,2026-07-17
T876259,2026-07,628681.0,377209.0,0.0,2026-08-17
T876259,2026-08,570429.0,342257.0,0.0,2026-09-08
T876259,2026-09,563356.0,338014.0,0.0,2026-10-23
T844277,2024-10,560991.0,336595.0,0.0,2024-11-13
T844277,2024-11,20537002.0,13154921.0,1251976.0,2024-12-10
T844277,2024-12,3610299.0,2312567.0,219647.0,2025-01-21
T844277,2025-01,381449.0,228870.0,0.0,2025-02-15
T844277,2025-02,219153.0,131492.0,0.0,2025-03-14
T844277,2025-03,628703.0,377222.0,0.0,2025-04-21
T844277,2025-04,9183764.0,5882635.0,565872.0,2025-05-13
T844277,2025-05,220462.0,132277.0,0.0,2025-06-19
T844277,2025-06,299390.0,179634.0,0.0,2025-07-17
T844277,2025-07,5704258.0,3653847.0,381511.0,2025-08-14
T844277,2025-08,69885841.0,44765188.0,3982934.0,2025-09-07
T844277,2025-09,14256374.0,9131882.0,888590.0,2025-10-05
T844277,2025-10,479752.0,287851.0,0.0,2025-11-18
T844277,2025-11,11177133.0,7159482.0,635482.0,2025-12-11
T844277,2025-12,15862492.0,10160676.0,983121.0,2026-01-06
T844277,2026-01,400890.0,240534.0,0.0,2026-02-18
T844277,2026-02,4011309.0,2569433.0,240614.0,2026-03-22
T844277,2026-03,18088236.0,11586371.0,1163365.0,2026-04-12
T844277,2026-04,308404.0,185042.0,0.0,2026-05-09
T844277,2026-05,534767.0,320860.0,0.0,2026-06-19
T844277,2026-06,26370274.0,16891408.0,1741827.0,2026-07-08
T844277,2026-07,3789644.0,2427446.0,234899.0,2026-08-09
T844277,2026-08,453241.0,271945.0,0.0,2026-09-17
T844277,2026-09,380745.0,228447.0,0.0,2026-10-19
T1105,2024-10,599546.0,359728.0,0.0,2024-11-11
T1105,2024-11,22917754.0,15765317.0,1556324.0,2024-12-24
T1105,2024-12,303082.0,181849.0,0.0,2025-01-14
T1105,2025-01,313324.0,187995.0,0.0,2025-02-06
T1105,2025-02,379519.0,227711.0,0.0,2025-03-14
T1105,2025-03,312564.0,187538.0,0.0,2025-04-22
T1105,2025-04,163753.0,98252.0,0.0,2025-05-22
T1105,2025-05,15252638.0,10492419.0,1029745.0,2025-06-05
T1105,2025-06,440517.0,264310.0,0.0,2025-07-21
T1105,2025-07,573383.0,344030.0,0.0,2025-08-21
T1105,2025-08,1121255.0,672753.0,0.0,2025-09-12
T1105,2025-09,183921.0,110352.0,0.0,2025-10-22
T1105,2025-10,247703.0,148622.0,0.0,2025-11-08
T1105,2025-11,196359.0,117815.0,0.0,2025-12-13
T1105,2025-12,262382.0,157429.0,0.0,2026-01-17
T1105,2026-01,376876.0,226126.0,0.0,2026-02-23
T1105,2026-02,518028.0,310817.0,0.0,2026-03-22
T1105,2026-03,772678.0,463607.0,0.0,2026-04-23
T1105,2026-04,847337.0,508402.0,0.0,2026-05-13
T1105,2026-05,546842.0,328105.0,0.0,2026-06-05
T1105,2026-06,342354.0,205412.0,0.0,2026-07-18
T1105,2026-07,540575.0,324345.0,0.0,2026-08-06
T1105,2026-08,257273.0,154364.0,0.0,2026-09-18
T1105,2026-09,642131.0,385278.0,0.0,2026-10-22
T602931,2024-10,130793.0,78476.0,0.0,2024-11-07
T602931,2024-11,341051.0,204630.0,0.0,2024-12-07
T602931,2024-12,353666.0,212199.0,0.0,2025-01-15
T602931,2025-01,346749.0,208050.0,0.0,2025-02-24
T602931,2025-02,379846.0,227907.0,0.0,2025-03-23
T602931,2025-03,454909.0,272945.0,0.0,2025-04-09
T602931,2025-04,541560.0,324936.0,0.0,2025-05-09
T602931,2025-05,381582.0,228949.0,0.0,2025-06-18
T602931,2025-06,306433.0,183860.0,0.0,2025-07-16
T602931,2025-07,413925.0,248355.0,0.0,2025-08-19
T602931,2025-08,117992.0,70795.0,0.0,2025-09-11
T602931,2025-09,281053.0,168632.0,0.0,2025-10-05
T602931,2025-10,424824.0,254894.0,0.0,2025-11-12
T602931,2025-11,443737.0,266242.0,0.0,2025-12-14
T602931,2025-12,565974.0,339584.0,0.0,2026-01-15
T602931,2026-01,349809.0,209885.0,0.0,2026-02-12
T602931,2026-02,304061.0,182437.0,0.0,2026-03-08
T602931,2026-03,55681949.0,39061969.0,3769225.0,2026-04-13
T602931,2026-04,247225.0,148335.0,0.0,2026-05-16
T602931,2026-05,143351.0,86011.0,0.0,2026-06-11
T602931,2026-06,266178.0,159707.0,0.0,2026-07-23
T602931,2026-07,382832.0,229699.0,0.0,2026-08-14
T602931,2026-08,314793.0,188876.0,0.0,2026-09-05
T602931,2026-09,581592.0,348955.0,0.0,2026-10-16
T931348,2024-10,8814738.0,5318382.0,611105.0,2024-11-08
T931348,2024-11,470521.0,282312.0,0.0,2024-12-24
T931348,2024-12,263806.0,158284.0,0.0,2025-01-16
T931348,2025-01,321360.0,192816.0,0.0,2025-02-16
T931348,2025-02,324952.0,194971.0,0.0,2025-03-05
T931348,2025-03,770953.0,462572.0,0.0,2025-04-08
T931348,2025-04,64566034.0,38955985.0,4598198.0,2025-05-15
T931348,2025-05,1114614.0,668769.0,0.0,2025-06-08
T931348,2025-06,327235.0,196341.0,0.0,2025-07-05
T931348,2025-07,214184.0,128511.0,0.0,2025-08-10
T931348,2025-08,200511.0,120307.0,0.0,2025-09-21
T931348,2025-09,787195.0,472317.0,0.0,2025-10-15
T931348,2025-10,468148.0,280889.0,0.0,2025-11-20
T931348,2025-11,221317.0,132790.0,0.0,2025-12-17
T931348,2025-12,271115.0,162669.0,0.0,2026-01-07
T931348,2026-01,562153.0,337292.0,0.0,2026-02-15
T931348,2026-02,424023.0,254414.0,0.0,2026-03-24
T931348,2026-03,570642.0,342385.0,0.0,2026-04-09
T931348,2026-04,542932.0,325759.0,0.0,2026-05-14
T931348,2026-05,673489.0,404093.0,0.0,2026-06-13
T931348,2026-06,374697.0,224818.0,0.0,2026-07-06
T931348,2026-07,623855.0,374313.0,0.0,2026-08-17
T931348,2026-08,575950.0,345570.0,0.0,2026-09-22
T931348,2026-09,377724.0,226634.0,0.0,2026-10-24
T1120,2024-10,380850.0,228510.0,0.0,2024-11-11
T1120,2024-11,2084212.0,1458020.0,144457.0,2024-12-14
T1120,2024-12,299047.0,179428.0,0.0,2025-01-08
T1120,2025-01,268119.0,160871.0,0.0,2025-02-11
T1120,2025-02,1524920.0,1066765.0,114436.0,2025-03-11
T1120,2025-03,607607.0,364564.0,0.0,2025-04-10
T1120,2025-04,158541.0,95125.0,0.0,2025-05-13
T1120,2025-05,12450398.0,8709730.0,942433.0,2025-06-23
T1120,2025-06,5358291.0,3748416.0,338916.0,2025-07-16
T1120,2025-07,2974534.0,2080849.0,190873.0,2025-08-05
T1120,2025-08,276630.0,165978.0,0.0,2025-09-09
T1120,2025-09,445005.0,267003.0,0.0,2025-10-05
T1120,2025-10,1448428.0,1013254.0,100214.0,2025-11-16
T1120,2025-11,4664777.0,3263265.0,337248.0,2025-12-05
T1120,2025-12,231216.0,138730.0,0.0,2026-01-21
T1120,2026-01,2955839.0,2067770.0,201576.0,2026-02-13
T1120,2026-02,383779.0,230268.0,0.0,2026-03-13
T1120,2026-03,387581.0,232549.0,0.0,2026-04-19
T1120,2026-04,17258308.0,12073125.0,1152434.0,2026-05-06
T1120,2026-05,2496700.0,1746577.0,187974.0,2026-06-07
T1120,2026-06,370006.0,222003.0,0.0,2026-07-22
T1120,2026-07,3068178.0,2146357.0,188410.0,2026-08-07
T1120,2026-08,7444592.0,5207897.0,556421.0,2026-09-14
T1120,2026-09,584478.0,350687.0,0.0,2026-10-14
T1168,2024-10,417192.0,250315.0,0.0,2024-11-11
T1168,2024-11,525615.0,315369.0,0.0,2024-12-17
T1168,2024-12,689929.0,413957.0,0.0,2025-01-24
T1168,2025-01,712638.0,427583.0,0.0,2025-02-21
T1168,2025-02,212764.0,127658.0,0.0,2025-03-08
T1168,2025-03,347994.0,208796.0,0.0,2025-04-20
T1168,2025-04,139466.0,83680.0,0.0,2025-05-16
T1168,2025-05,494626.0,296776.0,0.0,2025-06-13
T1168,2025-06,275033.0,165020.0,0.0,2025-07-14
T1168,2025-07,373207.0,223924.0,0.0,2025-08-15
T1168,2025-08,420916.0,252550.0,0.0,2025-09-17
T1168,2025-09,412621.0,247573.0,0.0,2025-10-06
T1168,2025-10,376989.0,226193.0,0.0,2025-11-07
T1168,2025-11,631827.0,379096.0,0.0,2025-12-15
T1168,2025-12,410041.0,246025.0,0.0,2026-01-16
T1168,2026-01,418106.0,250864.0,0.0,2026-02-11
T1168,2026-02,446264.0,267759.0,0.0,2026-03-08
T1168,2026-03,9792006.0,5993220.0,612341.0,2026-04-19
T1168,2026-04,227273.0,136364.0,0.0,2026-05-10
T1168,2026-05,1076728.0,646037.0,0.0,2026-06-17
T1168,2026-06,339742.0,203845.0,0.0,2026-07-10
T1168,2026-07,572968.0,343781.0,0.0,2026-08-11
T1168,2026-08,550905.0,330543.0,0.0,2026-09-22
T1168,2026-09,208723.0,125234.0,0.0,2026-10-19
T653460,2024-10,294444.0,176666.0,0.0,2024-11-21
T653460,2024-11,836811.0,502087.0,0.0,2024-12-18
T653460,2024-12,554128.0,332477.0,0.0,2025-01-14
T653460,2025-01,303556.0,182133.0,0.0,2025-02-10
T653460,2025-02,264823.0,158894.0,0.0,2025-03-10
T653460,2025-03,254744.0,152846.0,0.0,2025-04-22
T653460,2025-04,569630.0,341778.0,0.0,2025-05-08
T653460,2025-05,257909.0,154745.0,0.0,2025-06-24
T653460,2025-06,289256.0,173554.0,0.0,2025-07-18
T653460,2025-07,13016681.0,7952222.0,701667.0,2025-08-06
T653460,2025-08,18225392.0,11134357.0,1001501.0,2025-09-11
T653460,2025-09,315599.0,189360.0,0.0,2025-10-15
T653460,2025-10,238100.0,142860.0,0.0,2025-11-23
T653460,2025-11,15378937.0,9395385.0,840633.0,2025-12-21
T653460,2025-12,187716.0,112630.0,0.0,2026-01-10
T653460,2026-01,39704784.0,24256665.0,2388887.0,2026-02-08
T653460,2026-02,802707.0,481624.0,0.0,2026-03-05
T653460,2026-03,280339.0,168203.0,0.0,2026-04-20
T653460,2026-04,6154866.0,3760165.0,337602.0,2026-05-08
T653460,2026-05,299766.0,179859.0,0.0,2026-06-16
T653460,2026-06,530469.0,318282.0,0.0,2026-07-07
T653460,2026-07,17653932.0,10785238.0,1049155.0,2026-08-07
T653460,2026-08,491886.0,295131.0,0.0,2026-09-16
T653460,2026-09,51512685.0,31470414.0,2759746.0,2026-10-09
T100399,2024-10,398983.0,239390.0,0.0,2024-11-09
T100399,2024-11,436862.0,262117.0,0.0,2024-12-24
T100399,2024-12,573395.0,344037.0,0.0,2025-01-10
T100399,2025-01,366041.0,219625.0,0.0,2025-02-18
T100399,2025-02,930339.0,558204.0,0.0,2025-03-19
T100399,2025-03,418811.0,251287.0,0.0,2025-04-24
T100399,2025-04,543122.0,325873.0,0.0,2025-05-10
T100399,2025-05,253588.0,152153.0,0.0,2025-06-06
T100399,2025-06,343074.0,205844.0,0.0,2025-07-12
T100399,2025-07,186796.0,112077.0,0.0,2025-08-11
T100399,2025-08,462695.0,277617.0,0.0,2025-09-20
T100399,2025-09,370524.0,222314.0,0.0,2025-10-16
T100399,2025-10,174713.0,104828.0,0.0,2025-11-15
T100399,2025-11,454773.0,272864.0,0.0,2025-12-20
T100399,2025-12,296755.0,178053.0,0.0,2026-01-17
T100399,2026-01,343925.0,206355.0,0.0,2026-02-12
T100399,2026-02,693580.0,416148.0,0.0,2026-03-09
T100399,2026-03,290612.0,174367.0,0.0,2026-04-05
T100399,2026-04,927962.0,556777.0,0.0,2026-05-13
T100399,2026-05,434938.0,260963.0,0.0,2026-06-09
T100399,2026-06,372942.0,223765.0,0.0,2026-07-20
T100399,2026-07,221566.0,132940.0,0.0,2026-08-13
T100399,2026-08,193410.0,116046.0,0.0,2026-09-08
T100399,2026-09,490249.0,294149.0,0.0,2026-10-19
T1087,2024-10,297847.0,178708.0,0.0,2024-11-18
T1087,2024-11,13501825.0,9816876.0,1068250.0,2024-12-11
T1087,2024-12,342868.0,205721.0,0.0,2025-01-22
T1087,2025-01,316974.0,190185.0,0.0,2025-02-06
T1087,2025-02,1205922.0,723553.0,0.0,2025-03-11
T1087,2025-03,191491.0,114895.0,0.0,2025-04-20
T1087,2025-04,198995.0,119397.0,0.0,2025-05-20
T1087,2025-05,603092.0,361855.0,0.0,2025-06-24
T1087,2025-06,559218.0,335531.0,0.0,2025-07-06
T1087,2025-07,347178.0,208307.0,0.0,2025-08-24
T1087,2025-08,321975.0,193185.0,0.0,2025-09-17
T1087,2025-09,463339.0,278003.0,0.0,2025-10-22
T1087,2025-10,288991.0,173395.0,0.0,2025-11-05
T1087,2025-11,15965520.0,11608173.0,1318943.0,2025-12-19
T1087,2025-12,446274.0,267764.0,0.0,2026-01-24
T1087,2026-01,31277263.0,22741000.0,2361803.0,2026-02-08
T1087,2026-02,605553.0,363332.0,0.0,2026-03-14
T1087,2026-03,223953.0,134372.0,0.0,2026-04-09
T1087,2026-04,8047530.0,5851179.0,523017.0,2026-05-24
T1087,2026-05,208174.0,124904.0,0.0,2026-06-06
T1087,2026-06,840262.0,504157.0,0.0,2026-07-10
T1087,2026-07,391655.0,234993.0,0.0,2026-08-20
T1087,2026-08,461999.0,277200.0,0.0,2026-09-10
T1087,2026-09,383386.0,230032.0,0.0,2026-10-08
T798305,2024-10,1141407.0,684844.0,0.0,2024-11-10
T798305,2024-11,239514.0,143708.0,0.0,2024-12-14
T798305,2024-12,394104.0,236462.0,0.0,2025-01-14
T798305,2025-01,985105.0,591063.0,0.0,2025-02-06
T798305,2025-02,339110.0,203466.0,0.0,2025-03-13
T798305,2025-03,301135.0,180681.0,0.0,2025-04-17
T798305,2025-04,416312.0,249787.0,0.0,2025-05-16
T798305,2025-05,404030.0,242418.0,0.0,2025-06-10
T798305,2025-06,658501.0,395100.0,0.0,2025-07-14
T798305,2025-07,480467.0,288280.0,0.0,2025-08-20
T798305,2025-08,276734.0,166040.0,0.0,2025-09-10
T798305,2025-09,355040.0,213024.0,0.0,2025-10-18
T798305,2025-10,576879.0,346127.0,0.0,2025-11-10
T798305,2025-11,189724.0,113834.0,0.0,2025-12-18
T798305,2025-12,841148.0,504689.0,0.0,2026-01-21
T798305,2026-01,508787.0,305272.0,0.0,2026-02-10
T798305,2026-02,310349.0,186209.0,0.0,2026-03-11
T798305,2026-03,909678.0,545807.0,0.0,2026-04-12
T798305,2026-04,343058.0,205835.0,0.0,2026-05-17
T798305,2026-05,319239.0,191543.0,0.0,2026-06-15
T798305,2026-06,376621.0,225973.0,0.0,2026-07-16
T798305,2026-07,503786.0,302272.0,0.0,2026-08-16
T798305,2026-08,973782.0,584269.0,0.0,2026-09-14
T798305,2026-09,240151.0,144091.0,0.0,2026-10-05
T187739,2024-10,2047873.0,1208258.0,113145.0,2024-11-20
T187739,2024-11,573723.0,344234.0,0.0,2024-12-24
T187739,2024-12,237665.0,142599.0,0.0,2025-01-19
T187739,2025-01,293245.0,175947.0,0.0,2025-02-06
T187739,2025-02,512399.0,307439.0,0.0,2025-03-23
T187739,2025-03,857006.0,514204.0,0.0,2025-04-11
T187739,2025-04,561145.0,336687.0,0.0,2025-05-14
T187739,2025-05,492219.0,295332.0,0.0,2025-06-15
T187739,2025-06,556798.0,334079.0,0.0,2025-07-07
T187739,2025-07,323227.0,193936.0,0.0,2025-08-16
T187739,2025-08,3186123.0,1879833.0,179950.0,2025-09-10
T187739,2025-09,501187.0,300712.0,0.0,2025-10-16
T187739,2025-10,9162492.0,5405929.0,534452.0,2025-11-18
T187739,2025-11,732723.0,439634.0,0.0,2025-12-14
T187739,2025-12,328970.0,197382.0,0.0,2026-01-09
T187739,2026-01,136177.0,81706.0,0.0,2026-02-22
T187739,2026-02,603120.0,361872.0,0.0,2026-03-24
T187739,2026-03,739819.0,443892.0,0.0,2026-04-12
T187739,2026-04,362068.0,217241.0,0.0,2026-05-11
T187739,2026-05,285729.0,171437.0,0.0,2026-06-08
T187739,2026-06,508633.0,305180.0,0.0,2026-07-22
T187739,2026-07,291730.0,175038.0,0.0,2026-08-18
T187739,2026-08,9523253.0,5618780.0,528355.0,2026-09-20
T187739,2026-09,392399.0,235439.0,0.0,2026-10-10
T1053,2024-10,21983618.0,14250746.0,1419820.0,2024-11-19
T1053,2024-11,10870078.0,7046462.0,685653.0,2024-12-10
T1053,2024-12,473440.0,284064.0,0.0,2025-01-07
T1053,2025-01,1749542.0,1049725.0,0.0,2025-02-23
T1053,2025-02,12616551.0,8178602.0,799434.0,2025-03-12
T1053,2025-03,27040904.0,17529100.0,1623085.0,2025-04-08
T1053,2025-04,74575581.0,48343164.0,4937796.0,2025-05-17
T1053,2025-05,20565635.0,13331547.0,1447522.0,2025-06-23
T1053,2025-06,2441925.0,1582963.0,160938.0,2025-07-14
T1053,2025-07,18886606.0,12243127.0,1231710.0,2025-08-10
T1053,2025-08,36033622.0,23358575.0,2359532.0,2025-09-24
T1053,2025-09,21142139.0,13705262.0,1482384.0,2025-10-19
T1053,2025-10,566604.0,339963.0,0.0,2025-11-19
T1053,2025-11,4199237.0,2722129.0,264617.0,2025-12-11
T1053,2025-12,13481192.0,8739100.0,942719.0,2026-01-19
T1053,2026-01,24199409.0,15687119.0,1605147.0,2026-02-13
T1053,2026-02,22239621.0,14416698.0,1499522.0,2026-03-23
T1053,2026-03,9395254.0,6090416.0,570052.0,2026-04-06
T1053,2026-04,10341067.0,6703533.0,654875.0,2026-05-05
T1053,2026-05,6779889.0,4395021.0,434671.0,2026-06-16
T1053,2026-06,376102.0,225661.0,0.0,2026-07-13
T1053,2026-07,5018497.0,3253210.0,299745.0,2026-08-10
T1053,2026-08,630701.0,378420.0,0.0,2026-09-16
T1053,2026-09,21322568.0,13822225.0,1468898.0,2026-10-21
T478893,2024-10,626395.0,375837.0,0.0,2024-11-20
T478893,2024-11,427120.0,256272.0,0.0,2024-12-13
T478893,2024-12,6394347.0,3741722.0,347745.0,2025-01-16
T478893,2025-01,179709.0,107825.0,0.0,2025-02-10
T478893,2025-02,985843.0,591506.0,0.0,2025-03-22
T478893,2025-03,367868.0,220721.0,0.0,2025-04-09
T478893,2025-04,525055.0,315033.0,0.0,2025-05-07
T478893,2025-05,581245.0,348747.0,0.0,2025-06-13
T478893,2025-06,325379.0,195228.0,0.0,2025-07-14
T478893,2025-07,220537.0,132322.0,0.0,2025-08-05
T478893,2025-08,681721.0,409033.0,0.0,2025-09-19
T478893,2025-09,304131.0,182479.0,0.0,2025-10-21
T478893,2025-10,521135.0,312681.0,0.0,2025-11-19
T478893,2025-11,183255.0,109953.0,0.0,2025-12-08
T478893,2025-12,194595.0,116757.0,0.0,2026-01-19
T478893,2026-01,888683.0,533210.0,0.0,2026-02-23
T478893,2026-02,260568.0,156341.0,0.0,2026-03-17
T478893,2026-03,389797.0,233878.0,0.0,2026-04-10
T478893,2026-04,606148.0,363689.0,0.0,2026-05-19
T478893,2026-05,257920.0,154752.0,0.0,2026-06-19
T478893,2026-06,790732.0,474439.0,0.0,2026-07-21
T478893,2026-07,428255.0,256953.0,0.0,2026-08-15
T478893,2026-08,3231982.0,1891230.0,205105.0,2026-09-14
T478893,2026-09,577299.0,346379.0,0.0,2026-10-14
T195789,2024-10,31306973.0,22533838.0,2087806.0,2024-11-21
T195789,2024-11,393398.0,236039.0,0.0,2024-12-10
T195789,2024-12,11516060.0,8288921.0,749911.0,2025-01-24
T195789,2025-01,792679.0,475607.0,0.0,2025-02-16
T195789,2025-02,1143470.0,686082.0,0.0,2025-03-23
T195789,2025-03,107537.0,64522.0,0.0,2025-04-18
T195789,2025-04,29832216.0,21472351.0,1966632.0,2025-05-15
T195789,2025-05,350639.0,210384.0,0.0,2025-06-20
T195789,2025-06,275730.0,165438.0,0.0,2025-07-19
T195789,2025-07,1181949.0,709169.0,0.0,2025-08-16
T195789,2025-08,10043353.0,7228910.0,672748.0,2025-09-24
T195789,2025-09,488567.0,293140.0,0.0,2025-10-12
T195789,2025-10,1091529.0,654917.0,0.0,2025-11-19
T195789,2025-11,320250.0,192150.0,0.0,2025-12-21
T195789,2025-12,524821.0,314892.0,0.0,2026-01-13
T195789,2026-01,477463.0,286478.0,0.0,2026-02-15
T195789,2026-02,3731320.0,2685694.0,248238.0,2026-03-17
T195789,2026-03,44456495.0,31998476.0,2979467.0,2026-04-07
T195789,2026-04,11820495.0,8508044.0,771890.0,2026-05-13
T195789,2026-05,582209.0,349325.0,0.0,2026-06-11
T195789,2026-06,165591.0,99355.0,0.0,2026-07-14
T195789,2026-07,107955.0,64773.0,0.0,2026-08-23
T195789,2026-08,796858.0,478115.0,0.0,2026-09-09
T195789,2026-09,481375.0,288825.0,0.0,2026-10-24
T923313,2024-10,439129.0,263478.0,0.0,2024-11-14
T923313,2024-11,361258.0,216755.0,0.0,2024-12-15
T923313,2024-12,189233.0,113540.0,0.0,2025-01-23
T923313,2025-01,795111.0,477067.0,0.0,2025-02-09
T923313,2025-02,315077.0,189046.0,0.0,2025-03-19
T923313,2025-03,286909.0,172145.0,0.0,2025-04-21
T923313,2025-04,553156.0,331894.0,0.0,2025-05-06
T923313,2025-05,274966.0,164980.0,0.0,2025-06-16
T923313,2025-06,402989.0,241793.0,0.0,2025-07-12
T923313,2025-07,971233.0,582740.0,0.0,2025-08-07
T923313,2025-08,514051.0,308431.0,0.0,2025-09-05
T923313,2025-09,269752.0,161851.0,0.0,2025-10-16
T923313,2025-10,353257.0,211954.0,0.0,2025-11-17
T923313,2025-11,457590.0,274554.0,0.0,2025-12-13
T923313,2025-12,395555.0,237333.0,0.0,2026-01-17
T923313,2026-01,425216.0,255129.0,0.0,2026-02-06
T923313,2026-02,467362.0,280417.0,0.0,2026-03-24
T923313,2026-03,706619.0,423971.0,0.0,2026-04-16
T923313,2026-04,419043.0,251426.0,0.0,2026-05-23
T923313,2026-05,864301.0,518580.0,0.0,2026-06-21
T923313,2026-06,695851.0,417510.0,0.0,2026-07-05
T923313,2026-07,209323.0,125594.0,0.0,2026-08-15
T923313,2026-08,478294.0,286976.0,0.0,2026-09-20
T923313,2026-09,386125.0,231675.0,0.0,2026-10-15
T323058,2024-10,3873518.0,2505655.0,235830.0,2024-11-24
T323058,2024-11,12573193.0,8133196.0,783927.0,2024-12-13
T323058,2024-12,5180491.0,3351094.0,313837.0,2025-01-06
T323058,2025-01,10929403.0,7069881.0,666078.0,2025-02-11
T323058,2025-02,6632352.0,4290256.0,398893.0,2025-03-15
T323058,2025-03,2560921.0,1656578.0,158832.0,2025-04-10
T323058,2025-04,24372830.0,15766004.0,1473599.0,2025-05-23
T323058,2025-05,375077.0,225046.0,0.0,2025-06-13
T323058,2025-06,640829.0,384497.0,0.0,2025-07-08
T323058,2025-07,1158606.0,749465.0,69368.0,2025-08-19
T323058,2025-08,158518.0,95111.0,0.0,2025-09-14
T323058,2025-09,208358.0,125015.0,0.0,2025-10-11
T323058,2025-10,7120705.0,4606156.0,416545.0,2025-11-16
T323058,2025-11,500521.0,323771.0,31356.0,2025-12-17
T323058,2025-12,13303632.0,8605694.0,796362.0,2026-01-20
T323058,2026-01,5310417.0,3435139.0,328917.0,2026-02-18
T323058,2026-02,2247751.0,1453998.0,135097.0,2026-03-16
T323058,2026-03,273925.0,164355.0,0.0,2026-04-22
T323058,2026-04,454374.0,272625.0,0.0,2026-05-06
T323058,2026-05,316664.0,189998.0,0.0,2026-06-07
T323058,2026-06,2431417.0,1572806.0,146456.0,2026-07-16
T323058,2026-07,2825180.0,1827519.0,176223.0,2026-08-11
T323058,2026-08,359811.0,215887.0,0.0,2026-09-05
T323058,2026-09,350510.0,210306.0,0.0,2026-10-23
T221218,2024-10,594008.0,356405.0,0.0,2024-11-24
T221218,2024-11,10733708.0,7048943.0,627830.0,2024-12-05
T221218,2024-12,607999.0,364799.0,0.0,2025-01-11
T221218,2025-01,164911.0,98947.0,0.0,2025-02-10
T221218,2025-02,276268.0,165761.0,0.0,2025-03-13
T221218,2025-03,9518787.0,6251091.0,694636.0,2025-04-07
T221218,2025-04,357953.0,214772.0,0.0,2025-05-08
T221218,2025-05,279259.0,167555.0,0.0,2025-06-24
T221218,2025-06,4456330.0,2926520.0,338091.0,2025-07-15
T221218,2025-07,506044.0,303626.0,0.0,2025-08-24
T221218,2025-08,452675.0,271605.0,0.0,2025-09-21
T221218,2025-09,601134.0,360680.0,0.0,2025-10-19
T221218,2025-10,352629.0,211578.0,0.0,2025-11-21
T221218,2025-11,497331.0,298399.0,0.0,2025-12-08
T221218,2025-12,392546.0,235528.0,0.0,2026-01-16
T221218,2026-01,203790.0,122274.0,0.0,2026-02-11
T221218,2026-02,1659471.0,995683.0,0.0,2026-03-18
T221218,2026-03,513170.0,307902.0,0.0,2026-04-18
T221218,2026-04,349706.0,209824.0,0.0,2026-05-05
T221218,2026-05,151729.0,91038.0,0.0,2026-06-11
T221218,2026-06,286425.0,171855.0,0.0,2026-07-15
T221218,2026-07,470965.0,282579.0,0.0,2026-08-08
T221218,2026-08,158341.0,95005.0,0.0,2026-09-09
T221218,2026-09,3440224.0,2259233.0,247639.0,2026-10-18
T963464,2024-10,139492.0,83695.0,0.0,2024-11-14
T963464,2024-11,819763.0,491858.0,0.0,2024-12-10
T963464,2024-12,249939.0,149964.0,0.0,2025-01-10
T963464,2025-01,253560.0,152136.0,0.0,2025-02-05
T963464,2025-02,424944.0,254966.0,0.0,2025-03-12
T963464,2025-03,614154.0,368492.0,0.0,2025-04-07
T963464,2025-04,812135.0,487281.0,0.0,2025-05-23
T963464,2025-05,455860.0,273516.0,0.0,2025-06-20
T963464,2025-06,382716.0,229630.0,0.0,2025-07-18
T963464,2025-07,530735.0,318441.0,0.0,2025-08-06
T963464,2025-08,419591.0,251755.0,0.0,2025-09-05
T963464,2025-09,243804.0,146283.0,0.0,2025-10-10
T963464,2025-10,199241.0,119544.0,0.0,2025-11-24
T963464,2025-11,476326.0,285796.0,0.0,2025-12-20
T963464,2025-12,254865.0,152919.0,0.0,2026-01-16
T963464,2026-01,352367.0,211420.0,0.0,2026-02-11
T963464,2026-02,265700.0,159420.0,0.0,2026-03-15
T963464,2026-03,542893.0,325736.0,0.0,2026-04-20
T963464,2026-04,589567.0,353740.0,0.0,2026-05-13
T963464,2026-05,219377.0,131626.0,0.0,2026-06-06
T963464,2026-06,207791.0,124674.0,0.0,2026-07-18
T963464,2026-07,414862.0,248917.0,0.0,2026-08-21
T963464,2026-08,351081.0,210649.0,0.0,2026-09-05
T963464,2026-09,300324.0,180195.0,0.0,2026-10-18
T1136,2024-10,307915.0,184749.0,0.0,2024-11-15
T1136,2024-11,1230787.0,738472.0,0.0,2024-12-16
T1136,2024-12,38930830.0,24020361.0,2131991.0,2025-01-16
T1136,2025-01,752705.0,451623.0,0.0,2025-02-05
T1136,2025-02,377482.0,226489.0,0.0,2025-03-22
T1136,2025-03,678765.0,407259.0,0.0,2025-04-08
T1136,2025-04,473932.0,284359.0,0.0,2025-05-06
T1136,2025-05,173939.0,104363.0,0.0,2025-06-23
T1136,2025-06,1238804.0,743282.0,0.0,2025-07-21
T1136,2025-07,688173.0,412904.0,0.0,2025-08-21
T1136,2025-08,249450.0,149670.0,0.0,2025-09-17
T1136,2025-09,460119.0,276071.0,0.0,2025-10-06
T1136,2025-10,709764.0,425858.0,0.0,2025-11-22
T1136,2025-11,544973.0,326984.0,0.0,2025-12-14
T1136,2025-12,484950.0,290970.0,0.0,2026-01-16
T1136,2026-01,380964.0,228578.0,0.0,2026-02-20
T1136,2026-02,393996.0,236398.0,0.0,2026-03-20
T1136,2026-03,375694.0,225416.0,0.0,2026-04-22
T1136,2026-04,11868057.0,7322603.0,810361.0,2026-05-11
T1136,2026-05,170224.0,102134.0,0.0,2026-06-23
T1136,2026-06,338971.0,203383.0,0.0,2026-07-16
T1136,2026-07,242681.0,145609.0,0.0,2026-08-09
T1136,2026-08,462835.0,277701.0,0.0,2026-09-12
T1136,2026-09,258519.0,155112.0,0.0,2026-10-08
T1134,2024-10,244473.0,146684.0,0.0,2024-11-22
T1134,2024-11,18878058.0,10849413.0,1102885.0,2024-12-20
T1134,2024-12,1284524.0,770714.0,0.0,2025-01-09
T1134,2025-01,367811.0,220687.0,0.0,2025-02-17
T1134,2025-02,17630870.0,10132641.0,934451.0,2025-03-20
T1134,2025-03,11970421.0,6879523.0,693729.0,2025-04-11
T1134,2025-04,463382.0,278029.0,0.0,2025-05-12
T1134,2025-05,419209.0,251525.0,0.0,2025-06-10
T1134,2025-06,609903.0,365942.0,0.0,2025-07-13
T1134,2025-07,286938.0,172163.0,0.0,2025-08-17
T1134,2025-08,479347.0,287608.0,0.0,2025-09-12
T1134,2025-09,747605.0,448563.0,0.0,2025-10-11
T1134,2025-10,478223.0,286934.0,0.0,2025-11-24
T1134,2025-11,169466.0,101679.0,0.0,2025-12-11
T1134,2025-12,423956.0,254373.0,0.0,2026-01-13
T1134,2026-01,264315.0,158589.0,0.0,2026-02-22
T1134,2026-02,378418.0,227051.0,0.0,2026-03-21
T1134,2026-03,314380.0,188628.0,0.0,2026-04-20
T1134,2026-04,579744.0,347846.0,0.0,2026-05-14
T1134,2026-05,324837.0,194902.0,0.0,2026-06-19
T1134,2026-06,252865.0,151719.0,0.0,2026-07-18
T1134,2026-07,179858.0,107915.0,0.0,2026-08-15
T1134,2026-08,487643.0,292586.0,0.0,2026-09-18
T1134,2026-09,888148.0,532889.0,0.0,2026-10-05
T1071,2024-10,521084.0,312651.0,0.0,2024-11-13
T1071,2024-11,674059.0,404435.0,0.0,2024-12-12
T1071,2024-12,615223.0,369134.0,0.0,2025-01-09
T1071,2025-01,530057.0,318034.0,0.0,2025-02-12
T1071,2025-02,594083.0,356450.0,0.0,2025-03-22
T1071,2025-03,592438.0,355463.0,0.0,2025-04-21
T1071,2025-04,446657.0,267994.0,0.0,2025-05-15
T1071,2025-05,262150.0,157290.0,0.0,2025-06-05
T1071,2025-06,314342.0,188605.0,0.0,2025-07-05
T1071,2025-07,227462.0,136477.0,0.0,2025-08-21
T1071,2025-08,217415.0,130449.0,0.0,2025-09-10
T1071,2025-09,3864317.0,2374398.0,262005.0,2025-10-13
T1071,2025-10,13440502.0,8258406.0,862591.0,2025-11-23
T1071,2025-11,559630.0,335778.0,0.0,2025-12-23
T1071,2025-12,707517.0,424510.0,0.0,2026-01-05
T1071,2026-01,693739.0,416243.0,0.0,2026-02-10
T1071,2026-02,637679.0,382607.0,0.0,2026-03-19
T1071,2026-03,244868.0,146921.0,0.0,2026-04-11
T1071,2026-04,483193.0,289916.0,0.0,2026-05-13
T1071,2026-05,308925.0,185355.0,0.0,2026-06-13
T1071,2026-06,765541.0,459324.0,0.0,2026-07-09
T1071,2026-07,649477.0,389686.0,0.0,2026-08-06
T1071,2026-08,584792.0,350875.0,0.0,2026-09-11
T1071,2026-09,271751.0,163050.0,0.0,2026-10-07
T291182,2024-10,557978.0,334787.0,0.0,2024-11-05
T291182,2024-11,727555.0,436533.0,0.0,2024-12-17
T291182,2024-12,1160949.0,696569.0,0.0,2025-01-16
T291182,2025-01,620769.0,372461.0,0.0,2025-02-20
T291182,2025-02,190078.0,114047.0,0.0,2025-03-10
T291182,2025-03,213299.0,127979.0,0.0,2025-04-20
T291182,2025-04,307975.0,184785.0,0.0,2025-05-08
T291182,2025-05,310483.0,186290.0,0.0,2025-06-13
T291182,2025-06,327655.0,196593.0,0.0,2025-07-20
T291182,2025-07,199576.0,119746.0,0.0,2025-08-12
T291182,2025-08,225557.0,135334.0,0.0,2025-09-06
T291182,2025-09,11226839.0,7634771.0,768980.0,2025-10-19
T291182,2025-10,4501591.0,3061291.0,310495.0,2025-11-15
T291182,2025-11,414018.0,248411.0,0.0,2025-12-16
T291182,2025-12,439148.0,263489.0,0.0,2026-01-16
T291182,2026-01,220871.0,132522.0,0.0,2026-02-19
T291182,2026-02,960903.0,576542.0,0.0,2026-03-20
T291182,2026-03,657293.0,394376.0,0.0,2026-04-20
T291182,2026-04,320783.0,192470.0,0.0,2026-05-24
T291182,2026-05,29486584.0,20052245.0,2059700.0,2026-06-07
T291182,2026-06,257024.0,154215.0,0.0,2026-07-16
T291182,2026-07,237029.0,142217.0,0.0,2026-08-13
T291182,2026-08,558133.0,334880.0,0.0,2026-09-08
T291182,2026-09,305182.0,183109.0,0.0,2026-10-24
T1167,2024-10,596941.0,358165.0,0.0,2024-11-11
T1167,2024-11,362506.0,217504.0,0.0,2024-12-10
T1167,2024-12,458590.0,275154.0,0.0,2025-01-21
T1167,2025-01,511478.0,306887.0,0.0,2025-02-23
T1167,2025-02,3950779.0,2474870.0,246425.0,2025-03-13
T1167,2025-03,562688.0,337613.0,0.0,2025-04-09
T1167,2025-04,11947970.0,7484516.0,676770.0,2025-05-12
T1167,2025-05,1508148.0,944743.0,106297.0,2025-06-16
T1167,2025-06,6122436.0,3835251.0,408975.0,2025-07-07
T1167,2025-07,507586.0,304552.0,0.0,2025-08-15
T1167,2025-08,346944.0,208167.0,0.0,2025-09-24
T1167,2025-09,24649660.0,15441181.0,1356256.0,2025-10-11
T1167,2025-10,5768811.0,3613732.0,390024.0,2025-11-21
T1167,2025-11,231608.0,138965.0,0.0,2025-12-05
T1167,2025-12,244266.0,146560.0,0.0,2026-01-08
T1167,2026-01,881771.0,529063.0,0.0,2026-02-20
T1167,2026-02,94215.0,56529.0,0.0,2026-03-16
T1167,2026-03,677294.0,406376.0,0.0,2026-04-14
T1167,2026-04,378977.0,227386.0,0.0,2026-05-17
T1167,2026-05,981452.0,588871.0,0.0,2026-06-22
T1167,2026-06,12033737.0,7538242.0,815126.0,2026-07-20
T1167,2026-07,112432.0,67459.0,0.0,2026-08-21
T1167,2026-08,419801.0,251880.0,0.0,2026-09-17
T1167,2026-09,343224.0,205934.0,0.0,2026-10-06
T112935,2024-10,14016020.0,9197401.0,950733.0,2024-11-10
T112935,2024-11,9137602.0,5996152.0,599487.0,2024-12-12
T112935,2024-12,1039389.0,623633.0,0.0,2025-01-12
T112935,2025-01,610925.0,366555.0,0.0,2025-02-22
T112935,2025-02,282019.0,169211.0,0.0,2025-03-13
T112935,2025-03,24132916.0,15836172.0,1614556.0,2025-04-07
T112935,2025-04,543295.0,325977.0,0.0,2025-05-17
T112935,2025-05,8190252.0,5374495.0,526677.0,2025-06-23
T112935,2025-06,442692.0,265615.0,0.0,2025-07-22
T112935,2025-07,12441293.0,8164055.0,813460.0,2025-08-16
T112935,2025-08,353989.0,212394.0,0.0,2025-09-16
T112935,2025-09,416742.0,250045.0,0.0,2025-10-11
T112935,2025-10,459162.0,275497.0,0.0,2025-11-07
T112935,2025-11,455023.0,273014.0,0.0,2025-12-10
T112935,2025-12,35335055.0,23187086.0,2301128.0,2026-01-20
T112935,2026-01,873737.0,524242.0,0.0,2026-02-19
T112935,2026-02,60703503.0,39834022.0,3836071.0,2026-03-12
T112935,2026-03,6155577.0,4039328.0,429388.0,2026-04-21
T112935,2026-04,2914718.0,1912656.0,190702.0,2026-05-18
T112935,2026-05,2356633.0,1546438.0,158166.0,2026-06-13
T112935,2026-06,437286.0,262372.0,0.0,2026-07-19
T112935,2026-07,12795487.0,8396479.0,814245.0,2026-08-17
T112935,2026-08,646494.0,387896.0,0.0,2026-09-11
T112935,2026-09,37822228.0,24819185.0,2544037.0,2026-10-19
T1002,2024-10,296318.0,177791.0,0.0,2024-11-06
T1002,2024-11,251035.0,150621.0,0.0,2024-12-15
T1002,2024-12,37625073.0,21500074.0,1990559.0,2025-01-19
T1002,2025-01,460092.0,276055.0,0.0,2025-02-12
T1002,2025-02,17320580.0,9897489.0,988812.0,2025-03-13
T1002,2025-03,728356.0,437013.0,0.0,2025-04-23
T1002,2025-04,15874715.0,9071279.0,922886.0,2025-05-24
T1002,2025-05,33331642.0,19046681.0,1737931.0,2025-06-11
T1002,2025-06,664215.0,398529.0,0.0,2025-07-18
T1002,2025-07,784379.0,470627.0,0.0,2025-08-14
T1002,2025-08,6280820.0,3589045.0,338154.0,2025-09-21
T1002,2025-09,372222.0,223333.0,0.0,2025-10-18
T1002,2025-10,174809.0,104885.0,0.0,2025-11-14
T1002,2025-11,389300.0,233580.0,0.0,2025-12-19
T1002,2025-12,662817.0,397690.0,0.0,2026-01-23
T1002,2026-01,760681.0,456409.0,0.0,2026-02-08
T1002,2026-02,544033.0,326420.0,0.0,2026-03-12
T1002,2026-03,288346.0,173008.0,0.0,2026-04-06
T1002,2026-04,215726.0,129436.0,0.0,2026-05-05
T1002,2026-05,542606.0,325563.0,0.0,2026-06-05
T1002,2026-06,147747.0,88648.0,0.0,2026-07-08
T1002,2026-07,424089.0,254453.0,0.0,2026-08-06
T1002,2026-08,128913.0,77348.0,0.0,2026-09-24
T1002,2026-09,313121.0,187873.0,0.0,2026-10-07
T389470,2024-10,588045.0,352827.0,0.0,2024-11-23
T389470,2024-11,530487.0,318292.0,0.0,2024-12-20
T389470,2024-12,3335263.0,2385082.0,258414.0,2025-01-10
T389470,2025-01,272785.0,163671.0,0.0,2025-02-06
T389470,2025-02,1027178.0,616307.0,0.0,2025-03-06
T389470,2025-03,601381.0,360829.0,0.0,2025-04-10
T389470,2025-04,450484.0,270291.0,0.0,2025-05-14
T389470,2025-05,563815.0,338289.0,0.0,2025-06-09
T389470,2025-06,306676.0,184006.0,0.0,2025-07-09
T389470,2025-07,199768.0,119861.0,0.0,2025-08-12
T389470,2025-08,14910436.0,10662613.0,1075750.0,2025-09-23
T389470,2025-09,465409.0,279246.0,0.0,2025-10-06
T389470,2025-10,973900.0,584340.0,0.0,2025-11-21
T389470,2025-11,305570.0,183342.0,0.0,2025-12-20
T389470,2025-12,516982.0,310189.0,0.0,2026-01-19
T389470,2026-01,191562.0,114937.0,0.0,2026-02-10
T389470,2026-02,517831.0,310698.0,0.0,2026-03-20
T389470,2026-03,200753.0,120452.0,0.0,2026-04-15
T389470,2026-04,4878170.0,3488432.0,321233.0,2026-05-19
T389470,2026-05,224643.0,134786.0,0.0,2026-06-19
T389470,2026-06,407783.0,244670.0,0.0,2026-07-06
T389470,2026-07,303417.0,182050.0,0.0,2026-08-22
T389470,2026-08,439772.0,263863.0,0.0,2026-09-08
T389470,2026-09,449809.0,269886.0,0.0,2026-10-21
T147270,2024-10,6691926.0,4410377.0,404162.0,2024-11-24
T147270,2024-11,13773535.0,9077579.0,976748.0,2024-12-21
T147270,2024-12,10068213.0,6635551.0,614018.0,2025-01-09
T147270,2025-01,10232627.0,6743909.0,650286.0,2025-02-11
T147270,2025-02,277894.0,166736.0,0.0,2025-03-10
T147270,2025-03,880109.0,528066.0,0.0,2025-04-24
T147270,2025-04,12354244.0,8142182.0,731476.0,2025-05-07
T147270,2025-05,33431300.0,22033215.0,2121798.0,2025-06-17
T147270,2025-06,333518.0,200111.0,0.0,2025-07-24
T147270,2025-07,370840.0,222504.0,0.0,2025-08-15
T147270,2025-08,17328566.0,11420555.0,1010200.0,2025-09-21
T147270,2025-09,1199348.0,790442.0,87296.0,2025-10-06
T147270,2025-10,693772.0,416263.0,0.0,2025-11-11
T147270,2025-11,268536.0,161122.0,0.0,2025-12-17
T147270,2025-12,11835789.0,7800489.0,749884.0,2026-01-14
T147270,2026-01,507811.0,304686.0,0.0,2026-02-05
T147270,2026-02,570866.0,342520.0,0.0,2026-03-13
T147270,2026-03,4114178.0,2711488.0,244695.0,2026-04-12
T147270,2026-04,4513047.0,2974366.0,276090.0,2026-05-13
T147270,2026-05,2001087.0,1318835.0,124536.0,2026-06-24
T147270,2026-06,1057269.0,696803.0,62815.0,2026-07-20
T147270,2026-07,2607776.0,1718679.0,160903.0,2026-08-24
T147270,2026-08,2791907.0,1840033.0,201016.0,2026-09-08
T147270,2026-09,7771670.0,5121993.0,457890.0,2026-10-12
T1075,2024-10,22127497.0,15943840.0,1423185.0,2024-11-21
T1075,2024-11,10891203.0,7847593.0,850123.0,2024-12-23
T1075,2024-12,2620344.0,1888074.0,167923.0,2025-01-12
T1075,2025-01,12929378.0,9316188.0,816076.0,2025-02-06
T1075,2025-02,1510368.0,1088287.0,121063.0,2025-03-23
T1075,2025-03,638356.0,383014.0,0.0,2025-04-17
T1075,2025-04,8956397.0,6453480.0,593717.0,2025-05-08
T1075,2025-05,5513337.0,3972603.0,429767.0,2025-06-21
T1075,2025-06,3746830.0,2699756.0,283327.0,2025-07-21
T1075,2025-07,670842.0,402505.0,0.0,2025-08-13
T1075,2025-08,330802.0,198481.0,0.0,2025-09-18
T1075,2025-09,258600.0,155160.0,0.0,2025-10-06
T1075,2025-10,2152459.0,1550941.0,135643.0,2025-11-11
T1075,2025-11,14079800.0,10145118.0,965595.0,2025-12-12
T1075,2025-12,45958666.0,33115250.0,3522684.0,2026-01-14
T1075,2026-01,440960.0,264576.0,0.0,2026-02-21
T1075,2026-02,5524924.0,3980952.0,429340.0,2026-03-15
T1075,2026-03,21266991.0,15323807.0,1395789.0,2026-04-14
T1075,2026-04,37065125.0,26707061.0,2533676.0,2026-05-16
T1075,2026-05,5221899.0,3762609.0,350686.0,2026-06-17
T1075,2026-06,503587.0,302152.0,0.0,2026-07-08
T1075,2026-07,4288328.0,3089930.0,272530.0,2026-08-23
T1075,2026-08,21195945.0,15272615.0,1529638.0,2026-09-08
T1075,2026-09,23823543.0,17165916.0,1540598.0,2026-10-09
T238431,2024-10,34955516.0,23711363.0,2185505.0,2024-11-08
T238431,2024-11,406845.0,244107.0,0.0,2024-12-05
T238431,2024-12,62502867.0,42397548.0,3791749.0,2025-01-15
T238431,2025-01,352539.0,211524.0,0.0,2025-02-09
T238431,2025-02,289714.0,173828.0,0.0,2025-03-18
T238431,2025-03,167326.0,100396.0,0.0,2025-04-06
T238431,2025-04,873624.0,524174.0,0.0,2025-05-06
T238431,2025-05,501780.0,301068.0,0.0,2025-06-21
T238431,2025-06,438974.0,263385.0,0.0,2025-07-17
T238431,2025-07,21647302.0,14684007.0,1343640.0,2025-08-06
T238431,2025-08,855575.0,513345.0,0.0,2025-09-14
T238431,2025-09,541840.0,325104.0,0.0,2025-10-11
T238431,2025-10,272801.0,163681.0,0.0,2025-11-19
T238431,2025-11,367112.0,220267.0,0.0,2025-12-18
T238431,2025-12,754529.0,452717.0,0.0,2026-01-21
T238431,2026-01,335595.0,201357.0,0.0,2026-02-11
T238431,2026-02,689461.0,413677.0,0.0,2026-03-09
T238431,2026-03,28054814.0,19030412.0,1722322.0,2026-04-06
T238431,2026-04,234604.0,140762.0,0.0,2026-05-23
T238431,2026-05,295176.0,177106.0,0.0,2026-06-14
T238431,2026-06,159668.0,95801.0,0.0,2026-07-17
T238431,2026-07,469390.0,281634.0,0.0,2026-08-08
T238431,2026-08,467014.0,280209.0,0.0,2026-09-09
T238431,2026-09,51512458.0,34942428.0,3148768.0,2026-10-06
T1008,2024-10,34936974.0,21731879.0,2415132.0,2024-11-11
T1008,2024-11,19139432.0,11905319.0,1214309.0,2024-12-13
T1008,2024-12,68611701.0,42678601.0,4601885.0,2025-01-14
T1008,2025-01,678209.0,406926.0,0.0,2025-02-22
T1008,2025-02,22259655.0,13846195.0,1535346.0,2025-03-06
T1008,2025-03,473785.0,284271.0,0.0,2025-04-07
T1008,2025-04,4414601.0,2746018.0,304701.0,2025-05-15
T1008,2025-05,37284438.0,23192074.0,2081156.0,2025-06-18
T1008,2025-06,7633279.0,4748136.0,467285.0,2025-07-23
T1008,2025-07,6902593.0,4293626.0,475195.0,2025-08-13
T1008,2025-08,8225801.0,5116703.0,569529.0,2025-09-24
T1008,2025-09,31019821.0,19295289.0,2064873.0,2025-10-13
T1008,2025-10,689873.0,413924.0,0.0,2025-11-06
T1008,2025-11,11015641.0,6852069.0,608247.0,2025-12-20
T1008,2025-12,4325896.0,2690841.0,244307.0,2026-01-16
T1008,2026-01,6707708.0,4172402.0,443438.0,2026-02-12
T1008,2026-02,534751.0,320850.0,0.0,2026-03-16
T1008,2026-03,458450.0,275070.0,0.0,2026-04-08
T1008,2026-04,4111659.0,2557579.0,223611.0,2026-05-21
T1008,2026-05,618350.0,371010.0,0.0,2026-06-18
T1008,2026-06,295277.0,177166.0,0.0,2026-07-15
T1008,2026-07,9942028.0,6184249.0,650368.0,2026-08-17
T1008,2026-08,58359862.0,36301641.0,3431306.0,2026-09-06
T1008,2026-09,24055944.0,14963542.0,1418946.0,2026-10-19
T272280,2024-10,21980273.0,16111925.0,1659989.0,2024-11-21
T272280,2024-11,24913976.0,18262381.0,1958095.0,2024-12-07
T272280,2024-12,3350859.0,2456238.0,273793.0,2025-01-16
T272280,2025-01,26052625.0,19097031.0,1786373.0,2025-02-12
T272280,2025-02,39132975.0,28685157.0,2688546.0,2025-03-16
T272280,2025-03,27980900.0,20510491.0,1921318.0,2025-04-24
T272280,2025-04,24361193.0,17857181.0,1781478.0,2025-05-24
T272280,2025-05,4989055.0,3657065.0,332620.0,2025-06-09
T272280,2025-06,24355890.0,17853295.0,1705044.0,2025-07-12
T272280,2025-07,26713940.0,19581786.0,1965622.0,2025-08-09
T272280,2025-08,30669199.0,22481060.0,2265227.0,2025-09-14
T272280,2025-09,22578475.0,16550418.0,1696005.0,2025-10-24
T272280,2025-10,24647099.0,18066756.0,1658431.0,2025-11-05
T272280,2025-11,21969452.0,16103993.0,1473439.0,2025-12-14
T272280,2025-12,15171889.0,11121261.0,1033966.0,2026-01-18
T272280,2026-01,2222387.0,1629049.0,187415.0,2026-02-16
T272280,2026-02,3334420.0,2444188.0,218794.0,2026-03-07
T272280,2026-03,17109779.0,12541768.0,1191807.0,2026-04-16
T272280,2026-04,15281058.0,11201284.0,1069830.0,2026-05-11
T272280,2026-05,7154007.0,5244013.0,463243.0,2026-06-23
T272280,2026-06,4562963.0,3344732.0,368015.0,2026-07-13
T272280,2026-07,5395017.0,3954642.0,438236.0,2026-08-07
T272280,2026-08,2247121.0,1647179.0,181177.0,2026-09-19
T272280,2026-09,16880585.0,12373765.0,1225264.0,2026-10-19
T1088,2024-10,430635.0,258381.0,0.0,2024-11-21
T1088,2024-11,938858.0,563315.0,0.0,2024-12-20
T1088,2024-12,216378.0,129827.0,0.0,2025-01-21
T1088,2025-01,271571.0,162943.0,0.0,2025-02-14
T1088,2025-02,393133.0,235880.0,0.0,2025-03-19
T1088,2025-03,337765.0,202659.0,0.0,2025-04-10
T1088,2025-04,262875.0,157725.0,0.0,2025-05-17
T1088,2025-05,403800.0,242280.0,0.0,2025-06-17
T1088,2025-06,404022.0,242413.0,0.0,2025-07-06
T1088,2025-07,339719.0,203831.0,0.0,2025-08-17
T1088,2025-08,221139.0,132684.0,0.0,2025-09-16
T1088,2025-09,454693.0,272816.0,0.0,2025-10-07
T1088,2025-10,428694.0,257217.0,0.0,2025-11-12
T1088,2025-11,253615.0,152169.0,0.0,2025-12-23
T1088,2025-12,593690.0,356214.0,0.0,2026-01-10
T1088,2026-01,368428.0,221057.0,0.0,2026-02-10
T1088,2026-02,183461.0,110077.0,0.0,2026-03-14
T1088,2026-03,416824.0,250094.0,0.0,2026-04-20
T1088,2026-04,367427.0,220456.0,0.0,2026-05-05
T1088,2026-05,259882.0,155929.0,0.0,2026-06-23
T1088,2026-06,362454.0,217473.0,0.0,2026-07-16
T1088,2026-07,239932.0,143959.0,0.0,2026-08-16
T1088,2026-08,569136.0,341482.0,0.0,2026-09-10
T1088,2026-09,305936.0,183562.0,0.0,2026-10-18
T934434,2024-10,578156.0,346894.0,0.0,2024-11-23
T934434,2024-11,19782733.0,11459761.0,1107294.0,2024-12-24
T934434,2024-12,173779.0,104268.0,0.0,2025-01-12
T934434,2025-01,378156.0,226894.0,0.0,2025-02-19
T934434,2025-02,457160.0,274296.0,0.0,2025-03-24
T934434,2025-03,998175.0,598905.0,0.0,2025-04-13
T934434,2025-04,462347.0,277408.0,0.0,2025-05-18
T934434,2025-05,261370.0,156822.0,0.0,2025-06-20
T934434,2025-06,515721.0,309433.0,0.0,2025-07-07
T934434,2025-07,333263.0,199958.0,0.0,2025-08-23
T934434,2025-08,329394.0,197636.0,0.0,2025-09-21
T934434,2025-09,747148.0,448289.0,0.0,2025-10-16
T934434,2025-10,786617.0,471970.0,0.0,2025-11-18
T934434,2025-11,6147234.0,3560976.0,346109.0,2025-12-10
T934434,2025-12,840621.0,504372.0,0.0,2026-01-24
T934434,2026-01,172824.0,103695.0,0.0,2026-02-20
T934434,2026-02,392556.0,235533.0,0.0,2026-03-07
T934434,2026-03,426732.0,256039.0,0.0,2026-04-24
T934434,2026-04,308860.0,185316.0,0.0,2026-05-22
T934434,2026-05,418531.0,251118.0,0.0,2026-06-19
T934434,2026-06,328335.0,197001.0,0.0,2026-07-09
T934434,2026-07,254328.0,152597.0,0.0,2026-08-12
T934434,2026-08,343832.0,206299.0,0.0,2026-09-18
T934434,2026-09,266815.0,160089.0,0.0,2026-10-08
T1117,2024-10,495911.0,297547.0,0.0,2024-11-14
T1117,2024-11,711000.0,426600.0,0.0,2024-12-20
T1117,2024-12,469450.0,281670.0,0.0,2025-01-19
T1117,2025-01,548854.0,329313.0,0.0,2025-02-18
T1117,2025-02,253966.0,152380.0,0.0,2025-03-18
T1117,2025-03,196796.0,118077.0,0.0,2025-04-21
T1117,2025-04,352818.0,211691.0,0.0,2025-05-08
T1117,2025-05,472189.0,283313.0,0.0,2025-06-15
T1117,2025-06,55770630.0,35932393.0,3631312.0,2025-07-12
T1117,2025-07,406864.0,244119.0,0.0,2025-08-22
T1117,2025-08,1472043.0,883226.0,0.0,2025-09-10
T1117,2025-09,601743.0,361046.0,0.0,2025-10-05
T1117,2025-10,347918.0,208751.0,0.0,2025-11-06
T1117,2025-11,596740.0,358044.0,0.0,2025-12-13
T1117,2025-12,537806.0,322683.0,0.0,2026-01-07
T1117,2026-01,253289.0,151973.0,0.0,2026-02-19
T1117,2026-02,538837.0,323302.0,0.0,2026-03-23
T1117,2026-03,197227.0,118336.0,0.0,2026-04-24
T1117,2026-04,381675.0,229005.0,0.0,2026-05-18
T1117,2026-05,491007.0,294604.0,0.0,2026-06-19
T1117,2026-06,536393.0,321836.0,0.0,2026-07-12
T1117,2026-07,875457.0,525274.0,0.0,2026-08-08
T1117,2026-08,241213.0,144728.0,0.0,2026-09-23
T1117,2026-09,455447.0,273268.0,0.0,2026-10-22
T1059,2024-10,1369951.0,953996.0,103227.0,2024-11-18
T1059,2024-11,2460390.0,1713347.0,166943.0,2024-12-11
T1059,2024-12,8901403.0,6198690.0,655401.0,2025-01-10
T1059,2025-01,2277069.0,1585688.0,163334.0,2025-02-15
T1059,2025-02,357428.0,214457.0,0.0,2025-03-24
T1059,2025-03,8156261.0,5679793.0,517973.0,2025-04-24
T1059,2025-04,12518897.0,8717812.0,816086.0,2025-05-20
T1059,2025-05,41780986.0,29095117.0,2875008.0,2025-06-07
T1059,2025-06,886409.0,531845.0,0.0,2025-07-14
T1059,2025-07,2181180.0,1518913.0,152663.0,2025-08-10
T1059,2025-08,6961849.0,4848038.0,535624.0,2025-09-14
T1059,2025-09,22382321.0,15586426.0,1726842.0,2025-10-11
T1059,2025-10,5064087.0,3526489.0,322494.0,2025-11-08
T1059,2025-11,1078815.0,751257.0,79146.0,2025-12-08
T1059,2025-12,4381551.0,3051190.0,323925.0,2026-01-18
T1059,2026-01,1779567.0,1239241.0,135428.0,2026-02-06
T1059,2026-02,1156928.0,805652.0,80221.0,2026-03-05
T1059,2026-03,6108345.0,4253682.0,387337.0,2026-04-13
T1059,2026-04,6054607.0,4216260.0,418717.0,2026-05-07
T1059,2026-05,6246590.0,4349952.0,384109.0,2026-06-18
T1059,2026-06,682808.0,475488.0,47847.0,2026-07-08
T1059,2026-07,3510245.0,2444437.0,235606.0,2026-08-05
T1059,2026-08,661519.0,460663.0,48473.0,2026-09-11
T1059,2026-09,6274629.0,4369477.0,425065.0,2026-10-13
T766520,2024-10,644605.0,386763.0,0.0,2024-11-22
T766520,2024-11,321886.0,193132.0,0.0,2024-12-08
T766520,2024-12,419503.0,251702.0,0.0,2025-01-11
T766520,2025-01,305290.0,183174.0,0.0,2025-02-22
T766520,2025-02,199379.0,119627.0,0.0,2025-03-05
T766520,2025-03,901897.0,541138.0,0.0,2025-04-16
T766520,2025-04,294057.0,176434.0,0.0,2025-05-09
T766520,2025-05,705033.0,423020.0,0.0,2025-06-05
T766520,2025-06,495111.0,297067.0,0.0,2025-07-19
T766520,2025-07,389521.0,233713.0,0.0,2025-08-05
T766520,2025-08,638718.0,383231.0,0.0,2025-09-06
T766520,2025-09,309587.0,185752.0,0.0,2025-10-10
T766520,2025-10,267546.0,160527.0,0.0,2025-11-12
T766520,2025-11,305843.0,183506.0,0.0,2025-12-17
T766520,2025-12,472424.0,283455.0,0.0,2026-01-08
T766520,2026-01,429633.0,257780.0,0.0,2026-02-09
T766520,2026-02,234184.0,140510.0,0.0,2026-03-14
T766520,2026-03,368812.0,221287.0,0.0,2026-04-24
T766520,2026-04,355851.0,213511.0,0.0,2026-05-08
T766520,2026-05,199026.0,119415.0,0.0,2026-06-11
T766520,2026-06,263961.0,158377.0,0.0,2026-07-06
T766520,2026-07,288256.0,172954.0,0.0,2026-08-15
T766520,2026-08,298512.0,179107.0,0.0,2026-09-11
T766520,2026-09,235964.0,141578.0,0.0,2026-10-19
T1166,2024-10,738471.0,443083.0,0.0,2024-11-16
T1166,2024-11,61383182.0,35930608.0,3187644.0,2024-12-10
T1166,2024-12,64209228.0,37584832.0,3658291.0,2025-01-10
T1166,2025-01,84253517.0,49317745.0,4516136.0,2025-02-13
T1166,2025-02,123646064.0,72376148.0,6649619.0,2025-03-16
T1166,2025-03,426380.0,255828.0,0.0,2025-04-15
T1166,2025-04,65082312.0,38095892.0,3964298.0,2025-05-21
T1166,2025-05,135102458.0,79082141.0,7166687.0,2025-06-17
T1166,2025-06,20236288.0,11845299.0,1227589.0,2025-07-16
T1166,2025-07,38024534.0,22257638.0,2005536.0,2025-08-07
T1166,2025-08,32824412.0,19213750.0,1943764.0,2025-09-23
T1166,2025-09,251957.0,151174.0,0.0,2025-10-22
T1166,2025-10,330147.0,198088.0,0.0,2025-11-06
T1166,2025-11,24411648.0,14289343.0,1389632.0,2025-12-14
T1166,2025-12,118507012.0,69368008.0,7229074.0,2026-01-12
T1166,2026-01,154144146.0,90228182.0,9519618.0,2026-02-16
T1166,2026-02,48121121.0,28167669.0,2556110.0,2026-03-11
T1166,2026-03,523251.0,313951.0,0.0,2026-04-24
T1166,2026-04,51701950.0,30263705.0,2956969.0,2026-05-23
T1166,2026-05,22650892.0,13258686.0,1359160.0,2026-06-13
T1166,2026-06,434004.0,260402.0,0.0,2026-07-10
T1166,2026-07,206832.0,124099.0,0.0,2026-08-21
T1166,2026-08,234094.0,140456.0,0.0,2026-09-18
T1166,2026-09,437008.0,262205.0,0.0,2026-10-09
T726074,2024-10,486200.0,291720.0,0.0,2024-11-11
T726074,2024-11,160889.0,96533.0,0.0,2024-12-09
T726074,2024-12,630941.0,378564.0,0.0,2025-01-24
T726074,2025-01,760392.0,456235.0,0.0,2025-02-24
T726074,2025-02,464265.0,278559.0,0.0,2025-03-13
T726074,2025-03,168241.0,100944.0,0.0,2025-04-19
T726074,2025-04,24383779.0,14033217.0,1383749.0,2025-05-09
T726074,2025-05,543346.0,326008.0,0.0,2025-06-09
T726074,2025-06,395773.0,237464.0,0.0,2025-07-23
T726074,2025-07,332413.0,199448.0,0.0,2025-08-13
T726074,2025-08,10885345.0,6264673.0,621492.0,2025-09-21
T726074,2025-09,597112.0,358267.0,0.0,2025-10-07
T726074,2025-10,248840.0,149304.0,0.0,2025-11-22
T726074,2025-11,563682.0,338209.0,0.0,2025-12-09
T726074,2025-12,833887.0,500332.0,0.0,2026-01-20
T726074,2026-01,1205780.0,723468.0,0.0,2026-02-13
T726074,2026-02,805909.0,483546.0,0.0,2026-03-07
T726074,2026-03,346835.0,208101.0,0.0,2026-04-08
T726074,2026-04,551860.0,331116.0,0.0,2026-05-16
T726074,2026-05,198452.0,119071.0,0.0,2026-06-07
T726074,2026-06,801316.0,480790.0,0.0,2026-07-09
T726074,2026-07,318794.0,191276.0,0.0,2026-08-14
T726074,2026-08,7613546.0,4381706.0,423889.0,2026-09-24
T726074,2026-09,368329.0,220998.0,0.0,2026-10-16
T1065,2024-10,33150611.0,20574942.0,2063526.0,2024-11-16
T1065,2024-11,376657.0,225994.0,0.0,2024-12-19
T1065,2024-12,231403.0,138842.0,0.0,2025-01-14
T1065,2025-01,449241.0,269545.0,0.0,2025-02-17
T1065,2025-02,379321.0,227592.0,0.0,2025-03-05
T1065,2025-03,1372177.0,823306.0,0.0,2025-04-23
T1065,2025-04,881433.0,528860.0,0.0,2025-05-22
T1065,2025-05,572259.0,343356.0,0.0,2025-06-21
T1065,2025-06,313176.0,187906.0,0.0,2025-07-19
T1065,2025-07,337755.0,202653.0,0.0,2025-08-22
T1065,2025-08,636720.0,382032.0,0.0,2025-09-15
T1065,2025-09,320203.0,192122.0,0.0,2025-10-21
T1065,2025-10,571311.0,342787.0,0.0,2025-11-05
T1065,2025-11,1401022.0,840613.0,0.0,2025-12-23
T1065,2025-12,746419.0,447852.0,0.0,2026-01-23
T1065,2026-01,784812.0,470887.0,0.0,2026-02-10
T1065,2026-02,443441.0,266065.0,0.0,2026-03-12
T1065,2026-03,517573.0,310544.0,0.0,2026-04-13
T1065,2026-04,488661.0,293197.0,0.0,2026-05-17
T1065,2026-05,325159.0,195095.0,0.0,2026-06-14
T1065,2026-06,37583630.0,23326297.0,2252492.0,2026-07-08
T1065,2026-07,156652.0,93991.0,0.0,2026-08-06
T1065,2026-08,288133.0,172880.0,0.0,2026-09-05
T1065,2026-09,152649.0,91590.0,0.0,2026-10-16
T1078,2024-10,549412.0,329647.0,0.0,2024-11-20
T1078,2024-11,248302.0,148981.0,0.0,2024-12-06
T1078,2024-12,511900.0,307140.0,0.0,2025-01-18
T1078,2025-01,283236.0,169942.0,0.0,2025-02-14
T1078,2025-02,339872.0,203923.0,0.0,2025-03-18
T1078,2025-03,135856.0,81514.0,0.0,2025-04-09
T1078,2025-04,153605.0,92163.0,0.0,2025-05-18
T1078,2025-05,288291.0,172974.0,0.0,2025-06-23
T1078,2025-06,345579.0,207347.0,0.0,2025-07-16
T1078,2025-07,411990.0,247194.0,0.0,2025-08-19
T1078,2025-08,660295.0,396177.0,0.0,2025-09-14
T1078,2025-09,629335.0,377601.0,0.0,2025-10-06
T1078,2025-10,174884.0,104931.0,0.0,2025-11-14
T1078,2025-11,183540.0,110124.0,0.0,2025-12-07
T1078,2025-12,254287.0,152572.0,0.0,2026-01-13
T1078,2026-01,260862.0,156517.0,0.0,2026-02-17
T1078,2026-02,253367131.0,153033809.0,15344449.0,2026-03-15
T1078,2026-03,41738825.0,25210260.0,2319981.0,2026-04-16
T1078,2026-04,180341900.0,108926552.0,10374854.0,2026-05-19
T1078,2026-05,149501314.0,90298830.0,8959547.0,2026-06-22
T1078,2026-06,72735542.0,43932285.0,4292127.0,2026-07-07
T1078,2026-07,183625773.0,110910012.0,10651312.0,2026-08-22
T1078,2026-08,268006.0,160804.0,0.0,2026-09-20
T1078,2026-09,66505965.0,40169619.0,3882238.0,2026-10-16
T336424,2024-10,454454.0,272673.0,0.0,2024-11-23
T336424,2024-11,22999317.0,15072302.0,1342669.0,2024-12-24
T336424,2024-12,189716.0,113830.0,0.0,2025-01-21
T336424,2025-01,5682737.0,3724107.0,358110.0,2025-02-10
T336424,2025-02,169660.0,101796.0,0.0,2025-03-14
T336424,2025-03,825360.0,495216.0,0.0,2025-04-06
T336424,2025-04,308792.0,185275.0,0.0,2025-05-20
T336424,2025-05,612243.0,367346.0,0.0,2025-06-13
T336424,2025-06,1160193.0,696116.0,0.0,2025-07-07
T336424,2025-07,295393.0,177236.0,0.0,2025-08-22
T336424,2025-08,245880.0,147528.0,0.0,2025-09-06
T336424,2025-09,5046145.0,3306925.0,352247.0,2025-10-09
T336424,2025-10,13147860.0,8616279.0,885369.0,2025-11-18
T336424,2025-11,556717.0,334030.0,0.0,2025-12-23
T336424,2025-12,753892.0,452335.0,0.0,2026-01-16
T336424,2026-01,207267.0,124360.0,0.0,2026-02-19
T336424,2026-02,498311.0,298986.0,0.0,2026-03-16
T336424,2026-03,214363.0,128618.0,0.0,2026-04-06
T336424,2026-04,442082.0,265249.0,0.0,2026-05-18
T336424,2026-05,341185.0,204711.0,0.0,2026-06-07
T336424,2026-06,384457.0,230674.0,0.0,2026-07-15
T336424,2026-07,795230.0,477138.0,0.0,2026-08-14
T336424,2026-08,545139.0,327084.0,0.0,2026-09-07
T336424,2026-09,444958.0,266975.0,0.0,2026-10-20
T1151,2024-10,379231.0,227539.0,0.0,2024-11-20
T1151,2024-11,381910.0,229146.0,0.0,2024-12-23
T1151,2024-12,569060.0,341436.0,0.0,2025-01-21
T1151,2025-01,1032697.0,619618.0,0.0,2025-02-06
T1151,2025-02,172028.0,103217.0,0.0,2025-03-14
T1151,2025-03,489053.0,293432.0,0.0,2025-04-11
T1151,2025-04,341535.0,204921.0,0.0,2025-05-17
T1151,2025-05,251275.0,150765.0,0.0,2025-06-13
T1151,2025-06,2262237.0,1325444.0,120093.0,2025-07-11
T1151,2025-07,379474.0,227685.0,0.0,2025-08-18
T1151,2025-08,824456.0,494674.0,0.0,2025-09-07
T1151,2025-09,312511.0,187507.0,0.0,2025-10-14
T1151,2025-10,251217.0,150730.0,0.0,2025-11-21
T1151,2025-11,480831.0,288499.0,0.0,2025-12-12
T1151,2025-12,499513.0,299708.0,0.0,2026-01-20
T1151,2026-01,347272.0,208363.0,0.0,2026-02-17
T1151,2026-02,410101.0,246060.0,0.0,2026-03-16
T1151,2026-03,402762.0,241657.0,0.0,2026-04-22
T1151,2026-04,13394390.0,7847768.0,879942.0,2026-05-10
T1151,2026-05,585532.0,351319.0,0.0,2026-06-13
T1151,2026-06,133872.0,80323.0,0.0,2026-07-05
T1151,2026-07,424903.0,254942.0,0.0,2026-08-22
T1151,2026-08,724988.0,434993.0,0.0,2026-09-10
T1151,2026-09,145036.0,87021.0,0.0,2026-10-05
T803655,2024-10,462948.0,277769.0,0.0,2024-11-07
T803655,2024-11,950613.0,570368.0,0.0,2024-12-05
T803655,2024-12,374828.0,224897.0,0.0,2025-01-12
T803655,2025-01,802734.0,481640.0,0.0,2025-02-08
T803655,2025-02,821916.0,493150.0,0.0,2025-03-22
T803655,2025-03,1657582.0,994549.0,0.0,2025-04-12
T803655,2025-04,376589.0,225953.0,0.0,2025-05-20
T803655,2025-05,666514.0,399908.0,0.0,2025-06-09
T803655,2025-06,632402.0,379441.0,0.0,2025-07-07
T803655,2025-07,452662.0,271597.0,0.0,2025-08-22
T803655,2025-08,488526.0,293115.0,0.0,2025-09-14
T803655,2025-09,787645.0,472587.0,0.0,2025-10-14
T803655,2025-10,641997.0,385198.0,0.0,2025-11-22
T803655,2025-11,184363.0,110618.0,0.0,2025-12-06
T803655,2025-12,328644.0,197186.0,0.0,2026-01-08
T803655,2026-01,339959.0,203975.0,0.0,2026-02-13
T803655,2026-02,418469.0,251081.0,0.0,2026-03-22
T803655,2026-03,199186.0,119511.0,0.0,2026-04-06
T803655,2026-04,431367.0,258820.0,0.0,2026-05-15
T803655,2026-05,726317.0,435790.0,0.0,2026-06-19
T803655,2026-06,423110.0,253866.0,0.0,2026-07-10
T803655,2026-07,471670.0,283002.0,0.0,2026-08-07
T803655,2026-08,202682.0,121609.0,0.0,2026-09-13
T803655,2026-09,168245.0,100947.0,0.0,2026-10-11
T701529,2024-10,77094943.0,51043252.0,5317539.0,2024-11-12
T701529,2024-11,34384919.0,22765671.0,2301391.0,2024-12-09
T701529,2024-12,23317474.0,15438103.0,1570521.0,2025-01-20
T701529,2025-01,39056109.0,25858386.0,2720696.0,2025-02-22
T701529,2025-02,21607511.0,14305966.0,1383140.0,2025-03-07
T701529,2025-03,17646748.0,11683612.0,1128822.0,2025-04-09
T701529,2025-04,69722234.0,46161907.0,4540153.0,2025-05-14
T701529,2025-05,23909430.0,15830027.0,1587383.0,2025-06-05
T701529,2025-06,12891130.0,8534998.0,792542.0,2025-07-18
T701529,2025-07,32601194.0,21584697.0,2166945.0,2025-08-21
T701529,2025-08,84765308.0,56121671.0,5592699.0,2025-09-06
T701529,2025-09,17143656.0,11350523.0,1111847.0,2025-10-14
T701529,2025-10,415990.0,249594.0,0.0,2025-11-18
T701529,2025-11,21626693.0,14318666.0,1306512.0,2025-12-05
T701529,2025-12,36510999.0,24173313.0,2416411.0,2026-01-12
T701529,2026-01,10240221.0,6779876.0,671181.0,2026-02-20
T701529,2026-02,47112831.0,31192605.0,3240736.0,2026-03-16
T701529,2026-03,7507034.0,4970280.0,483379.0,2026-04-17
T701529,2026-04,79797747.0,52832733.0,5401382.0,2026-05-14
T701529,2026-05,28068105.0,18583416.0,1940061.0,2026-06-22
T701529,2026-06,20130489.0,13328055.0,1335261.0,2026-07-14
T701529,2026-07,12852135.0,8509180.0,799729.0,2026-08-21
T701529,2026-08,10651314.0,7052054.0,660371.0,2026-09-09
T701529,2026-09,50142155.0,33198269.0,3426318.0,2026-10-14
T1147,2024-10,465314.0,279188.0,0.0,2024-11-22
T1147,2024-11,67969333.0,40285868.0,3816724.0,2024-12-16
T1147,2024-12,57664178.0,34177935.0,3132442.0,2025-01-18
T1147,2025-01,251557.0,150934.0,0.0,2025-02-18
T1147,2025-02,598350.0,359010.0,0.0,2025-03-06
T1147,2025-03,12611153.0,7474713.0,727594.0,2025-04-19
T1147,2025-04,251835.0,151101.0,0.0,2025-05-11
T1147,2025-05,235806.0,141483.0,0.0,2025-06-22
T1147,2025-06,392608.0,235565.0,0.0,2025-07-10
T1147,2025-07,559282.0,335569.0,0.0,2025-08-14
T1147,2025-08,237391.0,142435.0,0.0,2025-09-21
T1147,2025-09,407656.0,244594.0,0.0,2025-10-16
T1147,2025-10,31226262.0,18508010.0,1806784.0,2025-11-23
T1147,2025-11,513492.0,308095.0,0.0,2025-12-13
T1147,2025-12,381355.0,228813.0,0.0,2026-01-19
T1147,2026-01,312661.0,187597.0,0.0,2026-02-17
T1147,2026-02,12294280.0,7286900.0,646888.0,2026-03-05
T1147,2026-03,493907.0,296344.0,0.0,2026-04-15
T1147,2026-04,409826.0,245896.0,0.0,2026-05-07
T1147,2026-05,999752.0,599851.0,0.0,2026-06-21
T1147,2026-06,141031.0,84618.0,0.0,2026-07-20
T1147,2026-07,337582.0,202549.0,0.0,2026-08-21
T1147,2026-08,23857186.0,14140310.0,1261478.0,2026-09-06
T1147,2026-09,290928.0,174557.0,0.0,2026-10-19
T569123,2024-10,395919.0,237551.0,0.0,2024-11-14
T569123,2024-11,1884953.0,1209517.0,109686.0,2024-12-22
T569123,2024-12,246268.0,147761.0,0.0,2025-01-19
T569123,2025-01,298874.0,179325.0,0.0,2025-02-20
T569123,2025-02,406600.0,243960.0,0.0,2025-03-15
T569123,2025-03,341663.0,204998.0,0.0,2025-04-07
T569123,2025-04,209248.0,125549.0,0.0,2025-05-07
T569123,2025-05,463132.0,277879.0,0.0,2025-06-05
T569123,2025-06,7459167.0,4786323.0,432087.0,2025-07-05
T569123,2025-07,1069366.0,641620.0,0.0,2025-08-23
T569123,2025-08,170268.0,102161.0,0.0,2025-09-16
T569123,2025-09,328824.0,197295.0,0.0,2025-10-14
T569123,2025-10,719337.0,431602.0,0.0,2025-11-20
T569123,2025-11,8109867.0,5203858.0,456685.0,2025-12-16
T569123,2025-12,205414.0,123248.0,0.0,2026-01-21
T569123,2026-01,301233.0,180740.0,0.0,2026-02-23
T569123,2026-02,17271355.0,11082509.0,1142856.0,2026-03-23
T569123,2026-03,4035104.0,2589205.0,237709.0,2026-04-24
T569123,2026-04,10057204.0,6453405.0,570614.0,2026-05-11
T569123,2026-05,316334.0,189800.0,0.0,2026-06-20
T569123,2026-06,839523.0,503714.0,0.0,2026-07-13
T569123,2026-07,645958.0,387575.0,0.0,2026-08-20
T569123,2026-08,287617.0,172570.0,0.0,2026-09-09
T569123,2026-09,5785987.0,3712694.0,341245.0,2026-10-09
T227834,2024-10,17308201.0,11610502.0,1083920.0,2024-11-06
T227834,2024-11,40207481.0,26971552.0,2572224.0,2024-12-20
T227834,2024-12,9290103.0,6231887.0,570357.0,2025-01-09
T227834,2025-01,374653.0,224792.0,0.0,2025-02-08
T227834,2025-02,1551404.0,1040696.0,94651.0,2025-03-05
T227834,2025-03,27831731.0,18669784.0,1664733.0,2025-04-15
T227834,2025-04,13824000.0,9273267.0,903741.0,2025-05-08
T227834,2025-05,20896924.0,14017850.0,1248400.0,2025-06-22
T227834,2025-06,6760533.0,4535028.0,398631.0,2025-07-14
T227834,2025-07,14783500.0,9916909.0,938487.0,2025-08-24
T227834,2025-08,459434.0,275660.0,0.0,2025-09-14
T227834,2025-09,492259.0,295356.0,0.0,2025-10-12
T227834,2025-10,14357011.0,9630817.0,844198.0,2025-11-19
T227834,2025-11,373827.0,224296.0,0.0,2025-12-05
T227834,2025-12,659630.0,395778.0,0.0,2026-01-23
T227834,2026-01,369695.0,221817.0,0.0,2026-02-14
T227834,2026-02,547465.0,328479.0,0.0,2026-03-23
T227834,2026-03,457235.0,274341.0,0.0,2026-04-16
T227834,2026-04,356016.0,213610.0,0.0,2026-05-17
T227834,2026-05,326380.0,195828.0,0.0,2026-06-16
T227834,2026-06,526684.0,316010.0,0.0,2026-07-18
T227834,2026-07,18142656.0,12170262.0,1186280.0,2026-08-13
T227834,2026-08,16186458.0,10858027.0,986924.0,2026-09-17
T227834,2026-09,264621.0,158773.0,0.0,2026-10-14
T127594,2024-10,237178.0,142307.0,0.0,2024-11-05
T127594,2024-11,441414.0,264848.0,0.0,2024-12-18
T127594,2024-12,301362.0,180817.0,0.0,2025-01-05
T127594,2025-01,342538.0,205523.0,0.0,2025-02-21
T127594,2025-02,423051.0,253831.0,0.0,2025-03-14
T127594,2025-03,631424.0,378854.0,0.0,2025-04-22
T127594,2025-04,616133.0,369680.0,0.0,2025-05-20
T127594,2025-05,223270.0,133962.0,0.0,2025-06-07
T127594,2025-06,373153.0,223892.0,0.0,2025-07-06
T127594,2025-07,533604.0,320162.0,0.0,2025-08-06
T127594,2025-08,627916.0,376750.0,0.0,2025-09-22
T127594,2025-09,396196.0,237717.0,0.0,2025-10-22
T127594,2025-10,677508.0,406505.0,0.0,2025-11-13
T127594,2025-11,262671.0,157603.0,0.0,2025-12-19
T127594,2025-12,284878.0,170927.0,0.0,2026-01-16
T127594,2026-01,547971.0,328783.0,0.0,2026-02-21
T127594,2026-02,598621.0,359173.0,0.0,2026-03-12
T127594,2026-03,368978.0,221387.0,0.0,2026-04-19
T127594,2026-04,521177.0,312706.0,0.0,2026-05-23
T127594,2026-05,388263.0,232958.0,0.0,2026-06-19
T127594,2026-06,397845.0,238707.0,0.0,2026-07-22
T127594,2026-07,330791.0,198475.0,0.0,2026-08-17
T127594,2026-08,358780.0,215268.0,0.0,2026-09-22
T127594,2026-09,229201.0,137520.0,0.0,2026-10-11
T1068,2024-10,251444.0,150866.0,0.0,2024-11-23
T1068,2024-11,309740.0,185844.0,0.0,2024-12-12
T1068,2024-12,567949.0,340769.0,0.0,2025-01-05
T1068,2025-01,315036.0,189021.0,0.0,2025-02-19
T1068,2025-02,121738.0,73043.0,0.0,2025-03-08
T1068,2025-03,663275.0,397965.0,0.0,2025-04-14
T1068,2025-04,425206.0,255124.0,0.0,2025-05-14
T1068,2025-05,421368.0,252821.0,0.0,2025-06-14
T1068,2025-06,393735.0,236241.0,0.0,2025-07-05
T1068,2025-07,692491.0,415495.0,0.0,2025-08-08
T1068,2025-08,225632.0,135379.0,0.0,2025-09-11
T1068,2025-09,317548.0,190529.0,0.0,2025-10-10
T1068,2025-10,293570.0,176142.0,0.0,2025-11-08
T1068,2025-11,346818.0,208091.0,0.0,2025-12-15
T1068,2025-12,421540.0,252924.0,0.0,2026-01-24
T1068,2026-01,380097.0,228058.0,0.0,2026-02-15
T1068,2026-02,421729.0,253037.0,0.0,2026-03-22
T1068,2026-03,642754.0,385652.0,0.0,2026-04-17
T1068,2026-04,694307.0,416584.0,0.0,2026-05-05
T1068,2026-05,200749.0,120449.0,0.0,2026-06-22
T1068,2026-06,357345.0,214407.0,0.0,2026-07-19
T1068,2026-07,423902.0,254341.0,0.0,2026-08-24
T1068,2026-08,555754.0,333452.0,0.0,2026-09-13
T1068,2026-09,606595.0,363957.0,0.0,2026-10-08
T1082,2024-10,835613.0,501368.0,0.0,2024-11-10
T1082,2024-11,307246.0,184348.0,0.0,2024-12-24
T1082,2024-12,761681.0,457008.0,0.0,2025-01-12
T1082,2025-01,583253.0,349952.0,0.0,2025-02-16
T1082,2025-02,739061.0,443436.0,0.0,2025-03-21
T1082,2025-03,374888.0,224933.0,0.0,2025-04-12
T1082,2025-04,441098.0,264659.0,0.0,2025-05-05
T1082,2025-05,351708.0,211025.0,0.0,2025-06-16
T1082,2025-06,766082.0,459649.0,0.0,2025-07-11
T1082,2025-07,315763.0,189458.0,0.0,2025-08-16
T1082,2025-08,419959.0,251975.0,0.0,2025-09-11
T1082,2025-09,647882.0,388729.0,0.0,2025-10-12
T1082,2025-10,739462.0,443677.0,0.0,2025-11-12
T1082,2025-11,18775007.0,12393428.0,1146458.0,2025-12-14
T1082,2025-12,277466.0,166479.0,0.0,2026-01-12
T1082,2026-01,554989.0,332993.0,0.0,2026-02-24
T1082,2026-02,459000.0,275400.0,0.0,2026-03-16
T1082,2026-03,221101.0,132660.0,0.0,2026-04-19
T1082,2026-04,570839.0,342503.0,0.0,2026-05-12
T1082,2026-05,3736597.0,2466537.0,218509.0,2026-06-11
T1082,2026-06,264287.0,158572.0,0.0,2026-07-14
T1082,2026-07,905926.0,543555.0,0.0,2026-08-14
T1082,2026-08,229261.0,137556.0,0.0,2026-09-23
T1082,2026-09,8443889.0,5573832.0,500602.0,2026-10-24
T1061,2024-10,657599.0,394560.0,0.0,2024-11-21
T1061,2024-11,752065.0,451239.0,0.0,2024-12-18
T1061,2024-12,188630.0,113178.0,0.0,2025-01-09
T1061,2025-01,13661468.0,8926364.0,843684.0,2025-02-11
T1061,2025-02,7102589.0,4640811.0,425856.0,2025-03-14
T1061,2025-03,547348.0,328409.0,0.0,2025-04-19
T1061,2025-04,414821.0,248893.0,0.0,2025-05-18
T1061,2025-05,483687.0,290212.0,0.0,2025-06-07
T1061,2025-06,263123.0,157874.0,0.0,2025-07-12
T1061,2025-07,37719690.0,24645938.0,2205484.0,2025-08-13
T1061,2025-08,201312.0,120787.0,0.0,2025-09-17
T1061,2025-09,205246.0,123147.0,0.0,2025-10-11
T1061,2025-10,15560451.0,10167155.0,977279.0,2025-11-16
T1061,2025-11,28981984.0,18936746.0,1911191.0,2025-12-07
T1061,2025-12,6790254.0,4436733.0,408418.0,2026-01-19
T1061,2026-01,302996.0,181798.0,0.0,2026-02-16
T1061,2026-02,436452.0,261871.0,0.0,2026-03-24
T1061,2026-03,343871.0,206323.0,0.0,2026-04-14
T1061,2026-04,496734.0,298041.0,0.0,2026-05-16
T1061,2026-05,280485.0,168291.0,0.0,2026-06-23
T1061,2026-06,597448.0,358469.0,0.0,2026-07-06
T1061,2026-07,2526442.0,1650770.0,145897.0,2026-08-16
T1061,2026-08,501445.0,300867.0,0.0,2026-09-05
T1061,2026-09,45532212.0,29750618.0,2646279.0,2026-10-08
T1040,2024-10,193320.0,115992.0,0.0,2024-11-22
T1040,2024-11,298468.0,179081.0,0.0,2024-12-23
T1040,2024-12,971906.0,583143.0,0.0,2025-01-16
T1040,2025-01,304351.0,182611.0,0.0,2025-02-21
T1040,2025-02,743016.0,445810.0,0.0,2025-03-05
T1040,2025-03,397924.0,238755.0,0.0,2025-04-15
T1040,2025-04,309255.0,185553.0,0.0,2025-05-15
T1040,2025-05,438003.0,262802.0,0.0,2025-06-05
T1040,2025-06,450745.0,270447.0,0.0,2025-07-19
T1040,2025-07,318150.0,190890.0,0.0,2025-08-16
T1040,2025-08,739452.0,443671.0,0.0,2025-09-11
T1040,2025-09,373293.0,223976.0,0.0,2025-10-10
T1040,2025-10,360041.0,216024.0,0.0,2025-11-21
T1040,2025-11,246422.0,147853.0,0.0,2025-12-22
T1040,2025-12,1146213.0,687728.0,0.0,2026-01-05
T1040,2026-01,227596.0,136557.0,0.0,2026-02-22
T1040,2026-02,257856.0,154714.0,0.0,2026-03-13
T1040,2026-03,396826.0,238095.0,0.0,2026-04-23
T1040,2026-04,190338.0,114203.0,0.0,2026-05-21
T1040,2026-05,13476049.0,9544516.0,839284.0,2026-06-12
T1040,2026-06,466900.0,280140.0,0.0,2026-07-07
T1040,2026-07,6297858.0,4460507.0,416760.0,2026-08-19
T1040,2026-08,864111.0,518467.0,0.0,2026-09-13
T1040,2026-09,357561.0,214536.0,0.0,2026-10-19
T123298,2024-10,468534.0,281120.0,0.0,2024-11-05
T123298,2024-11,275550.0,165330.0,0.0,2024-12-21
T123298,2024-12,8390203.0,5974698.0,686815.0,2025-01-15
T123298,2025-01,175482.0,105289.0,0.0,2025-02-10
T123298,2025-02,407822.0,244693.0,0.0,2025-03-08
T123298,2025-03,501506.0,300903.0,0.0,2025-04-06
T123298,2025-04,434964.0,260978.0,0.0,2025-05-05
T123298,2025-05,180312.0,108187.0,0.0,2025-06-19
T123298,2025-06,368689.0,221214.0,0.0,2025-07-22
T123298,2025-07,216202.0,129721.0,0.0,2025-08-14
T123298,2025-08,5254304.0,3741612.0,334936.0,2025-09-05
T123298,2025-09,310050.0,186030.0,0.0,2025-10-15
T123298,2025-10,413720.0,248232.0,0.0,2025-11-12
T123298,2025-11,132412.0,79447.0,0.0,2025-12-14
T123298,2025-12,407965.0,244779.0,0.0,2026-01-11
T123298,2026-01,520687.0,312412.0,0.0,2026-02-16
T123298,2026-02,428917.0,257350.0,0.0,2026-03-08
T123298,2026-03,235842.0,141505.0,0.0,2026-04-09
T123298,2026-04,463937.0,278362.0,0.0,2026-05-15
T123298,2026-05,412744.0,247646.0,0.0,2026-06-17
T123298,2026-06,246925.0,148155.0,0.0,2026-07-24
T123298,2026-07,3203671.0,2281347.0,230519.0,2026-08-22
T123298,2026-08,362829.0,217697.0,0.0,2026-09-20
T123298,2026-09,389596.0,233757.0,0.0,2026-10-19
T297999,2024-10,326877.0,196126.0,0.0,2024-11-12
T297999,2024-11,578111.0,346866.0,0.0,2024-12-11
T297999,2024-12,310293.0,186176.0,0.0,2025-01-07
T297999,2025-01,291540.0,174924.0,0.0,2025-02-18
T297999,2025-02,711502.0,426901.0,0.0,2025-03-14
T297999,2025-03,340386.0,204232.0,0.0,2025-04-19
T297999,2025-04,327132.0,196279.0,0.0,2025-05-22
T297999,2025-05,934745.0,560847.0,0.0,2025-06-24
T297999,2025-06,438650.0,263190.0,0.0,2025-07-20
T297999,2025-07,497929.0,298757.0,0.0,2025-08-20
T297999,2025-08,495879.0,297528.0,0.0,2025-09-15
T297999,2025-09,448013.0,268808.0,0.0,2025-10-10
T297999,2025-10,542046.0,325227.0,0.0,2025-11-16
T297999,2025-11,408831.0,245299.0,0.0,2025-12-19
T297999,2025-12,451361.0,270816.0,0.0,2026-01-23
T297999,2026-01,521579.0,312947.0,0.0,2026-02-18
T297999,2026-02,159769.0,95861.0,0.0,2026-03-20
T297999,2026-03,247530.0,148518.0,0.0,2026-04-24
T297999,2026-04,356394.0,213836.0,0.0,2026-05-10
T297999,2026-05,363684.0,218210.0,0.0,2026-06-14
T297999,2026-06,642445.0,385467.0,0.0,2026-07-17
T297999,2026-07,515156.0,309094.0,0.0,2026-08-10
T297999,2026-08,600153.0,360092.0,0.0,2026-09-22
T297999,2026-09,638434.0,383061.0,0.0,2026-10-15
T728448,2024-10,415518.0,249311.0,0.0,2024-11-09
T728448,2024-11,285893.0,171536.0,0.0,2024-12-17
T728448,2024-12,631747.0,379048.0,0.0,2025-01-12
T728448,2025-01,265603.0,159362.0,0.0,2025-02-17
T728448,2025-02,233309.0,139985.0,0.0,2025-03-17
T728448,2025-03,296582.0,177949.0,0.0,2025-04-18
T728448,2025-04,376916.0,226149.0,0.0,2025-05-21
T728448,2025-05,544208.0,326525.0,0.0,2025-06-05
T728448,2025-06,520103.0,312062.0,0.0,2025-07-08
T728448,2025-07,287099.0,172260.0,0.0,2025-08-16
T728448,2025-08,343648.0,206189.0,0.0,2025-09-17
T728448,2025-09,853184.0,511911.0,0.0,2025-10-08
T728448,2025-10,461983.0,277190.0,0.0,2025-11-14
T728448,2025-11,1178077.0,706846.0,0.0,2025-12-12
T728448,2025-12,277126.0,166275.0,0.0,2026-01-12
T728448,2026-01,429269.0,257561.0,0.0,2026-02-13
T728448,2026-02,271060.0,162636.0,0.0,2026-03-20
T728448,2026-03,710458.0,426275.0,0.0,2026-04-23
T728448,2026-04,522721.0,313633.0,0.0,2026-05-23
T728448,2026-05,219202.0,131521.0,0.0,2026-06-06
T728448,2026-06,249377.0,149626.0,0.0,2026-07-18
T728448,2026-07,347101.0,208261.0,0.0,2026-08-23
T728448,2026-08,175513.0,105308.0,0.0,2026-09-13
T728448,2026-09,399604.0,239762.0,0.0,2026-10-17
T1077,2024-10,1078469.0,647081.0,0.0,2024-11-21
T1077,2024-11,156038.0,93623.0,0.0,2024-12-07
T1077,2024-12,252980.0,151788.0,0.0,2025-01-08
T1077,2025-01,643303.0,385982.0,0.0,2025-02-07
T1077,2025-02,670233.0,402140.0,0.0,2025-03-07
T1077,2025-03,748087.0,448852.0,0.0,2025-04-12
T1077,2025-04,526007.0,315604.0,0.0,2025-05-22
T1077,2025-05,678851.0,407311.0,0.0,2025-06-20
T1077,2025-06,31337213.0,17971007.0,1908763.0,2025-07-11
T1077,2025-07,166603.0,99962.0,0.0,2025-08-20
T1077,2025-08,392698.0,235619.0,0.0,2025-09-13
T1077,2025-09,291503.0,174902.0,0.0,2025-10-16
T1077,2025-10,592917.0,355750.0,0.0,2025-11-24
T1077,2025-11,211694.0,127016.0,0.0,2025-12-08
T1077,2025-12,710640.0,426384.0,0.0,2026-01-18
T1077,2026-01,422458.0,253475.0,0.0,2026-02-16
T1077,2026-02,639708.0,383825.0,0.0,2026-03-21
T1077,2026-03,232663.0,139598.0,0.0,2026-04-07
T1077,2026-04,467378.0,280427.0,0.0,2026-05-17
T1077,2026-05,518459.0,311075.0,0.0,2026-06-18
T1077,2026-06,609195.0,365517.0,0.0,2026-07-20
T1077,2026-07,565905.0,339543.0,0.0,2026-08-16
T1077,2026-08,10229030.0,5866060.0,634368.0,2026-09-24
T1077,2026-09,212609.0,127566.0,0.0,2026-10-21
T1173,2024-10,185573.0,111344.0,0.0,2024-11-19
T1173,2024-11,11349464.0,7939536.0,839942.0,2024-12-15
T1173,2024-12,4397632.0,3076371.0,339509.0,2025-01-10
T1173,2025-01,278571.0,167143.0,0.0,2025-02-06
T1173,2025-02,1229491.0,860092.0,95097.0,2025-03-24
T1173,2025-03,469745.0,281847.0,0.0,2025-04-07
T1173,2025-04,487020.0,292212.0,0.0,2025-05-06
T1173,2025-05,151184.0,90710.0,0.0,2025-06-09
T1173,2025-06,329798.0,197879.0,0.0,2025-07-23
T1173,2025-07,146004.0,87603.0,0.0,2025-08-22
T1173,2025-08,589124.0,353474.0,0.0,2025-09-12
T1173,2025-09,715078.0,429047.0,0.0,2025-10-17
T1173,2025-10,36040144.0,25211943.0,2651254.0,2025-11-22
T1173,2025-11,271233.0,162740.0,0.0,2025-12-16
T1173,2025-12,448071.0,268842.0,0.0,2026-01-15
T1173,2026-01,228105.0,136863.0,0.0,2026-02-09
T1173,2026-02,6390696.0,4470622.0,494504.0,2026-03-12
T1173,2026-03,472906.0,283743.0,0.0,2026-04-22
T1173,2026-04,5148292.0,3601496.0,320614.0,2026-05-11
T1173,2026-05,323635.0,194181.0,0.0,2026-06-15
T1173,2026-06,481431.0,288858.0,0.0,2026-07-09
T1173,2026-07,352021.0,211213.0,0.0,2026-08-07
T1173,2026-08,426402.0,255841.0,0.0,2026-09-17
T1173,2026-09,712322.0,427393.0,0.0,2026-10-24
T127611,2024-10,559600.0,335760.0,0.0,2024-11-16
T127611,2024-11,444621.0,266773.0,0.0,2024-12-19
T127611,2024-12,595381.0,357229.0,0.0,2025-01-12
T127611,2025-01,2788041.0,1657317.0,198323.0,2025-02-16
T127611,2025-02,22180657.0,13185018.0,1299842.0,2025-03-15
T127611,2025-03,1084819.0,650891.0,0.0,2025-04-15
T127611,2025-04,406372.0,243823.0,0.0,2025-05-10
T127611,2025-05,230506.0,138303.0,0.0,2025-06-20
T127611,2025-06,386408.0,231845.0,0.0,2025-07-07
T127611,2025-07,290433.0,174260.0,0.0,2025-08-18
T127611,2025-08,81813642.0,48633113.0,4693820.0,2025-09-14
T127611,2025-09,224965.0,134979.0,0.0,2025-10-09
T127611,2025-10,81028.0,48617.0,0.0,2025-11-12
T127611,2025-11,257704.0,154623.0,0.0,2025-12-22
T127611,2025-12,9198084.0,5467688.0,655528.0,2026-01-10
T127611,2026-01,181077.0,108646.0,0.0,2026-02-16
T127611,2026-02,301234.0,180740.0,0.0,2026-03-18
T127611,2026-03,680701.0,408420.0,0.0,2026-04-22
T127611,2026-04,256360.0,153816.0,0.0,2026-05-16
T127611,2026-05,12703843.0,7551643.0,875548.0,2026-06-23
T127611,2026-06,165430.0,99258.0,0.0,2026-07-21
T127611,2026-07,584038.0,350423.0,0.0,2026-08-16
T127611,2026-08,294807.0,176884.0,0.0,2026-09-20
T127611,2026-09,6189635.0,3679353.0,358848.0,2026-10-05
T1132,2024-10,3890591.0,2633253.0,242927.0,2024-11-20
T1132,2024-11,4604986.0,3116774.0,294445.0,2024-12-11
T1132,2024-12,7805553.0,5283001.0,542997.0,2025-01-22
T1132,2025-01,598569.0,359141.0,0.0,2025-02-08
T1132,2025-02,525540.0,315324.0,0.0,2025-03-23
T1132,2025-03,12646373.0,8559393.0,848797.0,2025-04-24
T1132,2025-04,1346680.0,911468.0,95175.0,2025-05-07
T1132,2025-05,183525.0,110115.0,0.0,2025-06-13
T1132,2025-06,784205.0,470523.0,0.0,2025-07-17
T1132,2025-07,405275.0,243165.0,0.0,2025-08-15
T1132,2025-08,112028.0,67217.0,0.0,2025-09-09
T1132,2025-09,318547.0,191128.0,0.0,2025-10-07
T1132,2025-10,208446.0,125068.0,0.0,2025-11-12
T1132,2025-11,2932238.0,1984615.0,206248.0,2025-12-19
T1132,2025-12,236199.0,141719.0,0.0,2026-01-21
T1132,2026-01,669595.0,401757.0,0.0,2026-02-16
T1132,2026-02,580293.0,348176.0,0.0,2026-03-07
T1132,2026-03,493283.0,295970.0,0.0,2026-04-11
T1132,2026-04,271916.0,163149.0,0.0,2026-05-20
T1132,2026-05,274902.0,164941.0,0.0,2026-06-17
T1132,2026-06,396933.0,238160.0,0.0,2026-07-18
T1132,2026-07,387439.0,232463.0,0.0,2026-08-10
T1132,2026-08,537054.0,322232.0,0.0,2026-09-15
T1132,2026-09,525315.0,315189.0,0.0,2026-10-22
T843597,2024-10,572408.0,343445.0,0.0,2024-11-05
T843597,2024-11,562426.0,337456.0,0.0,2024-12-17
T843597,2024-12,627196.0,376318.0,0.0,2025-01-11
T843597,2025-01,656810.0,394086.0,0.0,2025-02-20
T843597,2025-02,524693.0,314816.0,0.0,2025-03-14
T843597,2025-03,450913.0,270548.0,0.0,2025-04-15
T843597,2025-04,14886840.0,9906177.0,1019718.0,2025-05-07
T843597,2025-05,318815.0,191289.0,0.0,2025-06-10
T843597,2025-06,336340.0,201804.0,0.0,2025-07-22
T843597,2025-07,267406.0,160443.0,0.0,2025-08-09
T843597,2025-08,357887.0,214732.0,0.0,2025-09-11
T843597,2025-09,19217243.0,12787766.0,1261700.0,2025-10-16
T843597,2025-10,303299.0,181979.0,0.0,2025-11-14
T843597,2025-11,858733.0,515240.0,0.0,2025-12-10
T843597,2025-12,12541373.0,8345429.0,881907.0,2026-01-11
T843597,2026-01,319962.0,191977.0,0.0,2026-02-18
T843597,2026-02,193516.0,116109.0,0.0,2026-03-22
T843597,2026-03,646627.0,387976.0,0.0,2026-04-22
T843597,2026-04,594007.0,356404.0,0.0,2026-05-11
T843597,2026-05,604009.0,362405.0,0.0,2026-06-05
T843597,2026-06,211596.0,126958.0,0.0,2026-07-12
T843597,2026-07,304452.0,182671.0,0.0,2026-08-06
T843597,2026-08,328797.0,197278.0,0.0,2026-09-19
T843597,2026-09,268784.0,161270.0,0.0,2026-10-11
T790133,2024-10,241585.0,144951.0,0.0,2024-11-16
T790133,2024-11,239176.0,143506.0,0.0,2024-12-17
T790133,2024-12,350100.0,210060.0,0.0,2025-01-07
T790133,2025-01,276260.0,165756.0,0.0,2025-02-09
T790133,2025-02,397963.0,238778.0,0.0,2025-03-16
T790133,2025-03,529821.0,317893.0,0.0,2025-04-05
T790133,2025-04,632795.0,379677.0,0.0,2025-05-07
T790133,2025-05,577647.0,346588.0,0.0,2025-06-22
T790133,2025-06,696909.0,418145.0,0.0,2025-07-10
T790133,2025-07,324279.0,194567.0,0.0,2025-08-07
T790133,2025-08,1015035.0,609021.0,0.0,2025-09-12
T790133,2025-09,1526146.0,915688.0,0.0,2025-10-06
T790133,2025-10,504816.0,302889.0,0.0,2025-11-12
T790133,2025-11,855775.0,513465.0,0.0,2025-12-08
T790133,2025-12,427667.0,256600.0,0.0,2026-01-12
T790133,2026-01,211657.0,126994.0,0.0,2026-02-20
T790133,2026-02,586680.0,352008.0,0.0,2026-03-14
T790133,2026-03,223402.0,134041.0,0.0,2026-04-09
T790133,2026-04,250607.0,150364.0,0.0,2026-05-09
T790133,2026-05,319768.0,191861.0,0.0,2026-06-18
T790133,2026-06,449381.0,269629.0,0.0,2026-07-10
T790133,2026-07,439009.0,263405.0,0.0,2026-08-10
T790133,2026-08,368731.0,221239.0,0.0,2026-09-06
T790133,2026-09,256244.0,153746.0,0.0,2026-10-15
T701134,2024-10,58202104.0,34484191.0,7242223.0,2024-11-11
T701134,2024-11,170049296.0,100752585.0,20827849.0,2024-12-10
T701134,2024-12,327945736.0,194304718.0,40227685.0,2025-01-14
T701134,2025-01,215893276.0,127914705.0,27294960.0,2025-02-09
T701134,2025-02,196922577.0,116674747.0,24416168.0,2025-03-08
T701134,2025-03,164691050.0,97577875.0,20617414.0,2025-04-17
T701134,2025-04,148172088.0,87790548.0,18640360.0,2025-05-17
T701134,2025-05,85363415.0,50577009.0,10582198.0,2025-06-13
T701134,2025-06,172344118.0,102112245.0,21342243.0,2025-07-05
T701134,2025-07,10410780.0,6168288.0,1222544.0,2025-08-10
T701134,2025-08,208445484.0,123501960.0,25500728.0,2025-09-20
T701134,2025-09,217175610.0,128674476.0,27107515.0,2025-10-12
T701134,2025-10,32320954.0,19149857.0,4078061.0,2025-11-09
T701134,2025-11,233552759.0,138377781.0,29247874.0,2025-12-20
T701134,2025-12,180052189.0,106679203.0,22912519.0,2026-01-14
T701134,2026-01,33857933.0,20060502.0,4373551.0,2026-02-16
T701134,2026-02,178995797.0,106053301.0,22629449.0,2026-03-07
T701134,2026-03,94737108.0,56130832.0,11701891.0,2026-04-19
T701134,2026-04,183512847.0,108729611.0,23084389.0,2026-05-10
T701134,2026-05,92756264.0,54957201.0,11475794.0,2026-06-05
T701134,2026-06,72399351.0,42895924.0,9013298.0,2026-07-22
T701134,2026-07,286392906.0,169685064.0,35929795.0,2026-08-18
T701134,2026-08,238828177.0,141503415.0,30416662.0,2026-09-13
T701134,2026-09,158627692.0,93985393.0,20177508.0,2026-10-05
T602629,2024-10,379397.0,227638.0,0.0,2024-11-17
T602629,2024-11,172501.0,103501.0,0.0,2024-12-11
T602629,2024-12,457981.0,274789.0,0.0,2025-01-24
T602629,2025-01,301509.0,180905.0,0.0,2025-02-22
T602629,2025-02,285952.0,171571.0,0.0,2025-03-23
T602629,2025-03,1167789.0,700674.0,0.0,2025-04-21
T602629,2025-04,222430.0,133458.0,0.0,2025-05-13
T602629,2025-05,3651292.0,2331766.0,205313.0,2025-06-17
T602629,2025-06,276762.0,166057.0,0.0,2025-07-17
T602629,2025-07,321748.0,193049.0,0.0,2025-08-05
T602629,2025-08,169397.0,101638.0,0.0,2025-09-22
T602629,2025-09,375525.0,225315.0,0.0,2025-10-13
T602629,2025-10,182838.0,109703.0,0.0,2025-11-23
T602629,2025-11,762898.0,457739.0,0.0,2025-12-09
T602629,2025-12,606332.0,363799.0,0.0,2026-01-17
T602629,2026-01,394177.0,236506.0,0.0,2026-02-19
T602629,2026-02,274516.0,164709.0,0.0,2026-03-06
T602629,2026-03,405037.0,243022.0,0.0,2026-04-11
T602629,2026-04,882003.0,529202.0,0.0,2026-05-23
T602629,2026-05,362315.0,217389.0,0.0,2026-06-20
T602629,2026-06,243481.0,146089.0,0.0,2026-07-20
T602629,2026-07,607061.0,364236.0,0.0,2026-08-23
T602629,2026-08,487620.0,292572.0,0.0,2026-09-05
T602629,2026-09,435429.0,261257.0,0.0,2026-10-18
T1171,2024-10,197850.0,118710.0,0.0,2024-11-12
T1171,2024-11,24288531.0,16304116.0,1497830.0,2024-12-18
T1171,2024-12,8826319.0,5924826.0,528171.0,2025-01-17
T1171,2025-01,432557.0,259534.0,0.0,2025-02-15
T1171,2025-02,288740.0,173244.0,0.0,2025-03-17
T1171,2025-03,288112.0,172867.0,0.0,2025-04-06
T1171,2025-04,3836757.0,2575492.0,229556.0,2025-05-14
T1171,2025-05,324961.0,194977.0,0.0,2025-06-17
T1171,2025-06,149624.0,89774.0,0.0,2025-07-23
T1171,2025-07,513183.0,307910.0,0.0,2025-08-22
T1171,2025-08,1134064.0,680438.0,0.0,2025-09-13
T1171,2025-09,476679.0,286007.0,0.0,2025-10-20
T1171,2025-10,295214.0,177129.0,0.0,2025-11-06
T1171,2025-11,262693.0,157616.0,0.0,2025-12-17
T1171,2025-12,945214.0,567128.0,0.0,2026-01-17
T1171,2026-01,539650.0,323790.0,0.0,2026-02-18
T1171,2026-02,5929638.0,3980377.0,409524.0,2026-03-16
T1171,2026-03,15282497.0,10258653.0,936398.0,2026-04-10
T1171,2026-04,184087.0,110452.0,0.0,2026-05-19
T1171,2026-05,662271.0,397363.0,0.0,2026-06-07
T1171,2026-06,582940.0,349764.0,0.0,2026-07-12
T1171,2026-07,51698221.0,34703367.0,3286674.0,2026-08-12
T1171,2026-08,1020711.0,612426.0,0.0,2026-09-16
T1171,2026-09,3806099.0,2554913.0,224064.0,2026-10-22
T1011,2024-10,289412.0,173647.0,0.0,2024-11-19
T1011,2024-11,385949.0,231569.0,0.0,2024-12-23
T1011,2024-12,501433.0,300860.0,0.0,2025-01-14
T1011,2025-01,237383.0,142430.0,0.0,2025-02-06
T1011,2025-02,204884.0,122930.0,0.0,2025-03-18
T1011,2025-03,14409659.0,9512014.0,1040438.0,2025-04-12
T1011,2025-04,25884986.0,17087034.0,1719106.0,2025-05-17
T1011,2025-05,209231.0,125539.0,0.0,2025-06-11
T1011,2025-06,2959723.0,1953754.0,174576.0,2025-07-09
T1011,2025-07,138158.0,82895.0,0.0,2025-08-20
T1011,2025-08,241407.0,144844.0,0.0,2025-09-07
T1011,2025-09,674358.0,404615.0,0.0,2025-10-13
T1011,2025-10,403507.0,242104.0,0.0,2025-11-24
T1011,2025-11,296232.0,177739.0,0.0,2025-12-06
T1011,2025-12,234064.0,140439.0,0.0,2026-01-22
T1011,2026-01,533490.0,320094.0,0.0,2026-02-16
T1011,2026-02,742214.0,445328.0,0.0,2026-03-15
T1011,2026-03,507882.0,304729.0,0.0,2026-04-22
T1011,2026-04,751769.0,451061.0,0.0,2026-05-05
T1011,2026-05,484709.0,290825.0,0.0,2026-06-05
T1011,2026-06,329497.0,197698.0,0.0,2026-07-21
T1011,2026-07,294681.0,176808.0,0.0,2026-08-21
T1011,2026-08,437553.0,262532.0,0.0,2026-09-20
T1011,2026-09,7666425.0,5060712.0,511971.0,2026-10-15
T168372,2024-10,68266412.0,41256639.0,4152846.0,2024-11-05
T168372,2024-11,3484192.0,2105663.0,205051.0,2024-12-17
T168372,2024-12,30798638.0,18613082.0,1842472.0,2025-01-11
T168372,2025-01,42253379.0,25535726.0,2415419.0,2025-02-17
T168372,2025-02,7113148.0,4298814.0,409161.0,2025-03-14
T168372,2025-03,27116290.0,16387664.0,1503023.0,2025-04-13
T168372,2025-04,7828102.0,4730894.0,423371.0,2025-05-10
T168372,2025-05,15733703.0,9508625.0,930541.0,2025-06-22
T168372,2025-06,12316781.0,7443616.0,820917.0,2025-07-13
T168372,2025-07,36097358.0,21815350.0,2077576.0,2025-08-06
T168372,2025-08,6488762.0,3921467.0,388275.0,2025-09-18
T168372,2025-09,45782332.0,27668440.0,2815355.0,2025-10-10
T168372,2025-10,5855899.0,3538998.0,408134.0,2025-11-10
T168372,2025-11,24856451.0,15021935.0,1469067.0,2025-12-18
T168372,2025-12,44349650.0,26802603.0,2796479.0,2026-01-23
T168372,2026-01,28467467.0,17204244.0,1764898.0,2026-02-11
T168372,2026-02,10683294.0,6456423.0,623094.0,2026-03-22
T168372,2026-03,369860.0,221916.0,0.0,2026-04-14
T168372,2026-04,19751525.0,11936786.0,1190997.0,2026-05-17
T168372,2026-05,1794360.0,1084417.0,118053.0,2026-06-09
T168372,2026-06,20617625.0,12460211.0,1218892.0,2026-07-21
T168372,2026-07,5287411.0,3195434.0,336182.0,2026-08-06
T168372,2026-08,18121924.0,10951940.0,1197228.0,2026-09-24
T168372,2026-09,41439128.0,25043636.0,2510104.0,2026-10-23
T774597,2024-10,677812.0,406687.0,0.0,2024-11-14
T774597,2024-11,173753.0,104252.0,0.0,2024-12-12
T774597,2024-12,317868.0,190721.0,0.0,2025-01-16
T774597,2025-01,328781.0,197269.0,0.0,2025-02-10
T774597,2025-02,367596.0,220558.0,0.0,2025-03-06
T774597,2025-03,272281.0,163368.0,0.0,2025-04-13
T774597,2025-04,333484.0,200090.0,0.0,2025-05-11
T774597,2025-05,533910.0,320346.0,0.0,2025-06-15
T774597,2025-06,660814.0,396489.0,0.0,2025-07-15
T774597,2025-07,719019.0,431411.0,0.0,2025-08-05
T774597,2025-08,353522.0,212113.0,0.0,2025-09-14
T774597,2025-09,2153723.0,1292234.0,0.0,2025-10-14
T774597,2025-10,432853.0,259712.0,0.0,2025-11-23
T774597,2025-11,714268.0,428561.0,0.0,2025-12-11
T774597,2025-12,254676.0,152806.0,0.0,2026-01-21
T774597,2026-01,341166.0,204700.0,0.0,2026-02-16
T774597,2026-02,233982.0,140389.0,0.0,2026-03-16
T774597,2026-03,302586.0,181552.0,0.0,2026-04-19
T774597,2026-04,220535.0,132321.0,0.0,2026-05-16
T774597,2026-05,272650.0,163590.0,0.0,2026-06-17
T774597,2026-06,391496.0,234897.0,0.0,2026-07-19
T774597,2026-07,474616.0,284770.0,0.0,2026-08-19
T774597,2026-08,260750.0,156450.0,0.0,2026-09-24
T774597,2026-09,347455.0,208473.0,0.0,2026-10-08
T479401,2024-10,688346.0,413008.0,0.0,2024-11-24
T479401,2024-11,14003805.0,9115915.0,804174.0,2024-12-07
T479401,2024-12,14024886.0,9129638.0,908157.0,2025-01-05
T479401,2025-01,231763.0,139058.0,0.0,2025-02-22
T479401,2025-02,199610.0,119766.0,0.0,2025-03-14
T479401,2025-03,1144514.0,686709.0,0.0,2025-04-16
T479401,2025-04,345173.0,207104.0,0.0,2025-05-09
T479401,2025-05,618598.0,371159.0,0.0,2025-06-09
T479401,2025-06,276841.0,166105.0,0.0,2025-07-24
T479401,2025-07,19962748.0,12994948.0,1362647.0,2025-08-05
T479401,2025-08,312506.0,187504.0,0.0,2025-09-11
T479401,2025-09,907211.0,544327.0,0.0,2025-10-09
T479401,2025-10,304769.0,182862.0,0.0,2025-11-12
T479401,2025-11,201765.0,121059.0,0.0,2025-12-17
T479401,2025-12,231051.0,138631.0,0.0,2026-01-16
T479401,2026-01,279822.0,167893.0,0.0,2026-02-09
T479401,2026-02,245079.0,147048.0,0.0,2026-03-11
T479401,2026-03,347347.0,208408.0,0.0,2026-04-22
T479401,2026-04,17151680.0,11165056.0,1059002.0,2026-05-07
T479401,2026-05,3800398.0,2473907.0,240379.0,2026-06-13
T479401,2026-06,9451233.0,6152373.0,560375.0,2026-07-12
T479401,2026-07,386256.0,231754.0,0.0,2026-08-08
T479401,2026-08,17012320.0,11074338.0,1155472.0,2026-09-23
T479401,2026-09,463120.0,277872.0,0.0,2026-10-13
T838372,2024-10,132696970.0,82663756.0,8189238.0,2024-11-12
T838372,2024-11,97941503.0,61012791.0,6155019.0,2024-12-23
T838372,2024-12,238592.0,143155.0,0.0,2025-01-11
T838372,2025-01,249143.0,149486.0,0.0,2025-02-15
T838372,2025-02,85551394.0,53294356.0,5150463.0,2025-03-20
T838372,2025-03,175494.0,105297.0,0.0,2025-04-17
T838372,2025-04,331359.0,198815.0,0.0,2025-05-22
T838372,2025-05,682806.0,409684.0,0.0,2025-06-15
T838372,2025-06,18528212.0,11542175.0,1023957.0,2025-07-21
T838372,2025-07,392975.0,235785.0,0.0,2025-08-09
T838372,2025-08,446010.0,267606.0,0.0,2025-09-23
T838372,2025-09,53972585.0,33622295.0,3152744.0,2025-10-23
T838372,2025-10,366929.0,220158.0,0.0,2025-11-19
T838372,2025-11,62236118.0,38770073.0,3722924.0,2025-12-20
T838372,2025-12,291293.0,174776.0,0.0,2026-01-24
T838372,2026-01,264071.0,158443.0,0.0,2026-02-09
T838372,2026-02,74251838.0,46255283.0,4213215.0,2026-03-07
T838372,2026-03,725919.0,435551.0,0.0,2026-04-22
T838372,2026-04,619257.0,371554.0,0.0,2026-05-10
T838372,2026-05,741835.0,445101.0,0.0,2026-06-11
T838372,2026-06,45629689.0,28425076.0,2534724.0,2026-07-05
T838372,2026-07,525186.0,315112.0,0.0,2026-08-19
T838372,2026-08,191600.0,114960.0,0.0,2026-09-09
T838372,2026-09,379501.0,227700.0,0.0,2026-10-05
T431515,2024-10,643960.0,386376.0,0.0,2024-11-14
T431515,2024-11,1109331.0,665598.0,0.0,2024-12-05
T431515,2024-12,303265.0,181959.0,0.0,2025-01-11
T431515,2025-01,880251.0,528151.0,0.0,2025-02-13
T431515,2025-02,516918.0,310151.0,0.0,2025-03-10
T431515,2025-03,701917.0,421150.0,0.0,2025-04-18
T431515,2025-04,261213.0,156728.0,0.0,2025-05-17
T431515,2025-05,571736.0,343041.0,0.0,2025-06-24
T431515,2025-06,361466.0,216880.0,0.0,2025-07-11
T431515,2025-07,103803.0,62282.0,0.0,2025-08-10
T431515,2025-08,536195.0,321717.0,0.0,2025-09-16
T431515,2025-09,444275.0,266565.0,0.0,2025-10-05
T431515,2025-10,618858.0,371315.0,0.0,2025-11-12
T431515,2025-11,541555.0,324933.0,0.0,2025-12-18
T431515,2025-12,495905.0,297543.0,0.0,2026-01-07
T431515,2026-01,446839.0,268104.0,0.0,2026-02-10
T431515,2026-02,133452.0,80071.0,0.0,2026-03-22
T431515,2026-03,624367.0,374620.0,0.0,2026-04-24
T431515,2026-04,281314.0,168788.0,0.0,2026-05-12
T431515,2026-05,663210.0,397926.0,0.0,2026-06-22
T431515,2026-06,700712.0,420427.0,0.0,2026-07-20
T431515,2026-07,517400.0,310440.0,0.0,2026-08-06
T431515,2026-08,336295.0,201777.0,0.0,2026-09-17
T431515,2026-09,791277.0,474766.0,0.0,2026-10-05
T590993,2024-10,433191.0,259914.0,0.0,2024-11-20
T590993,2024-11,260316.0,156190.0,0.0,2024-12-12
T590993,2024-12,117466.0,70479.0,0.0,2025-01-09
T590993,2025-01,568351.0,341011.0,0.0,2025-02-11
T590993,2025-02,497491.0,298495.0,0.0,2025-03-09
T590993,2025-03,82509610.0,55975347.0,5351658.0,2025-04-16
T590993,2025-04,389466.0,233679.0,0.0,2025-05-05
T590993,2025-05,224162.0,134497.0,0.0,2025-06-18
T590993,2025-06,419564.0,251739.0,0.0,2025-07-19
T590993,2025-07,243200.0,145920.0,0.0,2025-08-20
T590993,2025-08,765838.0,459503.0,0.0,2025-09-07
T590993,2025-09,228592.0,137155.0,0.0,2025-10-13
T590993,2025-10,484010.0,290406.0,0.0,2025-11-16
T590993,2025-11,409672.0,245803.0,0.0,2025-12-11
T590993,2025-12,357366.0,214420.0,0.0,2026-01-11
T590993,2026-01,712864.0,427719.0,0.0,2026-02-15
T590993,2026-02,1236446.0,741868.0,0.0,2026-03-24
T590993,2026-03,372155.0,223293.0,0.0,2026-04-13
T590993,2026-04,211695.0,127017.0,0.0,2026-05-22
T590993,2026-05,371771.0,223062.0,0.0,2026-06-06
T590993,2026-06,434862.0,260917.0,0.0,2026-07-08
T590993,2026-07,437308.0,262385.0,0.0,2026-08-19
T590993,2026-08,38664102.0,26230114.0,2641953.0,2026-09-09
T590993,2026-09,302613.0,181568.0,0.0,2026-10-11
T131483,2024-10,772318.0,463391.0,0.0,2024-11-20
T131483,2024-11,164197.0,98518.0,0.0,2024-12-09
T131483,2024-12,2904703.0,2090094.0,192436.0,2025-01-15
T131483,2025-01,337012.0,202207.0,0.0,2025-02-11
T131483,2025-02,287631.0,172578.0,0.0,2025-03-16
T131483,2025-03,353653.0,212192.0,0.0,2025-04-08
T131483,2025-04,363000.0,217800.0,0.0,2025-05-15
T131483,2025-05,260853.0,156512.0,0.0,2025-06-24
T131483,2025-06,341414.0,204849.0,0.0,2025-07-17
T131483,2025-07,226138.0,135683.0,0.0,2025-08-24
T131483,2025-08,2506499.0,1803564.0,165500.0,2025-09-07
T131483,2025-09,188852.0,113311.0,0.0,2025-10-15
T131483,2025-10,836251.0,501751.0,0.0,2025-11-10
T131483,2025-11,194536.0,116722.0,0.0,2025-12-14
T131483,2025-12,599536.0,359722.0,0.0,2026-01-22
T131483,2026-01,608276.0,364966.0,0.0,2026-02-14
T131483,2026-02,1728015.0,1036809.0,0.0,2026-03-17
T131483,2026-03,179200.0,107520.0,0.0,2026-04-14
T131483,2026-04,511992.0,307195.0,0.0,2026-05-10
T131483,2026-05,322658.0,193595.0,0.0,2026-06-22
T131483,2026-06,447341.0,268404.0,0.0,2026-07-14
T131483,2026-07,407245.0,244347.0,0.0,2026-08-20
T131483,2026-08,10895788.0,7840120.0,762255.0,2026-09-10
T131483,2026-09,839273.0,503564.0,0.0,2026-10-16
T807987,2024-10,426680.0,256008.0,0.0,2024-11-15
T807987,2024-11,205203.0,123122.0,0.0,2024-12-10
T807987,2024-12,962091.0,577254.0,0.0,2025-01-11
T807987,2025-01,448939.0,269364.0,0.0,2025-02-21
T807987,2025-02,10664294.0,6450711.0,685434.0,2025-03-16
T807987,2025-03,537834.0,322700.0,0.0,2025-04-06
T807987,2025-04,265953.0,159572.0,0.0,2025-05-18
T807987,2025-05,482429.0,289458.0,0.0,2025-06-20
T807987,2025-06,226206.0,135724.0,0.0,2025-07-24
T807987,2025-07,281925.0,169155.0,0.0,2025-08-15
T807987,2025-08,406559.0,243935.0,0.0,2025-09-17
T807987,2025-09,623739.0,374244.0,0.0,2025-10-11
T807987,2025-10,534189.0,320513.0,0.0,2025-11-23
T807987,2025-11,260725.0,156435.0,0.0,2025-12-12
T807987,2025-12,506643.0,303986.0,0.0,2026-01-07
T807987,2026-01,378247.0,226948.0,0.0,2026-02-21
T807987,2026-02,338296.0,202978.0,0.0,2026-03-17
T807987,2026-03,627893.0,376736.0,0.0,2026-04-10
T807987,2026-04,238165.0,142899.0,0.0,2026-05-19
T807987,2026-05,732968.0,439781.0,0.0,2026-06-09
T807987,2026-06,4238165.0,2563618.0,226729.0,2026-07-22
T807987,2026-07,690734.0,414440.0,0.0,2026-08-10
T807987,2026-08,329315.0,197589.0,0.0,2026-09-21
T807987,2026-09,7474054.0,4520971.0,477356.0,2026-10-13
T812138,2024-10,373307.0,223984.0,0.0,2024-11-06
T812138,2024-11,950512.0,570307.0,0.0,2024-12-07
T812138,2024-12,193204.0,115922.0,0.0,2025-01-07
T812138,2025-01,202802.0,121681.0,0.0,2025-02-20
T812138,2025-02,520009.0,312005.0,0.0,2025-03-14
T812138,2025-03,571059.0,342636.0,0.0,2025-04-20
T812138,2025-04,301998.0,181199.0,0.0,2025-05-17
T812138,2025-05,208795.0,125277.0,0.0,2025-06-18
T812138,2025-06,273760.0,164256.0,0.0,2025-07-13
T812138,2025-07,110784.0,66470.0,0.0,2025-08-10
T812138,2025-08,141530.0,84918.0,0.0,2025-09-11
T812138,2025-09,462654.0,277593.0,0.0,2025-10-22
T812138,2025-10,277072.0,166243.0,0.0,2025-11-23
T812138,2025-11,543204.0,325923.0,0.0,2025-12-08
T812138,2025-12,347075.0,208245.0,0.0,2026-01-21
T812138,2026-01,292674.0,175604.0,0.0,2026-02-10
T812138,2026-02,230931.0,138558.0,0.0,2026-03-23
T812138,2026-03,446113.0,267668.0,0.0,2026-04-22
T812138,2026-04,322166.0,193300.0,0.0,2026-05-09
T812138,2026-05,559265.0,335559.0,0.0,2026-06-18
T812138,2026-06,406588.0,243953.0,0.0,2026-07-06
T812138,2026-07,528147.0,316888.0,0.0,2026-08-17
T812138,2026-08,305237.0,183142.0,0.0,2026-09-11
T812138,2026-09,220027.0,132016.0,0.0,2026-10-13
T856373,2024-10,804578.0,482747.0,0.0,2024-11-18
T856373,2024-11,383679.0,230207.0,0.0,2024-12-06
T856373,2024-12,170796.0,102478.0,0.0,2025-01-09
T856373,2025-01,361318.0,216791.0,0.0,2025-02-21
T856373,2025-02,587258.0,352355.0,0.0,2025-03-17
T856373,2025-03,845529.0,507318.0,0.0,2025-04-05
T856373,2025-04,237159.0,142295.0,0.0,2025-05-16
T856373,2025-05,797605.0,478563.0,0.0,2025-06-10
T856373,2025-06,328335.0,197001.0,0.0,2025-07-24
T856373,2025-07,522534.0,313521.0,0.0,2025-08-18
T856373,2025-08,1167764.0,700659.0,0.0,2025-09-14
T856373,2025-09,136416.0,81849.0,0.0,2025-10-08
T856373,2025-10,821005.0,492603.0,0.0,2025-11-06
T856373,2025-11,224314.0,134588.0,0.0,2025-12-23
T856373,2025-12,317625.0,190575.0,0.0,2026-01-09
T856373,2026-01,410316.0,246190.0,0.0,2026-02-09
T856373,2026-02,305596.0,183358.0,0.0,2026-03-23
T856373,2026-03,282617.0,169570.0,0.0,2026-04-23
T856373,2026-04,193630.0,116178.0,0.0,2026-05-08
T856373,2026-05,167366.0,100420.0,0.0,2026-06-12
T856373,2026-06,242824.0,145694.0,0.0,2026-07-18
T856373,2026-07,292099.0,175259.0,0.0,2026-08-14
T856373,2026-08,371446.0,222868.0,0.0,2026-09-09
T856373,2026-09,394926.0,236956.0,0.0,2026-10-14
T685144,2024-10,385056.0,231034.0,0.0,2024-11-20
T685144,2024-11,100682.0,60409.0,0.0,2024-12-14
T685144,2024-12,408707.0,245224.0,0.0,2025-01-12
T685144,2025-01,344769.0,206861.0,0.0,2025-02-13
T685144,2025-02,618158.0,370895.0,0.0,2025-03-18
T685144,2025-03,188609.0,113166.0,0.0,2025-04-18
T685144,2025-04,3345611.0,2383426.0,230532.0,2025-05-10
T685144,2025-05,1032609.0,619565.0,0.0,2025-06-13
T685144,2025-06,288013.0,172808.0,0.0,2025-07-21
T685144,2025-07,305825.0,183495.0,0.0,2025-08-13
T685144,2025-08,694337.0,416602.0,0.0,2025-09-19
T685144,2025-09,233179.0,139907.0,0.0,2025-10-17
T685144,2025-10,352546.0,211528.0,0.0,2025-11-09
T685144,2025-11,298032.0,178819.0,0.0,2025-12-18
T685144,2025-12,1747403.0,1048442.0,0.0,2026-01-10
T685144,2026-01,457860.0,274716.0,0.0,2026-02-24
T685144,2026-02,303070.0,181842.0,0.0,2026-03-19
T685144,2026-03,332157.0,199294.0,0.0,2026-04-12
T685144,2026-04,1762104.0,1255330.0,143230.0,2026-05-22
T685144,2026-05,456830.0,274098.0,0.0,2026-06-08
T685144,2026-06,909394.0,545636.0,0.0,2026-07-08
T685144,2026-07,461703.0,277022.0,0.0,2026-08-06
T685144,2026-08,373339.0,224003.0,0.0,2026-09-13
T685144,2026-09,256874.0,154124.0,0.0,2026-10-08
T1109,2024-10,301423.0,180854.0,0.0,2024-11-23
T1109,2024-11,1117855.0,670713.0,0.0,2024-12-08
T1109,2024-12,317148.0,190289.0,0.0,2025-01-08
T1109,2025-01,441488.0,264893.0,0.0,2025-02-09
T1109,2025-02,302553.0,181532.0,0.0,2025-03-23
T1109,2025-03,758637.0,455182.0,0.0,2025-04-05
T1109,2025-04,451509.0,270905.0,0.0,2025-05-15
T1109,2025-05,439107.0,263464.0,0.0,2025-06-14
T1109,2025-06,897685.0,538611.0,0.0,2025-07-24
T1109,2025-07,927059.0,556236.0,0.0,2025-08-19
T1109,2025-08,603117.0,361870.0,0.0,2025-09-08
T1109,2025-09,646329.0,387797.0,0.0,2025-10-21
T1109,2025-10,527403.0,316442.0,0.0,2025-11-24
T1109,2025-11,342392.0,205435.0,0.0,2025-12-20
T1109,2025-12,152953.0,91772.0,0.0,2026-01-19
T1109,2026-01,316837.0,190102.0,0.0,2026-02-09
T1109,2026-02,426336.0,255802.0,0.0,2026-03-06
T1109,2026-03,309274.0,185565.0,0.0,2026-04-11
T1109,2026-04,229424.0,137654.0,0.0,2026-05-14
T1109,2026-05,529088.0,317453.0,0.0,2026-06-16
T1109,2026-06,326723.0,196034.0,0.0,2026-07-13
T1109,2026-07,372342.0,223405.0,0.0,2026-08-13
T1109,2026-08,1030643.0,618386.0,0.0,2026-09-10
T1109,2026-09,572923.0,343754.0,0.0,2026-10-06
T1177,2024-10,238726.0,143236.0,0.0,2024-11-16
T1177,2024-11,297838.0,178703.0,0.0,2024-12-06
T1177,2024-12,332035.0,199221.0,0.0,2025-01-20
T1177,2025-01,318375.0,191025.0,0.0,2025-02-20
T1177,2025-02,433407.0,260044.0,0.0,2025-03-09
T1177,2025-03,21347675.0,13031347.0,1286410.0,2025-04-08
T1177,2025-04,894542.0,536725.0,0.0,2025-05-17
T1177,2025-05,591441.0,354865.0,0.0,2025-06-15
T1177,2025-06,169069.0,101442.0,0.0,2025-07-13
T1177,2025-07,6372575.0,3890037.0,405511.0,2025-08-19
T1177,2025-08,352794.0,211677.0,0.0,2025-09-13
T1177,2025-09,3121360.0,1905384.0,193192.0,2025-10-22
T1177,2025-10,8351358.0,5097953.0,533564.0,2025-11-20
T1177,2025-11,430293.0,258176.0,0.0,2025-12-23
T1177,2025-12,782198.0,469319.0,0.0,2026-01-16
T1177,2026-01,8605880.0,5253322.0,469438.0,2026-02-05
T1177,2026-02,6555127.0,4001473.0,401305.0,2026-03-16
T1177,2026-03,474112.0,284467.0,0.0,2026-04-09
T1177,2026-04,208341.0,125005.0,0.0,2026-05-13
T1177,2026-05,719033.0,431420.0,0.0,2026-06-19
T1177,2026-06,15669612.0,9565264.0,987425.0,2026-07-20
T1177,2026-07,715473.0,429284.0,0.0,2026-08-09
T1177,2026-08,6281647.0,3834531.0,350593.0,2026-09-09
T1177,2026-09,923104.0,553862.0,0.0,2026-10-08
T1034,2024-10,24390353.0,17093854.0,1594269.0,2024-11-07
T1034,2024-11,13371398.0,9371275.0,901207.0,2024-12-22
T1034,2024-12,7934505.0,5560857.0,527042.0,2025-01-16
T1034,2025-01,19033498.0,13339530.0,1297427.0,2025-02-15
T1034,2025-02,428649.0,257189.0,0.0,2025-03-10
T1034,2025-03,399899.0,239939.0,0.0,2025-04-22
T1034,2025-04,417626.0,250576.0,0.0,2025-05-19
T1034,2025-05,343555.0,206133.0,0.0,2025-06-12
T1034,2025-06,360891.0,216534.0,0.0,2025-07-18
T1034,2025-07,253011.0,151807.0,0.0,2025-08-06
T1034,2025-08,11575362.0,8112533.0,742934.0,2025-09-19
T1034,2025-09,403149.0,241889.0,0.0,2025-10-17
T1034,2025-10,555707.0,333424.0,0.0,2025-11-22
T1034,2025-11,647777.0,388666.0,0.0,2025-12-24
T1034,2025-12,251727.0,151036.0,0.0,2026-01-15
T1034,2026-01,353483.0,212090.0,0.0,2026-02-20
T1034,2026-02,113893.0,68336.0,0.0,2026-03-12
T1034,2026-03,504360.0,302616.0,0.0,2026-04-09
T1034,2026-04,311950.0,187170.0,0.0,2026-05-19
T1034,2026-05,469152.0,281491.0,0.0,2026-06-19
T1034,2026-06,2685778.0,1882314.0,175732.0,2026-07-09
T1034,2026-07,217354.0,130412.0,0.0,2026-08-16
T1034,2026-08,499392.0,299635.0,0.0,2026-09-05
T1034,2026-09,452487.0,271492.0,0.0,2026-10-22
T561999,2024-10,914309.0,548585.0,0.0,2024-11-22
T561999,2024-11,429030.0,257418.0,0.0,2024-12-16
T561999,2024-12,362908.0,217745.0,0.0,2025-01-10
T561999,2025-01,199010.0,119406.0,0.0,2025-02-07
T561999,2025-02,272780.0,163668.0,0.0,2025-03-23
T561999,2025-03,668652.0,401191.0,0.0,2025-04-05
T561999,2025-04,280317.0,168190.0,0.0,2025-05-21
T561999,2025-05,267835.0,160701.0,0.0,2025-06-10
T561999,2025-06,519979.0,311987.0,0.0,2025-07-11
T561999,2025-07,267528.0,160517.0,0.0,2025-08-20
T561999,2025-08,407762.0,244657.0,0.0,2025-09-20
T561999,2025-09,474738.0,284843.0,0.0,2025-10-05
T561999,2025-10,259297.0,155578.0,0.0,2025-11-10
T561999,2025-11,427774.0,256665.0,0.0,2025-12-07
T561999,2025-12,179007.0,107404.0,0.0,2026-01-15
T561999,2026-01,316936.0,190162.0,0.0,2026-02-08
T561999,2026-02,578368.0,347021.0,0.0,2026-03-11
T561999,2026-03,597602.0,358561.0,0.0,2026-04-17
T561999,2026-04,221770.0,133062.0,0.0,2026-05-12
T561999,2026-05,17285474.0,11139157.0,1102365.0,2026-06-23
T561999,2026-06,265022.0,159013.0,0.0,2026-07-22
T561999,2026-07,558390.0,335034.0,0.0,2026-08-05
T561999,2026-08,518049.0,310829.0,0.0,2026-09-23
T561999,2026-09,592146.0,355287.0,0.0,2026-10-07
T622037,2024-10,245978.0,147587.0,0.0,2024-11-21
T622037,2024-11,287486.0,172491.0,0.0,2024-12-23
T622037,2024-12,522323.0,313394.0,0.0,2025-01-08
T622037,2025-01,574259.0,344556.0,0.0,2025-02-06
T622037,2025-02,309719.0,185831.0,0.0,2025-03-22
T622037,2025-03,292122.0,175273.0,0.0,2025-04-06
T622037,2025-04,758721.0,455233.0,0.0,2025-05-20
T622037,2025-05,552575.0,331545.0,0.0,2025-06-19
T622037,2025-06,1311038.0,786623.0,0.0,2025-07-13
T622037,2025-07,1125082.0,675049.0,0.0,2025-08-08
T622037,2025-08,554954.0,332972.0,0.0,2025-09-16
T622037,2025-09,242100.0,145260.0,0.0,2025-10-15
T622037,2025-10,296121.0,177673.0,0.0,2025-11-12
T622037,2025-11,339355.0,203613.0,0.0,2025-12-05
T622037,2025-12,304328.0,182597.0,0.0,2026-01-14
T622037,2026-01,417630.0,250578.0,0.0,2026-02-05
T622037,2026-02,719764.0,431858.0,0.0,2026-03-19
T622037,2026-03,589200.0,353520.0,0.0,2026-04-07
T622037,2026-04,177442.0,106465.0,0.0,2026-05-07
T622037,2026-05,365720.0,219432.0,0.0,2026-06-20
T622037,2026-06,246805.0,148083.0,0.0,2026-07-13
T622037,2026-07,294328.0,176597.0,0.0,2026-08-13
T622037,2026-08,452833.0,271700.0,0.0,2026-09-19
T622037,2026-09,115883.0,69530.0,0.0,2026-10-21
T301018,2024-10,609472.0,365683.0,0.0,2024-11-18
T301018,2024-11,437065.0,262239.0,0.0,2024-12-10
T301018,2024-12,395051.0,237031.0,0.0,2025-01-16
T301018,2025-01,574929.0,344957.0,0.0,2025-02-12
T301018,2025-02,606772.0,364063.0,0.0,2025-03-14
T301018,2025-03,2720565.0,1746109.0,158340.0,2025-04-10
T301018,2025-04,175847.0,105508.0,0.0,2025-05-16
T301018,2025-05,14639893.0,9396151.0,916157.0,2025-06-05
T301018,2025-06,341249.0,204750.0,0.0,2025-07-16
T301018,2025-07,188938.0,113363.0,0.0,2025-08-19
T301018,2025-08,385638.0,231383.0,0.0,2025-09-06
T301018,2025-09,620410.0,372246.0,0.0,2025-10-08
T301018,2025-10,23955772.0,15375253.0,1567558.0,2025-11-22
T301018,2025-11,482350.0,289410.0,0.0,2025-12-13
T301018,2025-12,386448.0,231869.0,0.0,2026-01-23
T301018,2026-01,101517.0,60910.0,0.0,2026-02-06
T301018,2026-02,470204.0,282122.0,0.0,2026-03-20
T301018,2026-03,12510950.0,8029757.0,772837.0,2026-04-05
T301018,2026-04,1014086.0,608452.0,0.0,2026-05-19
T301018,2026-05,519640.0,311784.0,0.0,2026-06-09
T301018,2026-06,1145691.0,687415.0,0.0,2026-07-05
T301018,2026-07,261526.0,156916.0,0.0,2026-08-07
T301018,2026-08,236004.0,141602.0,0.0,2026-09-21
T301018,2026-09,217228.0,130337.0,0.0,2026-10-19
T309378,2024-10,1397802.0,838681.0,0.0,2024-11-06
T309378,2024-11,1184376.0,783620.0,83732.0,2024-12-17
T309378,2024-12,610387.0,366232.0,0.0,2025-01-15
T309378,2025-01,76548902.0,50647133.0,5077548.0,2025-02-23
T309378,2025-02,61893384.0,40950587.0,4248668.0,2025-03-06
T309378,2025-03,205123.0,123074.0,0.0,2025-04-21
T309378,2025-04,26997220.0,17862200.0,1855542.0,2025-05-23
T309378,2025-05,49363664.0,32660534.0,3317359.0,2025-06-08
T309378,2025-06,676024.0,405614.0,0.0,2025-07-19
T309378,2025-07,21981472.0,14543625.0,1527293.0,2025-08-15
T309378,2025-08,363321.0,217993.0,0.0,2025-09-13
T309378,2025-09,8003386.0,5295289.0,514140.0,2025-10-05
T309378,2025-10,49279902.0,32605115.0,3349146.0,2025-11-19
T309378,2025-11,593419.0,356051.0,0.0,2025-12-23
T309378,2025-12,404634.0,242781.0,0.0,2026-01-14
T309378,2026-01,1651019.0,1092366.0,115065.0,2026-02-08
T309378,2026-02,71586001.0,47363523.0,4844844.0,2026-03-11
T309378,2026-03,50079548.0,33134186.0,3332900.0,2026-04-10
T309378,2026-04,85731120.0,56722373.0,5957294.0,2026-05-19
T309378,2026-05,8028031.0,5311595.0,500925.0,2026-06-14
T309378,2026-06,663358.0,398015.0,0.0,2026-07-23
T309378,2026-07,627780.0,376668.0,0.0,2026-08-09
T309378,2026-08,414463.0,248678.0,0.0,2026-09-21
T309378,2026-09,131058.0,78635.0,0.0,2026-10-21
T772899,2024-10,678245.0,406947.0,0.0,2024-11-08
T772899,2024-11,399511.0,239707.0,0.0,2024-12-24
T772899,2024-12,1288264.0,772958.0,0.0,2025-01-11
T772899,2025-01,230384.0,138231.0,0.0,2025-02-12
T772899,2025-02,560310.0,336186.0,0.0,2025-03-10
T772899,2025-03,568457.0,341074.0,0.0,2025-04-18
T772899,2025-04,208357.0,125014.0,0.0,2025-05-16
T772899,2025-05,400632.0,240379.0,0.0,2025-06-08
T772899,2025-06,510139.0,306083.0,0.0,2025-07-16
T772899,2025-07,1013919.0,608352.0,0.0,2025-08-20
T772899,2025-08,697826.0,418696.0,0.0,2025-09-22
T772899,2025-09,521168.0,312701.0,0.0,2025-10-18
T772899,2025-10,1234548.0,740729.0,0.0,2025-11-05
T772899,2025-11,643488.0,386093.0,0.0,2025-12-17
T772899,2025-12,294933.0,176960.0,0.0,2026-01-05
T772899,2026-01,255938.0,153563.0,0.0,2026-02-17
T772899,2026-02,174565.0,104739.0,0.0,2026-03-09
T772899,2026-03,302702.0,181621.0,0.0,2026-04-11
T772899,2026-04,393673.0,236204.0,0.0,2026-05-11
T772899,2026-05,497740.0,298644.0,0.0,2026-06-24
T772899,2026-06,701643.0,420986.0,0.0,2026-07-18
T772899,2026-07,413729.0,248238.0,0.0,2026-08-05
T772899,2026-08,820410.0,492246.0,0.0,2026-09-11
T772899,2026-09,341658.0,204995.0,0.0,2026-10-10
T779432,2024-10,304080.0,182448.0,0.0,2024-11-20
T779432,2024-11,345007.0,207004.0,0.0,2024-12-18
T779432,2024-12,338680.0,203208.0,0.0,2025-01-15
T779432,2025-01,624061.0,374437.0,0.0,2025-02-14
T779432,2025-02,121315.0,72789.0,0.0,2025-03-13
T779432,2025-03,351914.0,211148.0,0.0,2025-04-19
T779432,2025-04,459812.0,275887.0,0.0,2025-05-10
T779432,2025-05,168669.0,101201.0,0.0,2025-06-20
T779432,2025-06,419048.0,251429.0,0.0,2025-07-24
T779432,2025-07,665967.0,399580.0,0.0,2025-08-08
T779432,2025-08,725588.0,435353.0,0.0,2025-09-17
T779432,2025-09,396416.0,237849.0,0.0,2025-10-06
T779432,2025-10,534302.0,320581.0,0.0,2025-11-10
T779432,2025-11,215976.0,129586.0,0.0,2025-12-14
T779432,2025-12,485886.0,291532.0,0.0,2026-01-05
T779432,2026-01,487255.0,292353.0,0.0,2026-02-12
T779432,2026-02,601433.0,360860.0,0.0,2026-03-16
T779432,2026-03,153938.0,92363.0,0.0,2026-04-11
T779432,2026-04,452064.0,271239.0,0.0,2026-05-05
T779432,2026-05,303762.0,182257.0,0.0,2026-06-20
T779432,2026-06,482600.0,289560.0,0.0,2026-07-06
T779432,2026-07,417885.0,250731.0,0.0,2026-08-12
T779432,2026-08,476920.0,286152.0,0.0,2026-09-06
T779432,2026-09,248161.0,148897.0,0.0,2026-10-17
T527013,2024-10,359847.0,215908.0,0.0,2024-11-05
T527013,2024-11,590963.0,354578.0,0.0,2024-12-22
T527013,2024-12,575876.0,345525.0,0.0,2025-01-21
T527013,2025-01,403237.0,241942.0,0.0,2025-02-22
T527013,2025-02,466318.0,279791.0,0.0,2025-03-07
T527013,2025-03,415419.0,249251.0,0.0,2025-04-23
T527013,2025-04,549391.0,329635.0,0.0,2025-05-16
T527013,2025-05,438653.0,263192.0,0.0,2025-06-11
T527013,2025-06,569061.0,341437.0,0.0,2025-07-13
T527013,2025-07,430520.0,258312.0,0.0,2025-08-23
T527013,2025-08,625368.0,375221.0,0.0,2025-09-18
T527013,2025-09,374894.0,224936.0,0.0,2025-10-05
T527013,2025-10,528860.0,317316.0,0.0,2025-11-09
T527013,2025-11,551564.0,330938.0,0.0,2025-12-17
T527013,2025-12,283127.0,169876.0,0.0,2026-01-17
T527013,2026-01,558344.0,335006.0,0.0,2026-02-09
T527013,2026-02,227240.0,136344.0,0.0,2026-03-24
T527013,2026-03,430559.0,258335.0,0.0,2026-04-24
T527013,2026-04,1433748.0,860249.0,0.0,2026-05-10
T527013,2026-05,913939.0,548363.0,0.0,2026-06-13
T527013,2026-06,910813.0,546488.0,0.0,2026-07-20
T527013,2026-07,360876.0,216526.0,0.0,2026-08-22
T527013,2026-08,404482.0,242689.0,0.0,2026-09-11
T527013,2026-09,153184.0,91910.0,0.0,2026-10-21
T570899,2024-10,15493520.0,10700493.0,986945.0,2024-11-24
T570899,2024-11,141893.0,85136.0,0.0,2024-12-21
T570899,2024-12,754419.0,452651.0,0.0,2025-01-12
T570899,2025-01,53618651.0,37031354.0,3335798.0,2025-02-19
T570899,2025-02,65801337.0,45445243.0,4166378.0,2025-03-24
T570899,2025-03,33883292.0,23401264.0,2213608.0,2025-04-07
T570899,2025-04,11980521.0,8274264.0,737514.0,2025-05-09
T570899,2025-05,910158.0,546095.0,0.0,2025-06-22
T570899,2025-06,147317192.0,101743610.0,9094363.0,2025-07-10
T570899,2025-07,6058830.0,4184489.0,397974.0,2025-08-13
T570899,2025-08,460894.0,276536.0,0.0,2025-09-15
T570899,2025-09,18928656.0,13072947.0,1221859.0,2025-10-17
T570899,2025-10,20836141.0,14390338.0,1326291.0,2025-11-20
T570899,2025-11,47002895.0,32462228.0,2912691.0,2025-12-08
T570899,2025-12,43101058.0,29767450.0,2813559.0,2026-01-17
T570899,2026-01,26710783.0,18447620.0,1697579.0,2026-02-07
T570899,2026-02,7094177.0,4899545.0,451007.0,2026-03-05
T570899,2026-03,94242798.0,65088143.0,5798792.0,2026-04-19
T570899,2026-04,294105.0,176463.0,0.0,2026-05-05
T570899,2026-05,41654927.0,28768690.0,2584749.0,2026-06-23
T570899,2026-06,5211512.0,3599295.0,349817.0,2026-07-18
T570899,2026-07,22722765.0,15693322.0,1389656.0,2026-08-12
T570899,2026-08,67917632.0,46906847.0,4271801.0,2026-09-16
T570899,2026-09,19831273.0,13696333.0,1201667.0,2026-10-17
T1179,2024-10,2635259.0,1585179.0,160440.0,2024-11-05
T1179,2024-11,523418.0,314051.0,0.0,2024-12-07
T1179,2024-12,219927.0,131956.0,0.0,2025-01-23
T1179,2025-01,230633.0,138380.0,0.0,2025-02-06
T1179,2025-02,10572931.0,6359899.0,642751.0,2025-03-06
T1179,2025-03,242525.0,145515.0,0.0,2025-04-06
T1179,2025-04,24545823.0,14764965.0,1365295.0,2025-05-06
T1179,2025-05,254637.0,152782.0,0.0,2025-06-13
T1179,2025-06,298437.0,179062.0,0.0,2025-07-06
T1179,2025-07,11416128.0,6867105.0,618114.0,2025-08-21
T1179,2025-08,10495329.0,6313219.0,605459.0,2025-09-06
T1179,2025-09,506910.0,304146.0,0.0,2025-10-16
T1179,2025-10,231050.0,138630.0,0.0,2025-11-19
T1179,2025-11,390037.0,234022.0,0.0,2025-12-21
T1179,2025-12,9008031.0,5418570.0,525762.0,2026-01-17
T1179,2026-01,4137441.0,2488781.0,228968.0,2026-02-11
T1179,2026-02,18432587.0,11087691.0,1086643.0,2026-03-16
T1179,2026-03,252017.0,151210.0,0.0,2026-04-07
T1179,2026-04,547706.0,328624.0,0.0,2026-05-24
T1179,2026-05,368255.0,220953.0,0.0,2026-06-17
T1179,2026-06,595711.0,357426.0,0.0,2026-07-08
T1179,2026-07,404351.0,242611.0,0.0,2026-08-18
T1179,2026-08,6446275.0,3877606.0,344179.0,2026-09-05
T1179,2026-09,576632.0,345979.0,0.0,2026-10-07
T1188,2024-10,3173278.0,1901593.0,172513.0,2024-11-12
T1188,2024-11,11418975.0,6842843.0,599734.0,2024-12-24
T1188,2024-12,8871771.0,5316426.0,474690.0,2025-01-12
T1188,2025-01,10921394.0,6544667.0,574306.0,2025-02-09
T1188,2025-02,308902.0,185341.0,0.0,2025-03-07
T1188,2025-03,875621.0,525372.0,0.0,2025-04-21
T1188,2025-04,7218905.0,4325943.0,381371.0,2025-05-20
T1188,2025-05,4674233.0,2801043.0,257284.0,2025-06-13
T1188,2025-06,50170545.0,30064797.0,2694592.0,2025-07-16
T1188,2025-07,13519408.0,8101531.0,765969.0,2025-08-13
T1188,2025-08,5561918.0,3332990.0,305592.0,2025-09-06
T1188,2025-09,500769.0,300461.0,0.0,2025-10-23
T1188,2025-10,781384.0,468830.0,0.0,2025-11-20
T1188,2025-11,9189827.0,5507022.0,505192.0,2025-12-06
T1188,2025-12,7702632.0,4615817.0,420934.0,2026-01-13
T1188,2026-01,386123.0,231674.0,0.0,2026-02-16
T1188,2026-02,259599.0,155759.0,0.0,2026-03-24
T1188,2026-03,467409.0,280445.0,0.0,2026-04-09
T1188,2026-04,35162542.0,21071222.0,1946791.0,2026-05-13
T1188,2026-05,29102141.0,17439515.0,1687660.0,2026-06-13
T1188,2026-06,4570232.0,2738721.0,240888.0,2026-07-11
T1188,2026-07,20900446.0,12524633.0,1245315.0,2026-08-08
T1188,2026-08,27141846.0,16264804.0,1551034.0,2026-09-09
T1188,2026-09,26943892.0,16146180.0,1535451.0,2026-10-18
T743511,2024-10,23358770.0,14748067.0,1293181.0,2024-11-14
T743511,2024-11,517438.0,310463.0,0.0,2024-12-11
T743511,2024-12,330039.0,198023.0,0.0,2025-01-19
T743511,2025-01,589319.0,353591.0,0.0,2025-02-18
T743511,2025-02,10768458.0,6798900.0,619664.0,2025-03-16
T743511,2025-03,328777.0,197266.0,0.0,2025-04-09
T743511,2025-04,17631029.0,11131733.0,990065.0,2025-05-23
T743511,2025-05,176507.0,105904.0,0.0,2025-06-22
T743511,2025-06,433031.0,259819.0,0.0,2025-07-24
T743511,2025-07,18961229.0,11971583.0,1066689.0,2025-08-09
T743511,2025-08,279348.0,167609.0,0.0,2025-09-12
T743511,2025-09,53943283.0,34058263.0,3023873.0,2025-10-24
T743511,2025-10,4709872.0,2973680.0,265336.0,2025-11-10
T743511,2025-11,36628137.0,23125970.0,2029026.0,2025-12-05
T743511,2025-12,539564.0,323739.0,0.0,2026-01-18
T743511,2026-01,484864.0,290918.0,0.0,2026-02-09
T743511,2026-02,683183.0,409910.0,0.0,2026-03-24
T743511,2026-03,920907.0,552544.0,0.0,2026-04-09
T743511,2026-04,297650.0,178590.0,0.0,2026-05-05
T743511,2026-05,516882.0,310129.0,0.0,2026-06-16
T743511,2026-06,147053.0,88232.0,0.0,2026-07-20
T743511,2026-07,498459.0,299075.0,0.0,2026-08-06
T743511,2026-08,318429.0,191057.0,0.0,2026-09-10
T743511,2026-09,180206.0,108123.0,0.0,2026-10-15
T638261,2024-10,532368.0,319421.0,0.0,2024-11-07
T638261,2024-11,301422.0,180853.0,0.0,2024-12-06
T638261,2024-12,229160.0,137496.0,0.0,2025-01-08
T638261,2025-01,411575.0,246945.0,0.0,2025-02-10
T638261,2025-02,546758.0,328055.0,0.0,2025-03-11
T638261,2025-03,193711.0,116227.0,0.0,2025-04-19
T638261,2025-04,864001.0,518400.0,0.0,2025-05-22
T638261,2025-05,661785.0,397071.0,0.0,2025-06-13
T638261,2025-06,450751.0,270451.0,0.0,2025-07-22
T638261,2025-07,569696.0,341817.0,0.0,2025-08-16
T638261,2025-08,279157.0,167494.0,0.0,2025-09-10
T638261,2025-09,599401.0,359640.0,0.0,2025-10-23
T638261,2025-10,396965.0,238179.0,0.0,2025-11-19
T638261,2025-11,364275.0,218565.0,0.0,2025-12-11
T638261,2025-12,210995.0,126597.0,0.0,2026-01-18
T638261,2026-01,1066414.0,639848.0,0.0,2026-02-19
T638261,2026-02,925956.0,555574.0,0.0,2026-03-15
T638261,2026-03,223862.0,134317.0,0.0,2026-04-15
T638261,2026-04,498057.0,298834.0,0.0,2026-05-19
T638261,2026-05,404581.0,242749.0,0.0,2026-06-05
T638261,2026-06,436483.0,261890.0,0.0,2026-07-13
T638261,2026-07,490827.0,294496.0,0.0,2026-08-05
T638261,2026-08,140648.0,84389.0,0.0,2026-09-18
T638261,2026-09,418728.0,251237.0,0.0,2026-10-16
T474175,2024-10,456835.0,274101.0,0.0,2024-11-17
T474175,2024-11,307962.0,184777.0,0.0,2024-12-15
T474175,2024-12,812934.0,487760.0,0.0,2025-01-23
T474175,2025-01,544478.0,326687.0,0.0,2025-02-19
T474175,2025-02,313865.0,188319.0,0.0,2025-03-15
T474175,2025-03,549270.0,329562.0,0.0,2025-04-19
T474175,2025-04,518316.0,310990.0,0.0,2025-05-22
T474175,2025-05,551135.0,330681.0,0.0,2025-06-12
T474175,2025-06,311193.0,186716.0,0.0,2025-07-07
T474175,2025-07,260474.0,156284.0,0.0,2025-08-07
T474175,2025-08,589199.0,353519.0,0.0,2025-09-23
T474175,2025-09,252328.0,151397.0,0.0,2025-10-11
T474175,2025-10,533136.0,319882.0,0.0,2025-11-10
T474175,2025-11,425633.0,255380.0,0.0,2025-12-23
T474175,2025-12,494185.0,296511.0,0.0,2026-01-20
T474175,2026-01,880857.0,528514.0,0.0,2026-02-14
T474175,2026-02,422809.0,253686.0,0.0,2026-03-17
T474175,2026-03,435505.0,261303.0,0.0,2026-04-23
T474175,2026-04,499073.0,299444.0,0.0,2026-05-19
T474175,2026-05,317523.0,190514.0,0.0,2026-06-13
T474175,2026-06,384367.0,230620.0,0.0,2026-07-24
T474175,2026-07,631587.0,378952.0,0.0,2026-08-15
T474175,2026-08,221562.0,132937.0,0.0,2026-09-14
T474175,2026-09,285307.0,171184.0,0.0,2026-10-08
T525797,2024-10,481332.0,288799.0,0.0,2024-11-07
T525797,2024-11,272244.0,163346.0,0.0,2024-12-16
T525797,2024-12,384905.0,230943.0,0.0,2025-01-13
T525797,2025-01,816310.0,489786.0,0.0,2025-02-05
T525797,2025-02,354469.0,212681.0,0.0,2025-03-20
T525797,2025-03,671875.0,403125.0,0.0,2025-04-13
T525797,2025-04,624358.0,374615.0,0.0,2025-05-10
T525797,2025-05,364562.0,218737.0,0.0,2025-06-11
T525797,2025-06,297848.0,178709.0,0.0,2025-07-22
T525797,2025-07,455893.0,273536.0,0.0,2025-08-18
T525797,2025-08,323785.0,194271.0,0.0,2025-09-08
T525797,2025-09,448324.0,268994.0,0.0,2025-10-09
T525797,2025-10,415653.0,249392.0,0.0,2025-11-14
T525797,2025-11,429708.0,257825.0,0.0,2025-12-15
T525797,2025-12,389934.0,233960.0,0.0,2026-01-05
T525797,2026-01,437189.0,262313.0,0.0,2026-02-24
T525797,2026-02,525799.0,315479.0,0.0,2026-03-06
T525797,2026-03,267423.0,160454.0,0.0,2026-04-06
T525797,2026-04,461048.0,276629.0,0.0,2026-05-06
T525797,2026-05,663903.0,398342.0,0.0,2026-06-10
T525797,2026-06,344466.0,206679.0,0.0,2026-07-22
T525797,2026-07,168103.0,100862.0,0.0,2026-08-22
T525797,2026-08,230131.0,138078.0,0.0,2026-09-09
T525797,2026-09,311443.0,186866.0,0.0,2026-10-05
T574944,2024-10,389395.0,233637.0,0.0,2024-11-05
T574944,2024-11,400388.0,240233.0,0.0,2024-12-12
T574944,2024-12,168069.0,100841.0,0.0,2025-01-19
T574944,2025-01,292253.0,175352.0,0.0,2025-02-15
T574944,2025-02,632925.0,379755.0,0.0,2025-03-24
T574944,2025-03,643061.0,385837.0,0.0,2025-04-19
T574944,2025-04,352445.0,211467.0,0.0,2025-05-05
T574944,2025-05,666820.0,400092.0,0.0,2025-06-23
T574944,2025-06,334819.0,200891.0,0.0,2025-07-07
T574944,2025-07,364965.0,218979.0,0.0,2025-08-24
T574944,2025-08,317774.0,190664.0,0.0,2025-09-08
T574944,2025-09,945020.0,567012.0,0.0,2025-10-19
T574944,2025-10,278112.0,166867.0,0.0,2025-11-10
T574944,2025-11,792320.0,475392.0,0.0,2025-12-11
T574944,2025-12,966639.0,579984.0,0.0,2026-01-23
T574944,2026-01,236514.0,141909.0,0.0,2026-02-19
T574944,2026-02,211601.0,126961.0,0.0,2026-03-12
T574944,2026-03,466677.0,280006.0,0.0,2026-04-19
T574944,2026-04,356846.0,214108.0,0.0,2026-05-10
T574944,2026-05,433917.0,260350.0,0.0,2026-06-11
T574944,2026-06,367093.0,220256.0,0.0,2026-07-07
T574944,2026-07,343961.0,206376.0,0.0,2026-08-11
T574944,2026-08,592563.0,355538.0,0.0,2026-09-24
T574944,2026-09,413457.0,248074.0,0.0,2026-10-24
T531669,2024-10,331021.0,198613.0,0.0,2024-11-24
T531669,2024-11,1128612.0,677167.0,0.0,2024-12-18
T531669,2024-12,698817.0,419290.0,0.0,2025-01-13
T531669,2025-01,610520.0,366312.0,0.0,2025-02-06
T531669,2025-02,251647.0,150988.0,0.0,2025-03-08
T531669,2025-03,218847.0,131308.0,0.0,2025-04-08
T531669,2025-04,316092.0,189655.0,0.0,2025-05-12
T531669,2025-05,984951.0,590971.0,0.0,2025-06-17
T531669,2025-06,371414.0,222849.0,0.0,2025-07-09
T531669,2025-07,539202.0,323521.0,0.0,2025-08-13
T531669,2025-08,270154.0,162093.0,0.0,2025-09-12
T531669,2025-09,570346.0,342208.0,0.0,2025-10-19
T531669,2025-10,251728.0,151037.0,0.0,2025-11-14
T531669,2025-11,733089.0,439853.0,0.0,2025-12-16
T531669,2025-12,322153.0,193292.0,0.0,2026-01-20
T531669,2026-01,411649.0,246990.0,0.0,2026-02-09
T531669,2026-02,1153873.0,692324.0,0.0,2026-03-07
T531669,2026-03,829026.0,497416.0,0.0,2026-04-10
T531669,2026-04,227355.0,136413.0,0.0,2026-05-19
T531669,2026-05,585891.0,351535.0,0.0,2026-06-13
T531669,2026-06,655259.0,393155.0,0.0,2026-07-21
T531669,2026-07,916934.0,550160.0,0.0,2026-08-13
T531669,2026-08,371101.0,222660.0,0.0,2026-09-16
T531669,2026-09,240399.0,144240.0,0.0,2026-10-21
T193559,2024-10,245849.0,147510.0,0.0,2024-11-05
T193559,2024-11,555717.0,333430.0,0.0,2024-12-09
T193559,2024-12,287324.0,172394.0,0.0,2025-01-15
T193559,2025-01,483116.0,289870.0,0.0,2025-02-14
T193559,2025-02,304242.0,182545.0,0.0,2025-03-07
T193559,2025-03,410277.0,246166.0,0.0,2025-04-07
T193559,2025-04,166862.0,100117.0,0.0,2025-05-13
T193559,2025-05,624608.0,374765.0,0.0,2025-06-10
T193559,2025-06,386836.0,232102.0,0.0,2025-07-13
T193559,2025-07,639944.0,383966.0,0.0,2025-08-10
T193559,2025-08,384359.0,230616.0,0.0,2025-09-11
T193559,2025-09,393836.0,236301.0,0.0,2025-10-13
T193559,2025-10,430770.0,258462.0,0.0,2025-11-05
T193559,2025-11,946963.0,568178.0,0.0,2025-12-09
T193559,2025-12,183468.0,110081.0,0.0,2026-01-06
T193559,2026-01,379409.0,227645.0,0.0,2026-02-19
T193559,2026-02,934837.0,560902.0,0.0,2026-03-06
T193559,2026-03,543943.0,326366.0,0.0,2026-04-10
T193559,2026-04,583797.0,350278.0,0.0,2026-05-07
T193559,2026-05,138146.0,82888.0,0.0,2026-06-14
T193559,2026-06,304281.0,182569.0,0.0,2026-07-16
T193559,2026-07,121528.0,72917.0,0.0,2026-08-16
T193559,2026-08,137919.0,82751.0,0.0,2026-09-19
T193559,2026-09,823264.0,493959.0,0.0,2026-10-15
T230362,2024-10,452426.0,271456.0,0.0,2024-11-13
T230362,2024-11,225026.0,135015.0,0.0,2024-12-08
T230362,2024-12,83438.0,50063.0,0.0,2025-01-14
T230362,2025-01,318463.0,191078.0,0.0,2025-02-23
T230362,2025-02,547568.0,328541.0,0.0,2025-03-22
T230362,2025-03,711453.0,426872.0,0.0,2025-04-09
T230362,2025-04,204097.0,122458.0,0.0,2025-05-17
T230362,2025-05,361219.0,216731.0,0.0,2025-06-10
T230362,2025-06,180594.0,108356.0,0.0,2025-07-09
T230362,2025-07,165075.0,99045.0,0.0,2025-08-17
T230362,2025-08,307785.0,184671.0,0.0,2025-09-17
T230362,2025-09,767744.0,460646.0,0.0,2025-10-18
T230362,2025-10,348783.0,209270.0,0.0,2025-11-17
T230362,2025-11,380391.0,228235.0,0.0,2025-12-21
T230362,2025-12,420629.0,252377.0,0.0,2026-01-07
T230362,2026-01,327217.0,196330.0,0.0,2026-02-07
T230362,2026-02,481219.0,288732.0,0.0,2026-03-20
T230362,2026-03,319173.0,191504.0,0.0,2026-04-08
T230362,2026-04,547691.0,328615.0,0.0,2026-05-22
T230362,2026-05,1067969.0,640781.0,0.0,2026-06-08
T230362,2026-06,911789.0,547074.0,0.0,2026-07-09
T230362,2026-07,719770.0,431862.0,0.0,2026-08-15
T230362,2026-08,600368.0,360221.0,0.0,2026-09-17
T230362,2026-09,407730.0,244638.0,0.0,2026-10-10
T536544,2024-10,381944.0,229167.0,0.0,2024-11-09
T536544,2024-11,889924.0,533955.0,0.0,2024-12-08
T536544,2024-12,818148.0,490889.0,0.0,2025-01-24
T536544,2025-01,277645.0,166587.0,0.0,2025-02-16
T536544,2025-02,431031.0,258618.0,0.0,2025-03-08
T536544,2025-03,137814.0,82688.0,0.0,2025-04-15
T536544,2025-04,545416.0,327250.0,0.0,2025-05-11
T536544,2025-05,718548.0,431129.0,0.0,2025-06-24
T536544,2025-06,147267.0,88360.0,0.0,2025-07-10
T536544,2025-07,602022.0,361213.0,0.0,2025-08-08
T536544,2025-08,891344.0,534806.0,0.0,2025-09-24
T536544,2025-09,413331.0,247999.0,0.0,2025-10-15
T536544,2025-10,874296.0,524577.0,0.0,2025-11-24
T536544,2025-11,299066.0,179439.0,0.0,2025-12-22
T536544,2025-12,553310.0,331986.0,0.0,2026-01-21
T536544,2026-01,560790.0,336474.0,0.0,2026-02-24
T536544,2026-02,169858.0,101915.0,0.0,2026-03-13
T536544,2026-03,258900.0,155340.0,0.0,2026-04-19
T536544,2026-04,230049.0,138030.0,0.0,2026-05-21
T536544,2026-05,281712.0,169027.0,0.0,2026-06-20
T536544,2026-06,191651.0,114991.0,0.0,2026-07-16
T536544,2026-07,828116.0,496870.0,0.0,2026-08-16
T536544,2026-08,732257.0,439354.0,0.0,2026-09-21
T536544,2026-09,644023.0,386414.0,0.0,2026-10-11
T240576,2024-10,603639.0,362183.0,0.0,2024-11-15
T240576,2024-11,377406.0,226444.0,0.0,2024-12-19
T240576,2024-12,459812.0,275887.0,0.0,2025-01-18
T240576,2025-01,378275.0,226965.0,0.0,2025-02-06
T240576,2025-02,408653.0,245192.0,0.0,2025-03-20
T240576,2025-03,602396.0,361438.0,0.0,2025-04-17
T240576,2025-04,357816.0,214689.0,0.0,2025-05-06
T240576,2025-05,708576.0,425146.0,0.0,2025-06-13
T240576,2025-06,492896.0,295738.0,0.0,2025-07-16
T240576,2025-07,342686.0,205612.0,0.0,2025-08-08
T240576,2025-08,620751.0,372451.0,0.0,2025-09-09
T240576,2025-09,679437.0,407662.0,0.0,2025-10-18
T240576,2025-10,381457.0,228874.0,0.0,2025-11-08
T240576,2025-11,301292.0,180775.0,0.0,2025-12-24
T240576,2025-12,468306.0,280984.0,0.0,2026-01-09
T240576,2026-01,283151.0,169891.0,0.0,2026-02-09
T240576,2026-02,841518.0,504911.0,0.0,2026-03-05
T240576,2026-03,535175.0,321105.0,0.0,2026-04-15
T240576,2026-04,696103.0,417662.0,0.0,2026-05-09
T240576,2026-05,465336.0,279202.0,0.0,2026-06-17
T240576,2026-06,616722.0,370033.0,0.0,2026-07-13
T240576,2026-07,384973.0,230984.0,0.0,2026-08-07
T240576,2026-08,408601.0,245161.0,0.0,2026-09-06
T240576,2026-09,135711.0,81427.0,0.0,2026-10-11
T116588,2024-10,403121.0,241873.0,0.0,2024-11-17
T116588,2024-11,500869.0,300521.0,0.0,2024-12-10
T116588,2024-12,164372.0,98623.0,0.0,2025-01-17
T116588,2025-01,265436.0,159261.0,0.0,2025-02-05
T116588,2025-02,264093.0,158456.0,0.0,2025-03-19
T116588,2025-03,309298.0,185579.0,0.0,2025-04-24
T116588,2025-04,279553.0,167732.0,0.0,2025-05-24
T116588,2025-05,902099.0,541260.0,0.0,2025-06-13
T116588,2025-06,394992.0,236995.0,0.0,2025-07-19
T116588,2025-07,356477.0,213886.0,0.0,2025-08-08
T116588,2025-08,463266.0,277960.0,0.0,2025-09-13
T116588,2025-09,539389.0,323633.0,0.0,2025-10-13
T116588,2025-10,474639.0,284783.0,0.0,2025-11-20
T116588,2025-11,356408.0,213845.0,0.0,2025-12-13
T116588,2025-12,249889.0,149934.0,0.0,2026-01-17
T116588,2026-01,328191.0,196915.0,0.0,2026-02-19
T116588,2026-02,962428.0,577457.0,0.0,2026-03-20
T116588,2026-03,183533.0,110120.0,0.0,2026-04-22
T116588,2026-04,379713.0,227828.0,0.0,2026-05-11
T116588,2026-05,333399.0,200039.0,0.0,2026-06-10
T116588,2026-06,518438.0,311063.0,0.0,2026-07-16
T116588,2026-07,468840.0,281304.0,0.0,2026-08-10
T116588,2026-08,307000.0,184200.0,0.0,2026-09-09
T116588,2026-09,1022806.0,613684.0,0.0,2026-10-14
T606027,2024-10,880112.0,528067.0,0.0,2024-11-23
T606027,2024-11,241263.0,144758.0,0.0,2024-12-15
T606027,2024-12,540247.0,324148.0,0.0,2025-01-19
T606027,2025-01,360344.0,216207.0,0.0,2025-02-22
T606027,2025-02,506550.0,303930.0,0.0,2025-03-19
T606027,2025-03,237278.0,142367.0,0.0,2025-04-13
T606027,2025-04,195233.0,117140.0,0.0,2025-05-08
T606027,2025-05,223710.0,134226.0,0.0,2025-06-13
T606027,2025-06,262429.0,157457.0,0.0,2025-07-23
T606027,2025-07,677255.0,406353.0,0.0,2025-08-13
T606027,2025-08,614058.0,368435.0,0.0,2025-09-08
T606027,2025-09,270196.0,162118.0,0.0,2025-10-07
T606027,2025-10,851489.0,510893.0,0.0,2025-11-20
T606027,2025-11,366000.0,219600.0,0.0,2025-12-05
T606027,2025-12,377035.0,226221.0,0.0,2026-01-05
T606027,2026-01,422750.0,253650.0,0.0,2026-02-14
T606027,2026-02,245207.0,147124.0,0.0,2026-03-17
T606027,2026-03,538538.0,323123.0,0.0,2026-04-12
T606027,2026-04,675634.0,405380.0,0.0,2026-05-08
T606027,2026-05,303111.0,181867.0,0.0,2026-06-20
T606027,2026-06,315242.0,189145.0,0.0,2026-07-06
T606027,2026-07,541110.0,324666.0,0.0,2026-08-11
T606027,2026-08,547395.0,328437.0,0.0,2026-09-14
T606027,2026-09,425216.0,255129.0,0.0,2026-10-09
T581525,2024-10,354517.0,212710.0,0.0,2024-11-10
T581525,2024-11,651642.0,390985.0,0.0,2024-12-08
T581525,2024-12,866897.0,520138.0,0.0,2025-01-23
T581525,2025-01,568613.0,341168.0,0.0,2025-02-18
T581525,2025-02,313004.0,187802.0,0.0,2025-03-11
T581525,2025-03,286144.0,171686.0,0.0,2025-04-09
T581525,2025-04,741440.0,444864.0,0.0,2025-05-15
T581525,2025-05,798777.0,479266.0,0.0,2025-06-10
T581525,2025-06,628276.0,376966.0,0.0,2025-07-10
T581525,2025-07,232007.0,139204.0,0.0,2025-08-14
T581525,2025-08,389194.0,233516.0,0.0,2025-09-20
T581525,2025-09,408349.0,245009.0,0.0,2025-10-09
T581525,2025-10,558623.0,335174.0,0.0,2025-11-24
T581525,2025-11,351084.0,210650.0,0.0,2025-12-05
T581525,2025-12,397372.0,238423.0,0.0,2026-01-17
T581525,2026-01,448772.0,269263.0,0.0,2026-02-09
T581525,2026-02,371555.0,222933.0,0.0,2026-03-22
T581525,2026-03,162855.0,97713.0,0.0,2026-04-20
T581525,2026-04,363447.0,218068.0,0.0,2026-05-14
T581525,2026-05,265275.0,159165.0,0.0,2026-06-19
T581525,2026-06,609759.0,365855.0,0.0,2026-07-17
T581525,2026-07,780326.0,468196.0,0.0,2026-08-13
T581525,2026-08,292961.0,175777.0,0.0,2026-09-22
T581525,2026-09,941839.0,565103.0,0.0,2026-10-18
T139158,2024-10,240900.0,144540.0,0.0,2024-11-18
T139158,2024-11,672468.0,403481.0,0.0,2024-12-22
T139158,2024-12,142774.0,85664.0,0.0,2025-01-22
T139158,2025-01,163220.0,97932.0,0.0,2025-02-06
T139158,2025-02,787154.0,472292.0,0.0,2025-03-24
T139158,2025-03,177788.0,106673.0,0.0,2025-04-05
T139158,2025-04,375535.0,225321.0,0.0,2025-05-13
T139158,2025-05,588851.0,353311.0,0.0,2025-06-20
T139158,2025-06,495415.0,297249.0,0.0,2025-07-18
T139158,2025-07,398796.0,239278.0,0.0,2025-08-23
T139158,2025-08,659186.0,395512.0,0.0,2025-09-09
T139158,2025-09,417544.0,250526.0,0.0,2025-10-14
T139158,2025-10,510616.0,306369.0,0.0,2025-11-10
T139158,2025-11,353262.0,211957.0,0.0,2025-12-20
T139158,2025-12,451013.0,270608.0,0.0,2026-01-13
T139158,2026-01,378731.0,227238.0,0.0,2026-02-20
T139158,2026-02,314422.0,188653.0,0.0,2026-03-15
T139158,2026-03,716632.0,429979.0,0.0,2026-04-06
T139158,2026-04,298439.0,179063.0,0.0,2026-05-08
T139158,2026-05,254080.0,152448.0,0.0,2026-06-21
T139158,2026-06,305812.0,183487.0,0.0,2026-07-23
T139158,2026-07,255360.0,153216.0,0.0,2026-08-21
T139158,2026-08,988669.0,593201.0,0.0,2026-09-16
T139158,2026-09,390832.0,234499.0,0.0,2026-10-07
T208481,2024-10,495794.0,297476.0,0.0,2024-11-14
T208481,2024-11,229261.0,137557.0,0.0,2024-12-17
T208481,2024-12,533404.0,320042.0,0.0,2025-01-17
T208481,2025-01,351342.0,210805.0,0.0,2025-02-11
T208481,2025-02,160382.0,96229.0,0.0,2025-03-16
T208481,2025-03,418105.0,250863.0,0.0,2025-04-10
T208481,2025-04,625594.0,375357.0,0.0,2025-05-09
T208481,2025-05,321392.0,192835.0,0.0,2025-06-10
T208481,2025-06,725097.0,435058.0,0.0,2025-07-16
T208481,2025-07,143146.0,85888.0,0.0,2025-08-17
T208481,2025-08,807076.0,484246.0,0.0,2025-09-14
T208481,2025-09,172746.0,103647.0,0.0,2025-10-11
T208481,2025-10,319778.0,191867.0,0.0,2025-11-24
T208481,2025-11,660783.0,396470.0,0.0,2025-12-09
T208481,2025-12,315727.0,189436.0,0.0,2026-01-13
T208481,2026-01,126886.0,76131.0,0.0,2026-02-16
T208481,2026-02,212802.0,127681.0,0.0,2026-03-17
T208481,2026-03,605583.0,363350.0,0.0,2026-04-06
T208481,2026-04,475619.0,285371.0,0.0,2026-05-11
T208481,2026-05,921611.0,552967.0,0.0,2026-06-23
T208481,2026-06,303312.0,181987.0,0.0,2026-07-06
T208481,2026-07,677916.0,406750.0,0.0,2026-08-10
T208481,2026-08,310787.0,186472.0,0.0,2026-09-18
T208481,2026-09,434637.0,260782.0,0.0,2026-10-17
T834895,2024-10,238358.0,143015.0,0.0,2024-11-16
T834895,2024-11,362179.0,217307.0,0.0,2024-12-05
T834895,2024-12,167715.0,100629.0,0.0,2025-01-15
T834895,2025-01,682932.0,409759.0,0.0,2025-02-22
T834895,2025-02,234346.0,140608.0,0.0,2025-03-23
T834895,2025-03,248117.0,148870.0,0.0,2025-04-10
T834895,2025-04,322384.0,193431.0,0.0,2025-05-18
T834895,2025-05,529436.0,317662.0,0.0,2025-06-13
T834895,2025-06,269758.0,161855.0,0.0,2025-07-07
T834895,2025-07,1333702.0,800221.0,0.0,2025-08-18
T834895,2025-08,401704.0,241023.0,0.0,2025-09-22
T834895,2025-09,689951.0,413971.0,0.0,2025-10-07
T834895,2025-10,382568.0,229541.0,0.0,2025-11-14
T834895,2025-11,522542.0,313525.0,0.0,2025-12-07
T834895,2025-12,513444.0,308067.0,0.0,2026-01-18
T834895,2026-01,269795.0,161877.0,0.0,2026-02-19
T834895,2026-02,785605.0,471363.0,0.0,2026-03-24
T834895,2026-03,229221.0,137532.0,0.0,2026-04-06
T834895,2026-04,738026.0,442815.0,0.0,2026-05-19
T834895,2026-05,765596.0,459358.0,0.0,2026-06-19
T834895,2026-06,245133.0,147080.0,0.0,2026-07-18
T834895,2026-07,416528.0,249917.0,0.0,2026-08-20
T834895,2026-08,232289.0,139373.0,0.0,2026-09-09
T834895,2026-09,268620.0,161172.0,0.0,2026-10-09
T927351,2024-10,684973.0,410984.0,0.0,2024-11-17
T927351,2024-11,364808.0,218885.0,0.0,2024-12-24
T927351,2024-12,384000.0,230400.0,0.0,2025-01-05
T927351,2025-01,262317.0,157390.0,0.0,2025-02-24
T927351,2025-02,228454.0,137073.0,0.0,2025-03-17
T927351,2025-03,577606.0,346564.0,0.0,2025-04-05
T927351,2025-04,699048.0,419429.0,0.0,2025-05-23
T927351,2025-05,708344.0,425007.0,0.0,2025-06-13
T927351,2025-06,303371.0,182023.0,0.0,2025-07-23
T927351,2025-07,332119.0,199271.0,0.0,2025-08-07
T927351,2025-08,372135.0,223281.0,0.0,2025-09-06
T927351,2025-09,576367.0,345820.0,0.0,2025-10-09
T927351,2025-10,282279.0,169367.0,0.0,2025-11-22
T927351,2025-11,506384.0,303830.0,0.0,2025-12-13
T927351,2025-12,473118.0,283871.0,0.0,2026-01-12
T927351,2026-01,194601.0,116761.0,0.0,2026-02-17
T927351,2026-02,363799.0,218280.0,0.0,2026-03-11
T927351,2026-03,549322.0,329593.0,0.0,2026-04-15
T927351,2026-04,678812.0,407287.0,0.0,2026-05-08
T927351,2026-05,343810.0,206286.0,0.0,2026-06-10
T927351,2026-06,358895.0,215337.0,0.0,2026-07-14
T927351,2026-07,718919.0,431351.0,0.0,2026-08-10
T927351,2026-08,424472.0,254683.0,0.0,2026-09-19
T927351,2026-09,387359.0,232415.0,0.0,2026-10-16
T983105,2024-10,514897.0,308938.0,0.0,2024-11-05
T983105,2024-11,771318.0,462791.0,0.0,2024-12-15
T983105,2024-12,418267.0,250960.0,0.0,2025-01-09
T983105,2025-01,238015.0,142809.0,0.0,2025-02-11
T983105,2025-02,397195.0,238317.0,0.0,2025-03-14
T983105,2025-03,286796.0,172078.0,0.0,2025-04-24
T983105,2025-04,609599.0,365760.0,0.0,2025-05-10
T983105,2025-05,354701.0,212820.0,0.0,2025-06-17
T983105,2025-06,682851.0,409711.0,0.0,2025-07-06
T983105,2025-07,235664.0,141398.0,0.0,2025-08-17
T983105,2025-08,462766.0,277660.0,0.0,2025-09-08
T983105,2025-09,483769.0,290261.0,0.0,2025-10-10
T983105,2025-10,503576.0,302146.0,0.0,2025-11-05
T983105,2025-11,169025.0,101415.0,0.0,2025-12-06
T983105,2025-12,244806.0,146884.0,0.0,2026-01-21
T983105,2026-01,603071.0,361843.0,0.0,2026-02-17
T983105,2026-02,331720.0,199032.0,0.0,2026-03-22
T983105,2026-03,244696.0,146817.0,0.0,2026-04-10
T983105,2026-04,293315.0,175989.0,0.0,2026-05-20
T983105,2026-05,171235.0,102741.0,0.0,2026-06-18
T983105,2026-06,339286.0,203572.0,0.0,2026-07-14
T983105,2026-07,354098.0,212459.0,0.0,2026-08-22
T983105,2026-08,382899.0,229740.0,0.0,2026-09-20
T983105,2026-09,782841.0,469705.0,0.0,2026-10-09
T701142,2024-10,244056.0,146434.0,0.0,2024-11-19
T701142,2024-11,284323.0,170594.0,0.0,2024-12-15
T701142,2024-12,285388.0,171233.0,0.0,2025-01-10
T701142,2025-01,191494.0,114896.0,0.0,2025-02-09
T701142,2025-02,396543.0,237926.0,0.0,2025-03-11
T701142,2025-03,336154.0,201692.0,0.0,2025-04-10
T701142,2025-04,544821.0,326893.0,0.0,2025-05-08
T701142,2025-05,275143.0,165086.0,0.0,2025-06-08
T701142,2025-06,252098.0,151259.0,0.0,2025-07-24
T701142,2025-07,317367.0,190420.0,0.0,2025-08-19
T701142,2025-08,349076.0,209446.0,0.0,2025-09-17
T701142,2025-09,859249.0,515550.0,0.0,2025-10-19
T701142,2025-10,784473.0,470684.0,0.0,2025-11-14
T701142,2025-11,596709.0,358025.0,0.0,2025-12-18
T701142,2025-12,343855.0,206313.0,0.0,2026-01-07
T701142,2026-01,514273.0,308564.0,0.0,2026-02-12
T701142,2026-02,432869.0,259721.0,0.0,2026-03-18
T701142,2026-03,603652.0,362191.0,0.0,2026-04-17
T701142,2026-04,527911.0,316746.0,0.0,2026-05-07
T701142,2026-05,305549.0,183330.0,0.0,2026-06-09
T701142,2026-06,576180.0,345708.0,0.0,2026-07-11
T701142,2026-07,338516.0,203109.0,0.0,2026-08-13
T701142,2026-08,728719.0,437231.0,0.0,2026-09-11
T701142,2026-09,975044.0,585026.0,0.0,2026-10-10
T628713,2024-10,680096.0,408058.0,0.0,2024-11-07
T628713,2024-11,666827.0,400096.0,0.0,2024-12-06
T628713,2024-12,637814.0,382688.0,0.0,2025-01-17
T628713,2025-01,303897.0,182338.0,0.0,2025-02-18
T628713,2025-02,748640.0,449184.0,0.0,2025-03-20
T628713,2025-03,155946.0,93568.0,0.0,2025-04-08
T628713,2025-04,518170.0,310902.0,0.0,2025-05-08
T628713,2025-05,517627.0,310576.0,0.0,2025-06-13
T628713,2025-06,403377.0,242026.0,0.0,2025-07-17
T628713,2025-07,142803.0,85682.0,0.0,2025-08-14
T628713,2025-08,292573.0,175544.0,0.0,2025-09-06
T628713,2025-09,277407.0,166444.0,0.0,2025-10-16
T628713,2025-10,418466.0,251080.0,0.0,2025-11-09
T628713,2025-11,771139.0,462683.0,0.0,2025-12-13
T628713,2025-12,486171.0,291702.0,0.0,2026-01-20
T628713,2026-01,1258857.0,755314.0,0.0,2026-02-11
T628713,2026-02,350671.0,210403.0,0.0,2026-03-17
T628713,2026-03,619368.0,371621.0,0.0,2026-04-08
T628713,2026-04,403608.0,242165.0,0.0,2026-05-08
T628713,2026-05,541654.0,324992.0,0.0,2026-06-19
T628713,2026-06,154928.0,92957.0,0.0,2026-07-09
T628713,2026-07,313516.0,188110.0,0.0,2026-08-05
T628713,2026-08,942594.0,565556.0,0.0,2026-09-18
T628713,2026-09,330481.0,198288.0,0.0,2026-10-22
T393481,2024-10,443525.0,266115.0,0.0,2024-11-20
T393481,2024-11,978961.0,587377.0,0.0,2024-12-17
T393481,2024-12,354059.0,212435.0,0.0,2025-01-22
T393481,2025-01,594095.0,356457.0,0.0,2025-02-20
T393481,2025-02,736151.0,441690.0,0.0,2025-03-18
T393481,2025-03,608822.0,365293.0,0.0,2025-04-23
T393481,2025-04,750137.0,450082.0,0.0,2025-05-20
T393481,2025-05,1438078.0,862847.0,0.0,2025-06-06
T393481,2025-06,425937.0,255562.0,0.0,2025-07-23
T393481,2025-07,242013.0,145208.0,0.0,2025-08-23
T393481,2025-08,399903.0,239942.0,0.0,2025-09-24
T393481,2025-09,736891.0,442134.0,0.0,2025-10-21
T393481,2025-10,147236.0,88341.0,0.0,2025-11-20
T393481,2025-11,444192.0,266515.0,0.0,2025-12-05
T393481,2025-12,893322.0,535993.0,0.0,2026-01-17
T393481,2026-01,442313.0,265388.0,0.0,2026-02-21
T393481,2026-02,283843.0,170306.0,0.0,2026-03-21
T393481,2026-03,280466.0,168279.0,0.0,2026-04-05
T393481,2026-04,172481.0,103489.0,0.0,2026-05-15
T393481,2026-05,903990.0,542394.0,0.0,2026-06-13
T393481,2026-06,175165.0,105099.0,0.0,2026-07-21
T393481,2026-07,617105.0,370263.0,0.0,2026-08-18
T393481,2026-08,221131.0,132679.0,0.0,2026-09-20
T393481,2026-09,458773.0,275264.0,0.0,2026-10-18
T924984,2024-10,168502.0,101101.0,0.0,2024-11-17
T924984,2024-11,367269.0,220361.0,0.0,2024-12-07
T924984,2024-12,421372.0,252823.0,0.0,2025-01-10
T924984,2025-01,487439.0,292463.0,0.0,2025-02-15
T924984,2025-02,178212.0,106927.0,0.0,2025-03-10
T924984,2025-03,489882.0,293929.0,0.0,2025-04-17
T924984,2025-04,314140.0,188484.0,0.0,2025-05-05
T924984,2025-05,279993.0,167996.0,0.0,2025-06-10
T924984,2025-06,239051.0,143430.0,0.0,2025-07-05
T924984,2025-07,378308.0,226985.0,0.0,2025-08-19
T924984,2025-08,281209.0,168725.0,0.0,2025-09-06
T924984,2025-09,505994.0,303596.0,0.0,2025-10-19
T924984,2025-10,409954.0,245973.0,0.0,2025-11-15
T924984,2025-11,487050.0,292230.0,0.0,2025-12-13
T924984,2025-12,790798.0,474479.0,0.0,2026-01-23
T924984,2026-01,631847.0,379108.0,0.0,2026-02-18
T924984,2026-02,601423.0,360854.0,0.0,2026-03-11
T924984,2026-03,485567.0,291340.0,0.0,2026-04-14
T924984,2026-04,371841.0,223105.0,0.0,2026-05-11
T924984,2026-05,798965.0,479379.0,0.0,2026-06-21
T924984,2026-06,211356.0,126814.0,0.0,2026-07-08
T924984,2026-07,196602.0,117961.0,0.0,2026-08-07
T924984,2026-08,215902.0,129541.0,0.0,2026-09-06
T924984,2026-09,522529.0,313517.0,0.0,2026-10-19
T185632,2024-10,179474.0,107684.0,0.0,2024-11-24
T185632,2024-11,340263.0,204158.0,0.0,2024-12-12
T185632,2024-12,209674.0,125805.0,0.0,2025-01-13
T185632,2025-01,608837.0,365302.0,0.0,2025-02-24
T185632,2025-02,438000.0,262800.0,0.0,2025-03-09
T185632,2025-03,439263.0,263558.0,0.0,2025-04-15
T185632,2025-04,230628.0,138377.0,0.0,2025-05-11
T185632,2025-05,383849.0,230309.0,0.0,2025-06-14
T185632,2025-06,255419.0,153251.0,0.0,2025-07-13
T185632,2025-07,311934.0,187161.0,0.0,2025-08-22
T185632,2025-08,981861.0,589116.0,0.0,2025-09-12
T185632,2025-09,325044.0,195026.0,0.0,2025-10-15
T185632,2025-10,374479.0,224688.0,0.0,2025-11-09
T185632,2025-11,602027.0,361216.0,0.0,2025-12-15
T185632,2025-12,313068.0,187841.0,0.0,2026-01-24
T185632,2026-01,239689.0,143813.0,0.0,2026-02-11
T185632,2026-02,474770.0,284862.0,0.0,2026-03-13
T185632,2026-03,520872.0,312523.0,0.0,2026-04-09
T185632,2026-04,147972.0,88783.0,0.0,2026-05-21
T185632,2026-05,294646.0,176788.0,0.0,2026-06-08
T185632,2026-06,221914.0,133148.0,0.0,2026-07-21
T185632,2026-07,250476.0,150285.0,0.0,2026-08-05
T185632,2026-08,472880.0,283728.0,0.0,2026-09-20
T185632,2026-09,746566.0,447940.0,0.0,2026-10-08
T429841,2024-10,391974.0,235184.0,0.0,2024-11-24
T429841,2024-11,433734.0,260241.0,0.0,2024-12-11
T429841,2024-12,227428.0,136457.0,0.0,2025-01-24
T429841,2025-01,489767.0,293860.0,0.0,2025-02-24
T429841,2025-02,593510.0,356106.0,0.0,2025-03-18
T429841,2025-03,186657.0,111994.0,0.0,2025-04-05
T429841,2025-04,508311.0,304987.0,0.0,2025-05-05
T429841,2025-05,289996.0,173998.0,0.0,2025-06-20
T429841,2025-06,360364.0,216218.0,0.0,2025-07-24
T429841,2025-07,170987.0,102592.0,0.0,2025-08-09
T429841,2025-08,922938.0,553763.0,0.0,2025-09-13
T429841,2025-09,501715.0,301029.0,0.0,2025-10-19
T429841,2025-10,627834.0,376700.0,0.0,2025-11-16
T429841,2025-11,346508.0,207905.0,0.0,2025-12-17
T429841,2025-12,239844.0,143906.0,0.0,2026-01-09
T429841,2026-01,360841.0,216505.0,0.0,2026-02-14
T429841,2026-02,546126.0,327676.0,0.0,2026-03-20
T429841,2026-03,307536.0,184522.0,0.0,2026-04-07
T429841,2026-04,519154.0,311493.0,0.0,2026-05-07
T429841,2026-05,259427.0,155656.0,0.0,2026-06-24
T429841,2026-06,345310.0,207186.0,0.0,2026-07-18
T429841,2026-07,266174.0,159704.0,0.0,2026-08-11
T429841,2026-08,336947.0,202168.0,0.0,2026-09-23
T429841,2026-09,274819.0,164891.0,0.0,2026-10-21
T466166,2024-10,303957.0,182374.0,0.0,2024-11-23
T466166,2024-11,310434.0,186260.0,0.0,2024-12-15
T466166,2024-12,884960.0,530976.0,0.0,2025-01-16
T466166,2025-01,183479.0,110088.0,0.0,2025-02-24
T466166,2025-02,446332.0,267799.0,0.0,2025-03-19
T466166,2025-03,604292.0,362575.0,0.0,2025-04-24
T466166,2025-04,526824.0,316095.0,0.0,2025-05-05
T466166,2025-05,222792.0,133675.0,0.0,2025-06-18
T466166,2025-06,336357.0,201814.0,0.0,2025-07-06
T466166,2025-07,207051.0,124230.0,0.0,2025-08-24
T466166,2025-08,296944.0,178167.0,0.0,2025-09-11
T466166,2025-09,561768.0,337061.0,0.0,2025-10-18
T466166,2025-10,342435.0,205461.0,0.0,2025-11-23
T466166,2025-11,388459.0,233075.0,0.0,2025-12-21
T466166,2025-12,451184.0,270710.0,0.0,2026-01-16
T466166,2026-01,430140.0,258084.0,0.0,2026-02-05
T466166,2026-02,510913.0,306548.0,0.0,2026-03-11
T466166,2026-03,214167.0,128500.0,0.0,2026-04-20
T466166,2026-04,281361.0,168817.0,0.0,2026-05-05
T466166,2026-05,190408.0,114245.0,0.0,2026-06-20
T466166,2026-06,369697.0,221818.0,0.0,2026-07-11
T466166,2026-07,292276.0,175365.0,0.0,2026-08-12
T466166,2026-08,267557.0,160534.0,0.0,2026-09-05
T466166,2026-09,262401.0,157440.0,0.0,2026-10-18
T661787,2024-10,422852.0,253711.0,0.0,2024-11-05
T661787,2024-11,194552.0,116731.0,0.0,2024-12-15
T661787,2024-12,377652.0,226591.0,0.0,2025-01-18
T661787,2025-01,586197.0,351718.0,0.0,2025-02-09
T661787,2025-02,154821.0,92893.0,0.0,2025-03-07
T661787,2025-03,390690.0,234414.0,0.0,2025-04-07
T661787,2025-04,644856.0,386914.0,0.0,2025-05-21
T661787,2025-05,582830.0,349698.0,0.0,2025-06-22
T661787,2025-06,309381.0,185629.0,0.0,2025-07-06
T661787,2025-07,345447.0,207268.0,0.0,2025-08-13
T661787,2025-08,568313.0,340988.0,0.0,2025-09-16
T661787,2025-09,226895.0,136137.0,0.0,2025-10-16
T661787,2025-10,301972.0,181183.0,0.0,2025-11-12
T661787,2025-11,350904.0,210543.0,0.0,2025-12-06
T661787,2025-12,258808.0,155285.0,0.0,2026-01-12
T661787,2026-01,934930.0,560958.0,0.0,2026-02-14
T661787,2026-02,595515.0,357309.0,0.0,2026-03-21
T661787,2026-03,275610.0,165366.0,0.0,2026-04-06
T661787,2026-04,164293.0,98576.0,0.0,2026-05-22
T661787,2026-05,700917.0,420550.0,0.0,2026-06-19
T661787,2026-06,288164.0,172898.0,0.0,2026-07-11
T661787,2026-07,401239.0,240743.0,0.0,2026-08-05
T661787,2026-08,113812.0,68287.0,0.0,2026-09-18
T661787,2026-09,285571.0,171342.0,0.0,2026-10-21
T441647,2024-10,385495.0,231297.0,0.0,2024-11-17
T441647,2024-11,131279.0,78767.0,0.0,2024-12-20
T441647,2024-12,282669.0,169602.0,0.0,2025-01-06
T441647,2025-01,1402078.0,841247.0,0.0,2025-02-14
T441647,2025-02,519354.0,311613.0,0.0,2025-03-16
T441647,2025-03,537767.0,322660.0,0.0,2025-04-07
T441647,2025-04,319218.0,191531.0,0.0,2025-05-06
T441647,2025-05,648232.0,388939.0,0.0,2025-06-18
T441647,2025-06,699170.0,419502.0,0.0,2025-07-05
T441647,2025-07,493521.0,296112.0,0.0,2025-08-17
T441647,2025-08,300563.0,180338.0,0.0,2025-09-17
T441647,2025-09,444123.0,266474.0,0.0,2025-10-20
T441647,2025-10,628119.0,376872.0,0.0,2025-11-19
T441647,2025-11,345596.0,207358.0,0.0,2025-12-15
T441647,2025-12,334921.0,200953.0,0.0,2026-01-24
T441647,2026-01,241808.0,145085.0,0.0,2026-02-11
T441647,2026-02,661396.0,396837.0,0.0,2026-03-15
T441647,2026-03,459055.0,275433.0,0.0,2026-04-13
T441647,2026-04,419204.0,251522.0,0.0,2026-05-08
T441647,2026-05,445999.0,267599.0,0.0,2026-06-05
T441647,2026-06,399304.0,239582.0,0.0,2026-07-05
T441647,2026-07,376558.0,225935.0,0.0,2026-08-15
T441647,2026-08,387067.0,232240.0,0.0,2026-09-21
T441647,2026-09,316582.0,189949.0,0.0,2026-10-17
T829312,2024-10,802728.0,481637.0,0.0,2024-11-09
T829312,2024-11,928967.0,557380.0,0.0,2024-12-08
T829312,2024-12,295915.0,177549.0,0.0,2025-01-22
T829312,2025-01,673753.0,404252.0,0.0,2025-02-19
T829312,2025-02,614522.0,368713.0,0.0,2025-03-14
T829312,2025-03,289572.0,173743.0,0.0,2025-04-22
T829312,2025-04,212024.0,127214.0,0.0,2025-05-19
T829312,2025-05,482178.0,289307.0,0.0,2025-06-16
T829312,2025-06,663202.0,397921.0,0.0,2025-07-17
T829312,2025-07,464396.0,278638.0,0.0,2025-08-13
T829312,2025-08,292960.0,175776.0,0.0,2025-09-22
T829312,2025-09,411098.0,246659.0,0.0,2025-10-13
T829312,2025-10,790257.0,474154.0,0.0,2025-11-22
T829312,2025-11,155079.0,93047.0,0.0,2025-12-13
T829312,2025-12,302465.0,181479.0,0.0,2026-01-07
T829312,2026-01,723569.0,434142.0,0.0,2026-02-10
T829312,2026-02,467596.0,280557.0,0.0,2026-03-23
T829312,2026-03,602745.0,361647.0,0.0,2026-04-14
T829312,2026-04,466916.0,280150.0,0.0,2026-05-10
T829312,2026-05,653798.0,392279.0,0.0,2026-06-13
T829312,2026-06,308865.0,185319.0,0.0,2026-07-17
T829312,2026-07,418381.0,251029.0,0.0,2026-08-07
T829312,2026-08,604648.0,362789.0,0.0,2026-09-11
T829312,2026-09,1236487.0,741892.0,0.0,2026-10-09
T905799,2024-10,286739.0,172043.0,0.0,2024-11-09
T905799,2024-11,646024.0,387614.0,0.0,2024-12-13
T905799,2024-12,224366.0,134620.0,0.0,2025-01-13
T905799,2025-01,264779.0,158867.0,0.0,2025-02-17
T905799,2025-02,470091.0,282054.0,0.0,2025-03-09
T905799,2025-03,280480.0,168288.0,0.0,2025-04-21
T905799,2025-04,139268.0,83561.0,0.0,2025-05-22
T905799,2025-05,509908.0,305945.0,0.0,2025-06-12
T905799,2025-06,571538.0,342923.0,0.0,2025-07-20
T905799,2025-07,296275.0,177765.0,0.0,2025-08-14
T905799,2025-08,219612.0,131767.0,0.0,2025-09-08
T905799,2025-09,344998.0,206999.0,0.0,2025-10-15
T905799,2025-10,278916.0,167349.0,0.0,2025-11-09
T905799,2025-11,678305.0,406983.0,0.0,2025-12-08
T905799,2025-12,666396.0,399838.0,0.0,2026-01-22
T905799,2026-01,221926.0,133155.0,0.0,2026-02-21
T905799,2026-02,519353.0,311612.0,0.0,2026-03-09
T905799,2026-03,349201.0,209521.0,0.0,2026-04-10
T905799,2026-04,883006.0,529804.0,0.0,2026-05-07
T905799,2026-05,201730.0,121038.0,0.0,2026-06-12
T905799,2026-06,369725.0,221835.0,0.0,2026-07-23
T905799,2026-07,763374.0,458025.0,0.0,2026-08-18
T905799,2026-08,204698.0,122819.0,0.0,2026-09-12
T905799,2026-09,636215.0,381729.0,0.0,2026-10-13
T681246,2024-10,544149.0,326490.0,0.0,2024-11-12
T681246,2024-11,353790.0,212274.0,0.0,2024-12-22
T681246,2024-12,387547.0,232528.0,0.0,2025-01-07
T681246,2025-01,211856.0,127114.0,0.0,2025-02-08
T681246,2025-02,335512.0,201307.0,0.0,2025-03-22
T681246,2025-03,291806.0,175084.0,0.0,2025-04-23
T681246,2025-04,292172.0,175303.0,0.0,2025-05-14
T681246,2025-05,908927.0,545356.0,0.0,2025-06-11
T681246,2025-06,311209.0,186725.0,0.0,2025-07-10
T681246,2025-07,292535.0,175521.0,0.0,2025-08-23
T681246,2025-08,615400.0,369240.0,0.0,2025-09-09
T681246,2025-09,316451.0,189871.0,0.0,2025-10-17
T681246,2025-10,429510.0,257706.0,0.0,2025-11-22
T681246,2025-11,369602.0,221761.0,0.0,2025-12-06
T681246,2025-12,217317.0,130390.0,0.0,2026-01-14
T681246,2026-01,474577.0,284746.0,0.0,2026-02-24
T681246,2026-02,403023.0,241814.0,0.0,2026-03-07
T681246,2026-03,629064.0,377438.0,0.0,2026-04-11
T681246,2026-04,212383.0,127430.0,0.0,2026-05-09
T681246,2026-05,203416.0,122050.0,0.0,2026-06-14
T681246,2026-06,746115.0,447669.0,0.0,2026-07-15
T681246,2026-07,505641.0,303385.0,0.0,2026-08-12
T681246,2026-08,670544.0,402326.0,0.0,2026-09-21
T681246,2026-09,459668.0,275801.0,0.0,2026-10-15
T816699,2024-10,384501.0,230701.0,0.0,2024-11-19
T816699,2024-11,339571.0,203742.0,0.0,2024-12-20
T816699,2024-12,177107.0,106264.0,0.0,2025-01-24
T816699,2025-01,167647.0,100588.0,0.0,2025-02-09
T816699,2025-02,239612.0,143767.0,0.0,2025-03-12
T816699,2025-03,827070.0,496242.0,0.0,2025-04-13
T816699,2025-04,391889.0,235133.0,0.0,2025-05-05
T816699,2025-05,1050316.0,630190.0,0.0,2025-06-12
T816699,2025-06,555289.0,333174.0,0.0,2025-07-17
T816699,2025-07,331296.0,198778.0,0.0,2025-08-14
T816699,2025-08,589446.0,353667.0,0.0,2025-09-24
T816699,2025-09,220998.0,132599.0,0.0,2025-10-24
T816699,2025-10,797750.0,478650.0,0.0,2025-11-07
T816699,2025-11,250264.0,150159.0,0.0,2025-12-06
T816699,2025-12,274637.0,164782.0,0.0,2026-01-10
T816699,2026-01,127967.0,76780.0,0.0,2026-02-09
T816699,2026-02,793674.0,476205.0,0.0,2026-03-06
T816699,2026-03,310204.0,186122.0,0.0,2026-04-11
T816699,2026-04,350487.0,210292.0,0.0,2026-05-10
T816699,2026-05,445953.0,267572.0,0.0,2026-06-15
T816699,2026-06,268671.0,161202.0,0.0,2026-07-14
T816699,2026-07,700543.0,420326.0,0.0,2026-08-23
T816699,2026-08,368597.0,221158.0,0.0,2026-09-14
T816699,2026-09,403619.0,242172.0,0.0,2026-10-11
T185769,2024-10,428219.0,256931.0,0.0,2024-11-11
T185769,2024-11,555965.0,333579.0,0.0,2024-12-13
T185769,2024-12,642180.0,385308.0,0.0,2025-01-16
T185769,2025-01,364297.0,218578.0,0.0,2025-02-16
T185769,2025-02,535940.0,321564.0,0.0,2025-03-22
T185769,2025-03,139426.0,83655.0,0.0,2025-04-19
T185769,2025-04,413003.0,247802.0,0.0,2025-05-05
T185769,2025-05,325725.0,195435.0,0.0,2025-06-23
T185769,2025-06,827276.0,496366.0,0.0,2025-07-11
T185769,2025-07,597344.0,358406.0,0.0,2025-08-17
T185769,2025-08,109944.0,65967.0,0.0,2025-09-17
T185769,2025-09,185148.0,111089.0,0.0,2025-10-13
T185769,2025-10,332643.0,199586.0,0.0,2025-11-22
T185769,2025-11,328029.0,196818.0,0.0,2025-12-12
T185769,2025-12,295262.0,177157.0,0.0,2026-01-05
T185769,2026-01,193612.0,116167.0,0.0,2026-02-11
T185769,2026-02,623272.0,373963.0,0.0,2026-03-08
T185769,2026-03,852566.0,511539.0,0.0,2026-04-05
T185769,2026-04,536971.0,322183.0,0.0,2026-05-11
T185769,2026-05,326291.0,195775.0,0.0,2026-06-18
T185769,2026-06,326058.0,195635.0,0.0,2026-07-17
T185769,2026-07,190947.0,114568.0,0.0,2026-08-14
T185769,2026-08,668886.0,401332.0,0.0,2026-09-18
T185769,2026-09,212210.0,127326.0,0.0,2026-10-09
T214436,2024-10,316218.0,189731.0,0.0,2024-11-17
T214436,2024-11,242583.0,145550.0,0.0,2024-12-07
T214436,2024-12,369819.0,221892.0,0.0,2025-01-19
T214436,2025-01,511204.0,306722.0,0.0,2025-02-12
T214436,2025-02,647184.0,388310.0,0.0,2025-03-09
T214436,2025-03,514067.0,308440.0,0.0,2025-04-06
T214436,2025-04,175994.0,105597.0,0.0,2025-05-14
T214436,2025-05,448603.0,269162.0,0.0,2025-06-13
T214436,2025-06,276691.0,166015.0,0.0,2025-07-07
T214436,2025-07,779505.0,467703.0,0.0,2025-08-06
T214436,2025-08,634628.0,380777.0,0.0,2025-09-16
T214436,2025-09,188822.0,113293.0,0.0,2025-10-09
T214436,2025-10,166293.0,99776.0,0.0,2025-11-06
T214436,2025-11,184316.0,110590.0,0.0,2025-12-23
T214436,2025-12,488502.0,293101.0,0.0,2026-01-10
T214436,2026-01,189428.0,113657.0,0.0,2026-02-18
T214436,2026-02,355315.0,213189.0,0.0,2026-03-18
T214436,2026-03,153969.0,92381.0,0.0,2026-04-06
T214436,2026-04,444942.0,266965.0,0.0,2026-05-10
T214436,2026-05,345194.0,207116.0,0.0,2026-06-05
T214436,2026-06,228989.0,137394.0,0.0,2026-07-09
T214436,2026-07,586256.0,351754.0,0.0,2026-08-05
T214436,2026-08,330954.0,198572.0,0.0,2026-09-09
T214436,2026-09,464492.0,278695.0,0.0,2026-10-11
T191504,2024-10,579846.0,347907.0,0.0,2024-11-20
T191504,2024-11,490719.0,294431.0,0.0,2024-12-08
T191504,2024-12,253827.0,152296.0,0.0,2025-01-16
T191504,2025-01,809743.0,485846.0,0.0,2025-02-07
T191504,2025-02,250654.0,150393.0,0.0,2025-03-16
T191504,2025-03,406073.0,243644.0,0.0,2025-04-11
T191504,2025-04,351127.0,210676.0,0.0,2025-05-06
T191504,2025-05,324294.0,194576.0,0.0,2025-06-16
T191504,2025-06,280437.0,168262.0,0.0,2025-07-12
T191504,2025-07,883198.0,529919.0,0.0,2025-08-24
T191504,2025-08,469992.0,281995.0,0.0,2025-09-09
T191504,2025-09,335816.0,201490.0,0.0,2025-10-06
T191504,2025-10,698646.0,419187.0,0.0,2025-11-21
T191504,2025-11,302529.0,181518.0,0.0,2025-12-08
T191504,2025-12,370427.0,222256.0,0.0,2026-01-20
T191504,2026-01,117912.0,70747.0,0.0,2026-02-19
T191504,2026-02,181070.0,108642.0,0.0,2026-03-05
T191504,2026-03,511561.0,306937.0,0.0,2026-04-19
T191504,2026-04,308216.0,184930.0,0.0,2026-05-14
T191504,2026-05,205534.0,123320.0,0.0,2026-06-20
T191504,2026-06,586627.0,351976.0,0.0,2026-07-10
T191504,2026-07,156565.0,93939.0,0.0,2026-08-21
T191504,2026-08,124770.0,74862.0,0.0,2026-09-23
T191504,2026-09,454374.0,272624.0,0.0,2026-10-10
T812324,2024-10,835661.0,501397.0,0.0,2024-11-08
T812324,2024-11,577709.0,346626.0,0.0,2024-12-16
T812324,2024-12,409780.0,245868.0,0.0,2025-01-06
T812324,2025-01,345352.0,207211.0,0.0,2025-02-11
T812324,2025-02,707336.0,424402.0,0.0,2025-03-22
T812324,2025-03,714496.0,428698.0,0.0,2025-04-16
T812324,2025-04,226175.0,135705.0,0.0,2025-05-07
T812324,2025-05,1698974.0,1019384.0,0.0,2025-06-21
T812324,2025-06,274980.0,164988.0,0.0,2025-07-13
T812324,2025-07,249471.0,149682.0,0.0,2025-08-15
T812324,2025-08,470105.0,282063.0,0.0,2025-09-13
T812324,2025-09,447518.0,268511.0,0.0,2025-10-19
T812324,2025-10,529801.0,317880.0,0.0,2025-11-17
T812324,2025-11,778315.0,466989.0,0.0,2025-12-09
T812324,2025-12,296063.0,177638.0,0.0,2026-01-12
T812324,2026-01,532523.0,319514.0,0.0,2026-02-08
T812324,2026-02,424225.0,254535.0,0.0,2026-03-14
T812324,2026-03,469285.0,281571.0,0.0,2026-04-22
T812324,2026-04,167472.0,100483.0,0.0,2026-05-14
T812324,2026-05,310977.0,186586.0,0.0,2026-06-11
T812324,2026-06,626265.0,375759.0,0.0,2026-07-22
T812324,2026-07,332701.0,199620.0,0.0,2026-08-21
T812324,2026-08,919338.0,551603.0,0.0,2026-09-14
T812324,2026-09,469176.0,281505.0,0.0,2026-10-09
T983040,2024-10,272024.0,163214.0,0.0,2024-11-24
T983040,2024-11,674152.0,404491.0,0.0,2024-12-05
T983040,2024-12,431400.0,258840.0,0.0,2025-01-05
T983040,2025-01,518902.0,311341.0,0.0,2025-02-21
T983040,2025-02,384281.0,230569.0,0.0,2025-03-14
T983040,2025-03,201164.0,120699.0,0.0,2025-04-22
T983040,2025-04,297394.0,178436.0,0.0,2025-05-22
T983040,2025-05,234992.0,140995.0,0.0,2025-06-11
T983040,2025-06,280005.0,168003.0,0.0,2025-07-08
T983040,2025-07,333094.0,199857.0,0.0,2025-08-09
T983040,2025-08,266104.0,159663.0,0.0,2025-09-10
T983040,2025-09,464132.0,278479.0,0.0,2025-10-06
T983040,2025-10,199665.0,119799.0,0.0,2025-11-19
T983040,2025-11,509430.0,305658.0,0.0,2025-12-16
T983040,2025-12,176190.0,105714.0,0.0,2026-01-24
T983040,2026-01,82110.0,49266.0,0.0,2026-02-21
T983040,2026-02,665757.0,399454.0,0.0,2026-03-11
T983040,2026-03,509525.0,305715.0,0.0,2026-04-24
T983040,2026-04,275540.0,165324.0,0.0,2026-05-22
T983040,2026-05,960710.0,576426.0,0.0,2026-06-15
T983040,2026-06,635566.0,381340.0,0.0,2026-07-18
T983040,2026-07,338620.0,203172.0,0.0,2026-08-17
T983040,2026-08,591205.0,354723.0,0.0,2026-09-06
T983040,2026-09,439981.0,263988.0,0.0,2026-10-17
T179190,2024-10,775009.0,465006.0,0.0,2024-11-23
T179190,2024-11,280318.0,168191.0,0.0,2024-12-21
T179190,2024-12,255030.0,153018.0,0.0,2025-01-13
T179190,2025-01,491661.0,294996.0,0.0,2025-02-13
T179190,2025-02,159913.0,95948.0,0.0,2025-03-20
T179190,2025-03,528319.0,316991.0,0.0,2025-04-12
T179190,2025-04,153579.0,92147.0,0.0,2025-05-13
T179190,2025-05,254406.0,152644.0,0.0,2025-06-21
T179190,2025-06,387696.0,232618.0,0.0,2025-07-14
T179190,2025-07,221333.0,132800.0,0.0,2025-08-20
T179190,2025-08,386153.0,231692.0,0.0,2025-09-12
T179190,2025-09,301201.0,180720.0,0.0,2025-10-07
T179190,2025-10,603046.0,361827.0,0.0,2025-11-23
T179190,2025-11,426672.0,256003.0,0.0,2025-12-19
T179190,2025-12,756656.0,453994.0,0.0,2026-01-14
T179190,2026-01,111973.0,67184.0,0.0,2026-02-13
T179190,2026-02,594408.0,356645.0,0.0,2026-03-05
T179190,2026-03,487876.0,292726.0,0.0,2026-04-16
T179190,2026-04,821487.0,492892.0,0.0,2026-05-24
T179190,2026-05,675475.0,405285.0,0.0,2026-06-24
T179190,2026-06,626875.0,376125.0,0.0,2026-07-15
T179190,2026-07,450841.0,270504.0,0.0,2026-08-22
T179190,2026-08,373191.0,223915.0,0.0,2026-09-08
T179190,2026-09,362095.0,217257.0,0.0,2026-10-05
T830330,2024-10,581192.0,348715.0,0.0,2024-11-06
T830330,2024-11,436595.0,261957.0,0.0,2024-12-07
T830330,2024-12,323675.0,194205.0,0.0,2025-01-11
T830330,2025-01,310154.0,186093.0,0.0,2025-02-13
T830330,2025-02,456190.0,273714.0,0.0,2025-03-11
T830330,2025-03,372534.0,223520.0,0.0,2025-04-11
T830330,2025-04,270840.0,162504.0,0.0,2025-05-24
T830330,2025-05,991003.0,594602.0,0.0,2025-06-19
T830330,2025-06,436760.0,262056.0,0.0,2025-07-23
T830330,2025-07,259027.0,155416.0,0.0,2025-08-23
T830330,2025-08,334364.0,200618.0,0.0,2025-09-16
T830330,2025-09,225504.0,135302.0,0.0,2025-10-11
T830330,2025-10,915222.0,549133.0,0.0,2025-11-22
T830330,2025-11,267998.0,160799.0,0.0,2025-12-08
T830330,2025-12,301700.0,181020.0,0.0,2026-01-21
T830330,2026-01,295020.0,177012.0,0.0,2026-02-24
T830330,2026-02,637005.0,382203.0,0.0,2026-03-22
T830330,2026-03,280093.0,168056.0,0.0,2026-04-15
T830330,2026-04,298693.0,179216.0,0.0,2026-05-05
T830330,2026-05,617277.0,370366.0,0.0,2026-06-05
T830330,2026-06,590661.0,354397.0,0.0,2026-07-15
T830330,2026-07,301143.0,180686.0,0.0,2026-08-24
T830330,2026-08,854892.0,512935.0,0.0,2026-09-17
T830330,2026-09,313983.0,188390.0,0.0,2026-10-23
T846452,2024-10,431142.0,258685.0,0.0,2024-11-23
T846452,2024-11,408040.0,244824.0,0.0,2024-12-20
T846452,2024-12,234054.0,140432.0,0.0,2025-01-21
T846452,2025-01,193532.0,116119.0,0.0,2025-02-18
T846452,2025-02,451145.0,270687.0,0.0,2025-03-14
T846452,2025-03,292310.0,175386.0,0.0,2025-04-18
T846452,2025-04,105334.0,63200.0,0.0,2025-05-14
T846452,2025-05,775733.0,465440.0,0.0,2025-06-21
T846452,2025-06,525456.0,315274.0,0.0,2025-07-18
T846452,2025-07,661791.0,397075.0,0.0,2025-08-24
T846452,2025-08,323836.0,194302.0,0.0,2025-09-09
T846452,2025-09,238083.0,142850.0,0.0,2025-10-24
T846452,2025-10,453028.0,271817.0,0.0,2025-11-14
T846452,2025-11,1415471.0,849282.0,0.0,2025-12-09
T846452,2025-12,307216.0,184330.0,0.0,2026-01-06
T846452,2026-01,332415.0,199449.0,0.0,2026-02-05
T846452,2026-02,520412.0,312247.0,0.0,2026-03-14
T846452,2026-03,382308.0,229385.0,0.0,2026-04-09
T846452,2026-04,344458.0,206675.0,0.0,2026-05-07
T846452,2026-05,308834.0,185300.0,0.0,2026-06-18
T846452,2026-06,287491.0,172495.0,0.0,2026-07-24
T846452,2026-07,351493.0,210896.0,0.0,2026-08-16
T846452,2026-08,466321.0,279793.0,0.0,2026-09-16
T846452,2026-09,273257.0,163954.0,0.0,2026-10-19
T392898,2024-10,228937.0,137362.0,0.0,2024-11-23
T392898,2024-11,276255.0,165753.0,0.0,2024-12-13
T392898,2024-12,445481.0,267288.0,0.0,2025-01-24
T392898,2025-01,1705022.0,1023013.0,0.0,2025-02-18
T392898,2025-02,265078.0,159047.0,0.0,2025-03-19
T392898,2025-03,194372.0,116623.0,0.0,2025-04-17
T392898,2025-04,329905.0,197943.0,0.0,2025-05-16
T392898,2025-05,377627.0,226576.0,0.0,2025-06-07
T392898,2025-06,383632.0,230179.0,0.0,2025-07-12
T392898,2025-07,398143.0,238886.0,0.0,2025-08-22
T392898,2025-08,418300.0,250980.0,0.0,2025-09-14
T392898,2025-09,499029.0,299418.0,0.0,2025-10-22
T392898,2025-10,576421.0,345853.0,0.0,2025-11-20
T392898,2025-11,551724.0,331034.0,0.0,2025-12-13
T392898,2025-12,347858.0,208715.0,0.0,2026-01-22
T392898,2026-01,175911.0,105546.0,0.0,2026-02-14
T392898,2026-02,373711.0,224227.0,0.0,2026-03-15
T392898,2026-03,663148.0,397889.0,0.0,2026-04-15
T392898,2026-04,387297.0,232378.0,0.0,2026-05-21
T392898,2026-05,473364.0,284019.0,0.0,2026-06-20
T392898,2026-06,274455.0,164673.0,0.0,2026-07-23
T392898,2026-07,252873.0,151724.0,0.0,2026-08-16
T392898,2026-08,304765.0,182859.0,0.0,2026-09-10
T392898,2026-09,964252.0,578551.0,0.0,2026-10-20
T492710,2024-10,381397.0,228838.0,0.0,2024-11-17
T492710,2024-11,667600.0,400560.0,0.0,2024-12-16
T492710,2024-12,409300.0,245580.0,0.0,2025-01-12
T492710,2025-01,299697.0,179818.0,0.0,2025-02-14
T492710,2025-02,463577.0,278146.0,0.0,2025-03-10
T492710,2025-03,629464.0,377678.0,0.0,2025-04-19
T492710,2025-04,574348.0,344609.0,0.0,2025-05-14
T492710,2025-05,773947.0,464368.0,0.0,2025-06-19
T492710,2025-06,521572.0,312943.0,0.0,2025-07-23
T492710,2025-07,746863.0,448118.0,0.0,2025-08-10
T492710,2025-08,738600.0,443160.0,0.0,2025-09-12
T492710,2025-09,265560.0,159336.0,0.0,2025-10-17
T492710,2025-10,505105.0,303063.0,0.0,2025-11-06
T492710,2025-11,544269.0,326562.0,0.0,2025-12-16
T492710,2025-12,185446.0,111268.0,0.0,2026-01-18
T492710,2026-01,604376.0,362626.0,0.0,2026-02-06
T492710,2026-02,189301.0,113581.0,0.0,2026-03-21
T492710,2026-03,785941.0,471564.0,0.0,2026-04-22
T492710,2026-04,133053.0,79832.0,0.0,2026-05-16
T492710,2026-05,190830.0,114498.0,0.0,2026-06-15
T492710,2026-06,783331.0,469999.0,0.0,2026-07-16
T492710,2026-07,366576.0,219946.0,0.0,2026-08-23
T492710,2026-08,365747.0,219448.0,0.0,2026-09-21
T492710,2026-09,190031.0,114019.0,0.0,2026-10-22
T173812,2024-10,245171.0,147103.0,0.0,2024-11-21
T173812,2024-11,375857.0,225514.0,0.0,2024-12-24
T173812,2024-12,143000.0,85800.0,0.0,2025-01-14
T173812,2025-01,506427.0,303856.0,0.0,2025-02-17
T173812,2025-02,202124.0,121274.0,0.0,2025-03-18
T173812,2025-03,307481.0,184489.0,0.0,2025-04-19
T173812,2025-04,501202.0,300721.0,0.0,2025-05-18
T173812,2025-05,566224.0,339735.0,0.0,2025-06-12
T173812,2025-06,230937.0,138562.0,0.0,2025-07-06
T173812,2025-07,765556.0,459333.0,0.0,2025-08-19
T173812,2025-08,425451.0,255271.0,0.0,2025-09-18
T173812,2025-09,237346.0,142408.0,0.0,2025-10-16
T173812,2025-10,503986.0,302392.0,0.0,2025-11-24
T173812,2025-11,255730.0,153438.0,0.0,2025-12-13
T173812,2025-12,513851.0,308310.0,0.0,2026-01-24
T173812,2026-01,601928.0,361157.0,0.0,2026-02-19
T173812,2026-02,430385.0,258231.0,0.0,2026-03-11
T173812,2026-03,547775.0,328665.0,0.0,2026-04-09
T173812,2026-04,674236.0,404542.0,0.0,2026-05-13
T173812,2026-05,435905.0,261543.0,0.0,2026-06-23
T173812,2026-06,590599.0,354360.0,0.0,2026-07-13
T173812,2026-07,239303.0,143582.0,0.0,2026-08-11
T173812,2026-08,261923.0,157154.0,0.0,2026-09-24
T173812,2026-09,1440980.0,864588.0,0.0,2026-10-12
T652216,2024-10,665400.0,399240.0,0.0,2024-11-18
T652216,2024-11,351771.0,211062.0,0.0,2024-12-24
T652216,2024-12,246508.0,147905.0,0.0,2025-01-21
T652216,2025-01,734877.0,440926.0,0.0,2025-02-20
T652216,2025-02,476490.0,285894.0,0.0,2025-03-18
T652216,2025-03,1470430.0,882258.0,0.0,2025-04-18
T652216,2025-04,393631.0,236178.0,0.0,2025-05-13
T652216,2025-05,255129.0,153077.0,0.0,2025-06-13
T652216,2025-06,297634.0,178580.0,0.0,2025-07-07
T652216,2025-07,222872.0,133723.0,0.0,2025-08-10
T652216,2025-08,281667.0,169000.0,0.0,2025-09-21
T652216,2025-09,306806.0,184084.0,0.0,2025-10-10
T652216,2025-10,288504.0,173102.0,0.0,2025-11-23
T652216,2025-11,545752.0,327451.0,0.0,2025-12-12
T652216,2025-12,575582.0,345349.0,0.0,2026-01-06
T652216,2026-01,700686.0,420412.0,0.0,2026-02-06
T652216,2026-02,570810.0,342486.0,0.0,2026-03-13
T652216,2026-03,339018.0,203411.0,0.0,2026-04-07
T652216,2026-04,290935.0,174561.0,0.0,2026-05-15
T652216,2026-05,149791.0,89875.0,0.0,2026-06-08
T652216,2026-06,784612.0,470767.0,0.0,2026-07-10
T652216,2026-07,346478.0,207887.0,0.0,2026-08-18
T652216,2026-08,375266.0,225160.0,0.0,2026-09-22
T652216,2026-09,267791.0,160674.0,0.0,2026-10-07
T998941,2024-10,498758.0,299255.0,0.0,2024-11-22
T998941,2024-11,315438.0,189263.0,0.0,2024-12-08
T998941,2024-12,759038.0,455423.0,0.0,2025-01-17
T998941,2025-01,412981.0,247788.0,0.0,2025-02-05
T998941,2025-02,497491.0,298495.0,0.0,2025-03-24
T998941,2025-03,735119.0,441071.0,0.0,2025-04-16
T998941,2025-04,294399.0,176640.0,0.0,2025-05-19
T998941,2025-05,989110.0,593466.0,0.0,2025-06-05
T998941,2025-06,258120.0,154872.0,0.0,2025-07-07
T998941,2025-07,337970.0,202782.0,0.0,2025-08-23
T998941,2025-08,307105.0,184263.0,0.0,2025-09-09
T998941,2025-09,267943.0,160766.0,0.0,2025-10-15
T998941,2025-10,419799.0,251879.0,0.0,2025-11-17
T998941,2025-11,379711.0,227826.0,0.0,2025-12-09
T998941,2025-12,583402.0,350041.0,0.0,2026-01-12
T998941,2026-01,393437.0,236062.0,0.0,2026-02-14
T998941,2026-02,772026.0,463216.0,0.0,2026-03-10
T998941,2026-03,396379.0,237828.0,0.0,2026-04-22
T998941,2026-04,265678.0,159407.0,0.0,2026-05-20
T998941,2026-05,477671.0,286602.0,0.0,2026-06-17
T998941,2026-06,290311.0,174186.0,0.0,2026-07-16
T998941,2026-07,750285.0,450171.0,0.0,2026-08-19
T998941,2026-08,338475.0,203085.0,0.0,2026-09-16
T998941,2026-09,681531.0,408919.0,0.0,2026-10-16
T328323,2024-10,275791.0,165474.0,0.0,2024-11-17
T328323,2024-11,669618.0,401771.0,0.0,2024-12-13
T328323,2024-12,1230899.0,738539.0,0.0,2025-01-10
T328323,2025-01,510722.0,306433.0,0.0,2025-02-09
T328323,2025-02,311606.0,186963.0,0.0,2025-03-12
T328323,2025-03,1073611.0,644167.0,0.0,2025-04-12
T328323,2025-04,389428.0,233657.0,0.0,2025-05-20
T328323,2025-05,245299.0,147179.0,0.0,2025-06-20
T328323,2025-06,228600.0,137160.0,0.0,2025-07-10
T328323,2025-07,375816.0,225489.0,0.0,2025-08-17
T328323,2025-08,259346.0,155608.0,0.0,2025-09-24
T328323,2025-09,606647.0,363988.0,0.0,2025-10-15
T328323,2025-10,209217.0,125530.0,0.0,2025-11-20
T328323,2025-11,389328.0,233597.0,0.0,2025-12-11
T328323,2025-12,631500.0,378900.0,0.0,2026-01-10
T328323,2026-01,666622.0,399973.0,0.0,2026-02-09
T328323,2026-02,315326.0,189196.0,0.0,2026-03-23
T328323,2026-03,320874.0,192524.0,0.0,2026-04-15
T328323,2026-04,789819.0,473892.0,0.0,2026-05-15
T328323,2026-05,181801.0,109081.0,0.0,2026-06-08
T328323,2026-06,435790.0,261474.0,0.0,2026-07-09
T328323,2026-07,618430.0,371058.0,0.0,2026-08-22
T328323,2026-08,970142.0,582085.0,0.0,2026-09-19
T328323,2026-09,484721.0,290833.0,0.0,2026-10-19
T678061,2024-10,580980.0,348588.0,0.0,2024-11-10
T678061,2024-11,367132.0,220279.0,0.0,2024-12-21
T678061,2024-12,150417.0,90250.0,0.0,2025-01-14
T678061,2025-01,354190.0,212514.0,0.0,2025-02-24
T678061,2025-02,317430.0,190458.0,0.0,2025-03-24
T678061,2025-03,487708.0,292625.0,0.0,2025-04-14
T678061,2025-04,270826.0,162495.0,0.0,2025-05-16
T678061,2025-05,445603.0,267362.0,0.0,2025-06-23
T678061,2025-06,140926.0,84556.0,0.0,2025-07-23
T678061,2025-07,308952.0,185371.0,0.0,2025-08-21
T678061,2025-08,222235.0,133341.0,0.0,2025-09-09
T678061,2025-09,633660.0,380196.0,0.0,2025-10-09
T678061,2025-10,471730.0,283038.0,0.0,2025-11-09
T678061,2025-11,493927.0,296356.0,0.0,2025-12-06
T678061,2025-12,1171295.0,702777.0,0.0,2026-01-17
T678061,2026-01,426538.0,255923.0,0.0,2026-02-19
T678061,2026-02,285846.0,171508.0,0.0,2026-03-10
T678061,2026-03,1312505.0,787503.0,0.0,2026-04-11
T678061,2026-04,404436.0,242662.0,0.0,2026-05-05
T678061,2026-05,445027.0,267016.0,0.0,2026-06-11
T678061,2026-06,321031.0,192619.0,0.0,2026-07-24
T678061,2026-07,179362.0,107617.0,0.0,2026-08-09
T678061,2026-08,203855.0,122313.0,0.0,2026-09-15
T678061,2026-09,571841.0,343104.0,0.0,2026-10-08
T666870,2024-10,241182.0,144709.0,0.0,2024-11-12
T666870,2024-11,493652.0,296191.0,0.0,2024-12-12
T666870,2024-12,490942.0,294565.0,0.0,2025-01-21
T666870,2025-01,298749.0,179249.0,0.0,2025-02-12
T666870,2025-02,305361.0,183216.0,0.0,2025-03-09
T666870,2025-03,770589.0,462353.0,0.0,2025-04-07
T666870,2025-04,423609.0,254165.0,0.0,2025-05-07
T666870,2025-05,734427.0,440656.0,0.0,2025-06-17
T666870,2025-06,240475.0,144285.0,0.0,2025-07-14
T666870,2025-07,1181852.0,709111.0,0.0,2025-08-16
T666870,2025-08,642259.0,385355.0,0.0,2025-09-16
T666870,2025-09,438754.0,263252.0,0.0,2025-10-12
T666870,2025-10,422726.0,253635.0,0.0,2025-11-05
T666870,2025-11,475661.0,285397.0,0.0,2025-12-16
T666870,2025-12,531269.0,318762.0,0.0,2026-01-21
T666870,2026-01,270432.0,162259.0,0.0,2026-02-20
T666870,2026-02,616376.0,369826.0,0.0,2026-03-06
T666870,2026-03,448256.0,268954.0,0.0,2026-04-21
T666870,2026-04,742944.0,445766.0,0.0,2026-05-15
T666870,2026-05,694715.0,416829.0,0.0,2026-06-10
T666870,2026-06,129960.0,77976.0,0.0,2026-07-19
T666870,2026-07,691747.0,415048.0,0.0,2026-08-15
T666870,2026-08,295685.0,177411.0,0.0,2026-09-16
T666870,2026-09,532201.0,319321.0,0.0,2026-10-09
T318765,2024-10,135592.0,81355.0,0.0,2024-11-18
T318765,2024-11,381230.0,228738.0,0.0,2024-12-09
T318765,2024-12,590014.0,354008.0,0.0,2025-01-09
T318765,2025-01,484069.0,290441.0,0.0,2025-02-09
T318765,2025-02,334746.0,200848.0,0.0,2025-03-16
T318765,2025-03,1000490.0,600294.0,0.0,2025-04-21
T318765,2025-04,943453.0,566072.0,0.0,2025-05-21
T318765,2025-05,520535.0,312321.0,0.0,2025-06-18
T318765,2025-06,341450.0,204870.0,0.0,2025-07-06
T318765,2025-07,597799.0,358679.0,0.0,2025-08-20
T318765,2025-08,525853.0,315512.0,0.0,2025-09-19
T318765,2025-09,295678.0,177407.0,0.0,2025-10-22
T318765,2025-10,470452.0,282271.0,0.0,2025-11-09
T318765,2025-11,435134.0,261081.0,0.0,2025-12-11
T318765,2025-12,337084.0,202250.0,0.0,2026-01-06
T318765,2026-01,772715.0,463629.0,0.0,2026-02-06
T318765,2026-02,437263.0,262358.0,0.0,2026-03-15
T318765,2026-03,352693.0,211616.0,0.0,2026-04-22
T318765,2026-04,292366.0,175420.0,0.0,2026-05-18
T318765,2026-05,266537.0,159922.0,0.0,2026-06-07
T318765,2026-06,559500.0,335700.0,0.0,2026-07-23
T318765,2026-07,485371.0,291223.0,0.0,2026-08-16
T318765,2026-08,863428.0,518057.0,0.0,2026-09-06
T318765,2026-09,470142.0,282085.0,0.0,2026-10-12
T348826,2024-10,260734.0,156440.0,0.0,2024-11-24
T348826,2024-11,155603.0,93362.0,0.0,2024-12-06
T348826,2024-12,511779.0,307067.0,0.0,2025-01-06
T348826,2025-01,472893.0,283736.0,0.0,2025-02-12
T348826,2025-02,278449.0,167070.0,0.0,2025-03-14
T348826,2025-03,650652.0,390391.0,0.0,2025-04-17
T348826,2025-04,454321.0,272593.0,0.0,2025-05-16
T348826,2025-05,316223.0,189734.0,0.0,2025-06-07
T348826,2025-06,405256.0,243154.0,0.0,2025-07-18
T348826,2025-07,895500.0,537300.0,0.0,2025-08-17
T348826,2025-08,388188.0,232913.0,0.0,2025-09-21
T348826,2025-09,433311.0,259986.0,0.0,2025-10-17
T348826,2025-10,281939.0,169164.0,0.0,2025-11-16
T348826,2025-11,203526.0,122116.0,0.0,2025-12-06
T348826,2025-12,411754.0,247052.0,0.0,2026-01-22
T348826,2026-01,252161.0,151296.0,0.0,2026-02-23
T348826,2026-02,1143393.0,686036.0,0.0,2026-03-13
T348826,2026-03,623163.0,373898.0,0.0,2026-04-19
T348826,2026-04,308681.0,185209.0,0.0,2026-05-16
T348826,2026-05,236039.0,141623.0,0.0,2026-06-19
T348826,2026-06,80109.0,48066.0,0.0,2026-07-16
T348826,2026-07,186362.0,111817.0,0.0,2026-08-21
T348826,2026-08,569531.0,341719.0,0.0,2026-09-14
T348826,2026-09,718285.0,430971.0,0.0,2026-10-17
T435053,2024-10,215304.0,129183.0,0.0,2024-11-22
T435053,2024-11,647088.0,388253.0,0.0,2024-12-06
T435053,2024-12,361250.0,216750.0,0.0,2025-01-09
T435053,2025-01,573869.0,344322.0,0.0,2025-02-09
T435053,2025-02,268528.0,161117.0,0.0,2025-03-09
T435053,2025-03,1084319.0,650591.0,0.0,2025-04-22
T435053,2025-04,296338.0,177803.0,0.0,2025-05-21
T435053,2025-05,652042.0,391225.0,0.0,2025-06-12
T435053,2025-06,512323.0,307394.0,0.0,2025-07-17
T435053,2025-07,451449.0,270870.0,0.0,2025-08-13
T435053,2025-08,747376.0,448426.0,0.0,2025-09-15
T435053,2025-09,495006.0,297004.0,0.0,2025-10-09
T435053,2025-10,525662.0,315397.0,0.0,2025-11-12
T435053,2025-11,279287.0,167572.0,0.0,2025-12-06
T435053,2025-12,509045.0,305427.0,0.0,2026-01-19
T435053,2026-01,1041154.0,624693.0,0.0,2026-02-20
T435053,2026-02,420171.0,252102.0,0.0,2026-03-23
T435053,2026-03,589943.0,353966.0,0.0,2026-04-24
T435053,2026-04,922133.0,553280.0,0.0,2026-05-11
T435053,2026-05,478330.0,286998.0,0.0,2026-06-06
T435053,2026-06,558899.0,335340.0,0.0,2026-07-10
T435053,2026-07,351545.0,210927.0,0.0,2026-08-08
T435053,2026-08,208867.0,125320.0,0.0,2026-09-06
T435053,2026-09,408110.0,244866.0,0.0,2026-10-09
T995767,2024-10,413224.0,247935.0,0.0,2024-11-23
T995767,2024-11,619899.0,371939.0,0.0,2024-12-18
T995767,2024-12,176550.0,105930.0,0.0,2025-01-05
T995767,2025-01,142903.0,85742.0,0.0,2025-02-07
T995767,2025-02,1017213.0,610328.0,0.0,2025-03-07
T995767,2025-03,219421.0,131653.0,0.0,2025-04-13
T995767,2025-04,717220.0,430332.0,0.0,2025-05-18
T995767,2025-05,446423.0,267854.0,0.0,2025-06-06
T995767,2025-06,371037.0,222622.0,0.0,2025-07-14
T995767,2025-07,323493.0,194096.0,0.0,2025-08-15
T995767,2025-08,673878.0,404327.0,0.0,2025-09-19
T995767,2025-09,1123997.0,674398.0,0.0,2025-10-06
T995767,2025-10,262965.0,157779.0,0.0,2025-11-18
T995767,2025-11,406524.0,243914.0,0.0,2025-12-22
T995767,2025-12,650415.0,390249.0,0.0,2026-01-10
T995767,2026-01,867070.0,520242.0,0.0,2026-02-05
T995767,2026-02,392703.0,235622.0,0.0,2026-03-08
T995767,2026-03,293026.0,175816.0,0.0,2026-04-18
T995767,2026-04,282488.0,169493.0,0.0,2026-05-07
T995767,2026-05,448367.0,269020.0,0.0,2026-06-21
T995767,2026-06,413745.0,248247.0,0.0,2026-07-15
T995767,2026-07,334222.0,200533.0,0.0,2026-08-19
T995767,2026-08,1141576.0,684946.0,0.0,2026-09-18
T995767,2026-09,834828.0,500897.0,0.0,2026-10-06
T414290,2024-10,178639.0,107183.0,0.0,2024-11-21
T414290,2024-11,318554.0,191133.0,0.0,2024-12-20
T414290,2024-12,1171071.0,702643.0,0.0,2025-01-14
T414290,2025-01,353481.0,212089.0,0.0,2025-02-13
T414290,2025-02,374908.0,224945.0,0.0,2025-03-07
T414290,2025-03,266316.0,159789.0,0.0,2025-04-16
T414290,2025-04,371369.0,222821.0,0.0,2025-05-08
T414290,2025-05,916937.0,550162.0,0.0,2025-06-11
T414290,2025-06,266450.0,159870.0,0.0,2025-07-10
T414290,2025-07,611768.0,367061.0,0.0,2025-08-12
T414290,2025-08,327316.0,196390.0,0.0,2025-09-22
T414290,2025-09,412541.0,247525.0,0.0,2025-10-21
T414290,2025-10,274401.0,164641.0,0.0,2025-11-17
T414290,2025-11,99046.0,59428.0,0.0,2025-12-10
T414290,2025-12,454898.0,272939.0,0.0,2026-01-15
T414290,2026-01,207757.0,124654.0,0.0,2026-02-20
T414290,2026-02,851654.0,510993.0,0.0,2026-03-12
T414290,2026-03,410468.0,246281.0,0.0,2026-04-13
T414290,2026-04,382163.0,229298.0,0.0,2026-05-20
T414290,2026-05,617790.0,370674.0,0.0,2026-06-16
T414290,2026-06,803679.0,482207.0,0.0,2026-07-10
T414290,2026-07,438181.0,262909.0,0.0,2026-08-21
T414290,2026-08,165305.0,99183.0,0.0,2026-09-09
T414290,2026-09,487135.0,292281.0,0.0,2026-10-10
T882569,2024-10,573265.0,343959.0,0.0,2024-11-18
T882569,2024-11,530042.0,318025.0,0.0,2024-12-06
T882569,2024-12,1035905.0,621543.0,0.0,2025-01-09
T882569,2025-01,593049.0,355829.0,0.0,2025-02-18
T882569,2025-02,328233.0,196940.0,0.0,2025-03-23
T882569,2025-03,309781.0,185868.0,0.0,2025-04-11
T882569,2025-04,551309.0,330785.0,0.0,2025-05-09
T882569,2025-05,155864.0,93518.0,0.0,2025-06-16
T882569,2025-06,237413.0,142448.0,0.0,2025-07-21
T882569,2025-07,587501.0,352501.0,0.0,2025-08-15
T882569,2025-08,366903.0,220142.0,0.0,2025-09-24
T882569,2025-09,907107.0,544264.0,0.0,2025-10-12
T882569,2025-10,445698.0,267419.0,0.0,2025-11-13
T882569,2025-11,450544.0,270327.0,0.0,2025-12-20
T882569,2025-12,621632.0,372979.0,0.0,2026-01-12
T882569,2026-01,603409.0,362045.0,0.0,2026-02-23
T882569,2026-02,523421.0,314052.0,0.0,2026-03-12
T882569,2026-03,1148023.0,688814.0,0.0,2026-04-05
T882569,2026-04,475113.0,285068.0,0.0,2026-05-17
T882569,2026-05,420322.0,252193.0,0.0,2026-06-06
T882569,2026-06,862027.0,517216.0,0.0,2026-07-23
T882569,2026-07,750647.0,450388.0,0.0,2026-08-22
T882569,2026-08,676132.0,405679.0,0.0,2026-09-12
T882569,2026-09,240735.0,144441.0,0.0,2026-10-11
T583964,2024-10,499506.0,299704.0,0.0,2024-11-09
T583964,2024-11,469833.0,281900.0,0.0,2024-12-16
T583964,2024-12,189732.0,113839.0,0.0,2025-01-15
T583964,2025-01,273778.0,164267.0,0.0,2025-02-15
T583964,2025-02,409781.0,245869.0,0.0,2025-03-09
T583964,2025-03,376722.0,226033.0,0.0,2025-04-07
T583964,2025-04,111496.0,66897.0,0.0,2025-05-23
T583964,2025-05,477353.0,286412.0,0.0,2025-06-15
T583964,2025-06,439908.0,263945.0,0.0,2025-07-14
T583964,2025-07,489765.0,293859.0,0.0,2025-08-21
T583964,2025-08,486465.0,291879.0,0.0,2025-09-14
T583964,2025-09,369036.0,221422.0,0.0,2025-10-16
T583964,2025-10,142248.0,85349.0,0.0,2025-11-21
T583964,2025-11,821311.0,492787.0,0.0,2025-12-09
T583964,2025-12,330445.0,198267.0,0.0,2026-01-23
T583964,2026-01,1585980.0,951588.0,0.0,2026-02-20
T583964,2026-02,410327.0,246196.0,0.0,2026-03-20
T583964,2026-03,560577.0,336346.0,0.0,2026-04-15
T583964,2026-04,277306.0,166384.0,0.0,2026-05-23
T583964,2026-05,244327.0,146596.0,0.0,2026-06-14
T583964,2026-06,402707.0,241624.0,0.0,2026-07-07
T583964,2026-07,476592.0,285955.0,0.0,2026-08-11
T583964,2026-08,142381.0,85429.0,0.0,2026-09-18
T583964,2026-09,233025.0,139815.0,0.0,2026-10-11
T309885,2024-10,395910.0,237546.0,0.0,2024-11-19
T309885,2024-11,347942.0,208765.0,0.0,2024-12-21
T309885,2024-12,339080.0,203448.0,0.0,2025-01-22
T309885,2025-01,721141.0,432685.0,0.0,2025-02-18
T309885,2025-02,460152.0,276091.0,0.0,2025-03-18
T309885,2025-03,275993.0,165596.0,0.0,2025-04-05
T309885,2025-04,414230.0,248538.0,0.0,2025-05-19
T309885,2025-05,566835.0,340101.0,0.0,2025-06-14
T309885,2025-06,634549.0,380730.0,0.0,2025-07-09
T309885,2025-07,362969.0,217781.0,0.0,2025-08-21
T309885,2025-08,186710.0,112026.0,0.0,2025-09-22
T309885,2025-09,429868.0,257921.0,0.0,2025-10-06
T309885,2025-10,457809.0,274685.0,0.0,2025-11-06
T309885,2025-11,971404.0,582842.0,0.0,2025-12-12
T309885,2025-12,557512.0,334507.0,0.0,2026-01-08
T309885,2026-01,465117.0,279070.0,0.0,2026-02-16
T309885,2026-02,478293.0,286976.0,0.0,2026-03-17
T309885,2026-03,246952.0,148171.0,0.0,2026-04-12
T309885,2026-04,688080.0,412848.0,0.0,2026-05-15
T309885,2026-05,1189064.0,713438.0,0.0,2026-06-06
T309885,2026-06,243383.0,146030.0,0.0,2026-07-18
T309885,2026-07,500620.0,300372.0,0.0,2026-08-12
T309885,2026-08,533062.0,319837.0,0.0,2026-09-13
T309885,2026-09,570885.0,342531.0,0.0,2026-10-09
T433426,2024-10,505353.0,303212.0,0.0,2024-11-24
T433426,2024-11,385751.0,231451.0,0.0,2024-12-14
T433426,2024-12,219501.0,131701.0,0.0,2025-01-11
T433426,2025-01,330028.0,198017.0,0.0,2025-02-23
T433426,2025-02,588691.0,353215.0,0.0,2025-03-21
T433426,2025-03,609324.0,365594.0,0.0,2025-04-10
T433426,2025-04,382673.0,229604.0,0.0,2025-05-06
T433426,2025-05,330826.0,198496.0,0.0,2025-06-18
T433426,2025-06,422058.0,253235.0,0.0,2025-07-22
T433426,2025-07,742297.0,445378.0,0.0,2025-08-23
T433426,2025-08,761337.0,456802.0,0.0,2025-09-07
T433426,2025-09,1020693.0,612416.0,0.0,2025-10-13
T433426,2025-10,530060.0,318036.0,0.0,2025-11-23
T433426,2025-11,401920.0,241152.0,0.0,2025-12-18
T433426,2025-12,682484.0,409490.0,0.0,2026-01-16
T433426,2026-01,282017.0,169210.0,0.0,2026-02-05
T433426,2026-02,189498.0,113699.0,0.0,2026-03-22
T433426,2026-03,245853.0,147512.0,0.0,2026-04-12
T433426,2026-04,212962.0,127777.0,0.0,2026-05-17
T433426,2026-05,648739.0,389244.0,0.0,2026-06-15
T433426,2026-06,371973.0,223184.0,0.0,2026-07-15
T433426,2026-07,406890.0,244134.0,0.0,2026-08-16
T433426,2026-08,328680.0,197208.0,0.0,2026-09-16
T433426,2026-09,229517.0,137710.0,0.0,2026-10-15
T441421,2024-10,513407.0,308044.0,0.0,2024-11-12
T441421,2024-11,378106.0,226864.0,0.0,2024-12-08
T441421,2024-12,404375.0,242625.0,0.0,2025-01-15
T441421,2025-01,466786.0,280071.0,0.0,2025-02-23
T441421,2025-02,194110.0,116466.0,0.0,2025-03-23
T441421,2025-03,723985.0,434391.0,0.0,2025-04-14
T441421,2025-04,157276.0,94366.0,0.0,2025-05-16
T441421,2025-05,340714.0,204428.0,0.0,2025-06-05
T441421,2025-06,746921.0,448153.0,0.0,2025-07-16
T441421,2025-07,240081.0,144049.0,0.0,2025-08-15
T441421,2025-08,370728.0,222437.0,0.0,2025-09-08
T441421,2025-09,194652.0,116791.0,0.0,2025-10-13
T441421,2025-10,448907.0,269344.0,0.0,2025-11-23
T441421,2025-11,406392.0,243835.0,0.0,2025-12-21
T441421,2025-12,292814.0,175688.0,0.0,2026-01-24
T441421,2026-01,689099.0,413459.0,0.0,2026-02-13
T441421,2026-02,551510.0,330906.0,0.0,2026-03-19
T441421,2026-03,306437.0,183862.0,0.0,2026-04-07
T441421,2026-04,184748.0,110849.0,0.0,2026-05-06
T441421,2026-05,191283.0,114770.0,0.0,2026-06-20
T441421,2026-06,366594.0,219956.0,0.0,2026-07-10
T441421,2026-07,432148.0,259289.0,0.0,2026-08-06
T441421,2026-08,841067.0,504640.0,0.0,2026-09-20
T441421,2026-09,234456.0,140674.0,0.0,2026-10-17
T318739,2024-10,699882.0,419929.0,0.0,2024-11-19
T318739,2024-11,527083.0,316250.0,0.0,2024-12-21
T318739,2024-12,443533.0,266120.0,0.0,2025-01-08
T318739,2025-01,435166.0,261100.0,0.0,2025-02-20
T318739,2025-02,482119.0,289272.0,0.0,2025-03-19
T318739,2025-03,468219.0,280932.0,0.0,2025-04-21
T318739,2025-04,416842.0,250105.0,0.0,2025-05-15
T318739,2025-05,485264.0,291158.0,0.0,2025-06-24
T318739,2025-06,125551.0,75331.0,0.0,2025-07-18
T318739,2025-07,404133.0,242480.0,0.0,2025-08-15
T318739,2025-08,716087.0,429652.0,0.0,2025-09-19
T318739,2025-09,456082.0,273649.0,0.0,2025-10-14
T318739,2025-10,453409.0,272046.0,0.0,2025-11-13
T318739,2025-11,634197.0,380518.0,0.0,2025-12-13
T318739,2025-12,156153.0,93692.0,0.0,2026-01-05
T318739,2026-01,237522.0,142513.0,0.0,2026-02-11
T318739,2026-02,477843.0,286706.0,0.0,2026-03-10
T318739,2026-03,276211.0,165726.0,0.0,2026-04-17
T318739,2026-04,303657.0,182194.0,0.0,2026-05-11
T318739,2026-05,333360.0,200016.0,0.0,2026-06-12
T318739,2026-06,384949.0,230969.0,0.0,2026-07-11
T318739,2026-07,515669.0,309401.0,0.0,2026-08-17
T318739,2026-08,290301.0,174181.0,0.0,2026-09-11
T318739,2026-09,259792.0,155875.0,0.0,2026-10-23
T941707,2024-10,327100.0,196260.0,0.0,2024-11-23
T941707,2024-11,204880.0,122928.0,0.0,2024-12-18
T941707,2024-12,553472.0,332083.0,0.0,2025-01-05
T941707,2025-01,378690.0,227214.0,0.0,2025-02-18
T941707,2025-02,487660.0,292596.0,0.0,2025-03-08
T941707,2025-03,386401.0,231840.0,0.0,2025-04-11
T941707,2025-04,407160.0,244296.0,0.0,2025-05-18
T941707,2025-05,1100165.0,660099.0,0.0,2025-06-21
T941707,2025-06,380742.0,228445.0,0.0,2025-07-23
T941707,2025-07,345487.0,207292.0,0.0,2025-08-21
T941707,2025-08,162359.0,97416.0,0.0,2025-09-10
T941707,2025-09,246307.0,147784.0,0.0,2025-10-06
T941707,2025-10,600416.0,360250.0,0.0,2025-11-20
T941707,2025-11,208409.0,125045.0,0.0,2025-12-08
T941707,2025-12,169510.0,101706.0,0.0,2026-01-19
T941707,2026-01,652202.0,391321.0,0.0,2026-02-21
T941707,2026-02,772609.0,463565.0,0.0,2026-03-23
T941707,2026-03,525163.0,315098.0,0.0,2026-04-12
T941707,2026-04,463789.0,278273.0,0.0,2026-05-18
T941707,2026-05,526467.0,315880.0,0.0,2026-06-05
T941707,2026-06,618037.0,370822.0,0.0,2026-07-05
T941707,2026-07,427362.0,256417.0,0.0,2026-08-12
T941707,2026-08,371668.0,223001.0,0.0,2026-09-06
T941707,2026-09,559333.0,335600.0,0.0,2026-10-05
T333595,2024-10,1163747.0,698248.0,0.0,2024-11-09
T333595,2024-11,278726.0,167236.0,0.0,2024-12-11
T333595,2024-12,229796.0,137878.0,0.0,2025-01-10
T333595,2025-01,573958.0,344375.0,0.0,2025-02-09
T333595,2025-02,430094.0,258056.0,0.0,2025-03-12
T333595,2025-03,480308.0,288185.0,0.0,2025-04-15
T333595,2025-04,127007.0,76204.0,0.0,2025-05-16
T333595,2025-05,465729.0,279437.0,0.0,2025-06-14
T333595,2025-06,187786.0,112671.0,0.0,2025-07-15
T333595,2025-07,293502.0,176101.0,0.0,2025-08-05
T333595,2025-08,394671.0,236802.0,0.0,2025-09-06
T333595,2025-09,635592.0,381355.0,0.0,2025-10-21
T333595,2025-10,461705.0,277023.0,0.0,2025-11-06
T333595,2025-11,145984.0,87590.0,0.0,2025-12-12
T333595,2025-12,411175.0,246705.0,0.0,2026-01-10
T333595,2026-01,338716.0,203229.0,0.0,2026-02-14
T333595,2026-02,358759.0,215255.0,0.0,2026-03-20
T333595,2026-03,835504.0,501302.0,0.0,2026-04-05
T333595,2026-04,980936.0,588562.0,0.0,2026-05-09
T333595,2026-05,241586.0,144952.0,0.0,2026-06-20
T333595,2026-06,454358.0,272615.0,0.0,2026-07-21
T333595,2026-07,459864.0,275918.0,0.0,2026-08-09
T333595,2026-08,234456.0,140673.0,0.0,2026-09-12
T333595,2026-09,385657.0,231394.0,0.0,2026-10-10
T271063,2024-10,412284.0,247370.0,0.0,2024-11-16
T271063,2024-11,930019.0,558011.0,0.0,2024-12-19
T271063,2024-12,279482.0,167689.0,0.0,2025-01-23
T271063,2025-01,394009.0,236405.0,0.0,2025-02-22
T271063,2025-02,508308.0,304985.0,0.0,2025-03-15
T271063,2025-03,317348.0,190409.0,0.0,2025-04-20
T271063,2025-04,597780.0,358668.0,0.0,2025-05-22
T271063,2025-05,892020.0,535212.0,0.0,2025-06-20
T271063,2025-06,679491.0,407695.0,0.0,2025-07-14
T271063,2025-07,326408.0,195845.0,0.0,2025-08-24
T271063,2025-08,358343.0,215006.0,0.0,2025-09-10
T271063,2025-09,188955.0,113373.0,0.0,2025-10-14
T271063,2025-10,196544.0,117926.0,0.0,2025-11-06
T271063,2025-11,293413.0,176048.0,0.0,2025-12-12
T271063,2025-12,302466.0,181480.0,0.0,2026-01-09
T271063,2026-01,912256.0,547353.0,0.0,2026-02-21
T271063,2026-02,453633.0,272180.0,0.0,2026-03-18
T271063,2026-03,641751.0,385051.0,0.0,2026-04-13
T271063,2026-04,413219.0,247931.0,0.0,2026-05-13
T271063,2026-05,288621.0,173173.0,0.0,2026-06-15
T271063,2026-06,427152.0,256291.0,0.0,2026-07-21
T271063,2026-07,486080.0,291648.0,0.0,2026-08-09
T271063,2026-08,199138.0,119483.0,0.0,2026-09-09
T271063,2026-09,481254.0,288752.0,0.0,2026-10-09
T104046,2024-10,389337.0,233602.0,0.0,2024-11-06
T104046,2024-11,391254.0,234752.0,0.0,2024-12-10
T104046,2024-12,365032.0,219019.0,0.0,2025-01-07
T104046,2025-01,1322001.0,793200.0,0.0,2025-02-10
T104046,2025-02,558133.0,334880.0,0.0,2025-03-07
T104046,2025-03,284892.0,170935.0,0.0,2025-04-21
T104046,2025-04,371175.0,222705.0,0.0,2025-05-10
T104046,2025-05,406879.0,244127.0,0.0,2025-06-13
T104046,2025-06,267134.0,160280.0,0.0,2025-07-11
T104046,2025-07,444024.0,266414.0,0.0,2025-08-20
T104046,2025-08,295129.0,177077.0,0.0,2025-09-12
T104046,2025-09,241163.0,144698.0,0.0,2025-10-17
T104046,2025-10,409649.0,245789.0,0.0,2025-11-19
T104046,2025-11,173880.0,104328.0,0.0,2025-12-18
T104046,2025-12,167914.0,100748.0,0.0,2026-01-15
T104046,2026-01,381716.0,229030.0,0.0,2026-02-12
T104046,2026-02,536016.0,321610.0,0.0,2026-03-22
T104046,2026-03,456138.0,273683.0,0.0,2026-04-14
T104046,2026-04,444664.0,266798.0,0.0,2026-05-15
T104046,2026-05,783823.0,470294.0,0.0,2026-06-10
T104046,2026-06,271544.0,162926.0,0.0,2026-07-13
T104046,2026-07,426605.0,255963.0,0.0,2026-08-20
T104046,2026-08,555767.0,333460.0,0.0,2026-09-22
T104046,2026-09,455495.0,273297.0,0.0,2026-10-21
T470183,2024-10,617085.0,370251.0,0.0,2024-11-19
T470183,2024-11,1080987.0,648592.0,0.0,2024-12-16
T470183,2024-12,533780.0,320268.0,0.0,2025-01-14
T470183,2025-01,508078.0,304847.0,0.0,2025-02-14
T470183,2025-02,486956.0,292174.0,0.0,2025-03-06
T470183,2025-03,350245.0,210147.0,0.0,2025-04-09
T470183,2025-04,350060.0,210036.0,0.0,2025-05-06
T470183,2025-05,407152.0,244291.0,0.0,2025-06-15
T470183,2025-06,418936.0,251361.0,0.0,2025-07-12
T470183,2025-07,334784.0,200870.0,0.0,2025-08-05
T470183,2025-08,328065.0,196839.0,0.0,2025-09-16
T470183,2025-09,241466.0,144880.0,0.0,2025-10-08
T470183,2025-10,860682.0,516409.0,0.0,2025-11-05
T470183,2025-11,356464.0,213878.0,0.0,2025-12-22
T470183,2025-12,485063.0,291038.0,0.0,2026-01-14
T470183,2026-01,573473.0,344084.0,0.0,2026-02-17
T470183,2026-02,667343.0,400406.0,0.0,2026-03-08
T470183,2026-03,719897.0,431938.0,0.0,2026-04-24
T470183,2026-04,438245.0,262947.0,0.0,2026-05-11
T470183,2026-05,466253.0,279752.0,0.0,2026-06-12
T470183,2026-06,263984.0,158391.0,0.0,2026-07-19
T470183,2026-07,331020.0,198612.0,0.0,2026-08-12
T470183,2026-08,648281.0,388968.0,0.0,2026-09-11
T470183,2026-09,595501.0,357301.0,0.0,2026-10-19
T173674,2024-10,388433.0,233060.0,0.0,2024-11-13
T173674,2024-11,992903.0,595742.0,0.0,2024-12-13
T173674,2024-12,360887.0,216532.0,0.0,2025-01-06
T173674,2025-01,716944.0,430166.0,0.0,2025-02-07
T173674,2025-02,479870.0,287922.0,0.0,2025-03-10
T173674,2025-03,549864.0,329918.0,0.0,2025-04-24
T173674,2025-04,574401.0,344641.0,0.0,2025-05-20
T173674,2025-05,314928.0,188957.0,0.0,2025-06-14
T173674,2025-06,264754.0,158852.0,0.0,2025-07-05
T173674,2025-07,542344.0,325406.0,0.0,2025-08-21
T173674,2025-08,522107.0,313264.0,0.0,2025-09-06
T173674,2025-09,457453.0,274472.0,0.0,2025-10-08
T173674,2025-10,426269.0,255761.0,0.0,2025-11-09
T173674,2025-11,447267.0,268360.0,0.0,2025-12-18
T173674,2025-12,402389.0,241434.0,0.0,2026-01-06
T173674,2026-01,315669.0,189402.0,0.0,2026-02-11
T173674,2026-02,434869.0,260921.0,0.0,2026-03-23
T173674,2026-03,253807.0,152284.0,0.0,2026-04-13
T173674,2026-04,559878.0,335927.0,0.0,2026-05-13
T173674,2026-05,362808.0,217685.0,0.0,2026-06-23
T173674,2026-06,709880.0,425928.0,0.0,2026-07-24
T173674,2026-07,256781.0,154069.0,0.0,2026-08-17
T173674,2026-08,320045.0,192027.0,0.0,2026-09-20
T173674,2026-09,523443.0,314066.0,0.0,2026-10-12
T332252,2024-10,233310.0,139986.0,0.0,2024-11-20
T332252,2024-11,290003.0,174002.0,0.0,2024-12-06
T332252,2024-12,383360.0,230016.0,0.0,2025-01-23
T332252,2025-01,822025.0,493215.0,0.0,2025-02-16
T332252,2025-02,397009.0,238206.0,0.0,2025-03-16
T332252,2025-03,161663.0,96998.0,0.0,2025-04-14
T332252,2025-04,579306.0,347583.0,0.0,2025-05-22
T332252,2025-05,209746.0,125847.0,0.0,2025-06-23
T332252,2025-06,433549.0,260130.0,0.0,2025-07-12
T332252,2025-07,423412.0,254047.0,0.0,2025-08-05
T332252,2025-08,380578.0,228347.0,0.0,2025-09-22
T332252,2025-09,566353.0,339812.0,0.0,2025-10-14
T332252,2025-10,203477.0,122086.0,0.0,2025-11-17
T332252,2025-11,307848.0,184709.0,0.0,2025-12-05
T332252,2025-12,149537.0,89722.0,0.0,2026-01-15
T332252,2026-01,266873.0,160124.0,0.0,2026-02-16
T332252,2026-02,311216.0,186730.0,0.0,2026-03-22
T332252,2026-03,1221014.0,732609.0,0.0,2026-04-07
T332252,2026-04,890718.0,534431.0,0.0,2026-05-13
T332252,2026-05,732506.0,439504.0,0.0,2026-06-21
T332252,2026-06,417757.0,250654.0,0.0,2026-07-20
T332252,2026-07,650899.0,390539.0,0.0,2026-08-17
T332252,2026-08,487253.0,292352.0,0.0,2026-09-07
T332252,2026-09,495196.0,297118.0,0.0,2026-10-11
T143298,2024-10,174135.0,104481.0,0.0,2024-11-23
T143298,2024-11,649243.0,389546.0,0.0,2024-12-05
T143298,2024-12,1088380.0,653028.0,0.0,2025-01-23
T143298,2025-01,829872.0,497923.0,0.0,2025-02-23
T143298,2025-02,334505.0,200703.0,0.0,2025-03-18
T143298,2025-03,338478.0,203087.0,0.0,2025-04-22
T143298,2025-04,162193.0,97316.0,0.0,2025-05-21
T143298,2025-05,229591.0,137754.0,0.0,2025-06-19
T143298,2025-06,530739.0,318444.0,0.0,2025-07-11
T143298,2025-07,458827.0,275296.0,0.0,2025-08-21
T143298,2025-08,414254.0,248553.0,0.0,2025-09-08
T143298,2025-09,179183.0,107510.0,0.0,2025-10-05
T143298,2025-10,694851.0,416910.0,0.0,2025-11-08
T143298,2025-11,753381.0,452029.0,0.0,2025-12-11
T143298,2025-12,357889.0,214733.0,0.0,2026-01-06
T143298,2026-01,595981.0,357589.0,0.0,2026-02-11
T143298,2026-02,192247.0,115348.0,0.0,2026-03-09
T143298,2026-03,242151.0,145290.0,0.0,2026-04-22
T143298,2026-04,390771.0,234463.0,0.0,2026-05-22
T143298,2026-05,502277.0,301366.0,0.0,2026-06-13
T143298,2026-06,355667.0,213400.0,0.0,2026-07-08
T143298,2026-07,406605.0,243963.0,0.0,2026-08-16
T143298,2026-08,279264.0,167559.0,0.0,2026-09-13
T143298,2026-09,201073.0,120644.0,0.0,2026-10-24
T552796,2024-10,290248.0,174149.0,0.0,2024-11-20
T552796,2024-11,416773.0,250064.0,0.0,2024-12-22
T552796,2024-12,325900.0,195540.0,0.0,2025-01-19
T552796,2025-01,556675.0,334005.0,0.0,2025-02-16
T552796,2025-02,424320.0,254592.0,0.0,2025-03-11
T552796,2025-03,260110.0,156066.0,0.0,2025-04-09
T552796,2025-04,694765.0,416859.0,0.0,2025-05-07
T552796,2025-05,258133.0,154880.0,0.0,2025-06-10
T552796,2025-06,215662.0,129397.0,0.0,2025-07-19
T552796,2025-07,474498.0,284699.0,0.0,2025-08-10
T552796,2025-08,258208.0,154925.0,0.0,2025-09-15
T552796,2025-09,437052.0,262231.0,0.0,2025-10-19
T552796,2025-10,166372.0,99823.0,0.0,2025-11-24
T552796,2025-11,398295.0,238977.0,0.0,2025-12-08
T552796,2025-12,268588.0,161153.0,0.0,2026-01-09
T552796,2026-01,288996.0,173397.0,0.0,2026-02-23
T552796,2026-02,658945.0,395367.0,0.0,2026-03-19
T552796,2026-03,385254.0,231153.0,0.0,2026-04-09
T552796,2026-04,597056.0,358234.0,0.0,2026-05-11
T552796,2026-05,294114.0,176468.0,0.0,2026-06-15
T552796,2026-06,635032.0,381019.0,0.0,2026-07-20
T552796,2026-07,307552.0,184531.0,0.0,2026-08-09
T552796,2026-08,936570.0,561942.0,0.0,2026-09-20
T552796,2026-09,437247.0,262348.0,0.0,2026-10-12
T465344,2024-10,390650.0,234390.0,0.0,2024-11-12
T465344,2024-11,519260.0,311556.0,0.0,2024-12-19
T465344,2024-12,224951.0,134970.0,0.0,2025-01-17
T465344,2025-01,411677.0,247006.0,0.0,2025-02-24
T465344,2025-02,235354.0,141212.0,0.0,2025-03-13
T465344,2025-03,482494.0,289496.0,0.0,2025-04-12
T465344,2025-04,162328.0,97397.0,0.0,2025-05-05
T465344,2025-05,158626.0,95176.0,0.0,2025-06-16
T465344,2025-06,267073.0,160244.0,0.0,2025-07-13
T465344,2025-07,553978.0,332387.0,0.0,2025-08-23
T465344,2025-08,378955.0,227373.0,0.0,2025-09-07
T465344,2025-09,360386.0,216232.0,0.0,2025-10-23
T465344,2025-10,239211.0,143527.0,0.0,2025-11-10
T465344,2025-11,498345.0,299007.0,0.0,2025-12-12
T465344,2025-12,264162.0,158497.0,0.0,2026-01-09
T465344,2026-01,267488.0,160493.0,0.0,2026-02-07
T465344,2026-02,830886.0,498532.0,0.0,2026-03-22
T465344,2026-03,234899.0,140940.0,0.0,2026-04-06
T465344,2026-04,316916.0,190150.0,0.0,2026-05-17
T465344,2026-05,255167.0,153100.0,0.0,2026-06-12
T465344,2026-06,325522.0,195313.0,0.0,2026-07-06
T465344,2026-07,471674.0,283004.0,0.0,2026-08-06
T465344,2026-08,528684.0,317211.0,0.0,2026-09-24
T465344,2026-09,160128.0,96077.0,0.0,2026-10-19
T881925,2024-10,496393.0,297836.0,0.0,2024-11-16
T881925,2024-11,152160.0,91296.0,0.0,2024-12-11
T881925,2024-12,691768.0,415061.0,0.0,2025-01-06
T881925,2025-01,320064.0,192039.0,0.0,2025-02-12
T881925,2025-02,217749.0,130649.0,0.0,2025-03-17
T881925,2025-03,286411.0,171846.0,0.0,2025-04-23
T881925,2025-04,385347.0,231208.0,0.0,2025-05-20
T881925,2025-05,573170.0,343902.0,0.0,2025-06-22
T881925,2025-06,745162.0,447097.0,0.0,2025-07-08
T881925,2025-07,668892.0,401335.0,0.0,2025-08-10
T881925,2025-08,394046.0,236428.0,0.0,2025-09-11
T881925,2025-09,805152.0,483091.0,0.0,2025-10-05
T881925,2025-10,240999.0,144599.0,0.0,2025-11-10
T881925,2025-11,320336.0,192202.0,0.0,2025-12-10
T881925,2025-12,416996.0,250198.0,0.0,2026-01-10
T881925,2026-01,538965.0,323379.0,0.0,2026-02-17
T881925,2026-02,519036.0,311421.0,0.0,2026-03-21
T881925,2026-03,440985.0,264591.0,0.0,2026-04-21
T881925,2026-04,315999.0,189599.0,0.0,2026-05-24
T881925,2026-05,215731.0,129439.0,0.0,2026-06-15
T881925,2026-06,347360.0,208416.0,0.0,2026-07-05
T881925,2026-07,389034.0,233420.0,0.0,2026-08-09
T881925,2026-08,390868.0,234521.0,0.0,2026-09-07
T881925,2026-09,281048.0,168629.0,0.0,2026-10-20
T692620,2024-10,561758.0,337055.0,0.0,2024-11-20
T692620,2024-11,271047.0,162628.0,0.0,2024-12-14
T692620,2024-12,511232.0,306739.0,0.0,2025-01-24
T692620,2025-01,386886.0,232131.0,0.0,2025-02-23
T692620,2025-02,324658.0,194795.0,0.0,2025-03-06
T692620,2025-03,381795.0,229077.0,0.0,2025-04-06
T692620,2025-04,354528.0,212717.0,0.0,2025-05-07
T692620,2025-05,549997.0,329998.0,0.0,2025-06-14
T692620,2025-06,661932.0,397159.0,0.0,2025-07-13
T692620,2025-07,377679.0,226608.0,0.0,2025-08-12
T692620,2025-08,540471.0,324282.0,0.0,2025-09-06
T692620,2025-09,290119.0,174071.0,0.0,2025-10-17
T692620,2025-10,499857.0,299914.0,0.0,2025-11-10
T692620,2025-11,403469.0,242081.0,0.0,2025-12-18
T692620,2025-12,657415.0,394449.0,0.0,2026-01-12
T692620,2026-01,271084.0,162650.0,0.0,2026-02-18
T692620,2026-02,387236.0,232341.0,0.0,2026-03-19
T692620,2026-03,267731.0,160639.0,0.0,2026-04-18
T692620,2026-04,444854.0,266912.0,0.0,2026-05-06
T692620,2026-05,808344.0,485007.0,0.0,2026-06-22
T692620,2026-06,675580.0,405348.0,0.0,2026-07-22
T692620,2026-07,331410.0,198846.0,0.0,2026-08-12
T692620,2026-08,405228.0,243137.0,0.0,2026-09-12
T692620,2026-09,377779.0,226667.0,0.0,2026-10-07
T815934,2024-10,144485.0,86691.0,0.0,2024-11-08
T815934,2024-11,702093.0,421256.0,0.0,2024-12-08
T815934,2024-12,255368.0,153221.0,0.0,2025-01-19
T815934,2025-01,225049.0,135029.0,0.0,2025-02-21
T815934,2025-02,338391.0,203034.0,0.0,2025-03-10
T815934,2025-03,465358.0,279215.0,0.0,2025-04-15
T815934,2025-04,168708.0,101225.0,0.0,2025-05-18
T815934,2025-05,438315.0,262989.0,0.0,2025-06-24
T815934,2025-06,876356.0,525813.0,0.0,2025-07-20
T815934,2025-07,235490.0,141294.0,0.0,2025-08-06
T815934,2025-08,431494.0,258897.0,0.0,2025-09-18
T815934,2025-09,189754.0,113852.0,0.0,2025-10-23
T815934,2025-10,290382.0,174229.0,0.0,2025-11-10
T815934,2025-11,417638.0,250583.0,0.0,2025-12-05
T815934,2025-12,453749.0,272249.0,0.0,2026-01-07
T815934,2026-01,432765.0,259659.0,0.0,2026-02-24
T815934,2026-02,807795.0,484677.0,0.0,2026-03-05
T815934,2026-03,785005.0,471003.0,0.0,2026-04-24
T815934,2026-04,315668.0,189401.0,0.0,2026-05-05
T815934,2026-05,521081.0,312649.0,0.0,2026-06-07
T815934,2026-06,746007.0,447604.0,0.0,2026-07-06
T815934,2026-07,948214.0,568929.0,0.0,2026-08-18
T815934,2026-08,470442.0,282265.0,0.0,2026-09-13
T815934,2026-09,1312306.0,787384.0,0.0,2026-10-20
T339370,2024-10,381092.0,228655.0,0.0,2024-11-17
T339370,2024-11,259914.0,155948.0,0.0,2024-12-05
T339370,2024-12,215858.0,129515.0,0.0,2025-01-17
T339370,2025-01,1148600.0,689160.0,0.0,2025-02-08
T339370,2025-02,212326.0,127396.0,0.0,2025-03-13
T339370,2025-03,495354.0,297212.0,0.0,2025-04-15
T339370,2025-04,121113.0,72668.0,0.0,2025-05-24
T339370,2025-05,190398.0,114239.0,0.0,2025-06-07
T339370,2025-06,509444.0,305666.0,0.0,2025-07-06
T339370,2025-07,331714.0,199029.0,0.0,2025-08-12
T339370,2025-08,493474.0,296084.0,0.0,2025-09-15
T339370,2025-09,240546.0,144327.0,0.0,2025-10-19
T339370,2025-10,885279.0,531168.0,0.0,2025-11-06
T339370,2025-11,134486.0,80691.0,0.0,2025-12-20
T339370,2025-12,186152.0,111691.0,0.0,2026-01-23
T339370,2026-01,338858.0,203315.0,0.0,2026-02-16
T339370,2026-02,253899.0,152340.0,0.0,2026-03-24
T339370,2026-03,249703.0,149822.0,0.0,2026-04-17
T339370,2026-04,256321.0,153793.0,0.0,2026-05-16
T339370,2026-05,345411.0,207246.0,0.0,2026-06-12
T339370,2026-06,355244.0,213146.0,0.0,2026-07-13
T339370,2026-07,154994.0,92996.0,0.0,2026-08-19
T339370,2026-08,688979.0,413387.0,0.0,2026-09-10
T339370,2026-09,361171.0,216703.0,0.0,2026-10-20
T638077,2024-10,385319.0,231191.0,0.0,2024-11-21
T638077,2024-11,442696.0,265617.0,0.0,2024-12-16
T638077,2024-12,232994.0,139796.0,0.0,2025-01-22
T638077,2025-01,421348.0,252809.0,0.0,2025-02-14
T638077,2025-02,272469.0,163481.0,0.0,2025-03-12
T638077,2025-03,264540.0,158724.0,0.0,2025-04-22
T638077,2025-04,590024.0,354014.0,0.0,2025-05-21
T638077,2025-05,1053366.0,632019.0,0.0,2025-06-05
T638077,2025-06,309225.0,185535.0,0.0,2025-07-13
T638077,2025-07,411237.0,246742.0,0.0,2025-08-19
T638077,2025-08,577674.0,346605.0,0.0,2025-09-10
T638077,2025-09,658064.0,394838.0,0.0,2025-10-16
T638077,2025-10,417577.0,250546.0,0.0,2025-11-09
T638077,2025-11,149521.0,89713.0,0.0,2025-12-18
T638077,2025-12,161464.0,96879.0,0.0,2026-01-06
T638077,2026-01,397041.0,238225.0,0.0,2026-02-15
T638077,2026-02,242220.0,145332.0,0.0,2026-03-14
T638077,2026-03,320006.0,192003.0,0.0,2026-04-06
T638077,2026-04,1108238.0,664943.0,0.0,2026-05-20
T638077,2026-05,453033.0,271820.0,0.0,2026-06-23
T638077,2026-06,330031.0,198019.0,0.0,2026-07-16
T638077,2026-07,400382.0,240229.0,0.0,2026-08-20
T638077,2026-08,281483.0,168890.0,0.0,2026-09-15
T638077,2026-09,261844.0,157107.0,0.0,2026-10-20
T946357,2024-10,318358.0,191015.0,0.0,2024-11-06
T946357,2024-11,385099.0,231060.0,0.0,2024-12-07
T946357,2024-12,1033165.0,619899.0,0.0,2025-01-11
T946357,2025-01,424432.0,254659.0,0.0,2025-02-21
T946357,2025-02,289250.0,173550.0,0.0,2025-03-05
T946357,2025-03,993720.0,596232.0,0.0,2025-04-12
T946357,2025-04,289659.0,173795.0,0.0,2025-05-09
T946357,2025-05,416223.0,249734.0,0.0,2025-06-17
T946357,2025-06,182802.0,109681.0,0.0,2025-07-24
T946357,2025-07,202166.0,121299.0,0.0,2025-08-23
T946357,2025-08,957969.0,574781.0,0.0,2025-09-17
T946357,2025-09,166695.0,100017.0,0.0,2025-10-05
T946357,2025-10,333283.0,199970.0,0.0,2025-11-10
T946357,2025-11,130378.0,78227.0,0.0,2025-12-20
T946357,2025-12,428197.0,256918.0,0.0,2026-01-12
T946357,2026-01,1208828.0,725297.0,0.0,2026-02-13
T946357,2026-02,876503.0,525902.0,0.0,2026-03-17
T946357,2026-03,232010.0,139206.0,0.0,2026-04-11
T946357,2026-04,560460.0,336276.0,0.0,2026-05-20
T946357,2026-05,180950.0,108570.0,0.0,2026-06-07
T946357,2026-06,347181.0,208309.0,0.0,2026-07-09
T946357,2026-07,683673.0,410204.0,0.0,2026-08-19
T946357,2026-08,536016.0,321610.0,0.0,2026-09-22
T946357,2026-09,559134.0,335481.0,0.0,2026-10-13
T233228,2024-10,439688.0,263813.0,0.0,2024-11-21
T233228,2024-11,195321.0,117193.0,0.0,2024-12-08
T233228,2024-12,324382.0,194629.0,0.0,2025-01-22
T233228,2025-01,756972.0,454183.0,0.0,2025-02-10
T233228,2025-02,418496.0,251097.0,0.0,2025-03-09
T233228,2025-03,333973.0,200384.0,0.0,2025-04-22
T233228,2025-04,543108.0,325865.0,0.0,2025-05-17
T233228,2025-05,137775.0,82665.0,0.0,2025-06-13
T233228,2025-06,765944.0,459566.0,0.0,2025-07-17
T233228,2025-07,120839.0,72504.0,0.0,2025-08-19
T233228,2025-08,273580.0,164148.0,0.0,2025-09-10
T233228,2025-09,656945.0,394167.0,0.0,2025-10-17
T233228,2025-10,830209.0,498126.0,0.0,2025-11-12
T233228,2025-11,162168.0,97301.0,0.0,2025-12-12
T233228,2025-12,538743.0,323246.0,0.0,2026-01-12
T233228,2026-01,461792.0,277075.0,0.0,2026-02-21
T233228,2026-02,423061.0,253837.0,0.0,2026-03-17
T233228,2026-03,210815.0,126489.0,0.0,2026-04-19
T233228,2026-04,354134.0,212480.0,0.0,2026-05-24
T233228,2026-05,544062.0,326437.0,0.0,2026-06-14
T233228,2026-06,348876.0,209326.0,0.0,2026-07-24
T233228,2026-07,177044.0,106227.0,0.0,2026-08-11
T233228,2026-08,176864.0,106118.0,0.0,2026-09-05
T233228,2026-09,280764.0,168458.0,0.0,2026-10-08
T343640,2024-10,556033.0,333620.0,0.0,2024-11-23
T343640,2024-11,230121.0,138072.0,0.0,2024-12-08
T343640,2024-12,351186.0,210712.0,0.0,2025-01-23
T343640,2025-01,413866.0,248320.0,0.0,2025-02-16
T343640,2025-02,205816.0,123489.0,0.0,2025-03-09
T343640,2025-03,318083.0,190850.0,0.0,2025-04-20
T343640,2025-04,633711.0,380227.0,0.0,2025-05-13
T343640,2025-05,306017.0,183610.0,0.0,2025-06-07
T343640,2025-06,599054.0,359433.0,0.0,2025-07-07
T343640,2025-07,258846.0,155307.0,0.0,2025-08-19
T343640,2025-08,182803.0,109682.0,0.0,2025-09-19
T343640,2025-09,390798.0,234479.0,0.0,2025-10-07
T343640,2025-10,289729.0,173838.0,0.0,2025-11-10
T343640,2025-11,340813.0,204488.0,0.0,2025-12-20
T343640,2025-12,700023.0,420014.0,0.0,2026-01-17
T343640,2026-01,692787.0,415672.0,0.0,2026-02-23
T343640,2026-02,287153.0,172292.0,0.0,2026-03-18
T343640,2026-03,410504.0,246302.0,0.0,2026-04-13
T343640,2026-04,198331.0,118999.0,0.0,2026-05-10
T343640,2026-05,367295.0,220377.0,0.0,2026-06-21
T343640,2026-06,356737.0,214042.0,0.0,2026-07-15
T343640,2026-07,416261.0,249756.0,0.0,2026-08-20
T343640,2026-08,662261.0,397357.0,0.0,2026-09-06
T343640,2026-09,432322.0,259393.0,0.0,2026-10-23
T408226,2024-10,691364.0,414819.0,0.0,2024-11-10
T408226,2024-11,787924.0,472754.0,0.0,2024-12-07
T408226,2024-12,493654.0,296193.0,0.0,2025-01-07
T408226,2025-01,205608.0,123365.0,0.0,2025-02-10
T408226,2025-02,465939.0,279563.0,0.0,2025-03-22
T408226,2025-03,1016083.0,609650.0,0.0,2025-04-23
T408226,2025-04,243422.0,146053.0,0.0,2025-05-22
T408226,2025-05,520964.0,312578.0,0.0,2025-06-11
T408226,2025-06,110110.0,66066.0,0.0,2025-07-23
T408226,2025-07,284523.0,170714.0,0.0,2025-08-23
T408226,2025-08,344092.0,206455.0,0.0,2025-09-11
T408226,2025-09,674003.0,404402.0,0.0,2025-10-16
T408226,2025-10,545474.0,327285.0,0.0,2025-11-18
T408226,2025-11,685623.0,411374.0,0.0,2025-12-21
T408226,2025-12,397701.0,238621.0,0.0,2026-01-09
T408226,2026-01,288087.0,172852.0,0.0,2026-02-17
T408226,2026-02,374448.0,224669.0,0.0,2026-03-14
T408226,2026-03,1045679.0,627407.0,0.0,2026-04-14
T408226,2026-04,706873.0,424124.0,0.0,2026-05-13
T408226,2026-05,502006.0,301204.0,0.0,2026-06-06
T408226,2026-06,343065.0,205839.0,0.0,2026-07-06
T408226,2026-07,352603.0,211562.0,0.0,2026-08-10
T408226,2026-08,368647.0,221188.0,0.0,2026-09-18
T408226,2026-09,318609.0,191165.0,0.0,2026-10-09
T883755,2024-10,640886.0,384532.0,0.0,2024-11-12
T883755,2024-11,342352.0,205411.0,0.0,2024-12-15
T883755,2024-12,612073.0,367244.0,0.0,2025-01-10
T883755,2025-01,236692.0,142015.0,0.0,2025-02-13
T883755,2025-02,398741.0,239245.0,0.0,2025-03-24
T883755,2025-03,777443.0,466466.0,0.0,2025-04-05
T883755,2025-04,598354.0,359012.0,0.0,2025-05-12
T883755,2025-05,648257.0,388954.0,0.0,2025-06-05
T883755,2025-06,536658.0,321995.0,0.0,2025-07-08
T883755,2025-07,145143.0,87086.0,0.0,2025-08-10
T883755,2025-08,400161.0,240096.0,0.0,2025-09-15
T883755,2025-09,298918.0,179351.0,0.0,2025-10-18
T883755,2025-10,308693.0,185216.0,0.0,2025-11-15
T883755,2025-11,792978.0,475787.0,0.0,2025-12-24
T883755,2025-12,182332.0,109399.0,0.0,2026-01-14
T883755,2026-01,279602.0,167761.0,0.0,2026-02-11
T883755,2026-02,157331.0,94398.0,0.0,2026-03-11
T883755,2026-03,335821.0,201492.0,0.0,2026-04-06
T883755,2026-04,476551.0,285931.0,0.0,2026-05-20
T883755,2026-05,436341.0,261804.0,0.0,2026-06-05
T883755,2026-06,358836.0,215301.0,0.0,2026-07-09
T883755,2026-07,425665.0,255399.0,0.0,2026-08-05
T883755,2026-08,532550.0,319530.0,0.0,2026-09-21
T883755,2026-09,146869.0,88121.0,0.0,2026-10-24
T624612,2024-10,332529.0,199518.0,0.0,2024-11-18
T624612,2024-11,421533.0,252920.0,0.0,2024-12-08
T624612,2024-12,536908.0,322145.0,0.0,2025-01-16
T624612,2025-01,454050.0,272430.0,0.0,2025-02-24
T624612,2025-02,450896.0,270537.0,0.0,2025-03-16
T624612,2025-03,439788.0,263873.0,0.0,2025-04-22
T624612,2025-04,220180.0,132108.0,0.0,2025-05-18
T624612,2025-05,516078.0,309647.0,0.0,2025-06-05
T624612,2025-06,500165.0,300099.0,0.0,2025-07-11
T624612,2025-07,230081.0,138049.0,0.0,2025-08-09
T624612,2025-08,254164.0,152499.0,0.0,2025-09-24
T624612,2025-09,558589.0,335154.0,0.0,2025-10-05
T624612,2025-10,633955.0,380373.0,0.0,2025-11-19
T624612,2025-11,526746.0,316047.0,0.0,2025-12-23
T624612,2025-12,263831.0,158299.0,0.0,2026-01-11
T624612,2026-01,678204.0,406923.0,0.0,2026-02-07
T624612,2026-02,474333.0,284600.0,0.0,2026-03-15
T624612,2026-03,611514.0,366909.0,0.0,2026-04-21
T624612,2026-04,784048.0,470429.0,0.0,2026-05-16
T624612,2026-05,1030966.0,618580.0,0.0,2026-06-06
T624612,2026-06,340258.0,204155.0,0.0,2026-07-08
T624612,2026-07,404062.0,242437.0,0.0,2026-08-20
T624612,2026-08,391737.0,235042.0,0.0,2026-09-10
T624612,2026-09,350048.0,210029.0,0.0,2026-10-06
T145796,2024-10,204074.0,122444.0,0.0,2024-11-17
T145796,2024-11,283331.0,169999.0,0.0,2024-12-12
T145796,2024-12,227213.0,136328.0,0.0,2025-01-20
T145796,2025-01,273697.0,164218.0,0.0,2025-02-20
T145796,2025-02,416836.0,250102.0,0.0,2025-03-24
T145796,2025-03,416710.0,250026.0,0.0,2025-04-18
T145796,2025-04,429678.0,257807.0,0.0,2025-05-06
T145796,2025-05,656462.0,393877.0,0.0,2025-06-10
T145796,2025-06,549486.0,329691.0,0.0,2025-07-05
T145796,2025-07,246025.0,147615.0,0.0,2025-08-19
T145796,2025-08,666643.0,399986.0,0.0,2025-09-22
T145796,2025-09,895917.0,537550.0,0.0,2025-10-17
T145796,2025-10,357685.0,214611.0,0.0,2025-11-15
T145796,2025-11,824098.0,494459.0,0.0,2025-12-19
T145796,2025-12,484116.0,290470.0,0.0,2026-01-07
T145796,2026-01,121424.0,72854.0,0.0,2026-02-11
T145796,2026-02,286211.0,171727.0,0.0,2026-03-09
T145796,2026-03,385475.0,231285.0,0.0,2026-04-13
T145796,2026-04,424097.0,254458.0,0.0,2026-05-10
T145796,2026-05,930078.0,558047.0,0.0,2026-06-08
T145796,2026-06,170126.0,102076.0,0.0,2026-07-19
T145796,2026-07,591671.0,355002.0,0.0,2026-08-16
T145796,2026-08,246169.0,147702.0,0.0,2026-09-09
T145796,2026-09,566192.0,339715.0,0.0,2026-10-22
T194874,2024-10,490672.0,294403.0,0.0,2024-11-05
T194874,2024-11,445955.0,267573.0,0.0,2024-12-06
T194874,2024-12,437217.0,262330.0,0.0,2025-01-07
T194874,2025-01,703445.0,422067.0,0.0,2025-02-14
T194874,2025-02,570508.0,342305.0,0.0,2025-03-11
T194874,2025-03,424496.0,254697.0,0.0,2025-04-07
T194874,2025-04,447307.0,268384.0,0.0,2025-05-22
T194874,2025-05,181111.0,108667.0,0.0,2025-06-16
T194874,2025-06,676629.0,405978.0,0.0,2025-07-22
T194874,2025-07,751370.0,450822.0,0.0,2025-08-16
T194874,2025-08,153403.0,92042.0,0.0,2025-09-08
T194874,2025-09,507243.0,304346.0,0.0,2025-10-07
T194874,2025-10,329916.0,197949.0,0.0,2025-11-17
T194874,2025-11,225257.0,135154.0,0.0,2025-12-05
T194874,2025-12,843259.0,505955.0,0.0,2026-01-05
T194874,2026-01,790772.0,474463.0,0.0,2026-02-24
T194874,2026-02,626824.0,376094.0,0.0,2026-03-21
T194874,2026-03,180152.0,108091.0,0.0,2026-04-16
T194874,2026-04,617995.0,370797.0,0.0,2026-05-16
T194874,2026-05,632106.0,379263.0,0.0,2026-06-24
T194874,2026-06,655841.0,393504.0,0.0,2026-07-14
T194874,2026-07,361762.0,217057.0,0.0,2026-08-18
T194874,2026-08,1174384.0,704631.0,0.0,2026-09-13
T194874,2026-09,455898.0,273539.0,0.0,2026-10-22
T925234,2024-10,735570.0,441342.0,0.0,2024-11-24
T925234,2024-11,357665.0,214599.0,0.0,2024-12-22
T925234,2024-12,685303.0,411182.0,0.0,2025-01-21
T925234,2025-01,271226.0,162736.0,0.0,2025-02-17
T925234,2025-02,386102.0,231661.0,0.0,2025-03-18
T925234,2025-03,362708.0,217625.0,0.0,2025-04-08
T925234,2025-04,430445.0,258267.0,0.0,2025-05-12
T925234,2025-05,660049.0,396029.0,0.0,2025-06-12
T925234,2025-06,127569.0,76542.0,0.0,2025-07-15
T925234,2025-07,205119.0,123071.0,0.0,2025-08-19
T925234,2025-08,427459.0,256475.0,0.0,2025-09-19
T925234,2025-09,443757.0,266254.0,0.0,2025-10-15
T925234,2025-10,246735.0,148041.0,0.0,2025-11-09
T925234,2025-11,599983.0,359990.0,0.0,2025-12-05
T925234,2025-12,353459.0,212076.0,0.0,2026-01-23
T925234,2026-01,238371.0,143023.0,0.0,2026-02-12
T925234,2026-02,397440.0,238464.0,0.0,2026-03-12
T925234,2026-03,309274.0,185564.0,0.0,2026-04-14
T925234,2026-04,399245.0,239547.0,0.0,2026-05-19
T925234,2026-05,537373.0,322424.0,0.0,2026-06-12
T925234,2026-06,508643.0,305186.0,0.0,2026-07-07
T925234,2026-07,500934.0,300560.0,0.0,2026-08-09
T925234,2026-08,216639.0,129983.0,0.0,2026-09-17
T925234,2026-09,297546.0,178528.0,0.0,2026-10-09
T898390,2024-10,454880.0,272928.0,0.0,2024-11-13
T898390,2024-11,195738.0,117443.0,0.0,2024-12-21
T898390,2024-12,390871.0,234523.0,0.0,2025-01-05
T898390,2025-01,443475.0,266085.0,0.0,2025-02-07
T898390,2025-02,276766.0,166059.0,0.0,2025-03-10
T898390,2025-03,511704.0,307023.0,0.0,2025-04-23
T898390,2025-04,1044785.0,626871.0,0.0,2025-05-05
T898390,2025-05,268338.0,161003.0,0.0,2025-06-13
T898390,2025-06,562511.0,337507.0,0.0,2025-07-10
T898390,2025-07,512698.0,307619.0,0.0,2025-08-06
T898390,2025-08,443764.0,266258.0,0.0,2025-09-08
T898390,2025-09,367577.0,220546.0,0.0,2025-10-11
T898390,2025-10,288431.0,173059.0,0.0,2025-11-14
T898390,2025-11,274360.0,164616.0,0.0,2025-12-21
T898390,2025-12,283176.0,169905.0,0.0,2026-01-19
T898390,2026-01,559036.0,335422.0,0.0,2026-02-22
T898390,2026-02,490507.0,294304.0,0.0,2026-03-07
T898390,2026-03,746642.0,447985.0,0.0,2026-04-19
T898390,2026-04,672516.0,403510.0,0.0,2026-05-12
T898390,2026-05,373724.0,224234.0,0.0,2026-06-11
T898390,2026-06,434544.0,260726.0,0.0,2026-07-08
T898390,2026-07,1038756.0,623253.0,0.0,2026-08-14
T898390,2026-08,250566.0,150340.0,0.0,2026-09-14
T898390,2026-09,600311.0,360186.0,0.0,2026-10-14
T874922,2024-10,693933.0,416360.0,0.0,2024-11-17
T874922,2024-11,608048.0,364829.0,0.0,2024-12-18
T874922,2024-12,512180.0,307308.0,0.0,2025-01-20
T874922,2025-01,449332.0,269599.0,0.0,2025-02-16
T874922,2025-02,284540.0,170724.0,0.0,2025-03-12
T874922,2025-03,239653.0,143792.0,0.0,2025-04-22
T874922,2025-04,118536.0,71122.0,0.0,2025-05-07
T874922,2025-05,541887.0,325132.0,0.0,2025-06-22
T874922,2025-06,447570.0,268542.0,0.0,2025-07-18
T874922,2025-07,120621.0,72373.0,0.0,2025-08-17
T874922,2025-08,338380.0,203028.0,0.0,2025-09-14
T874922,2025-09,459970.0,275982.0,0.0,2025-10-23
T874922,2025-10,371281.0,222769.0,0.0,2025-11-09
T874922,2025-11,774084.0,464450.0,0.0,2025-12-24
T874922,2025-12,218890.0,131334.0,0.0,2026-01-16
T874922,2026-01,321629.0,192977.0,0.0,2026-02-23
T874922,2026-02,133013.0,79808.0,0.0,2026-03-11
T874922,2026-03,688887.0,413332.0,0.0,2026-04-14
T874922,2026-04,385938.0,231563.0,0.0,2026-05-13
T874922,2026-05,228781.0,137268.0,0.0,2026-06-14
T874922,2026-06,590221.0,354132.0,0.0,2026-07-16
T874922,2026-07,507290.0,304374.0,0.0,2026-08-21
T874922,2026-08,484242.0,290545.0,0.0,2026-09-16
T874922,2026-09,503365.0,302019.0,0.0,2026-10-09
T891705,2024-10,518779.0,311268.0,0.0,2024-11-22
T891705,2024-11,339682.0,203809.0,0.0,2024-12-19
T891705,2024-12,338781.0,203268.0,0.0,2025-01-07
T891705,2025-01,291121.0,174673.0,0.0,2025-02-18
T891705,2025-02,525634.0,315380.0,0.0,2025-03-16
T891705,2025-03,380755.0,228453.0,0.0,2025-04-23
T891705,2025-04,1403146.0,841888.0,0.0,2025-05-08
T891705,2025-05,483143.0,289886.0,0.0,2025-06-07
T891705,2025-06,313062.0,187837.0,0.0,2025-07-05
T891705,2025-07,187607.0,112564.0,0.0,2025-08-24
T891705,2025-08,721165.0,432699.0,0.0,2025-09-06
T891705,2025-09,322484.0,193491.0,0.0,2025-10-06
T891705,2025-10,308139.0,184883.0,0.0,2025-11-09
T891705,2025-11,656962.0,394177.0,0.0,2025-12-21
T891705,2025-12,551853.0,331112.0,0.0,2026-01-10
T891705,2026-01,284681.0,170809.0,0.0,2026-02-13
T891705,2026-02,661811.0,397087.0,0.0,2026-03-17
T891705,2026-03,210778.0,126467.0,0.0,2026-04-08
T891705,2026-04,536349.0,321809.0,0.0,2026-05-23
T891705,2026-05,341722.0,205033.0,0.0,2026-06-22
T891705,2026-06,727845.0,436707.0,0.0,2026-07-07
T891705,2026-07,437436.0,262461.0,0.0,2026-08-14
T891705,2026-08,153853.0,92312.0,0.0,2026-09-21
T891705,2026-09,1108726.0,665236.0,0.0,2026-10-05
T588314,2024-10,172760.0,103656.0,0.0,2024-11-09
T588314,2024-11,488643.0,293186.0,0.0,2024-12-18
T588314,2024-12,1977492.0,1186495.0,0.0,2025-01-20
T588314,2025-01,498933.0,299360.0,0.0,2025-02-17
T588314,2025-02,418296.0,250978.0,0.0,2025-03-11
T588314,2025-03,986436.0,591862.0,0.0,2025-04-22
T588314,2025-04,414979.0,248987.0,0.0,2025-05-14
T588314,2025-05,301379.0,180828.0,0.0,2025-06-16
T588314,2025-06,431381.0,258828.0,0.0,2025-07-08
T588314,2025-07,390254.0,234152.0,0.0,2025-08-07
T588314,2025-08,370466.0,222280.0,0.0,2025-09-07
T588314,2025-09,657677.0,394606.0,0.0,2025-10-14
T588314,2025-10,612542.0,367525.0,0.0,2025-11-19
T588314,2025-11,251026.0,150616.0,0.0,2025-12-05
T588314,2025-12,335766.0,201459.0,0.0,2026-01-07
T588314,2026-01,435184.0,261110.0,0.0,2026-02-18
T588314,2026-02,436038.0,261623.0,0.0,2026-03-24
T588314,2026-03,529538.0,317723.0,0.0,2026-04-07
T588314,2026-04,397257.0,238354.0,0.0,2026-05-07
T588314,2026-05,839652.0,503791.0,0.0,2026-06-09
T588314,2026-06,441024.0,264615.0,0.0,2026-07-13
T588314,2026-07,353016.0,211809.0,0.0,2026-08-17
T588314,2026-08,507003.0,304202.0,0.0,2026-09-06
T588314,2026-09,370948.0,222569.0,0.0,2026-10-16
T984485,2024-10,433139.0,259884.0,0.0,2024-11-05
T984485,2024-11,241422.0,144853.0,0.0,2024-12-14
T984485,2024-12,293331.0,175999.0,0.0,2025-01-22
T984485,2025-01,210491.0,126295.0,0.0,2025-02-18
T984485,2025-02,722469.0,433481.0,0.0,2025-03-10
T984485,2025-03,816783.0,490070.0,0.0,2025-04-08
T984485,2025-04,351999.0,211199.0,0.0,2025-05-20
T984485,2025-05,494421.0,296653.0,0.0,2025-06-12
T984485,2025-06,566490.0,339894.0,0.0,2025-07-21
T984485,2025-07,218534.0,131120.0,0.0,2025-08-06
T984485,2025-08,338473.0,203084.0,0.0,2025-09-10
T984485,2025-09,667758.0,400655.0,0.0,2025-10-14
T984485,2025-10,324739.0,194843.0,0.0,2025-11-16
T984485,2025-11,210742.0,126445.0,0.0,2025-12-05
T984485,2025-12,550782.0,330469.0,0.0,2026-01-20
T984485,2026-01,460918.0,276551.0,0.0,2026-02-13
T984485,2026-02,471023.0,282614.0,0.0,2026-03-10
T984485,2026-03,666788.0,400073.0,0.0,2026-04-13
T984485,2026-04,417290.0,250374.0,0.0,2026-05-23
T984485,2026-05,1218052.0,730831.0,0.0,2026-06-21
T984485,2026-06,442520.0,265512.0,0.0,2026-07-09
T984485,2026-07,526748.0,316049.0,0.0,2026-08-08
T984485,2026-08,429365.0,257619.0,0.0,2026-09-18
T984485,2026-09,352574.0,211544.0,0.0,2026-10-24
T796188,2024-10,190111.0,114066.0,0.0,2024-11-16
T796188,2024-11,327329.0,196398.0,0.0,2024-12-17
T796188,2024-12,1219485.0,731691.0,0.0,2025-01-07
T796188,2025-01,378713.0,227228.0,0.0,2025-02-21
T796188,2025-02,433275.0,259965.0,0.0,2025-03-08
T796188,2025-03,248081.0,148848.0,0.0,2025-04-16
T796188,2025-04,805281.0,483169.0,0.0,2025-05-16
T796188,2025-05,244091.0,146454.0,0.0,2025-06-18
T796188,2025-06,544398.0,326639.0,0.0,2025-07-21
T796188,2025-07,377599.0,226560.0,0.0,2025-08-20
T796188,2025-08,337103.0,202262.0,0.0,2025-09-22
T796188,2025-09,407189.0,244313.0,0.0,2025-10-06
T796188,2025-10,246753.0,148052.0,0.0,2025-11-16
T796188,2025-11,194662.0,116797.0,0.0,2025-12-18
T796188,2025-12,300240.0,180144.0,0.0,2026-01-11
T796188,2026-01,761237.0,456742.0,0.0,2026-02-18
T796188,2026-02,680753.0,408452.0,0.0,2026-03-05
T796188,2026-03,434434.0,260660.0,0.0,2026-04-20
T796188,2026-04,398615.0,239169.0,0.0,2026-05-14
T796188,2026-05,259463.0,155678.0,0.0,2026-06-16
T796188,2026-06,477627.0,286576.0,0.0,2026-07-09
T796188,2026-07,1085579.0,651348.0,0.0,2026-08-07
T796188,2026-08,86130.0,51678.0,0.0,2026-09-16
T796188,2026-09,328606.0,197164.0,0.0,2026-10-17
T593306,2024-10,844545.0,506727.0,0.0,2024-11-14
T593306,2024-11,333567.0,200140.0,0.0,2024-12-20
T593306,2024-12,232413.0,139448.0,0.0,2025-01-16
T593306,2025-01,302296.0,181377.0,0.0,2025-02-19
T593306,2025-02,847106.0,508264.0,0.0,2025-03-13
T593306,2025-03,383185.0,229911.0,0.0,2025-04-16
T593306,2025-04,254976.0,152986.0,0.0,2025-05-21
T593306,2025-05,246455.0,147873.0,0.0,2025-06-24
T593306,2025-06,111295.0,66777.0,0.0,2025-07-18
T593306,2025-07,1060407.0,636244.0,0.0,2025-08-08
T593306,2025-08,392008.0,235205.0,0.0,2025-09-10
T593306,2025-09,236476.0,141886.0,0.0,2025-10-10
T593306,2025-10,447511.0,268507.0,0.0,2025-11-19
T593306,2025-11,953590.0,572154.0,0.0,2025-12-08
T593306,2025-12,305842.0,183505.0,0.0,2026-01-16
T593306,2026-01,187562.0,112537.0,0.0,2026-02-18
T593306,2026-02,186946.0,112168.0,0.0,2026-03-19
T593306,2026-03,315279.0,189168.0,0.0,2026-04-12
T593306,2026-04,391319.0,234791.0,0.0,2026-05-07
T593306,2026-05,677389.0,406433.0,0.0,2026-06-15
T593306,2026-06,713117.0,427870.0,0.0,2026-07-20
T593306,2026-07,870294.0,522177.0,0.0,2026-08-12
T593306,2026-08,227012.0,136207.0,0.0,2026-09-20
T593306,2026-09,221000.0,132600.0,0.0,2026-10-13
T482981,2024-10,481868.0,289121.0,0.0,2024-11-07
T482981,2024-11,294377.0,176626.0,0.0,2024-12-07
T482981,2024-12,614431.0,368659.0,0.0,2025-01-21
T482981,2025-01,385838.0,231503.0,0.0,2025-02-19
T482981,2025-02,586741.0,352045.0,0.0,2025-03-13
T482981,2025-03,303446.0,182068.0,0.0,2025-04-23
T482981,2025-04,564712.0,338827.0,0.0,2025-05-06
T482981,2025-05,276630.0,165978.0,0.0,2025-06-10
T482981,2025-06,677513.0,406508.0,0.0,2025-07-13
T482981,2025-07,421766.0,253059.0,0.0,2025-08-13
T482981,2025-08,616332.0,369799.0,0.0,2025-09-14
T482981,2025-09,422894.0,253737.0,0.0,2025-10-19
T482981,2025-10,349640.0,209784.0,0.0,2025-11-14
T482981,2025-11,456919.0,274152.0,0.0,2025-12-16
T482981,2025-12,435847.0,261508.0,0.0,2026-01-16
T482981,2026-01,118702.0,71221.0,0.0,2026-02-20
T482981,2026-02,956448.0,573869.0,0.0,2026-03-14
T482981,2026-03,131510.0,78906.0,0.0,2026-04-16
T482981,2026-04,217756.0,130654.0,0.0,2026-05-13
T482981,2026-05,652816.0,391689.0,0.0,2026-06-22
T482981,2026-06,462336.0,277402.0,0.0,2026-07-09
T482981,2026-07,498474.0,299084.0,0.0,2026-08-10
T482981,2026-08,135927.0,81556.0,0.0,2026-09-08
T482981,2026-09,763003.0,457802.0,0.0,2026-10-07
T334207,2024-10,461061.0,276637.0,0.0,2024-11-14
T334207,2024-11,492573.0,295544.0,0.0,2024-12-22
T334207,2024-12,438080.0,262848.0,0.0,2025-01-21
T334207,2025-01,541847.0,325108.0,0.0,2025-02-21
T334207,2025-02,498285.0,298971.0,0.0,2025-03-09
T334207,2025-03,495616.0,297370.0,0.0,2025-04-20
T334207,2025-04,577928.0,346757.0,0.0,2025-05-17
T334207,2025-05,472243.0,283346.0,0.0,2025-06-05
T334207,2025-06,636932.0,382159.0,0.0,2025-07-07
T334207,2025-07,393237.0,235942.0,0.0,2025-08-22
T334207,2025-08,537452.0,322471.0,0.0,2025-09-10
T334207,2025-09,311848.0,187109.0,0.0,2025-10-18
T334207,2025-10,382671.0,229603.0,0.0,2025-11-06
T334207,2025-11,233583.0,140150.0,0.0,2025-12-05
T334207,2025-12,793860.0,476316.0,0.0,2026-01-09
T334207,2026-01,361465.0,216879.0,0.0,2026-02-21
T334207,2026-02,182803.0,109682.0,0.0,2026-03-12
T334207,2026-03,254759.0,152855.0,0.0,2026-04-17
T334207,2026-04,621702.0,373021.0,0.0,2026-05-06
T334207,2026-05,365888.0,219533.0,0.0,2026-06-20
T334207,2026-06,687677.0,412606.0,0.0,2026-07-18
T334207,2026-07,446575.0,267945.0,0.0,2026-08-18
T334207,2026-08,338302.0,202981.0,0.0,2026-09-16
T334207,2026-09,1157208.0,694325.0,0.0,2026-10-12
T778098,2024-10,419526.0,251716.0,0.0,2024-11-11
T778098,2024-11,465019.0,279011.0,0.0,2024-12-09
T778098,2024-12,380319.0,228192.0,0.0,2025-01-19
T778098,2025-01,801517.0,480910.0,0.0,2025-02-20
T778098,2025-02,251451.0,150870.0,0.0,2025-03-16
T778098,2025-03,962908.0,577745.0,0.0,2025-04-08
T778098,2025-04,606821.0,364093.0,0.0,2025-05-10
T778098,2025-05,554279.0,332567.0,0.0,2025-06-10
T778098,2025-06,1114264.0,668558.0,0.0,2025-07-21
T778098,2025-07,128878.0,77327.0,0.0,2025-08-12
T778098,2025-08,240852.0,144511.0,0.0,2025-09-05
T778098,2025-09,210207.0,126124.0,0.0,2025-10-23
T778098,2025-10,351547.0,210928.0,0.0,2025-11-05
T778098,2025-11,358571.0,215143.0,0.0,2025-12-08
T778098,2025-12,248827.0,149296.0,0.0,2026-01-15
T778098,2026-01,172384.0,103430.0,0.0,2026-02-05
T778098,2026-02,143134.0,85880.0,0.0,2026-03-17
T778098,2026-03,659575.0,395745.0,0.0,2026-04-13
T778098,2026-04,404835.0,242901.0,0.0,2026-05-22
T778098,2026-05,291272.0,174763.0,0.0,2026-06-22
T778098,2026-06,641648.0,384989.0,0.0,2026-07-14
T778098,2026-07,668012.0,400807.0,0.0,2026-08-24
T778098,2026-08,577469.0,346481.0,0.0,2026-09-08
T778098,2026-09,155407.0,93244.0,0.0,2026-10-07
T399843,2024-10,340281.0,204168.0,0.0,2024-11-16
T399843,2024-11,763818.0,458291.0,0.0,2024-12-05
T399843,2024-12,199791.0,119875.0,0.0,2025-01-07
T399843,2025-01,369774.0,221864.0,0.0,2025-02-20
T399843,2025-02,311881.0,187129.0,0.0,2025-03-19
T399843,2025-03,1421694.0,853016.0,0.0,2025-04-14
T399843,2025-04,698566.0,419140.0,0.0,2025-05-19
T399843,2025-05,405268.0,243161.0,0.0,2025-06-07
T399843,2025-06,411918.0,247151.0,0.0,2025-07-08
T399843,2025-07,229086.0,137452.0,0.0,2025-08-08
T399843,2025-08,715533.0,429320.0,0.0,2025-09-18
T399843,2025-09,717516.0,430510.0,0.0,2025-10-13
T399843,2025-10,277065.0,166239.0,0.0,2025-11-07
T399843,2025-11,224947.0,134968.0,0.0,2025-12-19
T399843,2025-12,250946.0,150567.0,0.0,2026-01-24
T399843,2026-01,688440.0,413064.0,0.0,2026-02-21
T399843,2026-02,509850.0,305910.0,0.0,2026-03-12
T399843,2026-03,189067.0,113440.0,0.0,2026-04-18
T399843,2026-04,297368.0,178421.0,0.0,2026-05-15
T399843,2026-05,1056040.0,633624.0,0.0,2026-06-10
T399843,2026-06,254327.0,152596.0,0.0,2026-07-08
T399843,2026-07,577619.0,346572.0,0.0,2026-08-07
T399843,2026-08,470856.0,282514.0,0.0,2026-09-11
T399843,2026-09,327701.0,196620.0,0.0,2026-10-22
T917261,2024-10,203822.0,122293.0,0.0,2024-11-07
T917261,2024-11,344668.0,206801.0,0.0,2024-12-18
T917261,2024-12,221830.0,133098.0,0.0,2025-01-06
T917261,2025-01,229936.0,137961.0,0.0,2025-02-22
T917261,2025-02,547692.0,328615.0,0.0,2025-03-23
T917261,2025-03,1100580.0,660348.0,0.0,2025-04-21
T917261,2025-04,865324.0,519195.0,0.0,2025-05-16
T917261,2025-05,441475.0,264885.0,0.0,2025-06-13
T917261,2025-06,451491.0,270894.0,0.0,2025-07-19
T917261,2025-07,693829.0,416297.0,0.0,2025-08-05
T917261,2025-08,142273.0,85364.0,0.0,2025-09-18
T917261,2025-09,607853.0,364712.0,0.0,2025-10-14
T917261,2025-10,142202.0,85321.0,0.0,2025-11-21
T917261,2025-11,929508.0,557705.0,0.0,2025-12-09
T917261,2025-12,447854.0,268712.0,0.0,2026-01-09
T917261,2026-01,997966.0,598780.0,0.0,2026-02-18
T917261,2026-02,232576.0,139546.0,0.0,2026-03-05
T917261,2026-03,291568.0,174941.0,0.0,2026-04-17
T917261,2026-04,553090.0,331854.0,0.0,2026-05-24
T917261,2026-05,346510.0,207906.0,0.0,2026-06-16
T917261,2026-06,253629.0,152177.0,0.0,2026-07-12
T917261,2026-07,407246.0,244348.0,0.0,2026-08-06
T917261,2026-08,153386.0,92031.0,0.0,2026-09-23
T917261,2026-09,365985.0,219591.0,0.0,2026-10-20
T803536,2024-10,545322.0,327193.0,0.0,2024-11-06
T803536,2024-11,669691.0,401814.0,0.0,2024-12-15
T803536,2024-12,552416.0,331449.0,0.0,2025-01-15
T803536,2025-01,322524.0,193515.0,0.0,2025-02-21
T803536,2025-02,428044.0,256826.0,0.0,2025-03-14
T803536,2025-03,301457.0,180874.0,0.0,2025-04-12
T803536,2025-04,476715.0,286029.0,0.0,2025-05-08
T803536,2025-05,281444.0,168866.0,0.0,2025-06-22
T803536,2025-06,527649.0,316590.0,0.0,2025-07-13
T803536,2025-07,578586.0,347152.0,0.0,2025-08-10
T803536,2025-08,314034.0,188420.0,0.0,2025-09-12
T803536,2025-09,273846.0,164308.0,0.0,2025-10-07
T803536,2025-10,688366.0,413020.0,0.0,2025-11-14
T803536,2025-11,139064.0,83438.0,0.0,2025-12-18
T803536,2025-12,561583.0,336950.0,0.0,2026-01-15
T803536,2026-01,337227.0,202336.0,0.0,2026-02-06
T803536,2026-02,737299.0,442379.0,0.0,2026-03-07
T803536,2026-03,433752.0,260251.0,0.0,2026-04-22
T803536,2026-04,393148.0,235889.0,0.0,2026-05-23
T803536,2026-05,391361.0,234817.0,0.0,2026-06-12
T803536,2026-06,434187.0,260512.0,0.0,2026-07-21
T803536,2026-07,293978.0,176387.0,0.0,2026-08-17
T803536,2026-08,646944.0,388166.0,0.0,2026-09-18
T803536,2026-09,242107.0,145264.0,0.0,2026-10-05
T718652,2024-10,905703.0,543422.0,0.0,2024-11-23
T718652,2024-11,404210.0,242526.0,0.0,2024-12-11
T718652,2024-12,796202.0,477721.0,0.0,2025-01-07
T718652,2025-01,473339.0,284003.0,0.0,2025-02-09
T718652,2025-02,294975.0,176985.0,0.0,2025-03-21
T718652,2025-03,388632.0,233179.0,0.0,2025-04-19
T718652,2025-04,501047.0,300628.0,0.0,2025-05-15
T718652,2025-05,197743.0,118646.0,0.0,2025-06-05
T718652,2025-06,331307.0,198784.0,0.0,2025-07-17
T718652,2025-07,758535.0,455121.0,0.0,2025-08-13
T718652,2025-08,416720.0,250032.0,0.0,2025-09-23
T718652,2025-09,496742.0,298045.0,0.0,2025-10-17
T718652,2025-10,311282.0,186769.0,0.0,2025-11-12
T718652,2025-11,325959.0,195576.0,0.0,2025-12-24
T718652,2025-12,637244.0,382346.0,0.0,2026-01-06
T718652,2026-01,211353.0,126812.0,0.0,2026-02-22
T718652,2026-02,425828.0,255497.0,0.0,2026-03-10
T718652,2026-03,209003.0,125402.0,0.0,2026-04-24
T718652,2026-04,993003.0,595802.0,0.0,2026-05-20
T718652,2026-05,215392.0,129235.0,0.0,2026-06-20
T718652,2026-06,263780.0,158268.0,0.0,2026-07-14
T718652,2026-07,445582.0,267349.0,0.0,2026-08-20
T718652,2026-08,443192.0,265915.0,0.0,2026-09-10
T718652,2026-09,763652.0,458191.0,0.0,2026-10-06
T908661,2024-10,328312.0,196987.0,0.0,2024-11-23
T908661,2024-11,262933.0,157760.0,0.0,2024-12-21
T908661,2024-12,466138.0,279683.0,0.0,2025-01-23
T908661,2025-01,339695.0,203817.0,0.0,2025-02-20
T908661,2025-02,502247.0,301348.0,0.0,2025-03-23
T908661,2025-03,226039.0,135623.0,0.0,2025-04-16
T908661,2025-04,161328.0,96797.0,0.0,2025-05-24
T908661,2025-05,612124.0,367275.0,0.0,2025-06-22
T908661,2025-06,259482.0,155689.0,0.0,2025-07-13
T908661,2025-07,358038.0,214823.0,0.0,2025-08-18
T908661,2025-08,601139.0,360683.0,0.0,2025-09-08
T908661,2025-09,813002.0,487801.0,0.0,2025-10-15
T908661,2025-10,323698.0,194219.0,0.0,2025-11-05
T908661,2025-11,312165.0,187299.0,0.0,2025-12-19
T908661,2025-12,294767.0,176860.0,0.0,2026-01-11
T908661,2026-01,418850.0,251310.0,0.0,2026-02-16
T908661,2026-02,255188.0,153113.0,0.0,2026-03-24
T908661,2026-03,309247.0,185548.0,0.0,2026-04-08
T908661,2026-04,256831.0,154099.0,0.0,2026-05-11
T908661,2026-05,491307.0,294784.0,0.0,2026-06-12
T908661,2026-06,217310.0,130386.0,0.0,2026-07-11
T908661,2026-07,309281.0,185569.0,0.0,2026-08-12
T908661,2026-08,553223.0,331934.0,0.0,2026-09-10
T908661,2026-09,226595.0,135957.0,0.0,2026-10-22
T385254,2024-10,201829.0,121097.0,0.0,2024-11-08
T385254,2024-11,496481.0,297888.0,0.0,2024-12-07
T385254,2024-12,641529.0,384917.0,0.0,2025-01-18
T385254,2025-01,220471.0,132283.0,0.0,2025-02-15
T385254,2025-02,397212.0,238327.0,0.0,2025-03-13
T385254,2025-03,128789.0,77274.0,0.0,2025-04-11
T385254,2025-04,255417.0,153250.0,0.0,2025-05-22
T385254,2025-05,273580.0,164148.0,0.0,2025-06-12
T385254,2025-06,523646.0,314188.0,0.0,2025-07-10
T385254,2025-07,853507.0,512104.0,0.0,2025-08-17
T385254,2025-08,336299.0,201779.0,0.0,2025-09-06
T385254,2025-09,231105.0,138663.0,0.0,2025-10-07
T385254,2025-10,615726.0,369436.0,0.0,2025-11-19
T385254,2025-11,309262.0,185557.0,0.0,2025-12-07
T385254,2025-12,270300.0,162180.0,0.0,2026-01-14
T385254,2026-01,191215.0,114729.0,0.0,2026-02-24
T385254,2026-02,291167.0,174700.0,0.0,2026-03-15
T385254,2026-03,219930.0,131958.0,0.0,2026-04-08
T385254,2026-04,662927.0,397756.0,0.0,2026-05-21
T385254,2026-05,473080.0,283848.0,0.0,2026-06-06
T385254,2026-06,1720009.0,1032005.0,0.0,2026-07-23
T385254,2026-07,1136453.0,681872.0,0.0,2026-08-15
T385254,2026-08,690740.0,414444.0,0.0,2026-09-13
T385254,2026-09,410909.0,246546.0,0.0,2026-10-17
T849435,2024-10,665612.0,399367.0,0.0,2024-11-24
T849435,2024-11,529870.0,317922.0,0.0,2024-12-06
T849435,2024-12,293577.0,176146.0,0.0,2025-01-17
T849435,2025-01,1246203.0,747722.0,0.0,2025-02-21
T849435,2025-02,399539.0,239724.0,0.0,2025-03-24
T849435,2025-03,1144488.0,686693.0,0.0,2025-04-11
T849435,2025-04,857881.0,514729.0,0.0,2025-05-20
T849435,2025-05,235007.0,141004.0,0.0,2025-06-17
T849435,2025-06,389833.0,233900.0,0.0,2025-07-13
T849435,2025-07,260905.0,156543.0,0.0,2025-08-08
T849435,2025-08,581646.0,348988.0,0.0,2025-09-21
T849435,2025-09,362066.0,217239.0,0.0,2025-10-08
T849435,2025-10,474445.0,284667.0,0.0,2025-11-21
T849435,2025-11,306592.0,183955.0,0.0,2025-12-16
T849435,2025-12,355418.0,213251.0,0.0,2026-01-15
T849435,2026-01,193696.0,116217.0,0.0,2026-02-15
T849435,2026-02,285717.0,171430.0,0.0,2026-03-23
T849435,2026-03,381358.0,228815.0,0.0,2026-04-08
T849435,2026-04,374362.0,224617.0,0.0,2026-05-22
T849435,2026-05,295780.0,177468.0,0.0,2026-06-05
T849435,2026-06,227643.0,136586.0,0.0,2026-07-11
T849435,2026-07,380276.0,228166.0,0.0,2026-08-10
T849435,2026-08,745396.0,447237.0,0.0,2026-09-12
T849435,2026-09,173605.0,104163.0,0.0,2026-10-18
T713288,2024-10,987545.0,592527.0,0.0,2024-11-11
T713288,2024-11,1104908.0,662945.0,0.0,2024-12-18
T713288,2024-12,514368.0,308621.0,0.0,2025-01-14
T713288,2025-01,1055813.0,633488.0,0.0,2025-02-19
T713288,2025-02,406185.0,243711.0,0.0,2025-03-24
T713288,2025-03,473475.0,284085.0,0.0,2025-04-05
T713288,2025-04,389512.0,233707.0,0.0,2025-05-17
T713288,2025-05,459682.0,275809.0,0.0,2025-06-10
T713288,2025-06,123734.0,74241.0,0.0,2025-07-16
T713288,2025-07,541304.0,324782.0,0.0,2025-08-17
T713288,2025-08,401892.0,241135.0,0.0,2025-09-16
T713288,2025-09,304928.0,182957.0,0.0,2025-10-07
T713288,2025-10,292543.0,175526.0,0.0,2025-11-06
T713288,2025-11,907924.0,544755.0,0.0,2025-12-17
T713288,2025-12,486721.0,292033.0,0.0,2026-01-18
T713288,2026-01,304264.0,182558.0,0.0,2026-02-10
T713288,2026-02,229392.0,137635.0,0.0,2026-03-19
T713288,2026-03,425296.0,255178.0,0.0,2026-04-14
T713288,2026-04,573158.0,343895.0,0.0,2026-05-09
T713288,2026-05,405926.0,243555.0,0.0,2026-06-24
T713288,2026-06,503589.0,302153.0,0.0,2026-07-19
T713288,2026-07,516682.0,310009.0,0.0,2026-08-06
T713288,2026-08,330438.0,198263.0,0.0,2026-09-07
T713288,2026-09,172473.0,103484.0,0.0,2026-10-18
T525875,2024-10,673002.0,403801.0,0.0,2024-11-12
T525875,2024-11,288036.0,172822.0,0.0,2024-12-15
T525875,2024-12,423481.0,254088.0,0.0,2025-01-08
T525875,2025-01,504773.0,302864.0,0.0,2025-02-16
T525875,2025-02,458862.0,275317.0,0.0,2025-03-11
T525875,2025-03,425894.0,255536.0,0.0,2025-04-22
T525875,2025-04,478614.0,287168.0,0.0,2025-05-05
T525875,2025-05,435610.0,261366.0,0.0,2025-06-06
T525875,2025-06,502573.0,301544.0,0.0,2025-07-17
T525875,2025-07,171434.0,102860.0,0.0,2025-08-05
T525875,2025-08,700619.0,420371.0,0.0,2025-09-17
T525875,2025-09,452800.0,271680.0,0.0,2025-10-24
T525875,2025-10,632699.0,379619.0,0.0,2025-11-09
T525875,2025-11,361117.0,216670.0,0.0,2025-12-14
T525875,2025-12,633431.0,380058.0,0.0,2026-01-09
T525875,2026-01,396680.0,238008.0,0.0,2026-02-06
T525875,2026-02,619451.0,371671.0,0.0,2026-03-18
T525875,2026-03,602457.0,361474.0,0.0,2026-04-11
T525875,2026-04,872087.0,523252.0,0.0,2026-05-21
T525875,2026-05,394459.0,236675.0,0.0,2026-06-24
T525875,2026-06,211071.0,126643.0,0.0,2026-07-17
T525875,2026-07,319937.0,191962.0,0.0,2026-08-07
T525875,2026-08,902709.0,541625.0,0.0,2026-09-16
T525875,2026-09,866941.0,520165.0,0.0,2026-10-21
T886147,2024-10,282946.0,169768.0,0.0,2024-11-16
T886147,2024-11,232955.0,139773.0,0.0,2024-12-15
T886147,2024-12,355674.0,213404.0,0.0,2025-01-07
T886147,2025-01,335419.0,201251.0,0.0,2025-02-24
T886147,2025-02,910846.0,546508.0,0.0,2025-03-12
T886147,2025-03,370776.0,222465.0,0.0,2025-04-21
T886147,2025-04,362800.0,217680.0,0.0,2025-05-18
T886147,2025-05,477211.0,286327.0,0.0,2025-06-14
T886147,2025-06,654193.0,392516.0,0.0,2025-07-21
T886147,2025-07,764404.0,458643.0,0.0,2025-08-08
T886147,2025-08,379306.0,227584.0,0.0,2025-09-12
T886147,2025-09,525655.0,315393.0,0.0,2025-10-24
T886147,2025-10,572563.0,343538.0,0.0,2025-11-14
T886147,2025-11,489817.0,293890.0,0.0,2025-12-09
T886147,2025-12,593301.0,355981.0,0.0,2026-01-24
T886147,2026-01,376652.0,225991.0,0.0,2026-02-12
T886147,2026-02,216067.0,129640.0,0.0,2026-03-07
T886147,2026-03,368654.0,221193.0,0.0,2026-04-14
T886147,2026-04,823021.0,493813.0,0.0,2026-05-14
T886147,2026-05,469089.0,281453.0,0.0,2026-06-15
T886147,2026-06,179333.0,107600.0,0.0,2026-07-19
T886147,2026-07,246123.0,147674.0,0.0,2026-08-19
T886147,2026-08,587732.0,352639.0,0.0,2026-09-05
T886147,2026-09,594330.0,356598.0,0.0,2026-10-21
T612940,2024-10,428565.0,257139.0,0.0,2024-11-09
T612940,2024-11,589025.0,353415.0,0.0,2024-12-09
T612940,2024-12,227007.0,136204.0,0.0,2025-01-18
T612940,2025-01,471074.0,282645.0,0.0,2025-02-12
T612940,2025-02,753835.0,452301.0,0.0,2025-03-20
T612940,2025-03,297138.0,178283.0,0.0,2025-04-14
T612940,2025-04,424264.0,254559.0,0.0,2025-05-08
T612940,2025-05,715898.0,429539.0,0.0,2025-06-19
T612940,2025-06,523249.0,313949.0,0.0,2025-07-10
T612940,2025-07,327751.0,196650.0,0.0,2025-08-22
T612940,2025-08,531533.0,318920.0,0.0,2025-09-13
T612940,2025-09,606242.0,363745.0,0.0,2025-10-22
T612940,2025-10,464558.0,278735.0,0.0,2025-11-09
T612940,2025-11,786987.0,472192.0,0.0,2025-12-10
T612940,2025-12,120257.0,72154.0,0.0,2026-01-20
T612940,2026-01,1030102.0,618061.0,0.0,2026-02-17
T612940,2026-02,516976.0,310186.0,0.0,2026-03-14
T612940,2026-03,355046.0,213027.0,0.0,2026-04-15
T612940,2026-04,445780.0,267468.0,0.0,2026-05-18
T612940,2026-05,356589.0,213954.0,0.0,2026-06-18
T612940,2026-06,528656.0,317193.0,0.0,2026-07-09
T612940,2026-07,151624.0,90974.0,0.0,2026-08-07
T612940,2026-08,262776.0,157666.0,0.0,2026-09-08
T612940,2026-09,400088.0,240053.0,0.0,2026-10-06
T581888,2024-10,527603.0,316562.0,0.0,2024-11-23
T581888,2024-11,231205.0,138723.0,0.0,2024-12-22
T581888,2024-12,438308.0,262985.0,0.0,2025-01-07
T581888,2025-01,273959.0,164375.0,0.0,2025-02-07
T581888,2025-02,161246.0,96747.0,0.0,2025-03-14
T581888,2025-03,216842.0,130105.0,0.0,2025-04-07
T581888,2025-04,587090.0,352254.0,0.0,2025-05-16
T581888,2025-05,391230.0,234738.0,0.0,2025-06-24
T581888,2025-06,598594.0,359156.0,0.0,2025-07-13
T581888,2025-07,142483.0,85490.0,0.0,2025-08-13
T581888,2025-08,465691.0,279415.0,0.0,2025-09-17
T581888,2025-09,485282.0,291169.0,0.0,2025-10-07
T581888,2025-10,485018.0,291011.0,0.0,2025-11-21
T581888,2025-11,437249.0,262350.0,0.0,2025-12-07
T581888,2025-12,664143.0,398486.0,0.0,2026-01-24
T581888,2026-01,407069.0,244241.0,0.0,2026-02-10
T581888,2026-02,607845.0,364707.0,0.0,2026-03-21
T581888,2026-03,233532.0,140119.0,0.0,2026-04-22
T581888,2026-04,612975.0,367785.0,0.0,2026-05-11
T581888,2026-05,334135.0,200481.0,0.0,2026-06-10
T581888,2026-06,297054.0,178232.0,0.0,2026-07-10
T581888,2026-07,496886.0,298131.0,0.0,2026-08-21
T581888,2026-08,298742.0,179245.0,0.0,2026-09-16
T581888,2026-09,559977.0,335986.0,0.0,2026-10-22
T788709,2024-10,1247399.0,748439.0,0.0,2024-11-18
T788709,2024-11,278381.0,167028.0,0.0,2024-12-22
T788709,2024-12,225392.0,135235.0,0.0,2025-01-20
T788709,2025-01,304619.0,182771.0,0.0,2025-02-14
T788709,2025-02,597229.0,358337.0,0.0,2025-03-18
T788709,2025-03,857644.0,514587.0,0.0,2025-04-11
T788709,2025-04,481688.0,289013.0,0.0,2025-05-17
T788709,2025-05,873861.0,524317.0,0.0,2025-06-10
T788709,2025-06,338611.0,203167.0,0.0,2025-07-23
T788709,2025-07,574484.0,344691.0,0.0,2025-08-24
T788709,2025-08,602248.0,361349.0,0.0,2025-09-07
T788709,2025-09,381512.0,228907.0,0.0,2025-10-20
T788709,2025-10,310394.0,186236.0,0.0,2025-11-06
T788709,2025-11,177282.0,106369.0,0.0,2025-12-08
T788709,2025-12,687288.0,412373.0,0.0,2026-01-23
T788709,2026-01,297492.0,178495.0,0.0,2026-02-09
T788709,2026-02,236549.0,141930.0,0.0,2026-03-13
T788709,2026-03,387240.0,232344.0,0.0,2026-04-13
T788709,2026-04,333238.0,199943.0,0.0,2026-05-24
T788709,2026-05,623261.0,373956.0,0.0,2026-06-19
T788709,2026-06,453455.0,272073.0,0.0,2026-07-24
T788709,2026-07,317486.0,190492.0,0.0,2026-08-24
T788709,2026-08,332274.0,199364.0,0.0,2026-09-10
T788709,2026-09,553854.0,332313.0,0.0,2026-10-11
T244799,2024-10,651656.0,390994.0,0.0,2024-11-23
T244799,2024-11,359988.0,215993.0,0.0,2024-12-23
T244799,2024-12,263346.0,158008.0,0.0,2025-01-09
T244799,2025-01,599374.0,359624.0,0.0,2025-02-18
T244799,2025-02,460121.0,276073.0,0.0,2025-03-06
T244799,2025-03,465305.0,279183.0,0.0,2025-04-07
T244799,2025-04,324766.0,194860.0,0.0,2025-05-10
T244799,2025-05,570275.0,342165.0,0.0,2025-06-05
T244799,2025-06,367032.0,220219.0,0.0,2025-07-21
T244799,2025-07,303275.0,181965.0,0.0,2025-08-22
T244799,2025-08,283471.0,170082.0,0.0,2025-09-09
T244799,2025-09,748398.0,449039.0,0.0,2025-10-11
T244799,2025-10,297894.0,178736.0,0.0,2025-11-10
T244799,2025-11,506018.0,303611.0,0.0,2025-12-10
T244799,2025-12,368522.0,221113.0,0.0,2026-01-17
T244799,2026-01,661549.0,396930.0,0.0,2026-02-20
T244799,2026-02,250429.0,150257.0,0.0,2026-03-14
T244799,2026-03,467892.0,280735.0,0.0,2026-04-15
T244799,2026-04,790254.0,474152.0,0.0,2026-05-07
T244799,2026-05,261277.0,156766.0,0.0,2026-06-05
T244799,2026-06,690451.0,414271.0,0.0,2026-07-17
T244799,2026-07,250001.0,150001.0,0.0,2026-08-16
T244799,2026-08,325446.0,195267.0,0.0,2026-09-16
T244799,2026-09,604543.0,362726.0,0.0,2026-10-19
